timestamp, clocks.current.sm [MHz], clocks_event_reasons.active, temperature.gpu, power.draw [W]
2026/09/20 21:06:22.463, 2483 MHz, 0x0000000000000000, 70, 39.81 W
2026/09/20 21:06:23.479, 2483 MHz, 0x0000000000000000, 70, 40.99 W
2026/09/20 21:06:24.479, 2483 MHz, 0x0000000000000000, 69, 39.94 W
2026/09/20 21:06:25.480, 2483 MHz, 0x0000000000000000, 69, 36.44 W
2026/09/20 21:06:26.480, 2483 MHz, 0x0000000000000000, 70, 40.09 W
2026/09/20 21:06:27.480, 2483 MHz, 0x0000000000000000, 70, 40.83 W
2026/09/20 21:06:28.480, 2483 MHz, 0x0000000000000000, 70, 40.71 W
2026/09/20 21:06:29.480, 2483 MHz, 0x0000000000000000, 70, 40.66 W
2026/09/20 21:06:30.481, 2483 MHz, 0x0000000000000000, 70, 40.58 W
2026/09/20 21:06:31.481, 2483 MHz, 0x0000000000000000, 70, 40.72 W
2026/09/20 21:06:32.481, 2483 MHz, 0x0000000000000000, 69, 39.42 W
2026/09/20 21:06:33.482, 2405 MHz, 0x0000000000000000, 66, 17.12 W
2026/09/20 21:06:34.482, 2470 MHz, 0x0000000000000000, 71, 35.72 W
2026/09/20 21:06:35.483, 2470 MHz, 0x0000000000000000, 72, 58.67 W
2026/09/20 21:06:36.483, 2450 MHz, 0x0000000000000000, 72, 58.57 W
2026/09/20 21:06:37.483, 2450 MHz, 0x0000000000000000, 72, 59.07 W
2026/09/20 21:06:38.484, 2450 MHz, 0x0000000000000000, 72, 55.85 W
2026/09/20 21:06:39.484, 2483 MHz, 0x0000000000000000, 69, 40.11 W
2026/09/20 21:06:40.484, 2450 MHz, 0x0000000000000000, 72, 51.12 W
2026/09/20 21:06:41.484, 2450 MHz, 0x0000000000000000, 73, 59.38 W
2026/09/20 21:06:42.485, 2450 MHz, 0x0000000000000000, 73, 58.17 W
2026/09/20 21:06:43.485, 2450 MHz, 0x0000000000000000, 72, 51.75 W
2026/09/20 21:06:44.485, 2450 MHz, 0x0000000000000000, 73, 59.23 W
2026/09/20 21:06:45.486, 2450 MHz, 0x0000000000000000, 73, 57.46 W
2026/09/20 21:06:46.486, 2431 MHz, 0x0000000000000000, 72, 26.80 W
2026/09/20 21:06:47.486, 2450 MHz, 0x0000000000000000, 72, 58.63 W
2026/09/20 21:06:48.487, 2450 MHz, 0x0000000000000000, 73, 59.76 W
2026/09/20 21:06:49.487, 2450 MHz, 0x0000000000000000, 74, 59.87 W
2026/09/20 21:06:50.487, 2450 MHz, 0x0000000000000000, 73, 60.37 W
2026/09/20 21:06:51.487, 2450 MHz, 0x0000000000000000, 73, 60.68 W
2026/09/20 21:06:52.488, 2450 MHz, 0x0000000000000000, 73, 61.20 W
2026/09/20 21:06:53.488, 2450 MHz, 0x0000000000000000, 75, 61.31 W
2026/09/20 21:06:54.488, 2450 MHz, 0x0000000000000000, 74, 61.88 W
2026/09/20 21:06:55.488, 2450 MHz, 0x0000000000000000, 74, 61.95 W
2026/09/20 21:06:56.489, 2450 MHz, 0x0000000000000000, 75, 62.35 W
2026/09/20 21:06:57.489, 2450 MHz, 0x0000000000000000, 74, 62.23 W
2026/09/20 21:06:58.490, 2457 MHz, 0x0000000000000000, 73, 57.47 W
2026/09/20 21:06:59.490, 2463 MHz, 0x0000000000000000, 74, 48.00 W
2026/09/20 21:07:00.490, 2450 MHz, 0x0000000000000000, 74, 56.91 W
2026/09/20 21:07:01.491, 2450 MHz, 0x0000000000000000, 74, 63.35 W
2026/09/20 21:07:02.491, 2450 MHz, 0x0000000000000000, 74, 63.51 W
2026/09/20 21:07:03.491, 2450 MHz, 0x0000000000000000, 74, 63.61 W
2026/09/20 21:07:04.491, 2450 MHz, 0x0000000000000000, 74, 64.28 W
2026/09/20 21:07:05.492, 2450 MHz, 0x0000000000000000, 74, 64.49 W
2026/09/20 21:07:06.492, 2450 MHz, 0x0000000000000000, 74, 64.89 W
2026/09/20 21:07:07.492, 2450 MHz, 0x0000000000000000, 76, 65.14 W
2026/09/20 21:07:08.492, 2450 MHz, 0x0000000000000000, 74, 65.05 W
2026/09/20 21:07:09.493, 2450 MHz, 0x0000000000000000, 74, 65.31 W
2026/09/20 21:07:10.493, 2450 MHz, 0x0000000000000000, 77, 67.41 W
2026/09/20 21:07:11.494, 2450 MHz, 0x0000000000000000, 76, 65.79 W
2026/09/20 21:07:12.494, 2450 MHz, 0x0000000000000000, 75, 66.04 W
2026/09/20 21:07:13.494, 2450 MHz, 0x0000000000000000, 75, 66.22 W
2026/09/20 21:07:14.494, 2450 MHz, 0x0000000000000000, 75, 66.44 W
2026/09/20 21:07:15.495, 2450 MHz, 0x0000000000000000, 75, 66.74 W
2026/09/20 21:07:16.495, 2450 MHz, 0x0000000000000000, 75, 66.99 W
2026/09/20 21:07:17.495, 2450 MHz, 0x0000000000000000, 76, 68.49 W
2026/09/20 21:07:18.496, 2450 MHz, 0x0000000000000000, 77, 67.41 W
2026/09/20 21:07:19.496, 2450 MHz, 0x0000000000000000, 76, 67.31 W
2026/09/20 21:07:20.496, 2450 MHz, 0x0000000000000000, 76, 67.54 W
2026/09/20 21:07:21.496, 2450 MHz, 0x0000000000000000, 78, 68.16 W
2026/09/20 21:07:22.497, 2450 MHz, 0x0000000000000000, 73, 67.72 W
2026/09/20 21:07:23.497, 2450 MHz, 0x0000000000000000, 78, 69.23 W
2026/09/20 21:07:24.497, 2450 MHz, 0x0000000000000000, 77, 68.43 W
2026/09/20 21:07:25.497, 2450 MHz, 0x0000000000000000, 77, 68.80 W
2026/09/20 21:07:26.498, 2450 MHz, 0x0000000000000000, 78, 69.17 W
2026/09/20 21:07:27.498, 2450 MHz, 0x0000000000000000, 74, 69.05 W
2026/09/20 21:07:28.498, 2450 MHz, 0x0000000000000000, 77, 69.83 W
2026/09/20 21:07:29.499, 2450 MHz, 0x0000000000000000, 79, 70.20 W
2026/09/20 21:07:30.499, 2450 MHz, 0x0000000000000000, 78, 69.53 W
2026/09/20 21:07:31.499, 2450 MHz, 0x0000000000000000, 79, 69.65 W
2026/09/20 21:07:32.500, 2450 MHz, 0x0000000000000000, 78, 69.58 W
2026/09/20 21:07:33.500, 2457 MHz, 0x0000000000000000, 78, 51.65 W
2026/09/20 21:07:34.500, 2450 MHz, 0x0000000000000000, 76, 59.20 W
2026/09/20 21:07:35.500, 2450 MHz, 0x0000000000000000, 76, 70.46 W
2026/09/20 21:07:36.500, 2450 MHz, 0x0000000000000000, 78, 70.61 W
2026/09/20 21:07:37.500, 2450 MHz, 0x0000000000000000, 79, 70.62 W
2026/09/20 21:07:38.501, 2450 MHz, 0x0000000000000000, 79, 70.90 W
2026/09/20 21:07:39.501, 2437 MHz, 0x0000000000000000, 76, 38.40 W
2026/09/20 21:07:40.501, 2450 MHz, 0x0000000000000000, 76, 70.72 W
2026/09/20 21:07:41.502, 2450 MHz, 0x0000000000000000, 78, 72.25 W
2026/09/20 21:07:42.502, 2463 MHz, 0x0000000000000000, 73, 49.08 W
2026/09/20 21:07:43.502, 2463 MHz, 0x0000000000000000, 73, 40.82 W
2026/09/20 21:07:44.502, 2463 MHz, 0x0000000000000000, 72, 40.59 W
2026/09/20 21:07:45.503, 2463 MHz, 0x0000000000000000, 72, 40.65 W
2026/09/20 21:07:46.503, 2463 MHz, 0x0000000000000000, 72, 40.57 W
2026/09/20 21:07:47.503, 2463 MHz, 0x0000000000000000, 72, 40.52 W
2026/09/20 21:07:48.504, 2463 MHz, 0x0000000000000000, 72, 40.43 W
2026/09/20 21:07:49.504, 2405 MHz, 0x0000000000000000, 69, 21.58 W
2026/09/20 21:07:50.504, 2405 MHz, 0x0000000000000000, 68, 17.41 W
2026/09/20 21:07:51.505, 2483 MHz, 0x0000000000000000, 70, 37.89 W
2026/09/20 21:07:52.505, 2483 MHz, 0x0000000000000000, 71, 39.43 W
2026/09/20 21:07:53.505, 2483 MHz, 0x0000000000000000, 70, 39.48 W
2026/09/20 21:07:54.505, 2483 MHz, 0x0000000000000000, 71, 39.58 W
2026/09/20 21:07:55.505, 2483 MHz, 0x0000000000000000, 70, 39.50 W
2026/09/20 21:07:56.506, 2483 MHz, 0x0000000000000000, 70, 39.53 W
2026/09/20 21:07:57.506, 2483 MHz, 0x0000000000000000, 70, 39.34 W
2026/09/20 21:07:58.506, 2483 MHz, 0x0000000000000000, 70, 39.49 W
2026/09/20 21:07:59.507, 2483 MHz, 0x0000000000000000, 70, 39.25 W
2026/09/20 21:08:00.507, 2483 MHz, 0x0000000000000000, 70, 39.42 W
2026/09/20 21:08:01.507, 2483 MHz, 0x0000000000000000, 70, 39.30 W
2026/09/20 21:08:02.508, 2483 MHz, 0x0000000000000000, 70, 39.25 W
2026/09/20 21:08:03.508, 2483 MHz, 0x0000000000000000, 70, 39.29 W
2026/09/20 21:08:04.508, 2483 MHz, 0x0000000000000000, 70, 39.29 W
2026/09/20 21:08:05.509, 2483 MHz, 0x0000000000000000, 70, 39.31 W
2026/09/20 21:08:06.509, 2483 MHz, 0x0000000000000000, 70, 37.79 W
2026/09/20 21:08:07.509, 2483 MHz, 0x0000000000000000, 70, 34.70 W
2026/09/20 21:08:08.510, 2483 MHz, 0x0000000000000000, 70, 39.28 W
2026/09/20 21:08:09.510, 2483 MHz, 0x0000000000000000, 70, 39.23 W
2026/09/20 21:08:10.510, 2483 MHz, 0x0000000000000000, 70, 39.28 W
2026/09/20 21:08:11.510, 2483 MHz, 0x0000000000000000, 70, 39.25 W
2026/09/20 21:08:12.510, 2483 MHz, 0x0000000000000000, 70, 39.08 W
2026/09/20 21:08:13.511, 2483 MHz, 0x0000000000000000, 70, 39.21 W
2026/09/20 21:08:14.511, 2483 MHz, 0x0000000000000000, 70, 39.13 W
2026/09/20 21:08:15.511, 2483 MHz, 0x0000000000000000, 70, 39.16 W
2026/09/20 21:08:16.511, 2483 MHz, 0x0000000000000000, 70, 39.27 W
2026/09/20 21:08:17.511, 2483 MHz, 0x0000000000000000, 70, 39.25 W
2026/09/20 21:08:18.512, 2483 MHz, 0x0000000000000000, 70, 39.23 W
2026/09/20 21:08:19.512, 2483 MHz, 0x0000000000000000, 69, 39.40 W
2026/09/20 21:08:20.512, 2483 MHz, 0x0000000000000000, 69, 39.23 W
2026/09/20 21:08:21.513, 2483 MHz, 0x0000000000000000, 69, 39.36 W
2026/09/20 21:08:22.513, 2483 MHz, 0x0000000000000000, 69, 39.21 W
2026/09/20 21:08:23.513, 2483 MHz, 0x0000000000000000, 69, 39.36 W
2026/09/20 21:08:24.513, 2483 MHz, 0x0000000000000000, 69, 39.13 W
2026/09/20 21:08:25.514, 2483 MHz, 0x0000000000000000, 69, 39.37 W
2026/09/20 21:08:26.514, 2450 MHz, 0x0000000000000000, 67, 34.07 W
2026/09/20 21:08:27.514, 2405 MHz, 0x0000000000000000, 66, 16.91 W
2026/09/20 21:08:28.515, 2405 MHz, 0x0000000000000000, 65, 16.74 W
2026/09/20 21:08:29.516, 2424 MHz, 0x0000000000000000, 70, 24.76 W
2026/09/20 21:08:30.516, 2470 MHz, 0x0000000000000000, 71, 57.88 W
2026/09/20 21:08:31.516, 2463 MHz, 0x0000000000000000, 71, 58.99 W
2026/09/20 21:08:32.517, 2457 MHz, 0x0000000000000000, 71, 59.27 W
2026/09/20 21:08:33.517, 2450 MHz, 0x0000000000000000, 73, 59.68 W
2026/09/20 21:08:34.517, 2450 MHz, 0x0000000000000000, 72, 59.30 W
2026/09/20 21:08:35.518, 2405 MHz, 0x0000000000000000, 66, 26.43 W
2026/09/20 21:08:36.518, 2463 MHz, 0x0000000000000000, 71, 40.82 W
2026/09/20 21:08:37.518, 2470 MHz, 0x0000000000000000, 71, 59.88 W
2026/09/20 21:08:38.518, 2483 MHz, 0x0000000000000000, 68, 40.66 W
2026/09/20 21:08:39.518, 2483 MHz, 0x0000000000000000, 68, 38.99 W
2026/09/20 21:08:40.519, 2483 MHz, 0x0000000000000000, 68, 34.35 W
2026/09/20 21:08:41.519, 2483 MHz, 0x0000000000000000, 68, 37.94 W
2026/09/20 21:08:42.519, 2483 MHz, 0x0000000000000000, 69, 39.22 W
2026/09/20 21:08:43.520, 2483 MHz, 0x0000000000000000, 68, 39.24 W
2026/09/20 21:08:44.520, 2483 MHz, 0x0000000000000000, 69, 39.12 W
2026/09/20 21:08:45.520, 2483 MHz, 0x0000000000000000, 69, 39.04 W
2026/09/20 21:08:46.520, 2483 MHz, 0x0000000000000000, 68, 39.05 W
2026/09/20 21:08:47.521, 2483 MHz, 0x0000000000000000, 68, 39.09 W
2026/09/20 21:08:48.521, 2483 MHz, 0x0000000000000000, 68, 39.17 W
2026/09/20 21:08:49.521, 2483 MHz, 0x0000000000000000, 68, 39.16 W
2026/09/20 21:08:50.521, 2483 MHz, 0x0000000000000000, 68, 39.11 W
2026/09/20 21:08:51.521, 2483 MHz, 0x0000000000000000, 68, 39.00 W
2026/09/20 21:08:52.522, 2483 MHz, 0x0000000000000000, 68, 39.09 W
2026/09/20 21:08:53.522, 2483 MHz, 0x0000000000000000, 68, 39.28 W
2026/09/20 21:08:54.522, 2483 MHz, 0x0000000000000000, 68, 39.29 W
2026/09/20 21:08:55.522, 2483 MHz, 0x0000000000000000, 69, 39.15 W
2026/09/20 21:08:56.523, 2483 MHz, 0x0000000000000000, 69, 39.18 W
2026/09/20 21:08:57.523, 2483 MHz, 0x0000000000000000, 69, 39.16 W
2026/09/20 21:08:58.523, 2483 MHz, 0x0000000000000000, 69, 39.18 W
2026/09/20 21:08:59.523, 2483 MHz, 0x0000000000000000, 69, 39.24 W
2026/09/20 21:09:00.524, 2483 MHz, 0x0000000000000000, 69, 39.27 W
2026/09/20 21:09:01.524, 2483 MHz, 0x0000000000000000, 69, 39.25 W
2026/09/20 21:09:02.524, 2483 MHz, 0x0000000000000000, 69, 39.22 W
2026/09/20 21:09:03.524, 2483 MHz, 0x0000000000000000, 69, 39.25 W
2026/09/20 21:09:04.525, 2483 MHz, 0x0000000000000000, 69, 39.23 W
2026/09/20 21:09:05.525, 2483 MHz, 0x0000000000000000, 69, 39.24 W
2026/09/20 21:09:06.525, 2483 MHz, 0x0000000000000000, 69, 39.31 W
2026/09/20 21:09:07.525, 2483 MHz, 0x0000000000000000, 69, 38.97 W
2026/09/20 21:09:08.526, 2483 MHz, 0x0000000000000000, 69, 38.97 W
2026/09/20 21:09:09.526, 2483 MHz, 0x0000000000000000, 69, 38.88 W
2026/09/20 21:09:10.526, 2483 MHz, 0x0000000000000000, 69, 38.99 W
2026/09/20 21:09:11.526, 2483 MHz, 0x0000000000000000, 69, 39.06 W
2026/09/20 21:09:12.527, 2405 MHz, 0x0000000000000000, 65, 18.21 W
2026/09/20 21:09:13.528, 2405 MHz, 0x0000000000000000, 65, 16.68 W
2026/09/20 21:09:14.528, 2405 MHz, 0x0000000000000000, 64, 16.55 W
2026/09/20 21:09:15.528, 2463 MHz, 0x0000000000000000, 70, 52.84 W
2026/09/20 21:09:16.529, 2463 MHz, 0x0000000000000000, 70, 57.81 W
2026/09/20 21:09:17.529, 2463 MHz, 0x0000000000000000, 71, 59.26 W
2026/09/20 21:09:18.530, 2470 MHz, 0x0000000000000000, 71, 59.53 W
2026/09/20 21:09:19.530, 2463 MHz, 0x0000000000000000, 71, 60.11 W
2026/09/20 21:09:20.530, 2457 MHz, 0x0000000000000000, 71, 60.21 W
2026/09/20 21:09:21.531, 2457 MHz, 0x0000000000000000, 72, 60.70 W
2026/09/20 21:09:22.531, 2450 MHz, 0x0000000000000000, 72, 61.27 W
2026/09/20 21:09:23.531, 2450 MHz, 0x0000000000000000, 72, 61.42 W
2026/09/20 21:09:24.531, 2457 MHz, 0x0000000000000000, 73, 61.62 W
2026/09/20 21:09:25.531, 2457 MHz, 0x0000000000000000, 72, 60.98 W
2026/09/20 21:09:26.532, 2405 MHz, 0x0000000000000000, 66, 21.76 W
2026/09/20 21:09:27.532, 2450 MHz, 0x0000000000000000, 72, 47.85 W
2026/09/20 21:09:28.532, 2463 MHz, 0x0000000000000000, 69, 53.82 W
2026/09/20 21:09:29.533, 2483 MHz, 0x0000000000000000, 69, 39.16 W
2026/09/20 21:09:30.533, 2483 MHz, 0x0000000000000000, 69, 39.16 W
2026/09/20 21:09:31.533, 2483 MHz, 0x0000000000000000, 69, 39.11 W
2026/09/20 21:09:32.534, 2483 MHz, 0x0000000000000000, 69, 39.20 W
2026/09/20 21:09:33.534, 2483 MHz, 0x0000000000000000, 69, 39.14 W
2026/09/20 21:09:34.534, 2483 MHz, 0x0000000000000000, 69, 38.99 W
2026/09/20 21:09:35.534, 2483 MHz, 0x0000000000000000, 69, 38.98 W
2026/09/20 21:09:36.535, 2483 MHz, 0x0000000000000000, 69, 38.97 W
2026/09/20 21:09:37.535, 2483 MHz, 0x0000000000000000, 69, 38.99 W
2026/09/20 21:09:38.536, 2483 MHz, 0x0000000000000000, 69, 39.18 W
2026/09/20 21:09:39.536, 2483 MHz, 0x0000000000000000, 69, 39.06 W
2026/09/20 21:09:40.536, 2483 MHz, 0x0000000000000000, 69, 39.08 W
2026/09/20 21:09:41.537, 2483 MHz, 0x0000000000000000, 69, 38.97 W
2026/09/20 21:09:42.537, 2483 MHz, 0x0000000000000000, 69, 39.00 W
2026/09/20 21:09:43.537, 2483 MHz, 0x0000000000000000, 69, 39.27 W
2026/09/20 21:09:44.537, 2483 MHz, 0x0000000000000000, 69, 39.08 W
2026/09/20 21:09:45.537, 2483 MHz, 0x0000000000000000, 69, 38.96 W
2026/09/20 21:09:46.538, 2483 MHz, 0x0000000000000000, 68, 34.21 W
2026/09/20 21:09:47.538, 2483 MHz, 0x0000000000000000, 69, 37.76 W
2026/09/20 21:09:48.538, 2483 MHz, 0x0000000000000000, 69, 38.93 W
2026/09/20 21:09:49.538, 2483 MHz, 0x0000000000000000, 69, 38.89 W
2026/09/20 21:09:50.539, 2483 MHz, 0x0000000000000000, 69, 38.94 W
2026/09/20 21:09:51.539, 2483 MHz, 0x0000000000000000, 69, 39.12 W
2026/09/20 21:09:52.539, 2483 MHz, 0x0000000000000000, 69, 38.97 W
2026/09/20 21:09:53.539, 2483 MHz, 0x0000000000000000, 69, 38.91 W
2026/09/20 21:09:54.539, 2483 MHz, 0x0000000000000000, 69, 38.77 W
2026/09/20 21:09:55.539, 2483 MHz, 0x0000000000000000, 69, 38.86 W
2026/09/20 21:09:56.540, 2483 MHz, 0x0000000000000000, 69, 38.70 W
2026/09/20 21:09:57.540, 2483 MHz, 0x0000000000000000, 69, 38.76 W
2026/09/20 21:09:58.540, 2483 MHz, 0x0000000000000000, 69, 39.09 W
2026/09/20 21:09:59.540, 2483 MHz, 0x0000000000000000, 69, 38.97 W
2026/09/20 21:10:00.540, 2483 MHz, 0x0000000000000000, 69, 39.01 W
2026/09/20 21:10:01.541, 2483 MHz, 0x0000000000000000, 67, 37.25 W
2026/09/20 21:10:02.542, 2405 MHz, 0x0000000000000000, 66, 16.93 W
2026/09/20 21:10:03.542, 2405 MHz, 0x0000000000000000, 65, 16.69 W
2026/09/20 21:10:04.542, 2405 MHz, 0x0000000000000000, 64, 16.56 W
2026/09/20 21:10:05.543, 2470 MHz, 0x0000000000000000, 68, 56.22 W
2026/09/20 21:10:06.544, 2463 MHz, 0x0000000000000000, 71, 58.64 W
2026/09/20 21:10:07.544, 2463 MHz, 0x0000000000000000, 72, 59.24 W
2026/09/20 21:10:08.544, 2463 MHz, 0x0000000000000000, 71, 59.56 W
2026/09/20 21:10:09.545, 2450 MHz, 0x0000000000000000, 72, 59.88 W
2026/09/20 21:10:10.546, 2450 MHz, 0x0000000000000000, 72, 60.35 W
2026/09/20 21:10:11.546, 2457 MHz, 0x0000000000000000, 73, 60.71 W
2026/09/20 21:10:12.547, 2450 MHz, 0x0000000000000000, 72, 61.26 W
2026/09/20 21:10:13.547, 2450 MHz, 0x0000000000000000, 72, 61.36 W
2026/09/20 21:10:14.547, 2450 MHz, 0x0000000000000000, 73, 61.71 W
2026/09/20 21:10:15.548, 2450 MHz, 0x0000000000000000, 73, 62.01 W
2026/09/20 21:10:16.548, 2450 MHz, 0x0000000000000000, 73, 62.49 W
2026/09/20 21:10:17.549, 2457 MHz, 0x0000000000000000, 74, 62.41 W
2026/09/20 21:10:18.549, 2450 MHz, 0x0000000000000000, 73, 63.01 W
2026/09/20 21:10:19.550, 2457 MHz, 0x0000000000000000, 72, 53.59 W
2026/09/20 21:10:20.550, 2463 MHz, 0x0000000000000000, 71, 49.97 W
2026/09/20 21:10:21.551, 2450 MHz, 0x0000000000000000, 73, 63.47 W
2026/09/20 21:10:22.551, 2450 MHz, 0x0000000000000000, 73, 63.71 W
2026/09/20 21:10:23.552, 2450 MHz, 0x0000000000000000, 74, 64.07 W
2026/09/20 21:10:24.552, 2450 MHz, 0x0000000000000000, 74, 64.47 W
2026/09/20 21:10:25.552, 2450 MHz, 0x0000000000000000, 75, 64.70 W
2026/09/20 21:10:26.553, 2450 MHz, 0x0000000000000000, 76, 64.64 W
2026/09/20 21:10:27.553, 2450 MHz, 0x0000000000000000, 74, 66.02 W
2026/09/20 21:10:28.554, 2431 MHz, 0x0000000000000000, 69, 50.78 W
2026/09/20 21:10:29.555, 2405 MHz, 0x0000000000000000, 68, 17.38 W
2026/09/20 21:10:30.555, 2450 MHz, 0x0000000000000000, 73, 63.81 W
2026/09/20 21:10:31.555, 2450 MHz, 0x0000000000000000, 71, 58.60 W
2026/09/20 21:10:32.556, 2483 MHz, 0x0000000000000000, 70, 39.67 W
2026/09/20 21:10:33.556, 2483 MHz, 0x0000000000000000, 70, 39.83 W
2026/09/20 21:10:34.557, 2483 MHz, 0x0000000000000000, 70, 39.66 W
2026/09/20 21:10:35.557, 2483 MHz, 0x0000000000000000, 70, 39.60 W
2026/09/20 21:10:36.557, 2483 MHz, 0x0000000000000000, 70, 39.56 W
2026/09/20 21:10:37.557, 2483 MHz, 0x0000000000000000, 70, 39.52 W
2026/09/20 21:10:38.558, 2483 MHz, 0x0000000000000000, 70, 39.42 W
2026/09/20 21:10:39.558, 2483 MHz, 0x0000000000000000, 70, 39.33 W
2026/09/20 21:10:40.558, 2483 MHz, 0x0000000000000000, 70, 39.40 W
2026/09/20 21:10:41.558, 2483 MHz, 0x0000000000000000, 70, 39.35 W
2026/09/20 21:10:42.558, 2483 MHz, 0x0000000000000000, 70, 39.42 W
2026/09/20 21:10:43.559, 2483 MHz, 0x0000000000000000, 70, 39.65 W
2026/09/20 21:10:44.559, 2483 MHz, 0x0000000000000000, 70, 39.50 W
2026/09/20 21:10:45.560, 2483 MHz, 0x0000000000000000, 70, 39.55 W
2026/09/20 21:10:46.560, 2483 MHz, 0x0000000000000000, 70, 39.45 W
2026/09/20 21:10:47.561, 2483 MHz, 0x0000000000000000, 70, 39.53 W
2026/09/20 21:10:48.561, 2483 MHz, 0x0000000000000000, 70, 39.24 W
2026/09/20 21:10:49.562, 2483 MHz, 0x0000000000000000, 70, 39.27 W
2026/09/20 21:10:50.562, 2483 MHz, 0x0000000000000000, 69, 39.42 W
2026/09/20 21:10:51.562, 2483 MHz, 0x0000000000000000, 70, 39.37 W
2026/09/20 21:10:52.562, 2483 MHz, 0x0000000000000000, 69, 39.31 W
2026/09/20 21:10:53.563, 2483 MHz, 0x0000000000000000, 69, 34.89 W
2026/09/20 21:10:54.563, 2483 MHz, 0x0000000000000000, 69, 37.78 W
2026/09/20 21:10:55.564, 2483 MHz, 0x0000000000000000, 69, 39.39 W
2026/09/20 21:10:56.564, 2483 MHz, 0x0000000000000000, 69, 39.39 W
2026/09/20 21:10:57.564, 2483 MHz, 0x0000000000000000, 69, 39.39 W
2026/09/20 21:10:58.565, 2483 MHz, 0x0000000000000000, 69, 39.33 W
2026/09/20 21:10:59.565, 2483 MHz, 0x0000000000000000, 69, 39.32 W
2026/09/20 21:11:00.565, 2483 MHz, 0x0000000000000000, 69, 39.40 W
2026/09/20 21:11:01.566, 2483 MHz, 0x0000000000000000, 69, 39.31 W
2026/09/20 21:11:02.566, 2483 MHz, 0x0000000000000000, 69, 39.37 W
2026/09/20 21:11:03.566, 2483 MHz, 0x0000000000000000, 69, 39.34 W
2026/09/20 21:11:04.567, 2483 MHz, 0x0000000000000000, 69, 39.46 W
2026/09/20 21:11:05.568, 2405 MHz, 0x0000000000000000, 66, 30.55 W
2026/09/20 21:11:06.568, 2405 MHz, 0x0000000000000000, 66, 16.92 W
2026/09/20 21:11:07.569, 2405 MHz, 0x0000000000000000, 65, 16.76 W
2026/09/20 21:11:08.569, 2411 MHz, 0x0000000000000000, 69, 24.70 W
2026/09/20 21:11:09.569, 2463 MHz, 0x0000000000000000, 71, 58.00 W
2026/09/20 21:11:10.570, 2463 MHz, 0x0000000000000000, 72, 58.99 W
2026/09/20 21:11:11.571, 2457 MHz, 0x0000000000000000, 71, 59.25 W
2026/09/20 21:11:12.571, 2457 MHz, 0x0000000000000000, 72, 59.74 W
2026/09/20 21:11:13.571, 2450 MHz, 0x0000000000000000, 72, 60.18 W
2026/09/20 21:11:14.572, 2450 MHz, 0x0000000000000000, 72, 60.59 W
2026/09/20 21:11:15.572, 2450 MHz, 0x0000000000000000, 74, 60.83 W
2026/09/20 21:11:16.573, 2450 MHz, 0x0000000000000000, 73, 61.58 W
2026/09/20 21:11:17.573, 2450 MHz, 0x0000000000000000, 73, 61.75 W
2026/09/20 21:11:18.574, 2450 MHz, 0x0000000000000000, 74, 61.84 W
2026/09/20 21:11:19.574, 2450 MHz, 0x0000000000000000, 73, 62.08 W
2026/09/20 21:11:20.575, 2450 MHz, 0x0000000000000000, 73, 62.76 W
2026/09/20 21:11:21.575, 2450 MHz, 0x0000000000000000, 74, 62.86 W
2026/09/20 21:11:22.575, 2450 MHz, 0x0000000000000000, 74, 63.31 W
2026/09/20 21:11:23.576, 2450 MHz, 0x0000000000000000, 74, 63.41 W
2026/09/20 21:11:24.576, 2450 MHz, 0x0000000000000000, 74, 63.58 W
2026/09/20 21:11:25.576, 2450 MHz, 0x0000000000000000, 74, 63.89 W
2026/09/20 21:11:26.577, 2450 MHz, 0x0000000000000000, 74, 61.48 W
2026/09/20 21:11:27.577, 2463 MHz, 0x0000000000000000, 72, 51.32 W
2026/09/20 21:11:28.578, 2450 MHz, 0x0000000000000000, 74, 58.25 W
2026/09/20 21:11:29.578, 2450 MHz, 0x0000000000000000, 75, 65.09 W
2026/09/20 21:11:30.579, 2450 MHz, 0x0000000000000000, 74, 64.78 W
2026/09/20 21:11:31.579, 2450 MHz, 0x0000000000000000, 75, 65.54 W
2026/09/20 21:11:32.579, 2450 MHz, 0x0000000000000000, 73, 64.99 W
2026/09/20 21:11:33.580, 2450 MHz, 0x0000000000000000, 76, 67.59 W
2026/09/20 21:11:34.581, 2450 MHz, 0x0000000000000000, 75, 66.03 W
2026/09/20 21:11:35.581, 2450 MHz, 0x0000000000000000, 75, 66.28 W
2026/09/20 21:11:36.581, 2450 MHz, 0x0000000000000000, 75, 66.41 W
2026/09/20 21:11:37.582, 2450 MHz, 0x0000000000000000, 75, 66.71 W
2026/09/20 21:11:38.582, 2450 MHz, 0x0000000000000000, 76, 66.82 W
2026/09/20 21:11:39.582, 2450 MHz, 0x0000000000000000, 77, 67.13 W
2026/09/20 21:11:40.583, 2450 MHz, 0x0000000000000000, 75, 68.17 W
2026/09/20 21:11:41.584, 2450 MHz, 0x0000000000000000, 75, 67.59 W
2026/09/20 21:11:42.584, 2450 MHz, 0x0000000000000000, 77, 68.05 W
2026/09/20 21:11:43.585, 2450 MHz, 0x0000000000000000, 76, 67.51 W
2026/09/20 21:11:44.585, 2450 MHz, 0x0000000000000000, 75, 68.29 W
2026/09/20 21:11:45.586, 2450 MHz, 0x0000000000000000, 77, 69.51 W
2026/09/20 21:11:46.586, 2450 MHz, 0x0000000000000000, 77, 69.23 W
2026/09/20 21:11:47.587, 2450 MHz, 0x0000000000000000, 77, 68.57 W
2026/09/20 21:11:48.587, 2450 MHz, 0x0000000000000000, 78, 69.26 W
2026/09/20 21:11:49.587, 2450 MHz, 0x0000000000000000, 76, 69.07 W
2026/09/20 21:11:50.588, 2450 MHz, 0x0000000000000000, 76, 70.43 W
2026/09/20 21:11:51.588, 2450 MHz, 0x0000000000000000, 76, 69.29 W
2026/09/20 21:11:52.589, 2450 MHz, 0x0000000000000000, 78, 69.52 W
2026/09/20 21:11:53.589, 2450 MHz, 0x0000000000000000, 78, 70.19 W
2026/09/20 21:11:54.590, 2450 MHz, 0x0000000000000000, 79, 70.69 W
2026/09/20 21:11:55.590, 2450 MHz, 0x0000000000000000, 78, 71.62 W
2026/09/20 21:11:56.591, 2450 MHz, 0x0000000000000000, 79, 70.90 W
2026/09/20 21:11:57.591, 2450 MHz, 0x0000000000000000, 79, 70.49 W
2026/09/20 21:11:58.592, 2450 MHz, 0x0000000000000000, 76, 70.73 W
2026/09/20 21:11:59.592, 2450 MHz, 0x0000000000000000, 79, 72.18 W
2026/09/20 21:12:00.593, 2405 MHz, 0x0000000000000000, 71, 32.04 W
2026/09/20 21:12:01.594, 2405 MHz, 0x0000000000000000, 73, 24.23 W
2026/09/20 21:12:02.594, 2450 MHz, 0x0000000000000000, 76, 71.58 W
2026/09/20 21:12:03.595, 2450 MHz, 0x0000000000000000, 76, 70.54 W
2026/09/20 21:12:04.595, 2463 MHz, 0x0000000000000000, 73, 54.39 W
2026/09/20 21:12:05.596, 2463 MHz, 0x0000000000000000, 73, 40.78 W
2026/09/20 21:12:06.596, 2463 MHz, 0x0000000000000000, 72, 40.47 W
2026/09/20 21:12:07.596, 2463 MHz, 0x0000000000000000, 72, 40.55 W
2026/09/20 21:12:08.597, 2463 MHz, 0x0000000000000000, 72, 40.72 W
2026/09/20 21:12:09.597, 2463 MHz, 0x0000000000000000, 72, 40.68 W
2026/09/20 21:12:10.598, 2463 MHz, 0x0000000000000000, 72, 40.67 W
2026/09/20 21:12:11.598, 2483 MHz, 0x0000000000000000, 72, 40.61 W
2026/09/20 21:12:12.598, 2483 MHz, 0x0000000000000000, 72, 40.66 W
2026/09/20 21:12:13.599, 2483 MHz, 0x0000000000000000, 72, 40.71 W
2026/09/20 21:12:14.599, 2483 MHz, 0x0000000000000000, 71, 40.38 W
2026/09/20 21:12:15.600, 2483 MHz, 0x0000000000000000, 71, 40.22 W
2026/09/20 21:12:16.600, 2483 MHz, 0x0000000000000000, 71, 40.42 W
2026/09/20 21:12:17.601, 2483 MHz, 0x0000000000000000, 71, 40.36 W
2026/09/20 21:12:18.601, 2483 MHz, 0x0000000000000000, 71, 40.41 W
2026/09/20 21:12:19.601, 2483 MHz, 0x0000000000000000, 71, 40.28 W
2026/09/20 21:12:20.602, 2483 MHz, 0x0000000000000000, 71, 40.34 W
2026/09/20 21:12:21.602, 2483 MHz, 0x0000000000000000, 71, 40.37 W
2026/09/20 21:12:22.603, 2483 MHz, 0x0000000000000000, 71, 40.28 W
2026/09/20 21:12:23.603, 2483 MHz, 0x0000000000000000, 71, 40.20 W
2026/09/20 21:12:24.603, 2483 MHz, 0x0000000000000000, 71, 40.01 W
2026/09/20 21:12:25.604, 2483 MHz, 0x0000000000000000, 71, 39.94 W
2026/09/20 21:12:26.604, 2483 MHz, 0x0000000000000000, 71, 40.09 W
2026/09/20 21:12:27.605, 2483 MHz, 0x0000000000000000, 71, 39.94 W
2026/09/20 21:12:28.605, 2483 MHz, 0x0000000000000000, 71, 40.06 W
2026/09/20 21:12:29.606, 2483 MHz, 0x0000000000000000, 71, 39.99 W
2026/09/20 21:12:30.606, 2483 MHz, 0x0000000000000000, 70, 39.94 W
2026/09/20 21:12:31.606, 2483 MHz, 0x0000000000000000, 70, 39.94 W
2026/09/20 21:12:32.607, 2483 MHz, 0x0000000000000000, 70, 39.87 W
2026/09/20 21:12:33.607, 2483 MHz, 0x0000000000000000, 70, 36.84 W
2026/09/20 21:12:34.607, 2483 MHz, 0x0000000000000000, 70, 37.87 W
2026/09/20 21:12:35.607, 2483 MHz, 0x0000000000000000, 71, 39.78 W
2026/09/20 21:12:36.608, 2483 MHz, 0x0000000000000000, 70, 39.74 W
2026/09/20 21:12:37.608, 2483 MHz, 0x0000000000000000, 70, 39.70 W
2026/09/20 21:12:38.609, 2405 MHz, 0x0000000000000000, 67, 25.27 W
2026/09/20 21:12:39.609, 2405 MHz, 0x0000000000000000, 66, 17.09 W
2026/09/20 21:12:40.609, 2483 MHz, 0x0000000000000000, 69, 35.12 W
2026/09/20 21:12:41.610, 2483 MHz, 0x0000000000000000, 69, 40.36 W
2026/09/20 21:12:42.610, 2483 MHz, 0x0000000000000000, 69, 40.47 W
2026/09/20 21:12:43.610, 2483 MHz, 0x0000000000000000, 70, 40.60 W
2026/09/20 21:12:44.611, 2483 MHz, 0x0000000000000000, 70, 40.52 W
2026/09/20 21:12:45.611, 2483 MHz, 0x0000000000000000, 70, 40.67 W
2026/09/20 21:12:46.612, 2483 MHz, 0x0000000000000000, 70, 40.63 W
2026/09/20 21:12:47.612, 2483 MHz, 0x0000000000000000, 70, 40.61 W
2026/09/20 21:12:48.613, 2483 MHz, 0x0000000000000000, 70, 40.47 W
2026/09/20 21:12:49.613, 2483 MHz, 0x0000000000000000, 70, 40.36 W
2026/09/20 21:12:50.614, 2483 MHz, 0x0000000000000000, 70, 40.39 W
2026/09/20 21:12:51.614, 2483 MHz, 0x0000000000000000, 70, 40.45 W
2026/09/20 21:12:52.614, 2483 MHz, 0x0000000000000000, 70, 40.35 W
2026/09/20 21:12:53.615, 2483 MHz, 0x0000000000000000, 70, 40.47 W
2026/09/20 21:12:54.615, 2483 MHz, 0x0000000000000000, 70, 40.24 W
2026/09/20 21:12:55.615, 2483 MHz, 0x0000000000000000, 70, 40.31 W
2026/09/20 21:12:56.616, 2483 MHz, 0x0000000000000000, 70, 40.39 W
2026/09/20 21:12:57.616, 2483 MHz, 0x0000000000000000, 70, 40.33 W
2026/09/20 21:12:58.616, 2483 MHz, 0x0000000000000000, 70, 40.32 W
2026/09/20 21:12:59.617, 2483 MHz, 0x0000000000000000, 70, 40.15 W
2026/09/20 21:13:00.617, 2483 MHz, 0x0000000000000000, 70, 40.47 W
2026/09/20 21:13:01.618, 2483 MHz, 0x0000000000000000, 70, 40.40 W
2026/09/20 21:13:02.618, 2483 MHz, 0x0000000000000000, 70, 40.45 W
2026/09/20 21:13:03.619, 2483 MHz, 0x0000000000000000, 70, 40.53 W
2026/09/20 21:13:04.619, 2483 MHz, 0x0000000000000000, 70, 40.42 W
2026/09/20 21:13:05.620, 2483 MHz, 0x0000000000000000, 70, 40.26 W
2026/09/20 21:13:06.620, 2483 MHz, 0x0000000000000000, 69, 38.90 W
2026/09/20 21:13:07.620, 2483 MHz, 0x0000000000000000, 69, 35.79 W
2026/09/20 21:13:08.620, 2483 MHz, 0x0000000000000000, 70, 40.21 W
2026/09/20 21:13:09.621, 2483 MHz, 0x0000000000000000, 70, 40.47 W
2026/09/20 21:13:10.621, 2483 MHz, 0x0000000000000000, 70, 40.45 W
2026/09/20 21:13:11.622, 2483 MHz, 0x0000000000000000, 70, 40.43 W
2026/09/20 21:13:12.622, 2483 MHz, 0x0000000000000000, 70, 40.48 W
2026/09/20 21:13:13.622, 2483 MHz, 0x0000000000000000, 70, 40.43 W
2026/09/20 21:13:14.623, 2483 MHz, 0x0000000000000000, 70, 40.31 W
2026/09/20 21:13:15.623, 2483 MHz, 0x0000000000000000, 68, 38.74 W
2026/09/20 21:13:16.624, 2405 MHz, 0x0000000000000000, 66, 17.14 W
2026/09/20 21:13:17.624, 2405 MHz, 0x0000000000000000, 69, 20.68 W
2026/09/20 21:13:18.625, 2483 MHz, 0x0000000000000000, 69, 43.58 W
2026/09/20 21:13:19.625, 2483 MHz, 0x0000000000000000, 69, 41.14 W
2026/09/20 21:13:20.625, 2483 MHz, 0x0000000000000000, 69, 41.18 W
2026/09/20 21:13:21.625, 2483 MHz, 0x0000000000000000, 69, 41.28 W
2026/09/20 21:13:22.626, 2483 MHz, 0x0000000000000000, 69, 41.32 W
2026/09/20 21:13:23.626, 2483 MHz, 0x0000000000000000, 69, 41.57 W
2026/09/20 21:13:24.627, 2483 MHz, 0x0000000000000000, 69, 41.53 W
2026/09/20 21:13:25.627, 2483 MHz, 0x0000000000000000, 69, 41.44 W
2026/09/20 21:13:26.628, 2483 MHz, 0x0000000000000000, 70, 41.55 W
2026/09/20 21:13:27.628, 2483 MHz, 0x0000000000000000, 70, 41.68 W
2026/09/20 21:13:28.628, 2483 MHz, 0x0000000000000000, 70, 41.70 W
2026/09/20 21:13:29.629, 2483 MHz, 0x0000000000000000, 70, 41.78 W
2026/09/20 21:13:30.629, 2483 MHz, 0x0000000000000000, 70, 41.86 W
2026/09/20 21:13:31.630, 2483 MHz, 0x0000000000000000, 70, 41.82 W
2026/09/20 21:13:32.630, 2483 MHz, 0x0000000000000000, 70, 41.78 W
2026/09/20 21:13:33.630, 2483 MHz, 0x0000000000000000, 70, 41.71 W
2026/09/20 21:13:34.630, 2483 MHz, 0x0000000000000000, 70, 41.74 W
2026/09/20 21:13:35.631, 2483 MHz, 0x0000000000000000, 70, 41.67 W
2026/09/20 21:13:36.631, 2483 MHz, 0x0000000000000000, 70, 41.86 W
2026/09/20 21:13:37.632, 2483 MHz, 0x0000000000000000, 70, 41.93 W
2026/09/20 21:13:38.632, 2483 MHz, 0x0000000000000000, 70, 41.98 W
2026/09/20 21:13:39.633, 2483 MHz, 0x0000000000000000, 70, 41.79 W
2026/09/20 21:13:40.633, 2483 MHz, 0x0000000000000000, 70, 39.70 W
2026/09/20 21:13:41.633, 2483 MHz, 0x0000000000000000, 70, 38.70 W
2026/09/20 21:13:42.634, 2483 MHz, 0x0000000000000000, 70, 41.65 W
2026/09/20 21:13:43.634, 2483 MHz, 0x0000000000000000, 70, 41.81 W
2026/09/20 21:13:44.635, 2483 MHz, 0x0000000000000000, 70, 41.92 W
2026/09/20 21:13:45.635, 2483 MHz, 0x0000000000000000, 70, 41.96 W
2026/09/20 21:13:46.635, 2483 MHz, 0x0000000000000000, 70, 41.97 W
2026/09/20 21:13:47.636, 2483 MHz, 0x0000000000000000, 70, 41.96 W
2026/09/20 21:13:48.636, 2483 MHz, 0x0000000000000000, 70, 41.94 W
2026/09/20 21:13:49.637, 2483 MHz, 0x0000000000000000, 70, 41.83 W
2026/09/20 21:13:50.637, 2483 MHz, 0x0000000000000000, 70, 41.82 W
2026/09/20 21:13:51.637, 2483 MHz, 0x0000000000000000, 70, 41.72 W
2026/09/20 21:13:52.638, 2483 MHz, 0x0000000000000000, 70, 41.71 W
2026/09/20 21:13:53.638, 2411 MHz, 0x0000000000000000, 67, 31.71 W
2026/09/20 21:13:54.639, 2405 MHz, 0x0000000000000000, 66, 17.02 W
2026/09/20 21:13:55.639, 2463 MHz, 0x0000000000000000, 73, 39.08 W
2026/09/20 21:13:56.640, 2450 MHz, 0x0000000000000000, 72, 60.09 W
2026/09/20 21:13:57.640, 2450 MHz, 0x0000000000000000, 72, 43.58 W
2026/09/20 21:13:58.641, 2450 MHz, 0x0000000000000000, 72, 60.03 W
2026/09/20 21:13:59.641, 2450 MHz, 0x0000000000000000, 73, 60.52 W
2026/09/20 21:14:00.642, 2450 MHz, 0x0000000000000000, 70, 56.57 W
2026/09/20 21:14:01.642, 2483 MHz, 0x0000000000000000, 70, 41.10 W
2026/09/20 21:14:02.642, 2483 MHz, 0x0000000000000000, 70, 40.99 W
2026/09/20 21:14:03.643, 2483 MHz, 0x0000000000000000, 70, 41.06 W
2026/09/20 21:14:04.643, 2483 MHz, 0x0000000000000000, 70, 41.10 W
2026/09/20 21:14:05.643, 2483 MHz, 0x0000000000000000, 70, 41.09 W
2026/09/20 21:14:06.644, 2483 MHz, 0x0000000000000000, 70, 40.95 W
2026/09/20 21:14:07.644, 2483 MHz, 0x0000000000000000, 70, 41.05 W
2026/09/20 21:14:08.644, 2483 MHz, 0x0000000000000000, 70, 40.90 W
2026/09/20 21:14:09.645, 2483 MHz, 0x0000000000000000, 70, 40.93 W
2026/09/20 21:14:10.645, 2483 MHz, 0x0000000000000000, 70, 40.71 W
2026/09/20 21:14:11.646, 2483 MHz, 0x0000000000000000, 70, 41.05 W
2026/09/20 21:14:12.646, 2483 MHz, 0x0000000000000000, 70, 41.00 W
2026/09/20 21:14:13.647, 2483 MHz, 0x0000000000000000, 70, 41.21 W
2026/09/20 21:14:14.647, 2483 MHz, 0x0000000000000000, 70, 37.55 W
2026/09/20 21:14:15.647, 2483 MHz, 0x0000000000000000, 70, 38.41 W
2026/09/20 21:14:16.647, 2483 MHz, 0x0000000000000000, 70, 41.10 W
2026/09/20 21:14:17.648, 2483 MHz, 0x0000000000000000, 70, 41.09 W
2026/09/20 21:14:18.648, 2483 MHz, 0x0000000000000000, 70, 41.10 W
2026/09/20 21:14:19.649, 2483 MHz, 0x0000000000000000, 70, 41.06 W
2026/09/20 21:14:20.649, 2483 MHz, 0x0000000000000000, 70, 41.06 W
2026/09/20 21:14:21.649, 2483 MHz, 0x0000000000000000, 70, 41.08 W
2026/09/20 21:14:22.650, 2483 MHz, 0x0000000000000000, 70, 41.08 W
2026/09/20 21:14:23.650, 2483 MHz, 0x0000000000000000, 70, 41.14 W
2026/09/20 21:14:24.651, 2483 MHz, 0x0000000000000000, 70, 41.04 W
2026/09/20 21:14:25.651, 2483 MHz, 0x0000000000000000, 70, 41.08 W
2026/09/20 21:14:26.652, 2483 MHz, 0x0000000000000000, 70, 41.00 W
2026/09/20 21:14:27.652, 2483 MHz, 0x0000000000000000, 70, 41.12 W
2026/09/20 21:14:28.653, 2483 MHz, 0x0000000000000000, 70, 41.22 W
2026/09/20 21:14:29.653, 2483 MHz, 0x0000000000000000, 70, 41.23 W
2026/09/20 21:14:30.653, 2483 MHz, 0x0000000000000000, 70, 41.21 W
2026/09/20 21:14:31.654, 2483 MHz, 0x0000000000000000, 70, 41.22 W
2026/09/20 21:14:32.654, 2483 MHz, 0x0000000000000000, 70, 41.18 W
2026/09/20 21:14:33.655, 2483 MHz, 0x0000000000000000, 70, 41.27 W
2026/09/20 21:14:34.655, 2405 MHz, 0x0000000000000000, 67, 21.87 W
2026/09/20 21:14:35.656, 2405 MHz, 0x0000000000000000, 66, 16.99 W
2026/09/20 21:14:36.656, 2450 MHz, 0x0000000000000000, 72, 55.10 W
2026/09/20 21:14:37.657, 2450 MHz, 0x0000000000000000, 67, 50.34 W
2026/09/20 21:14:38.657, 2450 MHz, 0x0000000000000000, 72, 52.82 W
2026/09/20 21:14:39.658, 2450 MHz, 0x0000000000000000, 72, 59.27 W
2026/09/20 21:14:40.658, 2450 MHz, 0x0000000000000000, 73, 59.92 W
2026/09/20 21:14:41.658, 2450 MHz, 0x0000000000000000, 73, 60.38 W
2026/09/20 21:14:42.659, 2450 MHz, 0x0000000000000000, 73, 60.01 W
2026/09/20 21:14:43.659, 2450 MHz, 0x0000000000000000, 73, 60.51 W
2026/09/20 21:14:44.660, 2450 MHz, 0x0000000000000000, 71, 57.13 W
2026/09/20 21:14:45.660, 2483 MHz, 0x0000000000000000, 71, 42.40 W
2026/09/20 21:14:46.661, 2483 MHz, 0x0000000000000000, 71, 42.31 W
2026/09/20 21:14:47.661, 2483 MHz, 0x0000000000000000, 71, 42.19 W
2026/09/20 21:14:48.662, 2483 MHz, 0x0000000000000000, 70, 38.28 W
2026/09/20 21:14:49.662, 2483 MHz, 0x0000000000000000, 70, 40.86 W
2026/09/20 21:14:50.662, 2483 MHz, 0x0000000000000000, 70, 42.25 W
2026/09/20 21:14:51.663, 2483 MHz, 0x0000000000000000, 71, 42.36 W
2026/09/20 21:14:52.663, 2483 MHz, 0x0000000000000000, 70, 42.18 W
2026/09/20 21:14:53.663, 2483 MHz, 0x0000000000000000, 71, 42.32 W
2026/09/20 21:14:54.663, 2483 MHz, 0x0000000000000000, 71, 42.36 W
2026/09/20 21:14:55.664, 2483 MHz, 0x0000000000000000, 70, 42.32 W
2026/09/20 21:14:56.664, 2483 MHz, 0x0000000000000000, 71, 42.38 W
2026/09/20 21:14:57.664, 2483 MHz, 0x0000000000000000, 71, 42.21 W
2026/09/20 21:14:58.665, 2483 MHz, 0x0000000000000000, 71, 42.31 W
2026/09/20 21:14:59.666, 2483 MHz, 0x0000000000000000, 71, 42.24 W
2026/09/20 21:15:00.666, 2483 MHz, 0x0000000000000000, 71, 42.32 W
2026/09/20 21:15:01.666, 2483 MHz, 0x0000000000000000, 71, 42.22 W
2026/09/20 21:15:02.667, 2483 MHz, 0x0000000000000000, 71, 42.22 W
2026/09/20 21:15:03.668, 2483 MHz, 0x0000000000000000, 71, 42.21 W
2026/09/20 21:15:04.668, 2483 MHz, 0x0000000000000000, 71, 42.28 W
2026/09/20 21:15:05.668, 2483 MHz, 0x0000000000000000, 71, 42.27 W
2026/09/20 21:15:06.669, 2483 MHz, 0x0000000000000000, 71, 42.38 W
2026/09/20 21:15:07.669, 2483 MHz, 0x0000000000000000, 71, 42.31 W
2026/09/20 21:15:08.670, 2483 MHz, 0x0000000000000000, 71, 42.39 W
2026/09/20 21:15:09.670, 2483 MHz, 0x0000000000000000, 71, 42.33 W
2026/09/20 21:15:10.671, 2483 MHz, 0x0000000000000000, 71, 42.39 W
2026/09/20 21:15:11.671, 2483 MHz, 0x0000000000000000, 71, 42.37 W
2026/09/20 21:15:12.671, 2483 MHz, 0x0000000000000000, 71, 42.42 W
2026/09/20 21:15:13.672, 2483 MHz, 0x0000000000000000, 71, 42.39 W
2026/09/20 21:15:14.672, 2483 MHz, 0x0000000000000000, 71, 42.39 W
2026/09/20 21:15:15.672, 2483 MHz, 0x0000000000000000, 71, 42.35 W
2026/09/20 21:15:16.673, 2483 MHz, 0x0000000000000000, 71, 42.36 W
2026/09/20 21:15:17.673, 2483 MHz, 0x0000000000000000, 71, 42.35 W
2026/09/20 21:15:18.674, 2483 MHz, 0x0000000000000000, 71, 41.83 W
2026/09/20 21:15:19.674, 2405 MHz, 0x0000000000000000, 67, 17.37 W
2026/09/20 21:15:20.675, 2405 MHz, 0x0000000000000000, 71, 20.96 W
2026/09/20 21:15:21.675, 2450 MHz, 0x0000000000000000, 71, 59.43 W
2026/09/20 21:15:22.676, 2411 MHz, 0x0000000000000000, 67, 36.87 W
2026/09/20 21:15:23.676, 2450 MHz, 0x0000000000000000, 72, 61.72 W
2026/09/20 21:15:24.676, 2450 MHz, 0x0000000000000000, 74, 62.11 W
2026/09/20 21:15:25.677, 2450 MHz, 0x0000000000000000, 70, 55.89 W
2026/09/20 21:15:26.677, 2483 MHz, 0x0000000000000000, 70, 41.11 W
2026/09/20 21:15:27.677, 2483 MHz, 0x0000000000000000, 70, 40.90 W
2026/09/20 21:15:28.678, 2483 MHz, 0x0000000000000000, 70, 41.12 W
2026/09/20 21:15:29.678, 2483 MHz, 0x0000000000000000, 70, 41.06 W
2026/09/20 21:15:30.679, 2483 MHz, 0x0000000000000000, 70, 41.05 W
2026/09/20 21:15:31.679, 2483 MHz, 0x0000000000000000, 70, 41.11 W
2026/09/20 21:15:32.680, 2483 MHz, 0x0000000000000000, 70, 41.07 W
2026/09/20 21:15:33.680, 2483 MHz, 0x0000000000000000, 70, 41.27 W
2026/09/20 21:15:34.680, 2483 MHz, 0x0000000000000000, 70, 41.28 W
2026/09/20 21:15:35.681, 2483 MHz, 0x0000000000000000, 70, 41.22 W
2026/09/20 21:15:36.681, 2483 MHz, 0x0000000000000000, 70, 41.28 W
2026/09/20 21:15:37.682, 2483 MHz, 0x0000000000000000, 70, 41.28 W
2026/09/20 21:15:38.682, 2483 MHz, 0x0000000000000000, 70, 41.32 W
2026/09/20 21:15:39.682, 2483 MHz, 0x0000000000000000, 70, 41.15 W
2026/09/20 21:15:40.683, 2483 MHz, 0x0000000000000000, 70, 41.22 W
2026/09/20 21:15:41.683, 2483 MHz, 0x0000000000000000, 70, 41.30 W
2026/09/20 21:15:42.683, 2483 MHz, 0x0000000000000000, 70, 41.21 W
2026/09/20 21:15:43.684, 2483 MHz, 0x0000000000000000, 70, 41.28 W
2026/09/20 21:15:44.684, 2483 MHz, 0x0000000000000000, 70, 41.44 W
2026/09/20 21:15:45.685, 2483 MHz, 0x0000000000000000, 70, 41.20 W
2026/09/20 21:15:46.685, 2483 MHz, 0x0000000000000000, 70, 40.85 W
2026/09/20 21:15:47.686, 2483 MHz, 0x0000000000000000, 70, 41.20 W
2026/09/20 21:15:48.686, 2483 MHz, 0x0000000000000000, 70, 41.22 W
2026/09/20 21:15:49.687, 2483 MHz, 0x0000000000000000, 70, 41.25 W
2026/09/20 21:15:50.687, 2483 MHz, 0x0000000000000000, 70, 41.23 W
2026/09/20 21:15:51.688, 2483 MHz, 0x0000000000000000, 70, 41.12 W
2026/09/20 21:15:52.688, 2483 MHz, 0x0000000000000000, 70, 41.28 W
2026/09/20 21:15:53.688, 2483 MHz, 0x0000000000000000, 70, 41.05 W
2026/09/20 21:15:54.689, 2483 MHz, 0x0000000000000000, 70, 40.82 W
2026/09/20 21:15:55.689, 2483 MHz, 0x0000000000000000, 70, 36.83 W
2026/09/20 21:15:56.689, 2483 MHz, 0x0000000000000000, 70, 39.29 W
2026/09/20 21:15:57.690, 2483 MHz, 0x0000000000000000, 70, 40.77 W
2026/09/20 21:15:58.690, 2483 MHz, 0x0000000000000000, 70, 40.83 W
2026/09/20 21:15:59.691, 2424 MHz, 0x0000000000000000, 67, 30.68 W
2026/09/20 21:16:00.691, 2405 MHz, 0x0000000000000000, 66, 17.05 W
2026/09/20 21:16:01.692, 2457 MHz, 0x0000000000000000, 72, 36.78 W
2026/09/20 21:16:02.692, 2463 MHz, 0x0000000000000000, 73, 59.35 W
2026/09/20 21:16:03.693, 2450 MHz, 0x0000000000000000, 72, 59.37 W
2026/09/20 21:16:04.693, 2450 MHz, 0x0000000000000000, 73, 60.43 W
2026/09/20 21:16:05.693, 2418 MHz, 0x0000000000000000, 67, 41.43 W
2026/09/20 21:16:06.693, 2470 MHz, 0x0000000000000000, 70, 44.12 W
2026/09/20 21:16:07.694, 2470 MHz, 0x0000000000000000, 70, 46.38 W
2026/09/20 21:16:08.694, 2470 MHz, 0x0000000000000000, 71, 47.44 W
2026/09/20 21:16:09.695, 2457 MHz, 0x0000000000000000, 69, 54.84 W
2026/09/20 21:16:10.695, 2483 MHz, 0x0000000000000000, 69, 44.26 W
2026/09/20 21:16:11.696, 2483 MHz, 0x0000000000000000, 69, 37.85 W
2026/09/20 21:16:12.696, 2483 MHz, 0x0000000000000000, 70, 41.74 W
2026/09/20 21:16:13.697, 2476 MHz, 0x0000000000000000, 70, 41.54 W
2026/09/20 21:16:14.697, 2483 MHz, 0x0000000000000000, 70, 41.74 W
2026/09/20 21:16:15.698, 2483 MHz, 0x0000000000000000, 70, 42.14 W
2026/09/20 21:16:16.698, 2483 MHz, 0x0000000000000000, 70, 41.87 W
2026/09/20 21:16:17.698, 2483 MHz, 0x0000000000000000, 70, 42.18 W
2026/09/20 21:16:18.699, 2483 MHz, 0x0000000000000000, 70, 42.04 W
2026/09/20 21:16:19.699, 2483 MHz, 0x0000000000000000, 70, 42.23 W
2026/09/20 21:16:20.700, 2483 MHz, 0x0000000000000000, 70, 42.06 W
2026/09/20 21:16:21.700, 2483 MHz, 0x0000000000000000, 70, 41.95 W
2026/09/20 21:16:22.700, 2483 MHz, 0x0000000000000000, 70, 41.85 W
2026/09/20 21:16:23.701, 2483 MHz, 0x0000000000000000, 70, 42.09 W
2026/09/20 21:16:24.701, 2483 MHz, 0x0000000000000000, 70, 41.98 W
2026/09/20 21:16:25.701, 2483 MHz, 0x0000000000000000, 70, 42.24 W
2026/09/20 21:16:26.702, 2483 MHz, 0x0000000000000000, 70, 42.20 W
2026/09/20 21:16:27.702, 2483 MHz, 0x0000000000000000, 70, 42.49 W
2026/09/20 21:16:28.703, 2483 MHz, 0x0000000000000000, 70, 42.21 W
2026/09/20 21:16:29.703, 2483 MHz, 0x0000000000000000, 70, 41.86 W
2026/09/20 21:16:30.703, 2483 MHz, 0x0000000000000000, 70, 42.05 W
2026/09/20 21:16:31.704, 2483 MHz, 0x0000000000000000, 70, 42.33 W
2026/09/20 21:16:32.704, 2483 MHz, 0x0000000000000000, 70, 42.16 W
2026/09/20 21:16:33.705, 2483 MHz, 0x0000000000000000, 70, 42.15 W
2026/09/20 21:16:34.705, 2483 MHz, 0x0000000000000000, 71, 42.40 W
2026/09/20 21:16:35.705, 2483 MHz, 0x0000000000000000, 70, 42.31 W
2026/09/20 21:16:36.706, 2483 MHz, 0x0000000000000000, 70, 42.26 W
2026/09/20 21:16:37.706, 2483 MHz, 0x0000000000000000, 70, 42.30 W
2026/09/20 21:16:38.707, 2483 MHz, 0x0000000000000000, 70, 42.43 W
2026/09/20 21:16:39.707, 2483 MHz, 0x0000000000000000, 70, 42.38 W
2026/09/20 21:16:40.707, 2483 MHz, 0x0000000000000000, 70, 42.50 W
2026/09/20 21:16:41.708, 2483 MHz, 0x0000000000000000, 70, 42.53 W
2026/09/20 21:16:42.708, 2483 MHz, 0x0000000000000000, 70, 42.55 W
2026/09/20 21:16:43.709, 2483 MHz, 0x0000000000000000, 68, 38.60 W
2026/09/20 21:16:44.710, 2405 MHz, 0x0000000000000000, 67, 17.15 W
2026/09/20 21:16:45.711, 2405 MHz, 0x0000000000000000, 71, 25.58 W
2026/09/20 21:16:46.711, 2450 MHz, 0x0000000000000000, 72, 64.02 W
2026/09/20 21:16:47.712, 2424 MHz, 0x0000000000000000, 73, 51.12 W
2026/09/20 21:16:48.712, 2450 MHz, 0x0000000000000000, 71, 64.68 W
2026/09/20 21:16:49.713, 2450 MHz, 0x0000000000000000, 73, 64.26 W
2026/09/20 21:16:50.713, 2450 MHz, 0x0000000000000000, 73, 63.80 W
2026/09/20 21:16:51.714, 2483 MHz, 0x0000000000000000, 70, 50.85 W
2026/09/20 21:16:52.714, 2483 MHz, 0x0000000000000000, 70, 41.39 W
2026/09/20 21:16:53.714, 2483 MHz, 0x0000000000000000, 70, 41.37 W
2026/09/20 21:16:54.714, 2483 MHz, 0x0000000000000000, 70, 41.30 W
2026/09/20 21:16:55.715, 2483 MHz, 0x0000000000000000, 70, 41.39 W
2026/09/20 21:16:56.715, 2483 MHz, 0x0000000000000000, 70, 41.35 W
2026/09/20 21:16:57.715, 2483 MHz, 0x0000000000000000, 70, 41.41 W
2026/09/20 21:16:58.716, 2483 MHz, 0x0000000000000000, 70, 41.46 W
2026/09/20 21:16:59.716, 2483 MHz, 0x0000000000000000, 70, 41.46 W
2026/09/20 21:17:00.716, 2483 MHz, 0x0000000000000000, 70, 41.34 W
2026/09/20 21:17:01.716, 2483 MHz, 0x0000000000000000, 70, 41.40 W
2026/09/20 21:17:02.717, 2483 MHz, 0x0000000000000000, 70, 41.29 W
2026/09/20 21:17:03.717, 2483 MHz, 0x0000000000000000, 70, 41.29 W
2026/09/20 21:17:04.717, 2483 MHz, 0x0000000000000000, 70, 41.35 W
2026/09/20 21:17:05.717, 2483 MHz, 0x0000000000000000, 70, 41.27 W
2026/09/20 21:17:06.718, 2483 MHz, 0x0000000000000000, 70, 41.28 W
2026/09/20 21:17:07.718, 2483 MHz, 0x0000000000000000, 70, 41.36 W
2026/09/20 21:17:08.718, 2483 MHz, 0x0000000000000000, 70, 41.31 W
2026/09/20 21:17:09.719, 2483 MHz, 0x0000000000000000, 70, 41.23 W
2026/09/20 21:17:10.719, 2483 MHz, 0x0000000000000000, 70, 41.31 W
2026/09/20 21:17:11.720, 2483 MHz, 0x0000000000000000, 70, 41.28 W
2026/09/20 21:17:12.720, 2483 MHz, 0x0000000000000000, 70, 41.10 W
2026/09/20 21:17:13.721, 2483 MHz, 0x0000000000000000, 70, 41.27 W
2026/09/20 21:17:14.721, 2483 MHz, 0x0000000000000000, 70, 41.09 W
2026/09/20 21:17:15.721, 2483 MHz, 0x0000000000000000, 70, 41.08 W
2026/09/20 21:17:16.721, 2483 MHz, 0x0000000000000000, 70, 41.18 W
2026/09/20 21:17:17.722, 2483 MHz, 0x0000000000000000, 69, 38.74 W
2026/09/20 21:17:18.722, 2483 MHz, 0x0000000000000000, 69, 36.35 W
2026/09/20 21:17:19.723, 2483 MHz, 0x0000000000000000, 70, 38.38 W
2026/09/20 21:17:20.723, 2483 MHz, 0x0000000000000000, 70, 41.24 W
2026/09/20 21:17:21.723, 2483 MHz, 0x0000000000000000, 70, 41.41 W
2026/09/20 21:17:22.724, 2483 MHz, 0x0000000000000000, 70, 41.21 W
2026/09/20 21:17:23.724, 2483 MHz, 0x0000000000000000, 70, 41.22 W
2026/09/20 21:17:24.725, 2483 MHz, 0x0000000000000000, 70, 41.28 W
2026/09/20 21:17:25.725, 2405 MHz, 0x0000000000000000, 67, 28.70 W
2026/09/20 21:17:26.726, 2405 MHz, 0x0000000000000000, 66, 17.08 W
2026/09/20 21:17:27.726, 2450 MHz, 0x0000000000000000, 72, 42.15 W
2026/09/20 21:17:28.727, 2450 MHz, 0x0000000000000000, 72, 63.50 W
2026/09/20 21:17:29.727, 2450 MHz, 0x0000000000000000, 73, 51.08 W
2026/09/20 21:17:30.728, 2450 MHz, 0x0000000000000000, 73, 64.07 W
2026/09/20 21:17:31.729, 2450 MHz, 0x0000000000000000, 73, 65.01 W
2026/09/20 21:17:32.729, 2450 MHz, 0x0000000000000000, 74, 63.49 W
2026/09/20 21:17:33.730, 2450 MHz, 0x0000000000000000, 74, 65.01 W
2026/09/20 21:17:34.730, 2450 MHz, 0x0000000000000000, 73, 63.23 W
2026/09/20 21:17:35.731, 2450 MHz, 0x0000000000000000, 72, 64.87 W
2026/09/20 21:17:36.731, 2463 MHz, 0x0000000000000000, 71, 57.36 W
2026/09/20 21:17:37.731, 2483 MHz, 0x0000000000000000, 71, 42.93 W
2026/09/20 21:17:38.732, 2483 MHz, 0x0000000000000000, 71, 43.02 W
2026/09/20 21:17:39.732, 2483 MHz, 0x0000000000000000, 71, 43.05 W
2026/09/20 21:17:40.733, 2483 MHz, 0x0000000000000000, 71, 42.91 W
2026/09/20 21:17:41.733, 2483 MHz, 0x0000000000000000, 71, 42.93 W
2026/09/20 21:17:42.733, 2483 MHz, 0x0000000000000000, 71, 42.99 W
2026/09/20 21:17:43.733, 2483 MHz, 0x0000000000000000, 71, 42.95 W
2026/09/20 21:17:44.734, 2483 MHz, 0x0000000000000000, 71, 42.91 W
2026/09/20 21:17:45.734, 2483 MHz, 0x0000000000000000, 71, 42.99 W
2026/09/20 21:17:46.734, 2483 MHz, 0x0000000000000000, 71, 43.06 W
2026/09/20 21:17:47.735, 2483 MHz, 0x0000000000000000, 71, 43.10 W
2026/09/20 21:17:48.735, 2483 MHz, 0x0000000000000000, 71, 43.04 W
2026/09/20 21:17:49.735, 2483 MHz, 0x0000000000000000, 71, 43.00 W
2026/09/20 21:17:50.736, 2483 MHz, 0x0000000000000000, 71, 42.98 W
2026/09/20 21:17:51.736, 2483 MHz, 0x0000000000000000, 70, 41.98 W
2026/09/20 21:17:52.736, 2483 MHz, 0x0000000000000000, 70, 38.64 W
2026/09/20 21:17:53.736, 2483 MHz, 0x0000000000000000, 70, 38.67 W
2026/09/20 21:17:54.737, 2483 MHz, 0x0000000000000000, 71, 42.92 W
2026/09/20 21:17:55.737, 2483 MHz, 0x0000000000000000, 71, 43.09 W
2026/09/20 21:17:56.738, 2483 MHz, 0x0000000000000000, 71, 42.94 W
2026/09/20 21:17:57.738, 2483 MHz, 0x0000000000000000, 71, 42.98 W
2026/09/20 21:17:58.739, 2483 MHz, 0x0000000000000000, 71, 43.05 W
2026/09/20 21:17:59.739, 2483 MHz, 0x0000000000000000, 71, 42.93 W
2026/09/20 21:18:00.740, 2483 MHz, 0x0000000000000000, 71, 42.89 W
2026/09/20 21:18:01.740, 2483 MHz, 0x0000000000000000, 71, 43.05 W
2026/09/20 21:18:02.740, 2483 MHz, 0x0000000000000000, 71, 42.95 W
2026/09/20 21:18:03.741, 2483 MHz, 0x0000000000000000, 71, 42.88 W
2026/09/20 21:18:04.741, 2483 MHz, 0x0000000000000000, 71, 42.95 W
2026/09/20 21:18:05.742, 2483 MHz, 0x0000000000000000, 71, 43.05 W
2026/09/20 21:18:06.743, 2483 MHz, 0x0000000000000000, 71, 43.07 W
2026/09/20 21:18:07.743, 2483 MHz, 0x0000000000000000, 71, 43.03 W
2026/09/20 21:18:08.743, 2483 MHz, 0x0000000000000000, 71, 43.01 W
2026/09/20 21:18:09.743, 2483 MHz, 0x0000000000000000, 71, 42.87 W
2026/09/20 21:18:10.744, 2405 MHz, 0x0000000000000000, 67, 21.82 W
2026/09/20 21:18:11.745, 2405 MHz, 0x0000000000000000, 67, 17.17 W
2026/09/20 21:18:12.745, 2450 MHz, 0x0000000000000000, 75, 56.16 W
2026/09/20 21:18:13.746, 2450 MHz, 0x0000000000000000, 73, 68.99 W
2026/09/20 21:18:14.746, 2431 MHz, 0x0000000000000000, 69, 61.88 W
2026/09/20 21:18:15.747, 2450 MHz, 0x0000000000000000, 73, 55.19 W
2026/09/20 21:18:16.747, 2450 MHz, 0x0000000000000000, 74, 69.35 W
2026/09/20 21:18:17.748, 2450 MHz, 0x0000000000000000, 74, 69.39 W
2026/09/20 21:18:18.748, 2450 MHz, 0x0000000000000000, 74, 70.90 W
2026/09/20 21:18:19.749, 2450 MHz, 0x0000000000000000, 74, 69.74 W
2026/09/20 21:18:20.749, 2483 MHz, 0x0000000000000000, 71, 54.93 W
2026/09/20 21:18:21.750, 2483 MHz, 0x0000000000000000, 71, 42.01 W
2026/09/20 21:18:22.750, 2483 MHz, 0x0000000000000000, 71, 41.86 W
2026/09/20 21:18:23.751, 2483 MHz, 0x0000000000000000, 71, 41.92 W
2026/09/20 21:18:24.751, 2483 MHz, 0x0000000000000000, 71, 41.93 W
2026/09/20 21:18:25.751, 2483 MHz, 0x0000000000000000, 71, 41.70 W
2026/09/20 21:18:26.751, 2483 MHz, 0x0000000000000000, 70, 36.94 W
2026/09/20 21:18:27.752, 2483 MHz, 0x0000000000000000, 70, 36.49 W
2026/09/20 21:18:28.752, 2483 MHz, 0x0000000000000000, 71, 41.12 W
2026/09/20 21:18:29.753, 2483 MHz, 0x0000000000000000, 71, 41.76 W
2026/09/20 21:18:30.753, 2483 MHz, 0x0000000000000000, 71, 41.57 W
2026/09/20 21:18:31.753, 2483 MHz, 0x0000000000000000, 71, 41.59 W
2026/09/20 21:18:32.754, 2483 MHz, 0x0000000000000000, 71, 41.78 W
2026/09/20 21:18:33.754, 2483 MHz, 0x0000000000000000, 71, 41.46 W
2026/09/20 21:18:34.754, 2483 MHz, 0x0000000000000000, 71, 41.58 W
2026/09/20 21:18:35.755, 2483 MHz, 0x0000000000000000, 71, 41.61 W
2026/09/20 21:18:36.755, 2483 MHz, 0x0000000000000000, 71, 41.73 W
2026/09/20 21:18:37.755, 2483 MHz, 0x0000000000000000, 71, 41.76 W
2026/09/20 21:18:38.755, 2483 MHz, 0x0000000000000000, 71, 41.81 W
2026/09/20 21:18:39.755, 2483 MHz, 0x0000000000000000, 71, 41.79 W
2026/09/20 21:18:40.756, 2483 MHz, 0x0000000000000000, 70, 41.77 W
2026/09/20 21:18:41.756, 2483 MHz, 0x0000000000000000, 71, 41.63 W
2026/09/20 21:18:42.757, 2483 MHz, 0x0000000000000000, 71, 41.85 W
2026/09/20 21:18:43.757, 2483 MHz, 0x0000000000000000, 71, 41.95 W
2026/09/20 21:18:44.758, 2483 MHz, 0x0000000000000000, 71, 41.79 W
2026/09/20 21:18:45.759, 2483 MHz, 0x0000000000000000, 71, 41.80 W
2026/09/20 21:18:46.759, 2483 MHz, 0x0000000000000000, 71, 41.77 W
2026/09/20 21:18:47.759, 2483 MHz, 0x0000000000000000, 71, 41.70 W
2026/09/20 21:18:48.760, 2483 MHz, 0x0000000000000000, 71, 41.70 W
2026/09/20 21:18:49.761, 2483 MHz, 0x0000000000000000, 70, 41.66 W
2026/09/20 21:18:50.761, 2483 MHz, 0x0000000000000000, 70, 41.60 W
2026/09/20 21:18:51.761, 2483 MHz, 0x0000000000000000, 70, 41.65 W
2026/09/20 21:18:52.762, 2483 MHz, 0x0000000000000000, 70, 41.57 W
2026/09/20 21:18:53.762, 2418 MHz, 0x0000000000000000, 68, 36.23 W
2026/09/20 21:18:54.763, 2405 MHz, 0x0000000000000000, 67, 17.19 W
2026/09/20 21:18:55.764, 2424 MHz, 0x0000000000000000, 67, 22.26 W
2026/09/20 21:18:56.764, 2450 MHz, 0x0000000000000000, 73, 70.28 W
2026/09/20 21:18:57.764, 2450 MHz, 0x0000000000000000, 74, 69.24 W
2026/09/20 21:18:58.764, 2411 MHz, 0x0000000000000000, 67, 43.98 W
2026/09/20 21:18:59.765, 2450 MHz, 0x0000000000000000, 73, 70.52 W
2026/09/20 21:19:00.765, 2470 MHz, 0x0000000000000000, 71, 57.19 W
2026/09/20 21:19:01.766, 2463 MHz, 0x0000000000000000, 73, 49.66 W
2026/09/20 21:19:02.766, 2457 MHz, 0x0000000000000000, 73, 51.28 W
2026/09/20 21:19:03.767, 2450 MHz, 0x0000000000000000, 73, 69.46 W
2026/09/20 21:19:04.767, 2450 MHz, 0x0000000000000000, 74, 70.79 W
2026/09/20 21:19:05.767, 2450 MHz, 0x0000000000000000, 74, 69.62 W
2026/09/20 21:19:06.768, 2450 MHz, 0x0000000000000000, 77, 69.41 W
2026/09/20 21:19:07.768, 2450 MHz, 0x0000000000000000, 74, 70.18 W
2026/09/20 21:19:08.769, 2450 MHz, 0x0000000000000000, 77, 71.22 W
2026/09/20 21:19:09.769, 2450 MHz, 0x0000000000000000, 77, 69.75 W
2026/09/20 21:19:10.770, 2463 MHz, 0x0000000000000000, 72, 57.27 W
2026/09/20 21:19:11.770, 2463 MHz, 0x0000000000000000, 72, 43.81 W
2026/09/20 21:19:12.771, 2463 MHz, 0x0000000000000000, 72, 43.59 W
2026/09/20 21:19:13.771, 2463 MHz, 0x0000000000000000, 72, 43.61 W
2026/09/20 21:19:14.772, 2483 MHz, 0x0000000000000000, 72, 43.68 W
2026/09/20 21:19:15.772, 2483 MHz, 0x0000000000000000, 72, 43.75 W
2026/09/20 21:19:16.772, 2483 MHz, 0x0000000000000000, 72, 43.70 W
2026/09/20 21:19:17.773, 2483 MHz, 0x0000000000000000, 72, 43.83 W
2026/09/20 21:19:18.773, 2483 MHz, 0x0000000000000000, 72, 43.70 W
2026/09/20 21:19:19.773, 2483 MHz, 0x0000000000000000, 71, 43.77 W
2026/09/20 21:19:20.774, 2483 MHz, 0x0000000000000000, 71, 43.60 W
2026/09/20 21:19:21.774, 2483 MHz, 0x0000000000000000, 71, 43.59 W
2026/09/20 21:19:22.775, 2483 MHz, 0x0000000000000000, 71, 43.73 W
2026/09/20 21:19:23.775, 2483 MHz, 0x0000000000000000, 71, 43.76 W
2026/09/20 21:19:24.776, 2483 MHz, 0x0000000000000000, 71, 43.78 W
2026/09/20 21:19:25.776, 2483 MHz, 0x0000000000000000, 71, 43.80 W
2026/09/20 21:19:26.777, 2483 MHz, 0x0000000000000000, 71, 43.85 W
2026/09/20 21:19:27.777, 2483 MHz, 0x0000000000000000, 71, 43.93 W
2026/09/20 21:19:28.777, 2483 MHz, 0x0000000000000000, 71, 43.78 W
2026/09/20 21:19:29.778, 2483 MHz, 0x0000000000000000, 71, 43.93 W
2026/09/20 21:19:30.778, 2483 MHz, 0x0000000000000000, 71, 43.73 W
2026/09/20 21:19:31.779, 2483 MHz, 0x0000000000000000, 71, 43.71 W
2026/09/20 21:19:32.779, 2483 MHz, 0x0000000000000000, 71, 43.73 W
2026/09/20 21:19:33.780, 2483 MHz, 0x0000000000000000, 71, 43.77 W
2026/09/20 21:19:34.781, 2483 MHz, 0x0000000000000000, 71, 43.74 W
2026/09/20 21:19:35.781, 2483 MHz, 0x0000000000000000, 71, 39.78 W
2026/09/20 21:19:36.781, 2483 MHz, 0x0000000000000000, 71, 38.42 W
2026/09/20 21:19:37.782, 2483 MHz, 0x0000000000000000, 71, 41.83 W
2026/09/20 21:19:38.782, 2483 MHz, 0x0000000000000000, 71, 43.57 W
2026/09/20 21:19:39.783, 2483 MHz, 0x0000000000000000, 71, 43.63 W
2026/09/20 21:19:40.783, 2483 MHz, 0x0000000000000000, 71, 43.63 W
2026/09/20 21:19:41.784, 2483 MHz, 0x0000000000000000, 71, 43.69 W
2026/09/20 21:19:42.784, 2483 MHz, 0x0000000000000000, 71, 43.54 W
2026/09/20 21:19:43.784, 2483 MHz, 0x0000000000000000, 71, 43.65 W
2026/09/20 21:19:44.785, 2405 MHz, 0x0000000000000000, 68, 34.03 W
2026/09/20 21:19:45.785, 2405 MHz, 0x0000000000000000, 67, 17.27 W
2026/09/20 21:19:46.786, 2405 MHz, 0x0000000000000000, 67, 17.13 W
2026/09/20 21:19:47.787, 2405 MHz, 0x0000000000000000, 66, 16.98 W
2026/09/20 21:19:48.788, 2405 MHz, 0x0000000000000000, 65, 16.88 W
2026/09/20 21:19:49.789, 2405 MHz, 0x0000000000000000, 65, 16.71 W
2026/09/20 21:19:50.790, 2405 MHz, 0x0000000000000000, 64, 16.66 W
2026/09/20 21:19:51.790, 2405 MHz, 0x0000000000000000, 64, 16.56 W
2026/09/20 21:19:52.791, 2405 MHz, 0x0000000000000000, 63, 16.45 W
2026/09/20 21:19:53.792, 2405 MHz, 0x0000000000000000, 63, 16.40 W
2026/09/20 21:19:54.792, 2405 MHz, 0x0000000000000000, 63, 16.33 W
2026/09/20 21:19:55.793, 2405 MHz, 0x0000000000000000, 62, 16.26 W
2026/09/20 21:19:56.794, 2405 MHz, 0x0000000000000000, 62, 16.20 W
2026/09/20 21:19:57.795, 2405 MHz, 0x0000000000000000, 62, 16.15 W
2026/09/20 21:19:58.796, 2405 MHz, 0x0000000000000000, 62, 16.03 W
2026/09/20 21:19:59.797, 2405 MHz, 0x0000000000000000, 61, 15.86 W
2026/09/20 21:20:00.797, 2405 MHz, 0x0000000000000000, 61, 15.73 W
2026/09/20 21:20:01.798, 2405 MHz, 0x0000000000000000, 61, 15.64 W
2026/09/20 21:20:02.799, 2405 MHz, 0x0000000000000000, 61, 15.58 W
2026/09/20 21:20:03.800, 2405 MHz, 0x0000000000000000, 60, 15.53 W
2026/09/20 21:20:04.801, 2405 MHz, 0x0000000000000000, 60, 15.51 W
2026/09/20 21:20:05.802, 2405 MHz, 0x0000000000000000, 60, 15.48 W
2026/09/20 21:20:06.802, 2405 MHz, 0x0000000000000000, 60, 15.47 W
2026/09/20 21:20:07.803, 2405 MHz, 0x0000000000000000, 60, 15.39 W
2026/09/20 21:20:08.804, 2405 MHz, 0x0000000000000000, 59, 15.36 W
2026/09/20 21:20:09.805, 2405 MHz, 0x0000000000000000, 59, 15.32 W
2026/09/20 21:20:10.806, 2405 MHz, 0x0000000000000000, 59, 15.29 W
2026/09/20 21:20:11.807, 2405 MHz, 0x0000000000000000, 59, 15.25 W
2026/09/20 21:20:12.807, 2405 MHz, 0x0000000000000000, 59, 15.23 W
2026/09/20 21:20:13.808, 2405 MHz, 0x0000000000000000, 59, 15.24 W
2026/09/20 21:20:14.809, 2405 MHz, 0x0000000000000000, 59, 15.25 W
2026/09/20 21:20:15.809, 2405 MHz, 0x0000000000000000, 59, 15.20 W
2026/09/20 21:20:16.810, 2405 MHz, 0x0000000000000000, 59, 15.22 W
2026/09/20 21:20:17.811, 2405 MHz, 0x0000000000000000, 59, 15.22 W
2026/09/20 21:20:18.811, 2405 MHz, 0x0000000000000000, 58, 15.21 W
2026/09/20 21:20:19.812, 2405 MHz, 0x0000000000000000, 58, 15.17 W
2026/09/20 21:20:20.812, 2405 MHz, 0x0000000000000000, 58, 15.16 W
2026/09/20 21:20:21.813, 2405 MHz, 0x0000000000000000, 58, 15.18 W
2026/09/20 21:20:22.814, 2405 MHz, 0x0000000000000000, 58, 15.12 W
2026/09/20 21:20:23.815, 2405 MHz, 0x0000000000000000, 58, 15.08 W
2026/09/20 21:20:24.816, 2405 MHz, 0x0000000000000000, 58, 15.07 W
2026/09/20 21:20:25.816, 2405 MHz, 0x0000000000000000, 58, 15.04 W
2026/09/20 21:20:26.817, 2405 MHz, 0x0000000000000000, 58, 15.05 W
2026/09/20 21:20:27.818, 2405 MHz, 0x0000000000000000, 58, 15.02 W
2026/09/20 21:20:28.819, 2405 MHz, 0x0000000000000000, 58, 15.01 W
2026/09/20 21:20:29.819, 2405 MHz, 0x0000000000000000, 58, 15.02 W
2026/09/20 21:20:30.820, 2405 MHz, 0x0000000000000000, 58, 15.02 W
2026/09/20 21:20:31.820, 2405 MHz, 0x0000000000000000, 58, 15.04 W
2026/09/20 21:20:32.821, 2405 MHz, 0x0000000000000000, 58, 15.04 W
2026/09/20 21:20:33.822, 2405 MHz, 0x0000000000000000, 58, 14.98 W
2026/09/20 21:20:34.823, 2405 MHz, 0x0000000000000000, 58, 14.97 W
2026/09/20 21:20:35.824, 2405 MHz, 0x0000000000000000, 58, 14.98 W
2026/09/20 21:20:36.825, 2405 MHz, 0x0000000000000000, 58, 14.96 W
2026/09/20 21:20:37.826, 2405 MHz, 0x0000000000000000, 57, 14.88 W
2026/09/20 21:20:38.826, 2405 MHz, 0x0000000000000000, 57, 14.91 W
2026/09/20 21:20:39.827, 2405 MHz, 0x0000000000000000, 57, 14.96 W
2026/09/20 21:20:40.827, 2405 MHz, 0x0000000000000000, 57, 14.93 W
2026/09/20 21:20:41.828, 2405 MHz, 0x0000000000000000, 57, 14.94 W
2026/09/20 21:20:42.828, 2405 MHz, 0x0000000000000000, 57, 15.00 W
2026/09/20 21:20:43.829, 2405 MHz, 0x0000000000000000, 57, 14.94 W
2026/09/20 21:20:44.829, 2405 MHz, 0x0000000000000000, 57, 14.96 W
2026/09/20 21:20:45.829, 2405 MHz, 0x0000000000000000, 57, 14.86 W
2026/09/20 21:20:46.831, 2405 MHz, 0x0000000000000000, 57, 14.85 W
2026/09/20 21:20:47.831, 2405 MHz, 0x0000000000000000, 57, 14.85 W
2026/09/20 21:20:48.832, 2405 MHz, 0x0000000000000000, 57, 14.92 W
2026/09/20 21:20:49.832, 2405 MHz, 0x0000000000000000, 57, 14.90 W
2026/09/20 21:20:50.832, 2405 MHz, 0x0000000000000000, 57, 14.87 W
2026/09/20 21:20:51.833, 2405 MHz, 0x0000000000000000, 57, 14.90 W
2026/09/20 21:20:52.834, 2405 MHz, 0x0000000000000000, 57, 14.89 W
2026/09/20 21:20:53.835, 2405 MHz, 0x0000000000000000, 57, 14.85 W
2026/09/20 21:20:54.835, 2405 MHz, 0x0000000000000000, 57, 14.84 W
2026/09/20 21:20:55.836, 2405 MHz, 0x0000000000000000, 57, 14.78 W
2026/09/20 21:20:56.837, 2405 MHz, 0x0000000000000000, 57, 14.81 W
2026/09/20 21:20:57.837, 2405 MHz, 0x0000000000000000, 57, 14.82 W
2026/09/20 21:20:58.838, 2405 MHz, 0x0000000000000000, 57, 14.76 W
2026/09/20 21:20:59.839, 2405 MHz, 0x0000000000000000, 57, 14.77 W
2026/09/20 21:21:00.839, 2405 MHz, 0x0000000000000000, 57, 14.76 W
2026/09/20 21:21:01.839, 2405 MHz, 0x0000000000000000, 57, 14.79 W
2026/09/20 21:21:02.840, 2405 MHz, 0x0000000000000000, 56, 14.72 W
2026/09/20 21:21:03.841, 2405 MHz, 0x0000000000000000, 56, 14.72 W
2026/09/20 21:21:04.842, 2405 MHz, 0x0000000000000000, 56, 14.76 W
2026/09/20 21:21:05.842, 2405 MHz, 0x0000000000000000, 56, 14.80 W
2026/09/20 21:21:06.843, 2405 MHz, 0x0000000000000000, 56, 14.76 W
2026/09/20 21:21:07.844, 2405 MHz, 0x0000000000000000, 56, 14.78 W
2026/09/20 21:21:08.844, 2405 MHz, 0x0000000000000000, 56, 14.80 W
2026/09/20 21:21:09.845, 2405 MHz, 0x0000000000000000, 56, 14.78 W
2026/09/20 21:21:10.845, 2405 MHz, 0x0000000000000000, 56, 14.73 W
2026/09/20 21:21:11.846, 2405 MHz, 0x0000000000000000, 56, 14.71 W
2026/09/20 21:21:12.847, 2405 MHz, 0x0000000000000000, 56, 14.71 W
2026/09/20 21:21:13.848, 2405 MHz, 0x0000000000000000, 56, 14.73 W
2026/09/20 21:21:14.849, 2405 MHz, 0x0000000000000000, 56, 14.78 W
2026/09/20 21:21:15.849, 2405 MHz, 0x0000000000000000, 56, 14.73 W
2026/09/20 21:21:16.850, 2405 MHz, 0x0000000000000000, 56, 14.73 W
2026/09/20 21:21:17.850, 2405 MHz, 0x0000000000000000, 56, 14.70 W
2026/09/20 21:21:18.851, 2405 MHz, 0x0000000000000000, 56, 14.68 W
2026/09/20 21:21:19.852, 2405 MHz, 0x0000000000000000, 56, 14.60 W
2026/09/20 21:21:20.853, 2405 MHz, 0x0000000000000000, 56, 14.65 W
2026/09/20 21:21:21.854, 2405 MHz, 0x0000000000000000, 56, 14.62 W
2026/09/20 21:21:22.854, 2405 MHz, 0x0000000000000000, 56, 14.60 W
2026/09/20 21:21:23.855, 2405 MHz, 0x0000000000000000, 56, 14.61 W
2026/09/20 21:21:24.856, 2405 MHz, 0x0000000000000000, 56, 14.66 W
2026/09/20 21:21:25.857, 2405 MHz, 0x0000000000000000, 56, 14.69 W
2026/09/20 21:21:26.858, 2405 MHz, 0x0000000000000000, 56, 14.70 W
2026/09/20 21:21:27.858, 2405 MHz, 0x0000000000000000, 56, 14.66 W
2026/09/20 21:21:28.859, 2405 MHz, 0x0000000000000000, 56, 14.64 W
2026/09/20 21:21:29.860, 2405 MHz, 0x0000000000000000, 56, 14.58 W
2026/09/20 21:21:30.861, 2405 MHz, 0x0000000000000000, 56, 14.61 W
2026/09/20 21:21:31.862, 2405 MHz, 0x0000000000000000, 56, 14.60 W
2026/09/20 21:21:32.863, 2405 MHz, 0x0000000000000000, 56, 14.60 W
2026/09/20 21:21:33.863, 2405 MHz, 0x0000000000000000, 56, 14.60 W
2026/09/20 21:21:34.864, 2405 MHz, 0x0000000000000000, 56, 14.56 W
2026/09/20 21:21:35.865, 2405 MHz, 0x0000000000000000, 56, 14.56 W
2026/09/20 21:21:36.866, 2405 MHz, 0x0000000000000000, 56, 14.58 W
2026/09/20 21:21:37.866, 2405 MHz, 0x0000000000000000, 56, 14.65 W
2026/09/20 21:21:38.867, 2405 MHz, 0x0000000000000000, 55, 14.65 W
2026/09/20 21:21:39.868, 2405 MHz, 0x0000000000000000, 55, 14.60 W
2026/09/20 21:21:40.868, 2405 MHz, 0x0000000000000000, 55, 14.59 W
2026/09/20 21:21:41.869, 2405 MHz, 0x0000000000000000, 55, 14.59 W
2026/09/20 21:21:42.870, 2405 MHz, 0x0000000000000000, 55, 14.62 W
2026/09/20 21:21:43.871, 2405 MHz, 0x0000000000000000, 55, 14.59 W
2026/09/20 21:21:44.871, 2405 MHz, 0x0000000000000000, 55, 14.59 W
2026/09/20 21:21:45.872, 2405 MHz, 0x0000000000000000, 55, 14.61 W
2026/09/20 21:21:46.873, 2405 MHz, 0x0000000000000000, 55, 14.56 W
2026/09/20 21:21:47.874, 2405 MHz, 0x0000000000000000, 55, 14.55 W
2026/09/20 21:21:48.875, 2405 MHz, 0x0000000000000000, 55, 14.54 W
2026/09/20 21:21:49.876, 2405 MHz, 0x0000000000000000, 55, 14.54 W
2026/09/20 21:21:50.876, 2405 MHz, 0x0000000000000000, 55, 14.52 W
2026/09/20 21:21:51.877, 2405 MHz, 0x0000000000000000, 55, 14.53 W
2026/09/20 21:21:52.878, 2405 MHz, 0x0000000000000000, 55, 14.56 W
2026/09/20 21:21:53.878, 2405 MHz, 0x0000000000000000, 55, 14.59 W
2026/09/20 21:21:54.879, 2405 MHz, 0x0000000000000000, 55, 14.58 W
2026/09/20 21:21:55.880, 2405 MHz, 0x0000000000000000, 55, 14.55 W
2026/09/20 21:21:56.880, 2405 MHz, 0x0000000000000000, 55, 14.56 W
2026/09/20 21:21:57.881, 2405 MHz, 0x0000000000000000, 55, 14.60 W
2026/09/20 21:21:58.882, 2405 MHz, 0x0000000000000000, 55, 14.58 W
2026/09/20 21:21:59.883, 2405 MHz, 0x0000000000000000, 55, 14.59 W
2026/09/20 21:22:00.883, 2405 MHz, 0x0000000000000000, 55, 14.59 W
2026/09/20 21:22:01.884, 2405 MHz, 0x0000000000000000, 55, 14.58 W
2026/09/20 21:22:02.884, 2405 MHz, 0x0000000000000000, 55, 14.58 W
2026/09/20 21:22:03.884, 2405 MHz, 0x0000000000000000, 55, 14.51 W
2026/09/20 21:22:04.885, 2405 MHz, 0x0000000000000000, 55, 14.48 W
2026/09/20 21:22:05.886, 2405 MHz, 0x0000000000000000, 55, 14.48 W
2026/09/20 21:22:06.887, 2405 MHz, 0x0000000000000000, 55, 14.51 W
2026/09/20 21:22:07.888, 2405 MHz, 0x0000000000000000, 55, 14.52 W
2026/09/20 21:22:08.889, 2405 MHz, 0x0000000000000000, 55, 14.49 W
2026/09/20 21:22:09.890, 2405 MHz, 0x0000000000000000, 55, 14.50 W
2026/09/20 21:22:10.890, 2405 MHz, 0x0000000000000000, 55, 14.49 W
2026/09/20 21:22:11.890, 2405 MHz, 0x0000000000000000, 55, 14.48 W
2026/09/20 21:22:12.891, 2405 MHz, 0x0000000000000000, 55, 14.53 W
2026/09/20 21:22:13.892, 2405 MHz, 0x0000000000000000, 55, 14.50 W
2026/09/20 21:22:14.893, 2405 MHz, 0x0000000000000000, 55, 14.47 W
2026/09/20 21:22:15.894, 2405 MHz, 0x0000000000000000, 55, 14.47 W
2026/09/20 21:22:16.895, 2405 MHz, 0x0000000000000000, 55, 14.50 W
2026/09/20 21:22:17.895, 2405 MHz, 0x0000000000000000, 55, 14.46 W
2026/09/20 21:22:18.896, 2405 MHz, 0x0000000000000000, 55, 14.50 W
2026/09/20 21:22:19.897, 2405 MHz, 0x0000000000000000, 55, 14.49 W
2026/09/20 21:22:20.897, 2405 MHz, 0x0000000000000000, 55, 14.48 W
2026/09/20 21:22:21.898, 2405 MHz, 0x0000000000000000, 55, 14.48 W
2026/09/20 21:22:22.899, 2405 MHz, 0x0000000000000000, 55, 14.48 W
2026/09/20 21:22:23.900, 2405 MHz, 0x0000000000000000, 55, 14.44 W
2026/09/20 21:22:24.901, 2405 MHz, 0x0000000000000000, 55, 14.41 W
2026/09/20 21:22:25.902, 2405 MHz, 0x0000000000000000, 55, 14.39 W
2026/09/20 21:22:26.902, 2405 MHz, 0x0000000000000000, 55, 14.43 W
2026/09/20 21:22:27.903, 2405 MHz, 0x0000000000000000, 55, 14.43 W
2026/09/20 21:22:28.904, 2405 MHz, 0x0000000000000000, 55, 14.49 W
2026/09/20 21:22:29.905, 2405 MHz, 0x0000000000000000, 55, 14.48 W
2026/09/20 21:22:30.906, 2405 MHz, 0x0000000000000000, 55, 14.43 W
2026/09/20 21:22:31.907, 2405 MHz, 0x0000000000000000, 55, 14.44 W
2026/09/20 21:22:32.908, 2405 MHz, 0x0000000000000000, 55, 14.39 W
2026/09/20 21:22:33.908, 2405 MHz, 0x0000000000000000, 55, 14.35 W
2026/09/20 21:22:34.909, 2405 MHz, 0x0000000000000000, 55, 14.32 W
2026/09/20 21:22:35.909, 2405 MHz, 0x0000000000000000, 55, 14.40 W
2026/09/20 21:22:36.910, 2405 MHz, 0x0000000000000000, 55, 14.40 W
2026/09/20 21:22:37.911, 2405 MHz, 0x0000000000000000, 54, 14.35 W
2026/09/20 21:22:38.912, 2405 MHz, 0x0000000000000000, 54, 14.37 W
2026/09/20 21:22:39.912, 2405 MHz, 0x0000000000000000, 54, 14.39 W
2026/09/20 21:22:40.913, 2405 MHz, 0x0000000000000000, 54, 14.34 W
2026/09/20 21:22:41.914, 2405 MHz, 0x0000000000000000, 54, 14.35 W
2026/09/20 21:22:42.914, 2405 MHz, 0x0000000000000000, 54, 14.29 W
2026/09/20 21:22:43.915, 2405 MHz, 0x0000000000000000, 54, 14.28 W
2026/09/20 21:22:44.916, 2405 MHz, 0x0000000000000000, 54, 14.30 W
2026/09/20 21:22:45.917, 2405 MHz, 0x0000000000000000, 54, 14.26 W
2026/09/20 21:22:46.917, 2405 MHz, 0x0000000000000000, 54, 14.31 W
2026/09/20 21:22:47.918, 2405 MHz, 0x0000000000000000, 54, 14.30 W
2026/09/20 21:22:48.919, 2405 MHz, 0x0000000000000000, 54, 14.26 W
2026/09/20 21:22:49.919, 2405 MHz, 0x0000000000000000, 54, 14.31 W
2026/09/20 21:22:50.920, 2405 MHz, 0x0000000000000000, 54, 14.35 W
2026/09/20 21:22:51.920, 2405 MHz, 0x0000000000000000, 54, 14.36 W
2026/09/20 21:22:52.921, 2405 MHz, 0x0000000000000000, 54, 14.36 W
2026/09/20 21:22:53.921, 2405 MHz, 0x0000000000000000, 54, 14.36 W
2026/09/20 21:22:54.922, 2405 MHz, 0x0000000000000000, 54, 14.33 W
2026/09/20 21:22:55.923, 2405 MHz, 0x0000000000000000, 54, 14.27 W
2026/09/20 21:22:56.923, 2405 MHz, 0x0000000000000000, 54, 14.28 W
2026/09/20 21:22:57.924, 2405 MHz, 0x0000000000000000, 54, 14.28 W
2026/09/20 21:22:58.925, 2405 MHz, 0x0000000000000000, 54, 14.30 W
2026/09/20 21:22:59.925, 2405 MHz, 0x0000000000000000, 54, 14.31 W
2026/09/20 21:23:00.925, 2405 MHz, 0x0000000000000000, 54, 14.27 W
2026/09/20 21:23:01.925, 2405 MHz, 0x0000000000000000, 54, 14.27 W
2026/09/20 21:23:02.926, 2405 MHz, 0x0000000000000000, 54, 14.33 W
2026/09/20 21:23:03.927, 2405 MHz, 0x0000000000000000, 54, 14.33 W
2026/09/20 21:23:04.928, 2405 MHz, 0x0000000000000000, 54, 14.35 W
2026/09/20 21:23:05.929, 2405 MHz, 0x0000000000000000, 54, 14.36 W
2026/09/20 21:23:06.930, 2405 MHz, 0x0000000000000000, 54, 14.34 W
2026/09/20 21:23:07.931, 2405 MHz, 0x0000000000000000, 54, 14.35 W
2026/09/20 21:23:08.932, 2405 MHz, 0x0000000000000000, 54, 14.26 W
2026/09/20 21:23:09.933, 2405 MHz, 0x0000000000000000, 54, 14.27 W
2026/09/20 21:23:10.934, 2405 MHz, 0x0000000000000000, 54, 14.28 W
2026/09/20 21:23:11.934, 2405 MHz, 0x0000000000000000, 54, 14.24 W
2026/09/20 21:23:12.935, 2405 MHz, 0x0000000000000000, 54, 14.20 W
2026/09/20 21:23:13.935, 2405 MHz, 0x0000000000000000, 54, 14.23 W
2026/09/20 21:23:14.936, 2405 MHz, 0x0000000000000000, 54, 14.24 W
2026/09/20 21:23:15.937, 2405 MHz, 0x0000000000000000, 54, 14.19 W
2026/09/20 21:23:16.938, 2405 MHz, 0x0000000000000000, 54, 14.29 W
2026/09/20 21:23:17.938, 2405 MHz, 0x0000000000000000, 54, 14.26 W
2026/09/20 21:23:18.939, 2405 MHz, 0x0000000000000000, 54, 14.29 W
2026/09/20 21:23:19.940, 2405 MHz, 0x0000000000000000, 54, 14.31 W
2026/09/20 21:23:20.941, 2405 MHz, 0x0000000000000000, 54, 14.28 W
2026/09/20 21:23:21.942, 2405 MHz, 0x0000000000000000, 54, 14.27 W
2026/09/20 21:23:22.942, 2405 MHz, 0x0000000000000000, 54, 14.31 W
2026/09/20 21:23:23.943, 2405 MHz, 0x0000000000000000, 54, 14.31 W
2026/09/20 21:23:24.943, 2405 MHz, 0x0000000000000000, 54, 14.23 W
2026/09/20 21:23:25.943, 2405 MHz, 0x0000000000000000, 54, 14.28 W
2026/09/20 21:23:26.944, 2405 MHz, 0x0000000000000000, 54, 14.28 W
2026/09/20 21:23:27.945, 2405 MHz, 0x0000000000000000, 54, 14.28 W
2026/09/20 21:23:28.946, 2405 MHz, 0x0000000000000000, 54, 14.30 W
2026/09/20 21:23:29.947, 2405 MHz, 0x0000000000000000, 54, 14.22 W
2026/09/20 21:23:30.948, 2405 MHz, 0x0000000000000000, 54, 14.19 W
2026/09/20 21:23:31.948, 2405 MHz, 0x0000000000000000, 54, 14.22 W
2026/09/20 21:23:32.949, 2405 MHz, 0x0000000000000000, 54, 14.19 W
2026/09/20 21:23:33.949, 2405 MHz, 0x0000000000000000, 54, 14.19 W
2026/09/20 21:23:34.950, 2405 MHz, 0x0000000000000000, 54, 14.20 W
2026/09/20 21:23:35.951, 2405 MHz, 0x0000000000000000, 54, 14.22 W
2026/09/20 21:23:36.951, 2405 MHz, 0x0000000000000000, 54, 14.14 W
2026/09/20 21:23:37.952, 2405 MHz, 0x0000000000000000, 54, 14.15 W
2026/09/20 21:23:38.953, 2405 MHz, 0x0000000000000000, 54, 14.23 W
2026/09/20 21:23:39.954, 2405 MHz, 0x0000000000000000, 54, 14.29 W
2026/09/20 21:23:40.955, 2405 MHz, 0x0000000000000000, 54, 14.28 W
2026/09/20 21:23:41.955, 2405 MHz, 0x0000000000000000, 54, 14.25 W
2026/09/20 21:23:42.956, 2405 MHz, 0x0000000000000000, 54, 14.24 W
2026/09/20 21:23:43.957, 2405 MHz, 0x0000000000000000, 54, 14.26 W
2026/09/20 21:23:44.958, 2405 MHz, 0x0000000000000000, 54, 14.23 W
2026/09/20 21:23:45.958, 2405 MHz, 0x0000000000000000, 54, 14.24 W
2026/09/20 21:23:46.959, 2405 MHz, 0x0000000000000000, 54, 14.25 W
2026/09/20 21:23:47.960, 2405 MHz, 0x0000000000000000, 54, 14.21 W
2026/09/20 21:23:48.961, 2405 MHz, 0x0000000000000000, 54, 14.25 W
2026/09/20 21:23:49.961, 2405 MHz, 0x0000000000000000, 54, 14.19 W
2026/09/20 21:23:50.962, 2405 MHz, 0x0000000000000000, 54, 14.16 W
2026/09/20 21:23:51.963, 2405 MHz, 0x0000000000000000, 54, 14.16 W
2026/09/20 21:23:52.964, 2405 MHz, 0x0000000000000000, 54, 14.16 W
2026/09/20 21:23:53.964, 2405 MHz, 0x0000000000000000, 54, 14.23 W
2026/09/20 21:23:54.965, 2405 MHz, 0x0000000000000000, 54, 14.18 W
2026/09/20 21:23:55.965, 2405 MHz, 0x0000000000000000, 54, 14.17 W
2026/09/20 21:23:56.965, 2405 MHz, 0x0000000000000000, 54, 14.15 W
2026/09/20 21:23:57.966, 2405 MHz, 0x0000000000000000, 54, 14.15 W
2026/09/20 21:23:58.967, 2405 MHz, 0x0000000000000000, 54, 14.20 W
2026/09/20 21:23:59.968, 2405 MHz, 0x0000000000000000, 54, 14.25 W
2026/09/20 21:24:00.968, 2405 MHz, 0x0000000000000000, 54, 14.30 W
2026/09/20 21:24:01.969, 2405 MHz, 0x0000000000000000, 54, 14.26 W
2026/09/20 21:24:02.970, 2405 MHz, 0x0000000000000000, 54, 14.21 W
2026/09/20 21:24:03.970, 2405 MHz, 0x0000000000000000, 54, 14.17 W
2026/09/20 21:24:04.971, 2405 MHz, 0x0000000000000000, 54, 14.17 W
2026/09/20 21:24:05.972, 2405 MHz, 0x0000000000000000, 54, 14.18 W
2026/09/20 21:24:06.973, 2405 MHz, 0x0000000000000000, 54, 14.16 W
2026/09/20 21:24:07.974, 2405 MHz, 0x0000000000000000, 54, 14.22 W
2026/09/20 21:24:08.975, 2405 MHz, 0x0000000000000000, 54, 14.22 W
2026/09/20 21:24:09.976, 2405 MHz, 0x0000000000000000, 54, 14.24 W
2026/09/20 21:24:10.976, 2405 MHz, 0x0000000000000000, 54, 14.23 W
2026/09/20 21:24:11.977, 2405 MHz, 0x0000000000000000, 54, 14.28 W
2026/09/20 21:24:12.978, 2405 MHz, 0x0000000000000000, 54, 14.25 W
2026/09/20 21:24:13.979, 2405 MHz, 0x0000000000000000, 54, 14.24 W
2026/09/20 21:24:14.980, 2405 MHz, 0x0000000000000000, 54, 14.30 W
2026/09/20 21:24:15.981, 2405 MHz, 0x0000000000000000, 53, 14.28 W
2026/09/20 21:24:16.982, 2405 MHz, 0x0000000000000000, 53, 14.30 W
2026/09/20 21:24:17.982, 2405 MHz, 0x0000000000000000, 53, 14.32 W
2026/09/20 21:24:18.983, 2405 MHz, 0x0000000000000000, 53, 14.31 W
2026/09/20 21:24:19.984, 2405 MHz, 0x0000000000000000, 53, 14.26 W
2026/09/20 21:24:20.984, 2405 MHz, 0x0000000000000000, 53, 14.27 W
2026/09/20 21:24:21.985, 2405 MHz, 0x0000000000000000, 53, 14.25 W
2026/09/20 21:24:22.986, 2405 MHz, 0x0000000000000000, 53, 14.25 W
2026/09/20 21:24:23.987, 2405 MHz, 0x0000000000000000, 53, 14.20 W
2026/09/20 21:24:24.987, 2405 MHz, 0x0000000000000000, 53, 14.20 W
2026/09/20 21:24:25.988, 2405 MHz, 0x0000000000000000, 53, 14.27 W
2026/09/20 21:24:26.989, 2405 MHz, 0x0000000000000000, 53, 14.27 W
2026/09/20 21:24:27.990, 2405 MHz, 0x0000000000000000, 53, 14.28 W
2026/09/20 21:24:28.990, 2405 MHz, 0x0000000000000000, 53, 14.25 W
2026/09/20 21:24:29.991, 2405 MHz, 0x0000000000000000, 53, 14.23 W
2026/09/20 21:24:30.992, 2405 MHz, 0x0000000000000000, 53, 14.19 W
2026/09/20 21:24:31.993, 2405 MHz, 0x0000000000000000, 53, 14.19 W
2026/09/20 21:24:32.993, 2405 MHz, 0x0000000000000000, 53, 14.15 W
2026/09/20 21:24:33.993, 2405 MHz, 0x0000000000000000, 53, 14.18 W
2026/09/20 21:24:34.994, 2405 MHz, 0x0000000000000000, 53, 14.16 W
2026/09/20 21:24:35.995, 2405 MHz, 0x0000000000000000, 53, 14.15 W
2026/09/20 21:24:36.996, 2405 MHz, 0x0000000000000000, 53, 14.10 W
2026/09/20 21:24:37.996, 2405 MHz, 0x0000000000000000, 53, 14.14 W
2026/09/20 21:24:38.997, 2405 MHz, 0x0000000000000000, 53, 14.17 W
2026/09/20 21:24:39.997, 2405 MHz, 0x0000000000000000, 53, 14.19 W
2026/09/20 21:24:40.998, 2405 MHz, 0x0000000000000000, 53, 14.21 W
2026/09/20 21:24:41.998, 2405 MHz, 0x0000000000000000, 53, 14.24 W
2026/09/20 21:24:42.999, 2405 MHz, 0x0000000000000000, 53, 14.19 W
2026/09/20 21:24:44.000, 2405 MHz, 0x0000000000000000, 53, 14.16 W
2026/09/20 21:24:45.001, 2405 MHz, 0x0000000000000000, 53, 14.15 W
2026/09/20 21:24:46.001, 2405 MHz, 0x0000000000000000, 53, 14.20 W
2026/09/20 21:24:47.002, 2405 MHz, 0x0000000000000000, 53, 14.20 W
2026/09/20 21:24:48.003, 2405 MHz, 0x0000000000000000, 53, 14.25 W
2026/09/20 21:24:49.004, 2405 MHz, 0x0000000000000000, 53, 14.26 W
2026/09/20 21:24:50.005, 2405 MHz, 0x0000000000000000, 53, 14.20 W
2026/09/20 21:24:51.005, 2405 MHz, 0x0000000000000000, 53, 14.19 W
2026/09/20 21:24:52.005, 2405 MHz, 0x0000000000000000, 53, 14.21 W
2026/09/20 21:24:53.006, 2405 MHz, 0x0000000000000000, 53, 14.17 W
2026/09/20 21:24:54.006, 2405 MHz, 0x0000000000000000, 53, 14.17 W
2026/09/20 21:24:55.006, 2405 MHz, 0x0000000000000000, 53, 14.21 W
2026/09/20 21:24:56.007, 2405 MHz, 0x0000000000000000, 53, 14.18 W
2026/09/20 21:24:57.008, 2405 MHz, 0x0000000000000000, 53, 14.16 W
2026/09/20 21:24:58.009, 2405 MHz, 0x0000000000000000, 53, 14.15 W
2026/09/20 21:24:59.010, 2405 MHz, 0x0000000000000000, 53, 14.15 W
2026/09/20 21:25:00.011, 2405 MHz, 0x0000000000000000, 53, 14.12 W
2026/09/20 21:25:01.011, 2405 MHz, 0x0000000000000000, 53, 14.13 W
2026/09/20 21:25:02.011, 2405 MHz, 0x0000000000000000, 53, 14.15 W
2026/09/20 21:25:03.012, 2405 MHz, 0x0000000000000000, 53, 14.14 W
2026/09/20 21:25:04.013, 2405 MHz, 0x0000000000000000, 53, 14.14 W
2026/09/20 21:25:05.014, 2405 MHz, 0x0000000000000000, 53, 14.10 W
2026/09/20 21:25:06.015, 2405 MHz, 0x0000000000000000, 53, 14.08 W
2026/09/20 21:25:07.015, 2405 MHz, 0x0000000000000000, 53, 14.18 W
2026/09/20 21:25:08.016, 2405 MHz, 0x0000000000000000, 53, 14.21 W
2026/09/20 21:25:09.017, 2405 MHz, 0x0000000000000000, 53, 14.18 W
2026/09/20 21:25:10.017, 2405 MHz, 0x0000000000000000, 53, 14.15 W
2026/09/20 21:25:11.018, 2411 MHz, 0x0000000000000000, 53, 14.12 W
2026/09/20 21:25:12.018, 2411 MHz, 0x0000000000000000, 53, 14.06 W
2026/09/20 21:25:13.019, 2411 MHz, 0x0000000000000000, 53, 14.02 W
2026/09/20 21:25:14.020, 2411 MHz, 0x0000000000000000, 53, 14.06 W
2026/09/20 21:25:15.021, 2411 MHz, 0x0000000000000000, 53, 14.05 W
2026/09/20 21:25:16.022, 2411 MHz, 0x0000000000000000, 53, 14.05 W
2026/09/20 21:25:17.023, 2411 MHz, 0x0000000000000000, 53, 14.02 W
2026/09/20 21:25:18.023, 2411 MHz, 0x0000000000000000, 53, 14.00 W
2026/09/20 21:25:19.023, 2411 MHz, 0x0000000000000000, 53, 14.00 W
2026/09/20 21:25:20.024, 2411 MHz, 0x0000000000000000, 53, 14.06 W
2026/09/20 21:25:21.024, 2411 MHz, 0x0000000000000000, 53, 14.04 W
2026/09/20 21:25:22.025, 2411 MHz, 0x0000000000000000, 53, 14.08 W
2026/09/20 21:25:23.026, 2411 MHz, 0x0000000000000000, 53, 14.07 W
2026/09/20 21:25:24.026, 2411 MHz, 0x0000000000000000, 53, 14.08 W
2026/09/20 21:25:25.027, 2411 MHz, 0x0000000000000000, 53, 14.07 W
2026/09/20 21:25:26.027, 2411 MHz, 0x0000000000000000, 53, 14.06 W
2026/09/20 21:25:27.027, 2411 MHz, 0x0000000000000000, 53, 14.05 W
2026/09/20 21:25:28.028, 2411 MHz, 0x0000000000000000, 53, 14.07 W
2026/09/20 21:25:29.029, 2411 MHz, 0x0000000000000000, 53, 14.03 W
2026/09/20 21:25:30.029, 2411 MHz, 0x0000000000000000, 53, 14.08 W
2026/09/20 21:25:31.030, 2411 MHz, 0x0000000000000000, 53, 14.05 W
2026/09/20 21:25:32.031, 2411 MHz, 0x0000000000000000, 53, 14.07 W
2026/09/20 21:25:33.031, 2411 MHz, 0x0000000000000000, 53, 14.03 W
2026/09/20 21:25:34.032, 2411 MHz, 0x0000000000000000, 53, 14.03 W
2026/09/20 21:25:35.033, 2411 MHz, 0x0000000000000000, 53, 14.02 W
2026/09/20 21:25:36.033, 2411 MHz, 0x0000000000000000, 53, 14.01 W
2026/09/20 21:25:37.034, 2411 MHz, 0x0000000000000000, 53, 14.03 W
2026/09/20 21:25:38.034, 2411 MHz, 0x0000000000000000, 53, 14.05 W
2026/09/20 21:25:39.035, 2411 MHz, 0x0000000000000000, 53, 14.06 W
2026/09/20 21:25:40.036, 2411 MHz, 0x0000000000000000, 53, 14.05 W
2026/09/20 21:25:41.036, 2411 MHz, 0x0000000000000000, 53, 14.04 W
2026/09/20 21:25:42.037, 2411 MHz, 0x0000000000000000, 53, 14.05 W
2026/09/20 21:25:43.038, 2411 MHz, 0x0000000000000000, 53, 14.06 W
2026/09/20 21:25:44.038, 2411 MHz, 0x0000000000000000, 53, 14.04 W
2026/09/20 21:25:45.039, 2411 MHz, 0x0000000000000000, 53, 14.05 W
2026/09/20 21:25:46.040, 2411 MHz, 0x0000000000000000, 53, 13.98 W
2026/09/20 21:25:47.041, 2411 MHz, 0x0000000000000000, 53, 14.02 W
2026/09/20 21:25:48.041, 2411 MHz, 0x0000000000000000, 53, 14.03 W
2026/09/20 21:25:49.042, 2411 MHz, 0x0000000000000000, 53, 14.06 W
2026/09/20 21:25:50.043, 2411 MHz, 0x0000000000000000, 53, 13.97 W
2026/09/20 21:25:51.044, 2411 MHz, 0x0000000000000000, 53, 13.98 W
2026/09/20 21:25:52.044, 2411 MHz, 0x0000000000000000, 53, 14.00 W
2026/09/20 21:25:53.045, 2411 MHz, 0x0000000000000000, 53, 14.00 W
2026/09/20 21:25:54.046, 2411 MHz, 0x0000000000000000, 53, 14.04 W
2026/09/20 21:25:55.047, 2411 MHz, 0x0000000000000000, 53, 14.06 W
2026/09/20 21:25:56.048, 2411 MHz, 0x0000000000000000, 53, 14.06 W
2026/09/20 21:25:57.048, 2411 MHz, 0x0000000000000000, 53, 14.07 W
2026/09/20 21:25:58.049, 2411 MHz, 0x0000000000000000, 53, 14.08 W
2026/09/20 21:25:59.050, 2411 MHz, 0x0000000000000000, 53, 14.03 W
2026/09/20 21:26:00.050, 2411 MHz, 0x0000000000000000, 53, 14.03 W
2026/09/20 21:26:01.051, 2411 MHz, 0x0000000000000000, 53, 14.03 W
2026/09/20 21:26:02.052, 2411 MHz, 0x0000000000000000, 53, 14.01 W
2026/09/20 21:26:03.053, 2411 MHz, 0x0000000000000000, 53, 14.03 W
2026/09/20 21:26:04.054, 2411 MHz, 0x0000000000000000, 53, 14.06 W
2026/09/20 21:26:05.054, 2411 MHz, 0x0000000000000000, 53, 14.07 W
2026/09/20 21:26:06.054, 2411 MHz, 0x0000000000000000, 53, 14.09 W
2026/09/20 21:26:07.055, 2411 MHz, 0x0000000000000000, 53, 14.08 W
2026/09/20 21:26:08.056, 2411 MHz, 0x0000000000000000, 53, 14.02 W
2026/09/20 21:26:09.056, 2411 MHz, 0x0000000000000000, 52, 14.00 W
2026/09/20 21:26:10.057, 2411 MHz, 0x0000000000000000, 53, 13.99 W
2026/09/20 21:26:11.058, 2411 MHz, 0x0000000000000000, 52, 13.97 W
2026/09/20 21:26:12.059, 2411 MHz, 0x0000000000000000, 52, 13.94 W
2026/09/20 21:26:13.059, 2411 MHz, 0x0000000000000000, 52, 13.96 W
2026/09/20 21:26:14.060, 2411 MHz, 0x0000000000000000, 52, 13.99 W
2026/09/20 21:26:15.061, 2411 MHz, 0x0000000000000000, 52, 13.95 W
2026/09/20 21:26:16.062, 2411 MHz, 0x0000000000000000, 52, 14.02 W
2026/09/20 21:26:17.063, 2411 MHz, 0x0000000000000000, 52, 13.98 W
2026/09/20 21:26:18.063, 2411 MHz, 0x0000000000000000, 52, 14.04 W
2026/09/20 21:26:19.064, 2411 MHz, 0x0000000000000000, 52, 14.02 W
2026/09/20 21:26:20.065, 2411 MHz, 0x0000000000000000, 52, 13.98 W
2026/09/20 21:26:21.066, 2411 MHz, 0x0000000000000000, 52, 13.98 W
2026/09/20 21:26:22.067, 2411 MHz, 0x0000000000000000, 52, 14.01 W
2026/09/20 21:26:23.067, 2411 MHz, 0x0000000000000000, 52, 13.97 W
2026/09/20 21:26:24.068, 2411 MHz, 0x0000000000000000, 52, 13.98 W
2026/09/20 21:26:25.069, 2411 MHz, 0x0000000000000000, 52, 14.03 W
2026/09/20 21:26:26.070, 2411 MHz, 0x0000000000000000, 52, 14.06 W
2026/09/20 21:26:27.071, 2411 MHz, 0x0000000000000000, 52, 14.00 W
2026/09/20 21:26:28.071, 2411 MHz, 0x0000000000000000, 52, 13.99 W
2026/09/20 21:26:29.072, 2411 MHz, 0x0000000000000000, 52, 14.04 W
2026/09/20 21:26:30.072, 2411 MHz, 0x0000000000000000, 52, 14.01 W
2026/09/20 21:26:31.073, 2411 MHz, 0x0000000000000000, 52, 13.94 W
2026/09/20 21:26:32.074, 2411 MHz, 0x0000000000000000, 52, 13.99 W
2026/09/20 21:26:33.074, 2411 MHz, 0x0000000000000000, 52, 13.93 W
2026/09/20 21:26:34.075, 2411 MHz, 0x0000000000000000, 52, 13.96 W
2026/09/20 21:26:35.076, 2411 MHz, 0x0000000000000000, 52, 13.96 W
2026/09/20 21:26:36.077, 2411 MHz, 0x0000000000000000, 52, 13.94 W
2026/09/20 21:26:37.077, 2411 MHz, 0x0000000000000000, 52, 13.96 W
2026/09/20 21:26:38.078, 2411 MHz, 0x0000000000000000, 52, 13.97 W
2026/09/20 21:26:39.079, 2411 MHz, 0x0000000000000000, 52, 13.97 W
2026/09/20 21:26:40.080, 2411 MHz, 0x0000000000000000, 52, 13.97 W
2026/09/20 21:26:41.081, 2411 MHz, 0x0000000000000000, 52, 13.95 W
2026/09/20 21:26:42.081, 2411 MHz, 0x0000000000000000, 52, 13.98 W
2026/09/20 21:26:43.081, 2411 MHz, 0x0000000000000000, 52, 13.96 W
2026/09/20 21:26:44.082, 2411 MHz, 0x0000000000000000, 52, 14.01 W
2026/09/20 21:26:45.083, 2411 MHz, 0x0000000000000000, 52, 14.03 W
2026/09/20 21:26:46.084, 2411 MHz, 0x0000000000000000, 52, 13.98 W
2026/09/20 21:26:47.084, 2411 MHz, 0x0000000000000000, 52, 14.04 W
2026/09/20 21:26:48.085, 2411 MHz, 0x0000000000000000, 52, 14.04 W
2026/09/20 21:26:49.086, 2411 MHz, 0x0000000000000000, 52, 14.01 W
2026/09/20 21:26:50.086, 2411 MHz, 0x0000000000000000, 52, 14.02 W
2026/09/20 21:26:51.087, 2411 MHz, 0x0000000000000000, 52, 13.99 W
2026/09/20 21:26:52.088, 2411 MHz, 0x0000000000000000, 52, 14.00 W
2026/09/20 21:26:53.089, 2411 MHz, 0x0000000000000000, 52, 14.04 W
2026/09/20 21:26:54.090, 2411 MHz, 0x0000000000000000, 52, 13.95 W
2026/09/20 21:26:55.091, 2411 MHz, 0x0000000000000000, 52, 13.99 W
2026/09/20 21:26:56.092, 2411 MHz, 0x0000000000000000, 52, 13.96 W
2026/09/20 21:26:57.092, 2411 MHz, 0x0000000000000000, 52, 13.93 W
2026/09/20 21:26:58.093, 2411 MHz, 0x0000000000000000, 52, 13.93 W
2026/09/20 21:26:59.094, 2411 MHz, 0x0000000000000000, 52, 13.92 W
2026/09/20 21:27:00.095, 2411 MHz, 0x0000000000000000, 52, 13.95 W
2026/09/20 21:27:01.095, 2411 MHz, 0x0000000000000000, 52, 13.94 W
2026/09/20 21:27:02.096, 2411 MHz, 0x0000000000000000, 52, 13.96 W
2026/09/20 21:27:03.097, 2411 MHz, 0x0000000000000000, 52, 13.95 W
2026/09/20 21:27:04.098, 2411 MHz, 0x0000000000000000, 52, 13.96 W
2026/09/20 21:27:05.099, 2411 MHz, 0x0000000000000000, 52, 13.90 W
2026/09/20 21:27:06.099, 2411 MHz, 0x0000000000000000, 52, 13.95 W
2026/09/20 21:27:07.099, 2411 MHz, 0x0000000000000000, 52, 13.97 W
2026/09/20 21:27:08.100, 2411 MHz, 0x0000000000000000, 52, 13.97 W
2026/09/20 21:27:09.101, 2411 MHz, 0x0000000000000000, 52, 13.96 W
2026/09/20 21:27:10.101, 2411 MHz, 0x0000000000000000, 52, 13.92 W
2026/09/20 21:27:11.102, 2411 MHz, 0x0000000000000000, 52, 13.97 W
2026/09/20 21:27:12.102, 2411 MHz, 0x0000000000000000, 52, 13.95 W
2026/09/20 21:27:13.103, 2411 MHz, 0x0000000000000000, 52, 13.93 W
2026/09/20 21:27:14.104, 2411 MHz, 0x0000000000000000, 52, 13.95 W
2026/09/20 21:27:15.105, 2411 MHz, 0x0000000000000000, 52, 13.91 W
2026/09/20 21:27:16.106, 2411 MHz, 0x0000000000000000, 52, 13.95 W
2026/09/20 21:27:17.106, 2411 MHz, 0x0000000000000000, 52, 13.90 W
2026/09/20 21:27:18.107, 2411 MHz, 0x0000000000000000, 52, 13.86 W
2026/09/20 21:27:19.108, 2411 MHz, 0x0000000000000000, 52, 13.90 W
2026/09/20 21:27:20.108, 2411 MHz, 0x0000000000000000, 52, 13.90 W
2026/09/20 21:27:21.108, 2411 MHz, 0x0000000000000000, 52, 13.91 W
2026/09/20 21:27:22.109, 2411 MHz, 0x0000000000000000, 52, 13.90 W
2026/09/20 21:27:23.110, 2411 MHz, 0x0000000000000000, 52, 13.93 W
2026/09/20 21:27:24.111, 2411 MHz, 0x0000000000000000, 52, 13.87 W
2026/09/20 21:27:25.112, 2411 MHz, 0x0000000000000000, 52, 13.83 W
2026/09/20 21:27:26.113, 2411 MHz, 0x0000000000000000, 52, 13.89 W
2026/09/20 21:27:27.113, 2411 MHz, 0x0000000000000000, 52, 13.85 W
2026/09/20 21:27:28.114, 2411 MHz, 0x0000000000000000, 52, 13.81 W
2026/09/20 21:27:29.114, 2411 MHz, 0x0000000000000000, 52, 13.86 W
2026/09/20 21:27:30.115, 2411 MHz, 0x0000000000000000, 52, 13.90 W
2026/09/20 21:27:31.116, 2411 MHz, 0x0000000000000000, 52, 13.90 W
2026/09/20 21:27:32.117, 2411 MHz, 0x0000000000000000, 52, 13.81 W
2026/09/20 21:27:33.117, 2411 MHz, 0x0000000000000000, 52, 13.84 W
2026/09/20 21:27:34.118, 2411 MHz, 0x0000000000000000, 52, 13.85 W
2026/09/20 21:27:35.118, 2411 MHz, 0x0000000000000000, 52, 13.85 W
2026/09/20 21:27:36.119, 2411 MHz, 0x0000000000000000, 52, 13.88 W
2026/09/20 21:27:37.120, 2411 MHz, 0x0000000000000000, 52, 13.88 W
2026/09/20 21:27:38.121, 2411 MHz, 0x0000000000000000, 52, 13.88 W
2026/09/20 21:27:39.121, 2411 MHz, 0x0000000000000000, 52, 13.91 W
2026/09/20 21:27:40.122, 2411 MHz, 0x0000000000000000, 52, 13.89 W
2026/09/20 21:27:41.122, 2411 MHz, 0x0000000000000000, 52, 13.90 W
2026/09/20 21:27:42.123, 2411 MHz, 0x0000000000000000, 52, 13.89 W
2026/09/20 21:27:43.124, 2411 MHz, 0x0000000000000000, 52, 13.86 W
2026/09/20 21:27:44.126, 2411 MHz, 0x0000000000000000, 52, 13.92 W
2026/09/20 21:27:45.126, 2411 MHz, 0x0000000000000000, 52, 13.91 W
2026/09/20 21:27:46.126, 2411 MHz, 0x0000000000000000, 52, 13.84 W
2026/09/20 21:27:47.127, 2411 MHz, 0x0000000000000000, 52, 13.82 W
2026/09/20 21:27:48.128, 2411 MHz, 0x0000000000000000, 52, 13.81 W
2026/09/20 21:27:49.129, 2411 MHz, 0x0000000000000000, 52, 13.88 W
2026/09/20 21:27:50.129, 2411 MHz, 0x0000000000000000, 52, 13.93 W
2026/09/20 21:27:51.130, 2411 MHz, 0x0000000000000000, 52, 13.92 W
2026/09/20 21:27:52.131, 2411 MHz, 0x0000000000000000, 52, 13.92 W
2026/09/20 21:27:53.132, 2411 MHz, 0x0000000000000000, 52, 13.85 W
2026/09/20 21:27:54.133, 2411 MHz, 0x0000000000000000, 52, 13.87 W
2026/09/20 21:27:55.133, 2411 MHz, 0x0000000000000000, 52, 13.85 W
2026/09/20 21:27:56.134, 2411 MHz, 0x0000000000000000, 52, 13.85 W
2026/09/20 21:27:57.134, 2411 MHz, 0x0000000000000000, 52, 13.85 W
2026/09/20 21:27:58.135, 2411 MHz, 0x0000000000000000, 52, 13.97 W
2026/09/20 21:27:59.135, 2411 MHz, 0x0000000000000000, 52, 13.94 W
2026/09/20 21:28:00.135, 2411 MHz, 0x0000000000000000, 52, 13.92 W
2026/09/20 21:28:01.136, 2411 MHz, 0x0000000000000000, 52, 13.93 W
2026/09/20 21:28:02.137, 2411 MHz, 0x0000000000000000, 52, 13.94 W
2026/09/20 21:28:03.138, 2411 MHz, 0x0000000000000000, 52, 13.92 W
2026/09/20 21:28:04.138, 2411 MHz, 0x0000000000000000, 52, 13.93 W
2026/09/20 21:28:05.139, 2411 MHz, 0x0000000000000000, 52, 13.95 W
2026/09/20 21:28:06.140, 2411 MHz, 0x0000000000000000, 52, 13.93 W
2026/09/20 21:28:07.141, 2411 MHz, 0x0000000000000000, 52, 13.93 W
2026/09/20 21:28:08.142, 2411 MHz, 0x0000000000000000, 52, 13.89 W
2026/09/20 21:28:09.143, 2411 MHz, 0x0000000000000000, 52, 13.93 W
2026/09/20 21:28:10.143, 2411 MHz, 0x0000000000000000, 52, 13.94 W
2026/09/20 21:28:11.144, 2411 MHz, 0x0000000000000000, 52, 13.90 W
2026/09/20 21:28:12.145, 2411 MHz, 0x0000000000000000, 52, 13.87 W
2026/09/20 21:28:13.145, 2411 MHz, 0x0000000000000000, 52, 13.83 W
2026/09/20 21:28:14.146, 2411 MHz, 0x0000000000000000, 52, 13.88 W
2026/09/20 21:28:15.147, 2411 MHz, 0x0000000000000000, 52, 13.87 W
2026/09/20 21:28:16.148, 2411 MHz, 0x0000000000000000, 52, 13.86 W
2026/09/20 21:28:17.148, 2411 MHz, 0x0000000000000000, 52, 13.88 W
2026/09/20 21:28:18.149, 2411 MHz, 0x0000000000000000, 52, 13.87 W
2026/09/20 21:28:19.149, 2411 MHz, 0x0000000000000000, 52, 13.92 W
2026/09/20 21:28:20.150, 2411 MHz, 0x0000000000000000, 52, 13.88 W
2026/09/20 21:28:21.150, 2411 MHz, 0x0000000000000000, 52, 13.90 W
2026/09/20 21:28:22.151, 2411 MHz, 0x0000000000000000, 52, 13.90 W
2026/09/20 21:28:23.151, 2411 MHz, 0x0000000000000000, 52, 13.86 W
2026/09/20 21:28:24.152, 2411 MHz, 0x0000000000000000, 52, 13.88 W
2026/09/20 21:28:25.153, 2411 MHz, 0x0000000000000000, 52, 13.89 W
2026/09/20 21:28:26.153, 2411 MHz, 0x0000000000000000, 52, 13.90 W
2026/09/20 21:28:27.154, 2411 MHz, 0x0000000000000000, 52, 13.88 W
2026/09/20 21:28:28.155, 2411 MHz, 0x0000000000000000, 52, 13.86 W
2026/09/20 21:28:29.156, 2411 MHz, 0x0000000000000000, 52, 13.90 W
2026/09/20 21:28:30.156, 2411 MHz, 0x0000000000000000, 52, 13.87 W
2026/09/20 21:28:31.157, 2411 MHz, 0x0000000000000000, 52, 13.86 W
2026/09/20 21:28:32.158, 2411 MHz, 0x0000000000000000, 52, 13.82 W
2026/09/20 21:28:33.158, 2411 MHz, 0x0000000000000000, 52, 13.86 W
2026/09/20 21:28:34.158, 2411 MHz, 0x0000000000000000, 52, 13.88 W
2026/09/20 21:28:35.158, 2411 MHz, 0x0000000000000000, 52, 13.85 W
2026/09/20 21:28:36.159, 2411 MHz, 0x0000000000000000, 52, 13.81 W
2026/09/20 21:28:37.160, 2411 MHz, 0x0000000000000000, 52, 13.86 W
2026/09/20 21:28:38.161, 2411 MHz, 0x0000000000000000, 52, 13.86 W
2026/09/20 21:28:39.162, 2411 MHz, 0x0000000000000000, 52, 13.82 W
2026/09/20 21:28:40.162, 2411 MHz, 0x0000000000000000, 52, 13.81 W
2026/09/20 21:28:41.163, 2411 MHz, 0x0000000000000000, 52, 13.85 W
2026/09/20 21:28:42.164, 2411 MHz, 0x0000000000000000, 52, 13.84 W
2026/09/20 21:28:43.164, 2411 MHz, 0x0000000000000000, 52, 13.81 W
2026/09/20 21:28:44.165, 2411 MHz, 0x0000000000000000, 52, 13.80 W
2026/09/20 21:28:45.166, 2411 MHz, 0x0000000000000000, 52, 13.80 W
2026/09/20 21:28:46.167, 2411 MHz, 0x0000000000000000, 52, 13.84 W
2026/09/20 21:28:47.167, 2411 MHz, 0x0000000000000000, 52, 13.84 W
2026/09/20 21:28:48.169, 2411 MHz, 0x0000000000000000, 52, 13.88 W
2026/09/20 21:28:49.169, 2411 MHz, 0x0000000000000000, 52, 13.82 W
2026/09/20 21:28:50.170, 2411 MHz, 0x0000000000000000, 52, 13.84 W
2026/09/20 21:28:51.171, 2411 MHz, 0x0000000000000000, 52, 13.83 W
2026/09/20 21:28:52.171, 2411 MHz, 0x0000000000000000, 52, 13.86 W
2026/09/20 21:28:53.172, 2411 MHz, 0x0000000000000000, 52, 13.85 W
2026/09/20 21:28:54.173, 2411 MHz, 0x0000000000000000, 52, 13.86 W
2026/09/20 21:28:55.174, 2411 MHz, 0x0000000000000000, 52, 13.84 W
2026/09/20 21:28:56.174, 2411 MHz, 0x0000000000000000, 52, 13.86 W
2026/09/20 21:28:57.175, 2411 MHz, 0x0000000000000000, 52, 13.83 W
2026/09/20 21:28:58.176, 2411 MHz, 0x0000000000000000, 52, 13.82 W
2026/09/20 21:28:59.176, 2411 MHz, 0x0000000000000000, 52, 13.83 W
2026/09/20 21:29:00.177, 2411 MHz, 0x0000000000000000, 52, 13.83 W
2026/09/20 21:29:01.178, 2411 MHz, 0x0000000000000000, 52, 13.78 W
2026/09/20 21:29:02.179, 2411 MHz, 0x0000000000000000, 52, 13.83 W
2026/09/20 21:29:03.179, 2411 MHz, 0x0000000000000000, 52, 13.81 W
2026/09/20 21:29:04.180, 2411 MHz, 0x0000000000000000, 52, 13.81 W
2026/09/20 21:29:05.181, 2411 MHz, 0x0000000000000000, 52, 13.82 W
2026/09/20 21:29:06.182, 2411 MHz, 0x0000000000000000, 52, 13.87 W
2026/09/20 21:29:07.183, 2411 MHz, 0x0000000000000000, 52, 13.85 W
2026/09/20 21:29:08.184, 2411 MHz, 0x0000000000000000, 52, 13.78 W
2026/09/20 21:29:09.185, 2411 MHz, 0x0000000000000000, 52, 13.83 W
2026/09/20 21:29:10.185, 2411 MHz, 0x0000000000000000, 52, 13.82 W
2026/09/20 21:29:11.186, 2411 MHz, 0x0000000000000000, 52, 13.78 W
2026/09/20 21:29:12.186, 2411 MHz, 0x0000000000000000, 52, 13.80 W
2026/09/20 21:29:13.187, 2411 MHz, 0x0000000000000000, 52, 13.83 W
2026/09/20 21:29:14.188, 2411 MHz, 0x0000000000000000, 52, 13.87 W
2026/09/20 21:29:15.188, 2411 MHz, 0x0000000000000000, 52, 13.85 W
2026/09/20 21:29:16.189, 2411 MHz, 0x0000000000000000, 52, 13.84 W
2026/09/20 21:29:17.190, 2411 MHz, 0x0000000000000000, 52, 13.83 W
2026/09/20 21:29:18.191, 2411 MHz, 0x0000000000000000, 52, 13.84 W
2026/09/20 21:29:19.192, 2411 MHz, 0x0000000000000000, 52, 13.84 W
2026/09/20 21:29:20.192, 2411 MHz, 0x0000000000000000, 52, 13.82 W
2026/09/20 21:29:21.193, 2411 MHz, 0x0000000000000000, 51, 13.84 W
2026/09/20 21:29:22.194, 2411 MHz, 0x0000000000000000, 52, 13.84 W
2026/09/20 21:29:23.195, 2411 MHz, 0x0000000000000000, 52, 13.83 W
2026/09/20 21:29:24.195, 2411 MHz, 0x0000000000000000, 52, 13.77 W
2026/09/20 21:29:25.196, 2411 MHz, 0x0000000000000000, 52, 13.77 W
2026/09/20 21:29:26.197, 2411 MHz, 0x0000000000000000, 52, 13.77 W
2026/09/20 21:29:27.198, 2411 MHz, 0x0000000000000000, 52, 13.84 W
2026/09/20 21:29:28.198, 2411 MHz, 0x0000000000000000, 51, 13.82 W
2026/09/20 21:29:29.199, 2411 MHz, 0x0000000000000000, 51, 13.84 W
2026/09/20 21:29:30.200, 2411 MHz, 0x0000000000000000, 52, 13.84 W
2026/09/20 21:29:31.200, 2411 MHz, 0x0000000000000000, 51, 13.81 W
2026/09/20 21:29:32.201, 2411 MHz, 0x0000000000000000, 51, 13.77 W
2026/09/20 21:29:33.202, 2411 MHz, 0x0000000000000000, 51, 13.79 W
2026/09/20 21:29:34.203, 2411 MHz, 0x0000000000000000, 51, 13.79 W
2026/09/20 21:29:35.203, 2411 MHz, 0x0000000000000000, 51, 13.80 W
2026/09/20 21:29:36.204, 2411 MHz, 0x0000000000000000, 51, 13.83 W
2026/09/20 21:29:37.205, 2411 MHz, 0x0000000000000000, 51, 13.85 W
2026/09/20 21:29:38.206, 2411 MHz, 0x0000000000000000, 51, 13.83 W
2026/09/20 21:29:39.206, 2411 MHz, 0x0000000000000000, 51, 13.90 W
2026/09/20 21:29:40.207, 2411 MHz, 0x0000000000000000, 51, 13.82 W
2026/09/20 21:29:41.208, 2411 MHz, 0x0000000000000000, 51, 13.86 W
2026/09/20 21:29:42.209, 2411 MHz, 0x0000000000000000, 51, 13.83 W
2026/09/20 21:29:43.210, 2411 MHz, 0x0000000000000000, 51, 13.86 W
2026/09/20 21:29:44.210, 2411 MHz, 0x0000000000000000, 51, 13.83 W
2026/09/20 21:29:45.211, 2411 MHz, 0x0000000000000000, 51, 13.83 W
2026/09/20 21:29:46.211, 2411 MHz, 0x0000000000000000, 51, 13.85 W
2026/09/20 21:29:47.212, 2411 MHz, 0x0000000000000000, 51, 13.90 W
2026/09/20 21:29:48.213, 2411 MHz, 0x0000000000000000, 51, 13.87 W
2026/09/20 21:29:49.214, 2411 MHz, 0x0000000000000000, 51, 13.85 W
2026/09/20 21:29:50.215, 2411 MHz, 0x0000000000000000, 51, 13.85 W
2026/09/20 21:29:51.215, 2411 MHz, 0x0000000000000000, 51, 13.83 W
2026/09/20 21:29:52.216, 2411 MHz, 0x0000000000000000, 51, 13.82 W
2026/09/20 21:29:53.216, 2411 MHz, 0x0000000000000000, 51, 13.85 W
2026/09/20 21:29:54.217, 2411 MHz, 0x0000000000000000, 51, 13.85 W
2026/09/20 21:29:55.218, 2411 MHz, 0x0000000000000000, 51, 13.81 W
2026/09/20 21:29:56.218, 2411 MHz, 0x0000000000000000, 51, 13.85 W
2026/09/20 21:29:57.218, 2411 MHz, 0x0000000000000000, 51, 13.91 W
2026/09/20 21:29:58.219, 2411 MHz, 0x0000000000000000, 51, 13.87 W
2026/09/20 21:29:59.220, 2411 MHz, 0x0000000000000000, 51, 13.86 W
2026/09/20 21:30:00.220, 2411 MHz, 0x0000000000000000, 51, 13.84 W
2026/09/20 21:30:01.221, 2411 MHz, 0x0000000000000000, 51, 13.81 W
2026/09/20 21:30:02.222, 2411 MHz, 0x0000000000000000, 51, 13.76 W
2026/09/20 21:30:03.223, 2411 MHz, 0x0000000000000000, 51, 13.79 W
2026/09/20 21:30:04.224, 2411 MHz, 0x0000000000000000, 51, 13.77 W
2026/09/20 21:30:05.225, 2411 MHz, 0x0000000000000000, 51, 13.77 W
2026/09/20 21:30:06.225, 2411 MHz, 0x0000000000000000, 51, 13.73 W
2026/09/20 21:30:07.226, 2411 MHz, 0x0000000000000000, 51, 13.81 W
2026/09/20 21:30:08.227, 2411 MHz, 0x0000000000000000, 51, 13.86 W
2026/09/20 21:30:09.227, 2411 MHz, 0x0000000000000000, 51, 13.84 W
2026/09/20 21:30:10.228, 2411 MHz, 0x0000000000000000, 51, 13.82 W
2026/09/20 21:30:11.229, 2411 MHz, 0x0000000000000000, 51, 13.77 W
2026/09/20 21:30:12.230, 2411 MHz, 0x0000000000000000, 51, 13.88 W
2026/09/20 21:30:13.231, 2411 MHz, 0x0000000000000000, 51, 13.87 W
2026/09/20 21:30:14.232, 2411 MHz, 0x0000000000000000, 51, 13.79 W
2026/09/20 21:30:15.233, 2411 MHz, 0x0000000000000000, 51, 13.65 W
2026/09/20 21:30:16.233, 2411 MHz, 0x0000000000000000, 51, 13.65 W
2026/09/20 21:30:17.234, 2411 MHz, 0x0000000000000000, 51, 13.64 W
2026/09/20 21:30:18.235, 2411 MHz, 0x0000000000000000, 51, 13.69 W
2026/09/20 21:30:19.235, 2411 MHz, 0x0000000000000000, 51, 13.67 W
2026/09/20 21:30:20.235, 2411 MHz, 0x0000000000000000, 51, 13.68 W
2026/09/20 21:30:21.236, 2411 MHz, 0x0000000000000000, 51, 13.68 W
2026/09/20 21:30:22.237, 2411 MHz, 0x0000000000000000, 51, 13.69 W
2026/09/20 21:30:23.238, 2411 MHz, 0x0000000000000000, 51, 13.67 W
2026/09/20 21:30:24.239, 2411 MHz, 0x0000000000000000, 51, 13.65 W
2026/09/20 21:30:25.240, 2411 MHz, 0x0000000000000000, 51, 13.66 W
2026/09/20 21:30:26.240, 2411 MHz, 0x0000000000000000, 51, 13.60 W
2026/09/20 21:30:27.241, 2411 MHz, 0x0000000000000000, 51, 13.59 W
2026/09/20 21:30:28.241, 2411 MHz, 0x0000000000000000, 51, 13.62 W
2026/09/20 21:30:29.242, 2411 MHz, 0x0000000000000000, 51, 13.62 W
2026/09/20 21:30:30.242, 2411 MHz, 0x0000000000000000, 51, 13.60 W
2026/09/20 21:30:31.243, 2411 MHz, 0x0000000000000000, 51, 13.60 W
2026/09/20 21:30:32.244, 2411 MHz, 0x0000000000000000, 51, 13.64 W
2026/09/20 21:30:33.244, 2411 MHz, 0x0000000000000000, 51, 13.64 W
2026/09/20 21:30:34.245, 2411 MHz, 0x0000000000000000, 51, 13.62 W
2026/09/20 21:30:35.246, 2411 MHz, 0x0000000000000000, 51, 13.58 W
2026/09/20 21:30:36.246, 2411 MHz, 0x0000000000000000, 51, 13.62 W
2026/09/20 21:30:37.246, 2411 MHz, 0x0000000000000000, 51, 13.57 W
2026/09/20 21:30:38.247, 2411 MHz, 0x0000000000000000, 51, 13.59 W
2026/09/20 21:30:39.248, 2411 MHz, 0x0000000000000000, 51, 13.59 W
2026/09/20 21:30:40.249, 2411 MHz, 0x0000000000000000, 51, 13.57 W
2026/09/20 21:30:41.250, 2411 MHz, 0x0000000000000000, 51, 13.53 W
2026/09/20 21:30:42.250, 2411 MHz, 0x0000000000000000, 51, 13.56 W
2026/09/20 21:30:43.251, 2411 MHz, 0x0000000000000000, 51, 13.53 W
2026/09/20 21:30:44.252, 2411 MHz, 0x0000000000000000, 51, 13.56 W
2026/09/20 21:30:45.253, 2411 MHz, 0x0000000000000000, 51, 13.57 W
2026/09/20 21:30:46.253, 2411 MHz, 0x0000000000000000, 51, 13.53 W
2026/09/20 21:30:47.254, 2411 MHz, 0x0000000000000000, 51, 13.53 W
2026/09/20 21:30:48.254, 2411 MHz, 0x0000000000000000, 51, 13.55 W
2026/09/20 21:30:49.254, 2411 MHz, 0x0000000000000000, 51, 13.59 W
2026/09/20 21:30:50.255, 2411 MHz, 0x0000000000000000, 51, 13.58 W
2026/09/20 21:30:51.256, 2411 MHz, 0x0000000000000000, 51, 13.56 W
2026/09/20 21:30:52.256, 2411 MHz, 0x0000000000000000, 51, 13.57 W
2026/09/20 21:30:53.257, 2411 MHz, 0x0000000000000000, 51, 13.61 W
2026/09/20 21:30:54.258, 2411 MHz, 0x0000000000000000, 51, 13.57 W
2026/09/20 21:30:55.258, 2411 MHz, 0x0000000000000000, 51, 13.57 W
2026/09/20 21:30:56.259, 2411 MHz, 0x0000000000000000, 51, 13.62 W
2026/09/20 21:30:57.260, 2411 MHz, 0x0000000000000000, 51, 13.62 W
2026/09/20 21:30:58.261, 2411 MHz, 0x0000000000000000, 51, 13.63 W
2026/09/20 21:30:59.261, 2411 MHz, 0x0000000000000000, 51, 13.60 W
2026/09/20 21:31:00.262, 2411 MHz, 0x0000000000000000, 51, 13.55 W
2026/09/20 21:31:01.263, 2411 MHz, 0x0000000000000000, 51, 13.59 W
2026/09/20 21:31:02.264, 2411 MHz, 0x0000000000000000, 51, 13.56 W
2026/09/20 21:31:03.264, 2411 MHz, 0x0000000000000000, 51, 13.56 W
2026/09/20 21:31:04.265, 2411 MHz, 0x0000000000000000, 51, 13.50 W
2026/09/20 21:31:05.266, 2411 MHz, 0x0000000000000000, 51, 13.53 W
2026/09/20 21:31:06.267, 2411 MHz, 0x0000000000000000, 51, 13.48 W
2026/09/20 21:31:07.268, 2411 MHz, 0x0000000000000000, 51, 13.49 W
2026/09/20 21:31:08.268, 2411 MHz, 0x0000000000000000, 51, 13.50 W
2026/09/20 21:31:09.269, 2411 MHz, 0x0000000000000000, 51, 13.52 W
2026/09/20 21:31:10.270, 2411 MHz, 0x0000000000000000, 51, 13.47 W
2026/09/20 21:31:11.271, 2411 MHz, 0x0000000000000000, 51, 13.52 W
2026/09/20 21:31:12.271, 2411 MHz, 0x0000000000000000, 51, 13.51 W
2026/09/20 21:31:13.272, 2411 MHz, 0x0000000000000000, 51, 13.54 W
2026/09/20 21:31:14.273, 2411 MHz, 0x0000000000000000, 51, 13.56 W
2026/09/20 21:31:15.274, 2411 MHz, 0x0000000000000000, 51, 13.58 W
2026/09/20 21:31:16.275, 2411 MHz, 0x0000000000000000, 51, 13.60 W
2026/09/20 21:31:17.276, 2411 MHz, 0x0000000000000000, 51, 13.57 W
2026/09/20 21:31:18.277, 2411 MHz, 0x0000000000000000, 51, 13.55 W
2026/09/20 21:31:19.278, 2411 MHz, 0x0000000000000000, 51, 13.51 W
2026/09/20 21:31:20.279, 2411 MHz, 0x0000000000000000, 51, 13.61 W
2026/09/20 21:31:21.280, 2411 MHz, 0x0000000000000000, 51, 13.64 W
2026/09/20 21:31:22.280, 2411 MHz, 0x0000000000000000, 51, 13.62 W
2026/09/20 21:31:23.281, 2411 MHz, 0x0000000000000000, 51, 13.61 W
2026/09/20 21:31:24.282, 2411 MHz, 0x0000000000000000, 51, 13.54 W
2026/09/20 21:31:25.283, 2411 MHz, 0x0000000000000000, 51, 13.49 W
2026/09/20 21:31:26.284, 2411 MHz, 0x0000000000000000, 51, 13.52 W
2026/09/20 21:31:27.285, 2411 MHz, 0x0000000000000000, 51, 13.54 W
2026/09/20 21:31:28.285, 2411 MHz, 0x0000000000000000, 51, 13.58 W
2026/09/20 21:31:29.286, 2411 MHz, 0x0000000000000000, 51, 13.61 W
2026/09/20 21:31:30.287, 2411 MHz, 0x0000000000000000, 51, 13.58 W
2026/09/20 21:31:31.288, 2411 MHz, 0x0000000000000000, 51, 13.53 W
2026/09/20 21:31:32.289, 2411 MHz, 0x0000000000000000, 51, 13.52 W
2026/09/20 21:31:33.290, 2411 MHz, 0x0000000000000000, 51, 13.56 W
2026/09/20 21:31:34.290, 2411 MHz, 0x0000000000000000, 51, 13.55 W
2026/09/20 21:31:35.291, 2411 MHz, 0x0000000000000000, 51, 13.50 W
2026/09/20 21:31:36.292, 2411 MHz, 0x0000000000000000, 51, 13.52 W
2026/09/20 21:31:37.292, 2411 MHz, 0x0000000000000000, 51, 13.56 W
2026/09/20 21:31:38.293, 2411 MHz, 0x0000000000000000, 51, 13.57 W
2026/09/20 21:31:39.294, 2411 MHz, 0x0000000000000000, 51, 13.62 W
2026/09/20 21:31:40.295, 2411 MHz, 0x0000000000000000, 51, 13.64 W
2026/09/20 21:31:41.296, 2411 MHz, 0x0000000000000000, 51, 13.58 W
2026/09/20 21:31:42.296, 2411 MHz, 0x0000000000000000, 51, 13.61 W
2026/09/20 21:31:43.297, 2411 MHz, 0x0000000000000000, 51, 13.59 W
2026/09/20 21:31:44.298, 2411 MHz, 0x0000000000000000, 51, 13.61 W
2026/09/20 21:31:45.298, 2411 MHz, 0x0000000000000000, 51, 13.67 W
2026/09/20 21:31:46.299, 2411 MHz, 0x0000000000000000, 51, 13.63 W
2026/09/20 21:31:47.300, 2411 MHz, 0x0000000000000000, 51, 13.65 W
2026/09/20 21:31:48.300, 2411 MHz, 0x0000000000000000, 51, 13.65 W
2026/09/20 21:31:49.301, 2411 MHz, 0x0000000000000000, 51, 13.61 W
2026/09/20 21:31:50.302, 2411 MHz, 0x0000000000000000, 51, 13.63 W
2026/09/20 21:31:51.303, 2411 MHz, 0x0000000000000000, 51, 13.66 W
2026/09/20 21:31:52.304, 2411 MHz, 0x0000000000000000, 51, 13.64 W
2026/09/20 21:31:53.304, 2411 MHz, 0x0000000000000000, 51, 13.61 W
2026/09/20 21:31:54.305, 2411 MHz, 0x0000000000000000, 51, 13.59 W
2026/09/20 21:31:55.306, 2489 MHz, 0x0000000000000000, 57, 44.54 W
2026/09/20 21:31:56.306, 2489 MHz, 0x0000000000000000, 58, 54.22 W
2026/09/20 21:31:57.307, 2489 MHz, 0x0000000000000000, 59, 54.31 W
2026/09/20 21:31:58.307, 2483 MHz, 0x0000000000000000, 59, 55.47 W
2026/09/20 21:31:59.308, 2496 MHz, 0x0000000000000000, 58, 49.34 W
2026/09/20 21:32:00.308, 2489 MHz, 0x0000000000000000, 60, 39.01 W
2026/09/20 21:32:01.308, 2483 MHz, 0x0000000000000000, 62, 55.24 W
2026/09/20 21:32:02.309, 2483 MHz, 0x0000000000000000, 62, 56.00 W
2026/09/20 21:32:03.310, 2418 MHz, 0x0000000000000000, 62, 44.25 W
2026/09/20 21:32:04.310, 2476 MHz, 0x0000000000000000, 63, 55.59 W
2026/09/20 21:32:05.310, 2470 MHz, 0x0000000000000000, 63, 56.52 W
2026/09/20 21:32:06.311, 2424 MHz, 0x0000000000000000, 58, 40.37 W
2026/09/20 21:32:07.311, 2470 MHz, 0x0000000000000000, 64, 43.96 W
2026/09/20 21:32:08.312, 2470 MHz, 0x0000000000000000, 64, 56.46 W
2026/09/20 21:32:09.312, 2470 MHz, 0x0000000000000000, 63, 56.66 W
2026/09/20 21:32:10.313, 2470 MHz, 0x0000000000000000, 64, 56.28 W
2026/09/20 21:32:11.313, 2470 MHz, 0x0000000000000000, 65, 57.66 W
2026/09/20 21:32:12.313, 2470 MHz, 0x0000000000000000, 67, 58.46 W
2026/09/20 21:32:13.314, 2463 MHz, 0x0000000000000000, 67, 59.17 W
2026/09/20 21:32:14.314, 2470 MHz, 0x0000000000000000, 67, 59.19 W
2026/09/20 21:32:15.315, 2476 MHz, 0x0000000000000000, 66, 52.51 W
2026/09/20 21:32:16.315, 2476 MHz, 0x0000000000000000, 66, 45.06 W
2026/09/20 21:32:17.315, 2463 MHz, 0x0000000000000000, 69, 51.48 W
2026/09/20 21:32:18.316, 2470 MHz, 0x0000000000000000, 68, 59.88 W
2026/09/20 21:32:19.316, 2470 MHz, 0x0000000000000000, 68, 60.71 W
2026/09/20 21:32:20.317, 2470 MHz, 0x0000000000000000, 69, 60.78 W
2026/09/20 21:32:21.317, 2470 MHz, 0x0000000000000000, 69, 61.46 W
2026/09/20 21:32:22.317, 2470 MHz, 0x0000000000000000, 71, 61.60 W
2026/09/20 21:32:23.318, 2470 MHz, 0x0000000000000000, 69, 61.83 W
2026/09/20 21:32:24.318, 2470 MHz, 0x0000000000000000, 67, 62.55 W
2026/09/20 21:32:25.319, 2470 MHz, 0x0000000000000000, 71, 62.99 W
2026/09/20 21:32:26.319, 2457 MHz, 0x0000000000000000, 70, 62.78 W
2026/09/20 21:32:27.320, 2463 MHz, 0x0000000000000000, 71, 63.28 W
2026/09/20 21:32:28.320, 2457 MHz, 0x0000000000000000, 72, 63.44 W
2026/09/20 21:32:29.320, 2450 MHz, 0x0000000000000000, 71, 63.46 W
2026/09/20 21:32:30.320, 2457 MHz, 0x0000000000000000, 73, 64.29 W
2026/09/20 21:32:31.321, 2450 MHz, 0x0000000000000000, 72, 63.84 W
2026/09/20 21:32:32.321, 2457 MHz, 0x0000000000000000, 72, 64.09 W
2026/09/20 21:32:33.322, 2450 MHz, 0x0000000000000000, 74, 65.22 W
2026/09/20 21:32:34.322, 2450 MHz, 0x0000000000000000, 74, 66.22 W
2026/09/20 21:32:35.323, 2450 MHz, 0x0000000000000000, 74, 65.27 W
2026/09/20 21:32:36.323, 2450 MHz, 0x0000000000000000, 74, 65.89 W
2026/09/20 21:32:37.324, 2450 MHz, 0x0000000000000000, 73, 65.91 W
2026/09/20 21:32:38.325, 2450 MHz, 0x0000000000000000, 73, 66.02 W
2026/09/20 21:32:39.325, 2450 MHz, 0x0000000000000000, 75, 65.86 W
2026/09/20 21:32:40.325, 2450 MHz, 0x0000000000000000, 73, 67.97 W
2026/09/20 21:32:41.326, 2450 MHz, 0x0000000000000000, 74, 66.86 W
2026/09/20 21:32:42.326, 2450 MHz, 0x0000000000000000, 74, 66.48 W
2026/09/20 21:32:43.327, 2450 MHz, 0x0000000000000000, 74, 67.46 W
2026/09/20 21:32:44.327, 2450 MHz, 0x0000000000000000, 75, 66.98 W
2026/09/20 21:32:45.328, 2450 MHz, 0x0000000000000000, 76, 69.21 W
2026/09/20 21:32:46.328, 2450 MHz, 0x0000000000000000, 75, 67.72 W
2026/09/20 21:32:47.329, 2450 MHz, 0x0000000000000000, 75, 67.72 W
2026/09/20 21:32:48.329, 2450 MHz, 0x0000000000000000, 74, 68.99 W
2026/09/20 21:32:49.330, 2457 MHz, 0x0000000000000000, 74, 63.95 W
2026/09/20 21:32:50.330, 2457 MHz, 0x0000000000000000, 72, 48.67 W
2026/09/20 21:32:51.331, 2457 MHz, 0x0000000000000000, 76, 54.91 W
2026/09/20 21:32:52.331, 2450 MHz, 0x0000000000000000, 75, 68.82 W
2026/09/20 21:32:53.332, 2450 MHz, 0x0000000000000000, 76, 69.11 W
2026/09/20 21:32:54.332, 2450 MHz, 0x0000000000000000, 76, 69.31 W
2026/09/20 21:32:55.333, 2450 MHz, 0x0000000000000000, 76, 69.21 W
2026/09/20 21:32:56.333, 2450 MHz, 0x0000000000000000, 78, 71.24 W
2026/09/20 21:32:57.333, 2450 MHz, 0x0000000000000000, 78, 70.24 W
2026/09/20 21:32:58.334, 2450 MHz, 0x0000000000000000, 77, 69.95 W
2026/09/20 21:32:59.335, 2450 MHz, 0x0000000000000000, 71, 64.36 W
2026/09/20 21:33:00.335, 2444 MHz, 0x0000000000000000, 75, 38.11 W
2026/09/20 21:33:01.335, 2450 MHz, 0x0000000000000000, 75, 69.94 W
2026/09/20 21:33:02.336, 2450 MHz, 0x0000000000000000, 76, 71.98 W
2026/09/20 21:33:03.337, 2463 MHz, 0x0000000000000000, 72, 47.26 W
2026/09/20 21:33:04.337, 2463 MHz, 0x0000000000000000, 72, 40.31 W
2026/09/20 21:33:05.337, 2463 MHz, 0x0000000000000000, 72, 40.27 W
2026/09/20 21:33:06.337, 2463 MHz, 0x0000000000000000, 72, 40.25 W
2026/09/20 21:33:07.338, 2463 MHz, 0x0000000000000000, 72, 40.35 W
2026/09/20 21:33:08.339, 2463 MHz, 0x0000000000000000, 72, 40.29 W
2026/09/20 21:33:09.339, 2463 MHz, 0x0000000000000000, 72, 40.34 W
2026/09/20 21:33:10.340, 2405 MHz, 0x0000000000000000, 68, 19.46 W
2026/09/20 21:33:11.340, 2405 MHz, 0x0000000000000000, 67, 17.25 W
2026/09/20 21:33:12.340, 2483 MHz, 0x0000000000000000, 70, 40.00 W
2026/09/20 21:33:13.341, 2483 MHz, 0x0000000000000000, 70, 39.54 W
2026/09/20 21:33:14.341, 2483 MHz, 0x0000000000000000, 71, 39.38 W
2026/09/20 21:33:15.341, 2483 MHz, 0x0000000000000000, 71, 39.39 W
2026/09/20 21:33:16.342, 2483 MHz, 0x0000000000000000, 71, 39.46 W
2026/09/20 21:33:17.342, 2483 MHz, 0x0000000000000000, 71, 39.65 W
2026/09/20 21:33:18.342, 2483 MHz, 0x0000000000000000, 71, 39.58 W
2026/09/20 21:33:19.342, 2483 MHz, 0x0000000000000000, 71, 39.69 W
2026/09/20 21:33:20.342, 2483 MHz, 0x0000000000000000, 71, 39.40 W
2026/09/20 21:33:21.343, 2483 MHz, 0x0000000000000000, 71, 39.56 W
2026/09/20 21:33:22.343, 2483 MHz, 0x0000000000000000, 71, 39.67 W
2026/09/20 21:33:23.344, 2483 MHz, 0x0000000000000000, 70, 39.29 W
2026/09/20 21:33:24.344, 2483 MHz, 0x0000000000000000, 70, 34.63 W
2026/09/20 21:33:25.345, 2483 MHz, 0x0000000000000000, 71, 36.93 W
2026/09/20 21:33:26.345, 2483 MHz, 0x0000000000000000, 70, 39.56 W
2026/09/20 21:33:27.346, 2483 MHz, 0x0000000000000000, 70, 39.61 W
2026/09/20 21:33:28.346, 2483 MHz, 0x0000000000000000, 71, 39.66 W
2026/09/20 21:33:29.347, 2483 MHz, 0x0000000000000000, 70, 39.56 W
2026/09/20 21:33:30.347, 2483 MHz, 0x0000000000000000, 70, 39.57 W
2026/09/20 21:33:31.347, 2483 MHz, 0x0000000000000000, 71, 39.50 W
2026/09/20 21:33:32.347, 2483 MHz, 0x0000000000000000, 71, 39.55 W
2026/09/20 21:33:33.348, 2483 MHz, 0x0000000000000000, 71, 39.60 W
2026/09/20 21:33:34.348, 2483 MHz, 0x0000000000000000, 71, 39.57 W
2026/09/20 21:33:35.348, 2483 MHz, 0x0000000000000000, 71, 39.68 W
2026/09/20 21:33:36.349, 2483 MHz, 0x0000000000000000, 71, 39.60 W
2026/09/20 21:33:37.349, 2483 MHz, 0x0000000000000000, 71, 39.60 W
2026/09/20 21:33:38.349, 2483 MHz, 0x0000000000000000, 71, 39.57 W
2026/09/20 21:33:39.350, 2483 MHz, 0x0000000000000000, 71, 39.51 W
2026/09/20 21:33:40.350, 2483 MHz, 0x0000000000000000, 71, 39.67 W
2026/09/20 21:33:41.350, 2483 MHz, 0x0000000000000000, 71, 39.71 W
2026/09/20 21:33:42.350, 2483 MHz, 0x0000000000000000, 71, 39.70 W
2026/09/20 21:33:43.351, 2483 MHz, 0x0000000000000000, 71, 39.70 W
2026/09/20 21:33:44.351, 2483 MHz, 0x0000000000000000, 71, 39.74 W
2026/09/20 21:33:45.352, 2483 MHz, 0x0000000000000000, 71, 39.77 W
2026/09/20 21:33:46.352, 2483 MHz, 0x0000000000000000, 71, 39.79 W
2026/09/20 21:33:47.353, 2444 MHz, 0x0000000000000000, 68, 32.69 W
2026/09/20 21:33:48.354, 2405 MHz, 0x0000000000000000, 67, 17.14 W
2026/09/20 21:33:49.354, 2405 MHz, 0x0000000000000000, 66, 16.98 W
2026/09/20 21:33:50.355, 2431 MHz, 0x0000000000000000, 71, 28.60 W
2026/09/20 21:33:51.355, 2457 MHz, 0x0000000000000000, 72, 58.56 W
2026/09/20 21:33:52.356, 2450 MHz, 0x0000000000000000, 74, 59.26 W
2026/09/20 21:33:53.356, 2450 MHz, 0x0000000000000000, 74, 59.67 W
2026/09/20 21:33:54.357, 2450 MHz, 0x0000000000000000, 74, 59.97 W
2026/09/20 21:33:55.357, 2450 MHz, 0x0000000000000000, 74, 60.65 W
2026/09/20 21:33:56.358, 2405 MHz, 0x0000000000000000, 67, 21.66 W
2026/09/20 21:33:57.359, 2450 MHz, 0x0000000000000000, 73, 40.41 W
2026/09/20 21:33:58.359, 2470 MHz, 0x0000000000000000, 72, 48.58 W
2026/09/20 21:33:59.359, 2476 MHz, 0x0000000000000000, 70, 44.50 W
2026/09/20 21:34:00.360, 2483 MHz, 0x0000000000000000, 70, 39.75 W
2026/09/20 21:34:01.360, 2483 MHz, 0x0000000000000000, 70, 39.66 W
2026/09/20 21:34:02.360, 2483 MHz, 0x0000000000000000, 70, 39.63 W
2026/09/20 21:34:03.360, 2483 MHz, 0x0000000000000000, 71, 39.68 W
2026/09/20 21:34:04.361, 2483 MHz, 0x0000000000000000, 70, 39.74 W
2026/09/20 21:34:05.361, 2483 MHz, 0x0000000000000000, 70, 39.83 W
2026/09/20 21:34:06.361, 2483 MHz, 0x0000000000000000, 70, 39.74 W
2026/09/20 21:34:07.362, 2483 MHz, 0x0000000000000000, 70, 39.63 W
2026/09/20 21:34:08.362, 2483 MHz, 0x0000000000000000, 71, 39.69 W
2026/09/20 21:34:09.362, 2483 MHz, 0x0000000000000000, 71, 39.62 W
2026/09/20 21:34:10.363, 2483 MHz, 0x0000000000000000, 71, 39.78 W
2026/09/20 21:34:11.363, 2483 MHz, 0x0000000000000000, 71, 39.72 W
2026/09/20 21:34:12.363, 2483 MHz, 0x0000000000000000, 71, 39.81 W
2026/09/20 21:34:13.364, 2483 MHz, 0x0000000000000000, 71, 39.71 W
2026/09/20 21:34:14.364, 2483 MHz, 0x0000000000000000, 71, 39.78 W
2026/09/20 21:34:15.364, 2483 MHz, 0x0000000000000000, 71, 39.82 W
2026/09/20 21:34:16.365, 2483 MHz, 0x0000000000000000, 71, 39.79 W
2026/09/20 21:34:17.365, 2483 MHz, 0x0000000000000000, 71, 39.69 W
2026/09/20 21:34:18.366, 2483 MHz, 0x0000000000000000, 71, 39.71 W
2026/09/20 21:34:19.366, 2483 MHz, 0x0000000000000000, 71, 39.72 W
2026/09/20 21:34:20.366, 2483 MHz, 0x0000000000000000, 71, 39.76 W
2026/09/20 21:34:21.367, 2483 MHz, 0x0000000000000000, 71, 39.65 W
2026/09/20 21:34:22.367, 2483 MHz, 0x0000000000000000, 71, 39.72 W
2026/09/20 21:34:23.368, 2483 MHz, 0x0000000000000000, 71, 39.61 W
2026/09/20 21:34:24.368, 2483 MHz, 0x0000000000000000, 71, 39.84 W
2026/09/20 21:34:25.368, 2483 MHz, 0x0000000000000000, 71, 39.92 W
2026/09/20 21:34:26.369, 2483 MHz, 0x0000000000000000, 71, 39.89 W
2026/09/20 21:34:27.369, 2483 MHz, 0x0000000000000000, 71, 39.85 W
2026/09/20 21:34:28.370, 2483 MHz, 0x0000000000000000, 71, 39.89 W
2026/09/20 21:34:29.370, 2483 MHz, 0x0000000000000000, 71, 39.78 W
2026/09/20 21:34:30.371, 2483 MHz, 0x0000000000000000, 71, 39.88 W
2026/09/20 21:34:31.371, 2483 MHz, 0x0000000000000000, 71, 39.85 W
2026/09/20 21:34:32.371, 2483 MHz, 0x0000000000000000, 70, 34.69 W
2026/09/20 21:34:33.372, 2405 MHz, 0x0000000000000000, 68, 18.31 W
2026/09/20 21:34:34.372, 2405 MHz, 0x0000000000000000, 67, 17.12 W
2026/09/20 21:34:35.373, 2405 MHz, 0x0000000000000000, 66, 17.00 W
2026/09/20 21:34:36.373, 2450 MHz, 0x0000000000000000, 71, 55.17 W
2026/09/20 21:34:37.373, 2450 MHz, 0x0000000000000000, 73, 59.41 W
2026/09/20 21:34:38.374, 2450 MHz, 0x0000000000000000, 74, 60.03 W
2026/09/20 21:34:39.374, 2450 MHz, 0x0000000000000000, 75, 60.68 W
2026/09/20 21:34:40.374, 2450 MHz, 0x0000000000000000, 74, 60.78 W
2026/09/20 21:34:41.375, 2450 MHz, 0x0000000000000000, 76, 61.38 W
2026/09/20 21:34:42.375, 2450 MHz, 0x0000000000000000, 75, 61.71 W
2026/09/20 21:34:43.376, 2450 MHz, 0x0000000000000000, 75, 61.88 W
2026/09/20 21:34:44.376, 2450 MHz, 0x0000000000000000, 76, 62.25 W
2026/09/20 21:34:45.377, 2450 MHz, 0x0000000000000000, 75, 62.59 W
2026/09/20 21:34:46.377, 2457 MHz, 0x0000000000000000, 75, 61.81 W
2026/09/20 21:34:47.377, 2405 MHz, 0x0000000000000000, 69, 22.47 W
2026/09/20 21:34:48.377, 2450 MHz, 0x0000000000000000, 75, 49.24 W
2026/09/20 21:34:49.377, 2457 MHz, 0x0000000000000000, 72, 55.26 W
2026/09/20 21:34:50.378, 2463 MHz, 0x0000000000000000, 72, 40.16 W
2026/09/20 21:34:51.378, 2463 MHz, 0x0000000000000000, 72, 40.17 W
2026/09/20 21:34:52.379, 2463 MHz, 0x0000000000000000, 72, 40.10 W
2026/09/20 21:34:53.379, 2463 MHz, 0x0000000000000000, 72, 40.02 W
2026/09/20 21:34:54.379, 2463 MHz, 0x0000000000000000, 72, 40.28 W
2026/09/20 21:34:55.379, 2463 MHz, 0x0000000000000000, 72, 40.21 W
2026/09/20 21:34:56.379, 2463 MHz, 0x0000000000000000, 72, 40.25 W
2026/09/20 21:34:57.380, 2463 MHz, 0x0000000000000000, 72, 40.24 W
2026/09/20 21:34:58.380, 2463 MHz, 0x0000000000000000, 72, 40.20 W
2026/09/20 21:34:59.381, 2463 MHz, 0x0000000000000000, 72, 40.23 W
2026/09/20 21:35:00.381, 2463 MHz, 0x0000000000000000, 72, 40.08 W
2026/09/20 21:35:01.381, 2463 MHz, 0x0000000000000000, 72, 40.14 W
2026/09/20 21:35:02.381, 2463 MHz, 0x0000000000000000, 72, 40.12 W
2026/09/20 21:35:03.382, 2463 MHz, 0x0000000000000000, 72, 40.17 W
2026/09/20 21:35:04.382, 2463 MHz, 0x0000000000000000, 72, 40.14 W
2026/09/20 21:35:05.383, 2463 MHz, 0x0000000000000000, 71, 36.65 W
2026/09/20 21:35:06.383, 2470 MHz, 0x0000000000000000, 72, 36.20 W
2026/09/20 21:35:07.383, 2463 MHz, 0x0000000000000000, 72, 40.04 W
2026/09/20 21:35:08.384, 2463 MHz, 0x0000000000000000, 72, 40.16 W
2026/09/20 21:35:09.384, 2463 MHz, 0x0000000000000000, 72, 40.12 W
2026/09/20 21:35:10.384, 2463 MHz, 0x0000000000000000, 72, 40.17 W
2026/09/20 21:35:11.385, 2463 MHz, 0x0000000000000000, 72, 40.22 W
2026/09/20 21:35:12.385, 2463 MHz, 0x0000000000000000, 72, 40.13 W
2026/09/20 21:35:13.385, 2463 MHz, 0x0000000000000000, 72, 40.20 W
2026/09/20 21:35:14.386, 2463 MHz, 0x0000000000000000, 72, 40.12 W
2026/09/20 21:35:15.386, 2463 MHz, 0x0000000000000000, 72, 40.21 W
2026/09/20 21:35:16.387, 2463 MHz, 0x0000000000000000, 72, 40.21 W
2026/09/20 21:35:17.387, 2463 MHz, 0x0000000000000000, 72, 40.25 W
2026/09/20 21:35:18.388, 2463 MHz, 0x0000000000000000, 72, 40.32 W
2026/09/20 21:35:19.388, 2463 MHz, 0x0000000000000000, 72, 40.30 W
2026/09/20 21:35:20.388, 2463 MHz, 0x0000000000000000, 72, 40.24 W
2026/09/20 21:35:21.388, 2463 MHz, 0x0000000000000000, 72, 40.20 W
2026/09/20 21:35:22.389, 2463 MHz, 0x0000000000000000, 72, 38.74 W
2026/09/20 21:35:23.390, 2405 MHz, 0x0000000000000000, 69, 17.57 W
2026/09/20 21:35:24.390, 2405 MHz, 0x0000000000000000, 68, 17.33 W
2026/09/20 21:35:25.391, 2405 MHz, 0x0000000000000000, 67, 17.17 W
2026/09/20 21:35:26.391, 2450 MHz, 0x0000000000000000, 71, 57.12 W
2026/09/20 21:35:27.392, 2450 MHz, 0x0000000000000000, 74, 59.93 W
2026/09/20 21:35:28.392, 2450 MHz, 0x0000000000000000, 74, 60.21 W
2026/09/20 21:35:29.393, 2450 MHz, 0x0000000000000000, 76, 60.80 W
2026/09/20 21:35:30.393, 2450 MHz, 0x0000000000000000, 76, 61.38 W
2026/09/20 21:35:31.394, 2450 MHz, 0x0000000000000000, 76, 61.66 W
2026/09/20 21:35:32.394, 2450 MHz, 0x0000000000000000, 75, 61.87 W
2026/09/20 21:35:33.394, 2450 MHz, 0x0000000000000000, 77, 62.45 W
2026/09/20 21:35:34.395, 2450 MHz, 0x0000000000000000, 78, 62.83 W
2026/09/20 21:35:35.396, 2450 MHz, 0x0000000000000000, 77, 62.85 W
2026/09/20 21:35:36.396, 2450 MHz, 0x0000000000000000, 77, 63.44 W
2026/09/20 21:35:37.396, 2450 MHz, 0x0000000000000000, 77, 63.77 W
2026/09/20 21:35:38.397, 2450 MHz, 0x0000000000000000, 77, 63.84 W
2026/09/20 21:35:39.397, 2457 MHz, 0x0000000000000000, 75, 53.63 W
2026/09/20 21:35:40.397, 2457 MHz, 0x0000000000000000, 76, 50.66 W
2026/09/20 21:35:41.398, 2450 MHz, 0x0000000000000000, 77, 62.28 W
2026/09/20 21:35:42.398, 2450 MHz, 0x0000000000000000, 77, 64.84 W
2026/09/20 21:35:43.398, 2450 MHz, 0x0000000000000000, 78, 65.12 W
2026/09/20 21:35:44.399, 2450 MHz, 0x0000000000000000, 78, 65.46 W
2026/09/20 21:35:45.400, 2450 MHz, 0x0000000000000000, 78, 65.93 W
2026/09/20 21:35:46.400, 2450 MHz, 0x0000000000000000, 76, 66.17 W
2026/09/20 21:35:47.401, 2444 MHz, 0x0000000000000000, 79, 67.85 W
2026/09/20 21:35:48.401, 2444 MHz, 0x0000000000000000, 78, 66.58 W
2026/09/20 21:35:49.401, 2450 MHz, 0x0000000000000000, 75, 59.72 W
2026/09/20 21:35:50.401, 2405 MHz, 0x0000000000000000, 71, 19.22 W
2026/09/20 21:35:51.401, 2450 MHz, 0x0000000000000000, 77, 40.68 W
2026/09/20 21:35:52.402, 2450 MHz, 0x0000000000000000, 79, 65.67 W
2026/09/20 21:35:53.402, 2463 MHz, 0x0000000000000000, 74, 49.06 W
2026/09/20 21:35:54.403, 2463 MHz, 0x0000000000000000, 74, 41.19 W
2026/09/20 21:35:55.403, 2463 MHz, 0x0000000000000000, 74, 41.16 W
2026/09/20 21:35:56.404, 2463 MHz, 0x0000000000000000, 74, 41.15 W
2026/09/20 21:35:57.404, 2463 MHz, 0x0000000000000000, 74, 41.03 W
2026/09/20 21:35:58.404, 2463 MHz, 0x0000000000000000, 74, 41.08 W
2026/09/20 21:35:59.405, 2463 MHz, 0x0000000000000000, 74, 40.89 W
2026/09/20 21:36:00.405, 2463 MHz, 0x0000000000000000, 74, 40.77 W
2026/09/20 21:36:01.406, 2463 MHz, 0x0000000000000000, 74, 40.70 W
2026/09/20 21:36:02.406, 2463 MHz, 0x0000000000000000, 74, 40.78 W
2026/09/20 21:36:03.407, 2463 MHz, 0x0000000000000000, 74, 40.66 W
2026/09/20 21:36:04.407, 2463 MHz, 0x0000000000000000, 74, 40.64 W
2026/09/20 21:36:05.408, 2463 MHz, 0x0000000000000000, 74, 40.56 W
2026/09/20 21:36:06.408, 2463 MHz, 0x0000000000000000, 74, 40.48 W
2026/09/20 21:36:07.408, 2463 MHz, 0x0000000000000000, 74, 40.34 W
2026/09/20 21:36:08.408, 2463 MHz, 0x0000000000000000, 74, 40.31 W
2026/09/20 21:36:09.409, 2463 MHz, 0x0000000000000000, 74, 40.40 W
2026/09/20 21:36:10.409, 2463 MHz, 0x0000000000000000, 73, 40.56 W
2026/09/20 21:36:11.409, 2463 MHz, 0x0000000000000000, 73, 40.52 W
2026/09/20 21:36:12.410, 2463 MHz, 0x0000000000000000, 73, 40.50 W
2026/09/20 21:36:13.411, 2463 MHz, 0x0000000000000000, 73, 37.47 W
2026/09/20 21:36:14.411, 2463 MHz, 0x0000000000000000, 73, 36.24 W
2026/09/20 21:36:15.411, 2463 MHz, 0x0000000000000000, 73, 40.38 W
2026/09/20 21:36:16.411, 2463 MHz, 0x0000000000000000, 73, 40.46 W
2026/09/20 21:36:17.412, 2463 MHz, 0x0000000000000000, 73, 40.44 W
2026/09/20 21:36:18.412, 2463 MHz, 0x0000000000000000, 73, 40.46 W
2026/09/20 21:36:19.413, 2463 MHz, 0x0000000000000000, 73, 40.56 W
2026/09/20 21:36:20.413, 2463 MHz, 0x0000000000000000, 73, 40.45 W
2026/09/20 21:36:21.413, 2463 MHz, 0x0000000000000000, 74, 40.54 W
2026/09/20 21:36:22.414, 2463 MHz, 0x0000000000000000, 73, 40.45 W
2026/09/20 21:36:23.414, 2463 MHz, 0x0000000000000000, 73, 40.47 W
2026/09/20 21:36:24.415, 2463 MHz, 0x0000000000000000, 73, 40.41 W
2026/09/20 21:36:25.415, 2463 MHz, 0x0000000000000000, 73, 40.47 W
2026/09/20 21:36:26.416, 2463 MHz, 0x0000000000000000, 73, 40.44 W
2026/09/20 21:36:27.416, 2405 MHz, 0x0000000000000000, 70, 21.17 W
2026/09/20 21:36:28.417, 2405 MHz, 0x0000000000000000, 69, 17.72 W
2026/09/20 21:36:29.418, 2405 MHz, 0x0000000000000000, 69, 17.57 W
2026/09/20 21:36:30.418, 2450 MHz, 0x0000000000000000, 75, 46.11 W
2026/09/20 21:36:31.419, 2450 MHz, 0x0000000000000000, 75, 59.88 W
2026/09/20 21:36:32.419, 2450 MHz, 0x0000000000000000, 76, 60.63 W
2026/09/20 21:36:33.419, 2450 MHz, 0x0000000000000000, 73, 59.78 W
2026/09/20 21:36:34.420, 2450 MHz, 0x0000000000000000, 75, 60.87 W
2026/09/20 21:36:35.420, 2450 MHz, 0x0000000000000000, 76, 61.68 W
2026/09/20 21:36:36.421, 2450 MHz, 0x0000000000000000, 76, 62.58 W
2026/09/20 21:36:37.421, 2444 MHz, 0x0000000000000000, 78, 62.63 W
2026/09/20 21:36:38.421, 2450 MHz, 0x0000000000000000, 78, 63.07 W
2026/09/20 21:36:39.422, 2450 MHz, 0x0000000000000000, 79, 63.22 W
2026/09/20 21:36:40.422, 2450 MHz, 0x0000000000000000, 79, 63.70 W
2026/09/20 21:36:41.423, 2450 MHz, 0x0000000000000000, 78, 63.70 W
2026/09/20 21:36:42.423, 2450 MHz, 0x0000000000000000, 79, 64.70 W
2026/09/20 21:36:43.423, 2450 MHz, 0x0000000000000000, 76, 65.10 W
2026/09/20 21:36:44.424, 2450 MHz, 0x0000000000000000, 78, 65.01 W
2026/09/20 21:36:45.424, 2444 MHz, 0x0000000000000000, 78, 65.44 W
2026/09/20 21:36:46.425, 2450 MHz, 0x0000000000000000, 79, 65.95 W
2026/09/20 21:36:47.425, 2457 MHz, 0x0000000000000000, 77, 53.51 W
2026/09/20 21:36:48.425, 2457 MHz, 0x0000000000000000, 77, 51.74 W
2026/09/20 21:36:49.426, 2444 MHz, 0x0000000000000000, 79, 61.24 W
2026/09/20 21:36:50.426, 2444 MHz, 0x0000000000000000, 81, 66.41 W
2026/09/20 21:36:51.426, 2444 MHz, 0x0000000000000000, 80, 66.39 W
2026/09/20 21:36:52.426, 2444 MHz, 0x0000000000000000, 80, 66.75 W
2026/09/20 21:36:53.427, 2444 MHz, 0x0000000000000000, 79, 66.49 W
2026/09/20 21:36:54.427, 2444 MHz, 0x0000000000000000, 80, 67.53 W
2026/09/20 21:36:55.428, 2444 MHz, 0x0000000000000000, 80, 67.19 W
2026/09/20 21:36:56.429, 2437 MHz, 0x0000000000000000, 78, 67.56 W
2026/09/20 21:36:57.429, 2437 MHz, 0x0000000000000000, 80, 68.34 W
2026/09/20 21:36:58.429, 2437 MHz, 0x0000000000000000, 80, 67.94 W
2026/09/20 21:36:59.430, 2437 MHz, 0x0000000000000000, 81, 68.21 W
2026/09/20 21:37:00.430, 2444 MHz, 0x0000000000000000, 82, 68.39 W
2026/09/20 21:37:01.430, 2437 MHz, 0x0000000000000000, 82, 68.67 W
2026/09/20 21:37:02.430, 2437 MHz, 0x0000000000000000, 77, 68.32 W
2026/09/20 21:37:03.431, 2437 MHz, 0x0000000000000000, 80, 70.16 W
2026/09/20 21:37:04.431, 2431 MHz, 0x0000000000000000, 80, 69.19 W
2026/09/20 21:37:05.431, 2431 MHz, 0x0000000000000000, 80, 68.73 W
2026/09/20 21:37:06.432, 2437 MHz, 0x0000000000000000, 80, 69.80 W
2026/09/20 21:37:07.432, 2437 MHz, 0x0000000000000000, 81, 69.48 W
2026/09/20 21:37:08.432, 2437 MHz, 0x0000000000000000, 81, 71.50 W
2026/09/20 21:37:09.433, 2437 MHz, 0x0000000000000000, 81, 69.95 W
2026/09/20 21:37:10.433, 2431 MHz, 0x0000000000000000, 80, 69.96 W
2026/09/20 21:37:11.433, 2431 MHz, 0x0000000000000000, 80, 71.05 W
2026/09/20 21:37:12.433, 2437 MHz, 0x0000000000000000, 82, 70.42 W
2026/09/20 21:37:13.434, 2431 MHz, 0x0000000000000000, 81, 71.58 W
2026/09/20 21:37:14.435, 2431 MHz, 0x0000000000000000, 80, 70.75 W
2026/09/20 21:37:15.435, 2431 MHz, 0x0000000000000000, 80, 71.05 W
2026/09/20 21:37:16.436, 2437 MHz, 0x0000000000000000, 80, 71.24 W
2026/09/20 21:37:17.436, 2431 MHz, 0x0000000000000000, 80, 72.08 W
2026/09/20 21:37:18.437, 2431 MHz, 0x0000000000000000, 80, 71.75 W
2026/09/20 21:37:19.437, 2437 MHz, 0x0000000000000000, 83, 71.49 W
2026/09/20 21:37:20.438, 2437 MHz, 0x0000000000000000, 81, 71.61 W
2026/09/20 21:37:21.438, 2457 MHz, 0x0000000000000000, 79, 62.92 W
2026/09/20 21:37:22.438, 2405 MHz, 0x0000000000000000, 73, 38.76 W
2026/09/20 21:37:23.439, 2424 MHz, 0x0000000000000000, 78, 26.14 W
2026/09/20 21:37:24.439, 2444 MHz, 0x0000000000000000, 79, 72.33 W
2026/09/20 21:37:25.440, 2437 MHz, 0x0000000000000000, 80, 71.49 W
2026/09/20 21:37:26.440, 2463 MHz, 0x0000000000000000, 75, 55.57 W
2026/09/20 21:37:27.440, 2463 MHz, 0x0000000000000000, 75, 41.52 W
2026/09/20 21:37:28.441, 2463 MHz, 0x0000000000000000, 75, 41.40 W
2026/09/20 21:37:29.441, 2463 MHz, 0x0000000000000000, 75, 41.27 W
2026/09/20 21:37:30.442, 2463 MHz, 0x0000000000000000, 75, 41.38 W
2026/09/20 21:37:31.442, 2463 MHz, 0x0000000000000000, 75, 41.32 W
2026/09/20 21:37:32.442, 2463 MHz, 0x0000000000000000, 74, 41.02 W
2026/09/20 21:37:33.443, 2463 MHz, 0x0000000000000000, 74, 40.97 W
2026/09/20 21:37:34.443, 2463 MHz, 0x0000000000000000, 74, 40.96 W
2026/09/20 21:37:35.444, 2463 MHz, 0x0000000000000000, 74, 41.04 W
2026/09/20 21:37:36.444, 2463 MHz, 0x0000000000000000, 74, 40.96 W
2026/09/20 21:37:37.444, 2463 MHz, 0x0000000000000000, 74, 41.03 W
2026/09/20 21:37:38.445, 2463 MHz, 0x0000000000000000, 73, 40.87 W
2026/09/20 21:37:39.445, 2463 MHz, 0x0000000000000000, 73, 40.91 W
2026/09/20 21:37:40.445, 2463 MHz, 0x0000000000000000, 73, 40.85 W
2026/09/20 21:37:41.446, 2463 MHz, 0x0000000000000000, 73, 40.70 W
2026/09/20 21:37:42.446, 2463 MHz, 0x0000000000000000, 73, 41.16 W
2026/09/20 21:37:43.446, 2463 MHz, 0x0000000000000000, 73, 40.95 W
2026/09/20 21:37:44.447, 2463 MHz, 0x0000000000000000, 73, 40.83 W
2026/09/20 21:37:45.447, 2463 MHz, 0x0000000000000000, 73, 40.67 W
2026/09/20 21:37:46.447, 2463 MHz, 0x0000000000000000, 73, 40.66 W
2026/09/20 21:37:47.447, 2463 MHz, 0x0000000000000000, 73, 40.65 W
2026/09/20 21:37:48.448, 2463 MHz, 0x0000000000000000, 73, 40.78 W
2026/09/20 21:37:49.448, 2463 MHz, 0x0000000000000000, 73, 40.82 W
2026/09/20 21:37:50.449, 2463 MHz, 0x0000000000000000, 72, 40.66 W
2026/09/20 21:37:51.449, 2463 MHz, 0x0000000000000000, 72, 40.48 W
2026/09/20 21:37:52.450, 2463 MHz, 0x0000000000000000, 72, 40.38 W
2026/09/20 21:37:53.450, 2463 MHz, 0x0000000000000000, 72, 40.43 W
2026/09/20 21:37:54.450, 2463 MHz, 0x0000000000000000, 72, 40.51 W
2026/09/20 21:37:55.450, 2483 MHz, 0x0000000000000000, 71, 36.37 W
2026/09/20 21:37:56.451, 2483 MHz, 0x0000000000000000, 72, 35.62 W
2026/09/20 21:37:57.451, 2483 MHz, 0x0000000000000000, 72, 40.42 W
2026/09/20 21:37:58.452, 2483 MHz, 0x0000000000000000, 72, 40.41 W
2026/09/20 21:37:59.452, 2483 MHz, 0x0000000000000000, 72, 40.40 W
2026/09/20 21:38:00.453, 2405 MHz, 0x0000000000000000, 68, 25.39 W
2026/09/20 21:38:01.454, 2405 MHz, 0x0000000000000000, 68, 17.29 W
2026/09/20 21:38:02.454, 2483 MHz, 0x0000000000000000, 70, 35.51 W
2026/09/20 21:38:03.455, 2483 MHz, 0x0000000000000000, 71, 40.72 W
2026/09/20 21:38:04.456, 2483 MHz, 0x0000000000000000, 71, 40.91 W
2026/09/20 21:38:05.456, 2483 MHz, 0x0000000000000000, 71, 40.96 W
2026/09/20 21:38:06.457, 2483 MHz, 0x0000000000000000, 71, 40.85 W
2026/09/20 21:38:07.457, 2483 MHz, 0x0000000000000000, 71, 41.09 W
2026/09/20 21:38:08.457, 2483 MHz, 0x0000000000000000, 71, 41.05 W
2026/09/20 21:38:09.458, 2483 MHz, 0x0000000000000000, 71, 40.85 W
2026/09/20 21:38:10.459, 2483 MHz, 0x0000000000000000, 71, 40.94 W
2026/09/20 21:38:11.460, 2483 MHz, 0x0000000000000000, 71, 41.04 W
2026/09/20 21:38:12.460, 2483 MHz, 0x0000000000000000, 71, 41.12 W
2026/09/20 21:38:13.460, 2483 MHz, 0x0000000000000000, 71, 40.98 W
2026/09/20 21:38:14.461, 2483 MHz, 0x0000000000000000, 71, 41.09 W
2026/09/20 21:38:15.461, 2483 MHz, 0x0000000000000000, 71, 41.12 W
2026/09/20 21:38:16.462, 2483 MHz, 0x0000000000000000, 71, 41.07 W
2026/09/20 21:38:17.462, 2483 MHz, 0x0000000000000000, 71, 41.11 W
2026/09/20 21:38:18.463, 2483 MHz, 0x0000000000000000, 71, 41.05 W
2026/09/20 21:38:19.463, 2483 MHz, 0x0000000000000000, 71, 41.10 W
2026/09/20 21:38:20.463, 2483 MHz, 0x0000000000000000, 71, 41.21 W
2026/09/20 21:38:21.464, 2483 MHz, 0x0000000000000000, 71, 41.06 W
2026/09/20 21:38:22.464, 2483 MHz, 0x0000000000000000, 71, 41.12 W
2026/09/20 21:38:23.464, 2483 MHz, 0x0000000000000000, 71, 41.12 W
2026/09/20 21:38:24.464, 2483 MHz, 0x0000000000000000, 71, 41.14 W
2026/09/20 21:38:25.465, 2483 MHz, 0x0000000000000000, 71, 41.06 W
2026/09/20 21:38:26.465, 2483 MHz, 0x0000000000000000, 71, 41.11 W
2026/09/20 21:38:27.465, 2483 MHz, 0x0000000000000000, 71, 41.03 W
2026/09/20 21:38:28.465, 2483 MHz, 0x0000000000000000, 71, 41.06 W
2026/09/20 21:38:29.466, 2483 MHz, 0x0000000000000000, 70, 36.64 W
2026/09/20 21:38:30.466, 2483 MHz, 0x0000000000000000, 71, 37.70 W
2026/09/20 21:38:31.466, 2483 MHz, 0x0000000000000000, 71, 41.01 W
2026/09/20 21:38:32.467, 2483 MHz, 0x0000000000000000, 71, 41.03 W
2026/09/20 21:38:33.467, 2483 MHz, 0x0000000000000000, 71, 40.91 W
2026/09/20 21:38:34.467, 2483 MHz, 0x0000000000000000, 71, 40.82 W
2026/09/20 21:38:35.468, 2483 MHz, 0x0000000000000000, 71, 40.98 W
2026/09/20 21:38:36.468, 2483 MHz, 0x0000000000000000, 71, 41.04 W
2026/09/20 21:38:37.469, 2483 MHz, 0x0000000000000000, 71, 40.46 W
2026/09/20 21:38:38.469, 2405 MHz, 0x0000000000000000, 67, 17.25 W
2026/09/20 21:38:39.470, 2424 MHz, 0x0000000000000000, 69, 20.05 W
2026/09/20 21:38:40.470, 2483 MHz, 0x0000000000000000, 70, 43.42 W
2026/09/20 21:38:41.470, 2483 MHz, 0x0000000000000000, 70, 41.65 W
2026/09/20 21:38:42.471, 2483 MHz, 0x0000000000000000, 70, 41.74 W
2026/09/20 21:38:43.471, 2483 MHz, 0x0000000000000000, 70, 41.72 W
2026/09/20 21:38:44.471, 2483 MHz, 0x0000000000000000, 70, 41.67 W
2026/09/20 21:38:45.472, 2483 MHz, 0x0000000000000000, 70, 41.83 W
2026/09/20 21:38:46.472, 2483 MHz, 0x0000000000000000, 70, 41.75 W
2026/09/20 21:38:47.473, 2483 MHz, 0x0000000000000000, 71, 41.94 W
2026/09/20 21:38:48.473, 2483 MHz, 0x0000000000000000, 71, 42.03 W
2026/09/20 21:38:49.473, 2483 MHz, 0x0000000000000000, 71, 42.10 W
2026/09/20 21:38:50.474, 2483 MHz, 0x0000000000000000, 71, 42.08 W
2026/09/20 21:38:51.474, 2483 MHz, 0x0000000000000000, 71, 41.98 W
2026/09/20 21:38:52.474, 2483 MHz, 0x0000000000000000, 71, 42.01 W
2026/09/20 21:38:53.475, 2483 MHz, 0x0000000000000000, 71, 41.98 W
2026/09/20 21:38:54.475, 2483 MHz, 0x0000000000000000, 71, 42.04 W
2026/09/20 21:38:55.475, 2483 MHz, 0x0000000000000000, 71, 42.15 W
2026/09/20 21:38:56.476, 2483 MHz, 0x0000000000000000, 71, 42.20 W
2026/09/20 21:38:57.476, 2483 MHz, 0x0000000000000000, 71, 42.22 W
2026/09/20 21:38:58.476, 2483 MHz, 0x0000000000000000, 71, 42.07 W
2026/09/20 21:38:59.477, 2483 MHz, 0x0000000000000000, 71, 42.05 W
2026/09/20 21:39:00.478, 2483 MHz, 0x0000000000000000, 71, 42.06 W
2026/09/20 21:39:01.478, 2483 MHz, 0x0000000000000000, 71, 42.05 W
2026/09/20 21:39:02.479, 2483 MHz, 0x0000000000000000, 70, 41.15 W
2026/09/20 21:39:03.479, 2483 MHz, 0x0000000000000000, 70, 38.54 W
2026/09/20 21:39:04.479, 2483 MHz, 0x0000000000000000, 71, 39.70 W
2026/09/20 21:39:05.480, 2483 MHz, 0x0000000000000000, 71, 42.20 W
2026/09/20 21:39:06.480, 2483 MHz, 0x0000000000000000, 71, 42.18 W
2026/09/20 21:39:07.481, 2483 MHz, 0x0000000000000000, 71, 42.21 W
2026/09/20 21:39:08.481, 2483 MHz, 0x0000000000000000, 71, 42.14 W
2026/09/20 21:39:09.482, 2483 MHz, 0x0000000000000000, 71, 42.24 W
2026/09/20 21:39:10.482, 2483 MHz, 0x0000000000000000, 71, 42.24 W
2026/09/20 21:39:11.483, 2483 MHz, 0x0000000000000000, 71, 42.22 W
2026/09/20 21:39:12.483, 2483 MHz, 0x0000000000000000, 71, 42.29 W
2026/09/20 21:39:13.484, 2483 MHz, 0x0000000000000000, 71, 42.22 W
2026/09/20 21:39:14.484, 2483 MHz, 0x0000000000000000, 71, 42.17 W
2026/09/20 21:39:15.484, 2405 MHz, 0x0000000000000000, 68, 32.82 W
2026/09/20 21:39:16.485, 2405 MHz, 0x0000000000000000, 67, 17.18 W
2026/09/20 21:39:17.485, 2450 MHz, 0x0000000000000000, 74, 38.06 W
2026/09/20 21:39:18.486, 2450 MHz, 0x0000000000000000, 74, 60.49 W
2026/09/20 21:39:19.486, 2450 MHz, 0x0000000000000000, 73, 43.67 W
2026/09/20 21:39:20.487, 2450 MHz, 0x0000000000000000, 74, 60.46 W
2026/09/20 21:39:21.487, 2450 MHz, 0x0000000000000000, 74, 61.02 W
2026/09/20 21:39:22.488, 2457 MHz, 0x0000000000000000, 72, 56.66 W
2026/09/20 21:39:23.488, 2483 MHz, 0x0000000000000000, 71, 41.18 W
2026/09/20 21:39:24.489, 2483 MHz, 0x0000000000000000, 71, 41.12 W
2026/09/20 21:39:25.489, 2483 MHz, 0x0000000000000000, 71, 41.14 W
2026/09/20 21:39:26.489, 2483 MHz, 0x0000000000000000, 71, 41.18 W
2026/09/20 21:39:27.490, 2483 MHz, 0x0000000000000000, 71, 41.19 W
2026/09/20 21:39:28.490, 2483 MHz, 0x0000000000000000, 71, 41.22 W
2026/09/20 21:39:29.490, 2483 MHz, 0x0000000000000000, 71, 41.12 W
2026/09/20 21:39:30.490, 2483 MHz, 0x0000000000000000, 71, 41.21 W
2026/09/20 21:39:31.491, 2483 MHz, 0x0000000000000000, 71, 41.06 W
2026/09/20 21:39:32.491, 2483 MHz, 0x0000000000000000, 71, 41.12 W
2026/09/20 21:39:33.492, 2483 MHz, 0x0000000000000000, 71, 41.19 W
2026/09/20 21:39:34.492, 2483 MHz, 0x0000000000000000, 71, 41.24 W
2026/09/20 21:39:35.493, 2483 MHz, 0x0000000000000000, 71, 41.19 W
2026/09/20 21:39:36.493, 2483 MHz, 0x0000000000000000, 71, 41.09 W
2026/09/20 21:39:37.493, 2483 MHz, 0x0000000000000000, 70, 36.62 W
2026/09/20 21:39:38.494, 2483 MHz, 0x0000000000000000, 71, 38.28 W
2026/09/20 21:39:39.494, 2483 MHz, 0x0000000000000000, 71, 41.08 W
2026/09/20 21:39:40.495, 2483 MHz, 0x0000000000000000, 71, 41.15 W
2026/09/20 21:39:41.495, 2483 MHz, 0x0000000000000000, 71, 41.11 W
2026/09/20 21:39:42.495, 2483 MHz, 0x0000000000000000, 71, 41.23 W
2026/09/20 21:39:43.496, 2483 MHz, 0x0000000000000000, 71, 41.26 W
2026/09/20 21:39:44.496, 2483 MHz, 0x0000000000000000, 71, 41.02 W
2026/09/20 21:39:45.496, 2483 MHz, 0x0000000000000000, 71, 41.07 W
2026/09/20 21:39:46.497, 2483 MHz, 0x0000000000000000, 71, 41.17 W
2026/09/20 21:39:47.497, 2483 MHz, 0x0000000000000000, 71, 41.14 W
2026/09/20 21:39:48.498, 2483 MHz, 0x0000000000000000, 71, 41.22 W
2026/09/20 21:39:49.498, 2483 MHz, 0x0000000000000000, 71, 41.31 W
2026/09/20 21:39:50.499, 2483 MHz, 0x0000000000000000, 71, 41.33 W
2026/09/20 21:39:51.499, 2483 MHz, 0x0000000000000000, 71, 41.36 W
2026/09/20 21:39:52.500, 2483 MHz, 0x0000000000000000, 71, 41.42 W
2026/09/20 21:39:53.500, 2483 MHz, 0x0000000000000000, 71, 41.39 W
2026/09/20 21:39:54.501, 2483 MHz, 0x0000000000000000, 71, 41.29 W
2026/09/20 21:39:55.501, 2483 MHz, 0x0000000000000000, 71, 41.39 W
2026/09/20 21:39:56.502, 2405 MHz, 0x0000000000000000, 67, 22.66 W
2026/09/20 21:39:57.502, 2405 MHz, 0x0000000000000000, 66, 16.98 W
2026/09/20 21:39:58.502, 2450 MHz, 0x0000000000000000, 73, 53.95 W
2026/09/20 21:39:59.502, 2431 MHz, 0x0000000000000000, 68, 51.63 W
2026/09/20 21:40:00.503, 2450 MHz, 0x0000000000000000, 73, 51.67 W
2026/09/20 21:40:01.503, 2450 MHz, 0x0000000000000000, 74, 59.51 W
2026/09/20 21:40:02.504, 2450 MHz, 0x0000000000000000, 74, 60.02 W
2026/09/20 21:40:03.504, 2450 MHz, 0x0000000000000000, 74, 60.77 W
2026/09/20 21:40:04.505, 2450 MHz, 0x0000000000000000, 75, 60.25 W
2026/09/20 21:40:05.505, 2450 MHz, 0x0000000000000000, 74, 60.89 W
2026/09/20 21:40:06.505, 2457 MHz, 0x0000000000000000, 72, 57.22 W
2026/09/20 21:40:07.506, 2483 MHz, 0x0000000000000000, 71, 42.57 W
2026/09/20 21:40:08.506, 2483 MHz, 0x0000000000000000, 71, 42.51 W
2026/09/20 21:40:09.507, 2483 MHz, 0x0000000000000000, 71, 42.50 W
2026/09/20 21:40:10.507, 2483 MHz, 0x0000000000000000, 71, 41.97 W
2026/09/20 21:40:11.507, 2483 MHz, 0x0000000000000000, 70, 38.24 W
2026/09/20 21:40:12.508, 2483 MHz, 0x0000000000000000, 71, 39.68 W
2026/09/20 21:40:13.508, 2483 MHz, 0x0000000000000000, 71, 42.45 W
2026/09/20 21:40:14.508, 2483 MHz, 0x0000000000000000, 71, 42.61 W
2026/09/20 21:40:15.509, 2483 MHz, 0x0000000000000000, 71, 42.53 W
2026/09/20 21:40:16.509, 2483 MHz, 0x0000000000000000, 71, 42.54 W
2026/09/20 21:40:17.509, 2483 MHz, 0x0000000000000000, 71, 42.53 W
2026/09/20 21:40:18.510, 2483 MHz, 0x0000000000000000, 71, 42.56 W
2026/09/20 21:40:19.510, 2483 MHz, 0x0000000000000000, 71, 42.50 W
2026/09/20 21:40:20.510, 2483 MHz, 0x0000000000000000, 71, 42.49 W
2026/09/20 21:40:21.511, 2483 MHz, 0x0000000000000000, 71, 42.41 W
2026/09/20 21:40:22.512, 2483 MHz, 0x0000000000000000, 71, 42.39 W
2026/09/20 21:40:23.512, 2483 MHz, 0x0000000000000000, 71, 42.46 W
2026/09/20 21:40:24.512, 2483 MHz, 0x0000000000000000, 71, 42.40 W
2026/09/20 21:40:25.512, 2483 MHz, 0x0000000000000000, 71, 42.49 W
2026/09/20 21:40:26.513, 2483 MHz, 0x0000000000000000, 71, 42.36 W
2026/09/20 21:40:27.513, 2483 MHz, 0x0000000000000000, 71, 42.29 W
2026/09/20 21:40:28.514, 2483 MHz, 0x0000000000000000, 71, 42.53 W
2026/09/20 21:40:29.514, 2483 MHz, 0x0000000000000000, 71, 42.62 W
2026/09/20 21:40:30.514, 2483 MHz, 0x0000000000000000, 71, 42.58 W
2026/09/20 21:40:31.515, 2483 MHz, 0x0000000000000000, 71, 42.46 W
2026/09/20 21:40:32.515, 2483 MHz, 0x0000000000000000, 71, 42.58 W
2026/09/20 21:40:33.516, 2483 MHz, 0x0000000000000000, 71, 42.60 W
2026/09/20 21:40:34.516, 2483 MHz, 0x0000000000000000, 71, 42.65 W
2026/09/20 21:40:35.517, 2483 MHz, 0x0000000000000000, 71, 42.56 W
2026/09/20 21:40:36.517, 2483 MHz, 0x0000000000000000, 71, 42.54 W
2026/09/20 21:40:37.517, 2483 MHz, 0x0000000000000000, 71, 42.48 W
2026/09/20 21:40:38.518, 2483 MHz, 0x0000000000000000, 71, 42.44 W
2026/09/20 21:40:39.518, 2483 MHz, 0x0000000000000000, 71, 42.42 W
2026/09/20 21:40:40.519, 2483 MHz, 0x0000000000000000, 71, 40.69 W
2026/09/20 21:40:41.519, 2405 MHz, 0x0000000000000000, 67, 17.14 W
2026/09/20 21:40:42.519, 2424 MHz, 0x0000000000000000, 70, 22.54 W
2026/09/20 21:40:43.520, 2457 MHz, 0x0000000000000000, 72, 61.58 W
2026/09/20 21:40:44.520, 2450 MHz, 0x0000000000000000, 74, 57.69 W
2026/09/20 21:40:45.521, 2476 MHz, 0x0000000000000000, 72, 50.45 W
2026/09/20 21:40:46.521, 2470 MHz, 0x0000000000000000, 71, 48.10 W
2026/09/20 21:40:47.522, 2450 MHz, 0x0000000000000000, 73, 56.63 W
2026/09/20 21:40:48.522, 2483 MHz, 0x0000000000000000, 70, 41.36 W
2026/09/20 21:40:49.522, 2483 MHz, 0x0000000000000000, 70, 41.35 W
2026/09/20 21:40:50.523, 2483 MHz, 0x0000000000000000, 70, 41.44 W
2026/09/20 21:40:51.523, 2483 MHz, 0x0000000000000000, 70, 41.32 W
2026/09/20 21:40:52.523, 2483 MHz, 0x0000000000000000, 70, 41.29 W
2026/09/20 21:40:53.523, 2483 MHz, 0x0000000000000000, 70, 41.24 W
2026/09/20 21:40:54.524, 2483 MHz, 0x0000000000000000, 70, 41.23 W
2026/09/20 21:40:55.524, 2483 MHz, 0x0000000000000000, 70, 41.29 W
2026/09/20 21:40:56.525, 2483 MHz, 0x0000000000000000, 70, 41.21 W
2026/09/20 21:40:57.525, 2483 MHz, 0x0000000000000000, 70, 41.24 W
2026/09/20 21:40:58.526, 2483 MHz, 0x0000000000000000, 70, 41.14 W
2026/09/20 21:40:59.527, 2483 MHz, 0x0000000000000000, 70, 41.11 W
2026/09/20 21:41:00.527, 2483 MHz, 0x0000000000000000, 70, 40.97 W
2026/09/20 21:41:01.527, 2483 MHz, 0x0000000000000000, 70, 40.92 W
2026/09/20 21:41:02.527, 2483 MHz, 0x0000000000000000, 70, 40.86 W
2026/09/20 21:41:03.528, 2483 MHz, 0x0000000000000000, 70, 40.89 W
2026/09/20 21:41:04.528, 2483 MHz, 0x0000000000000000, 70, 41.08 W
2026/09/20 21:41:05.528, 2483 MHz, 0x0000000000000000, 70, 40.85 W
2026/09/20 21:41:06.529, 2483 MHz, 0x0000000000000000, 70, 41.14 W
2026/09/20 21:41:07.529, 2483 MHz, 0x0000000000000000, 70, 41.05 W
2026/09/20 21:41:08.529, 2483 MHz, 0x0000000000000000, 70, 41.01 W
2026/09/20 21:41:09.530, 2483 MHz, 0x0000000000000000, 70, 40.85 W
2026/09/20 21:41:10.530, 2483 MHz, 0x0000000000000000, 70, 41.08 W
2026/09/20 21:41:11.530, 2483 MHz, 0x0000000000000000, 70, 41.01 W
2026/09/20 21:41:12.530, 2483 MHz, 0x0000000000000000, 70, 41.24 W
2026/09/20 21:41:13.531, 2483 MHz, 0x0000000000000000, 70, 41.18 W
2026/09/20 21:41:14.531, 2483 MHz, 0x0000000000000000, 70, 41.24 W
2026/09/20 21:41:15.532, 2483 MHz, 0x0000000000000000, 70, 41.11 W
2026/09/20 21:41:16.533, 2483 MHz, 0x0000000000000000, 70, 41.00 W
2026/09/20 21:41:17.533, 2483 MHz, 0x0000000000000000, 70, 40.96 W
2026/09/20 21:41:18.533, 2483 MHz, 0x0000000000000000, 70, 40.99 W
2026/09/20 21:41:19.533, 2483 MHz, 0x0000000000000000, 69, 38.28 W
2026/09/20 21:41:20.534, 2483 MHz, 0x0000000000000000, 69, 36.54 W
2026/09/20 21:41:21.534, 2483 MHz, 0x0000000000000000, 70, 40.80 W
2026/09/20 21:41:22.535, 2405 MHz, 0x0000000000000000, 67, 18.96 W
2026/09/20 21:41:23.535, 2405 MHz, 0x0000000000000000, 66, 16.90 W
2026/09/20 21:41:24.535, 2450 MHz, 0x0000000000000000, 72, 60.07 W
2026/09/20 21:41:25.536, 2450 MHz, 0x0000000000000000, 72, 55.44 W
2026/09/20 21:41:26.536, 2450 MHz, 0x0000000000000000, 73, 60.64 W
2026/09/20 21:41:27.537, 2450 MHz, 0x0000000000000000, 74, 62.07 W
2026/09/20 21:41:28.537, 2450 MHz, 0x0000000000000000, 73, 63.18 W
2026/09/20 21:41:29.537, 2444 MHz, 0x0000000000000000, 74, 61.90 W
2026/09/20 21:41:30.538, 2450 MHz, 0x0000000000000000, 72, 59.91 W
2026/09/20 21:41:31.538, 2483 MHz, 0x0000000000000000, 71, 42.47 W
2026/09/20 21:41:32.539, 2483 MHz, 0x0000000000000000, 71, 42.53 W
2026/09/20 21:41:33.539, 2483 MHz, 0x0000000000000000, 71, 42.44 W
2026/09/20 21:41:34.539, 2483 MHz, 0x0000000000000000, 71, 42.52 W
2026/09/20 21:41:35.540, 2483 MHz, 0x0000000000000000, 71, 42.50 W
2026/09/20 21:41:36.540, 2483 MHz, 0x0000000000000000, 71, 42.51 W
2026/09/20 21:41:37.541, 2483 MHz, 0x0000000000000000, 71, 42.52 W
2026/09/20 21:41:38.541, 2483 MHz, 0x0000000000000000, 71, 42.55 W
2026/09/20 21:41:39.542, 2483 MHz, 0x0000000000000000, 71, 42.63 W
2026/09/20 21:41:40.542, 2483 MHz, 0x0000000000000000, 71, 42.60 W
2026/09/20 21:41:41.542, 2483 MHz, 0x0000000000000000, 71, 42.65 W
2026/09/20 21:41:42.543, 2483 MHz, 0x0000000000000000, 71, 42.58 W
2026/09/20 21:41:43.543, 2483 MHz, 0x0000000000000000, 71, 42.50 W
2026/09/20 21:41:44.543, 2483 MHz, 0x0000000000000000, 71, 42.40 W
2026/09/20 21:41:45.544, 2483 MHz, 0x0000000000000000, 71, 42.47 W
2026/09/20 21:41:46.544, 2483 MHz, 0x0000000000000000, 71, 42.51 W
2026/09/20 21:41:47.545, 2483 MHz, 0x0000000000000000, 71, 42.45 W
2026/09/20 21:41:48.545, 2483 MHz, 0x0000000000000000, 71, 42.46 W
2026/09/20 21:41:49.545, 2483 MHz, 0x0000000000000000, 71, 42.44 W
2026/09/20 21:41:50.545, 2483 MHz, 0x0000000000000000, 71, 42.56 W
2026/09/20 21:41:51.546, 2483 MHz, 0x0000000000000000, 71, 42.40 W
2026/09/20 21:41:52.546, 2483 MHz, 0x0000000000000000, 71, 42.49 W
2026/09/20 21:41:53.547, 2483 MHz, 0x0000000000000000, 70, 39.05 W
2026/09/20 21:41:54.547, 2483 MHz, 0x0000000000000000, 71, 39.14 W
2026/09/20 21:41:55.547, 2483 MHz, 0x0000000000000000, 71, 42.56 W
2026/09/20 21:41:56.547, 2483 MHz, 0x0000000000000000, 71, 42.63 W
2026/09/20 21:41:57.548, 2483 MHz, 0x0000000000000000, 71, 42.59 W
2026/09/20 21:41:58.548, 2483 MHz, 0x0000000000000000, 71, 42.61 W
2026/09/20 21:41:59.549, 2483 MHz, 0x0000000000000000, 71, 42.44 W
2026/09/20 21:42:00.549, 2483 MHz, 0x0000000000000000, 71, 42.58 W
2026/09/20 21:42:01.549, 2483 MHz, 0x0000000000000000, 71, 42.45 W
2026/09/20 21:42:02.549, 2483 MHz, 0x0000000000000000, 71, 42.47 W
2026/09/20 21:42:03.550, 2483 MHz, 0x0000000000000000, 71, 42.50 W
2026/09/20 21:42:04.550, 2405 MHz, 0x0000000000000000, 67, 24.19 W
2026/09/20 21:42:05.550, 2405 MHz, 0x0000000000000000, 66, 17.05 W
2026/09/20 21:42:06.551, 2450 MHz, 0x0000000000000000, 72, 52.43 W
2026/09/20 21:42:07.551, 2450 MHz, 0x0000000000000000, 73, 63.76 W
2026/09/20 21:42:08.552, 2450 MHz, 0x0000000000000000, 74, 53.08 W
2026/09/20 21:42:09.552, 2450 MHz, 0x0000000000000000, 74, 64.06 W
2026/09/20 21:42:10.552, 2450 MHz, 0x0000000000000000, 75, 65.51 W
2026/09/20 21:42:11.553, 2450 MHz, 0x0000000000000000, 71, 59.64 W
2026/09/20 21:42:12.554, 2483 MHz, 0x0000000000000000, 71, 41.56 W
2026/09/20 21:42:13.554, 2483 MHz, 0x0000000000000000, 71, 41.44 W
2026/09/20 21:42:14.554, 2483 MHz, 0x0000000000000000, 71, 41.48 W
2026/09/20 21:42:15.554, 2483 MHz, 0x0000000000000000, 71, 41.64 W
2026/09/20 21:42:16.555, 2483 MHz, 0x0000000000000000, 71, 41.49 W
2026/09/20 21:42:17.555, 2483 MHz, 0x0000000000000000, 71, 41.50 W
2026/09/20 21:42:18.556, 2483 MHz, 0x0000000000000000, 71, 41.50 W
2026/09/20 21:42:19.556, 2483 MHz, 0x0000000000000000, 71, 41.63 W
2026/09/20 21:42:20.556, 2483 MHz, 0x0000000000000000, 71, 41.63 W
2026/09/20 21:42:21.557, 2483 MHz, 0x0000000000000000, 71, 41.55 W
2026/09/20 21:42:22.557, 2483 MHz, 0x0000000000000000, 71, 41.36 W
2026/09/20 21:42:23.558, 2483 MHz, 0x0000000000000000, 71, 41.39 W
2026/09/20 21:42:24.558, 2483 MHz, 0x0000000000000000, 71, 41.47 W
2026/09/20 21:42:25.558, 2483 MHz, 0x0000000000000000, 71, 41.47 W
2026/09/20 21:42:26.558, 2483 MHz, 0x0000000000000000, 71, 41.44 W
2026/09/20 21:42:27.559, 2483 MHz, 0x0000000000000000, 70, 36.39 W
2026/09/20 21:42:28.559, 2483 MHz, 0x0000000000000000, 70, 39.02 W
2026/09/20 21:42:29.560, 2483 MHz, 0x0000000000000000, 71, 41.48 W
2026/09/20 21:42:30.560, 2483 MHz, 0x0000000000000000, 71, 41.46 W
2026/09/20 21:42:31.560, 2483 MHz, 0x0000000000000000, 71, 41.43 W
2026/09/20 21:42:32.561, 2483 MHz, 0x0000000000000000, 71, 41.34 W
2026/09/20 21:42:33.561, 2483 MHz, 0x0000000000000000, 71, 41.50 W
2026/09/20 21:42:34.561, 2483 MHz, 0x0000000000000000, 71, 41.49 W
2026/09/20 21:42:35.562, 2483 MHz, 0x0000000000000000, 71, 41.50 W
2026/09/20 21:42:36.562, 2483 MHz, 0x0000000000000000, 70, 41.36 W
2026/09/20 21:42:37.562, 2483 MHz, 0x0000000000000000, 71, 41.46 W
2026/09/20 21:42:38.562, 2483 MHz, 0x0000000000000000, 71, 41.52 W
2026/09/20 21:42:39.562, 2483 MHz, 0x0000000000000000, 71, 41.49 W
2026/09/20 21:42:40.563, 2483 MHz, 0x0000000000000000, 71, 41.55 W
2026/09/20 21:42:41.563, 2483 MHz, 0x0000000000000000, 70, 41.32 W
2026/09/20 21:42:42.563, 2483 MHz, 0x0000000000000000, 71, 41.22 W
2026/09/20 21:42:43.564, 2483 MHz, 0x0000000000000000, 71, 41.17 W
2026/09/20 21:42:44.564, 2483 MHz, 0x0000000000000000, 71, 41.27 W
2026/09/20 21:42:45.565, 2483 MHz, 0x0000000000000000, 68, 38.39 W
2026/09/20 21:42:46.566, 2405 MHz, 0x0000000000000000, 67, 17.19 W
2026/09/20 21:42:47.566, 2405 MHz, 0x0000000000000000, 72, 21.50 W
2026/09/20 21:42:48.567, 2450 MHz, 0x0000000000000000, 70, 64.67 W
2026/09/20 21:42:49.567, 2411 MHz, 0x0000000000000000, 72, 50.98 W
2026/09/20 21:42:50.567, 2450 MHz, 0x0000000000000000, 74, 65.46 W
2026/09/20 21:42:51.568, 2450 MHz, 0x0000000000000000, 76, 63.49 W
2026/09/20 21:42:52.568, 2450 MHz, 0x0000000000000000, 74, 64.52 W
2026/09/20 21:42:53.568, 2450 MHz, 0x0000000000000000, 74, 64.62 W
2026/09/20 21:42:54.569, 2450 MHz, 0x0000000000000000, 74, 64.56 W
2026/09/20 21:42:55.569, 2450 MHz, 0x0000000000000000, 74, 65.11 W
2026/09/20 21:42:56.569, 2450 MHz, 0x0000000000000000, 76, 63.88 W
2026/09/20 21:42:57.569, 2483 MHz, 0x0000000000000000, 72, 45.65 W
2026/09/20 21:42:58.569, 2483 MHz, 0x0000000000000000, 71, 42.98 W
2026/09/20 21:42:59.569, 2483 MHz, 0x0000000000000000, 71, 42.95 W
2026/09/20 21:43:00.570, 2483 MHz, 0x0000000000000000, 71, 42.09 W
2026/09/20 21:43:01.570, 2483 MHz, 0x0000000000000000, 71, 38.49 W
2026/09/20 21:43:02.571, 2483 MHz, 0x0000000000000000, 71, 40.43 W
2026/09/20 21:43:03.571, 2483 MHz, 0x0000000000000000, 71, 43.05 W
2026/09/20 21:43:04.571, 2483 MHz, 0x0000000000000000, 71, 43.09 W
2026/09/20 21:43:05.572, 2483 MHz, 0x0000000000000000, 71, 43.15 W
2026/09/20 21:43:06.573, 2483 MHz, 0x0000000000000000, 71, 43.03 W
2026/09/20 21:43:07.573, 2483 MHz, 0x0000000000000000, 71, 43.14 W
2026/09/20 21:43:08.574, 2483 MHz, 0x0000000000000000, 71, 43.12 W
2026/09/20 21:43:09.574, 2483 MHz, 0x0000000000000000, 71, 43.08 W
2026/09/20 21:43:10.574, 2483 MHz, 0x0000000000000000, 71, 43.18 W
2026/09/20 21:43:11.574, 2483 MHz, 0x0000000000000000, 71, 43.19 W
2026/09/20 21:43:12.575, 2483 MHz, 0x0000000000000000, 71, 43.16 W
2026/09/20 21:43:13.576, 2483 MHz, 0x0000000000000000, 71, 43.15 W
2026/09/20 21:43:14.576, 2483 MHz, 0x0000000000000000, 71, 43.18 W
2026/09/20 21:43:15.576, 2483 MHz, 0x0000000000000000, 71, 43.22 W
2026/09/20 21:43:16.577, 2483 MHz, 0x0000000000000000, 71, 43.20 W
2026/09/20 21:43:17.577, 2483 MHz, 0x0000000000000000, 71, 43.15 W
2026/09/20 21:43:18.578, 2483 MHz, 0x0000000000000000, 71, 42.96 W
2026/09/20 21:43:19.578, 2483 MHz, 0x0000000000000000, 71, 43.13 W
2026/09/20 21:43:20.579, 2483 MHz, 0x0000000000000000, 71, 43.22 W
2026/09/20 21:43:21.579, 2483 MHz, 0x0000000000000000, 71, 43.22 W
2026/09/20 21:43:22.579, 2483 MHz, 0x0000000000000000, 71, 43.00 W
2026/09/20 21:43:23.580, 2483 MHz, 0x0000000000000000, 71, 43.17 W
2026/09/20 21:43:24.580, 2483 MHz, 0x0000000000000000, 72, 43.12 W
2026/09/20 21:43:25.581, 2483 MHz, 0x0000000000000000, 71, 43.19 W
2026/09/20 21:43:26.581, 2483 MHz, 0x0000000000000000, 71, 43.10 W
2026/09/20 21:43:27.582, 2483 MHz, 0x0000000000000000, 71, 43.09 W
2026/09/20 21:43:28.582, 2483 MHz, 0x0000000000000000, 71, 43.09 W
2026/09/20 21:43:29.582, 2483 MHz, 0x0000000000000000, 71, 43.22 W
2026/09/20 21:43:30.583, 2411 MHz, 0x0000000000000000, 68, 34.58 W
2026/09/20 21:43:31.584, 2405 MHz, 0x0000000000000000, 67, 17.13 W
2026/09/20 21:43:32.585, 2437 MHz, 0x0000000000000000, 73, 29.20 W
2026/09/20 21:43:33.585, 2450 MHz, 0x0000000000000000, 75, 69.31 W
2026/09/20 21:43:34.586, 2450 MHz, 0x0000000000000000, 75, 70.26 W
2026/09/20 21:43:35.587, 2424 MHz, 0x0000000000000000, 71, 43.16 W
2026/09/20 21:43:36.587, 2450 MHz, 0x0000000000000000, 74, 61.17 W
2026/09/20 21:43:37.587, 2450 MHz, 0x0000000000000000, 75, 69.93 W
2026/09/20 21:43:38.588, 2444 MHz, 0x0000000000000000, 75, 69.57 W
2026/09/20 21:43:39.588, 2450 MHz, 0x0000000000000000, 73, 69.20 W
2026/09/20 21:43:40.589, 2450 MHz, 0x0000000000000000, 75, 71.55 W
2026/09/20 21:43:41.590, 2463 MHz, 0x0000000000000000, 72, 50.57 W
2026/09/20 21:43:42.590, 2463 MHz, 0x0000000000000000, 72, 42.20 W
2026/09/20 21:43:43.590, 2463 MHz, 0x0000000000000000, 72, 42.05 W
2026/09/20 21:43:44.590, 2483 MHz, 0x0000000000000000, 71, 42.01 W
2026/09/20 21:43:45.591, 2483 MHz, 0x0000000000000000, 71, 42.15 W
2026/09/20 21:43:46.591, 2483 MHz, 0x0000000000000000, 72, 42.11 W
2026/09/20 21:43:47.592, 2483 MHz, 0x0000000000000000, 71, 42.08 W
2026/09/20 21:43:48.592, 2483 MHz, 0x0000000000000000, 71, 41.92 W
2026/09/20 21:43:49.592, 2483 MHz, 0x0000000000000000, 71, 41.94 W
2026/09/20 21:43:50.593, 2483 MHz, 0x0000000000000000, 71, 41.86 W
2026/09/20 21:43:51.593, 2483 MHz, 0x0000000000000000, 71, 41.85 W
2026/09/20 21:43:52.594, 2483 MHz, 0x0000000000000000, 71, 41.97 W
2026/09/20 21:43:53.594, 2483 MHz, 0x0000000000000000, 71, 42.02 W
2026/09/20 21:43:54.595, 2483 MHz, 0x0000000000000000, 71, 42.04 W
2026/09/20 21:43:55.595, 2483 MHz, 0x0000000000000000, 71, 42.01 W
2026/09/20 21:43:56.595, 2483 MHz, 0x0000000000000000, 71, 42.00 W
2026/09/20 21:43:57.595, 2483 MHz, 0x0000000000000000, 71, 41.92 W
2026/09/20 21:43:58.596, 2483 MHz, 0x0000000000000000, 71, 42.00 W
2026/09/20 21:43:59.596, 2483 MHz, 0x0000000000000000, 71, 42.01 W
2026/09/20 21:44:00.597, 2483 MHz, 0x0000000000000000, 71, 41.87 W
2026/09/20 21:44:01.597, 2483 MHz, 0x0000000000000000, 71, 41.88 W
2026/09/20 21:44:02.597, 2483 MHz, 0x0000000000000000, 71, 41.81 W
2026/09/20 21:44:03.598, 2483 MHz, 0x0000000000000000, 71, 41.72 W
2026/09/20 21:44:04.598, 2483 MHz, 0x0000000000000000, 71, 41.82 W
2026/09/20 21:44:05.598, 2483 MHz, 0x0000000000000000, 71, 41.82 W
2026/09/20 21:44:06.598, 2483 MHz, 0x0000000000000000, 71, 41.68 W
2026/09/20 21:44:07.599, 2483 MHz, 0x0000000000000000, 71, 41.77 W
2026/09/20 21:44:08.599, 2483 MHz, 0x0000000000000000, 70, 41.13 W
2026/09/20 21:44:09.600, 2483 MHz, 0x0000000000000000, 70, 36.65 W
2026/09/20 21:44:10.600, 2483 MHz, 0x0000000000000000, 71, 39.39 W
2026/09/20 21:44:11.600, 2483 MHz, 0x0000000000000000, 71, 41.67 W
2026/09/20 21:44:12.600, 2483 MHz, 0x0000000000000000, 71, 41.79 W
2026/09/20 21:44:13.600, 2483 MHz, 0x0000000000000000, 71, 41.85 W
2026/09/20 21:44:14.601, 2483 MHz, 0x0000000000000000, 71, 41.81 W
2026/09/20 21:44:15.602, 2405 MHz, 0x0000000000000000, 67, 25.78 W
2026/09/20 21:44:16.603, 2405 MHz, 0x0000000000000000, 67, 17.06 W
2026/09/20 21:44:17.603, 2450 MHz, 0x0000000000000000, 76, 44.80 W
2026/09/20 21:44:18.603, 2457 MHz, 0x0000000000000000, 75, 69.24 W
2026/09/20 21:44:19.604, 2450 MHz, 0x0000000000000000, 76, 69.37 W
2026/09/20 21:44:20.604, 2450 MHz, 0x0000000000000000, 74, 45.51 W
2026/09/20 21:44:21.604, 2450 MHz, 0x0000000000000000, 75, 69.06 W
2026/09/20 21:44:22.605, 2450 MHz, 0x0000000000000000, 77, 71.00 W
2026/09/20 21:44:23.605, 2450 MHz, 0x0000000000000000, 77, 69.26 W
2026/09/20 21:44:24.605, 2450 MHz, 0x0000000000000000, 77, 69.57 W
2026/09/20 21:44:25.605, 2450 MHz, 0x0000000000000000, 76, 69.80 W
2026/09/20 21:44:26.606, 2450 MHz, 0x0000000000000000, 75, 70.87 W
2026/09/20 21:44:27.606, 2450 MHz, 0x0000000000000000, 75, 69.89 W
2026/09/20 21:44:28.606, 2450 MHz, 0x0000000000000000, 75, 70.07 W
2026/09/20 21:44:29.607, 2450 MHz, 0x0000000000000000, 77, 69.59 W
2026/09/20 21:44:30.607, 2450 MHz, 0x0000000000000000, 75, 70.54 W
2026/09/20 21:44:31.608, 2463 MHz, 0x0000000000000000, 73, 46.03 W
2026/09/20 21:44:32.608, 2463 MHz, 0x0000000000000000, 72, 43.99 W
2026/09/20 21:44:33.609, 2463 MHz, 0x0000000000000000, 72, 43.99 W
2026/09/20 21:44:34.609, 2463 MHz, 0x0000000000000000, 72, 44.03 W
2026/09/20 21:44:35.610, 2463 MHz, 0x0000000000000000, 72, 44.02 W
2026/09/20 21:44:36.610, 2463 MHz, 0x0000000000000000, 72, 44.02 W
2026/09/20 21:44:37.611, 2463 MHz, 0x0000000000000000, 72, 44.01 W
2026/09/20 21:44:38.611, 2463 MHz, 0x0000000000000000, 72, 43.86 W
2026/09/20 21:44:39.611, 2463 MHz, 0x0000000000000000, 72, 43.81 W
2026/09/20 21:44:40.611, 2463 MHz, 0x0000000000000000, 72, 43.89 W
2026/09/20 21:44:41.612, 2463 MHz, 0x0000000000000000, 72, 43.80 W
2026/09/20 21:44:42.612, 2476 MHz, 0x0000000000000000, 71, 42.04 W
2026/09/20 21:44:43.612, 2483 MHz, 0x0000000000000000, 71, 38.77 W
2026/09/20 21:44:44.613, 2483 MHz, 0x0000000000000000, 72, 42.71 W
2026/09/20 21:44:45.613, 2483 MHz, 0x0000000000000000, 72, 43.84 W
2026/09/20 21:44:46.613, 2483 MHz, 0x0000000000000000, 72, 43.79 W
2026/09/20 21:44:47.614, 2483 MHz, 0x0000000000000000, 72, 43.69 W
2026/09/20 21:44:48.614, 2483 MHz, 0x0000000000000000, 72, 43.80 W
2026/09/20 21:44:49.614, 2483 MHz, 0x0000000000000000, 72, 43.92 W
2026/09/20 21:44:50.615, 2483 MHz, 0x0000000000000000, 72, 43.94 W
2026/09/20 21:44:51.615, 2483 MHz, 0x0000000000000000, 72, 43.96 W
2026/09/20 21:44:52.615, 2483 MHz, 0x0000000000000000, 72, 43.88 W
2026/09/20 21:44:53.616, 2483 MHz, 0x0000000000000000, 72, 43.95 W
2026/09/20 21:44:54.616, 2483 MHz, 0x0000000000000000, 72, 43.93 W
2026/09/20 21:44:55.616, 2483 MHz, 0x0000000000000000, 72, 43.85 W
2026/09/20 21:44:56.617, 2483 MHz, 0x0000000000000000, 72, 43.98 W
2026/09/20 21:44:57.618, 2483 MHz, 0x0000000000000000, 72, 43.99 W
2026/09/20 21:44:58.618, 2483 MHz, 0x0000000000000000, 72, 43.95 W
2026/09/20 21:44:59.618, 2483 MHz, 0x0000000000000000, 72, 43.92 W
2026/09/20 21:45:00.618, 2483 MHz, 0x0000000000000000, 72, 43.85 W
2026/09/20 21:45:01.619, 2483 MHz, 0x0000000000000000, 72, 43.81 W
2026/09/20 21:45:02.619, 2483 MHz, 0x0000000000000000, 72, 43.80 W
2026/09/20 21:45:03.620, 2483 MHz, 0x0000000000000000, 72, 43.77 W
2026/09/20 21:45:04.620, 2483 MHz, 0x0000000000000000, 72, 43.77 W
2026/09/20 21:45:05.621, 2405 MHz, 0x0000000000000000, 68, 21.15 W
2026/09/20 21:45:06.621, 2405 MHz, 0x0000000000000000, 67, 17.20 W
2026/09/20 21:45:07.622, 2405 MHz, 0x0000000000000000, 66, 17.00 W
2026/09/20 21:45:08.623, 2405 MHz, 0x0000000000000000, 66, 16.90 W
2026/09/20 21:45:09.623, 2405 MHz, 0x0000000000000000, 65, 16.74 W
2026/09/20 21:45:10.624, 2405 MHz, 0x0000000000000000, 65, 16.64 W
2026/09/20 21:45:11.625, 2405 MHz, 0x0000000000000000, 64, 16.52 W
2026/09/20 21:45:12.625, 2405 MHz, 0x0000000000000000, 64, 16.46 W
2026/09/20 21:45:13.626, 2405 MHz, 0x0000000000000000, 64, 16.43 W
2026/09/20 21:45:14.626, 2405 MHz, 0x0000000000000000, 63, 16.35 W
2026/09/20 21:45:15.626, 2405 MHz, 0x0000000000000000, 63, 16.29 W
2026/09/20 21:45:16.627, 2405 MHz, 0x0000000000000000, 62, 16.18 W
2026/09/20 21:45:17.627, 2405 MHz, 0x0000000000000000, 62, 15.93 W
2026/09/20 21:45:18.628, 2405 MHz, 0x0000000000000000, 62, 15.84 W
2026/09/20 21:45:19.628, 2405 MHz, 0x0000000000000000, 62, 15.85 W
2026/09/20 21:45:20.628, 2405 MHz, 0x0000000000000000, 61, 15.72 W
2026/09/20 21:45:21.628, 2405 MHz, 0x0000000000000000, 61, 15.59 W
2026/09/20 21:45:22.628, 2405 MHz, 0x0000000000000000, 61, 15.48 W
2026/09/20 21:45:23.628, 2405 MHz, 0x0000000000000000, 61, 15.43 W
2026/09/20 21:45:24.629, 2405 MHz, 0x0000000000000000, 60, 15.40 W
2026/09/20 21:45:25.629, 2405 MHz, 0x0000000000000000, 60, 15.35 W
2026/09/20 21:45:26.629, 2405 MHz, 0x0000000000000000, 60, 15.31 W
2026/09/20 21:45:27.630, 2405 MHz, 0x0000000000000000, 60, 15.26 W
2026/09/20 21:45:28.631, 2405 MHz, 0x0000000000000000, 60, 15.27 W
2026/09/20 21:45:29.632, 2405 MHz, 0x0000000000000000, 59, 15.28 W
2026/09/20 21:45:30.633, 2405 MHz, 0x0000000000000000, 59, 15.27 W
2026/09/20 21:45:31.633, 2405 MHz, 0x0000000000000000, 59, 15.27 W
2026/09/20 21:45:32.634, 2405 MHz, 0x0000000000000000, 59, 15.18 W
2026/09/20 21:45:33.635, 2405 MHz, 0x0000000000000000, 59, 15.22 W
2026/09/20 21:45:34.635, 2405 MHz, 0x0000000000000000, 59, 15.18 W
2026/09/20 21:45:35.636, 2405 MHz, 0x0000000000000000, 59, 15.17 W
2026/09/20 21:45:36.638, 2405 MHz, 0x0000000000000000, 59, 15.15 W
2026/09/20 21:45:37.639, 2405 MHz, 0x0000000000000000, 59, 15.14 W
2026/09/20 21:45:38.639, 2405 MHz, 0x0000000000000000, 59, 15.14 W
2026/09/20 21:45:39.640, 2405 MHz, 0x0000000000000000, 59, 15.10 W
2026/09/20 21:45:40.641, 2405 MHz, 0x0000000000000000, 58, 15.06 W
2026/09/20 21:45:41.641, 2405 MHz, 0x0000000000000000, 58, 15.04 W
2026/09/20 21:45:42.642, 2405 MHz, 0x0000000000000000, 58, 15.02 W
2026/09/20 21:45:43.643, 2405 MHz, 0x0000000000000000, 58, 15.04 W
2026/09/20 21:45:44.644, 2405 MHz, 0x0000000000000000, 58, 15.02 W
2026/09/20 21:45:45.645, 2405 MHz, 0x0000000000000000, 58, 14.96 W
2026/09/20 21:45:46.645, 2405 MHz, 0x0000000000000000, 58, 14.93 W
2026/09/20 21:45:47.646, 2405 MHz, 0x0000000000000000, 58, 14.91 W
2026/09/20 21:45:48.647, 2405 MHz, 0x0000000000000000, 58, 14.98 W
2026/09/20 21:45:49.648, 2405 MHz, 0x0000000000000000, 58, 14.93 W
2026/09/20 21:45:50.648, 2405 MHz, 0x0000000000000000, 58, 14.98 W
2026/09/20 21:45:51.649, 2405 MHz, 0x0000000000000000, 58, 14.93 W
2026/09/20 21:45:52.650, 2405 MHz, 0x0000000000000000, 58, 14.94 W
2026/09/20 21:45:53.651, 2405 MHz, 0x0000000000000000, 58, 14.95 W
2026/09/20 21:45:54.651, 2502 MHz, 0x0000000000000000, 61, 31.24 W
2026/09/20 21:45:55.651, 2502 MHz, 0x0000000000000000, 62, 36.94 W
2026/09/20 21:45:56.652, 2502 MHz, 0x0000000000000000, 62, 36.52 W
2026/09/20 21:45:57.652, 2502 MHz, 0x0000000000000000, 63, 37.08 W
2026/09/20 21:45:58.653, 2483 MHz, 0x0000000000000000, 63, 37.97 W
2026/09/20 21:45:59.653, 2483 MHz, 0x0000000000000000, 64, 37.22 W
2026/09/20 21:46:00.654, 2483 MHz, 0x0000000000000000, 64, 37.30 W
2026/09/20 21:46:01.654, 2463 MHz, 0x0000000000000000, 64, 36.60 W
2026/09/20 21:46:02.654, 2483 MHz, 0x0000000000000000, 65, 38.62 W
2026/09/20 21:46:03.655, 2483 MHz, 0x0000000000000000, 65, 37.36 W
2026/09/20 21:46:04.655, 2483 MHz, 0x0000000000000000, 65, 37.35 W
2026/09/20 21:46:05.656, 2483 MHz, 0x0000000000000000, 65, 41.04 W
2026/09/20 21:46:06.656, 2476 MHz, 0x0000000000000000, 66, 41.62 W
2026/09/20 21:46:07.657, 2405 MHz, 0x0000000000000000, 63, 26.79 W
2026/09/20 21:46:08.658, 2405 MHz, 0x0000000000000000, 62, 16.06 W
2026/09/20 21:46:09.658, 2405 MHz, 0x0000000000000000, 62, 15.84 W
2026/09/20 21:46:10.659, 2405 MHz, 0x0000000000000000, 61, 15.73 W
2026/09/20 21:46:11.660, 2405 MHz, 0x0000000000000000, 61, 15.58 W
2026/09/20 21:46:12.661, 2405 MHz, 0x0000000000000000, 61, 15.49 W
2026/09/20 21:46:13.662, 2405 MHz, 0x0000000000000000, 60, 15.46 W
2026/09/20 21:46:14.662, 2405 MHz, 0x0000000000000000, 60, 15.41 W
2026/09/20 21:46:15.662, 2405 MHz, 0x0000000000000000, 60, 15.36 W
2026/09/20 21:46:16.663, 2405 MHz, 0x0000000000000000, 60, 15.33 W
2026/09/20 21:46:17.663, 2405 MHz, 0x0000000000000000, 60, 15.34 W
2026/09/20 21:46:18.664, 2405 MHz, 0x0000000000000000, 59, 15.29 W
2026/09/20 21:46:19.665, 2405 MHz, 0x0000000000000000, 59, 15.25 W
2026/09/20 21:46:20.666, 2405 MHz, 0x0000000000000000, 59, 15.21 W
2026/09/20 21:46:21.666, 2405 MHz, 0x0000000000000000, 59, 15.11 W
2026/09/20 21:46:22.667, 2405 MHz, 0x0000000000000000, 59, 15.07 W
2026/09/20 21:46:23.668, 2405 MHz, 0x0000000000000000, 58, 15.09 W
2026/09/20 21:46:24.668, 2405 MHz, 0x0000000000000000, 58, 15.02 W
2026/09/20 21:46:25.668, 2405 MHz, 0x0000000000000000, 58, 15.05 W
2026/09/20 21:46:26.669, 2405 MHz, 0x0000000000000000, 58, 15.02 W
2026/09/20 21:46:27.670, 2405 MHz, 0x0000000000000000, 58, 14.98 W
2026/09/20 21:46:28.671, 2405 MHz, 0x0000000000000000, 58, 14.97 W
2026/09/20 21:46:29.671, 2405 MHz, 0x0000000000000000, 58, 14.91 W
2026/09/20 21:46:30.671, 2405 MHz, 0x0000000000000000, 57, 14.89 W
2026/09/20 21:46:31.672, 2405 MHz, 0x0000000000000000, 57, 14.89 W
2026/09/20 21:46:32.672, 2405 MHz, 0x0000000000000000, 57, 14.89 W
2026/09/20 21:46:33.672, 2405 MHz, 0x0000000000000000, 57, 14.89 W
2026/09/20 21:46:34.673, 2405 MHz, 0x0000000000000000, 57, 14.86 W
2026/09/20 21:46:35.674, 2405 MHz, 0x0000000000000000, 57, 14.78 W
2026/09/20 21:46:36.674, 2405 MHz, 0x0000000000000000, 57, 14.80 W
2026/09/20 21:46:37.675, 2405 MHz, 0x0000000000000000, 57, 14.81 W
2026/09/20 21:46:38.675, 2405 MHz, 0x0000000000000000, 56, 14.74 W
2026/09/20 21:46:39.675, 2405 MHz, 0x0000000000000000, 56, 14.76 W
2026/09/20 21:46:40.676, 2405 MHz, 0x0000000000000000, 56, 14.76 W
2026/09/20 21:46:41.677, 2405 MHz, 0x0000000000000000, 56, 14.72 W
2026/09/20 21:46:42.678, 2405 MHz, 0x0000000000000000, 56, 14.68 W
2026/09/20 21:46:43.678, 2405 MHz, 0x0000000000000000, 56, 14.65 W
2026/09/20 21:46:44.679, 2405 MHz, 0x0000000000000000, 56, 14.66 W
2026/09/20 21:46:45.680, 2405 MHz, 0x0000000000000000, 56, 14.62 W
2026/09/20 21:46:46.680, 2405 MHz, 0x0000000000000000, 56, 14.61 W
2026/09/20 21:46:47.681, 2405 MHz, 0x0000000000000000, 56, 14.59 W
2026/09/20 21:46:48.682, 2405 MHz, 0x0000000000000000, 56, 14.57 W
2026/09/20 21:46:49.683, 2405 MHz, 0x0000000000000000, 56, 14.51 W
2026/09/20 21:46:50.683, 2405 MHz, 0x0000000000000000, 55, 14.55 W
2026/09/20 21:46:51.684, 2405 MHz, 0x0000000000000000, 55, 14.53 W
2026/09/20 21:46:52.684, 2405 MHz, 0x0000000000000000, 55, 14.51 W
2026/09/20 21:46:53.685, 2405 MHz, 0x0000000000000000, 55, 14.47 W
2026/09/20 21:46:54.686, 2405 MHz, 0x0000000000000000, 55, 14.49 W
2026/09/20 21:46:55.687, 2405 MHz, 0x0000000000000000, 55, 14.53 W
2026/09/20 21:46:56.688, 2405 MHz, 0x0000000000000000, 55, 14.51 W
2026/09/20 21:46:57.688, 2405 MHz, 0x0000000000000000, 55, 14.45 W
2026/09/20 21:46:58.689, 2405 MHz, 0x0000000000000000, 55, 14.45 W
2026/09/20 21:46:59.690, 2405 MHz, 0x0000000000000000, 55, 14.49 W
2026/09/20 21:47:00.690, 2405 MHz, 0x0000000000000000, 55, 14.50 W
2026/09/20 21:47:01.691, 2405 MHz, 0x0000000000000000, 55, 14.44 W
2026/09/20 21:47:02.692, 2405 MHz, 0x0000000000000000, 55, 14.40 W
2026/09/20 21:47:03.692, 2405 MHz, 0x0000000000000000, 55, 14.46 W
2026/09/20 21:47:04.692, 2405 MHz, 0x0000000000000000, 54, 14.41 W
2026/09/20 21:47:05.693, 2405 MHz, 0x0000000000000000, 54, 14.44 W
2026/09/20 21:47:06.693, 2405 MHz, 0x0000000000000000, 54, 14.39 W
2026/09/20 21:47:07.694, 2405 MHz, 0x0000000000000000, 54, 14.42 W
2026/09/20 21:47:08.695, 2405 MHz, 0x0000000000000000, 54, 14.39 W
2026/09/20 21:47:09.696, 2405 MHz, 0x0000000000000000, 54, 14.43 W
2026/09/20 21:47:10.697, 2405 MHz, 0x0000000000000000, 54, 14.39 W
2026/09/20 21:47:11.697, 2405 MHz, 0x0000000000000000, 54, 14.44 W
2026/09/20 21:47:12.698, 2405 MHz, 0x0000000000000000, 54, 14.40 W
2026/09/20 21:47:13.698, 2405 MHz, 0x0000000000000000, 54, 14.37 W
2026/09/20 21:47:14.699, 2405 MHz, 0x0000000000000000, 54, 14.35 W
2026/09/20 21:47:15.700, 2405 MHz, 0x0000000000000000, 54, 14.31 W
2026/09/20 21:47:16.701, 2405 MHz, 0x0000000000000000, 54, 14.30 W
2026/09/20 21:47:17.701, 2405 MHz, 0x0000000000000000, 54, 14.34 W
2026/09/20 21:47:18.701, 2405 MHz, 0x0000000000000000, 54, 14.28 W
2026/09/20 21:47:19.703, 2405 MHz, 0x0000000000000000, 54, 14.28 W
2026/09/20 21:47:20.703, 2405 MHz, 0x0000000000000000, 54, 14.26 W
2026/09/20 21:47:21.704, 2405 MHz, 0x0000000000000000, 54, 14.25 W
2026/09/20 21:47:22.705, 2405 MHz, 0x0000000000000000, 53, 14.21 W
2026/09/20 21:47:23.705, 2405 MHz, 0x0000000000000000, 53, 14.20 W
2026/09/20 21:47:24.706, 2405 MHz, 0x0000000000000000, 53, 14.19 W
2026/09/20 21:47:25.706, 2405 MHz, 0x0000000000000000, 53, 14.18 W
2026/09/20 21:47:26.707, 2405 MHz, 0x0000000000000000, 53, 14.17 W
2026/09/20 21:47:27.708, 2405 MHz, 0x0000000000000000, 53, 14.16 W
2026/09/20 21:47:28.709, 2405 MHz, 0x0000000000000000, 53, 14.19 W
2026/09/20 21:47:29.710, 2405 MHz, 0x0000000000000000, 53, 14.17 W
2026/09/20 21:47:30.711, 2405 MHz, 0x0000000000000000, 53, 14.17 W
2026/09/20 21:47:31.712, 2405 MHz, 0x0000000000000000, 53, 14.08 W
2026/09/20 21:47:32.712, 2405 MHz, 0x0000000000000000, 53, 14.09 W
2026/09/20 21:47:33.713, 2405 MHz, 0x0000000000000000, 53, 14.11 W
2026/09/20 21:47:34.714, 2405 MHz, 0x0000000000000000, 53, 14.06 W
2026/09/20 21:47:35.715, 2405 MHz, 0x0000000000000000, 53, 14.14 W
2026/09/20 21:47:36.716, 2411 MHz, 0x0000000000000000, 53, 14.04 W
2026/09/20 21:47:37.717, 2411 MHz, 0x0000000000000000, 53, 13.98 W
2026/09/20 21:47:38.718, 2411 MHz, 0x0000000000000000, 53, 13.98 W
2026/09/20 21:47:39.718, 2411 MHz, 0x0000000000000000, 53, 13.98 W
2026/09/20 21:47:40.719, 2411 MHz, 0x0000000000000000, 53, 13.96 W
2026/09/20 21:47:41.720, 2411 MHz, 0x0000000000000000, 53, 13.99 W
2026/09/20 21:47:42.721, 2411 MHz, 0x0000000000000000, 53, 13.97 W
2026/09/20 21:47:43.721, 2411 MHz, 0x0000000000000000, 53, 13.95 W
2026/09/20 21:47:44.722, 2411 MHz, 0x0000000000000000, 53, 13.99 W
2026/09/20 21:47:45.723, 2411 MHz, 0x0000000000000000, 53, 13.99 W
2026/09/20 21:47:46.724, 2411 MHz, 0x0000000000000000, 52, 13.99 W
2026/09/20 21:47:47.725, 2411 MHz, 0x0000000000000000, 52, 13.97 W
2026/09/20 21:47:48.725, 2411 MHz, 0x0000000000000000, 52, 13.94 W
2026/09/20 21:47:49.726, 2411 MHz, 0x0000000000000000, 52, 13.91 W
2026/09/20 21:47:50.727, 2411 MHz, 0x0000000000000000, 52, 13.95 W
2026/09/20 21:47:51.728, 2411 MHz, 0x0000000000000000, 52, 14.01 W
2026/09/20 21:47:52.729, 2411 MHz, 0x0000000000000000, 52, 13.98 W
2026/09/20 21:47:53.730, 2411 MHz, 0x0000000000000000, 52, 13.97 W
2026/09/20 21:47:54.731, 2411 MHz, 0x0000000000000000, 52, 13.96 W
2026/09/20 21:47:55.731, 2411 MHz, 0x0000000000000000, 52, 13.91 W
2026/09/20 21:47:56.732, 2411 MHz, 0x0000000000000000, 52, 13.92 W
2026/09/20 21:47:57.732, 2411 MHz, 0x0000000000000000, 52, 13.90 W
2026/09/20 21:47:58.733, 2411 MHz, 0x0000000000000000, 52, 13.90 W
2026/09/20 21:47:59.734, 2411 MHz, 0x0000000000000000, 52, 13.98 W
2026/09/20 21:48:00.735, 2411 MHz, 0x0000000000000000, 52, 13.95 W
2026/09/20 21:48:01.735, 2411 MHz, 0x0000000000000000, 52, 13.94 W
2026/09/20 21:48:02.736, 2411 MHz, 0x0000000000000000, 52, 13.89 W
2026/09/20 21:48:03.736, 2411 MHz, 0x0000000000000000, 52, 13.83 W
2026/09/20 21:48:04.737, 2411 MHz, 0x0000000000000000, 52, 13.90 W
2026/09/20 21:48:05.737, 2411 MHz, 0x0000000000000000, 52, 13.87 W
2026/09/20 21:48:06.738, 2411 MHz, 0x0000000000000000, 52, 13.83 W
2026/09/20 21:48:07.739, 2411 MHz, 0x0000000000000000, 52, 13.81 W
2026/09/20 21:48:08.740, 2411 MHz, 0x0000000000000000, 52, 13.79 W
2026/09/20 21:48:09.740, 2411 MHz, 0x0000000000000000, 52, 13.84 W
2026/09/20 21:48:10.741, 2411 MHz, 0x0000000000000000, 52, 13.88 W
2026/09/20 21:48:11.742, 2411 MHz, 0x0000000000000000, 52, 13.84 W
2026/09/20 21:48:12.742, 2411 MHz, 0x0000000000000000, 52, 13.82 W
2026/09/20 21:48:13.743, 2411 MHz, 0x0000000000000000, 52, 13.84 W
2026/09/20 21:48:14.744, 2411 MHz, 0x0000000000000000, 52, 13.80 W
2026/09/20 21:48:15.744, 2411 MHz, 0x0000000000000000, 52, 13.78 W
2026/09/20 21:48:16.745, 2411 MHz, 0x0000000000000000, 52, 13.78 W
2026/09/20 21:48:17.746, 2411 MHz, 0x0000000000000000, 52, 13.80 W
2026/09/20 21:48:18.746, 2411 MHz, 0x0000000000000000, 52, 13.80 W
2026/09/20 21:48:19.747, 2411 MHz, 0x0000000000000000, 51, 13.78 W
2026/09/20 21:48:20.747, 2411 MHz, 0x0000000000000000, 51, 13.80 W
2026/09/20 21:48:21.747, 2411 MHz, 0x0000000000000000, 51, 13.76 W
2026/09/20 21:48:22.748, 2411 MHz, 0x0000000000000000, 51, 13.79 W
2026/09/20 21:48:23.749, 2411 MHz, 0x0000000000000000, 51, 13.76 W
2026/09/20 21:48:24.749, 2411 MHz, 0x0000000000000000, 51, 13.69 W
2026/09/20 21:48:25.750, 2411 MHz, 0x0000000000000000, 51, 13.72 W
2026/09/20 21:48:26.751, 2411 MHz, 0x0000000000000000, 51, 13.74 W
2026/09/20 21:48:27.751, 2411 MHz, 0x0000000000000000, 51, 13.74 W
2026/09/20 21:48:28.751, 2411 MHz, 0x0000000000000000, 51, 13.72 W
2026/09/20 21:48:29.752, 2411 MHz, 0x0000000000000000, 51, 13.66 W
2026/09/20 21:48:30.753, 2411 MHz, 0x0000000000000000, 51, 13.61 W
2026/09/20 21:48:31.754, 2411 MHz, 0x0000000000000000, 51, 13.63 W
2026/09/20 21:48:32.755, 2411 MHz, 0x0000000000000000, 51, 13.64 W
2026/09/20 21:48:33.756, 2411 MHz, 0x0000000000000000, 51, 13.59 W
2026/09/20 21:48:34.756, 2411 MHz, 0x0000000000000000, 51, 13.55 W
2026/09/20 21:48:35.757, 2411 MHz, 0x0000000000000000, 51, 13.53 W
2026/09/20 21:48:36.758, 2411 MHz, 0x0000000000000000, 51, 13.53 W
2026/09/20 21:48:37.759, 2411 MHz, 0x0000000000000000, 51, 13.58 W
2026/09/20 21:48:38.760, 2411 MHz, 0x0000000000000000, 51, 13.57 W
2026/09/20 21:48:39.760, 2411 MHz, 0x0000000000000000, 51, 13.59 W
2026/09/20 21:48:40.761, 2411 MHz, 0x0000000000000000, 51, 13.56 W
2026/09/20 21:48:41.761, 2411 MHz, 0x0000000000000000, 51, 13.54 W
2026/09/20 21:48:42.762, 2411 MHz, 0x0000000000000000, 51, 13.56 W
2026/09/20 21:48:43.762, 2411 MHz, 0x0000000000000000, 51, 13.64 W
2026/09/20 21:48:44.763, 2411 MHz, 0x0000000000000000, 51, 14.21 W
2026/09/20 21:48:45.764, 2411 MHz, 0x0000000000000000, 51, 13.80 W
2026/09/20 21:48:46.765, 2411 MHz, 0x0000000000000000, 51, 13.59 W
2026/09/20 21:48:47.765, 2411 MHz, 0x0000000000000000, 51, 13.57 W
2026/09/20 21:48:48.765, 2411 MHz, 0x0000000000000000, 51, 13.92 W
2026/09/20 21:48:49.766, 2411 MHz, 0x0000000000000000, 51, 14.95 W
2026/09/20 21:48:50.766, 2411 MHz, 0x0000000000000000, 51, 14.23 W
2026/09/20 21:48:51.767, 2411 MHz, 0x0000000000000000, 51, 15.02 W
2026/09/20 21:48:52.767, 2411 MHz, 0x0000000000000000, 51, 14.30 W
2026/09/20 21:48:53.768, 2411 MHz, 0x0000000000000000, 51, 13.97 W
2026/09/20 21:48:54.768, 2411 MHz, 0x0000000000000000, 51, 13.62 W
2026/09/20 21:48:55.768, 2411 MHz, 0x0000000000000000, 51, 13.59 W
2026/09/20 21:48:56.769, 2411 MHz, 0x0000000000000000, 51, 13.63 W
2026/09/20 21:48:57.769, 2411 MHz, 0x0000000000000000, 51, 13.59 W
2026/09/20 21:48:58.769, 2411 MHz, 0x0000000000000000, 51, 13.58 W
2026/09/20 21:48:59.770, 2411 MHz, 0x0000000000000000, 51, 13.75 W
2026/09/20 21:49:00.770, 2411 MHz, 0x0000000000000000, 51, 13.73 W
2026/09/20 21:49:01.771, 2411 MHz, 0x0000000000000000, 51, 13.88 W
2026/09/20 21:49:02.771, 2411 MHz, 0x0000000000000000, 51, 13.74 W
2026/09/20 21:49:03.772, 2411 MHz, 0x0000000000000000, 51, 13.74 W
2026/09/20 21:49:04.772, 2411 MHz, 0x0000000000000000, 51, 13.69 W
2026/09/20 21:49:05.772, 2411 MHz, 0x0000000000000000, 51, 13.76 W
2026/09/20 21:49:06.773, 2411 MHz, 0x0000000000000000, 51, 13.75 W
2026/09/20 21:49:07.773, 2411 MHz, 0x0000000000000000, 51, 13.74 W
2026/09/20 21:49:08.773, 2411 MHz, 0x0000000000000000, 51, 13.77 W
2026/09/20 21:49:09.773, 2411 MHz, 0x0000000000000000, 51, 13.60 W
2026/09/20 21:49:10.774, 2411 MHz, 0x0000000000000000, 51, 13.50 W
2026/09/20 21:49:11.774, 2411 MHz, 0x0000000000000000, 51, 13.67 W
2026/09/20 21:49:12.774, 2411 MHz, 0x0000000000000000, 51, 13.65 W
2026/09/20 21:49:13.774, 2411 MHz, 0x0000000000000000, 51, 13.83 W
2026/09/20 21:49:14.775, 2411 MHz, 0x0000000000000000, 51, 13.73 W
2026/09/20 21:49:15.775, 2411 MHz, 0x0000000000000000, 51, 13.66 W
2026/09/20 21:49:16.775, 2411 MHz, 0x0000000000000000, 51, 13.65 W
2026/09/20 21:49:17.776, 2411 MHz, 0x0000000000000000, 51, 13.85 W
2026/09/20 21:49:18.776, 2411 MHz, 0x0000000000000000, 51, 13.70 W
2026/09/20 21:49:19.776, 2411 MHz, 0x0000000000000000, 51, 13.69 W
2026/09/20 21:49:20.777, 2411 MHz, 0x0000000000000000, 51, 13.49 W
2026/09/20 21:49:21.777, 2411 MHz, 0x0000000000000000, 51, 13.55 W
2026/09/20 21:49:22.778, 2411 MHz, 0x0000000000000000, 51, 13.73 W
2026/09/20 21:49:23.778, 2411 MHz, 0x0000000000000000, 51, 13.66 W
2026/09/20 21:49:24.778, 2411 MHz, 0x0000000000000000, 51, 13.80 W
2026/09/20 21:49:25.779, 2411 MHz, 0x0000000000000000, 51, 14.15 W
2026/09/20 21:49:26.779, 2411 MHz, 0x0000000000000000, 51, 14.76 W
2026/09/20 21:49:27.779, 2411 MHz, 0x0000000000000000, 51, 14.81 W
2026/09/20 21:49:28.779, 2411 MHz, 0x0000000000000000, 51, 14.74 W
2026/09/20 21:49:29.779, 2411 MHz, 0x0000000000000000, 51, 14.71 W
2026/09/20 21:49:30.780, 2411 MHz, 0x0000000000000000, 52, 14.89 W
2026/09/20 21:49:31.780, 2411 MHz, 0x0000000000000000, 52, 14.70 W
2026/09/20 21:49:32.781, 2411 MHz, 0x0000000000000000, 51, 14.63 W
2026/09/20 21:49:33.781, 2411 MHz, 0x0000000000000000, 52, 14.71 W
2026/09/20 21:49:34.782, 2411 MHz, 0x0000000000000000, 52, 15.20 W
2026/09/20 21:49:35.782, 2411 MHz, 0x0000000000000000, 52, 15.20 W
2026/09/20 21:49:36.782, 2411 MHz, 0x0000000000000000, 52, 15.21 W
2026/09/20 21:49:37.783, 2411 MHz, 0x0000000000000000, 52, 15.09 W
2026/09/20 21:49:38.783, 2411 MHz, 0x0000000000000000, 51, 14.46 W
2026/09/20 21:49:39.784, 2411 MHz, 0x0000000000000000, 51, 13.59 W
2026/09/20 21:49:40.784, 2411 MHz, 0x0000000000000000, 51, 13.56 W
2026/09/20 21:49:41.785, 2411 MHz, 0x0000000000000000, 51, 13.58 W
2026/09/20 21:49:42.786, 2411 MHz, 0x0000000000000000, 51, 13.58 W
2026/09/20 21:49:43.787, 2411 MHz, 0x0000000000000000, 51, 13.50 W
2026/09/20 21:49:44.788, 2411 MHz, 0x0000000000000000, 51, 13.54 W
2026/09/20 21:49:45.788, 2411 MHz, 0x0000000000000000, 51, 13.55 W
2026/09/20 21:49:46.789, 2411 MHz, 0x0000000000000000, 51, 13.50 W
2026/09/20 21:49:47.789, 2411 MHz, 0x0000000000000000, 51, 13.41 W
2026/09/20 21:49:48.790, 2411 MHz, 0x0000000000000000, 51, 13.46 W
2026/09/20 21:49:49.790, 2411 MHz, 0x0000000000000000, 51, 13.46 W
2026/09/20 21:49:50.791, 2411 MHz, 0x0000000000000000, 51, 13.43 W
2026/09/20 21:49:51.792, 2411 MHz, 0x0000000000000000, 51, 13.41 W
2026/09/20 21:49:52.793, 2411 MHz, 0x0000000000000000, 50, 13.44 W
2026/09/20 21:49:53.793, 2411 MHz, 0x0000000000000000, 50, 13.49 W
2026/09/20 21:49:54.794, 2411 MHz, 0x0000000000000000, 50, 13.44 W
2026/09/20 21:49:55.795, 2411 MHz, 0x0000000000000000, 50, 13.48 W
2026/09/20 21:49:56.796, 2411 MHz, 0x0000000000000000, 50, 13.46 W
2026/09/20 21:49:57.796, 2411 MHz, 0x0000000000000000, 50, 13.48 W
2026/09/20 21:49:58.797, 2411 MHz, 0x0000000000000000, 50, 13.48 W
2026/09/20 21:49:59.798, 2411 MHz, 0x0000000000000000, 50, 13.46 W
2026/09/20 21:50:00.799, 2411 MHz, 0x0000000000000000, 50, 13.47 W
2026/09/20 21:50:01.800, 2411 MHz, 0x0000000000000000, 50, 13.42 W
2026/09/20 21:50:02.801, 2411 MHz, 0x0000000000000000, 50, 13.45 W
2026/09/20 21:50:03.801, 2411 MHz, 0x0000000000000000, 50, 13.44 W
2026/09/20 21:50:04.802, 2411 MHz, 0x0000000000000000, 50, 13.38 W
2026/09/20 21:50:05.803, 2411 MHz, 0x0000000000000000, 50, 13.35 W
2026/09/20 21:50:06.804, 2411 MHz, 0x0000000000000000, 50, 13.36 W
2026/09/20 21:50:07.804, 2411 MHz, 0x0000000000000000, 50, 13.42 W
2026/09/20 21:50:08.805, 2411 MHz, 0x0000000000000000, 50, 13.42 W
2026/09/20 21:50:09.806, 2411 MHz, 0x0000000000000000, 50, 13.40 W
2026/09/20 21:50:10.806, 2411 MHz, 0x0000000000000000, 50, 13.37 W
2026/09/20 21:50:11.806, 2411 MHz, 0x0000000000000000, 50, 14.78 W
2026/09/20 21:50:12.807, 2411 MHz, 0x0000000000000000, 50, 14.90 W
2026/09/20 21:50:13.807, 2411 MHz, 0x0000000000000000, 50, 15.02 W
2026/09/20 21:50:14.808, 2411 MHz, 0x0000000000000000, 50, 15.00 W
2026/09/20 21:50:15.808, 2411 MHz, 0x0000000000000000, 50, 14.97 W
2026/09/20 21:50:16.809, 2411 MHz, 0x0000000000000000, 50, 13.94 W
2026/09/20 21:50:17.809, 2411 MHz, 0x0000000000000000, 50, 13.36 W
2026/09/20 21:50:18.810, 2411 MHz, 0x0000000000000000, 50, 13.35 W
2026/09/20 21:50:19.811, 2411 MHz, 0x0000000000000000, 50, 13.42 W
2026/09/20 21:50:20.812, 2411 MHz, 0x0000000000000000, 50, 13.42 W
2026/09/20 21:50:21.812, 2411 MHz, 0x0000000000000000, 50, 13.35 W
2026/09/20 21:50:22.813, 2411 MHz, 0x0000000000000000, 50, 13.31 W
2026/09/20 21:50:23.814, 2411 MHz, 0x0000000000000000, 50, 13.36 W
2026/09/20 21:50:24.815, 2411 MHz, 0x0000000000000000, 50, 13.31 W
2026/09/20 21:50:25.816, 2411 MHz, 0x0000000000000000, 50, 13.29 W
2026/09/20 21:50:26.816, 2411 MHz, 0x0000000000000000, 50, 13.31 W
2026/09/20 21:50:27.816, 2411 MHz, 0x0000000000000000, 50, 13.34 W
2026/09/20 21:50:28.817, 2411 MHz, 0x0000000000000000, 50, 13.30 W
2026/09/20 21:50:29.818, 2411 MHz, 0x0000000000000000, 50, 13.33 W
2026/09/20 21:50:30.819, 2411 MHz, 0x0000000000000000, 50, 13.35 W
2026/09/20 21:50:31.819, 2411 MHz, 0x0000000000000000, 50, 13.29 W
2026/09/20 21:50:32.820, 2411 MHz, 0x0000000000000000, 50, 13.26 W
2026/09/20 21:50:33.821, 2411 MHz, 0x0000000000000000, 50, 13.27 W
2026/09/20 21:50:34.822, 2411 MHz, 0x0000000000000000, 50, 13.32 W
2026/09/20 21:50:35.823, 2411 MHz, 0x0000000000000000, 50, 13.33 W
2026/09/20 21:50:36.824, 2411 MHz, 0x0000000000000000, 50, 13.29 W
2026/09/20 21:50:37.824, 2411 MHz, 0x0000000000000000, 50, 13.25 W
2026/09/20 21:50:38.825, 2411 MHz, 0x0000000000000000, 50, 13.29 W
2026/09/20 21:50:39.826, 2411 MHz, 0x0000000000000000, 49, 13.27 W
2026/09/20 21:50:40.827, 2411 MHz, 0x0000000000000000, 49, 13.35 W
2026/09/20 21:50:41.828, 2411 MHz, 0x0000000000000000, 49, 13.36 W
2026/09/20 21:50:42.828, 2411 MHz, 0x0000000000000000, 49, 13.31 W
2026/09/20 21:50:43.829, 2411 MHz, 0x0000000000000000, 49, 13.21 W
2026/09/20 21:50:44.829, 2411 MHz, 0x0000000000000000, 49, 13.21 W
2026/09/20 21:50:45.829, 2411 MHz, 0x0000000000000000, 49, 13.24 W
2026/09/20 21:50:46.830, 2411 MHz, 0x0000000000000000, 49, 13.21 W
2026/09/20 21:50:47.831, 2411 MHz, 0x0000000000000000, 49, 13.19 W
2026/09/20 21:50:48.832, 2411 MHz, 0x0000000000000000, 50, 14.12 W
2026/09/20 21:50:49.832, 2411 MHz, 0x0000000000000000, 50, 14.82 W
2026/09/20 21:50:50.833, 2411 MHz, 0x0000000000000000, 50, 14.89 W
2026/09/20 21:50:51.833, 2411 MHz, 0x0000000000000000, 50, 14.88 W
2026/09/20 21:50:52.834, 2411 MHz, 0x0000000000000000, 50, 14.85 W
2026/09/20 21:50:53.834, 2411 MHz, 0x0000000000000000, 50, 14.21 W
2026/09/20 21:50:54.835, 2411 MHz, 0x0000000000000000, 49, 13.34 W
2026/09/20 21:50:55.836, 2411 MHz, 0x0000000000000000, 49, 13.34 W
2026/09/20 21:50:56.837, 2411 MHz, 0x0000000000000000, 49, 13.30 W
2026/09/20 21:50:57.838, 2411 MHz, 0x0000000000000000, 49, 13.28 W
2026/09/20 21:50:58.839, 2411 MHz, 0x0000000000000000, 49, 13.34 W
2026/09/20 21:50:59.840, 2411 MHz, 0x0000000000000000, 49, 13.36 W
2026/09/20 21:51:00.840, 2411 MHz, 0x0000000000000000, 49, 13.30 W
2026/09/20 21:51:01.841, 2411 MHz, 0x0000000000000000, 49, 13.30 W
2026/09/20 21:51:02.842, 2411 MHz, 0x0000000000000000, 49, 13.31 W
2026/09/20 21:51:03.842, 2411 MHz, 0x0000000000000000, 49, 13.28 W
2026/09/20 21:51:04.843, 2411 MHz, 0x0000000000000000, 49, 13.30 W
2026/09/20 21:51:05.845, 2411 MHz, 0x0000000000000000, 49, 13.30 W
2026/09/20 21:51:06.845, 2411 MHz, 0x0000000000000000, 49, 13.30 W
2026/09/20 21:51:07.846, 2411 MHz, 0x0000000000000000, 49, 13.24 W
2026/09/20 21:51:08.847, 2411 MHz, 0x0000000000000000, 49, 13.26 W
2026/09/20 21:51:09.848, 2411 MHz, 0x0000000000000000, 49, 13.24 W
2026/09/20 21:51:10.849, 2411 MHz, 0x0000000000000000, 49, 13.23 W
2026/09/20 21:51:11.850, 2411 MHz, 0x0000000000000000, 49, 13.22 W
2026/09/20 21:51:12.850, 2411 MHz, 0x0000000000000000, 49, 13.19 W
2026/09/20 21:51:13.851, 2411 MHz, 0x0000000000000000, 49, 13.26 W
2026/09/20 21:51:14.851, 2411 MHz, 0x0000000000000000, 49, 13.21 W
2026/09/20 21:51:15.852, 2411 MHz, 0x0000000000000000, 49, 13.26 W
2026/09/20 21:51:16.853, 2411 MHz, 0x0000000000000000, 49, 13.21 W
2026/09/20 21:51:17.854, 2411 MHz, 0x0000000000000000, 49, 13.23 W
2026/09/20 21:51:18.854, 2411 MHz, 0x0000000000000000, 49, 13.26 W
2026/09/20 21:51:19.855, 2411 MHz, 0x0000000000000000, 49, 13.22 W
2026/09/20 21:51:20.856, 2411 MHz, 0x0000000000000000, 49, 13.16 W
2026/09/20 21:51:21.856, 2411 MHz, 0x0000000000000000, 49, 13.13 W
2026/09/20 21:51:22.857, 2411 MHz, 0x0000000000000000, 49, 13.19 W
2026/09/20 21:51:23.857, 2411 MHz, 0x0000000000000000, 49, 13.16 W
2026/09/20 21:51:24.858, 2411 MHz, 0x0000000000000000, 49, 13.15 W
2026/09/20 21:51:25.859, 2411 MHz, 0x0000000000000000, 49, 13.48 W
2026/09/20 21:51:26.859, 2411 MHz, 0x0000000000000000, 49, 14.79 W
2026/09/20 21:51:27.859, 2411 MHz, 0x0000000000000000, 49, 14.75 W
2026/09/20 21:51:28.859, 2411 MHz, 0x0000000000000000, 49, 14.76 W
2026/09/20 21:51:29.860, 2411 MHz, 0x0000000000000000, 49, 14.70 W
2026/09/20 21:51:30.860, 2411 MHz, 0x0000000000000000, 49, 14.74 W
2026/09/20 21:51:31.861, 2411 MHz, 0x0000000000000000, 49, 13.31 W
2026/09/20 21:51:32.861, 2411 MHz, 0x0000000000000000, 49, 13.15 W
2026/09/20 21:51:33.862, 2411 MHz, 0x0000000000000000, 49, 13.17 W
2026/09/20 21:51:34.863, 2411 MHz, 0x0000000000000000, 49, 13.21 W
2026/09/20 21:51:35.864, 2411 MHz, 0x0000000000000000, 49, 13.22 W
2026/09/20 21:51:36.865, 2411 MHz, 0x0000000000000000, 49, 13.18 W
2026/09/20 21:51:37.866, 2411 MHz, 0x0000000000000000, 49, 13.22 W
2026/09/20 21:51:38.866, 2411 MHz, 0x0000000000000000, 49, 13.17 W
2026/09/20 21:51:39.867, 2411 MHz, 0x0000000000000000, 49, 13.20 W
2026/09/20 21:51:40.868, 2411 MHz, 0x0000000000000000, 49, 13.21 W
2026/09/20 21:51:41.869, 2411 MHz, 0x0000000000000000, 49, 13.22 W
2026/09/20 21:51:42.870, 2411 MHz, 0x0000000000000000, 49, 13.23 W
2026/09/20 21:51:43.870, 2411 MHz, 0x0000000000000000, 49, 13.26 W
2026/09/20 21:51:44.871, 2411 MHz, 0x0000000000000000, 49, 13.23 W
2026/09/20 21:51:45.872, 2411 MHz, 0x0000000000000000, 49, 13.19 W
2026/09/20 21:51:46.872, 2411 MHz, 0x0000000000000000, 49, 13.22 W
2026/09/20 21:51:47.873, 2411 MHz, 0x0000000000000000, 49, 13.20 W
2026/09/20 21:51:48.874, 2411 MHz, 0x0000000000000000, 49, 13.14 W
2026/09/20 21:51:49.874, 2411 MHz, 0x0000000000000000, 49, 13.15 W
2026/09/20 21:51:50.875, 2411 MHz, 0x0000000000000000, 49, 13.17 W
2026/09/20 21:51:51.876, 2411 MHz, 0x0000000000000000, 49, 13.14 W
2026/09/20 21:51:52.877, 2411 MHz, 0x0000000000000000, 49, 13.12 W
2026/09/20 21:51:53.878, 2411 MHz, 0x0000000000000000, 49, 13.07 W
2026/09/20 21:51:54.878, 2411 MHz, 0x0000000000000000, 49, 13.13 W
2026/09/20 21:51:55.879, 2411 MHz, 0x0000000000000000, 49, 13.11 W
2026/09/20 21:51:56.879, 2411 MHz, 0x0000000000000000, 49, 13.12 W
2026/09/20 21:51:57.880, 2411 MHz, 0x0000000000000000, 49, 13.15 W
2026/09/20 21:51:58.881, 2411 MHz, 0x0000000000000000, 48, 13.13 W
2026/09/20 21:51:59.881, 2411 MHz, 0x0000000000000000, 48, 13.10 W
2026/09/20 21:52:00.882, 2411 MHz, 0x0000000000000000, 48, 13.08 W
2026/09/20 21:52:01.883, 2411 MHz, 0x0000000000000000, 48, 13.04 W
2026/09/20 21:52:02.883, 2411 MHz, 0x0000000000000000, 48, 13.03 W
2026/09/20 21:52:03.884, 2411 MHz, 0x0000000000000000, 49, 14.38 W
2026/09/20 21:52:04.884, 2411 MHz, 0x0000000000000000, 49, 14.60 W
2026/09/20 21:52:05.885, 2411 MHz, 0x0000000000000000, 49, 14.65 W
2026/09/20 21:52:06.885, 2411 MHz, 0x0000000000000000, 49, 14.63 W
2026/09/20 21:52:07.886, 2411 MHz, 0x0000000000000000, 49, 14.53 W
2026/09/20 21:52:08.886, 2411 MHz, 0x0000000000000000, 49, 13.72 W
2026/09/20 21:52:09.887, 2411 MHz, 0x0000000000000000, 49, 13.07 W
2026/09/20 21:52:10.888, 2411 MHz, 0x0000000000000000, 49, 13.09 W
2026/09/20 21:52:11.889, 2411 MHz, 0x0000000000000000, 49, 13.02 W
2026/09/20 21:52:12.890, 2411 MHz, 0x0000000000000000, 49, 13.06 W
2026/09/20 21:52:13.890, 2411 MHz, 0x0000000000000000, 49, 13.09 W
2026/09/20 21:52:14.891, 2411 MHz, 0x0000000000000000, 48, 13.10 W
2026/09/20 21:52:15.892, 2411 MHz, 0x0000000000000000, 49, 13.08 W
2026/09/20 21:52:16.892, 2411 MHz, 0x0000000000000000, 48, 13.13 W
2026/09/20 21:52:17.893, 2411 MHz, 0x0000000000000000, 48, 13.16 W
2026/09/20 21:52:18.894, 2411 MHz, 0x0000000000000000, 48, 13.08 W
2026/09/20 21:52:19.895, 2411 MHz, 0x0000000000000000, 48, 13.12 W
2026/09/20 21:52:20.895, 2411 MHz, 0x0000000000000000, 48, 13.13 W
2026/09/20 21:52:21.896, 2411 MHz, 0x0000000000000000, 48, 13.14 W
2026/09/20 21:52:22.897, 2411 MHz, 0x0000000000000000, 48, 13.16 W
2026/09/20 21:52:23.898, 2411 MHz, 0x0000000000000000, 48, 13.10 W
2026/09/20 21:52:24.898, 2411 MHz, 0x0000000000000000, 48, 13.05 W
2026/09/20 21:52:25.898, 2411 MHz, 0x0000000000000000, 48, 13.10 W
2026/09/20 21:52:26.899, 2411 MHz, 0x0000000000000000, 48, 13.10 W
2026/09/20 21:52:27.900, 2411 MHz, 0x0000000000000000, 48, 13.04 W
2026/09/20 21:52:28.901, 2411 MHz, 0x0000000000000000, 48, 13.07 W
2026/09/20 21:52:29.902, 2411 MHz, 0x0000000000000000, 48, 13.06 W
2026/09/20 21:52:30.902, 2411 MHz, 0x0000000000000000, 48, 13.06 W
2026/09/20 21:52:31.903, 2411 MHz, 0x0000000000000000, 48, 13.06 W
2026/09/20 21:52:32.904, 2411 MHz, 0x0000000000000000, 48, 13.03 W
2026/09/20 21:52:33.905, 2411 MHz, 0x0000000000000000, 48, 13.07 W
2026/09/20 21:52:34.906, 2411 MHz, 0x0000000000000000, 48, 13.01 W
2026/09/20 21:52:35.906, 2411 MHz, 0x0000000000000000, 48, 12.99 W
2026/09/20 21:52:36.906, 2411 MHz, 0x0000000000000000, 48, 12.99 W
2026/09/20 21:52:37.908, 2411 MHz, 0x0000000000000000, 48, 13.08 W
2026/09/20 21:52:38.908, 2411 MHz, 0x0000000000000000, 48, 13.10 W
2026/09/20 21:52:39.909, 2411 MHz, 0x0000000000000000, 48, 12.99 W
2026/09/20 21:52:40.909, 2411 MHz, 0x0000000000000000, 48, 13.72 W
2026/09/20 21:52:41.910, 2411 MHz, 0x0000000000000000, 48, 14.63 W
2026/09/20 21:52:42.910, 2411 MHz, 0x0000000000000000, 49, 14.66 W
2026/09/20 21:52:43.911, 2411 MHz, 0x0000000000000000, 49, 14.64 W
2026/09/20 21:52:44.911, 2411 MHz, 0x0000000000000000, 49, 14.64 W
2026/09/20 21:52:45.913, 2411 MHz, 0x0000000000000000, 48, 14.13 W
2026/09/20 21:52:46.913, 2411 MHz, 0x0000000000000000, 48, 13.05 W
2026/09/20 21:52:47.914, 2411 MHz, 0x0000000000000000, 48, 13.07 W
2026/09/20 21:52:48.915, 2411 MHz, 0x0000000000000000, 48, 13.12 W
2026/09/20 21:52:49.915, 2411 MHz, 0x0000000000000000, 48, 13.11 W
2026/09/20 21:52:50.915, 2411 MHz, 0x0000000000000000, 48, 13.10 W
2026/09/20 21:52:51.916, 2411 MHz, 0x0000000000000000, 48, 13.06 W
2026/09/20 21:52:52.917, 2411 MHz, 0x0000000000000000, 48, 13.13 W
2026/09/20 21:52:53.917, 2411 MHz, 0x0000000000000000, 48, 13.11 W
2026/09/20 21:52:54.918, 2411 MHz, 0x0000000000000000, 48, 13.11 W
2026/09/20 21:52:55.919, 2411 MHz, 0x0000000000000000, 48, 13.06 W
2026/09/20 21:52:56.920, 2411 MHz, 0x0000000000000000, 48, 13.06 W
2026/09/20 21:52:57.921, 2411 MHz, 0x0000000000000000, 48, 13.02 W
2026/09/20 21:52:58.921, 2411 MHz, 0x0000000000000000, 48, 12.99 W
2026/09/20 21:52:59.922, 2411 MHz, 0x0000000000000000, 48, 13.00 W
2026/09/20 21:53:00.923, 2411 MHz, 0x0000000000000000, 48, 13.02 W
2026/09/20 21:53:01.923, 2411 MHz, 0x0000000000000000, 48, 13.07 W
2026/09/20 21:53:02.924, 2411 MHz, 0x0000000000000000, 48, 13.05 W
2026/09/20 21:53:03.924, 2411 MHz, 0x0000000000000000, 48, 13.04 W
2026/09/20 21:53:04.925, 2411 MHz, 0x0000000000000000, 48, 13.00 W
2026/09/20 21:53:05.925, 2411 MHz, 0x0000000000000000, 48, 13.00 W
2026/09/20 21:53:06.926, 2411 MHz, 0x0000000000000000, 48, 12.99 W
2026/09/20 21:53:07.927, 2411 MHz, 0x0000000000000000, 48, 12.98 W
2026/09/20 21:53:08.928, 2411 MHz, 0x0000000000000000, 48, 12.96 W
2026/09/20 21:53:09.929, 2411 MHz, 0x0000000000000000, 48, 12.96 W
2026/09/20 21:53:10.930, 2411 MHz, 0x0000000000000000, 48, 12.90 W
2026/09/20 21:53:11.931, 2411 MHz, 0x0000000000000000, 48, 12.92 W
2026/09/20 21:53:12.931, 2411 MHz, 0x0000000000000000, 48, 12.98 W
2026/09/20 21:53:13.932, 2411 MHz, 0x0000000000000000, 48, 13.04 W
2026/09/20 21:53:14.932, 2411 MHz, 0x0000000000000000, 48, 13.10 W
2026/09/20 21:53:15.932, 2411 MHz, 0x0000000000000000, 48, 13.07 W
2026/09/20 21:53:16.933, 2411 MHz, 0x0000000000000000, 48, 13.08 W
2026/09/20 21:53:17.933, 2411 MHz, 0x0000000000000000, 48, 13.25 W
2026/09/20 21:53:18.934, 2411 MHz, 0x0000000000000000, 48, 14.67 W
2026/09/20 21:53:19.934, 2411 MHz, 0x0000000000000000, 48, 14.69 W
2026/09/20 21:53:20.935, 2411 MHz, 0x0000000000000000, 48, 14.66 W
2026/09/20 21:53:21.935, 2411 MHz, 0x0000000000000000, 48, 14.62 W
2026/09/20 21:53:22.936, 2411 MHz, 0x0000000000000000, 48, 14.07 W
2026/09/20 21:53:23.937, 2411 MHz, 0x0000000000000000, 48, 13.10 W
2026/09/20 21:53:24.938, 2411 MHz, 0x0000000000000000, 48, 13.13 W
2026/09/20 21:53:25.938, 2411 MHz, 0x0000000000000000, 48, 13.12 W
2026/09/20 21:53:26.939, 2411 MHz, 0x0000000000000000, 48, 13.06 W
2026/09/20 21:53:27.940, 2411 MHz, 0x0000000000000000, 48, 13.07 W
2026/09/20 21:53:28.941, 2411 MHz, 0x0000000000000000, 48, 13.03 W
2026/09/20 21:53:29.941, 2411 MHz, 0x0000000000000000, 48, 13.09 W
2026/09/20 21:53:30.942, 2411 MHz, 0x0000000000000000, 48, 13.03 W
2026/09/20 21:53:31.942, 2411 MHz, 0x0000000000000000, 48, 13.04 W
2026/09/20 21:53:32.942, 2411 MHz, 0x0000000000000000, 48, 13.00 W
2026/09/20 21:53:33.943, 2411 MHz, 0x0000000000000000, 48, 13.02 W
2026/09/20 21:53:34.944, 2411 MHz, 0x0000000000000000, 48, 13.04 W
2026/09/20 21:53:35.945, 2411 MHz, 0x0000000000000000, 48, 13.06 W
2026/09/20 21:53:36.946, 2411 MHz, 0x0000000000000000, 48, 13.08 W
2026/09/20 21:53:37.947, 2411 MHz, 0x0000000000000000, 48, 13.05 W
2026/09/20 21:53:38.948, 2411 MHz, 0x0000000000000000, 48, 13.02 W
2026/09/20 21:53:39.948, 2411 MHz, 0x0000000000000000, 48, 13.01 W
2026/09/20 21:53:40.949, 2411 MHz, 0x0000000000000000, 48, 13.02 W
2026/09/20 21:53:41.950, 2411 MHz, 0x0000000000000000, 48, 13.03 W
2026/09/20 21:53:42.951, 2411 MHz, 0x0000000000000000, 48, 13.06 W
2026/09/20 21:53:43.951, 2411 MHz, 0x0000000000000000, 48, 13.12 W
2026/09/20 21:53:44.952, 2411 MHz, 0x0000000000000000, 48, 13.04 W
2026/09/20 21:53:45.953, 2411 MHz, 0x0000000000000000, 48, 13.06 W
2026/09/20 21:53:46.953, 2411 MHz, 0x0000000000000000, 48, 13.09 W
2026/09/20 21:53:47.953, 2411 MHz, 0x0000000000000000, 48, 13.10 W
2026/09/20 21:53:48.953, 2411 MHz, 0x0000000000000000, 48, 13.04 W
2026/09/20 21:53:49.954, 2411 MHz, 0x0000000000000000, 48, 13.03 W
2026/09/20 21:53:50.955, 2411 MHz, 0x0000000000000000, 48, 13.05 W
2026/09/20 21:53:51.956, 2411 MHz, 0x0000000000000000, 48, 12.99 W
2026/09/20 21:53:52.956, 2411 MHz, 0x0000000000000000, 48, 13.00 W
2026/09/20 21:53:53.957, 2411 MHz, 0x0000000000000000, 48, 13.05 W
2026/09/20 21:53:54.958, 2411 MHz, 0x0000000000000000, 48, 13.36 W
2026/09/20 21:53:55.958, 2411 MHz, 0x0000000000000000, 48, 14.54 W
2026/09/20 21:53:56.958, 2411 MHz, 0x0000000000000000, 48, 14.64 W
2026/09/20 21:53:57.959, 2411 MHz, 0x0000000000000000, 48, 14.61 W
2026/09/20 21:53:58.959, 2411 MHz, 0x0000000000000000, 48, 14.60 W
2026/09/20 21:53:59.960, 2411 MHz, 0x0000000000000000, 48, 13.70 W
2026/09/20 21:54:00.961, 2411 MHz, 0x0000000000000000, 48, 12.95 W
2026/09/20 21:54:01.961, 2411 MHz, 0x0000000000000000, 48, 12.96 W
2026/09/20 21:54:02.962, 2411 MHz, 0x0000000000000000, 48, 13.03 W
2026/09/20 21:54:03.963, 2411 MHz, 0x0000000000000000, 48, 13.00 W
2026/09/20 21:54:04.963, 2411 MHz, 0x0000000000000000, 48, 13.03 W
2026/09/20 21:54:05.963, 2411 MHz, 0x0000000000000000, 48, 13.05 W
2026/09/20 21:54:06.963, 2411 MHz, 0x0000000000000000, 48, 13.02 W
2026/09/20 21:54:07.964, 2411 MHz, 0x0000000000000000, 48, 12.98 W
2026/09/20 21:54:08.965, 2411 MHz, 0x0000000000000000, 48, 12.95 W
2026/09/20 21:54:09.965, 2411 MHz, 0x0000000000000000, 48, 13.02 W
2026/09/20 21:54:10.966, 2411 MHz, 0x0000000000000000, 48, 13.01 W
2026/09/20 21:54:11.966, 2411 MHz, 0x0000000000000000, 48, 13.02 W
2026/09/20 21:54:12.967, 2411 MHz, 0x0000000000000000, 48, 13.03 W
2026/09/20 21:54:13.968, 2411 MHz, 0x0000000000000000, 48, 13.04 W
2026/09/20 21:54:14.969, 2411 MHz, 0x0000000000000000, 48, 13.01 W
2026/09/20 21:54:15.970, 2411 MHz, 0x0000000000000000, 48, 12.99 W
2026/09/20 21:54:16.971, 2411 MHz, 0x0000000000000000, 48, 12.99 W
2026/09/20 21:54:17.971, 2411 MHz, 0x0000000000000000, 48, 13.01 W
2026/09/20 21:54:18.972, 2411 MHz, 0x0000000000000000, 48, 12.99 W
2026/09/20 21:54:19.972, 2411 MHz, 0x0000000000000000, 48, 12.95 W
2026/09/20 21:54:20.973, 2411 MHz, 0x0000000000000000, 48, 12.96 W
2026/09/20 21:54:21.974, 2411 MHz, 0x0000000000000000, 48, 13.01 W
2026/09/20 21:54:22.975, 2411 MHz, 0x0000000000000000, 48, 13.00 W
2026/09/20 21:54:23.976, 2411 MHz, 0x0000000000000000, 48, 12.94 W
2026/09/20 21:54:24.976, 2411 MHz, 0x0000000000000000, 48, 13.02 W
2026/09/20 21:54:25.977, 2411 MHz, 0x0000000000000000, 48, 13.00 W
2026/09/20 21:54:26.978, 2411 MHz, 0x0000000000000000, 48, 12.99 W
2026/09/20 21:54:27.979, 2411 MHz, 0x0000000000000000, 48, 13.03 W
2026/09/20 21:54:28.979, 2411 MHz, 0x0000000000000000, 48, 13.05 W
2026/09/20 21:54:29.980, 2411 MHz, 0x0000000000000000, 48, 13.07 W
2026/09/20 21:54:30.981, 2411 MHz, 0x0000000000000000, 48, 13.04 W
2026/09/20 21:54:31.981, 2411 MHz, 0x0000000000000000, 48, 13.64 W
2026/09/20 21:54:32.981, 2411 MHz, 0x0000000000000000, 48, 14.69 W
2026/09/20 21:54:33.982, 2411 MHz, 0x0000000000000000, 48, 14.63 W
2026/09/20 21:54:34.982, 2411 MHz, 0x0000000000000000, 48, 14.70 W
2026/09/20 21:54:35.983, 2411 MHz, 0x0000000000000000, 48, 14.55 W
2026/09/20 21:54:36.983, 2411 MHz, 0x0000000000000000, 48, 13.42 W
2026/09/20 21:54:37.984, 2411 MHz, 0x0000000000000000, 48, 13.03 W
2026/09/20 21:54:38.984, 2411 MHz, 0x0000000000000000, 48, 13.00 W
2026/09/20 21:54:39.985, 2411 MHz, 0x0000000000000000, 48, 13.01 W
2026/09/20 21:54:40.986, 2411 MHz, 0x0000000000000000, 48, 13.01 W
2026/09/20 21:54:41.987, 2411 MHz, 0x0000000000000000, 48, 13.02 W
2026/09/20 21:54:42.988, 2411 MHz, 0x0000000000000000, 48, 13.00 W
2026/09/20 21:54:43.988, 2411 MHz, 0x0000000000000000, 48, 12.95 W
2026/09/20 21:54:44.988, 2411 MHz, 0x0000000000000000, 48, 12.94 W
2026/09/20 21:54:45.989, 2411 MHz, 0x0000000000000000, 48, 12.94 W
2026/09/20 21:54:46.990, 2411 MHz, 0x0000000000000000, 48, 12.98 W
2026/09/20 21:54:47.991, 2411 MHz, 0x0000000000000000, 48, 12.97 W
2026/09/20 21:54:48.992, 2411 MHz, 0x0000000000000000, 48, 13.04 W
2026/09/20 21:54:49.993, 2411 MHz, 0x0000000000000000, 48, 13.06 W
2026/09/20 21:54:50.993, 2411 MHz, 0x0000000000000000, 48, 13.03 W
2026/09/20 21:54:51.994, 2411 MHz, 0x0000000000000000, 47, 13.05 W
2026/09/20 21:54:52.995, 2411 MHz, 0x0000000000000000, 48, 13.02 W
2026/09/20 21:54:53.996, 2411 MHz, 0x0000000000000000, 47, 12.97 W
2026/09/20 21:54:54.996, 2411 MHz, 0x0000000000000000, 47, 13.01 W
2026/09/20 21:54:55.997, 2411 MHz, 0x0000000000000000, 47, 12.95 W
2026/09/20 21:54:56.998, 2411 MHz, 0x0000000000000000, 47, 12.92 W
2026/09/20 21:54:57.998, 2411 MHz, 0x0000000000000000, 47, 12.97 W
2026/09/20 21:54:58.998, 2411 MHz, 0x0000000000000000, 47, 12.97 W
2026/09/20 21:54:59.999, 2411 MHz, 0x0000000000000000, 47, 12.94 W
2026/09/20 21:55:01.000, 2411 MHz, 0x0000000000000000, 47, 12.91 W
2026/09/20 21:55:02.001, 2411 MHz, 0x0000000000000000, 47, 12.90 W
2026/09/20 21:55:03.002, 2411 MHz, 0x0000000000000000, 47, 12.91 W
2026/09/20 21:55:04.002, 2411 MHz, 0x0000000000000000, 47, 12.93 W
2026/09/20 21:55:05.003, 2411 MHz, 0x0000000000000000, 47, 12.93 W
2026/09/20 21:55:06.004, 2411 MHz, 0x0000000000000000, 47, 12.92 W
2026/09/20 21:55:07.004, 2411 MHz, 0x0000000000000000, 47, 12.86 W
2026/09/20 21:55:08.005, 2411 MHz, 0x0000000000000000, 47, 12.89 W
2026/09/20 21:55:09.005, 2411 MHz, 0x0000000000000000, 48, 13.71 W
2026/09/20 21:55:10.005, 2411 MHz, 0x0000000000000000, 48, 14.40 W
2026/09/20 21:55:11.006, 2411 MHz, 0x0000000000000000, 48, 14.52 W
2026/09/20 21:55:12.007, 2411 MHz, 0x0000000000000000, 48, 14.50 W
2026/09/20 21:55:13.007, 2411 MHz, 0x0000000000000000, 48, 14.48 W
2026/09/20 21:55:14.008, 2411 MHz, 0x0000000000000000, 48, 12.98 W
2026/09/20 21:55:15.008, 2411 MHz, 0x0000000000000000, 48, 12.91 W
2026/09/20 21:55:16.008, 2411 MHz, 0x0000000000000000, 48, 12.87 W
2026/09/20 21:55:17.009, 2411 MHz, 0x0000000000000000, 47, 12.93 W
2026/09/20 21:55:18.010, 2411 MHz, 0x0000000000000000, 47, 12.92 W
2026/09/20 21:55:19.011, 2411 MHz, 0x0000000000000000, 47, 12.93 W
2026/09/20 21:55:20.012, 2411 MHz, 0x0000000000000000, 47, 12.92 W
2026/09/20 21:55:21.012, 2411 MHz, 0x0000000000000000, 47, 12.88 W
2026/09/20 21:55:22.013, 2411 MHz, 0x0000000000000000, 47, 12.93 W
2026/09/20 21:55:23.014, 2411 MHz, 0x0000000000000000, 47, 12.93 W
2026/09/20 21:55:24.015, 2411 MHz, 0x0000000000000000, 47, 12.93 W
2026/09/20 21:55:25.015, 2411 MHz, 0x0000000000000000, 47, 12.92 W
2026/09/20 21:55:26.016, 2411 MHz, 0x0000000000000000, 47, 12.96 W
2026/09/20 21:55:27.017, 2411 MHz, 0x0000000000000000, 47, 12.98 W
2026/09/20 21:55:28.018, 2411 MHz, 0x0000000000000000, 47, 12.94 W
2026/09/20 21:55:29.019, 2411 MHz, 0x0000000000000000, 47, 12.93 W
2026/09/20 21:55:30.020, 2411 MHz, 0x0000000000000000, 47, 12.95 W
2026/09/20 21:55:31.020, 2411 MHz, 0x0000000000000000, 47, 12.97 W
2026/09/20 21:55:32.021, 2411 MHz, 0x0000000000000000, 47, 13.02 W
2026/09/20 21:55:33.022, 2411 MHz, 0x0000000000000000, 47, 12.99 W
2026/09/20 21:55:34.023, 2411 MHz, 0x0000000000000000, 47, 12.96 W
2026/09/20 21:55:35.023, 2411 MHz, 0x0000000000000000, 47, 13.00 W
2026/09/20 21:55:36.024, 2411 MHz, 0x0000000000000000, 47, 12.99 W
2026/09/20 21:55:37.025, 2411 MHz, 0x0000000000000000, 47, 13.00 W
2026/09/20 21:55:38.026, 2411 MHz, 0x0000000000000000, 47, 12.96 W
2026/09/20 21:55:39.027, 2411 MHz, 0x0000000000000000, 47, 12.99 W
2026/09/20 21:55:40.027, 2411 MHz, 0x0000000000000000, 47, 12.97 W
2026/09/20 21:55:41.028, 2411 MHz, 0x0000000000000000, 47, 13.00 W
2026/09/20 21:55:42.029, 2411 MHz, 0x0000000000000000, 47, 12.89 W
2026/09/20 21:55:43.030, 2411 MHz, 0x0000000000000000, 47, 12.86 W
2026/09/20 21:55:44.030, 2411 MHz, 0x0000000000000000, 47, 12.86 W
2026/09/20 21:55:45.031, 2411 MHz, 0x0000000000000000, 47, 12.97 W
2026/09/20 21:55:46.031, 2411 MHz, 0x0000000000000000, 47, 13.95 W
2026/09/20 21:55:47.032, 2411 MHz, 0x0000000000000000, 48, 14.54 W
2026/09/20 21:55:48.032, 2411 MHz, 0x0000000000000000, 48, 14.60 W
2026/09/20 21:55:49.033, 2411 MHz, 0x0000000000000000, 48, 14.64 W
2026/09/20 21:55:50.033, 2411 MHz, 0x0000000000000000, 47, 14.10 W
2026/09/20 21:55:51.033, 2411 MHz, 0x0000000000000000, 47, 13.00 W
2026/09/20 21:55:52.034, 2411 MHz, 0x0000000000000000, 47, 13.00 W
2026/09/20 21:55:53.035, 2411 MHz, 0x0000000000000000, 47, 13.01 W
2026/09/20 21:55:54.036, 2411 MHz, 0x0000000000000000, 47, 13.06 W
2026/09/20 21:55:55.037, 2411 MHz, 0x0000000000000000, 47, 13.03 W
2026/09/20 21:55:56.038, 2411 MHz, 0x0000000000000000, 47, 13.02 W
2026/09/20 21:55:57.039, 2411 MHz, 0x0000000000000000, 47, 12.98 W
2026/09/20 21:55:58.040, 2411 MHz, 0x0000000000000000, 47, 12.95 W
2026/09/20 21:55:59.040, 2411 MHz, 0x0000000000000000, 47, 12.95 W
2026/09/20 21:56:00.041, 2411 MHz, 0x0000000000000000, 47, 12.97 W
2026/09/20 21:56:01.041, 2411 MHz, 0x0000000000000000, 47, 12.95 W
2026/09/20 21:56:02.042, 2411 MHz, 0x0000000000000000, 47, 12.95 W
2026/09/20 21:56:03.043, 2411 MHz, 0x0000000000000000, 47, 12.91 W
2026/09/20 21:56:04.044, 2411 MHz, 0x0000000000000000, 47, 12.89 W
2026/09/20 21:56:05.045, 2411 MHz, 0x0000000000000000, 47, 12.89 W
2026/09/20 21:56:06.046, 2411 MHz, 0x0000000000000000, 47, 12.86 W
2026/09/20 21:56:07.046, 2411 MHz, 0x0000000000000000, 47, 12.93 W
2026/09/20 21:56:08.047, 2411 MHz, 0x0000000000000000, 47, 12.94 W
2026/09/20 21:56:09.048, 2411 MHz, 0x0000000000000000, 47, 12.90 W
2026/09/20 21:56:10.048, 2411 MHz, 0x0000000000000000, 47, 12.93 W
2026/09/20 21:56:11.050, 2411 MHz, 0x0000000000000000, 47, 12.92 W
2026/09/20 21:56:12.050, 2411 MHz, 0x0000000000000000, 47, 12.93 W
2026/09/20 21:56:13.051, 2411 MHz, 0x0000000000000000, 47, 12.92 W
2026/09/20 21:56:14.052, 2411 MHz, 0x0000000000000000, 47, 12.84 W
2026/09/20 21:56:15.053, 2411 MHz, 0x0000000000000000, 47, 12.81 W
2026/09/20 21:56:16.053, 2411 MHz, 0x0000000000000000, 47, 12.83 W
2026/09/20 21:56:17.054, 2411 MHz, 0x0000000000000000, 47, 12.84 W
2026/09/20 21:56:18.055, 2411 MHz, 0x0000000000000000, 47, 12.85 W
2026/09/20 21:56:19.056, 2411 MHz, 0x0000000000000000, 47, 12.84 W
2026/09/20 21:56:20.057, 2411 MHz, 0x0000000000000000, 47, 12.85 W
2026/09/20 21:56:21.058, 2411 MHz, 0x0000000000000000, 47, 12.87 W
2026/09/20 21:56:22.058, 2411 MHz, 0x0000000000000000, 47, 12.88 W
2026/09/20 21:56:23.058, 2411 MHz, 0x0000000000000000, 47, 14.16 W
2026/09/20 21:56:24.059, 2411 MHz, 0x0000000000000000, 47, 14.43 W
2026/09/20 21:56:25.059, 2411 MHz, 0x0000000000000000, 48, 14.57 W
2026/09/20 21:56:26.059, 2411 MHz, 0x0000000000000000, 48, 14.59 W
2026/09/20 21:56:27.060, 2411 MHz, 0x0000000000000000, 47, 13.81 W
2026/09/20 21:56:28.061, 2411 MHz, 0x0000000000000000, 47, 12.92 W
2026/09/20 21:56:29.062, 2411 MHz, 0x0000000000000000, 47, 12.90 W
2026/09/20 21:56:30.063, 2411 MHz, 0x0000000000000000, 47, 12.90 W
2026/09/20 21:56:31.064, 2411 MHz, 0x0000000000000000, 47, 12.88 W
2026/09/20 21:56:32.065, 2411 MHz, 0x0000000000000000, 47, 12.88 W
2026/09/20 21:56:33.065, 2411 MHz, 0x0000000000000000, 47, 12.90 W
2026/09/20 21:56:34.066, 2411 MHz, 0x0000000000000000, 47, 12.94 W
2026/09/20 21:56:35.067, 2411 MHz, 0x0000000000000000, 47, 12.92 W
2026/09/20 21:56:36.067, 2411 MHz, 0x0000000000000000, 47, 12.86 W
2026/09/20 21:56:37.068, 2411 MHz, 0x0000000000000000, 47, 12.84 W
2026/09/20 21:56:38.069, 2411 MHz, 0x0000000000000000, 47, 12.81 W
2026/09/20 21:56:39.070, 2411 MHz, 0x0000000000000000, 47, 12.89 W
2026/09/20 21:56:40.071, 2411 MHz, 0x0000000000000000, 47, 12.84 W
2026/09/20 21:56:41.072, 2411 MHz, 0x0000000000000000, 47, 12.87 W
2026/09/20 21:56:42.072, 2411 MHz, 0x0000000000000000, 47, 12.97 W
2026/09/20 21:56:43.073, 2411 MHz, 0x0000000000000000, 47, 12.93 W
2026/09/20 21:56:44.074, 2411 MHz, 0x0000000000000000, 47, 12.90 W
2026/09/20 21:56:45.075, 2411 MHz, 0x0000000000000000, 47, 12.91 W
2026/09/20 21:56:46.075, 2411 MHz, 0x0000000000000000, 47, 12.93 W
2026/09/20 21:56:47.076, 2411 MHz, 0x0000000000000000, 47, 12.95 W
2026/09/20 21:56:48.077, 2411 MHz, 0x0000000000000000, 47, 12.94 W
2026/09/20 21:56:49.078, 2411 MHz, 0x0000000000000000, 47, 12.95 W
2026/09/20 21:56:50.079, 2411 MHz, 0x0000000000000000, 47, 12.97 W
2026/09/20 21:56:51.079, 2411 MHz, 0x0000000000000000, 47, 12.95 W
2026/09/20 21:56:52.080, 2411 MHz, 0x0000000000000000, 47, 12.94 W
2026/09/20 21:56:53.081, 2411 MHz, 0x0000000000000000, 47, 12.90 W
2026/09/20 21:56:54.082, 2411 MHz, 0x0000000000000000, 47, 12.92 W
2026/09/20 21:56:55.083, 2411 MHz, 0x0000000000000000, 47, 13.02 W
2026/09/20 21:56:56.084, 2411 MHz, 0x0000000000000000, 47, 13.00 W
2026/09/20 21:56:57.085, 2411 MHz, 0x0000000000000000, 47, 12.96 W
2026/09/20 21:56:58.086, 2411 MHz, 0x0000000000000000, 47, 12.96 W
2026/09/20 21:56:59.086, 2411 MHz, 0x0000000000000000, 47, 12.95 W
2026/09/20 21:57:00.086, 2411 MHz, 0x0000000000000000, 47, 14.31 W
2026/09/20 21:57:01.087, 2411 MHz, 0x0000000000000000, 47, 14.60 W
2026/09/20 21:57:02.087, 2411 MHz, 0x0000000000000000, 47, 14.60 W
2026/09/20 21:57:03.087, 2411 MHz, 0x0000000000000000, 47, 14.48 W
2026/09/20 21:57:04.088, 2411 MHz, 0x0000000000000000, 47, 13.58 W
2026/09/20 21:57:05.089, 2411 MHz, 0x0000000000000000, 47, 12.96 W
2026/09/20 21:57:06.089, 2411 MHz, 0x0000000000000000, 47, 12.94 W
2026/09/20 21:57:07.090, 2411 MHz, 0x0000000000000000, 47, 12.94 W
2026/09/20 21:57:08.090, 2411 MHz, 0x0000000000000000, 47, 12.90 W
2026/09/20 21:57:09.091, 2411 MHz, 0x0000000000000000, 47, 12.87 W
2026/09/20 21:57:10.092, 2411 MHz, 0x0000000000000000, 47, 12.87 W
2026/09/20 21:57:11.093, 2411 MHz, 0x0000000000000000, 47, 12.85 W
2026/09/20 21:57:12.094, 2411 MHz, 0x0000000000000000, 47, 12.87 W
2026/09/20 21:57:13.095, 2411 MHz, 0x0000000000000000, 47, 12.92 W
2026/09/20 21:57:14.096, 2411 MHz, 0x0000000000000000, 47, 12.91 W
2026/09/20 21:57:15.097, 2411 MHz, 0x0000000000000000, 47, 12.95 W
2026/09/20 21:57:16.097, 2411 MHz, 0x0000000000000000, 47, 12.90 W
2026/09/20 21:57:17.098, 2411 MHz, 0x0000000000000000, 47, 12.88 W
2026/09/20 21:57:18.099, 2411 MHz, 0x0000000000000000, 47, 12.88 W
2026/09/20 21:57:19.100, 2411 MHz, 0x0000000000000000, 47, 12.82 W
2026/09/20 21:57:20.101, 2411 MHz, 0x0000000000000000, 47, 12.86 W
2026/09/20 21:57:21.102, 2411 MHz, 0x0000000000000000, 47, 12.82 W
2026/09/20 21:57:22.102, 2411 MHz, 0x0000000000000000, 47, 12.81 W
2026/09/20 21:57:23.103, 2411 MHz, 0x0000000000000000, 47, 12.79 W
2026/09/20 21:57:24.104, 2411 MHz, 0x0000000000000000, 47, 12.90 W
2026/09/20 21:57:25.105, 2411 MHz, 0x0000000000000000, 47, 12.96 W
2026/09/20 21:57:26.105, 2411 MHz, 0x0000000000000000, 47, 12.92 W
2026/09/20 21:57:27.106, 2411 MHz, 0x0000000000000000, 47, 12.89 W
2026/09/20 21:57:28.107, 2411 MHz, 0x0000000000000000, 47, 12.85 W
2026/09/20 21:57:29.108, 2411 MHz, 0x0000000000000000, 47, 12.86 W
2026/09/20 21:57:30.109, 2411 MHz, 0x0000000000000000, 47, 12.93 W
2026/09/20 21:57:31.110, 2411 MHz, 0x0000000000000000, 47, 12.90 W
2026/09/20 21:57:32.111, 2411 MHz, 0x0000000000000000, 47, 12.85 W
2026/09/20 21:57:33.111, 2411 MHz, 0x0000000000000000, 47, 12.86 W
2026/09/20 21:57:34.112, 2411 MHz, 0x0000000000000000, 47, 12.85 W
2026/09/20 21:57:35.112, 2411 MHz, 0x0000000000000000, 47, 12.83 W
2026/09/20 21:57:36.113, 2411 MHz, 0x0000000000000000, 47, 12.95 W
2026/09/20 21:57:37.113, 2411 MHz, 0x0000000000000000, 47, 14.49 W
2026/09/20 21:57:38.113, 2411 MHz, 0x0000000000000000, 47, 14.50 W
2026/09/20 21:57:39.114, 2411 MHz, 0x0000000000000000, 47, 14.53 W
2026/09/20 21:57:40.114, 2411 MHz, 0x0000000000000000, 47, 14.52 W
2026/09/20 21:57:41.115, 2411 MHz, 0x0000000000000000, 47, 13.77 W
2026/09/20 21:57:42.116, 2411 MHz, 0x0000000000000000, 47, 12.96 W
2026/09/20 21:57:43.116, 2411 MHz, 0x0000000000000000, 47, 13.01 W
2026/09/20 21:57:44.117, 2411 MHz, 0x0000000000000000, 47, 12.96 W
2026/09/20 21:57:45.118, 2411 MHz, 0x0000000000000000, 47, 12.96 W
2026/09/20 21:57:46.119, 2411 MHz, 0x0000000000000000, 47, 12.96 W
2026/09/20 21:57:47.120, 2411 MHz, 0x0000000000000000, 47, 12.95 W
2026/09/20 21:57:48.120, 2411 MHz, 0x0000000000000000, 47, 12.99 W
2026/09/20 21:57:49.121, 2411 MHz, 0x0000000000000000, 47, 13.01 W
2026/09/20 21:57:50.122, 2411 MHz, 0x0000000000000000, 47, 12.99 W
2026/09/20 21:57:51.122, 2411 MHz, 0x0000000000000000, 47, 12.91 W
2026/09/20 21:57:52.123, 2411 MHz, 0x0000000000000000, 48, 12.93 W
2026/09/20 21:57:53.124, 2411 MHz, 0x0000000000000000, 48, 12.96 W
2026/09/20 21:57:54.125, 2411 MHz, 0x0000000000000000, 48, 12.92 W
2026/09/20 21:57:55.126, 2411 MHz, 0x0000000000000000, 48, 12.96 W
2026/09/20 21:57:56.127, 2411 MHz, 0x0000000000000000, 48, 12.96 W
2026/09/20 21:57:57.127, 2411 MHz, 0x0000000000000000, 48, 13.03 W
2026/09/20 21:57:58.128, 2411 MHz, 0x0000000000000000, 48, 13.01 W
2026/09/20 21:57:59.129, 2411 MHz, 0x0000000000000000, 48, 13.01 W
2026/09/20 21:58:00.129, 2411 MHz, 0x0000000000000000, 48, 12.98 W
2026/09/20 21:58:01.130, 2411 MHz, 0x0000000000000000, 48, 12.97 W
2026/09/20 21:58:02.131, 2411 MHz, 0x0000000000000000, 48, 12.94 W
2026/09/20 21:58:03.131, 2411 MHz, 0x0000000000000000, 48, 12.95 W
2026/09/20 21:58:04.131, 2411 MHz, 0x0000000000000000, 48, 12.95 W
2026/09/20 21:58:05.132, 2411 MHz, 0x0000000000000000, 48, 13.00 W
2026/09/20 21:58:06.133, 2411 MHz, 0x0000000000000000, 48, 13.01 W
2026/09/20 21:58:07.134, 2411 MHz, 0x0000000000000000, 48, 12.96 W
2026/09/20 21:58:08.135, 2411 MHz, 0x0000000000000000, 48, 13.03 W
2026/09/20 21:58:09.136, 2411 MHz, 0x0000000000000000, 48, 13.09 W
2026/09/20 21:58:10.136, 2411 MHz, 0x0000000000000000, 48, 12.98 W
2026/09/20 21:58:11.137, 2411 MHz, 0x0000000000000000, 48, 12.96 W
2026/09/20 21:58:12.138, 2411 MHz, 0x0000000000000000, 48, 13.04 W
2026/09/20 21:58:13.138, 2411 MHz, 0x0000000000000000, 48, 13.33 W
2026/09/20 21:58:14.139, 2411 MHz, 0x0000000000000000, 48, 14.57 W
2026/09/20 21:58:15.139, 2411 MHz, 0x0000000000000000, 48, 14.63 W
2026/09/20 21:58:16.140, 2411 MHz, 0x0000000000000000, 48, 14.64 W
2026/09/20 21:58:17.140, 2411 MHz, 0x0000000000000000, 49, 14.62 W
2026/09/20 21:58:18.141, 2411 MHz, 0x0000000000000000, 48, 13.78 W
2026/09/20 21:58:19.141, 2411 MHz, 0x0000000000000000, 48, 13.10 W
2026/09/20 21:58:20.141, 2411 MHz, 0x0000000000000000, 48, 13.07 W
2026/09/20 21:58:21.142, 2411 MHz, 0x0000000000000000, 48, 13.02 W
2026/09/20 21:58:22.143, 2411 MHz, 0x0000000000000000, 48, 12.99 W
2026/09/20 21:58:23.143, 2411 MHz, 0x0000000000000000, 48, 13.03 W
2026/09/20 21:58:24.144, 2411 MHz, 0x0000000000000000, 48, 13.02 W
2026/09/20 21:58:25.145, 2411 MHz, 0x0000000000000000, 48, 13.04 W
2026/09/20 21:58:26.146, 2411 MHz, 0x0000000000000000, 48, 12.97 W
2026/09/20 21:58:27.147, 2411 MHz, 0x0000000000000000, 48, 12.99 W
2026/09/20 21:58:28.148, 2411 MHz, 0x0000000000000000, 48, 12.98 W
2026/09/20 21:58:29.148, 2411 MHz, 0x0000000000000000, 48, 12.96 W
2026/09/20 21:58:30.148, 2411 MHz, 0x0000000000000000, 48, 12.94 W
2026/09/20 21:58:31.149, 2411 MHz, 0x0000000000000000, 48, 13.02 W
2026/09/20 21:58:32.150, 2411 MHz, 0x0000000000000000, 48, 13.01 W
2026/09/20 21:58:33.151, 2411 MHz, 0x0000000000000000, 48, 13.01 W
2026/09/20 21:58:34.152, 2411 MHz, 0x0000000000000000, 48, 13.04 W
2026/09/20 21:58:35.153, 2411 MHz, 0x0000000000000000, 48, 13.04 W
2026/09/20 21:58:36.154, 2411 MHz, 0x0000000000000000, 48, 13.05 W
2026/09/20 21:58:37.154, 2411 MHz, 0x0000000000000000, 48, 13.00 W
2026/09/20 21:58:38.155, 2411 MHz, 0x0000000000000000, 48, 13.01 W
2026/09/20 21:58:39.156, 2411 MHz, 0x0000000000000000, 48, 13.08 W
2026/09/20 21:58:40.156, 2411 MHz, 0x0000000000000000, 48, 13.00 W
2026/09/20 21:58:41.156, 2411 MHz, 0x0000000000000000, 48, 12.99 W
2026/09/20 21:58:42.157, 2411 MHz, 0x0000000000000000, 48, 12.97 W
2026/09/20 21:58:43.158, 2411 MHz, 0x0000000000000000, 48, 13.02 W
2026/09/20 21:58:44.159, 2411 MHz, 0x0000000000000000, 48, 13.08 W
2026/09/20 21:58:45.159, 2411 MHz, 0x0000000000000000, 48, 13.06 W
2026/09/20 21:58:46.160, 2411 MHz, 0x0000000000000000, 48, 13.09 W
2026/09/20 21:58:47.160, 2411 MHz, 0x0000000000000000, 48, 13.03 W
2026/09/20 21:58:48.161, 2411 MHz, 0x0000000000000000, 48, 12.98 W
2026/09/20 21:58:49.162, 2411 MHz, 0x0000000000000000, 48, 13.05 W
2026/09/20 21:58:50.162, 2411 MHz, 0x0000000000000000, 49, 13.58 W
2026/09/20 21:58:51.163, 2411 MHz, 0x0000000000000000, 49, 14.62 W
2026/09/20 21:58:52.163, 2411 MHz, 0x0000000000000000, 49, 14.69 W
2026/09/20 21:58:53.164, 2411 MHz, 0x0000000000000000, 49, 14.69 W
2026/09/20 21:58:54.164, 2411 MHz, 0x0000000000000000, 49, 14.62 W
2026/09/20 21:58:55.164, 2411 MHz, 0x0000000000000000, 49, 13.08 W
2026/09/20 21:58:56.165, 2411 MHz, 0x0000000000000000, 49, 13.12 W
2026/09/20 21:58:57.166, 2411 MHz, 0x0000000000000000, 49, 13.11 W
2026/09/20 21:58:58.167, 2411 MHz, 0x0000000000000000, 49, 13.05 W
2026/09/20 21:58:59.168, 2411 MHz, 0x0000000000000000, 49, 13.04 W
2026/09/20 21:59:00.168, 2411 MHz, 0x0000000000000000, 49, 13.04 W
2026/09/20 21:59:01.169, 2411 MHz, 0x0000000000000000, 49, 13.05 W
2026/09/20 21:59:02.170, 2411 MHz, 0x0000000000000000, 49, 13.06 W
2026/09/20 21:59:03.170, 2411 MHz, 0x0000000000000000, 49, 13.04 W
2026/09/20 21:59:04.171, 2411 MHz, 0x0000000000000000, 49, 13.02 W
2026/09/20 21:59:05.172, 2411 MHz, 0x0000000000000000, 49, 13.04 W
2026/09/20 21:59:06.172, 2411 MHz, 0x0000000000000000, 49, 13.05 W
2026/09/20 21:59:07.173, 2411 MHz, 0x0000000000000000, 49, 13.09 W
2026/09/20 21:59:08.174, 2411 MHz, 0x0000000000000000, 49, 13.13 W
2026/09/20 21:59:09.175, 2411 MHz, 0x0000000000000000, 49, 13.15 W
2026/09/20 21:59:10.176, 2411 MHz, 0x0000000000000000, 49, 13.12 W
2026/09/20 21:59:11.176, 2411 MHz, 0x0000000000000000, 49, 13.11 W
2026/09/20 21:59:12.177, 2411 MHz, 0x0000000000000000, 49, 13.11 W
2026/09/20 21:59:13.178, 2411 MHz, 0x0000000000000000, 49, 13.14 W
2026/09/20 21:59:14.179, 2411 MHz, 0x0000000000000000, 49, 13.10 W
2026/09/20 21:59:15.180, 2411 MHz, 0x0000000000000000, 49, 13.06 W
2026/09/20 21:59:16.181, 2411 MHz, 0x0000000000000000, 49, 13.08 W
2026/09/20 21:59:17.182, 2411 MHz, 0x0000000000000000, 49, 13.13 W
2026/09/20 21:59:18.182, 2411 MHz, 0x0000000000000000, 49, 13.15 W
2026/09/20 21:59:19.183, 2411 MHz, 0x0000000000000000, 49, 13.14 W
2026/09/20 21:59:20.184, 2411 MHz, 0x0000000000000000, 49, 13.11 W
2026/09/20 21:59:21.184, 2411 MHz, 0x0000000000000000, 49, 13.08 W
2026/09/20 21:59:22.185, 2411 MHz, 0x0000000000000000, 49, 13.08 W
2026/09/20 21:59:23.186, 2411 MHz, 0x0000000000000000, 49, 13.10 W
2026/09/20 21:59:24.187, 2411 MHz, 0x0000000000000000, 49, 13.10 W
2026/09/20 21:59:25.188, 2411 MHz, 0x0000000000000000, 49, 13.10 W
2026/09/20 21:59:26.189, 2411 MHz, 0x0000000000000000, 49, 13.14 W
2026/09/20 21:59:27.189, 2411 MHz, 0x0000000000000000, 49, 13.97 W
2026/09/20 21:59:28.189, 2411 MHz, 0x0000000000000000, 49, 14.72 W
2026/09/20 21:59:29.190, 2411 MHz, 0x0000000000000000, 49, 14.78 W
2026/09/20 21:59:30.190, 2411 MHz, 0x0000000000000000, 49, 14.81 W
2026/09/20 21:59:31.191, 2411 MHz, 0x0000000000000000, 49, 14.57 W
2026/09/20 21:59:32.192, 2411 MHz, 0x0000000000000000, 49, 13.22 W
2026/09/20 21:59:33.192, 2411 MHz, 0x0000000000000000, 49, 13.25 W
2026/09/20 21:59:34.193, 2411 MHz, 0x0000000000000000, 49, 13.29 W
2026/09/20 21:59:35.194, 2411 MHz, 0x0000000000000000, 49, 13.23 W
2026/09/20 21:59:36.194, 2411 MHz, 0x0000000000000000, 49, 13.20 W
2026/09/20 21:59:37.195, 2411 MHz, 0x0000000000000000, 49, 13.15 W
2026/09/20 21:59:38.196, 2411 MHz, 0x0000000000000000, 49, 13.11 W
2026/09/20 21:59:39.196, 2411 MHz, 0x0000000000000000, 49, 13.10 W
2026/09/20 21:59:40.197, 2411 MHz, 0x0000000000000000, 49, 13.15 W
2026/09/20 21:59:41.197, 2411 MHz, 0x0000000000000000, 49, 13.17 W
2026/09/20 21:59:42.198, 2411 MHz, 0x0000000000000000, 49, 13.08 W
2026/09/20 21:59:43.199, 2411 MHz, 0x0000000000000000, 49, 13.11 W
2026/09/20 21:59:44.199, 2411 MHz, 0x0000000000000000, 49, 13.18 W
2026/09/20 21:59:45.199, 2411 MHz, 0x0000000000000000, 49, 13.14 W
2026/09/20 21:59:46.200, 2411 MHz, 0x0000000000000000, 49, 13.11 W
2026/09/20 21:59:47.201, 2411 MHz, 0x0000000000000000, 49, 13.09 W
2026/09/20 21:59:48.201, 2411 MHz, 0x0000000000000000, 49, 13.12 W
2026/09/20 21:59:49.202, 2411 MHz, 0x0000000000000000, 49, 13.10 W
2026/09/20 21:59:50.203, 2411 MHz, 0x0000000000000000, 49, 13.12 W
2026/09/20 21:59:51.204, 2411 MHz, 0x0000000000000000, 49, 13.14 W
2026/09/20 21:59:52.205, 2411 MHz, 0x0000000000000000, 49, 13.17 W
2026/09/20 21:59:53.205, 2411 MHz, 0x0000000000000000, 49, 13.20 W
2026/09/20 21:59:54.206, 2411 MHz, 0x0000000000000000, 49, 13.16 W
2026/09/20 21:59:55.207, 2411 MHz, 0x0000000000000000, 49, 13.19 W
2026/09/20 21:59:56.207, 2411 MHz, 0x0000000000000000, 49, 13.20 W
2026/09/20 21:59:57.208, 2411 MHz, 0x0000000000000000, 49, 13.18 W
2026/09/20 21:59:58.209, 2411 MHz, 0x0000000000000000, 49, 13.20 W
2026/09/20 21:59:59.210, 2411 MHz, 0x0000000000000000, 49, 13.19 W
2026/09/20 22:00:00.210, 2411 MHz, 0x0000000000000000, 49, 13.18 W
2026/09/20 22:00:01.211, 2411 MHz, 0x0000000000000000, 49, 13.15 W
2026/09/20 22:00:02.212, 2411 MHz, 0x0000000000000000, 49, 13.08 W
2026/09/20 22:00:03.213, 2411 MHz, 0x0000000000000000, 49, 13.07 W
2026/09/20 22:00:04.213, 2411 MHz, 0x0000000000000000, 49, 14.14 W
2026/09/20 22:00:05.214, 2411 MHz, 0x0000000000000000, 49, 14.76 W
2026/09/20 22:00:06.214, 2411 MHz, 0x0000000000000000, 49, 14.76 W
2026/09/20 22:00:07.215, 2411 MHz, 0x0000000000000000, 49, 14.78 W
2026/09/20 22:00:08.215, 2411 MHz, 0x0000000000000000, 49, 14.61 W
2026/09/20 22:00:09.216, 2411 MHz, 0x0000000000000000, 49, 13.22 W
2026/09/20 22:00:10.217, 2411 MHz, 0x0000000000000000, 49, 13.22 W
2026/09/20 22:00:11.218, 2411 MHz, 0x0000000000000000, 49, 13.24 W
2026/09/20 22:00:12.219, 2411 MHz, 0x0000000000000000, 49, 13.19 W
2026/09/20 22:00:13.219, 2411 MHz, 0x0000000000000000, 49, 13.20 W
2026/09/20 22:00:14.221, 2411 MHz, 0x0000000000000000, 49, 13.21 W
2026/09/20 22:00:15.221, 2411 MHz, 0x0000000000000000, 49, 13.24 W
2026/09/20 22:00:16.222, 2411 MHz, 0x0000000000000000, 49, 13.28 W
2026/09/20 22:00:17.222, 2411 MHz, 0x0000000000000000, 49, 13.30 W
2026/09/20 22:00:18.223, 2411 MHz, 0x0000000000000000, 49, 13.27 W
2026/09/20 22:00:19.224, 2411 MHz, 0x0000000000000000, 49, 13.22 W
2026/09/20 22:00:20.224, 2411 MHz, 0x0000000000000000, 49, 13.20 W
2026/09/20 22:00:21.224, 2411 MHz, 0x0000000000000000, 49, 13.23 W
2026/09/20 22:00:22.225, 2411 MHz, 0x0000000000000000, 49, 13.25 W
2026/09/20 22:00:23.225, 2411 MHz, 0x0000000000000000, 49, 13.23 W
2026/09/20 22:00:24.226, 2411 MHz, 0x0000000000000000, 49, 13.23 W
2026/09/20 22:00:25.227, 2411 MHz, 0x0000000000000000, 49, 13.29 W
2026/09/20 22:00:26.227, 2411 MHz, 0x0000000000000000, 49, 13.25 W
2026/09/20 22:00:27.228, 2411 MHz, 0x0000000000000000, 49, 13.29 W
2026/09/20 22:00:28.229, 2411 MHz, 0x0000000000000000, 49, 13.30 W
2026/09/20 22:00:29.230, 2411 MHz, 0x0000000000000000, 49, 13.33 W
2026/09/20 22:00:30.231, 2411 MHz, 0x0000000000000000, 49, 13.27 W
2026/09/20 22:00:31.231, 2411 MHz, 0x0000000000000000, 49, 13.27 W
2026/09/20 22:00:32.232, 2411 MHz, 0x0000000000000000, 49, 13.23 W
2026/09/20 22:00:33.232, 2411 MHz, 0x0000000000000000, 49, 13.28 W
2026/09/20 22:00:34.233, 2411 MHz, 0x0000000000000000, 49, 13.20 W
2026/09/20 22:00:35.234, 2411 MHz, 0x0000000000000000, 49, 13.23 W
2026/09/20 22:00:36.234, 2411 MHz, 0x0000000000000000, 49, 13.24 W
2026/09/20 22:00:37.235, 2411 MHz, 0x0000000000000000, 49, 13.23 W
2026/09/20 22:00:38.235, 2411 MHz, 0x0000000000000000, 49, 13.32 W
2026/09/20 22:00:39.236, 2411 MHz, 0x0000000000000000, 49, 13.31 W
2026/09/20 22:00:40.236, 2411 MHz, 0x0000000000000000, 49, 13.33 W
2026/09/20 22:00:41.236, 2411 MHz, 0x0000000000000000, 49, 14.44 W
2026/09/20 22:00:42.237, 2411 MHz, 0x0000000000000000, 49, 14.84 W
2026/09/20 22:00:43.237, 2411 MHz, 0x0000000000000000, 49, 14.89 W
2026/09/20 22:00:44.237, 2411 MHz, 0x0000000000000000, 50, 14.83 W
2026/09/20 22:00:45.238, 2411 MHz, 0x0000000000000000, 49, 14.08 W
2026/09/20 22:00:46.239, 2411 MHz, 0x0000000000000000, 49, 13.20 W
2026/09/20 22:00:47.240, 2411 MHz, 0x0000000000000000, 49, 13.21 W
2026/09/20 22:00:48.240, 2411 MHz, 0x0000000000000000, 49, 13.21 W
2026/09/20 22:00:49.241, 2411 MHz, 0x0000000000000000, 49, 13.12 W
2026/09/20 22:00:50.242, 2411 MHz, 0x0000000000000000, 49, 13.15 W
2026/09/20 22:00:51.243, 2411 MHz, 0x0000000000000000, 49, 13.16 W
2026/09/20 22:00:52.243, 2411 MHz, 0x0000000000000000, 49, 13.18 W
2026/09/20 22:00:53.244, 2411 MHz, 0x0000000000000000, 49, 13.19 W
2026/09/20 22:00:54.245, 2411 MHz, 0x0000000000000000, 49, 13.23 W
2026/09/20 22:00:55.246, 2411 MHz, 0x0000000000000000, 49, 13.17 W
2026/09/20 22:00:56.246, 2411 MHz, 0x0000000000000000, 49, 13.20 W
2026/09/20 22:00:57.247, 2411 MHz, 0x0000000000000000, 49, 13.20 W
2026/09/20 22:00:58.248, 2411 MHz, 0x0000000000000000, 49, 13.15 W
2026/09/20 22:00:59.249, 2411 MHz, 0x0000000000000000, 49, 13.24 W
2026/09/20 22:01:00.250, 2411 MHz, 0x0000000000000000, 49, 13.28 W
2026/09/20 22:01:01.250, 2411 MHz, 0x0000000000000000, 49, 13.27 W
2026/09/20 22:01:02.251, 2411 MHz, 0x0000000000000000, 49, 13.17 W
2026/09/20 22:01:03.252, 2411 MHz, 0x0000000000000000, 49, 13.20 W
2026/09/20 22:01:04.253, 2411 MHz, 0x0000000000000000, 49, 13.22 W
2026/09/20 22:01:05.254, 2411 MHz, 0x0000000000000000, 49, 13.20 W
2026/09/20 22:01:06.254, 2411 MHz, 0x0000000000000000, 49, 13.19 W
2026/09/20 22:01:07.255, 2411 MHz, 0x0000000000000000, 49, 13.15 W
2026/09/20 22:01:08.256, 2411 MHz, 0x0000000000000000, 49, 13.24 W
2026/09/20 22:01:09.257, 2411 MHz, 0x0000000000000000, 49, 13.27 W
2026/09/20 22:01:10.258, 2411 MHz, 0x0000000000000000, 49, 13.26 W
2026/09/20 22:01:11.259, 2411 MHz, 0x0000000000000000, 49, 13.21 W
2026/09/20 22:01:12.260, 2411 MHz, 0x0000000000000000, 49, 13.21 W
2026/09/20 22:01:13.260, 2411 MHz, 0x0000000000000000, 49, 13.22 W
2026/09/20 22:01:14.261, 2411 MHz, 0x0000000000000000, 49, 13.22 W
2026/09/20 22:01:15.262, 2411 MHz, 0x0000000000000000, 49, 13.25 W
2026/09/20 22:01:16.262, 2411 MHz, 0x0000000000000000, 49, 13.25 W
2026/09/20 22:01:17.263, 2411 MHz, 0x0000000000000000, 49, 13.93 W
2026/09/20 22:01:18.263, 2411 MHz, 0x0000000000000000, 49, 14.79 W
2026/09/20 22:01:19.264, 2411 MHz, 0x0000000000000000, 50, 14.73 W
2026/09/20 22:01:20.264, 2411 MHz, 0x0000000000000000, 50, 14.83 W
2026/09/20 22:01:21.265, 2411 MHz, 0x0000000000000000, 50, 14.77 W
2026/09/20 22:01:22.266, 2411 MHz, 0x0000000000000000, 49, 13.23 W
2026/09/20 22:01:23.266, 2411 MHz, 0x0000000000000000, 49, 13.26 W
2026/09/20 22:01:24.267, 2411 MHz, 0x0000000000000000, 49, 13.20 W
2026/09/20 22:01:25.268, 2411 MHz, 0x0000000000000000, 49, 13.22 W
2026/09/20 22:01:26.269, 2411 MHz, 0x0000000000000000, 49, 13.26 W
2026/09/20 22:01:27.269, 2411 MHz, 0x0000000000000000, 49, 13.26 W
2026/09/20 22:01:28.270, 2411 MHz, 0x0000000000000000, 49, 13.27 W
2026/09/20 22:01:29.271, 2411 MHz, 0x0000000000000000, 49, 13.29 W
2026/09/20 22:01:30.272, 2411 MHz, 0x0000000000000000, 49, 13.23 W
2026/09/20 22:01:31.273, 2411 MHz, 0x0000000000000000, 49, 13.22 W
2026/09/20 22:01:32.273, 2411 MHz, 0x0000000000000000, 49, 13.23 W
2026/09/20 22:01:33.274, 2411 MHz, 0x0000000000000000, 49, 13.24 W
2026/09/20 22:01:34.275, 2411 MHz, 0x0000000000000000, 49, 13.24 W
2026/09/20 22:01:35.276, 2411 MHz, 0x0000000000000000, 49, 13.25 W
2026/09/20 22:01:36.277, 2411 MHz, 0x0000000000000000, 49, 13.31 W
2026/09/20 22:01:37.278, 2411 MHz, 0x0000000000000000, 49, 13.27 W
2026/09/20 22:01:38.279, 2411 MHz, 0x0000000000000000, 49, 13.29 W
2026/09/20 22:01:39.279, 2411 MHz, 0x0000000000000000, 49, 13.28 W
2026/09/20 22:01:40.280, 2411 MHz, 0x0000000000000000, 49, 13.26 W
2026/09/20 22:01:41.281, 2411 MHz, 0x0000000000000000, 49, 13.29 W
2026/09/20 22:01:42.282, 2411 MHz, 0x0000000000000000, 49, 13.32 W
2026/09/20 22:01:43.283, 2411 MHz, 0x0000000000000000, 49, 13.36 W
2026/09/20 22:01:44.284, 2411 MHz, 0x0000000000000000, 49, 13.28 W
2026/09/20 22:01:45.284, 2411 MHz, 0x0000000000000000, 49, 13.26 W
2026/09/20 22:01:46.285, 2411 MHz, 0x0000000000000000, 49, 13.32 W
2026/09/20 22:01:47.286, 2411 MHz, 0x0000000000000000, 49, 13.30 W
2026/09/20 22:01:48.287, 2411 MHz, 0x0000000000000000, 49, 13.25 W
2026/09/20 22:01:49.288, 2411 MHz, 0x0000000000000000, 49, 13.24 W
2026/09/20 22:01:50.289, 2411 MHz, 0x0000000000000000, 49, 13.23 W
2026/09/20 22:01:51.289, 2411 MHz, 0x0000000000000000, 49, 13.15 W
2026/09/20 22:01:52.290, 2411 MHz, 0x0000000000000000, 49, 13.16 W
2026/09/20 22:01:53.291, 2411 MHz, 0x0000000000000000, 49, 13.24 W
2026/09/20 22:01:54.291, 2411 MHz, 0x0000000000000000, 49, 14.18 W
2026/09/20 22:01:55.292, 2411 MHz, 0x0000000000000000, 50, 14.88 W
2026/09/20 22:01:56.292, 2411 MHz, 0x0000000000000000, 50, 14.95 W
2026/09/20 22:01:57.293, 2411 MHz, 0x0000000000000000, 50, 14.85 W
2026/09/20 22:01:58.293, 2411 MHz, 0x0000000000000000, 50, 14.27 W
2026/09/20 22:01:59.294, 2411 MHz, 0x0000000000000000, 49, 13.28 W
2026/09/20 22:02:00.295, 2411 MHz, 0x0000000000000000, 49, 13.22 W
2026/09/20 22:02:01.296, 2411 MHz, 0x0000000000000000, 49, 13.19 W
2026/09/20 22:02:02.296, 2411 MHz, 0x0000000000000000, 49, 13.19 W
2026/09/20 22:02:03.297, 2411 MHz, 0x0000000000000000, 49, 13.18 W
2026/09/20 22:02:04.298, 2411 MHz, 0x0000000000000000, 49, 13.19 W
2026/09/20 22:02:05.299, 2411 MHz, 0x0000000000000000, 49, 13.16 W
2026/09/20 22:02:06.299, 2411 MHz, 0x0000000000000000, 49, 13.18 W
2026/09/20 22:02:07.300, 2411 MHz, 0x0000000000000000, 49, 13.14 W
2026/09/20 22:02:08.301, 2411 MHz, 0x0000000000000000, 49, 13.12 W
2026/09/20 22:02:09.302, 2411 MHz, 0x0000000000000000, 49, 13.13 W
2026/09/20 22:02:10.303, 2411 MHz, 0x0000000000000000, 49, 13.15 W
2026/09/20 22:02:11.304, 2411 MHz, 0x0000000000000000, 49, 13.13 W
2026/09/20 22:02:12.304, 2411 MHz, 0x0000000000000000, 49, 13.10 W
2026/09/20 22:02:13.305, 2411 MHz, 0x0000000000000000, 49, 13.15 W
2026/09/20 22:02:14.305, 2411 MHz, 0x0000000000000000, 49, 13.15 W
2026/09/20 22:02:15.306, 2411 MHz, 0x0000000000000000, 49, 13.12 W
2026/09/20 22:02:16.306, 2411 MHz, 0x0000000000000000, 49, 13.08 W
2026/09/20 22:02:17.307, 2411 MHz, 0x0000000000000000, 49, 13.12 W
2026/09/20 22:02:18.307, 2411 MHz, 0x0000000000000000, 49, 13.08 W
2026/09/20 22:02:19.309, 2411 MHz, 0x0000000000000000, 49, 13.11 W
2026/09/20 22:02:20.309, 2411 MHz, 0x0000000000000000, 49, 13.05 W
2026/09/20 22:02:21.310, 2411 MHz, 0x0000000000000000, 49, 13.04 W
2026/09/20 22:02:22.311, 2411 MHz, 0x0000000000000000, 49, 13.07 W
2026/09/20 22:02:23.312, 2411 MHz, 0x0000000000000000, 49, 13.15 W
2026/09/20 22:02:24.313, 2411 MHz, 0x0000000000000000, 49, 13.16 W
2026/09/20 22:02:25.314, 2411 MHz, 0x0000000000000000, 49, 13.11 W
2026/09/20 22:02:26.314, 2411 MHz, 0x0000000000000000, 49, 13.08 W
2026/09/20 22:02:27.315, 2411 MHz, 0x0000000000000000, 49, 13.13 W
2026/09/20 22:02:28.315, 2411 MHz, 0x0000000000000000, 49, 13.17 W
2026/09/20 22:02:29.316, 2411 MHz, 0x0000000000000000, 49, 13.18 W
2026/09/20 22:02:30.317, 2411 MHz, 0x0000000000000000, 50, 14.33 W
2026/09/20 22:02:31.317, 2411 MHz, 0x0000000000000000, 50, 14.81 W
2026/09/20 22:02:32.318, 2411 MHz, 0x0000000000000000, 50, 14.81 W
2026/09/20 22:02:33.318, 2411 MHz, 0x0000000000000000, 50, 14.86 W
2026/09/20 22:02:34.319, 2411 MHz, 0x0000000000000000, 50, 14.29 W
2026/09/20 22:02:35.320, 2411 MHz, 0x0000000000000000, 50, 13.24 W
2026/09/20 22:02:36.321, 2411 MHz, 0x0000000000000000, 50, 13.30 W
2026/09/20 22:02:37.321, 2411 MHz, 0x0000000000000000, 50, 13.26 W
2026/09/20 22:02:38.322, 2411 MHz, 0x0000000000000000, 50, 13.23 W
2026/09/20 22:02:39.322, 2411 MHz, 0x0000000000000000, 50, 13.19 W
2026/09/20 22:02:40.323, 2411 MHz, 0x0000000000000000, 49, 13.22 W
2026/09/20 22:02:41.324, 2411 MHz, 0x0000000000000000, 49, 13.18 W
2026/09/20 22:02:42.325, 2411 MHz, 0x0000000000000000, 49, 13.15 W
2026/09/20 22:02:43.326, 2411 MHz, 0x0000000000000000, 49, 13.20 W
2026/09/20 22:02:44.326, 2411 MHz, 0x0000000000000000, 49, 13.18 W
2026/09/20 22:02:45.327, 2411 MHz, 0x0000000000000000, 49, 13.18 W
2026/09/20 22:02:46.328, 2411 MHz, 0x0000000000000000, 49, 13.19 W
2026/09/20 22:02:47.329, 2411 MHz, 0x0000000000000000, 49, 13.19 W
2026/09/20 22:02:48.330, 2411 MHz, 0x0000000000000000, 49, 13.15 W
2026/09/20 22:02:49.330, 2411 MHz, 0x0000000000000000, 49, 13.13 W
2026/09/20 22:02:50.331, 2411 MHz, 0x0000000000000000, 49, 13.07 W
2026/09/20 22:02:51.332, 2411 MHz, 0x0000000000000000, 49, 13.10 W
2026/09/20 22:02:52.333, 2411 MHz, 0x0000000000000000, 49, 13.15 W
2026/09/20 22:02:53.333, 2411 MHz, 0x0000000000000000, 49, 13.19 W
2026/09/20 22:02:54.334, 2411 MHz, 0x0000000000000000, 49, 13.19 W
2026/09/20 22:02:55.335, 2411 MHz, 0x0000000000000000, 49, 13.20 W
2026/09/20 22:02:56.335, 2411 MHz, 0x0000000000000000, 49, 13.15 W
2026/09/20 22:02:57.336, 2411 MHz, 0x0000000000000000, 49, 13.17 W
2026/09/20 22:02:58.336, 2411 MHz, 0x0000000000000000, 49, 13.22 W
2026/09/20 22:02:59.336, 2411 MHz, 0x0000000000000000, 49, 13.21 W
2026/09/20 22:03:00.336, 2411 MHz, 0x0000000000000000, 49, 13.22 W
2026/09/20 22:03:01.337, 2411 MHz, 0x0000000000000000, 49, 13.19 W
2026/09/20 22:03:02.337, 2411 MHz, 0x0000000000000000, 49, 13.16 W
2026/09/20 22:03:03.337, 2411 MHz, 0x0000000000000000, 49, 13.12 W
2026/09/20 22:03:04.338, 2411 MHz, 0x0000000000000000, 49, 13.14 W
2026/09/20 22:03:05.339, 2411 MHz, 0x0000000000000000, 49, 13.10 W
2026/09/20 22:03:06.339, 2411 MHz, 0x0000000000000000, 49, 13.14 W
2026/09/20 22:03:07.340, 2411 MHz, 0x0000000000000000, 50, 14.50 W
2026/09/20 22:03:08.340, 2411 MHz, 0x0000000000000000, 50, 14.72 W
2026/09/20 22:03:09.341, 2411 MHz, 0x0000000000000000, 50, 14.65 W
2026/09/20 22:03:10.341, 2411 MHz, 0x0000000000000000, 50, 14.83 W
2026/09/20 22:03:11.342, 2411 MHz, 0x0000000000000000, 50, 14.09 W
2026/09/20 22:03:12.343, 2411 MHz, 0x0000000000000000, 50, 13.16 W
2026/09/20 22:03:13.344, 2411 MHz, 0x0000000000000000, 50, 13.17 W
2026/09/20 22:03:14.345, 2411 MHz, 0x0000000000000000, 50, 13.21 W
2026/09/20 22:03:15.345, 2411 MHz, 0x0000000000000000, 50, 13.21 W
2026/09/20 22:03:16.346, 2411 MHz, 0x0000000000000000, 50, 13.18 W
2026/09/20 22:03:17.347, 2411 MHz, 0x0000000000000000, 50, 13.19 W
2026/09/20 22:03:18.348, 2411 MHz, 0x0000000000000000, 50, 13.16 W
2026/09/20 22:03:19.349, 2411 MHz, 0x0000000000000000, 50, 13.17 W
2026/09/20 22:03:20.349, 2411 MHz, 0x0000000000000000, 50, 13.15 W
2026/09/20 22:03:21.350, 2411 MHz, 0x0000000000000000, 50, 13.11 W
2026/09/20 22:03:22.351, 2411 MHz, 0x0000000000000000, 50, 13.14 W
2026/09/20 22:03:23.352, 2411 MHz, 0x0000000000000000, 50, 13.20 W
2026/09/20 22:03:24.353, 2411 MHz, 0x0000000000000000, 50, 13.18 W
2026/09/20 22:03:25.353, 2411 MHz, 0x0000000000000000, 50, 13.20 W
2026/09/20 22:03:26.354, 2411 MHz, 0x0000000000000000, 50, 13.17 W
2026/09/20 22:03:27.355, 2411 MHz, 0x0000000000000000, 50, 13.14 W
2026/09/20 22:03:28.355, 2411 MHz, 0x0000000000000000, 50, 13.17 W
2026/09/20 22:03:29.356, 2411 MHz, 0x0000000000000000, 50, 13.16 W
2026/09/20 22:03:30.357, 2411 MHz, 0x0000000000000000, 49, 13.10 W
2026/09/20 22:03:31.358, 2411 MHz, 0x0000000000000000, 49, 13.16 W
2026/09/20 22:03:32.359, 2411 MHz, 0x0000000000000000, 50, 13.07 W
2026/09/20 22:03:33.359, 2411 MHz, 0x0000000000000000, 49, 13.09 W
2026/09/20 22:03:34.360, 2411 MHz, 0x0000000000000000, 50, 13.14 W
2026/09/20 22:03:35.361, 2411 MHz, 0x0000000000000000, 49, 13.19 W
2026/09/20 22:03:36.362, 2411 MHz, 0x0000000000000000, 49, 13.23 W
2026/09/20 22:03:37.363, 2411 MHz, 0x0000000000000000, 49, 13.17 W
2026/09/20 22:03:38.364, 2411 MHz, 0x0000000000000000, 49, 13.15 W
2026/09/20 22:03:39.364, 2411 MHz, 0x0000000000000000, 49, 13.18 W
2026/09/20 22:03:40.365, 2411 MHz, 0x0000000000000000, 49, 13.16 W
2026/09/20 22:03:41.366, 2411 MHz, 0x0000000000000000, 50, 13.16 W
2026/09/20 22:03:42.366, 2411 MHz, 0x0000000000000000, 50, 13.18 W
2026/09/20 22:03:43.367, 2411 MHz, 0x0000000000000000, 50, 13.21 W
2026/09/20 22:03:44.367, 2411 MHz, 0x0000000000000000, 50, 14.61 W
2026/09/20 22:03:45.368, 2411 MHz, 0x0000000000000000, 50, 14.75 W
2026/09/20 22:03:46.368, 2411 MHz, 0x0000000000000000, 50, 14.80 W
2026/09/20 22:03:47.369, 2411 MHz, 0x0000000000000000, 50, 14.77 W
2026/09/20 22:03:48.370, 2411 MHz, 0x0000000000000000, 50, 13.89 W
2026/09/20 22:03:49.370, 2411 MHz, 0x0000000000000000, 50, 13.24 W
2026/09/20 22:03:50.371, 2411 MHz, 0x0000000000000000, 50, 13.22 W
2026/09/20 22:03:51.371, 2411 MHz, 0x0000000000000000, 50, 13.24 W
2026/09/20 22:03:52.372, 2411 MHz, 0x0000000000000000, 50, 13.25 W
2026/09/20 22:03:53.373, 2411 MHz, 0x0000000000000000, 50, 13.25 W
2026/09/20 22:03:54.374, 2411 MHz, 0x0000000000000000, 50, 13.27 W
2026/09/20 22:03:55.374, 2411 MHz, 0x0000000000000000, 50, 13.32 W
2026/09/20 22:03:56.375, 2411 MHz, 0x0000000000000000, 50, 14.04 W
2026/09/20 22:03:57.375, 2411 MHz, 0x0000000000000000, 50, 14.34 W
2026/09/20 22:03:58.376, 2411 MHz, 0x0000000000000000, 50, 14.32 W
2026/09/20 22:03:59.377, 2411 MHz, 0x0000000000000000, 50, 14.45 W
2026/09/20 22:04:00.378, 2411 MHz, 0x0000000000000000, 50, 14.05 W
2026/09/20 22:04:01.378, 2411 MHz, 0x0000000000000000, 51, 14.16 W
2026/09/20 22:04:02.379, 2411 MHz, 0x0000000000000000, 51, 14.30 W
2026/09/20 22:04:03.379, 2411 MHz, 0x0000000000000000, 51, 14.18 W
2026/09/20 22:04:04.380, 2411 MHz, 0x0000000000000000, 51, 14.46 W
2026/09/20 22:04:05.380, 2411 MHz, 0x0000000000000000, 51, 14.47 W
2026/09/20 22:04:06.380, 2411 MHz, 0x0000000000000000, 51, 14.30 W
2026/09/20 22:04:07.380, 2411 MHz, 0x0000000000000000, 51, 14.12 W
2026/09/20 22:04:08.380, 2411 MHz, 0x0000000000000000, 51, 14.06 W
2026/09/20 22:04:09.381, 2411 MHz, 0x0000000000000000, 51, 14.28 W
2026/09/20 22:04:10.381, 2411 MHz, 0x0000000000000000, 51, 14.42 W
2026/09/20 22:04:11.381, 2411 MHz, 0x0000000000000000, 51, 14.43 W
2026/09/20 22:04:12.381, 2411 MHz, 0x0000000000000000, 51, 14.62 W
2026/09/20 22:04:13.382, 2411 MHz, 0x0000000000000000, 51, 14.30 W
2026/09/20 22:04:14.382, 2411 MHz, 0x0000000000000000, 51, 14.10 W
2026/09/20 22:04:15.383, 2411 MHz, 0x0000000000000000, 52, 14.14 W
2026/09/20 22:04:16.384, 2411 MHz, 0x0000000000000000, 52, 14.52 W
2026/09/20 22:04:17.384, 2411 MHz, 0x0000000000000000, 52, 14.26 W
2026/09/20 22:04:18.384, 2411 MHz, 0x0000000000000000, 52, 14.37 W
2026/09/20 22:04:19.384, 2411 MHz, 0x0000000000000000, 52, 14.52 W
2026/09/20 22:04:20.384, 2411 MHz, 0x0000000000000000, 52, 14.34 W
2026/09/20 22:04:21.385, 2411 MHz, 0x0000000000000000, 52, 14.66 W
2026/09/20 22:04:22.385, 2411 MHz, 0x0000000000000000, 52, 14.39 W
2026/09/20 22:04:23.386, 2411 MHz, 0x0000000000000000, 52, 14.43 W
2026/09/20 22:04:24.386, 2411 MHz, 0x0000000000000000, 52, 14.59 W
2026/09/20 22:04:25.386, 2411 MHz, 0x0000000000000000, 52, 14.98 W
2026/09/20 22:04:26.387, 2411 MHz, 0x0000000000000000, 52, 14.66 W
2026/09/20 22:04:27.387, 2411 MHz, 0x0000000000000000, 52, 14.47 W
2026/09/20 22:04:28.387, 2411 MHz, 0x0000000000000000, 52, 14.59 W
2026/09/20 22:04:29.387, 2411 MHz, 0x0000000000000000, 52, 14.80 W
2026/09/20 22:04:30.388, 2411 MHz, 0x0000000000000000, 52, 14.93 W
2026/09/20 22:04:31.388, 2411 MHz, 0x0000000000000000, 52, 14.71 W
2026/09/20 22:04:32.388, 2411 MHz, 0x0000000000000000, 52, 14.77 W
2026/09/20 22:04:33.389, 2411 MHz, 0x0000000000000000, 52, 14.59 W
2026/09/20 22:04:34.389, 2411 MHz, 0x0000000000000000, 52, 14.69 W
2026/09/20 22:04:35.389, 2411 MHz, 0x0000000000000000, 52, 14.91 W
2026/09/20 22:04:36.390, 2411 MHz, 0x0000000000000000, 52, 14.89 W
2026/09/20 22:04:37.390, 2411 MHz, 0x0000000000000000, 52, 14.71 W
2026/09/20 22:04:38.390, 2411 MHz, 0x0000000000000000, 53, 14.83 W
2026/09/20 22:04:39.391, 2411 MHz, 0x0000000000000000, 53, 14.92 W
2026/09/20 22:04:40.391, 2411 MHz, 0x0000000000000000, 53, 14.90 W
2026/09/20 22:04:41.391, 2411 MHz, 0x0000000000000000, 53, 14.83 W
2026/09/20 22:04:42.392, 2411 MHz, 0x0000000000000000, 53, 14.32 W
2026/09/20 22:04:43.392, 2411 MHz, 0x0000000000000000, 53, 14.68 W
2026/09/20 22:04:44.393, 2411 MHz, 0x0000000000000000, 53, 14.98 W
2026/09/20 22:04:45.393, 2411 MHz, 0x0000000000000000, 53, 14.98 W
2026/09/20 22:04:46.393, 2411 MHz, 0x0000000000000000, 53, 14.79 W
2026/09/20 22:04:47.393, 2411 MHz, 0x0000000000000000, 53, 14.87 W
2026/09/20 22:04:48.394, 2411 MHz, 0x0000000000000000, 53, 14.87 W
2026/09/20 22:04:49.394, 2411 MHz, 0x0000000000000000, 53, 14.98 W
2026/09/20 22:04:50.395, 2411 MHz, 0x0000000000000000, 53, 14.72 W
2026/09/20 22:04:51.395, 2411 MHz, 0x0000000000000000, 53, 14.66 W
2026/09/20 22:04:52.396, 2411 MHz, 0x0000000000000000, 53, 14.34 W
2026/09/20 22:04:53.397, 2411 MHz, 0x0000000000000000, 53, 14.89 W
2026/09/20 22:04:54.397, 2411 MHz, 0x0000000000000000, 53, 14.91 W
2026/09/20 22:04:55.397, 2411 MHz, 0x0000000000000000, 53, 14.65 W
2026/09/20 22:04:56.398, 2411 MHz, 0x0000000000000000, 53, 15.05 W
2026/09/20 22:04:57.398, 2411 MHz, 0x0000000000000000, 53, 15.09 W
2026/09/20 22:04:58.398, 2411 MHz, 0x0000000000000000, 53, 15.11 W
2026/09/20 22:04:59.399, 2411 MHz, 0x0000000000000000, 53, 14.95 W
2026/09/20 22:05:00.399, 2411 MHz, 0x0000000000000000, 53, 14.90 W
2026/09/20 22:05:01.400, 2411 MHz, 0x0000000000000000, 53, 14.56 W
2026/09/20 22:05:02.400, 2411 MHz, 0x0000000000000000, 53, 14.79 W
2026/09/20 22:05:03.400, 2411 MHz, 0x0000000000000000, 53, 14.84 W
2026/09/20 22:05:04.400, 2411 MHz, 0x0000000000000000, 53, 14.83 W
2026/09/20 22:05:05.401, 2411 MHz, 0x0000000000000000, 53, 14.60 W
2026/09/20 22:05:06.401, 2411 MHz, 0x0000000000000000, 53, 14.86 W
2026/09/20 22:05:07.402, 2411 MHz, 0x0000000000000000, 53, 14.01 W
2026/09/20 22:05:08.402, 2411 MHz, 0x0000000000000000, 53, 13.77 W
2026/09/20 22:05:09.402, 2411 MHz, 0x0000000000000000, 53, 13.78 W
2026/09/20 22:05:10.403, 2411 MHz, 0x0000000000000000, 53, 13.76 W
2026/09/20 22:05:11.404, 2411 MHz, 0x0000000000000000, 53, 13.76 W
2026/09/20 22:05:12.405, 2411 MHz, 0x0000000000000000, 53, 13.79 W
2026/09/20 22:05:13.405, 2411 MHz, 0x0000000000000000, 53, 13.77 W
2026/09/20 22:05:14.405, 2411 MHz, 0x0000000000000000, 52, 13.74 W
2026/09/20 22:05:15.406, 2411 MHz, 0x0000000000000000, 52, 13.79 W
2026/09/20 22:05:16.406, 2411 MHz, 0x0000000000000000, 52, 13.77 W
2026/09/20 22:05:17.407, 2411 MHz, 0x0000000000000000, 52, 13.72 W
2026/09/20 22:05:18.408, 2411 MHz, 0x0000000000000000, 52, 13.72 W
2026/09/20 22:05:19.408, 2411 MHz, 0x0000000000000000, 52, 13.71 W
2026/09/20 22:05:20.409, 2411 MHz, 0x0000000000000000, 52, 13.71 W
2026/09/20 22:05:21.409, 2411 MHz, 0x0000000000000000, 52, 13.75 W
2026/09/20 22:05:22.410, 2411 MHz, 0x0000000000000000, 52, 13.73 W
2026/09/20 22:05:23.411, 2411 MHz, 0x0000000000000000, 52, 13.74 W
2026/09/20 22:05:24.412, 2411 MHz, 0x0000000000000000, 52, 13.75 W
2026/09/20 22:05:25.413, 2411 MHz, 0x0000000000000000, 52, 13.75 W
2026/09/20 22:05:26.414, 2411 MHz, 0x0000000000000000, 52, 13.75 W
2026/09/20 22:05:27.414, 2411 MHz, 0x0000000000000000, 52, 13.72 W
2026/09/20 22:05:28.415, 2411 MHz, 0x0000000000000000, 52, 13.72 W
2026/09/20 22:05:29.416, 2411 MHz, 0x0000000000000000, 52, 13.67 W
2026/09/20 22:05:30.417, 2411 MHz, 0x0000000000000000, 52, 13.68 W
2026/09/20 22:05:31.418, 2411 MHz, 0x0000000000000000, 52, 13.68 W
2026/09/20 22:05:32.419, 2411 MHz, 0x0000000000000000, 52, 13.67 W
2026/09/20 22:05:33.419, 2411 MHz, 0x0000000000000000, 52, 13.65 W
2026/09/20 22:05:34.420, 2411 MHz, 0x0000000000000000, 52, 13.64 W
2026/09/20 22:05:35.420, 2411 MHz, 0x0000000000000000, 51, 13.61 W
2026/09/20 22:05:36.421, 2411 MHz, 0x0000000000000000, 51, 13.52 W
2026/09/20 22:05:37.421, 2411 MHz, 0x0000000000000000, 51, 13.48 W
2026/09/20 22:05:38.422, 2411 MHz, 0x0000000000000000, 51, 13.44 W
2026/09/20 22:05:39.423, 2411 MHz, 0x0000000000000000, 51, 13.40 W
2026/09/20 22:05:40.424, 2411 MHz, 0x0000000000000000, 51, 13.38 W
2026/09/20 22:05:41.424, 2411 MHz, 0x0000000000000000, 51, 13.37 W
2026/09/20 22:05:42.425, 2411 MHz, 0x0000000000000000, 51, 13.45 W
2026/09/20 22:05:43.426, 2411 MHz, 0x0000000000000000, 51, 13.45 W
2026/09/20 22:05:44.427, 2411 MHz, 0x0000000000000000, 51, 13.43 W
2026/09/20 22:05:45.428, 2411 MHz, 0x0000000000000000, 51, 13.38 W
2026/09/20 22:05:46.428, 2411 MHz, 0x0000000000000000, 51, 13.36 W
2026/09/20 22:05:47.429, 2411 MHz, 0x0000000000000000, 51, 13.41 W
2026/09/20 22:05:48.430, 2411 MHz, 0x0000000000000000, 51, 13.45 W
2026/09/20 22:05:49.430, 2411 MHz, 0x0000000000000000, 51, 13.46 W
2026/09/20 22:05:50.430, 2411 MHz, 0x0000000000000000, 51, 13.51 W
2026/09/20 22:05:51.431, 2411 MHz, 0x0000000000000000, 51, 13.48 W
2026/09/20 22:05:52.432, 2411 MHz, 0x0000000000000000, 51, 13.42 W
2026/09/20 22:05:53.433, 2411 MHz, 0x0000000000000000, 51, 13.39 W
2026/09/20 22:05:54.434, 2411 MHz, 0x0000000000000000, 51, 13.36 W
2026/09/20 22:05:55.435, 2411 MHz, 0x0000000000000000, 51, 13.38 W
2026/09/20 22:05:56.435, 2411 MHz, 0x0000000000000000, 51, 13.35 W
2026/09/20 22:05:57.435, 2411 MHz, 0x0000000000000000, 51, 13.34 W
2026/09/20 22:05:58.436, 2411 MHz, 0x0000000000000000, 51, 13.38 W
2026/09/20 22:05:59.437, 2411 MHz, 0x0000000000000000, 51, 13.40 W
2026/09/20 22:06:00.438, 2411 MHz, 0x0000000000000000, 51, 13.39 W
2026/09/20 22:06:01.439, 2411 MHz, 0x0000000000000000, 51, 13.38 W
2026/09/20 22:06:02.439, 2411 MHz, 0x0000000000000000, 51, 13.33 W
2026/09/20 22:06:03.440, 2411 MHz, 0x0000000000000000, 51, 13.38 W
2026/09/20 22:06:04.441, 2411 MHz, 0x0000000000000000, 51, 13.39 W
2026/09/20 22:06:05.442, 2411 MHz, 0x0000000000000000, 51, 13.36 W
2026/09/20 22:06:06.442, 2411 MHz, 0x0000000000000000, 51, 13.38 W
2026/09/20 22:06:07.443, 2411 MHz, 0x0000000000000000, 51, 13.45 W
2026/09/20 22:06:08.444, 2411 MHz, 0x0000000000000000, 51, 13.42 W
2026/09/20 22:06:09.444, 2411 MHz, 0x0000000000000000, 51, 13.39 W
2026/09/20 22:06:10.445, 2411 MHz, 0x0000000000000000, 51, 13.47 W
2026/09/20 22:06:11.446, 2411 MHz, 0x0000000000000000, 51, 13.37 W
2026/09/20 22:06:12.447, 2411 MHz, 0x0000000000000000, 51, 13.43 W
2026/09/20 22:06:13.447, 2411 MHz, 0x0000000000000000, 51, 13.37 W
2026/09/20 22:06:14.448, 2411 MHz, 0x0000000000000000, 51, 13.32 W
2026/09/20 22:06:15.448, 2411 MHz, 0x0000000000000000, 51, 13.36 W
2026/09/20 22:06:16.449, 2411 MHz, 0x0000000000000000, 51, 13.35 W
2026/09/20 22:06:17.450, 2411 MHz, 0x0000000000000000, 51, 13.41 W
2026/09/20 22:06:18.451, 2411 MHz, 0x0000000000000000, 51, 13.42 W
2026/09/20 22:06:19.451, 2411 MHz, 0x0000000000000000, 51, 13.38 W
2026/09/20 22:06:20.452, 2411 MHz, 0x0000000000000000, 51, 13.40 W
2026/09/20 22:06:21.453, 2411 MHz, 0x0000000000000000, 51, 13.40 W
