timestamp, clocks.current.sm [MHz], clocks_event_reasons.active, temperature.gpu, power.draw [W]
2026/09/20 21:06:22.481, 2502 MHz, 0x0000000000000000, 70, 38.34 W
2026/09/20 21:06:23.496, 2502 MHz, 0x0000000000000000, 70, 39.53 W
2026/09/20 21:06:24.496, 2502 MHz, 0x0000000000000000, 70, 37.86 W
2026/09/20 21:06:25.496, 2502 MHz, 0x0000000000000000, 69, 34.53 W
2026/09/20 21:06:26.497, 2502 MHz, 0x0000000000000000, 70, 38.54 W
2026/09/20 21:06:27.497, 2502 MHz, 0x0000000000000000, 70, 39.43 W
2026/09/20 21:06:28.498, 2502 MHz, 0x0000000000000000, 70, 39.17 W
2026/09/20 21:06:29.498, 2502 MHz, 0x0000000000000000, 70, 39.20 W
2026/09/20 21:06:30.499, 2502 MHz, 0x0000000000000000, 70, 39.22 W
2026/09/20 21:06:31.499, 2502 MHz, 0x0000000000000000, 70, 39.17 W
2026/09/20 21:06:32.499, 2502 MHz, 0x0000000000000000, 68, 35.77 W
2026/09/20 21:06:33.500, 2411 MHz, 0x0000000000000000, 65, 14.65 W
2026/09/20 21:06:34.500, 2483 MHz, 0x0000000000000000, 73, 37.42 W
2026/09/20 21:06:35.501, 2470 MHz, 0x0000000000000000, 74, 57.52 W
2026/09/20 21:06:36.501, 2470 MHz, 0x0000000000000000, 74, 57.29 W
2026/09/20 21:06:37.501, 2470 MHz, 0x0000000000000000, 74, 57.53 W
2026/09/20 21:06:38.501, 2470 MHz, 0x0000000000000000, 73, 53.20 W
2026/09/20 21:06:39.502, 2502 MHz, 0x0000000000000000, 70, 37.62 W
2026/09/20 21:06:40.502, 2470 MHz, 0x0000000000000000, 74, 51.92 W
2026/09/20 21:06:41.502, 2470 MHz, 0x0000000000000000, 75, 57.12 W
2026/09/20 21:06:42.502, 2470 MHz, 0x0000000000000000, 72, 55.37 W
2026/09/20 21:06:43.503, 2470 MHz, 0x0000000000000000, 75, 52.48 W
2026/09/20 21:06:44.503, 2470 MHz, 0x0000000000000000, 74, 56.84 W
2026/09/20 21:06:45.503, 2470 MHz, 0x0000000000000000, 72, 54.64 W
2026/09/20 21:06:46.504, 2463 MHz, 0x0000000000000000, 74, 28.35 W
2026/09/20 21:06:47.504, 2470 MHz, 0x0000000000000000, 75, 57.70 W
2026/09/20 21:06:48.504, 2470 MHz, 0x0000000000000000, 76, 58.69 W
2026/09/20 21:06:49.505, 2470 MHz, 0x0000000000000000, 77, 59.06 W
2026/09/20 21:06:50.505, 2470 MHz, 0x0000000000000000, 77, 59.40 W
2026/09/20 21:06:51.505, 2470 MHz, 0x0000000000000000, 77, 59.79 W
2026/09/20 21:06:52.505, 2470 MHz, 0x0000000000000000, 76, 60.40 W
2026/09/20 21:06:53.506, 2470 MHz, 0x0000000000000000, 78, 60.50 W
2026/09/20 21:06:54.507, 2470 MHz, 0x0000000000000000, 77, 60.97 W
2026/09/20 21:06:55.507, 2470 MHz, 0x0000000000000000, 77, 61.09 W
2026/09/20 21:06:56.507, 2470 MHz, 0x0000000000000000, 79, 61.58 W
2026/09/20 21:06:57.508, 2470 MHz, 0x0000000000000000, 77, 61.45 W
2026/09/20 21:06:58.508, 2483 MHz, 0x0000000000000000, 75, 55.77 W
2026/09/20 21:06:59.508, 2483 MHz, 0x0000000000000000, 76, 46.77 W
2026/09/20 21:07:00.508, 2470 MHz, 0x0000000000000000, 77, 58.81 W
2026/09/20 21:07:01.508, 2470 MHz, 0x0000000000000000, 78, 62.59 W
2026/09/20 21:07:02.508, 2470 MHz, 0x0000000000000000, 78, 62.85 W
2026/09/20 21:07:03.509, 2470 MHz, 0x0000000000000000, 78, 63.27 W
2026/09/20 21:07:04.509, 2470 MHz, 0x0000000000000000, 80, 63.74 W
2026/09/20 21:07:05.510, 2470 MHz, 0x0000000000000000, 79, 63.88 W
2026/09/20 21:07:06.510, 2470 MHz, 0x0000000000000000, 78, 64.35 W
2026/09/20 21:07:07.511, 2463 MHz, 0x0000000000000000, 79, 64.44 W
2026/09/20 21:07:08.511, 2470 MHz, 0x0000000000000000, 80, 64.80 W
2026/09/20 21:07:09.512, 2463 MHz, 0x0000000000000000, 80, 64.55 W
2026/09/20 21:07:10.512, 2463 MHz, 0x0000000000000000, 80, 65.63 W
2026/09/20 21:07:11.513, 2463 MHz, 0x0000000000000000, 79, 66.12 W
2026/09/20 21:07:12.514, 2457 MHz, 0x0000000000000000, 80, 65.27 W
2026/09/20 21:07:13.514, 2463 MHz, 0x0000000000000000, 79, 65.90 W
2026/09/20 21:07:14.514, 2457 MHz, 0x0000000000000000, 80, 65.85 W
2026/09/20 21:07:15.514, 2457 MHz, 0x0000000000000000, 79, 66.25 W
2026/09/20 21:07:16.515, 2463 MHz, 0x0000000000000000, 79, 66.47 W
2026/09/20 21:07:17.515, 2457 MHz, 0x0000000000000000, 78, 66.92 W
2026/09/20 21:07:18.516, 2457 MHz, 0x0000000000000000, 81, 67.13 W
2026/09/20 21:07:19.516, 2444 MHz, 0x0000000000000000, 82, 66.93 W
2026/09/20 21:07:20.516, 2450 MHz, 0x0000000000000000, 81, 66.38 W
2026/09/20 21:07:21.517, 2450 MHz, 0x0000000000000000, 81, 67.29 W
2026/09/20 21:07:22.517, 2450 MHz, 0x0000000000000000, 80, 66.51 W
2026/09/20 21:07:23.517, 2444 MHz, 0x0000000000000000, 82, 69.39 W
2026/09/20 21:07:24.517, 2444 MHz, 0x0000000000000000, 81, 67.40 W
2026/09/20 21:07:25.518, 2444 MHz, 0x0000000000000000, 83, 68.48 W
2026/09/20 21:07:26.518, 2444 MHz, 0x0000000000000000, 82, 68.08 W
2026/09/20 21:07:27.518, 2450 MHz, 0x0000000000000000, 81, 67.87 W
2026/09/20 21:07:28.519, 2444 MHz, 0x0000000000000000, 83, 70.18 W
2026/09/20 21:07:29.519, 2444 MHz, 0x0000000000000000, 83, 69.15 W
2026/09/20 21:07:30.519, 2444 MHz, 0x0000000000000000, 82, 68.92 W
2026/09/20 21:07:31.519, 2450 MHz, 0x0000000000000000, 83, 68.98 W
2026/09/20 21:07:32.520, 2470 MHz, 0x0000000000000000, 80, 66.81 W
2026/09/20 21:07:33.520, 2483 MHz, 0x0000000000000000, 78, 51.40 W
2026/09/20 21:07:34.520, 2444 MHz, 0x0000000000000000, 79, 60.95 W
2026/09/20 21:07:35.521, 2444 MHz, 0x0000000000000000, 81, 69.78 W
2026/09/20 21:07:36.522, 2444 MHz, 0x0000000000000000, 82, 69.87 W
2026/09/20 21:07:37.522, 2444 MHz, 0x0000000000000000, 84, 69.71 W
2026/09/20 21:07:38.523, 2450 MHz, 0x0000000000000000, 84, 69.49 W
2026/09/20 21:07:39.523, 2457 MHz, 0x0000000000000000, 81, 37.82 W
2026/09/20 21:07:40.523, 2450 MHz, 0x0000000000000000, 80, 68.76 W
2026/09/20 21:07:41.524, 2450 MHz, 0x0000000000000000, 83, 71.35 W
2026/09/20 21:07:42.524, 2483 MHz, 0x0000000000000000, 76, 45.79 W
2026/09/20 21:07:43.524, 2483 MHz, 0x0000000000000000, 75, 39.96 W
2026/09/20 21:07:44.525, 2483 MHz, 0x0000000000000000, 75, 39.77 W
2026/09/20 21:07:45.525, 2483 MHz, 0x0000000000000000, 75, 39.77 W
2026/09/20 21:07:46.525, 2483 MHz, 0x0000000000000000, 75, 39.67 W
2026/09/20 21:07:47.526, 2483 MHz, 0x0000000000000000, 74, 39.49 W
2026/09/20 21:07:48.526, 2483 MHz, 0x0000000000000000, 74, 39.40 W
2026/09/20 21:07:49.526, 2411 MHz, 0x0000000000000000, 69, 18.06 W
2026/09/20 21:07:50.527, 2411 MHz, 0x0000000000000000, 68, 15.25 W
2026/09/20 21:07:51.527, 2502 MHz, 0x0000000000000000, 72, 38.33 W
2026/09/20 21:07:52.527, 2502 MHz, 0x0000000000000000, 72, 38.23 W
2026/09/20 21:07:53.528, 2502 MHz, 0x0000000000000000, 72, 38.27 W
2026/09/20 21:07:54.528, 2502 MHz, 0x0000000000000000, 72, 38.31 W
2026/09/20 21:07:55.528, 2502 MHz, 0x0000000000000000, 72, 38.34 W
2026/09/20 21:07:56.529, 2502 MHz, 0x0000000000000000, 72, 38.29 W
2026/09/20 21:07:57.529, 2502 MHz, 0x0000000000000000, 72, 38.21 W
2026/09/20 21:07:58.529, 2502 MHz, 0x0000000000000000, 71, 38.21 W
2026/09/20 21:07:59.529, 2502 MHz, 0x0000000000000000, 72, 38.05 W
2026/09/20 21:08:00.530, 2502 MHz, 0x0000000000000000, 71, 38.09 W
2026/09/20 21:08:01.530, 2502 MHz, 0x0000000000000000, 71, 37.94 W
2026/09/20 21:08:02.530, 2502 MHz, 0x0000000000000000, 71, 37.79 W
2026/09/20 21:08:03.531, 2502 MHz, 0x0000000000000000, 71, 37.87 W
2026/09/20 21:08:04.531, 2502 MHz, 0x0000000000000000, 71, 37.84 W
2026/09/20 21:08:05.531, 2502 MHz, 0x0000000000000000, 71, 37.87 W
2026/09/20 21:08:06.531, 2502 MHz, 0x0000000000000000, 70, 35.83 W
2026/09/20 21:08:07.531, 2502 MHz, 0x0000000000000000, 70, 33.44 W
2026/09/20 21:08:08.531, 2502 MHz, 0x0000000000000000, 70, 37.72 W
2026/09/20 21:08:09.532, 2502 MHz, 0x0000000000000000, 70, 37.70 W
2026/09/20 21:08:10.532, 2502 MHz, 0x0000000000000000, 70, 37.71 W
2026/09/20 21:08:11.532, 2502 MHz, 0x0000000000000000, 70, 37.64 W
2026/09/20 21:08:12.532, 2502 MHz, 0x0000000000000000, 70, 37.50 W
2026/09/20 21:08:13.533, 2502 MHz, 0x0000000000000000, 70, 37.65 W
2026/09/20 21:08:14.533, 2502 MHz, 0x0000000000000000, 70, 37.56 W
2026/09/20 21:08:15.533, 2502 MHz, 0x0000000000000000, 70, 37.52 W
2026/09/20 21:08:16.533, 2502 MHz, 0x0000000000000000, 70, 37.59 W
2026/09/20 21:08:17.534, 2502 MHz, 0x0000000000000000, 70, 37.61 W
2026/09/20 21:08:18.534, 2502 MHz, 0x0000000000000000, 70, 37.57 W
2026/09/20 21:08:19.534, 2502 MHz, 0x0000000000000000, 70, 37.67 W
2026/09/20 21:08:20.535, 2502 MHz, 0x0000000000000000, 70, 37.54 W
2026/09/20 21:08:21.535, 2502 MHz, 0x0000000000000000, 70, 37.62 W
2026/09/20 21:08:22.535, 2502 MHz, 0x0000000000000000, 69, 37.51 W
2026/09/20 21:08:23.535, 2502 MHz, 0x0000000000000000, 69, 37.57 W
2026/09/20 21:08:24.535, 2502 MHz, 0x0000000000000000, 69, 37.43 W
2026/09/20 21:08:25.536, 2502 MHz, 0x0000000000000000, 69, 37.59 W
2026/09/20 21:08:26.536, 2411 MHz, 0x0000000000000000, 65, 30.24 W
2026/09/20 21:08:27.536, 2411 MHz, 0x0000000000000000, 64, 14.34 W
2026/09/20 21:08:28.537, 2411 MHz, 0x0000000000000000, 64, 14.17 W
2026/09/20 21:08:29.537, 2489 MHz, 0x0000000000000000, 70, 26.17 W
2026/09/20 21:08:30.538, 2470 MHz, 0x0000000000000000, 72, 56.64 W
2026/09/20 21:08:31.538, 2470 MHz, 0x0000000000000000, 73, 57.50 W
2026/09/20 21:08:32.538, 2470 MHz, 0x0000000000000000, 73, 57.83 W
2026/09/20 21:08:33.539, 2470 MHz, 0x0000000000000000, 73, 58.35 W
2026/09/20 21:08:34.539, 2470 MHz, 0x0000000000000000, 73, 58.00 W
2026/09/20 21:08:35.540, 2411 MHz, 0x0000000000000000, 65, 19.52 W
2026/09/20 21:08:36.540, 2470 MHz, 0x0000000000000000, 72, 43.63 W
2026/09/20 21:08:37.541, 2470 MHz, 0x0000000000000000, 70, 57.71 W
2026/09/20 21:08:38.541, 2502 MHz, 0x0000000000000000, 69, 38.03 W
2026/09/20 21:08:39.541, 2502 MHz, 0x0000000000000000, 68, 36.81 W
2026/09/20 21:08:40.541, 2502 MHz, 0x0000000000000000, 67, 32.42 W
2026/09/20 21:08:41.542, 2502 MHz, 0x0000000000000000, 69, 36.72 W
2026/09/20 21:08:42.542, 2502 MHz, 0x0000000000000000, 68, 37.50 W
2026/09/20 21:08:43.542, 2502 MHz, 0x0000000000000000, 68, 37.57 W
2026/09/20 21:08:44.542, 2502 MHz, 0x0000000000000000, 68, 37.43 W
2026/09/20 21:08:45.543, 2502 MHz, 0x0000000000000000, 68, 37.42 W
2026/09/20 21:08:46.543, 2502 MHz, 0x0000000000000000, 69, 37.42 W
2026/09/20 21:08:47.543, 2502 MHz, 0x0000000000000000, 68, 37.46 W
2026/09/20 21:08:48.543, 2502 MHz, 0x0000000000000000, 68, 37.56 W
2026/09/20 21:08:49.544, 2502 MHz, 0x0000000000000000, 68, 37.43 W
2026/09/20 21:08:50.544, 2502 MHz, 0x0000000000000000, 68, 37.34 W
2026/09/20 21:08:51.544, 2502 MHz, 0x0000000000000000, 68, 37.23 W
2026/09/20 21:08:52.544, 2502 MHz, 0x0000000000000000, 68, 37.35 W
2026/09/20 21:08:53.545, 2502 MHz, 0x0000000000000000, 68, 37.51 W
2026/09/20 21:08:54.545, 2502 MHz, 0x0000000000000000, 68, 37.48 W
2026/09/20 21:08:55.545, 2502 MHz, 0x0000000000000000, 68, 37.33 W
2026/09/20 21:08:56.545, 2502 MHz, 0x0000000000000000, 68, 37.34 W
2026/09/20 21:08:57.545, 2502 MHz, 0x0000000000000000, 68, 37.37 W
2026/09/20 21:08:58.546, 2502 MHz, 0x0000000000000000, 68, 37.40 W
2026/09/20 21:08:59.546, 2502 MHz, 0x0000000000000000, 68, 37.42 W
2026/09/20 21:09:00.547, 2502 MHz, 0x0000000000000000, 68, 37.43 W
2026/09/20 21:09:01.547, 2502 MHz, 0x0000000000000000, 68, 37.33 W
2026/09/20 21:09:02.547, 2502 MHz, 0x0000000000000000, 68, 37.33 W
2026/09/20 21:09:03.547, 2502 MHz, 0x0000000000000000, 68, 37.37 W
2026/09/20 21:09:04.547, 2502 MHz, 0x0000000000000000, 68, 37.28 W
2026/09/20 21:09:05.548, 2502 MHz, 0x0000000000000000, 68, 37.32 W
2026/09/20 21:09:06.548, 2502 MHz, 0x0000000000000000, 68, 37.28 W
2026/09/20 21:09:07.548, 2502 MHz, 0x0000000000000000, 68, 36.97 W
2026/09/20 21:09:08.548, 2502 MHz, 0x0000000000000000, 68, 36.99 W
2026/09/20 21:09:09.549, 2502 MHz, 0x0000000000000000, 67, 36.96 W
2026/09/20 21:09:10.549, 2502 MHz, 0x0000000000000000, 68, 37.03 W
2026/09/20 21:09:11.550, 2496 MHz, 0x0000000000000000, 66, 36.13 W
2026/09/20 21:09:12.550, 2411 MHz, 0x0000000000000000, 63, 14.12 W
2026/09/20 21:09:13.550, 2411 MHz, 0x0000000000000000, 62, 14.59 W
2026/09/20 21:09:14.551, 2398 MHz, 0x0000000000000000, 62, 13.39 W
2026/09/20 21:09:15.551, 2489 MHz, 0x0000000000000000, 69, 54.50 W
2026/09/20 21:09:16.551, 2483 MHz, 0x0000000000000000, 71, 56.90 W
2026/09/20 21:09:17.551, 2483 MHz, 0x0000000000000000, 71, 57.67 W
2026/09/20 21:09:18.552, 2483 MHz, 0x0000000000000000, 71, 57.79 W
2026/09/20 21:09:19.552, 2470 MHz, 0x0000000000000000, 73, 58.44 W
2026/09/20 21:09:20.553, 2470 MHz, 0x0000000000000000, 72, 58.59 W
2026/09/20 21:09:21.553, 2470 MHz, 0x0000000000000000, 73, 59.34 W
2026/09/20 21:09:22.553, 2470 MHz, 0x0000000000000000, 73, 59.80 W
2026/09/20 21:09:23.554, 2470 MHz, 0x0000000000000000, 74, 59.85 W
2026/09/20 21:09:24.554, 2470 MHz, 0x0000000000000000, 74, 60.15 W
2026/09/20 21:09:25.555, 2470 MHz, 0x0000000000000000, 74, 59.29 W
2026/09/20 21:09:26.555, 2411 MHz, 0x0000000000000000, 65, 15.63 W
2026/09/20 21:09:27.555, 2470 MHz, 0x0000000000000000, 73, 50.07 W
2026/09/20 21:09:28.555, 2502 MHz, 0x0000000000000000, 69, 50.63 W
2026/09/20 21:09:29.555, 2502 MHz, 0x0000000000000000, 69, 37.45 W
2026/09/20 21:09:30.556, 2502 MHz, 0x0000000000000000, 69, 37.32 W
2026/09/20 21:09:31.556, 2502 MHz, 0x0000000000000000, 69, 37.33 W
2026/09/20 21:09:32.556, 2502 MHz, 0x0000000000000000, 69, 37.45 W
2026/09/20 21:09:33.556, 2502 MHz, 0x0000000000000000, 69, 37.41 W
2026/09/20 21:09:34.557, 2502 MHz, 0x0000000000000000, 69, 37.27 W
2026/09/20 21:09:35.557, 2502 MHz, 0x0000000000000000, 69, 37.26 W
2026/09/20 21:09:36.557, 2502 MHz, 0x0000000000000000, 69, 37.26 W
2026/09/20 21:09:37.557, 2502 MHz, 0x0000000000000000, 69, 37.29 W
2026/09/20 21:09:38.558, 2502 MHz, 0x0000000000000000, 69, 37.45 W
2026/09/20 21:09:39.558, 2502 MHz, 0x0000000000000000, 69, 37.37 W
2026/09/20 21:09:40.558, 2502 MHz, 0x0000000000000000, 69, 37.39 W
2026/09/20 21:09:41.558, 2502 MHz, 0x0000000000000000, 69, 37.25 W
2026/09/20 21:09:42.559, 2502 MHz, 0x0000000000000000, 69, 37.33 W
2026/09/20 21:09:43.559, 2502 MHz, 0x0000000000000000, 69, 37.64 W
2026/09/20 21:09:44.559, 2502 MHz, 0x0000000000000000, 69, 37.34 W
2026/09/20 21:09:45.559, 2502 MHz, 0x0000000000000000, 69, 36.82 W
2026/09/20 21:09:46.559, 2502 MHz, 0x0000000000000000, 68, 32.33 W
2026/09/20 21:09:47.560, 2502 MHz, 0x0000000000000000, 69, 36.60 W
2026/09/20 21:09:48.560, 2502 MHz, 0x0000000000000000, 69, 37.31 W
2026/09/20 21:09:49.560, 2502 MHz, 0x0000000000000000, 69, 37.27 W
2026/09/20 21:09:50.560, 2502 MHz, 0x0000000000000000, 69, 37.34 W
2026/09/20 21:09:51.561, 2502 MHz, 0x0000000000000000, 69, 37.49 W
2026/09/20 21:09:52.561, 2502 MHz, 0x0000000000000000, 69, 37.42 W
2026/09/20 21:09:53.561, 2502 MHz, 0x0000000000000000, 69, 37.31 W
2026/09/20 21:09:54.562, 2502 MHz, 0x0000000000000000, 69, 37.31 W
2026/09/20 21:09:55.562, 2502 MHz, 0x0000000000000000, 69, 37.24 W
2026/09/20 21:09:56.562, 2502 MHz, 0x0000000000000000, 69, 37.10 W
2026/09/20 21:09:57.563, 2502 MHz, 0x0000000000000000, 69, 37.24 W
2026/09/20 21:09:58.563, 2502 MHz, 0x0000000000000000, 69, 37.57 W
2026/09/20 21:09:59.563, 2502 MHz, 0x0000000000000000, 69, 37.39 W
2026/09/20 21:10:00.563, 2502 MHz, 0x0000000000000000, 69, 37.46 W
2026/09/20 21:10:01.563, 2444 MHz, 0x0000000000000000, 66, 33.25 W
2026/09/20 21:10:02.564, 2411 MHz, 0x0000000000000000, 65, 14.44 W
2026/09/20 21:10:03.564, 2411 MHz, 0x0000000000000000, 64, 14.22 W
2026/09/20 21:10:04.564, 2424 MHz, 0x0000000000000000, 67, 17.34 W
2026/09/20 21:10:05.565, 2470 MHz, 0x0000000000000000, 72, 56.54 W
2026/09/20 21:10:06.565, 2470 MHz, 0x0000000000000000, 73, 57.62 W
2026/09/20 21:10:07.566, 2470 MHz, 0x0000000000000000, 73, 58.25 W
2026/09/20 21:10:08.566, 2470 MHz, 0x0000000000000000, 74, 58.58 W
2026/09/20 21:10:09.566, 2470 MHz, 0x0000000000000000, 74, 58.99 W
2026/09/20 21:10:10.566, 2470 MHz, 0x0000000000000000, 74, 59.62 W
2026/09/20 21:10:11.567, 2470 MHz, 0x0000000000000000, 75, 59.93 W
2026/09/20 21:10:12.567, 2470 MHz, 0x0000000000000000, 76, 60.31 W
2026/09/20 21:10:13.568, 2470 MHz, 0x0000000000000000, 77, 60.47 W
2026/09/20 21:10:14.568, 2470 MHz, 0x0000000000000000, 76, 60.75 W
2026/09/20 21:10:15.568, 2470 MHz, 0x0000000000000000, 76, 61.20 W
2026/09/20 21:10:16.568, 2470 MHz, 0x0000000000000000, 78, 61.41 W
2026/09/20 21:10:17.569, 2470 MHz, 0x0000000000000000, 76, 62.09 W
2026/09/20 21:10:18.569, 2470 MHz, 0x0000000000000000, 77, 62.22 W
2026/09/20 21:10:19.569, 2483 MHz, 0x0000000000000000, 75, 51.88 W
2026/09/20 21:10:20.570, 2476 MHz, 0x0000000000000000, 77, 51.57 W
2026/09/20 21:10:21.570, 2470 MHz, 0x0000000000000000, 78, 62.78 W
2026/09/20 21:10:22.570, 2470 MHz, 0x0000000000000000, 79, 63.09 W
2026/09/20 21:10:23.570, 2470 MHz, 0x0000000000000000, 77, 63.38 W
2026/09/20 21:10:24.571, 2470 MHz, 0x0000000000000000, 78, 64.01 W
2026/09/20 21:10:25.571, 2470 MHz, 0x0000000000000000, 78, 64.21 W
2026/09/20 21:10:26.571, 2470 MHz, 0x0000000000000000, 78, 64.51 W
2026/09/20 21:10:27.572, 2470 MHz, 0x0000000000000000, 79, 64.78 W
2026/09/20 21:10:28.572, 2405 MHz, 0x0000000000000000, 70, 46.74 W
2026/09/20 21:10:29.572, 2411 MHz, 0x0000000000000000, 68, 17.21 W
2026/09/20 21:10:30.573, 2470 MHz, 0x0000000000000000, 77, 64.56 W
2026/09/20 21:10:31.573, 2483 MHz, 0x0000000000000000, 74, 55.65 W
2026/09/20 21:10:32.573, 2483 MHz, 0x0000000000000000, 73, 38.61 W
2026/09/20 21:10:33.573, 2483 MHz, 0x0000000000000000, 73, 38.80 W
2026/09/20 21:10:34.574, 2483 MHz, 0x0000000000000000, 73, 38.55 W
2026/09/20 21:10:35.574, 2483 MHz, 0x0000000000000000, 72, 38.49 W
2026/09/20 21:10:36.575, 2483 MHz, 0x0000000000000000, 72, 38.45 W
2026/09/20 21:10:37.575, 2483 MHz, 0x0000000000000000, 72, 38.36 W
2026/09/20 21:10:38.575, 2483 MHz, 0x0000000000000000, 72, 38.29 W
2026/09/20 21:10:39.576, 2483 MHz, 0x0000000000000000, 72, 38.23 W
2026/09/20 21:10:40.576, 2483 MHz, 0x0000000000000000, 72, 38.25 W
2026/09/20 21:10:41.576, 2483 MHz, 0x0000000000000000, 72, 38.22 W
2026/09/20 21:10:42.576, 2483 MHz, 0x0000000000000000, 72, 38.28 W
2026/09/20 21:10:43.577, 2483 MHz, 0x0000000000000000, 72, 38.47 W
2026/09/20 21:10:44.577, 2483 MHz, 0x0000000000000000, 72, 38.45 W
2026/09/20 21:10:45.578, 2483 MHz, 0x0000000000000000, 72, 38.37 W
2026/09/20 21:10:46.578, 2483 MHz, 0x0000000000000000, 72, 38.25 W
2026/09/20 21:10:47.578, 2502 MHz, 0x0000000000000000, 72, 38.44 W
2026/09/20 21:10:48.578, 2502 MHz, 0x0000000000000000, 72, 38.10 W
2026/09/20 21:10:49.579, 2502 MHz, 0x0000000000000000, 72, 38.14 W
2026/09/20 21:10:50.579, 2502 MHz, 0x0000000000000000, 72, 38.26 W
2026/09/20 21:10:51.580, 2502 MHz, 0x0000000000000000, 72, 38.33 W
2026/09/20 21:10:52.580, 2502 MHz, 0x0000000000000000, 72, 37.97 W
2026/09/20 21:10:53.580, 2502 MHz, 0x0000000000000000, 71, 33.38 W
2026/09/20 21:10:54.580, 2502 MHz, 0x0000000000000000, 72, 37.09 W
2026/09/20 21:10:55.581, 2502 MHz, 0x0000000000000000, 72, 38.30 W
2026/09/20 21:10:56.581, 2502 MHz, 0x0000000000000000, 71, 38.27 W
2026/09/20 21:10:57.581, 2502 MHz, 0x0000000000000000, 72, 38.31 W
2026/09/20 21:10:58.581, 2502 MHz, 0x0000000000000000, 71, 38.25 W
2026/09/20 21:10:59.582, 2502 MHz, 0x0000000000000000, 71, 38.20 W
2026/09/20 21:11:00.582, 2502 MHz, 0x0000000000000000, 71, 38.29 W
2026/09/20 21:11:01.582, 2502 MHz, 0x0000000000000000, 71, 38.26 W
2026/09/20 21:11:02.582, 2502 MHz, 0x0000000000000000, 71, 38.27 W
2026/09/20 21:11:03.583, 2502 MHz, 0x0000000000000000, 71, 38.24 W
2026/09/20 21:11:04.583, 2502 MHz, 0x0000000000000000, 71, 38.37 W
2026/09/20 21:11:05.583, 2411 MHz, 0x0000000000000000, 67, 26.48 W
2026/09/20 21:11:06.584, 2411 MHz, 0x0000000000000000, 66, 14.72 W
2026/09/20 21:11:07.584, 2411 MHz, 0x0000000000000000, 66, 14.59 W
2026/09/20 21:11:08.584, 2483 MHz, 0x0000000000000000, 72, 27.35 W
2026/09/20 21:11:09.584, 2470 MHz, 0x0000000000000000, 74, 57.35 W
2026/09/20 21:11:10.585, 2470 MHz, 0x0000000000000000, 75, 58.41 W
2026/09/20 21:11:11.585, 2470 MHz, 0x0000000000000000, 75, 58.88 W
2026/09/20 21:11:12.585, 2470 MHz, 0x0000000000000000, 77, 59.25 W
2026/09/20 21:11:13.586, 2470 MHz, 0x0000000000000000, 76, 59.62 W
2026/09/20 21:11:14.586, 2470 MHz, 0x0000000000000000, 77, 60.16 W
2026/09/20 21:11:15.586, 2470 MHz, 0x0000000000000000, 77, 60.56 W
2026/09/20 21:11:16.586, 2470 MHz, 0x0000000000000000, 77, 60.85 W
2026/09/20 21:11:17.587, 2470 MHz, 0x0000000000000000, 77, 61.16 W
2026/09/20 21:11:18.587, 2470 MHz, 0x0000000000000000, 77, 61.50 W
2026/09/20 21:11:19.587, 2470 MHz, 0x0000000000000000, 79, 62.01 W
2026/09/20 21:11:20.588, 2470 MHz, 0x0000000000000000, 78, 62.14 W
2026/09/20 21:11:21.588, 2470 MHz, 0x0000000000000000, 78, 62.88 W
2026/09/20 21:11:22.588, 2470 MHz, 0x0000000000000000, 78, 62.79 W
2026/09/20 21:11:23.589, 2470 MHz, 0x0000000000000000, 79, 63.12 W
2026/09/20 21:11:24.589, 2470 MHz, 0x0000000000000000, 78, 63.37 W
2026/09/20 21:11:25.589, 2470 MHz, 0x0000000000000000, 79, 63.96 W
2026/09/20 21:11:26.590, 2476 MHz, 0x0000000000000000, 77, 59.81 W
2026/09/20 21:11:27.590, 2483 MHz, 0x0000000000000000, 76, 51.48 W
2026/09/20 21:11:28.590, 2457 MHz, 0x0000000000000000, 79, 59.91 W
2026/09/20 21:11:29.590, 2463 MHz, 0x0000000000000000, 80, 64.82 W
2026/09/20 21:11:30.591, 2463 MHz, 0x0000000000000000, 82, 64.90 W
2026/09/20 21:11:31.591, 2463 MHz, 0x0000000000000000, 79, 64.74 W
2026/09/20 21:11:32.591, 2463 MHz, 0x0000000000000000, 81, 65.55 W
2026/09/20 21:11:33.591, 2463 MHz, 0x0000000000000000, 79, 65.77 W
2026/09/20 21:11:34.592, 2457 MHz, 0x0000000000000000, 81, 67.04 W
2026/09/20 21:11:35.592, 2457 MHz, 0x0000000000000000, 80, 66.07 W
2026/09/20 21:11:36.592, 2457 MHz, 0x0000000000000000, 80, 66.00 W
2026/09/20 21:11:37.593, 2450 MHz, 0x0000000000000000, 80, 66.41 W
2026/09/20 21:11:38.593, 2450 MHz, 0x0000000000000000, 81, 66.47 W
2026/09/20 21:11:39.594, 2450 MHz, 0x0000000000000000, 80, 66.53 W
2026/09/20 21:11:40.594, 2444 MHz, 0x0000000000000000, 83, 68.26 W
2026/09/20 21:11:41.594, 2444 MHz, 0x0000000000000000, 82, 66.59 W
2026/09/20 21:11:42.594, 2450 MHz, 0x0000000000000000, 82, 67.48 W
2026/09/20 21:11:43.595, 2444 MHz, 0x0000000000000000, 83, 67.18 W
2026/09/20 21:11:44.595, 2450 MHz, 0x0000000000000000, 82, 67.87 W
2026/09/20 21:11:45.595, 2444 MHz, 0x0000000000000000, 84, 67.89 W
2026/09/20 21:11:46.596, 2444 MHz, 0x0000000000000000, 82, 69.37 W
2026/09/20 21:11:47.596, 2444 MHz, 0x0000000000000000, 81, 68.00 W
2026/09/20 21:11:48.596, 2444 MHz, 0x0000000000000000, 82, 69.19 W
2026/09/20 21:11:49.597, 2450 MHz, 0x0000000000000000, 81, 68.47 W
2026/09/20 21:11:50.597, 2444 MHz, 0x0000000000000000, 81, 68.64 W
2026/09/20 21:11:51.597, 2444 MHz, 0x0000000000000000, 83, 69.08 W
2026/09/20 21:11:52.597, 2444 MHz, 0x0000000000000000, 84, 69.67 W
2026/09/20 21:11:53.598, 2444 MHz, 0x0000000000000000, 84, 69.92 W
2026/09/20 21:11:54.598, 2450 MHz, 0x0000000000000000, 84, 69.71 W
2026/09/20 21:11:55.599, 2444 MHz, 0x0000000000000000, 83, 71.62 W
2026/09/20 21:11:56.599, 2444 MHz, 0x0000000000000000, 84, 69.90 W
2026/09/20 21:11:57.599, 2444 MHz, 0x0000000000000000, 85, 69.70 W
2026/09/20 21:11:58.600, 2450 MHz, 0x0000000000000000, 81, 70.15 W
2026/09/20 21:11:59.600, 2444 MHz, 0x0000000000000000, 84, 71.41 W
2026/09/20 21:12:00.600, 2398 MHz, 0x0000000000000000, 73, 24.48 W
2026/09/20 21:12:01.601, 2444 MHz, 0x0000000000000000, 80, 28.99 W
2026/09/20 21:12:02.601, 2450 MHz, 0x0000000000000000, 79, 69.89 W
2026/09/20 21:12:03.602, 2450 MHz, 0x0000000000000000, 83, 70.67 W
2026/09/20 21:12:04.602, 2483 MHz, 0x0000000000000000, 76, 49.48 W
2026/09/20 21:12:05.602, 2483 MHz, 0x0000000000000000, 75, 40.00 W
2026/09/20 21:12:06.602, 2483 MHz, 0x0000000000000000, 75, 39.61 W
2026/09/20 21:12:07.603, 2483 MHz, 0x0000000000000000, 75, 39.65 W
2026/09/20 21:12:08.603, 2483 MHz, 0x0000000000000000, 75, 39.85 W
2026/09/20 21:12:09.603, 2483 MHz, 0x0000000000000000, 74, 39.78 W
2026/09/20 21:12:10.604, 2483 MHz, 0x0000000000000000, 74, 39.71 W
2026/09/20 21:12:11.604, 2483 MHz, 0x0000000000000000, 74, 39.57 W
2026/09/20 21:12:12.604, 2483 MHz, 0x0000000000000000, 74, 39.60 W
2026/09/20 21:12:13.605, 2483 MHz, 0x0000000000000000, 74, 39.59 W
2026/09/20 21:12:14.605, 2483 MHz, 0x0000000000000000, 73, 39.20 W
2026/09/20 21:12:15.606, 2483 MHz, 0x0000000000000000, 73, 39.10 W
2026/09/20 21:12:16.606, 2483 MHz, 0x0000000000000000, 73, 39.28 W
2026/09/20 21:12:17.606, 2483 MHz, 0x0000000000000000, 73, 39.18 W
2026/09/20 21:12:18.606, 2483 MHz, 0x0000000000000000, 73, 39.24 W
2026/09/20 21:12:19.606, 2483 MHz, 0x0000000000000000, 73, 39.10 W
2026/09/20 21:12:20.607, 2483 MHz, 0x0000000000000000, 73, 39.12 W
2026/09/20 21:12:21.607, 2483 MHz, 0x0000000000000000, 73, 39.06 W
2026/09/20 21:12:22.607, 2483 MHz, 0x0000000000000000, 72, 39.06 W
2026/09/20 21:12:23.607, 2483 MHz, 0x0000000000000000, 72, 38.87 W
2026/09/20 21:12:24.608, 2483 MHz, 0x0000000000000000, 72, 38.70 W
2026/09/20 21:12:25.608, 2483 MHz, 0x0000000000000000, 72, 38.68 W
2026/09/20 21:12:26.608, 2483 MHz, 0x0000000000000000, 72, 38.76 W
2026/09/20 21:12:27.608, 2483 MHz, 0x0000000000000000, 72, 38.56 W
2026/09/20 21:12:28.609, 2483 MHz, 0x0000000000000000, 72, 38.78 W
2026/09/20 21:12:29.609, 2483 MHz, 0x0000000000000000, 72, 38.63 W
2026/09/20 21:12:30.610, 2483 MHz, 0x0000000000000000, 72, 38.46 W
2026/09/20 21:12:31.610, 2483 MHz, 0x0000000000000000, 72, 38.56 W
2026/09/20 21:12:32.610, 2483 MHz, 0x0000000000000000, 72, 38.41 W
2026/09/20 21:12:33.610, 2502 MHz, 0x0000000000000000, 70, 34.63 W
2026/09/20 21:12:34.611, 2502 MHz, 0x0000000000000000, 71, 37.14 W
2026/09/20 21:12:35.611, 2502 MHz, 0x0000000000000000, 71, 38.32 W
2026/09/20 21:12:36.611, 2502 MHz, 0x0000000000000000, 71, 38.31 W
2026/09/20 21:12:37.612, 2502 MHz, 0x0000000000000000, 71, 38.27 W
2026/09/20 21:12:38.612, 2411 MHz, 0x0000000000000000, 66, 20.39 W
2026/09/20 21:12:39.613, 2411 MHz, 0x0000000000000000, 66, 14.63 W
2026/09/20 21:12:40.613, 2502 MHz, 0x0000000000000000, 70, 36.35 W
2026/09/20 21:12:41.613, 2502 MHz, 0x0000000000000000, 70, 38.83 W
2026/09/20 21:12:42.614, 2502 MHz, 0x0000000000000000, 70, 38.98 W
2026/09/20 21:12:43.614, 2502 MHz, 0x0000000000000000, 70, 39.06 W
2026/09/20 21:12:44.614, 2502 MHz, 0x0000000000000000, 70, 39.08 W
2026/09/20 21:12:45.615, 2502 MHz, 0x0000000000000000, 70, 39.11 W
2026/09/20 21:12:46.615, 2502 MHz, 0x0000000000000000, 70, 39.05 W
2026/09/20 21:12:47.616, 2502 MHz, 0x0000000000000000, 70, 39.04 W
2026/09/20 21:12:48.616, 2502 MHz, 0x0000000000000000, 70, 38.93 W
2026/09/20 21:12:49.616, 2502 MHz, 0x0000000000000000, 70, 38.73 W
2026/09/20 21:12:50.617, 2502 MHz, 0x0000000000000000, 70, 38.79 W
2026/09/20 21:12:51.617, 2502 MHz, 0x0000000000000000, 70, 38.82 W
2026/09/20 21:12:52.617, 2502 MHz, 0x0000000000000000, 70, 38.74 W
2026/09/20 21:12:53.617, 2502 MHz, 0x0000000000000000, 70, 38.78 W
2026/09/20 21:12:54.618, 2502 MHz, 0x0000000000000000, 70, 38.63 W
2026/09/20 21:12:55.618, 2502 MHz, 0x0000000000000000, 70, 38.68 W
2026/09/20 21:12:56.618, 2502 MHz, 0x0000000000000000, 70, 38.69 W
2026/09/20 21:12:57.618, 2502 MHz, 0x0000000000000000, 70, 38.78 W
2026/09/20 21:12:58.619, 2502 MHz, 0x0000000000000000, 70, 38.63 W
2026/09/20 21:12:59.619, 2502 MHz, 0x0000000000000000, 70, 38.42 W
2026/09/20 21:13:00.620, 2502 MHz, 0x0000000000000000, 70, 38.70 W
2026/09/20 21:13:01.620, 2502 MHz, 0x0000000000000000, 70, 38.57 W
2026/09/20 21:13:02.620, 2502 MHz, 0x0000000000000000, 70, 38.70 W
2026/09/20 21:13:03.621, 2502 MHz, 0x0000000000000000, 70, 38.76 W
2026/09/20 21:13:04.621, 2502 MHz, 0x0000000000000000, 70, 38.65 W
2026/09/20 21:13:05.621, 2502 MHz, 0x0000000000000000, 70, 38.51 W
2026/09/20 21:13:06.621, 2502 MHz, 0x0000000000000000, 69, 36.42 W
2026/09/20 21:13:07.621, 2502 MHz, 0x0000000000000000, 69, 33.55 W
2026/09/20 21:13:08.622, 2502 MHz, 0x0000000000000000, 69, 38.76 W
2026/09/20 21:13:09.622, 2502 MHz, 0x0000000000000000, 69, 38.74 W
2026/09/20 21:13:10.622, 2502 MHz, 0x0000000000000000, 69, 38.60 W
2026/09/20 21:13:11.623, 2502 MHz, 0x0000000000000000, 69, 38.57 W
2026/09/20 21:13:12.623, 2502 MHz, 0x0000000000000000, 69, 38.60 W
2026/09/20 21:13:13.623, 2502 MHz, 0x0000000000000000, 69, 38.55 W
2026/09/20 21:13:14.624, 2502 MHz, 0x0000000000000000, 69, 38.42 W
2026/09/20 21:13:15.624, 2470 MHz, 0x0000000000000000, 66, 34.28 W
2026/09/20 21:13:16.625, 2411 MHz, 0x0000000000000000, 64, 14.35 W
2026/09/20 21:13:17.625, 2470 MHz, 0x0000000000000000, 69, 21.15 W
2026/09/20 21:13:18.626, 2502 MHz, 0x0000000000000000, 68, 41.37 W
2026/09/20 21:13:19.626, 2502 MHz, 0x0000000000000000, 68, 39.27 W
2026/09/20 21:13:20.626, 2502 MHz, 0x0000000000000000, 68, 39.24 W
2026/09/20 21:13:21.627, 2502 MHz, 0x0000000000000000, 69, 39.40 W
2026/09/20 21:13:22.627, 2502 MHz, 0x0000000000000000, 69, 39.48 W
2026/09/20 21:13:23.627, 2502 MHz, 0x0000000000000000, 69, 39.68 W
2026/09/20 21:13:24.628, 2502 MHz, 0x0000000000000000, 69, 39.64 W
2026/09/20 21:13:25.628, 2502 MHz, 0x0000000000000000, 69, 39.55 W
2026/09/20 21:13:26.628, 2502 MHz, 0x0000000000000000, 69, 39.76 W
2026/09/20 21:13:27.628, 2502 MHz, 0x0000000000000000, 69, 39.75 W
2026/09/20 21:13:28.629, 2502 MHz, 0x0000000000000000, 69, 39.84 W
2026/09/20 21:13:29.629, 2502 MHz, 0x0000000000000000, 69, 39.88 W
2026/09/20 21:13:30.629, 2502 MHz, 0x0000000000000000, 69, 39.96 W
2026/09/20 21:13:31.629, 2502 MHz, 0x0000000000000000, 69, 39.88 W
2026/09/20 21:13:32.630, 2502 MHz, 0x0000000000000000, 69, 39.90 W
2026/09/20 21:13:33.630, 2502 MHz, 0x0000000000000000, 69, 39.95 W
2026/09/20 21:13:34.630, 2502 MHz, 0x0000000000000000, 69, 39.85 W
2026/09/20 21:13:35.630, 2502 MHz, 0x0000000000000000, 70, 39.89 W
2026/09/20 21:13:36.631, 2502 MHz, 0x0000000000000000, 70, 40.07 W
2026/09/20 21:13:37.631, 2502 MHz, 0x0000000000000000, 70, 40.11 W
2026/09/20 21:13:38.631, 2502 MHz, 0x0000000000000000, 70, 40.21 W
2026/09/20 21:13:39.632, 2502 MHz, 0x0000000000000000, 70, 40.00 W
2026/09/20 21:13:40.632, 2502 MHz, 0x0000000000000000, 69, 36.57 W
2026/09/20 21:13:41.632, 2502 MHz, 0x0000000000000000, 70, 36.62 W
2026/09/20 21:13:42.632, 2502 MHz, 0x0000000000000000, 70, 39.94 W
2026/09/20 21:13:43.633, 2502 MHz, 0x0000000000000000, 70, 40.11 W
2026/09/20 21:13:44.633, 2502 MHz, 0x0000000000000000, 70, 40.25 W
2026/09/20 21:13:45.633, 2502 MHz, 0x0000000000000000, 70, 40.26 W
2026/09/20 21:13:46.634, 2502 MHz, 0x0000000000000000, 70, 40.33 W
2026/09/20 21:13:47.634, 2502 MHz, 0x0000000000000000, 70, 40.36 W
2026/09/20 21:13:48.634, 2502 MHz, 0x0000000000000000, 71, 40.34 W
2026/09/20 21:13:49.634, 2502 MHz, 0x0000000000000000, 71, 40.25 W
2026/09/20 21:13:50.635, 2502 MHz, 0x0000000000000000, 71, 40.16 W
2026/09/20 21:13:51.635, 2502 MHz, 0x0000000000000000, 71, 40.13 W
2026/09/20 21:13:52.635, 2502 MHz, 0x0000000000000000, 71, 40.10 W
2026/09/20 21:13:53.636, 2411 MHz, 0x0000000000000000, 66, 26.60 W
2026/09/20 21:13:54.636, 2411 MHz, 0x0000000000000000, 65, 14.56 W
2026/09/20 21:13:55.636, 2470 MHz, 0x0000000000000000, 73, 42.67 W
2026/09/20 21:13:56.636, 2470 MHz, 0x0000000000000000, 73, 58.15 W
2026/09/20 21:13:57.636, 2470 MHz, 0x0000000000000000, 74, 42.30 W
2026/09/20 21:13:58.637, 2470 MHz, 0x0000000000000000, 75, 59.09 W
2026/09/20 21:13:59.637, 2470 MHz, 0x0000000000000000, 73, 58.11 W
2026/09/20 21:14:00.637, 2476 MHz, 0x0000000000000000, 72, 53.66 W
2026/09/20 21:14:01.637, 2483 MHz, 0x0000000000000000, 71, 39.68 W
2026/09/20 21:14:02.638, 2502 MHz, 0x0000000000000000, 71, 39.64 W
2026/09/20 21:14:03.638, 2502 MHz, 0x0000000000000000, 71, 39.67 W
2026/09/20 21:14:04.639, 2502 MHz, 0x0000000000000000, 71, 39.74 W
2026/09/20 21:14:05.639, 2502 MHz, 0x0000000000000000, 71, 39.73 W
2026/09/20 21:14:06.640, 2502 MHz, 0x0000000000000000, 71, 39.63 W
2026/09/20 21:14:07.641, 2502 MHz, 0x0000000000000000, 71, 39.69 W
2026/09/20 21:14:08.641, 2502 MHz, 0x0000000000000000, 71, 39.57 W
2026/09/20 21:14:09.642, 2502 MHz, 0x0000000000000000, 71, 39.56 W
2026/09/20 21:14:10.642, 2502 MHz, 0x0000000000000000, 71, 39.31 W
2026/09/20 21:14:11.643, 2502 MHz, 0x0000000000000000, 71, 39.70 W
2026/09/20 21:14:12.644, 2502 MHz, 0x0000000000000000, 71, 39.75 W
2026/09/20 21:14:13.644, 2502 MHz, 0x0000000000000000, 71, 39.85 W
2026/09/20 21:14:14.645, 2502 MHz, 0x0000000000000000, 70, 35.10 W
2026/09/20 21:14:15.645, 2502 MHz, 0x0000000000000000, 71, 37.38 W
2026/09/20 21:14:16.646, 2502 MHz, 0x0000000000000000, 71, 39.73 W
2026/09/20 21:14:17.646, 2502 MHz, 0x0000000000000000, 71, 39.70 W
2026/09/20 21:14:18.647, 2502 MHz, 0x0000000000000000, 71, 39.76 W
2026/09/20 21:14:19.648, 2502 MHz, 0x0000000000000000, 71, 39.73 W
2026/09/20 21:14:20.648, 2502 MHz, 0x0000000000000000, 71, 39.68 W
2026/09/20 21:14:21.649, 2502 MHz, 0x0000000000000000, 71, 39.70 W
2026/09/20 21:14:22.650, 2502 MHz, 0x0000000000000000, 71, 39.78 W
2026/09/20 21:14:23.651, 2502 MHz, 0x0000000000000000, 71, 39.82 W
2026/09/20 21:14:24.651, 2502 MHz, 0x0000000000000000, 71, 39.77 W
2026/09/20 21:14:25.652, 2502 MHz, 0x0000000000000000, 71, 39.78 W
2026/09/20 21:14:26.653, 2502 MHz, 0x0000000000000000, 71, 39.71 W
2026/09/20 21:14:27.654, 2502 MHz, 0x0000000000000000, 72, 39.81 W
2026/09/20 21:14:28.655, 2502 MHz, 0x0000000000000000, 72, 39.89 W
2026/09/20 21:14:29.655, 2502 MHz, 0x0000000000000000, 71, 39.84 W
2026/09/20 21:14:30.656, 2502 MHz, 0x0000000000000000, 72, 39.90 W
2026/09/20 21:14:31.656, 2502 MHz, 0x0000000000000000, 72, 39.86 W
2026/09/20 21:14:32.657, 2502 MHz, 0x0000000000000000, 72, 39.88 W
2026/09/20 21:14:33.658, 2502 MHz, 0x0000000000000000, 72, 39.99 W
2026/09/20 21:14:34.659, 2411 MHz, 0x0000000000000000, 67, 17.15 W
2026/09/20 21:14:35.659, 2411 MHz, 0x0000000000000000, 66, 14.64 W
2026/09/20 21:14:36.659, 2470 MHz, 0x0000000000000000, 75, 57.37 W
2026/09/20 21:14:37.660, 2418 MHz, 0x0000000000000000, 68, 45.73 W
2026/09/20 21:14:38.660, 2470 MHz, 0x0000000000000000, 74, 55.28 W
2026/09/20 21:14:39.661, 2470 MHz, 0x0000000000000000, 76, 59.11 W
2026/09/20 21:14:40.662, 2463 MHz, 0x0000000000000000, 77, 59.12 W
2026/09/20 21:14:41.662, 2470 MHz, 0x0000000000000000, 77, 59.78 W
2026/09/20 21:14:42.663, 2470 MHz, 0x0000000000000000, 77, 59.17 W
2026/09/20 21:14:43.663, 2470 MHz, 0x0000000000000000, 76, 58.63 W
2026/09/20 21:14:44.664, 2476 MHz, 0x0000000000000000, 74, 54.54 W
2026/09/20 21:14:45.665, 2483 MHz, 0x0000000000000000, 73, 41.33 W
2026/09/20 21:14:46.665, 2483 MHz, 0x0000000000000000, 73, 41.21 W
2026/09/20 21:14:47.666, 2483 MHz, 0x0000000000000000, 72, 40.53 W
2026/09/20 21:14:48.666, 2502 MHz, 0x0000000000000000, 72, 35.73 W
2026/09/20 21:14:49.666, 2502 MHz, 0x0000000000000000, 73, 40.09 W
2026/09/20 21:14:50.667, 2483 MHz, 0x0000000000000000, 73, 41.22 W
2026/09/20 21:14:51.668, 2483 MHz, 0x0000000000000000, 73, 41.23 W
2026/09/20 21:14:52.668, 2483 MHz, 0x0000000000000000, 73, 41.17 W
2026/09/20 21:14:53.668, 2483 MHz, 0x0000000000000000, 73, 41.29 W
2026/09/20 21:14:54.669, 2483 MHz, 0x0000000000000000, 73, 41.28 W
2026/09/20 21:14:55.669, 2483 MHz, 0x0000000000000000, 73, 41.37 W
2026/09/20 21:14:56.669, 2483 MHz, 0x0000000000000000, 73, 41.34 W
2026/09/20 21:14:57.670, 2483 MHz, 0x0000000000000000, 73, 41.21 W
2026/09/20 21:14:58.670, 2483 MHz, 0x0000000000000000, 73, 41.27 W
2026/09/20 21:14:59.671, 2483 MHz, 0x0000000000000000, 73, 41.27 W
2026/09/20 21:15:00.671, 2483 MHz, 0x0000000000000000, 73, 41.27 W
2026/09/20 21:15:01.672, 2483 MHz, 0x0000000000000000, 73, 41.23 W
2026/09/20 21:15:02.672, 2483 MHz, 0x0000000000000000, 73, 41.35 W
2026/09/20 21:15:03.672, 2483 MHz, 0x0000000000000000, 73, 41.25 W
2026/09/20 21:15:04.673, 2483 MHz, 0x0000000000000000, 73, 41.27 W
2026/09/20 21:15:05.673, 2483 MHz, 0x0000000000000000, 73, 41.28 W
2026/09/20 21:15:06.673, 2483 MHz, 0x0000000000000000, 73, 41.39 W
2026/09/20 21:15:07.674, 2483 MHz, 0x0000000000000000, 73, 41.36 W
2026/09/20 21:15:08.674, 2483 MHz, 0x0000000000000000, 73, 41.49 W
2026/09/20 21:15:09.674, 2483 MHz, 0x0000000000000000, 73, 41.34 W
2026/09/20 21:15:10.675, 2483 MHz, 0x0000000000000000, 73, 41.50 W
2026/09/20 21:15:11.675, 2483 MHz, 0x0000000000000000, 73, 41.51 W
2026/09/20 21:15:12.676, 2483 MHz, 0x0000000000000000, 73, 41.45 W
2026/09/20 21:15:13.676, 2483 MHz, 0x0000000000000000, 73, 41.50 W
2026/09/20 21:15:14.677, 2483 MHz, 0x0000000000000000, 73, 41.47 W
2026/09/20 21:15:15.677, 2483 MHz, 0x0000000000000000, 73, 41.47 W
2026/09/20 21:15:16.677, 2483 MHz, 0x0000000000000000, 73, 41.44 W
2026/09/20 21:15:17.678, 2483 MHz, 0x0000000000000000, 73, 41.38 W
2026/09/20 21:15:18.679, 2483 MHz, 0x0000000000000000, 70, 37.68 W
2026/09/20 21:15:19.679, 2411 MHz, 0x0000000000000000, 68, 15.27 W
2026/09/20 21:15:20.680, 2431 MHz, 0x0000000000000000, 75, 24.93 W
2026/09/20 21:15:21.680, 2476 MHz, 0x0000000000000000, 74, 57.07 W
2026/09/20 21:15:22.681, 2418 MHz, 0x0000000000000000, 74, 37.78 W
2026/09/20 21:15:23.681, 2470 MHz, 0x0000000000000000, 76, 60.66 W
2026/09/20 21:15:24.682, 2470 MHz, 0x0000000000000000, 78, 61.92 W
2026/09/20 21:15:25.682, 2483 MHz, 0x0000000000000000, 74, 52.41 W
2026/09/20 21:15:26.683, 2483 MHz, 0x0000000000000000, 73, 40.26 W
2026/09/20 21:15:27.683, 2483 MHz, 0x0000000000000000, 73, 40.08 W
2026/09/20 21:15:28.684, 2483 MHz, 0x0000000000000000, 73, 40.31 W
2026/09/20 21:15:29.684, 2483 MHz, 0x0000000000000000, 73, 40.27 W
2026/09/20 21:15:30.685, 2483 MHz, 0x0000000000000000, 73, 40.29 W
2026/09/20 21:15:31.685, 2483 MHz, 0x0000000000000000, 73, 40.22 W
2026/09/20 21:15:32.685, 2483 MHz, 0x0000000000000000, 73, 40.12 W
2026/09/20 21:15:33.686, 2483 MHz, 0x0000000000000000, 73, 40.45 W
2026/09/20 21:15:34.686, 2483 MHz, 0x0000000000000000, 73, 40.38 W
2026/09/20 21:15:35.687, 2483 MHz, 0x0000000000000000, 73, 40.38 W
2026/09/20 21:15:36.687, 2483 MHz, 0x0000000000000000, 73, 40.47 W
2026/09/20 21:15:37.687, 2483 MHz, 0x0000000000000000, 73, 40.41 W
2026/09/20 21:15:38.688, 2483 MHz, 0x0000000000000000, 73, 40.54 W
2026/09/20 21:15:39.688, 2483 MHz, 0x0000000000000000, 73, 40.20 W
2026/09/20 21:15:40.688, 2483 MHz, 0x0000000000000000, 73, 40.31 W
2026/09/20 21:15:41.689, 2483 MHz, 0x0000000000000000, 73, 40.38 W
2026/09/20 21:15:42.689, 2483 MHz, 0x0000000000000000, 73, 40.37 W
2026/09/20 21:15:43.689, 2483 MHz, 0x0000000000000000, 73, 40.45 W
2026/09/20 21:15:44.690, 2483 MHz, 0x0000000000000000, 73, 40.62 W
2026/09/20 21:15:45.690, 2483 MHz, 0x0000000000000000, 73, 40.30 W
2026/09/20 21:15:46.691, 2483 MHz, 0x0000000000000000, 73, 40.05 W
2026/09/20 21:15:47.691, 2483 MHz, 0x0000000000000000, 73, 40.39 W
2026/09/20 21:15:48.691, 2483 MHz, 0x0000000000000000, 73, 40.48 W
2026/09/20 21:15:49.692, 2483 MHz, 0x0000000000000000, 73, 40.42 W
2026/09/20 21:15:50.692, 2483 MHz, 0x0000000000000000, 73, 40.47 W
2026/09/20 21:15:51.693, 2483 MHz, 0x0000000000000000, 73, 40.26 W
2026/09/20 21:15:52.693, 2483 MHz, 0x0000000000000000, 73, 40.45 W
2026/09/20 21:15:53.693, 2483 MHz, 0x0000000000000000, 73, 40.14 W
2026/09/20 21:15:54.694, 2483 MHz, 0x0000000000000000, 73, 39.62 W
2026/09/20 21:15:55.694, 2483 MHz, 0x0000000000000000, 72, 35.02 W
2026/09/20 21:15:56.694, 2483 MHz, 0x0000000000000000, 73, 38.70 W
2026/09/20 21:15:57.694, 2483 MHz, 0x0000000000000000, 73, 39.92 W
2026/09/20 21:15:58.695, 2483 MHz, 0x0000000000000000, 73, 40.12 W
2026/09/20 21:15:59.696, 2411 MHz, 0x0000000000000000, 68, 26.73 W
2026/09/20 21:16:00.696, 2411 MHz, 0x0000000000000000, 68, 15.03 W
2026/09/20 21:16:01.697, 2470 MHz, 0x0000000000000000, 75, 41.37 W
2026/09/20 21:16:02.697, 2470 MHz, 0x0000000000000000, 71, 54.77 W
2026/09/20 21:16:03.698, 2470 MHz, 0x0000000000000000, 74, 61.37 W
2026/09/20 21:16:04.698, 2470 MHz, 0x0000000000000000, 77, 61.69 W
2026/09/20 21:16:05.699, 2496 MHz, 0x0000000000000000, 70, 39.24 W
2026/09/20 21:16:06.699, 2483 MHz, 0x0000000000000000, 74, 47.50 W
2026/09/20 21:16:07.699, 2483 MHz, 0x0000000000000000, 75, 46.41 W
2026/09/20 21:16:08.700, 2483 MHz, 0x0000000000000000, 76, 48.95 W
2026/09/20 21:16:09.700, 2483 MHz, 0x0000000000000000, 75, 54.11 W
2026/09/20 21:16:10.701, 2483 MHz, 0x0000000000000000, 73, 41.67 W
2026/09/20 21:16:11.702, 2483 MHz, 0x0000000000000000, 73, 36.68 W
2026/09/20 21:16:12.702, 2483 MHz, 0x0000000000000000, 74, 41.23 W
2026/09/20 21:16:13.703, 2483 MHz, 0x0000000000000000, 74, 41.19 W
2026/09/20 21:16:14.703, 2483 MHz, 0x0000000000000000, 74, 41.29 W
2026/09/20 21:16:15.703, 2483 MHz, 0x0000000000000000, 74, 41.47 W
2026/09/20 21:16:16.704, 2483 MHz, 0x0000000000000000, 74, 41.62 W
2026/09/20 21:16:17.704, 2483 MHz, 0x0000000000000000, 74, 41.63 W
2026/09/20 21:16:18.705, 2483 MHz, 0x0000000000000000, 74, 41.53 W
2026/09/20 21:16:19.705, 2483 MHz, 0x0000000000000000, 74, 41.57 W
2026/09/20 21:16:20.705, 2483 MHz, 0x0000000000000000, 74, 41.30 W
2026/09/20 21:16:21.706, 2483 MHz, 0x0000000000000000, 74, 41.58 W
2026/09/20 21:16:22.706, 2476 MHz, 0x0000000000000000, 74, 41.33 W
2026/09/20 21:16:23.707, 2483 MHz, 0x0000000000000000, 74, 41.58 W
2026/09/20 21:16:24.707, 2483 MHz, 0x0000000000000000, 74, 41.54 W
2026/09/20 21:16:25.708, 2483 MHz, 0x0000000000000000, 74, 41.70 W
2026/09/20 21:16:26.708, 2483 MHz, 0x0000000000000000, 74, 41.73 W
2026/09/20 21:16:27.708, 2483 MHz, 0x0000000000000000, 74, 41.76 W
2026/09/20 21:16:28.709, 2483 MHz, 0x0000000000000000, 74, 41.72 W
2026/09/20 21:16:29.709, 2483 MHz, 0x0000000000000000, 74, 41.62 W
2026/09/20 21:16:30.710, 2483 MHz, 0x0000000000000000, 74, 41.57 W
2026/09/20 21:16:31.710, 2483 MHz, 0x0000000000000000, 74, 41.78 W
2026/09/20 21:16:32.710, 2483 MHz, 0x0000000000000000, 74, 41.58 W
2026/09/20 21:16:33.711, 2483 MHz, 0x0000000000000000, 74, 41.60 W
2026/09/20 21:16:34.711, 2483 MHz, 0x0000000000000000, 74, 41.84 W
2026/09/20 21:16:35.712, 2483 MHz, 0x0000000000000000, 74, 41.71 W
2026/09/20 21:16:36.712, 2483 MHz, 0x0000000000000000, 74, 41.75 W
2026/09/20 21:16:37.713, 2483 MHz, 0x0000000000000000, 74, 41.77 W
2026/09/20 21:16:38.713, 2483 MHz, 0x0000000000000000, 74, 41.88 W
2026/09/20 21:16:39.714, 2483 MHz, 0x0000000000000000, 74, 41.83 W
2026/09/20 21:16:40.714, 2483 MHz, 0x0000000000000000, 74, 41.95 W
2026/09/20 21:16:41.715, 2483 MHz, 0x0000000000000000, 74, 41.95 W
2026/09/20 21:16:42.715, 2483 MHz, 0x0000000000000000, 74, 41.96 W
2026/09/20 21:16:43.716, 2444 MHz, 0x0000000000000000, 70, 34.68 W
2026/09/20 21:16:44.717, 2411 MHz, 0x0000000000000000, 69, 16.64 W
2026/09/20 21:16:45.717, 2450 MHz, 0x0000000000000000, 77, 30.05 W
2026/09/20 21:16:46.717, 2470 MHz, 0x0000000000000000, 77, 63.95 W
2026/09/20 21:16:47.718, 2437 MHz, 0x0000000000000000, 77, 51.17 W
2026/09/20 21:16:48.718, 2470 MHz, 0x0000000000000000, 77, 64.10 W
2026/09/20 21:16:49.719, 2470 MHz, 0x0000000000000000, 80, 64.47 W
2026/09/20 21:16:50.719, 2470 MHz, 0x0000000000000000, 79, 64.08 W
2026/09/20 21:16:51.720, 2483 MHz, 0x0000000000000000, 74, 47.62 W
2026/09/20 21:16:52.720, 2483 MHz, 0x0000000000000000, 74, 41.00 W
2026/09/20 21:16:53.721, 2483 MHz, 0x0000000000000000, 74, 40.91 W
2026/09/20 21:16:54.721, 2483 MHz, 0x0000000000000000, 74, 40.88 W
2026/09/20 21:16:55.721, 2483 MHz, 0x0000000000000000, 74, 40.93 W
2026/09/20 21:16:56.722, 2483 MHz, 0x0000000000000000, 74, 40.89 W
2026/09/20 21:16:57.722, 2483 MHz, 0x0000000000000000, 74, 40.88 W
2026/09/20 21:16:58.723, 2483 MHz, 0x0000000000000000, 74, 41.04 W
2026/09/20 21:16:59.723, 2483 MHz, 0x0000000000000000, 74, 40.95 W
2026/09/20 21:17:00.723, 2483 MHz, 0x0000000000000000, 74, 40.79 W
2026/09/20 21:17:01.724, 2483 MHz, 0x0000000000000000, 74, 40.87 W
2026/09/20 21:17:02.724, 2483 MHz, 0x0000000000000000, 74, 40.71 W
2026/09/20 21:17:03.725, 2483 MHz, 0x0000000000000000, 74, 40.79 W
2026/09/20 21:17:04.726, 2483 MHz, 0x0000000000000000, 74, 40.78 W
2026/09/20 21:17:05.726, 2483 MHz, 0x0000000000000000, 74, 40.71 W
2026/09/20 21:17:06.727, 2483 MHz, 0x0000000000000000, 74, 40.70 W
2026/09/20 21:17:07.727, 2483 MHz, 0x0000000000000000, 74, 40.87 W
2026/09/20 21:17:08.727, 2483 MHz, 0x0000000000000000, 74, 40.72 W
2026/09/20 21:17:09.728, 2483 MHz, 0x0000000000000000, 74, 40.63 W
2026/09/20 21:17:10.728, 2483 MHz, 0x0000000000000000, 74, 40.72 W
2026/09/20 21:17:11.729, 2483 MHz, 0x0000000000000000, 74, 40.62 W
2026/09/20 21:17:12.729, 2483 MHz, 0x0000000000000000, 74, 40.54 W
2026/09/20 21:17:13.729, 2483 MHz, 0x0000000000000000, 74, 40.62 W
2026/09/20 21:17:14.730, 2483 MHz, 0x0000000000000000, 74, 40.47 W
2026/09/20 21:17:15.730, 2483 MHz, 0x0000000000000000, 74, 40.37 W
2026/09/20 21:17:16.731, 2483 MHz, 0x0000000000000000, 74, 40.49 W
2026/09/20 21:17:17.731, 2483 MHz, 0x0000000000000000, 73, 37.13 W
2026/09/20 21:17:18.732, 2483 MHz, 0x0000000000000000, 73, 34.98 W
2026/09/20 21:17:19.733, 2483 MHz, 0x0000000000000000, 74, 37.87 W
2026/09/20 21:17:20.733, 2483 MHz, 0x0000000000000000, 74, 40.81 W
2026/09/20 21:17:21.733, 2483 MHz, 0x0000000000000000, 74, 40.87 W
2026/09/20 21:17:22.734, 2483 MHz, 0x0000000000000000, 74, 40.59 W
2026/09/20 21:17:23.735, 2483 MHz, 0x0000000000000000, 74, 40.62 W
2026/09/20 21:17:24.735, 2483 MHz, 0x0000000000000000, 74, 40.76 W
2026/09/20 21:17:25.736, 2411 MHz, 0x0000000000000000, 69, 24.53 W
2026/09/20 21:17:26.737, 2411 MHz, 0x0000000000000000, 68, 15.17 W
2026/09/20 21:17:27.737, 2470 MHz, 0x0000000000000000, 77, 47.19 W
2026/09/20 21:17:28.738, 2470 MHz, 0x0000000000000000, 79, 63.53 W
2026/09/20 21:17:29.738, 2470 MHz, 0x0000000000000000, 78, 51.53 W
2026/09/20 21:17:30.739, 2470 MHz, 0x0000000000000000, 78, 63.55 W
2026/09/20 21:17:31.739, 2470 MHz, 0x0000000000000000, 78, 64.88 W
2026/09/20 21:17:32.740, 2470 MHz, 0x0000000000000000, 79, 63.09 W
2026/09/20 21:17:33.740, 2463 MHz, 0x0000000000000000, 79, 66.07 W
2026/09/20 21:17:34.741, 2470 MHz, 0x0000000000000000, 80, 63.47 W
2026/09/20 21:17:35.741, 2463 MHz, 0x0000000000000000, 79, 64.05 W
2026/09/20 21:17:36.742, 2483 MHz, 0x0000000000000000, 76, 54.39 W
2026/09/20 21:17:37.742, 2483 MHz, 0x0000000000000000, 75, 42.72 W
2026/09/20 21:17:38.743, 2483 MHz, 0x0000000000000000, 75, 42.57 W
2026/09/20 21:17:39.743, 2483 MHz, 0x0000000000000000, 75, 42.62 W
2026/09/20 21:17:40.744, 2483 MHz, 0x0000000000000000, 75, 42.55 W
2026/09/20 21:17:41.744, 2483 MHz, 0x0000000000000000, 75, 42.58 W
2026/09/20 21:17:42.745, 2483 MHz, 0x0000000000000000, 75, 42.62 W
2026/09/20 21:17:43.745, 2483 MHz, 0x0000000000000000, 75, 42.59 W
2026/09/20 21:17:44.745, 2483 MHz, 0x0000000000000000, 75, 42.55 W
2026/09/20 21:17:45.746, 2483 MHz, 0x0000000000000000, 75, 42.60 W
2026/09/20 21:17:46.746, 2483 MHz, 0x0000000000000000, 75, 42.65 W
2026/09/20 21:17:47.747, 2483 MHz, 0x0000000000000000, 75, 42.64 W
2026/09/20 21:17:48.747, 2483 MHz, 0x0000000000000000, 75, 42.58 W
2026/09/20 21:17:49.748, 2483 MHz, 0x0000000000000000, 75, 42.54 W
2026/09/20 21:17:50.748, 2483 MHz, 0x0000000000000000, 75, 42.58 W
2026/09/20 21:17:51.749, 2483 MHz, 0x0000000000000000, 74, 40.53 W
2026/09/20 21:17:52.749, 2483 MHz, 0x0000000000000000, 74, 36.70 W
2026/09/20 21:17:53.750, 2483 MHz, 0x0000000000000000, 74, 37.38 W
2026/09/20 21:17:54.750, 2483 MHz, 0x0000000000000000, 75, 42.55 W
2026/09/20 21:17:55.751, 2483 MHz, 0x0000000000000000, 75, 42.68 W
2026/09/20 21:17:56.751, 2483 MHz, 0x0000000000000000, 75, 42.45 W
2026/09/20 21:17:57.752, 2483 MHz, 0x0000000000000000, 75, 42.57 W
2026/09/20 21:17:58.752, 2483 MHz, 0x0000000000000000, 75, 42.65 W
2026/09/20 21:17:59.753, 2483 MHz, 0x0000000000000000, 75, 42.48 W
2026/09/20 21:18:00.753, 2483 MHz, 0x0000000000000000, 75, 42.41 W
2026/09/20 21:18:01.754, 2483 MHz, 0x0000000000000000, 75, 42.56 W
2026/09/20 21:18:02.754, 2483 MHz, 0x0000000000000000, 75, 42.50 W
2026/09/20 21:18:03.755, 2483 MHz, 0x0000000000000000, 75, 42.42 W
2026/09/20 21:18:04.755, 2483 MHz, 0x0000000000000000, 75, 42.65 W
2026/09/20 21:18:05.755, 2483 MHz, 0x0000000000000000, 75, 42.62 W
2026/09/20 21:18:06.755, 2483 MHz, 0x0000000000000000, 75, 42.72 W
2026/09/20 21:18:07.756, 2483 MHz, 0x0000000000000000, 75, 42.61 W
2026/09/20 21:18:08.757, 2483 MHz, 0x0000000000000000, 75, 42.57 W
2026/09/20 21:18:09.758, 2483 MHz, 0x0000000000000000, 75, 42.42 W
2026/09/20 21:18:10.758, 2411 MHz, 0x0000000000000000, 70, 17.58 W
2026/09/20 21:18:11.759, 2411 MHz, 0x0000000000000000, 69, 15.41 W
2026/09/20 21:18:12.759, 2470 MHz, 0x0000000000000000, 81, 62.93 W
2026/09/20 21:18:13.760, 2463 MHz, 0x0000000000000000, 81, 69.15 W
2026/09/20 21:18:14.760, 2437 MHz, 0x0000000000000000, 72, 54.68 W
2026/09/20 21:18:15.761, 2463 MHz, 0x0000000000000000, 79, 60.62 W
2026/09/20 21:18:16.761, 2463 MHz, 0x0000000000000000, 80, 69.29 W
2026/09/20 21:18:17.761, 2450 MHz, 0x0000000000000000, 80, 69.35 W
2026/09/20 21:18:18.762, 2450 MHz, 0x0000000000000000, 78, 69.79 W
2026/09/20 21:18:19.762, 2450 MHz, 0x0000000000000000, 81, 69.54 W
2026/09/20 21:18:20.763, 2483 MHz, 0x0000000000000000, 76, 51.32 W
2026/09/20 21:18:21.763, 2483 MHz, 0x0000000000000000, 76, 41.57 W
2026/09/20 21:18:22.764, 2483 MHz, 0x0000000000000000, 75, 41.47 W
2026/09/20 21:18:23.764, 2483 MHz, 0x0000000000000000, 75, 41.53 W
2026/09/20 21:18:24.764, 2483 MHz, 0x0000000000000000, 75, 41.45 W
2026/09/20 21:18:25.764, 2483 MHz, 0x0000000000000000, 74, 40.85 W
2026/09/20 21:18:26.765, 2483 MHz, 0x0000000000000000, 73, 35.47 W
2026/09/20 21:18:27.765, 2483 MHz, 0x0000000000000000, 73, 35.14 W
2026/09/20 21:18:28.766, 2483 MHz, 0x0000000000000000, 74, 41.24 W
2026/09/20 21:18:29.766, 2483 MHz, 0x0000000000000000, 74, 41.10 W
2026/09/20 21:18:30.767, 2483 MHz, 0x0000000000000000, 74, 40.98 W
2026/09/20 21:18:31.767, 2483 MHz, 0x0000000000000000, 74, 40.99 W
2026/09/20 21:18:32.768, 2483 MHz, 0x0000000000000000, 74, 41.08 W
2026/09/20 21:18:33.768, 2483 MHz, 0x0000000000000000, 74, 40.78 W
2026/09/20 21:18:34.769, 2483 MHz, 0x0000000000000000, 74, 40.83 W
2026/09/20 21:18:35.769, 2483 MHz, 0x0000000000000000, 74, 40.94 W
2026/09/20 21:18:36.770, 2483 MHz, 0x0000000000000000, 74, 41.09 W
2026/09/20 21:18:37.770, 2483 MHz, 0x0000000000000000, 74, 41.05 W
2026/09/20 21:18:38.770, 2483 MHz, 0x0000000000000000, 73, 41.04 W
2026/09/20 21:18:39.771, 2483 MHz, 0x0000000000000000, 73, 41.02 W
2026/09/20 21:18:40.771, 2483 MHz, 0x0000000000000000, 73, 40.97 W
2026/09/20 21:18:41.771, 2483 MHz, 0x0000000000000000, 73, 40.86 W
2026/09/20 21:18:42.772, 2483 MHz, 0x0000000000000000, 73, 40.98 W
2026/09/20 21:18:43.772, 2483 MHz, 0x0000000000000000, 73, 41.11 W
2026/09/20 21:18:44.773, 2483 MHz, 0x0000000000000000, 73, 40.90 W
2026/09/20 21:18:45.773, 2483 MHz, 0x0000000000000000, 73, 40.86 W
2026/09/20 21:18:46.774, 2483 MHz, 0x0000000000000000, 73, 40.83 W
2026/09/20 21:18:47.774, 2483 MHz, 0x0000000000000000, 73, 40.73 W
2026/09/20 21:18:48.775, 2483 MHz, 0x0000000000000000, 73, 40.74 W
2026/09/20 21:18:49.775, 2483 MHz, 0x0000000000000000, 73, 40.57 W
2026/09/20 21:18:50.775, 2483 MHz, 0x0000000000000000, 73, 40.54 W
2026/09/20 21:18:51.776, 2483 MHz, 0x0000000000000000, 73, 40.49 W
2026/09/20 21:18:52.776, 2483 MHz, 0x0000000000000000, 73, 40.49 W
2026/09/20 21:18:53.777, 2437 MHz, 0x0000000000000000, 68, 31.89 W
2026/09/20 21:18:54.777, 2411 MHz, 0x0000000000000000, 67, 14.98 W
2026/09/20 21:18:55.778, 2418 MHz, 0x0000000000000000, 74, 26.71 W
2026/09/20 21:18:56.778, 2470 MHz, 0x0000000000000000, 76, 68.66 W
2026/09/20 21:18:57.779, 2470 MHz, 0x0000000000000000, 77, 68.85 W
2026/09/20 21:18:58.779, 2411 MHz, 0x0000000000000000, 75, 43.14 W
2026/09/20 21:18:59.780, 2470 MHz, 0x0000000000000000, 77, 70.24 W
2026/09/20 21:19:00.780, 2476 MHz, 0x0000000000000000, 74, 53.92 W
2026/09/20 21:19:01.781, 2476 MHz, 0x0000000000000000, 75, 49.14 W
2026/09/20 21:19:02.781, 2476 MHz, 0x0000000000000000, 77, 52.94 W
2026/09/20 21:19:03.781, 2470 MHz, 0x0000000000000000, 80, 68.55 W
2026/09/20 21:19:04.782, 2470 MHz, 0x0000000000000000, 78, 69.83 W
2026/09/20 21:19:05.782, 2470 MHz, 0x0000000000000000, 78, 69.07 W
2026/09/20 21:19:06.782, 2470 MHz, 0x0000000000000000, 79, 68.68 W
2026/09/20 21:19:07.783, 2470 MHz, 0x0000000000000000, 79, 68.99 W
2026/09/20 21:19:08.783, 2470 MHz, 0x0000000000000000, 81, 70.03 W
2026/09/20 21:19:09.784, 2463 MHz, 0x0000000000000000, 81, 69.14 W
2026/09/20 21:19:10.784, 2483 MHz, 0x0000000000000000, 75, 52.43 W
2026/09/20 21:19:11.785, 2483 MHz, 0x0000000000000000, 74, 42.78 W
2026/09/20 21:19:12.785, 2483 MHz, 0x0000000000000000, 74, 42.60 W
2026/09/20 21:19:13.786, 2483 MHz, 0x0000000000000000, 74, 42.57 W
2026/09/20 21:19:14.787, 2483 MHz, 0x0000000000000000, 73, 42.45 W
2026/09/20 21:19:15.787, 2483 MHz, 0x0000000000000000, 73, 42.51 W
2026/09/20 21:19:16.788, 2483 MHz, 0x0000000000000000, 73, 42.46 W
2026/09/20 21:19:17.788, 2483 MHz, 0x0000000000000000, 73, 42.47 W
2026/09/20 21:19:18.789, 2483 MHz, 0x0000000000000000, 73, 42.58 W
2026/09/20 21:19:19.789, 2483 MHz, 0x0000000000000000, 73, 42.51 W
2026/09/20 21:19:20.790, 2483 MHz, 0x0000000000000000, 73, 42.36 W
2026/09/20 21:19:21.790, 2483 MHz, 0x0000000000000000, 73, 42.37 W
2026/09/20 21:19:22.791, 2483 MHz, 0x0000000000000000, 73, 42.50 W
2026/09/20 21:19:23.791, 2483 MHz, 0x0000000000000000, 73, 42.55 W
2026/09/20 21:19:24.791, 2483 MHz, 0x0000000000000000, 73, 42.48 W
2026/09/20 21:19:25.792, 2483 MHz, 0x0000000000000000, 73, 42.51 W
2026/09/20 21:19:26.792, 2483 MHz, 0x0000000000000000, 73, 42.55 W
2026/09/20 21:19:27.792, 2483 MHz, 0x0000000000000000, 73, 42.58 W
2026/09/20 21:19:28.793, 2483 MHz, 0x0000000000000000, 73, 42.45 W
2026/09/20 21:19:29.793, 2483 MHz, 0x0000000000000000, 73, 42.52 W
2026/09/20 21:19:30.794, 2483 MHz, 0x0000000000000000, 73, 42.38 W
2026/09/20 21:19:31.794, 2483 MHz, 0x0000000000000000, 73, 42.33 W
2026/09/20 21:19:32.795, 2483 MHz, 0x0000000000000000, 72, 42.31 W
2026/09/20 21:19:33.795, 2483 MHz, 0x0000000000000000, 73, 42.38 W
2026/09/20 21:19:34.796, 2483 MHz, 0x0000000000000000, 72, 42.28 W
2026/09/20 21:19:35.796, 2502 MHz, 0x0000000000000000, 71, 36.32 W
2026/09/20 21:19:36.796, 2502 MHz, 0x0000000000000000, 71, 35.52 W
2026/09/20 21:19:37.796, 2502 MHz, 0x0000000000000000, 72, 40.61 W
2026/09/20 21:19:38.797, 2502 MHz, 0x0000000000000000, 72, 42.07 W
2026/09/20 21:19:39.797, 2502 MHz, 0x0000000000000000, 72, 42.18 W
2026/09/20 21:19:40.798, 2502 MHz, 0x0000000000000000, 72, 42.20 W
2026/09/20 21:19:41.798, 2502 MHz, 0x0000000000000000, 72, 42.20 W
2026/09/20 21:19:42.799, 2502 MHz, 0x0000000000000000, 72, 42.00 W
2026/09/20 21:19:43.799, 2502 MHz, 0x0000000000000000, 72, 42.12 W
2026/09/20 21:19:44.800, 2411 MHz, 0x0000000000000000, 67, 28.72 W
2026/09/20 21:19:45.801, 2411 MHz, 0x0000000000000000, 66, 14.82 W
2026/09/20 21:19:46.801, 2411 MHz, 0x0000000000000000, 65, 14.59 W
2026/09/20 21:19:47.802, 2411 MHz, 0x0000000000000000, 65, 14.56 W
2026/09/20 21:19:48.802, 2411 MHz, 0x0000000000000000, 64, 14.37 W
2026/09/20 21:19:49.803, 2411 MHz, 0x0000000000000000, 64, 14.29 W
2026/09/20 21:19:50.804, 2411 MHz, 0x0000000000000000, 63, 14.21 W
2026/09/20 21:19:51.805, 2411 MHz, 0x0000000000000000, 63, 14.15 W
2026/09/20 21:19:52.806, 2411 MHz, 0x0000000000000000, 63, 14.06 W
2026/09/20 21:19:53.806, 2398 MHz, 0x0000000000000000, 62, 13.74 W
2026/09/20 21:19:54.807, 2398 MHz, 0x0000000000000000, 62, 13.52 W
2026/09/20 21:19:55.808, 2398 MHz, 0x0000000000000000, 62, 13.51 W
2026/09/20 21:19:56.809, 2398 MHz, 0x0000000000000000, 61, 13.43 W
2026/09/20 21:19:57.809, 2398 MHz, 0x0000000000000000, 61, 13.32 W
2026/09/20 21:19:58.810, 2398 MHz, 0x0000000000000000, 61, 13.11 W
2026/09/20 21:19:59.810, 2398 MHz, 0x0000000000000000, 60, 13.09 W
2026/09/20 21:20:00.811, 2398 MHz, 0x0000000000000000, 60, 12.98 W
2026/09/20 21:20:01.812, 2398 MHz, 0x0000000000000000, 60, 12.94 W
2026/09/20 21:20:02.813, 2398 MHz, 0x0000000000000000, 60, 12.87 W
2026/09/20 21:20:03.814, 2398 MHz, 0x0000000000000000, 60, 12.85 W
2026/09/20 21:20:04.815, 2398 MHz, 0x0000000000000000, 59, 12.82 W
2026/09/20 21:20:05.816, 2398 MHz, 0x0000000000000000, 59, 12.75 W
2026/09/20 21:20:06.816, 2398 MHz, 0x0000000000000000, 59, 12.72 W
2026/09/20 21:20:07.817, 2398 MHz, 0x0000000000000000, 59, 12.72 W
2026/09/20 21:20:08.818, 2398 MHz, 0x0000000000000000, 59, 12.68 W
2026/09/20 21:20:09.819, 2398 MHz, 0x0000000000000000, 59, 13.79 W
2026/09/20 21:20:10.819, 2398 MHz, 0x0000000000000000, 59, 12.77 W
2026/09/20 21:20:11.820, 2398 MHz, 0x0000000000000000, 58, 12.57 W
2026/09/20 21:20:12.821, 2398 MHz, 0x0000000000000000, 58, 12.57 W
2026/09/20 21:20:13.821, 2398 MHz, 0x0000000000000000, 58, 12.57 W
2026/09/20 21:20:14.822, 2398 MHz, 0x0000000000000000, 58, 12.52 W
2026/09/20 21:20:15.822, 2398 MHz, 0x0000000000000000, 58, 12.48 W
2026/09/20 21:20:16.823, 2398 MHz, 0x0000000000000000, 58, 12.45 W
2026/09/20 21:20:17.824, 2398 MHz, 0x0000000000000000, 58, 12.45 W
2026/09/20 21:20:18.824, 2398 MHz, 0x0000000000000000, 58, 12.49 W
2026/09/20 21:20:19.825, 2398 MHz, 0x0000000000000000, 58, 12.41 W
2026/09/20 21:20:20.826, 2398 MHz, 0x0000000000000000, 58, 12.40 W
2026/09/20 21:20:21.826, 2398 MHz, 0x0000000000000000, 58, 12.39 W
2026/09/20 21:20:22.827, 2398 MHz, 0x0000000000000000, 58, 12.40 W
2026/09/20 21:20:23.828, 2398 MHz, 0x0000000000000000, 58, 12.42 W
2026/09/20 21:20:24.829, 2398 MHz, 0x0000000000000000, 58, 12.36 W
2026/09/20 21:20:25.830, 2398 MHz, 0x0000000000000000, 57, 12.38 W
2026/09/20 21:20:26.830, 2398 MHz, 0x0000000000000000, 57, 12.37 W
2026/09/20 21:20:27.831, 2398 MHz, 0x0000000000000000, 57, 12.36 W
2026/09/20 21:20:28.831, 2398 MHz, 0x0000000000000000, 57, 12.39 W
2026/09/20 21:20:29.832, 2398 MHz, 0x0000000000000000, 57, 12.38 W
2026/09/20 21:20:30.833, 2398 MHz, 0x0000000000000000, 57, 12.34 W
2026/09/20 21:20:31.834, 2398 MHz, 0x0000000000000000, 57, 12.35 W
2026/09/20 21:20:32.835, 2398 MHz, 0x0000000000000000, 57, 12.33 W
2026/09/20 21:20:33.835, 2398 MHz, 0x0000000000000000, 57, 12.32 W
2026/09/20 21:20:34.836, 2398 MHz, 0x0000000000000000, 57, 12.31 W
2026/09/20 21:20:35.837, 2398 MHz, 0x0000000000000000, 57, 12.28 W
2026/09/20 21:20:36.838, 2398 MHz, 0x0000000000000000, 57, 12.29 W
2026/09/20 21:20:37.838, 2398 MHz, 0x0000000000000000, 57, 12.31 W
2026/09/20 21:20:38.838, 2398 MHz, 0x0000000000000000, 57, 12.28 W
2026/09/20 21:20:39.839, 2398 MHz, 0x0000000000000000, 57, 12.28 W
2026/09/20 21:20:40.840, 2398 MHz, 0x0000000000000000, 57, 12.27 W
2026/09/20 21:20:41.841, 2398 MHz, 0x0000000000000000, 57, 12.25 W
2026/09/20 21:20:42.841, 2398 MHz, 0x0000000000000000, 57, 12.89 W
2026/09/20 21:20:43.841, 2398 MHz, 0x0000000000000000, 57, 12.91 W
2026/09/20 21:20:44.842, 2398 MHz, 0x0000000000000000, 57, 12.25 W
2026/09/20 21:20:45.843, 2398 MHz, 0x0000000000000000, 57, 12.19 W
2026/09/20 21:20:46.844, 2398 MHz, 0x0000000000000000, 57, 12.21 W
2026/09/20 21:20:47.845, 2398 MHz, 0x0000000000000000, 57, 12.24 W
2026/09/20 21:20:48.846, 2398 MHz, 0x0000000000000000, 56, 12.18 W
2026/09/20 21:20:49.847, 2398 MHz, 0x0000000000000000, 56, 12.16 W
2026/09/20 21:20:50.847, 2398 MHz, 0x0000000000000000, 56, 12.12 W
2026/09/20 21:20:51.849, 2398 MHz, 0x0000000000000000, 56, 12.15 W
2026/09/20 21:20:52.849, 2398 MHz, 0x0000000000000000, 56, 12.16 W
2026/09/20 21:20:53.850, 2398 MHz, 0x0000000000000000, 56, 12.14 W
2026/09/20 21:20:54.850, 2398 MHz, 0x0000000000000000, 56, 12.12 W
2026/09/20 21:20:55.850, 2398 MHz, 0x0000000000000000, 56, 12.12 W
2026/09/20 21:20:56.851, 2398 MHz, 0x0000000000000000, 56, 12.08 W
2026/09/20 21:20:57.852, 2398 MHz, 0x0000000000000000, 56, 12.16 W
2026/09/20 21:20:58.853, 2398 MHz, 0x0000000000000000, 56, 12.13 W
2026/09/20 21:20:59.854, 2398 MHz, 0x0000000000000000, 56, 12.13 W
2026/09/20 21:21:00.854, 2398 MHz, 0x0000000000000000, 56, 12.15 W
2026/09/20 21:21:01.855, 2398 MHz, 0x0000000000000000, 56, 12.09 W
2026/09/20 21:21:02.856, 2398 MHz, 0x0000000000000000, 56, 12.09 W
2026/09/20 21:21:03.856, 2398 MHz, 0x0000000000000000, 56, 12.09 W
2026/09/20 21:21:04.857, 2398 MHz, 0x0000000000000000, 56, 12.11 W
2026/09/20 21:21:05.857, 2398 MHz, 0x0000000000000000, 56, 12.07 W
2026/09/20 21:21:06.858, 2398 MHz, 0x0000000000000000, 56, 12.07 W
2026/09/20 21:21:07.859, 2398 MHz, 0x0000000000000000, 56, 12.08 W
2026/09/20 21:21:08.859, 2398 MHz, 0x0000000000000000, 56, 12.09 W
2026/09/20 21:21:09.860, 2398 MHz, 0x0000000000000000, 56, 12.09 W
2026/09/20 21:21:10.861, 2398 MHz, 0x0000000000000000, 56, 12.06 W
2026/09/20 21:21:11.862, 2398 MHz, 0x0000000000000000, 56, 12.10 W
2026/09/20 21:21:12.863, 2398 MHz, 0x0000000000000000, 56, 12.05 W
2026/09/20 21:21:13.863, 2398 MHz, 0x0000000000000000, 56, 11.99 W
2026/09/20 21:21:14.864, 2398 MHz, 0x0000000000000000, 56, 11.99 W
2026/09/20 21:21:15.865, 2398 MHz, 0x0000000000000000, 56, 12.20 W
2026/09/20 21:21:16.865, 2398 MHz, 0x0000000000000000, 56, 13.07 W
2026/09/20 21:21:17.866, 2398 MHz, 0x0000000000000000, 56, 11.99 W
2026/09/20 21:21:18.867, 2398 MHz, 0x0000000000000000, 56, 12.02 W
2026/09/20 21:21:19.868, 2398 MHz, 0x0000000000000000, 55, 12.02 W
2026/09/20 21:21:20.868, 2398 MHz, 0x0000000000000000, 55, 12.04 W
2026/09/20 21:21:21.869, 2398 MHz, 0x0000000000000000, 55, 11.98 W
2026/09/20 21:21:22.870, 2398 MHz, 0x0000000000000000, 55, 11.99 W
2026/09/20 21:21:23.870, 2398 MHz, 0x0000000000000000, 55, 11.97 W
2026/09/20 21:21:24.871, 2398 MHz, 0x0000000000000000, 55, 11.95 W
2026/09/20 21:21:25.872, 2398 MHz, 0x0000000000000000, 55, 11.95 W
2026/09/20 21:21:26.873, 2398 MHz, 0x0000000000000000, 55, 11.98 W
2026/09/20 21:21:27.873, 2398 MHz, 0x0000000000000000, 55, 11.94 W
2026/09/20 21:21:28.874, 2398 MHz, 0x0000000000000000, 55, 11.98 W
2026/09/20 21:21:29.875, 2398 MHz, 0x0000000000000000, 55, 11.94 W
2026/09/20 21:21:30.875, 2398 MHz, 0x0000000000000000, 55, 11.94 W
2026/09/20 21:21:31.876, 2398 MHz, 0x0000000000000000, 55, 11.91 W
2026/09/20 21:21:32.877, 2398 MHz, 0x0000000000000000, 55, 11.94 W
2026/09/20 21:21:33.877, 2398 MHz, 0x0000000000000000, 55, 11.93 W
2026/09/20 21:21:34.878, 2398 MHz, 0x0000000000000000, 55, 12.04 W
2026/09/20 21:21:35.879, 2398 MHz, 0x0000000000000000, 55, 11.96 W
2026/09/20 21:21:36.880, 2398 MHz, 0x0000000000000000, 55, 11.93 W
2026/09/20 21:21:37.880, 2398 MHz, 0x0000000000000000, 55, 11.92 W
2026/09/20 21:21:38.881, 2398 MHz, 0x0000000000000000, 55, 11.91 W
2026/09/20 21:21:39.881, 2398 MHz, 0x0000000000000000, 55, 11.90 W
2026/09/20 21:21:40.882, 2398 MHz, 0x0000000000000000, 55, 11.87 W
2026/09/20 21:21:41.883, 2398 MHz, 0x0000000000000000, 55, 11.89 W
2026/09/20 21:21:42.883, 2398 MHz, 0x0000000000000000, 55, 11.82 W
2026/09/20 21:21:43.884, 2398 MHz, 0x0000000000000000, 55, 11.85 W
2026/09/20 21:21:44.885, 2398 MHz, 0x0000000000000000, 55, 11.83 W
2026/09/20 21:21:45.886, 2398 MHz, 0x0000000000000000, 55, 11.87 W
2026/09/20 21:21:46.886, 2398 MHz, 0x0000000000000000, 55, 11.88 W
2026/09/20 21:21:47.887, 2398 MHz, 0x0000000000000000, 55, 11.84 W
2026/09/20 21:21:48.887, 2398 MHz, 0x0000000000000000, 55, 11.86 W
2026/09/20 21:21:49.888, 2398 MHz, 0x0000000000000000, 55, 13.05 W
2026/09/20 21:21:50.889, 2398 MHz, 0x0000000000000000, 55, 11.83 W
2026/09/20 21:21:51.889, 2398 MHz, 0x0000000000000000, 55, 11.80 W
2026/09/20 21:21:52.890, 2398 MHz, 0x0000000000000000, 55, 11.78 W
2026/09/20 21:21:53.891, 2398 MHz, 0x0000000000000000, 55, 11.76 W
2026/09/20 21:21:54.891, 2398 MHz, 0x0000000000000000, 55, 11.78 W
2026/09/20 21:21:55.892, 2398 MHz, 0x0000000000000000, 55, 11.78 W
2026/09/20 21:21:56.893, 2398 MHz, 0x0000000000000000, 55, 11.80 W
2026/09/20 21:21:57.894, 2398 MHz, 0x0000000000000000, 54, 11.82 W
2026/09/20 21:21:58.895, 2398 MHz, 0x0000000000000000, 54, 11.81 W
2026/09/20 21:21:59.896, 2398 MHz, 0x0000000000000000, 54, 11.80 W
2026/09/20 21:22:00.896, 2398 MHz, 0x0000000000000000, 54, 11.76 W
2026/09/20 21:22:01.897, 2398 MHz, 0x0000000000000000, 54, 11.76 W
2026/09/20 21:22:02.898, 2398 MHz, 0x0000000000000000, 54, 11.81 W
2026/09/20 21:22:03.898, 2398 MHz, 0x0000000000000000, 54, 11.82 W
2026/09/20 21:22:04.899, 2398 MHz, 0x0000000000000000, 54, 11.77 W
2026/09/20 21:22:05.900, 2398 MHz, 0x0000000000000000, 54, 11.79 W
2026/09/20 21:22:06.900, 2398 MHz, 0x0000000000000000, 54, 11.77 W
2026/09/20 21:22:07.901, 2398 MHz, 0x0000000000000000, 54, 11.73 W
2026/09/20 21:22:08.902, 2398 MHz, 0x0000000000000000, 54, 11.73 W
2026/09/20 21:22:09.903, 2398 MHz, 0x0000000000000000, 54, 11.73 W
2026/09/20 21:22:10.903, 2398 MHz, 0x0000000000000000, 54, 11.77 W
2026/09/20 21:22:11.904, 2398 MHz, 0x0000000000000000, 54, 11.74 W
2026/09/20 21:22:12.904, 2398 MHz, 0x0000000000000000, 54, 11.74 W
2026/09/20 21:22:13.905, 2398 MHz, 0x0000000000000000, 54, 11.76 W
2026/09/20 21:22:14.906, 2398 MHz, 0x0000000000000000, 54, 11.70 W
2026/09/20 21:22:15.907, 2398 MHz, 0x0000000000000000, 54, 11.72 W
2026/09/20 21:22:16.907, 2398 MHz, 0x0000000000000000, 54, 11.72 W
2026/09/20 21:22:17.908, 2398 MHz, 0x0000000000000000, 54, 11.70 W
2026/09/20 21:22:18.909, 2398 MHz, 0x0000000000000000, 54, 11.72 W
2026/09/20 21:22:19.910, 2398 MHz, 0x0000000000000000, 54, 11.70 W
2026/09/20 21:22:20.910, 2398 MHz, 0x0000000000000000, 54, 11.72 W
2026/09/20 21:22:21.911, 2398 MHz, 0x0000000000000000, 54, 11.72 W
2026/09/20 21:22:22.912, 2398 MHz, 0x0000000000000000, 54, 12.61 W
2026/09/20 21:22:23.912, 2398 MHz, 0x0000000000000000, 54, 12.03 W
2026/09/20 21:22:24.913, 2398 MHz, 0x0000000000000000, 54, 11.73 W
2026/09/20 21:22:25.914, 2398 MHz, 0x0000000000000000, 54, 11.72 W
2026/09/20 21:22:26.914, 2398 MHz, 0x0000000000000000, 54, 11.69 W
2026/09/20 21:22:27.915, 2398 MHz, 0x0000000000000000, 54, 11.68 W
2026/09/20 21:22:28.916, 2398 MHz, 0x0000000000000000, 54, 11.64 W
2026/09/20 21:22:29.917, 2398 MHz, 0x0000000000000000, 54, 11.64 W
2026/09/20 21:22:30.917, 2398 MHz, 0x0000000000000000, 54, 11.65 W
2026/09/20 21:22:31.918, 2398 MHz, 0x0000000000000000, 54, 11.63 W
2026/09/20 21:22:32.918, 2398 MHz, 0x0000000000000000, 54, 11.68 W
2026/09/20 21:22:33.919, 2398 MHz, 0x0000000000000000, 54, 11.65 W
2026/09/20 21:22:34.919, 2398 MHz, 0x0000000000000000, 54, 11.69 W
2026/09/20 21:22:35.920, 2398 MHz, 0x0000000000000000, 54, 11.67 W
2026/09/20 21:22:36.921, 2398 MHz, 0x0000000000000000, 54, 11.66 W
2026/09/20 21:22:37.922, 2398 MHz, 0x0000000000000000, 54, 11.64 W
2026/09/20 21:22:38.923, 2398 MHz, 0x0000000000000000, 54, 11.66 W
2026/09/20 21:22:39.924, 2398 MHz, 0x0000000000000000, 54, 11.67 W
2026/09/20 21:22:40.925, 2398 MHz, 0x0000000000000000, 54, 11.65 W
2026/09/20 21:22:41.926, 2398 MHz, 0x0000000000000000, 54, 11.64 W
2026/09/20 21:22:42.926, 2398 MHz, 0x0000000000000000, 54, 11.62 W
2026/09/20 21:22:43.927, 2398 MHz, 0x0000000000000000, 54, 11.59 W
2026/09/20 21:22:44.927, 2398 MHz, 0x0000000000000000, 54, 11.60 W
2026/09/20 21:22:45.928, 2398 MHz, 0x0000000000000000, 53, 11.61 W
2026/09/20 21:22:46.929, 2398 MHz, 0x0000000000000000, 53, 11.60 W
2026/09/20 21:22:47.929, 2398 MHz, 0x0000000000000000, 53, 11.61 W
2026/09/20 21:22:48.930, 2398 MHz, 0x0000000000000000, 53, 11.61 W
2026/09/20 21:22:49.931, 2398 MHz, 0x0000000000000000, 53, 11.59 W
2026/09/20 21:22:50.932, 2398 MHz, 0x0000000000000000, 53, 11.61 W
2026/09/20 21:22:51.932, 2398 MHz, 0x0000000000000000, 53, 11.61 W
2026/09/20 21:22:52.933, 2398 MHz, 0x0000000000000000, 53, 11.60 W
2026/09/20 21:22:53.934, 2398 MHz, 0x0000000000000000, 53, 11.60 W
2026/09/20 21:22:54.934, 2398 MHz, 0x0000000000000000, 53, 11.61 W
2026/09/20 21:22:55.935, 2398 MHz, 0x0000000000000000, 54, 12.78 W
2026/09/20 21:22:56.936, 2398 MHz, 0x0000000000000000, 53, 11.59 W
2026/09/20 21:22:57.937, 2398 MHz, 0x0000000000000000, 53, 11.61 W
2026/09/20 21:22:58.938, 2398 MHz, 0x0000000000000000, 53, 11.61 W
2026/09/20 21:22:59.938, 2398 MHz, 0x0000000000000000, 53, 11.58 W
2026/09/20 21:23:00.939, 2398 MHz, 0x0000000000000000, 53, 11.62 W
2026/09/20 21:23:01.940, 2398 MHz, 0x0000000000000000, 53, 11.59 W
2026/09/20 21:23:02.940, 2398 MHz, 0x0000000000000000, 53, 11.60 W
2026/09/20 21:23:03.941, 2398 MHz, 0x0000000000000000, 53, 11.63 W
2026/09/20 21:23:04.942, 2398 MHz, 0x0000000000000000, 53, 11.63 W
2026/09/20 21:23:05.943, 2398 MHz, 0x0000000000000000, 53, 11.62 W
2026/09/20 21:23:06.943, 2398 MHz, 0x0000000000000000, 53, 11.62 W
2026/09/20 21:23:07.944, 2398 MHz, 0x0000000000000000, 53, 11.58 W
2026/09/20 21:23:08.945, 2398 MHz, 0x0000000000000000, 53, 11.59 W
2026/09/20 21:23:09.946, 2398 MHz, 0x0000000000000000, 53, 11.57 W
2026/09/20 21:23:10.946, 2398 MHz, 0x0000000000000000, 53, 11.59 W
2026/09/20 21:23:11.947, 2398 MHz, 0x0000000000000000, 53, 11.58 W
2026/09/20 21:23:12.948, 2398 MHz, 0x0000000000000000, 53, 11.62 W
2026/09/20 21:23:13.948, 2398 MHz, 0x0000000000000000, 53, 11.59 W
2026/09/20 21:23:14.949, 2398 MHz, 0x0000000000000000, 53, 11.57 W
2026/09/20 21:23:15.950, 2398 MHz, 0x0000000000000000, 53, 11.58 W
2026/09/20 21:23:16.951, 2398 MHz, 0x0000000000000000, 53, 11.55 W
2026/09/20 21:23:17.952, 2398 MHz, 0x0000000000000000, 53, 11.56 W
2026/09/20 21:23:18.952, 2398 MHz, 0x0000000000000000, 53, 11.63 W
2026/09/20 21:23:19.953, 2398 MHz, 0x0000000000000000, 53, 11.60 W
2026/09/20 21:23:20.954, 2398 MHz, 0x0000000000000000, 53, 11.61 W
2026/09/20 21:23:21.955, 2398 MHz, 0x0000000000000000, 53, 11.59 W
2026/09/20 21:23:22.955, 2398 MHz, 0x0000000000000000, 53, 11.57 W
2026/09/20 21:23:23.956, 2398 MHz, 0x0000000000000000, 53, 11.60 W
2026/09/20 21:23:24.957, 2398 MHz, 0x0000000000000000, 53, 11.57 W
2026/09/20 21:23:25.958, 2398 MHz, 0x0000000000000000, 53, 11.55 W
2026/09/20 21:23:26.958, 2398 MHz, 0x0000000000000000, 53, 11.57 W
2026/09/20 21:23:27.959, 2405 MHz, 0x0000000000000000, 53, 11.67 W
2026/09/20 21:23:28.960, 2398 MHz, 0x0000000000000000, 53, 12.69 W
2026/09/20 21:23:29.960, 2398 MHz, 0x0000000000000000, 53, 11.48 W
2026/09/20 21:23:30.961, 2398 MHz, 0x0000000000000000, 53, 11.47 W
2026/09/20 21:23:31.962, 2398 MHz, 0x0000000000000000, 53, 11.48 W
2026/09/20 21:23:32.962, 2398 MHz, 0x0000000000000000, 53, 11.47 W
2026/09/20 21:23:33.963, 2398 MHz, 0x0000000000000000, 53, 11.44 W
2026/09/20 21:23:34.964, 2398 MHz, 0x0000000000000000, 53, 11.48 W
2026/09/20 21:23:35.965, 2398 MHz, 0x0000000000000000, 53, 11.46 W
2026/09/20 21:23:36.965, 2398 MHz, 0x0000000000000000, 53, 11.47 W
2026/09/20 21:23:37.966, 2398 MHz, 0x0000000000000000, 53, 11.47 W
2026/09/20 21:23:38.966, 2398 MHz, 0x0000000000000000, 53, 11.45 W
2026/09/20 21:23:39.967, 2398 MHz, 0x0000000000000000, 53, 11.44 W
2026/09/20 21:23:40.968, 2398 MHz, 0x0000000000000000, 53, 11.43 W
2026/09/20 21:23:41.969, 2398 MHz, 0x0000000000000000, 53, 11.45 W
2026/09/20 21:23:42.969, 2398 MHz, 0x0000000000000000, 53, 11.41 W
2026/09/20 21:23:43.970, 2398 MHz, 0x0000000000000000, 53, 11.39 W
2026/09/20 21:23:44.970, 2398 MHz, 0x0000000000000000, 53, 11.43 W
2026/09/20 21:23:45.971, 2398 MHz, 0x0000000000000000, 53, 11.42 W
2026/09/20 21:23:46.971, 2398 MHz, 0x0000000000000000, 53, 11.42 W
2026/09/20 21:23:47.972, 2398 MHz, 0x0000000000000000, 53, 11.37 W
2026/09/20 21:23:48.972, 2398 MHz, 0x0000000000000000, 53, 11.38 W
2026/09/20 21:23:49.973, 2398 MHz, 0x0000000000000000, 53, 11.41 W
2026/09/20 21:23:50.973, 2398 MHz, 0x0000000000000000, 53, 11.41 W
2026/09/20 21:23:51.974, 2398 MHz, 0x0000000000000000, 52, 11.40 W
2026/09/20 21:23:52.974, 2398 MHz, 0x0000000000000000, 53, 11.44 W
2026/09/20 21:23:53.975, 2398 MHz, 0x0000000000000000, 52, 11.45 W
2026/09/20 21:23:54.975, 2398 MHz, 0x0000000000000000, 52, 11.42 W
2026/09/20 21:23:55.976, 2398 MHz, 0x0000000000000000, 52, 11.36 W
2026/09/20 21:23:56.977, 2398 MHz, 0x0000000000000000, 52, 11.34 W
2026/09/20 21:23:57.978, 2398 MHz, 0x0000000000000000, 52, 11.36 W
2026/09/20 21:23:58.978, 2398 MHz, 0x0000000000000000, 52, 11.42 W
2026/09/20 21:23:59.979, 2398 MHz, 0x0000000000000000, 52, 11.38 W
2026/09/20 21:24:00.979, 2398 MHz, 0x0000000000000000, 52, 11.36 W
2026/09/20 21:24:01.980, 2398 MHz, 0x0000000000000000, 53, 12.54 W
2026/09/20 21:24:02.980, 2398 MHz, 0x0000000000000000, 52, 11.44 W
2026/09/20 21:24:03.981, 2398 MHz, 0x0000000000000000, 52, 11.39 W
2026/09/20 21:24:04.982, 2398 MHz, 0x0000000000000000, 52, 11.36 W
2026/09/20 21:24:05.983, 2398 MHz, 0x0000000000000000, 52, 11.36 W
2026/09/20 21:24:06.983, 2398 MHz, 0x0000000000000000, 52, 11.42 W
2026/09/20 21:24:07.984, 2398 MHz, 0x0000000000000000, 52, 11.41 W
2026/09/20 21:24:08.985, 2398 MHz, 0x0000000000000000, 52, 11.35 W
2026/09/20 21:24:09.985, 2398 MHz, 0x0000000000000000, 52, 11.36 W
2026/09/20 21:24:10.986, 2398 MHz, 0x0000000000000000, 52, 11.35 W
2026/09/20 21:24:11.987, 2398 MHz, 0x0000000000000000, 52, 11.34 W
2026/09/20 21:24:12.987, 2398 MHz, 0x0000000000000000, 52, 11.34 W
2026/09/20 21:24:13.988, 2398 MHz, 0x0000000000000000, 52, 11.39 W
2026/09/20 21:24:14.989, 2398 MHz, 0x0000000000000000, 52, 11.39 W
2026/09/20 21:24:15.990, 2398 MHz, 0x0000000000000000, 52, 11.42 W
2026/09/20 21:24:16.991, 2398 MHz, 0x0000000000000000, 52, 11.40 W
2026/09/20 21:24:17.992, 2398 MHz, 0x0000000000000000, 52, 11.34 W
2026/09/20 21:24:18.993, 2398 MHz, 0x0000000000000000, 52, 11.40 W
2026/09/20 21:24:19.994, 2398 MHz, 0x0000000000000000, 52, 11.42 W
2026/09/20 21:24:20.994, 2398 MHz, 0x0000000000000000, 52, 11.39 W
2026/09/20 21:24:21.995, 2398 MHz, 0x0000000000000000, 52, 11.38 W
2026/09/20 21:24:22.995, 2398 MHz, 0x0000000000000000, 52, 11.36 W
2026/09/20 21:24:23.996, 2398 MHz, 0x0000000000000000, 52, 11.35 W
2026/09/20 21:24:24.997, 2398 MHz, 0x0000000000000000, 52, 11.33 W
2026/09/20 21:24:25.998, 2398 MHz, 0x0000000000000000, 52, 11.34 W
2026/09/20 21:24:26.999, 2398 MHz, 0x0000000000000000, 52, 11.35 W
2026/09/20 21:24:28.000, 2398 MHz, 0x0000000000000000, 52, 11.34 W
2026/09/20 21:24:29.001, 2398 MHz, 0x0000000000000000, 52, 11.36 W
2026/09/20 21:24:30.001, 2398 MHz, 0x0000000000000000, 52, 11.36 W
2026/09/20 21:24:31.002, 2398 MHz, 0x0000000000000000, 52, 11.34 W
2026/09/20 21:24:32.003, 2398 MHz, 0x0000000000000000, 52, 11.32 W
2026/09/20 21:24:33.004, 2398 MHz, 0x0000000000000000, 52, 11.34 W
2026/09/20 21:24:34.004, 2398 MHz, 0x0000000000000000, 52, 11.38 W
2026/09/20 21:24:35.005, 2398 MHz, 0x0000000000000000, 52, 12.56 W
2026/09/20 21:24:36.006, 2398 MHz, 0x0000000000000000, 52, 11.35 W
2026/09/20 21:24:37.006, 2398 MHz, 0x0000000000000000, 52, 11.40 W
2026/09/20 21:24:38.007, 2398 MHz, 0x0000000000000000, 52, 11.39 W
2026/09/20 21:24:39.008, 2398 MHz, 0x0000000000000000, 52, 11.40 W
2026/09/20 21:24:40.009, 2398 MHz, 0x0000000000000000, 52, 11.36 W
2026/09/20 21:24:41.010, 2398 MHz, 0x0000000000000000, 52, 11.39 W
2026/09/20 21:24:42.010, 2398 MHz, 0x0000000000000000, 52, 11.39 W
2026/09/20 21:24:43.011, 2398 MHz, 0x0000000000000000, 52, 11.36 W
2026/09/20 21:24:44.012, 2398 MHz, 0x0000000000000000, 52, 11.37 W
2026/09/20 21:24:45.012, 2398 MHz, 0x0000000000000000, 52, 11.32 W
2026/09/20 21:24:46.013, 2398 MHz, 0x0000000000000000, 52, 11.37 W
2026/09/20 21:24:47.014, 2398 MHz, 0x0000000000000000, 52, 11.34 W
2026/09/20 21:24:48.015, 2398 MHz, 0x0000000000000000, 52, 11.33 W
2026/09/20 21:24:49.015, 2398 MHz, 0x0000000000000000, 52, 11.34 W
2026/09/20 21:24:50.016, 2398 MHz, 0x0000000000000000, 52, 11.32 W
2026/09/20 21:24:51.016, 2398 MHz, 0x0000000000000000, 52, 11.33 W
2026/09/20 21:24:52.017, 2398 MHz, 0x0000000000000000, 52, 11.39 W
2026/09/20 21:24:53.018, 2398 MHz, 0x0000000000000000, 52, 11.38 W
2026/09/20 21:24:54.019, 2398 MHz, 0x0000000000000000, 52, 11.38 W
2026/09/20 21:24:55.020, 2398 MHz, 0x0000000000000000, 52, 11.40 W
2026/09/20 21:24:56.020, 2398 MHz, 0x0000000000000000, 52, 11.37 W
2026/09/20 21:24:57.021, 2398 MHz, 0x0000000000000000, 52, 11.37 W
2026/09/20 21:24:58.021, 2398 MHz, 0x0000000000000000, 52, 11.39 W
2026/09/20 21:24:59.022, 2398 MHz, 0x0000000000000000, 52, 11.39 W
2026/09/20 21:25:00.022, 2398 MHz, 0x0000000000000000, 52, 11.34 W
2026/09/20 21:25:01.024, 2398 MHz, 0x0000000000000000, 52, 11.38 W
2026/09/20 21:25:02.024, 2398 MHz, 0x0000000000000000, 52, 11.38 W
2026/09/20 21:25:03.025, 2398 MHz, 0x0000000000000000, 52, 11.33 W
2026/09/20 21:25:04.025, 2398 MHz, 0x0000000000000000, 52, 11.34 W
2026/09/20 21:25:05.025, 2398 MHz, 0x0000000000000000, 52, 11.36 W
2026/09/20 21:25:06.026, 2398 MHz, 0x0000000000000000, 52, 11.35 W
2026/09/20 21:25:07.026, 2398 MHz, 0x0000000000000000, 52, 11.64 W
2026/09/20 21:25:08.026, 2398 MHz, 0x0000000000000000, 52, 12.18 W
2026/09/20 21:25:09.027, 2398 MHz, 0x0000000000000000, 52, 11.33 W
2026/09/20 21:25:10.028, 2398 MHz, 0x0000000000000000, 52, 11.31 W
2026/09/20 21:25:11.028, 2398 MHz, 0x0000000000000000, 52, 11.33 W
2026/09/20 21:25:12.028, 2398 MHz, 0x0000000000000000, 52, 11.30 W
2026/09/20 21:25:13.029, 2398 MHz, 0x0000000000000000, 52, 11.30 W
2026/09/20 21:25:14.030, 2398 MHz, 0x0000000000000000, 52, 11.33 W
2026/09/20 21:25:15.030, 2398 MHz, 0x0000000000000000, 52, 11.29 W
2026/09/20 21:25:16.031, 2398 MHz, 0x0000000000000000, 52, 11.30 W
2026/09/20 21:25:17.031, 2398 MHz, 0x0000000000000000, 52, 11.29 W
2026/09/20 21:25:18.032, 2398 MHz, 0x0000000000000000, 52, 11.29 W
2026/09/20 21:25:19.032, 2398 MHz, 0x0000000000000000, 52, 11.28 W
2026/09/20 21:25:20.033, 2398 MHz, 0x0000000000000000, 52, 11.27 W
2026/09/20 21:25:21.034, 2398 MHz, 0x0000000000000000, 52, 11.25 W
2026/09/20 21:25:22.034, 2398 MHz, 0x0000000000000000, 52, 11.26 W
2026/09/20 21:25:23.035, 2398 MHz, 0x0000000000000000, 52, 11.26 W
2026/09/20 21:25:24.035, 2398 MHz, 0x0000000000000000, 52, 11.27 W
2026/09/20 21:25:25.036, 2398 MHz, 0x0000000000000000, 52, 11.30 W
2026/09/20 21:25:26.037, 2398 MHz, 0x0000000000000000, 52, 11.27 W
2026/09/20 21:25:27.038, 2398 MHz, 0x0000000000000000, 52, 11.23 W
2026/09/20 21:25:28.039, 2398 MHz, 0x0000000000000000, 52, 11.24 W
2026/09/20 21:25:29.039, 2398 MHz, 0x0000000000000000, 51, 11.26 W
2026/09/20 21:25:30.040, 2398 MHz, 0x0000000000000000, 51, 11.23 W
2026/09/20 21:25:31.041, 2398 MHz, 0x0000000000000000, 51, 11.26 W
2026/09/20 21:25:32.042, 2398 MHz, 0x0000000000000000, 51, 11.23 W
2026/09/20 21:25:33.042, 2398 MHz, 0x0000000000000000, 51, 11.29 W
2026/09/20 21:25:34.043, 2398 MHz, 0x0000000000000000, 51, 11.32 W
2026/09/20 21:25:35.044, 2398 MHz, 0x0000000000000000, 51, 11.30 W
2026/09/20 21:25:36.045, 2398 MHz, 0x0000000000000000, 51, 11.27 W
2026/09/20 21:25:37.046, 2398 MHz, 0x0000000000000000, 51, 11.29 W
2026/09/20 21:25:38.047, 2398 MHz, 0x0000000000000000, 51, 11.25 W
2026/09/20 21:25:39.048, 2398 MHz, 0x0000000000000000, 51, 11.25 W
2026/09/20 21:25:40.048, 2398 MHz, 0x0000000000000000, 51, 11.26 W
2026/09/20 21:25:41.049, 2398 MHz, 0x0000000000000000, 51, 12.34 W
2026/09/20 21:25:42.049, 2398 MHz, 0x0000000000000000, 51, 11.27 W
2026/09/20 21:25:43.050, 2398 MHz, 0x0000000000000000, 51, 11.21 W
2026/09/20 21:25:44.051, 2398 MHz, 0x0000000000000000, 51, 11.26 W
2026/09/20 21:25:45.052, 2398 MHz, 0x0000000000000000, 51, 11.25 W
2026/09/20 21:25:46.052, 2398 MHz, 0x0000000000000000, 51, 11.24 W
2026/09/20 21:25:47.053, 2398 MHz, 0x0000000000000000, 51, 11.25 W
2026/09/20 21:25:48.054, 2398 MHz, 0x0000000000000000, 51, 11.27 W
2026/09/20 21:25:49.054, 2398 MHz, 0x0000000000000000, 51, 11.25 W
2026/09/20 21:25:50.055, 2398 MHz, 0x0000000000000000, 51, 11.23 W
2026/09/20 21:25:51.056, 2398 MHz, 0x0000000000000000, 51, 11.22 W
2026/09/20 21:25:52.057, 2398 MHz, 0x0000000000000000, 51, 11.25 W
2026/09/20 21:25:53.057, 2398 MHz, 0x0000000000000000, 51, 11.23 W
2026/09/20 21:25:54.058, 2398 MHz, 0x0000000000000000, 51, 11.25 W
2026/09/20 21:25:55.059, 2398 MHz, 0x0000000000000000, 51, 11.26 W
2026/09/20 21:25:56.059, 2398 MHz, 0x0000000000000000, 51, 11.22 W
2026/09/20 21:25:57.060, 2398 MHz, 0x0000000000000000, 51, 11.25 W
2026/09/20 21:25:58.060, 2398 MHz, 0x0000000000000000, 51, 11.23 W
2026/09/20 21:25:59.061, 2398 MHz, 0x0000000000000000, 51, 11.23 W
2026/09/20 21:26:00.062, 2398 MHz, 0x0000000000000000, 51, 11.24 W
2026/09/20 21:26:01.062, 2398 MHz, 0x0000000000000000, 51, 11.24 W
2026/09/20 21:26:02.063, 2398 MHz, 0x0000000000000000, 51, 11.20 W
2026/09/20 21:26:03.063, 2398 MHz, 0x0000000000000000, 51, 11.19 W
2026/09/20 21:26:04.064, 2398 MHz, 0x0000000000000000, 51, 11.16 W
2026/09/20 21:26:05.064, 2398 MHz, 0x0000000000000000, 51, 11.11 W
2026/09/20 21:26:06.065, 2398 MHz, 0x0000000000000000, 51, 11.11 W
2026/09/20 21:26:07.066, 2398 MHz, 0x0000000000000000, 51, 11.10 W
2026/09/20 21:26:08.066, 2398 MHz, 0x0000000000000000, 51, 11.13 W
2026/09/20 21:26:09.067, 2398 MHz, 0x0000000000000000, 51, 11.14 W
2026/09/20 21:26:10.068, 2398 MHz, 0x0000000000000000, 51, 11.12 W
2026/09/20 21:26:11.068, 2398 MHz, 0x0000000000000000, 51, 11.09 W
2026/09/20 21:26:12.069, 2398 MHz, 0x0000000000000000, 51, 11.09 W
2026/09/20 21:26:13.070, 2398 MHz, 0x0000000000000000, 51, 11.38 W
2026/09/20 21:26:14.070, 2398 MHz, 0x0000000000000000, 51, 12.09 W
2026/09/20 21:26:15.071, 2398 MHz, 0x0000000000000000, 51, 11.11 W
2026/09/20 21:26:16.072, 2398 MHz, 0x0000000000000000, 51, 11.15 W
2026/09/20 21:26:17.073, 2398 MHz, 0x0000000000000000, 51, 11.14 W
2026/09/20 21:26:18.073, 2398 MHz, 0x0000000000000000, 51, 11.12 W
2026/09/20 21:26:19.074, 2398 MHz, 0x0000000000000000, 51, 11.12 W
2026/09/20 21:26:20.075, 2398 MHz, 0x0000000000000000, 51, 11.10 W
2026/09/20 21:26:21.075, 2398 MHz, 0x0000000000000000, 51, 11.07 W
2026/09/20 21:26:22.076, 2398 MHz, 0x0000000000000000, 51, 11.07 W
2026/09/20 21:26:23.077, 2398 MHz, 0x0000000000000000, 51, 11.05 W
2026/09/20 21:26:24.078, 2398 MHz, 0x0000000000000000, 51, 11.05 W
2026/09/20 21:26:25.079, 2398 MHz, 0x0000000000000000, 51, 11.05 W
2026/09/20 21:26:26.079, 2398 MHz, 0x0000000000000000, 51, 11.03 W
2026/09/20 21:26:27.080, 2398 MHz, 0x0000000000000000, 51, 11.03 W
2026/09/20 21:26:28.080, 2398 MHz, 0x0000000000000000, 51, 11.04 W
2026/09/20 21:26:29.081, 2398 MHz, 0x0000000000000000, 51, 11.04 W
2026/09/20 21:26:30.081, 2398 MHz, 0x0000000000000000, 51, 11.05 W
2026/09/20 21:26:31.082, 2398 MHz, 0x0000000000000000, 51, 11.05 W
2026/09/20 21:26:32.083, 2398 MHz, 0x0000000000000000, 51, 11.05 W
2026/09/20 21:26:33.083, 2398 MHz, 0x0000000000000000, 51, 11.05 W
2026/09/20 21:26:34.084, 2398 MHz, 0x0000000000000000, 51, 11.10 W
2026/09/20 21:26:35.085, 2398 MHz, 0x0000000000000000, 51, 11.08 W
2026/09/20 21:26:36.086, 2398 MHz, 0x0000000000000000, 51, 11.07 W
2026/09/20 21:26:37.086, 2398 MHz, 0x0000000000000000, 51, 11.11 W
2026/09/20 21:26:38.087, 2398 MHz, 0x0000000000000000, 51, 11.10 W
2026/09/20 21:26:39.088, 2398 MHz, 0x0000000000000000, 51, 11.11 W
2026/09/20 21:26:40.089, 2398 MHz, 0x0000000000000000, 51, 11.06 W
2026/09/20 21:26:41.090, 2398 MHz, 0x0000000000000000, 51, 11.05 W
2026/09/20 21:26:42.091, 2398 MHz, 0x0000000000000000, 51, 11.07 W
2026/09/20 21:26:43.091, 2398 MHz, 0x0000000000000000, 51, 11.05 W
2026/09/20 21:26:44.092, 2398 MHz, 0x0000000000000000, 51, 11.07 W
2026/09/20 21:26:45.093, 2398 MHz, 0x0000000000000000, 51, 11.04 W
2026/09/20 21:26:46.093, 2398 MHz, 0x0000000000000000, 51, 11.76 W
2026/09/20 21:26:47.094, 2398 MHz, 0x0000000000000000, 51, 11.65 W
2026/09/20 21:26:48.095, 2398 MHz, 0x0000000000000000, 51, 11.09 W
2026/09/20 21:26:49.096, 2398 MHz, 0x0000000000000000, 51, 11.07 W
2026/09/20 21:26:50.097, 2398 MHz, 0x0000000000000000, 51, 11.05 W
2026/09/20 21:26:51.097, 2398 MHz, 0x0000000000000000, 51, 11.06 W
2026/09/20 21:26:52.098, 2398 MHz, 0x0000000000000000, 51, 11.07 W
2026/09/20 21:26:53.099, 2398 MHz, 0x0000000000000000, 51, 11.04 W
2026/09/20 21:26:54.100, 2398 MHz, 0x0000000000000000, 51, 11.03 W
2026/09/20 21:26:55.101, 2398 MHz, 0x0000000000000000, 51, 11.05 W
2026/09/20 21:26:56.102, 2398 MHz, 0x0000000000000000, 51, 11.05 W
2026/09/20 21:26:57.102, 2398 MHz, 0x0000000000000000, 51, 11.06 W
2026/09/20 21:26:58.103, 2398 MHz, 0x0000000000000000, 51, 11.06 W
2026/09/20 21:26:59.104, 2398 MHz, 0x0000000000000000, 51, 11.09 W
2026/09/20 21:27:00.105, 2398 MHz, 0x0000000000000000, 51, 11.05 W
2026/09/20 21:27:01.105, 2398 MHz, 0x0000000000000000, 51, 11.04 W
2026/09/20 21:27:02.106, 2398 MHz, 0x0000000000000000, 51, 11.02 W
2026/09/20 21:27:03.107, 2398 MHz, 0x0000000000000000, 51, 11.01 W
2026/09/20 21:27:04.108, 2398 MHz, 0x0000000000000000, 51, 11.02 W
2026/09/20 21:27:05.108, 2398 MHz, 0x0000000000000000, 51, 11.02 W
2026/09/20 21:27:06.109, 2398 MHz, 0x0000000000000000, 51, 10.97 W
2026/09/20 21:27:07.110, 2398 MHz, 0x0000000000000000, 51, 10.97 W
2026/09/20 21:27:08.110, 2398 MHz, 0x0000000000000000, 51, 11.00 W
2026/09/20 21:27:09.111, 2398 MHz, 0x0000000000000000, 51, 11.00 W
2026/09/20 21:27:10.112, 2398 MHz, 0x0000000000000000, 51, 11.01 W
2026/09/20 21:27:11.113, 2398 MHz, 0x0000000000000000, 51, 11.02 W
2026/09/20 21:27:12.114, 2398 MHz, 0x0000000000000000, 51, 10.99 W
2026/09/20 21:27:13.114, 2398 MHz, 0x0000000000000000, 51, 11.00 W
2026/09/20 21:27:14.115, 2398 MHz, 0x0000000000000000, 51, 11.03 W
2026/09/20 21:27:15.116, 2398 MHz, 0x0000000000000000, 51, 11.03 W
2026/09/20 21:27:16.116, 2398 MHz, 0x0000000000000000, 51, 11.04 W
2026/09/20 21:27:17.117, 2398 MHz, 0x0000000000000000, 51, 11.04 W
2026/09/20 21:27:18.118, 2398 MHz, 0x0000000000000000, 51, 11.01 W
2026/09/20 21:27:19.119, 2398 MHz, 0x0000000000000000, 51, 12.09 W
2026/09/20 21:27:20.120, 2398 MHz, 0x0000000000000000, 51, 11.25 W
2026/09/20 21:27:21.121, 2398 MHz, 0x0000000000000000, 51, 11.01 W
2026/09/20 21:27:22.122, 2398 MHz, 0x0000000000000000, 50, 11.03 W
2026/09/20 21:27:23.122, 2398 MHz, 0x0000000000000000, 50, 11.01 W
2026/09/20 21:27:24.123, 2398 MHz, 0x0000000000000000, 50, 11.03 W
2026/09/20 21:27:25.124, 2398 MHz, 0x0000000000000000, 50, 11.04 W
2026/09/20 21:27:26.125, 2398 MHz, 0x0000000000000000, 50, 11.05 W
2026/09/20 21:27:27.127, 2398 MHz, 0x0000000000000000, 50, 11.01 W
2026/09/20 21:27:28.128, 2398 MHz, 0x0000000000000000, 50, 11.00 W
2026/09/20 21:27:29.128, 2398 MHz, 0x0000000000000000, 50, 10.99 W
2026/09/20 21:27:30.129, 2398 MHz, 0x0000000000000000, 50, 11.01 W
2026/09/20 21:27:31.130, 2398 MHz, 0x0000000000000000, 50, 10.99 W
2026/09/20 21:27:32.131, 2398 MHz, 0x0000000000000000, 50, 11.01 W
2026/09/20 21:27:33.131, 2398 MHz, 0x0000000000000000, 50, 11.06 W
2026/09/20 21:27:34.132, 2398 MHz, 0x0000000000000000, 50, 11.03 W
2026/09/20 21:27:35.133, 2398 MHz, 0x0000000000000000, 50, 11.04 W
2026/09/20 21:27:36.134, 2398 MHz, 0x0000000000000000, 50, 11.06 W
2026/09/20 21:27:37.135, 2398 MHz, 0x0000000000000000, 50, 11.06 W
2026/09/20 21:27:38.136, 2398 MHz, 0x0000000000000000, 50, 11.02 W
2026/09/20 21:27:39.137, 2398 MHz, 0x0000000000000000, 50, 11.06 W
2026/09/20 21:27:40.137, 2398 MHz, 0x0000000000000000, 50, 11.06 W
2026/09/20 21:27:41.138, 2398 MHz, 0x0000000000000000, 50, 11.02 W
2026/09/20 21:27:42.138, 2398 MHz, 0x0000000000000000, 50, 10.96 W
2026/09/20 21:27:43.139, 2398 MHz, 0x0000000000000000, 50, 10.97 W
2026/09/20 21:27:44.140, 2398 MHz, 0x0000000000000000, 50, 11.01 W
2026/09/20 21:27:45.141, 2398 MHz, 0x0000000000000000, 50, 11.02 W
2026/09/20 21:27:46.141, 2398 MHz, 0x0000000000000000, 50, 10.99 W
2026/09/20 21:27:47.142, 2398 MHz, 0x0000000000000000, 50, 11.00 W
2026/09/20 21:27:48.143, 2398 MHz, 0x0000000000000000, 50, 11.00 W
2026/09/20 21:27:49.144, 2398 MHz, 0x0000000000000000, 50, 11.03 W
2026/09/20 21:27:50.144, 2398 MHz, 0x0000000000000000, 50, 11.05 W
2026/09/20 21:27:51.145, 2398 MHz, 0x0000000000000000, 50, 11.06 W
2026/09/20 21:27:52.146, 2398 MHz, 0x0000000000000000, 51, 11.71 W
2026/09/20 21:27:53.146, 2398 MHz, 0x0000000000000000, 50, 11.63 W
2026/09/20 21:27:54.147, 2398 MHz, 0x0000000000000000, 50, 11.06 W
2026/09/20 21:27:55.148, 2398 MHz, 0x0000000000000000, 50, 11.06 W
2026/09/20 21:27:56.149, 2398 MHz, 0x0000000000000000, 50, 11.02 W
2026/09/20 21:27:57.150, 2398 MHz, 0x0000000000000000, 50, 11.02 W
2026/09/20 21:27:58.150, 2398 MHz, 0x0000000000000000, 50, 10.99 W
2026/09/20 21:27:59.151, 2398 MHz, 0x0000000000000000, 50, 10.99 W
2026/09/20 21:28:00.152, 2398 MHz, 0x0000000000000000, 50, 11.01 W
2026/09/20 21:28:01.152, 2398 MHz, 0x0000000000000000, 50, 10.98 W
2026/09/20 21:28:02.153, 2398 MHz, 0x0000000000000000, 50, 11.02 W
2026/09/20 21:28:03.153, 2398 MHz, 0x0000000000000000, 50, 11.01 W
2026/09/20 21:28:04.154, 2398 MHz, 0x0000000000000000, 50, 11.02 W
2026/09/20 21:28:05.155, 2398 MHz, 0x0000000000000000, 50, 10.97 W
2026/09/20 21:28:06.156, 2398 MHz, 0x0000000000000000, 50, 10.99 W
2026/09/20 21:28:07.157, 2398 MHz, 0x0000000000000000, 50, 11.00 W
2026/09/20 21:28:08.158, 2398 MHz, 0x0000000000000000, 50, 10.99 W
2026/09/20 21:28:09.159, 2398 MHz, 0x0000000000000000, 50, 11.00 W
2026/09/20 21:28:10.159, 2398 MHz, 0x0000000000000000, 50, 10.98 W
2026/09/20 21:28:11.160, 2398 MHz, 0x0000000000000000, 50, 10.98 W
2026/09/20 21:28:12.161, 2398 MHz, 0x0000000000000000, 50, 10.96 W
2026/09/20 21:28:13.162, 2398 MHz, 0x0000000000000000, 50, 10.96 W
2026/09/20 21:28:14.163, 2398 MHz, 0x0000000000000000, 50, 10.99 W
2026/09/20 21:28:15.163, 2398 MHz, 0x0000000000000000, 50, 11.00 W
2026/09/20 21:28:16.164, 2398 MHz, 0x0000000000000000, 50, 10.97 W
2026/09/20 21:28:17.165, 2398 MHz, 0x0000000000000000, 50, 10.99 W
2026/09/20 21:28:18.166, 2398 MHz, 0x0000000000000000, 50, 10.98 W
2026/09/20 21:28:19.167, 2398 MHz, 0x0000000000000000, 50, 11.04 W
2026/09/20 21:28:20.167, 2398 MHz, 0x0000000000000000, 50, 10.98 W
2026/09/20 21:28:21.168, 2398 MHz, 0x0000000000000000, 50, 10.96 W
2026/09/20 21:28:22.169, 2398 MHz, 0x0000000000000000, 50, 10.93 W
2026/09/20 21:28:23.169, 2398 MHz, 0x0000000000000000, 50, 10.95 W
2026/09/20 21:28:24.170, 2398 MHz, 0x0000000000000000, 50, 10.95 W
2026/09/20 21:28:25.171, 2398 MHz, 0x0000000000000000, 50, 11.96 W
2026/09/20 21:28:26.172, 2398 MHz, 0x0000000000000000, 50, 11.17 W
2026/09/20 21:28:27.173, 2398 MHz, 0x0000000000000000, 50, 10.97 W
2026/09/20 21:28:28.173, 2398 MHz, 0x0000000000000000, 50, 10.97 W
2026/09/20 21:28:29.174, 2398 MHz, 0x0000000000000000, 50, 11.00 W
2026/09/20 21:28:30.175, 2398 MHz, 0x0000000000000000, 50, 10.94 W
2026/09/20 21:28:31.176, 2398 MHz, 0x0000000000000000, 50, 10.93 W
2026/09/20 21:28:32.176, 2398 MHz, 0x0000000000000000, 50, 10.95 W
2026/09/20 21:28:33.177, 2398 MHz, 0x0000000000000000, 50, 10.94 W
2026/09/20 21:28:34.177, 2398 MHz, 0x0000000000000000, 50, 10.90 W
2026/09/20 21:28:35.178, 2398 MHz, 0x0000000000000000, 50, 10.94 W
2026/09/20 21:28:36.179, 2398 MHz, 0x0000000000000000, 50, 10.91 W
2026/09/20 21:28:37.180, 2398 MHz, 0x0000000000000000, 50, 10.96 W
2026/09/20 21:28:38.180, 2398 MHz, 0x0000000000000000, 50, 10.96 W
2026/09/20 21:28:39.181, 2398 MHz, 0x0000000000000000, 50, 10.92 W
2026/09/20 21:28:40.182, 2398 MHz, 0x0000000000000000, 50, 10.91 W
2026/09/20 21:28:41.182, 2398 MHz, 0x0000000000000000, 50, 10.94 W
2026/09/20 21:28:42.183, 2398 MHz, 0x0000000000000000, 50, 10.91 W
2026/09/20 21:28:43.183, 2398 MHz, 0x0000000000000000, 50, 10.93 W
2026/09/20 21:28:44.184, 2398 MHz, 0x0000000000000000, 50, 10.98 W
2026/09/20 21:28:45.184, 2398 MHz, 0x0000000000000000, 50, 10.97 W
2026/09/20 21:28:46.184, 2398 MHz, 0x0000000000000000, 50, 10.97 W
2026/09/20 21:28:47.185, 2398 MHz, 0x0000000000000000, 50, 10.91 W
2026/09/20 21:28:48.185, 2398 MHz, 0x0000000000000000, 50, 10.91 W
2026/09/20 21:28:49.186, 2398 MHz, 0x0000000000000000, 50, 10.89 W
2026/09/20 21:28:50.186, 2398 MHz, 0x0000000000000000, 50, 10.91 W
2026/09/20 21:28:51.187, 2398 MHz, 0x0000000000000000, 50, 10.89 W
2026/09/20 21:28:52.188, 2398 MHz, 0x0000000000000000, 50, 10.88 W
2026/09/20 21:28:53.188, 2398 MHz, 0x0000000000000000, 50, 10.90 W
2026/09/20 21:28:54.189, 2398 MHz, 0x0000000000000000, 50, 10.91 W
2026/09/20 21:28:55.190, 2398 MHz, 0x0000000000000000, 50, 10.90 W
2026/09/20 21:28:56.191, 2398 MHz, 0x0000000000000000, 50, 10.90 W
2026/09/20 21:28:57.191, 2398 MHz, 0x0000000000000000, 50, 10.90 W
2026/09/20 21:28:58.192, 2398 MHz, 0x0000000000000000, 50, 11.99 W
2026/09/20 21:28:59.193, 2398 MHz, 0x0000000000000000, 50, 10.96 W
2026/09/20 21:29:00.194, 2398 MHz, 0x0000000000000000, 50, 10.93 W
2026/09/20 21:29:01.194, 2398 MHz, 0x0000000000000000, 50, 10.93 W
2026/09/20 21:29:02.195, 2398 MHz, 0x0000000000000000, 50, 10.92 W
2026/09/20 21:29:03.196, 2398 MHz, 0x0000000000000000, 50, 10.92 W
2026/09/20 21:29:04.197, 2398 MHz, 0x0000000000000000, 50, 10.90 W
2026/09/20 21:29:05.198, 2398 MHz, 0x0000000000000000, 50, 10.90 W
2026/09/20 21:29:06.198, 2398 MHz, 0x0000000000000000, 50, 10.91 W
2026/09/20 21:29:07.199, 2398 MHz, 0x0000000000000000, 50, 10.89 W
2026/09/20 21:29:08.200, 2398 MHz, 0x0000000000000000, 50, 10.88 W
2026/09/20 21:29:09.201, 2398 MHz, 0x0000000000000000, 50, 10.90 W
2026/09/20 21:29:10.201, 2398 MHz, 0x0000000000000000, 50, 10.89 W
2026/09/20 21:29:11.202, 2398 MHz, 0x0000000000000000, 50, 10.88 W
2026/09/20 21:29:12.202, 2398 MHz, 0x0000000000000000, 50, 10.90 W
2026/09/20 21:29:13.203, 2398 MHz, 0x0000000000000000, 50, 10.90 W
2026/09/20 21:29:14.204, 2398 MHz, 0x0000000000000000, 50, 10.89 W
2026/09/20 21:29:15.205, 2398 MHz, 0x0000000000000000, 50, 10.85 W
2026/09/20 21:29:16.206, 2398 MHz, 0x0000000000000000, 50, 10.87 W
2026/09/20 21:29:17.207, 2398 MHz, 0x0000000000000000, 50, 10.89 W
2026/09/20 21:29:18.207, 2398 MHz, 0x0000000000000000, 50, 10.88 W
2026/09/20 21:29:19.208, 2398 MHz, 0x0000000000000000, 50, 10.91 W
2026/09/20 21:29:20.209, 2398 MHz, 0x0000000000000000, 50, 10.92 W
2026/09/20 21:29:21.210, 2398 MHz, 0x0000000000000000, 50, 10.93 W
2026/09/20 21:29:22.211, 2398 MHz, 0x0000000000000000, 50, 10.89 W
2026/09/20 21:29:23.211, 2398 MHz, 0x0000000000000000, 50, 10.92 W
2026/09/20 21:29:24.212, 2398 MHz, 0x0000000000000000, 50, 10.90 W
2026/09/20 21:29:25.213, 2398 MHz, 0x0000000000000000, 50, 10.91 W
2026/09/20 21:29:26.214, 2398 MHz, 0x0000000000000000, 50, 10.87 W
2026/09/20 21:29:27.215, 2398 MHz, 0x0000000000000000, 50, 10.87 W
2026/09/20 21:29:28.216, 2398 MHz, 0x0000000000000000, 50, 10.87 W
2026/09/20 21:29:29.216, 2398 MHz, 0x0000000000000000, 50, 10.87 W
2026/09/20 21:29:30.216, 2398 MHz, 0x0000000000000000, 50, 10.98 W
2026/09/20 21:29:31.217, 2398 MHz, 0x0000000000000000, 50, 11.84 W
2026/09/20 21:29:32.218, 2398 MHz, 0x0000000000000000, 50, 10.88 W
2026/09/20 21:29:33.218, 2398 MHz, 0x0000000000000000, 50, 10.89 W
2026/09/20 21:29:34.219, 2398 MHz, 0x0000000000000000, 50, 10.90 W
2026/09/20 21:29:35.220, 2398 MHz, 0x0000000000000000, 50, 10.89 W
2026/09/20 21:29:36.220, 2398 MHz, 0x0000000000000000, 50, 10.87 W
2026/09/20 21:29:37.221, 2398 MHz, 0x0000000000000000, 50, 10.86 W
2026/09/20 21:29:38.222, 2398 MHz, 0x0000000000000000, 50, 10.85 W
2026/09/20 21:29:39.223, 2398 MHz, 0x0000000000000000, 50, 10.87 W
2026/09/20 21:29:40.223, 2398 MHz, 0x0000000000000000, 50, 10.85 W
2026/09/20 21:29:41.224, 2398 MHz, 0x0000000000000000, 50, 10.84 W
2026/09/20 21:29:42.225, 2398 MHz, 0x0000000000000000, 50, 10.85 W
2026/09/20 21:29:43.226, 2398 MHz, 0x0000000000000000, 50, 10.86 W
2026/09/20 21:29:44.227, 2398 MHz, 0x0000000000000000, 50, 10.87 W
2026/09/20 21:29:45.227, 2398 MHz, 0x0000000000000000, 50, 10.88 W
2026/09/20 21:29:46.228, 2398 MHz, 0x0000000000000000, 50, 10.88 W
2026/09/20 21:29:47.229, 2398 MHz, 0x0000000000000000, 50, 10.86 W
2026/09/20 21:29:48.230, 2398 MHz, 0x0000000000000000, 50, 10.85 W
2026/09/20 21:29:49.231, 2398 MHz, 0x0000000000000000, 50, 10.85 W
2026/09/20 21:29:50.231, 2398 MHz, 0x0000000000000000, 50, 10.84 W
2026/09/20 21:29:51.232, 2398 MHz, 0x0000000000000000, 50, 10.84 W
2026/09/20 21:29:52.233, 2398 MHz, 0x0000000000000000, 50, 10.81 W
2026/09/20 21:29:53.233, 2398 MHz, 0x0000000000000000, 50, 10.84 W
2026/09/20 21:29:54.234, 2398 MHz, 0x0000000000000000, 50, 10.85 W
2026/09/20 21:29:55.235, 2398 MHz, 0x0000000000000000, 50, 10.88 W
2026/09/20 21:29:56.236, 2398 MHz, 0x0000000000000000, 50, 10.87 W
2026/09/20 21:29:57.236, 2398 MHz, 0x0000000000000000, 50, 10.88 W
2026/09/20 21:29:58.237, 2398 MHz, 0x0000000000000000, 50, 10.85 W
2026/09/20 21:29:59.237, 2398 MHz, 0x0000000000000000, 50, 10.84 W
2026/09/20 21:30:00.238, 2398 MHz, 0x0000000000000000, 50, 10.85 W
2026/09/20 21:30:01.239, 2398 MHz, 0x0000000000000000, 50, 10.88 W
2026/09/20 21:30:02.239, 2398 MHz, 0x0000000000000000, 50, 10.87 W
2026/09/20 21:30:03.240, 2398 MHz, 0x0000000000000000, 50, 11.29 W
2026/09/20 21:30:04.240, 2398 MHz, 0x0000000000000000, 50, 11.54 W
2026/09/20 21:30:05.241, 2398 MHz, 0x0000000000000000, 50, 10.88 W
2026/09/20 21:30:06.242, 2398 MHz, 0x0000000000000000, 50, 10.86 W
2026/09/20 21:30:07.242, 2398 MHz, 0x0000000000000000, 50, 10.87 W
2026/09/20 21:30:08.242, 2398 MHz, 0x0000000000000000, 50, 10.91 W
2026/09/20 21:30:09.243, 2398 MHz, 0x0000000000000000, 50, 10.86 W
2026/09/20 21:30:10.244, 2398 MHz, 0x0000000000000000, 50, 10.86 W
2026/09/20 21:30:11.245, 2398 MHz, 0x0000000000000000, 50, 10.87 W
2026/09/20 21:30:12.245, 2398 MHz, 0x0000000000000000, 50, 10.87 W
2026/09/20 21:30:13.245, 2398 MHz, 0x0000000000000000, 50, 10.87 W
2026/09/20 21:30:14.246, 2398 MHz, 0x0000000000000000, 50, 10.87 W
2026/09/20 21:30:15.246, 2398 MHz, 0x0000000000000000, 50, 10.85 W
2026/09/20 21:30:16.247, 2398 MHz, 0x0000000000000000, 50, 10.85 W
2026/09/20 21:30:17.247, 2398 MHz, 0x0000000000000000, 50, 10.87 W
2026/09/20 21:30:18.247, 2398 MHz, 0x0000000000000000, 49, 10.88 W
2026/09/20 21:30:19.248, 2398 MHz, 0x0000000000000000, 49, 10.87 W
2026/09/20 21:30:20.248, 2398 MHz, 0x0000000000000000, 49, 10.86 W
2026/09/20 21:30:21.248, 2398 MHz, 0x0000000000000000, 50, 10.88 W
2026/09/20 21:30:22.249, 2398 MHz, 0x0000000000000000, 50, 10.87 W
2026/09/20 21:30:23.250, 2398 MHz, 0x0000000000000000, 49, 10.92 W
2026/09/20 21:30:24.251, 2398 MHz, 0x0000000000000000, 49, 10.90 W
2026/09/20 21:30:25.252, 2398 MHz, 0x0000000000000000, 49, 10.89 W
2026/09/20 21:30:26.253, 2398 MHz, 0x0000000000000000, 49, 10.89 W
2026/09/20 21:30:27.253, 2398 MHz, 0x0000000000000000, 49, 10.89 W
2026/09/20 21:30:28.254, 2398 MHz, 0x0000000000000000, 49, 10.88 W
2026/09/20 21:30:29.255, 2398 MHz, 0x0000000000000000, 49, 10.86 W
2026/09/20 21:30:30.256, 2398 MHz, 0x0000000000000000, 49, 10.85 W
2026/09/20 21:30:31.256, 2398 MHz, 0x0000000000000000, 49, 10.83 W
2026/09/20 21:30:32.257, 2398 MHz, 0x0000000000000000, 49, 10.83 W
2026/09/20 21:30:33.258, 2398 MHz, 0x0000000000000000, 49, 10.82 W
2026/09/20 21:30:34.259, 2398 MHz, 0x0000000000000000, 49, 10.84 W
2026/09/20 21:30:35.260, 2398 MHz, 0x0000000000000000, 49, 10.84 W
2026/09/20 21:30:36.260, 2398 MHz, 0x0000000000000000, 50, 11.65 W
2026/09/20 21:30:37.261, 2398 MHz, 0x0000000000000000, 49, 11.30 W
2026/09/20 21:30:38.261, 2398 MHz, 0x0000000000000000, 49, 10.88 W
2026/09/20 21:30:39.262, 2398 MHz, 0x0000000000000000, 49, 10.85 W
2026/09/20 21:30:40.263, 2398 MHz, 0x0000000000000000, 49, 10.83 W
2026/09/20 21:30:41.264, 2398 MHz, 0x0000000000000000, 49, 10.83 W
2026/09/20 21:30:42.264, 2398 MHz, 0x0000000000000000, 49, 10.82 W
2026/09/20 21:30:43.265, 2398 MHz, 0x0000000000000000, 49, 10.82 W
2026/09/20 21:30:44.265, 2398 MHz, 0x0000000000000000, 49, 10.85 W
2026/09/20 21:30:45.266, 2398 MHz, 0x0000000000000000, 49, 10.84 W
2026/09/20 21:30:46.267, 2398 MHz, 0x0000000000000000, 49, 10.80 W
2026/09/20 21:30:47.267, 2398 MHz, 0x0000000000000000, 49, 10.81 W
2026/09/20 21:30:48.268, 2398 MHz, 0x0000000000000000, 49, 10.81 W
2026/09/20 21:30:49.269, 2398 MHz, 0x0000000000000000, 49, 10.81 W
2026/09/20 21:30:50.270, 2398 MHz, 0x0000000000000000, 49, 10.80 W
2026/09/20 21:30:51.271, 2398 MHz, 0x0000000000000000, 49, 10.81 W
2026/09/20 21:30:52.271, 2398 MHz, 0x0000000000000000, 49, 10.79 W
2026/09/20 21:30:53.272, 2398 MHz, 0x0000000000000000, 49, 10.80 W
2026/09/20 21:30:54.272, 2398 MHz, 0x0000000000000000, 49, 10.81 W
2026/09/20 21:30:55.273, 2398 MHz, 0x0000000000000000, 49, 10.81 W
2026/09/20 21:30:56.274, 2398 MHz, 0x0000000000000000, 49, 10.80 W
2026/09/20 21:30:57.275, 2398 MHz, 0x0000000000000000, 49, 10.79 W
2026/09/20 21:30:58.276, 2398 MHz, 0x0000000000000000, 49, 10.76 W
2026/09/20 21:30:59.276, 2398 MHz, 0x0000000000000000, 49, 10.80 W
2026/09/20 21:31:00.277, 2398 MHz, 0x0000000000000000, 49, 10.78 W
2026/09/20 21:31:01.278, 2398 MHz, 0x0000000000000000, 49, 10.80 W
2026/09/20 21:31:02.279, 2398 MHz, 0x0000000000000000, 49, 10.78 W
2026/09/20 21:31:03.280, 2398 MHz, 0x0000000000000000, 49, 10.82 W
2026/09/20 21:31:04.281, 2398 MHz, 0x0000000000000000, 49, 10.82 W
2026/09/20 21:31:05.281, 2398 MHz, 0x0000000000000000, 49, 10.84 W
2026/09/20 21:31:06.281, 2398 MHz, 0x0000000000000000, 49, 10.84 W
2026/09/20 21:31:07.282, 2398 MHz, 0x0000000000000000, 49, 10.86 W
2026/09/20 21:31:08.283, 2398 MHz, 0x0000000000000000, 49, 10.85 W
2026/09/20 21:31:09.284, 2398 MHz, 0x0000000000000000, 50, 11.31 W
2026/09/20 21:31:10.285, 2398 MHz, 0x0000000000000000, 49, 11.54 W
2026/09/20 21:31:11.285, 2398 MHz, 0x0000000000000000, 49, 10.80 W
2026/09/20 21:31:12.286, 2398 MHz, 0x0000000000000000, 49, 10.83 W
2026/09/20 21:31:13.287, 2398 MHz, 0x0000000000000000, 49, 10.81 W
2026/09/20 21:31:14.288, 2398 MHz, 0x0000000000000000, 49, 10.86 W
2026/09/20 21:31:15.288, 2398 MHz, 0x0000000000000000, 49, 10.83 W
2026/09/20 21:31:16.289, 2398 MHz, 0x0000000000000000, 49, 10.83 W
2026/09/20 21:31:17.289, 2398 MHz, 0x0000000000000000, 49, 10.82 W
2026/09/20 21:31:18.289, 2398 MHz, 0x0000000000000000, 49, 10.82 W
2026/09/20 21:31:19.289, 2398 MHz, 0x0000000000000000, 49, 10.82 W
2026/09/20 21:31:20.290, 2398 MHz, 0x0000000000000000, 49, 10.82 W
2026/09/20 21:31:21.291, 2398 MHz, 0x0000000000000000, 49, 10.82 W
2026/09/20 21:31:22.291, 2398 MHz, 0x0000000000000000, 49, 10.85 W
2026/09/20 21:31:23.292, 2398 MHz, 0x0000000000000000, 49, 10.81 W
2026/09/20 21:31:24.293, 2398 MHz, 0x0000000000000000, 49, 10.81 W
2026/09/20 21:31:25.294, 2398 MHz, 0x0000000000000000, 49, 10.80 W
2026/09/20 21:31:26.295, 2398 MHz, 0x0000000000000000, 49, 10.80 W
2026/09/20 21:31:27.295, 2398 MHz, 0x0000000000000000, 49, 10.78 W
2026/09/20 21:31:28.296, 2398 MHz, 0x0000000000000000, 49, 10.81 W
2026/09/20 21:31:29.297, 2398 MHz, 0x0000000000000000, 49, 10.83 W
2026/09/20 21:31:30.298, 2398 MHz, 0x0000000000000000, 49, 10.80 W
2026/09/20 21:31:31.298, 2398 MHz, 0x0000000000000000, 49, 10.77 W
2026/09/20 21:31:32.299, 2398 MHz, 0x0000000000000000, 49, 10.80 W
2026/09/20 21:31:33.300, 2398 MHz, 0x0000000000000000, 49, 10.81 W
2026/09/20 21:31:34.300, 2398 MHz, 0x0000000000000000, 49, 10.84 W
2026/09/20 21:31:35.301, 2398 MHz, 0x0000000000000000, 49, 10.84 W
2026/09/20 21:31:36.302, 2398 MHz, 0x0000000000000000, 49, 10.82 W
2026/09/20 21:31:37.302, 2398 MHz, 0x0000000000000000, 49, 10.83 W
2026/09/20 21:31:38.303, 2398 MHz, 0x0000000000000000, 49, 10.82 W
2026/09/20 21:31:39.304, 2398 MHz, 0x0000000000000000, 49, 10.80 W
2026/09/20 21:31:40.304, 2398 MHz, 0x0000000000000000, 49, 10.83 W
2026/09/20 21:31:41.306, 2398 MHz, 0x0000000000000000, 49, 10.79 W
2026/09/20 21:31:42.306, 2398 MHz, 0x0000000000000000, 49, 11.55 W
2026/09/20 21:31:43.307, 2398 MHz, 0x0000000000000000, 49, 11.16 W
2026/09/20 21:31:44.308, 2398 MHz, 0x0000000000000000, 49, 10.81 W
2026/09/20 21:31:45.308, 2398 MHz, 0x0000000000000000, 49, 10.81 W
2026/09/20 21:31:46.308, 2398 MHz, 0x0000000000000000, 49, 10.86 W
2026/09/20 21:31:47.308, 2398 MHz, 0x0000000000000000, 49, 10.83 W
2026/09/20 21:31:48.309, 2398 MHz, 0x0000000000000000, 49, 10.85 W
2026/09/20 21:31:49.310, 2398 MHz, 0x0000000000000000, 49, 10.84 W
2026/09/20 21:31:50.311, 2398 MHz, 0x0000000000000000, 49, 10.81 W
2026/09/20 21:31:51.311, 2398 MHz, 0x0000000000000000, 49, 10.78 W
2026/09/20 21:31:52.312, 2398 MHz, 0x0000000000000000, 49, 10.79 W
2026/09/20 21:31:53.312, 2398 MHz, 0x0000000000000000, 49, 10.95 W
2026/09/20 21:31:54.313, 2398 MHz, 0x0000000000000000, 49, 10.86 W
2026/09/20 21:31:55.314, 2509 MHz, 0x0000000000000000, 56, 47.43 W
2026/09/20 21:31:56.314, 2502 MHz, 0x0000000000000000, 59, 52.80 W
2026/09/20 21:31:57.315, 2502 MHz, 0x0000000000000000, 60, 53.06 W
2026/09/20 21:31:58.315, 2509 MHz, 0x0000000000000000, 60, 54.07 W
2026/09/20 21:31:59.315, 2522 MHz, 0x0000000000000000, 57, 45.10 W
2026/09/20 21:32:00.316, 2509 MHz, 0x0000000000000000, 61, 40.03 W
2026/09/20 21:32:01.316, 2502 MHz, 0x0000000000000000, 62, 53.91 W
2026/09/20 21:32:02.317, 2502 MHz, 0x0000000000000000, 62, 54.72 W
2026/09/20 21:32:03.317, 2502 MHz, 0x0000000000000000, 62, 42.10 W
2026/09/20 21:32:04.317, 2489 MHz, 0x0000000000000000, 64, 54.19 W
2026/09/20 21:32:05.318, 2489 MHz, 0x0000000000000000, 64, 55.08 W
2026/09/20 21:32:06.318, 2398 MHz, 0x0000000000000000, 56, 32.15 W
2026/09/20 21:32:07.319, 2489 MHz, 0x0000000000000000, 64, 47.37 W
2026/09/20 21:32:08.319, 2489 MHz, 0x0000000000000000, 62, 53.79 W
2026/09/20 21:32:09.320, 2489 MHz, 0x0000000000000000, 64, 55.50 W
2026/09/20 21:32:10.320, 2489 MHz, 0x0000000000000000, 65, 55.83 W
2026/09/20 21:32:11.321, 2483 MHz, 0x0000000000000000, 66, 56.44 W
2026/09/20 21:32:12.322, 2489 MHz, 0x0000000000000000, 67, 56.68 W
2026/09/20 21:32:13.322, 2489 MHz, 0x0000000000000000, 67, 57.49 W
2026/09/20 21:32:14.323, 2489 MHz, 0x0000000000000000, 68, 57.48 W
2026/09/20 21:32:15.323, 2502 MHz, 0x0000000000000000, 65, 48.86 W
2026/09/20 21:32:16.323, 2502 MHz, 0x0000000000000000, 65, 44.18 W
2026/09/20 21:32:17.323, 2489 MHz, 0x0000000000000000, 68, 51.65 W
2026/09/20 21:32:18.324, 2489 MHz, 0x0000000000000000, 69, 58.43 W
2026/09/20 21:32:19.324, 2489 MHz, 0x0000000000000000, 68, 59.00 W
2026/09/20 21:32:20.325, 2489 MHz, 0x0000000000000000, 70, 59.64 W
2026/09/20 21:32:21.325, 2489 MHz, 0x0000000000000000, 69, 59.51 W
2026/09/20 21:32:22.326, 2489 MHz, 0x0000000000000000, 70, 59.74 W
2026/09/20 21:32:23.327, 2483 MHz, 0x0000000000000000, 70, 60.22 W
2026/09/20 21:32:24.327, 2483 MHz, 0x0000000000000000, 70, 60.44 W
2026/09/20 21:32:25.328, 2483 MHz, 0x0000000000000000, 71, 61.51 W
2026/09/20 21:32:26.328, 2483 MHz, 0x0000000000000000, 71, 62.16 W
2026/09/20 21:32:27.329, 2476 MHz, 0x0000000000000000, 71, 61.51 W
2026/09/20 21:32:28.329, 2476 MHz, 0x0000000000000000, 72, 61.68 W
2026/09/20 21:32:29.329, 2470 MHz, 0x0000000000000000, 72, 62.41 W
2026/09/20 21:32:30.330, 2470 MHz, 0x0000000000000000, 73, 62.71 W
2026/09/20 21:32:31.330, 2470 MHz, 0x0000000000000000, 73, 62.79 W
2026/09/20 21:32:32.331, 2470 MHz, 0x0000000000000000, 75, 62.77 W
2026/09/20 21:32:33.331, 2470 MHz, 0x0000000000000000, 75, 62.96 W
2026/09/20 21:32:34.332, 2470 MHz, 0x0000000000000000, 72, 63.99 W
2026/09/20 21:32:35.332, 2470 MHz, 0x0000000000000000, 74, 63.84 W
2026/09/20 21:32:36.332, 2470 MHz, 0x0000000000000000, 76, 64.09 W
2026/09/20 21:32:37.333, 2470 MHz, 0x0000000000000000, 75, 64.25 W
2026/09/20 21:32:38.334, 2470 MHz, 0x0000000000000000, 76, 64.80 W
2026/09/20 21:32:39.334, 2470 MHz, 0x0000000000000000, 75, 64.72 W
2026/09/20 21:32:40.334, 2470 MHz, 0x0000000000000000, 73, 65.07 W
2026/09/20 21:32:41.335, 2470 MHz, 0x0000000000000000, 77, 65.93 W
2026/09/20 21:32:42.335, 2470 MHz, 0x0000000000000000, 75, 65.23 W
2026/09/20 21:32:43.335, 2470 MHz, 0x0000000000000000, 78, 65.69 W
2026/09/20 21:32:44.336, 2470 MHz, 0x0000000000000000, 76, 65.28 W
2026/09/20 21:32:45.336, 2470 MHz, 0x0000000000000000, 76, 66.61 W
2026/09/20 21:32:46.337, 2470 MHz, 0x0000000000000000, 76, 67.37 W
2026/09/20 21:32:47.338, 2470 MHz, 0x0000000000000000, 76, 66.88 W
2026/09/20 21:32:48.338, 2470 MHz, 0x0000000000000000, 77, 67.42 W
2026/09/20 21:32:49.338, 2483 MHz, 0x0000000000000000, 72, 58.11 W
2026/09/20 21:32:50.338, 2483 MHz, 0x0000000000000000, 74, 48.90 W
2026/09/20 21:32:51.338, 2470 MHz, 0x0000000000000000, 77, 54.02 W
2026/09/20 21:32:52.339, 2470 MHz, 0x0000000000000000, 76, 68.03 W
2026/09/20 21:32:53.339, 2470 MHz, 0x0000000000000000, 77, 67.53 W
2026/09/20 21:32:54.339, 2470 MHz, 0x0000000000000000, 77, 67.66 W
2026/09/20 21:32:55.340, 2463 MHz, 0x0000000000000000, 78, 67.88 W
2026/09/20 21:32:56.341, 2470 MHz, 0x0000000000000000, 78, 69.23 W
2026/09/20 21:32:57.341, 2470 MHz, 0x0000000000000000, 80, 68.74 W
2026/09/20 21:32:58.342, 2470 MHz, 0x0000000000000000, 79, 68.22 W
2026/09/20 21:32:59.342, 2437 MHz, 0x0000000000000000, 70, 57.81 W
2026/09/20 21:33:00.342, 2470 MHz, 0x0000000000000000, 76, 39.80 W
2026/09/20 21:33:01.343, 2463 MHz, 0x0000000000000000, 77, 67.93 W
2026/09/20 21:33:02.343, 2470 MHz, 0x0000000000000000, 77, 69.76 W
2026/09/20 21:33:03.343, 2496 MHz, 0x0000000000000000, 72, 41.96 W
2026/09/20 21:33:04.343, 2502 MHz, 0x0000000000000000, 71, 38.47 W
2026/09/20 21:33:05.344, 2502 MHz, 0x0000000000000000, 71, 38.35 W
2026/09/20 21:33:06.344, 2502 MHz, 0x0000000000000000, 71, 38.24 W
2026/09/20 21:33:07.345, 2502 MHz, 0x0000000000000000, 71, 38.45 W
2026/09/20 21:33:08.345, 2502 MHz, 0x0000000000000000, 71, 38.36 W
2026/09/20 21:33:09.345, 2502 MHz, 0x0000000000000000, 71, 37.89 W
2026/09/20 21:33:10.346, 2411 MHz, 0x0000000000000000, 66, 14.76 W
2026/09/20 21:33:11.347, 2418 MHz, 0x0000000000000000, 67, 16.62 W
2026/09/20 21:33:12.348, 2502 MHz, 0x0000000000000000, 69, 37.75 W
2026/09/20 21:33:13.348, 2502 MHz, 0x0000000000000000, 69, 37.47 W
2026/09/20 21:33:14.348, 2502 MHz, 0x0000000000000000, 69, 37.26 W
2026/09/20 21:33:15.349, 2502 MHz, 0x0000000000000000, 69, 37.30 W
2026/09/20 21:33:16.350, 2502 MHz, 0x0000000000000000, 69, 37.28 W
2026/09/20 21:33:17.350, 2502 MHz, 0x0000000000000000, 69, 37.44 W
2026/09/20 21:33:18.350, 2502 MHz, 0x0000000000000000, 69, 37.37 W
2026/09/20 21:33:19.351, 2502 MHz, 0x0000000000000000, 69, 37.39 W
2026/09/20 21:33:20.352, 2502 MHz, 0x0000000000000000, 69, 37.15 W
2026/09/20 21:33:21.352, 2502 MHz, 0x0000000000000000, 69, 37.40 W
2026/09/20 21:33:22.353, 2502 MHz, 0x0000000000000000, 69, 37.47 W
2026/09/20 21:33:23.353, 2502 MHz, 0x0000000000000000, 68, 36.55 W
2026/09/20 21:33:24.353, 2502 MHz, 0x0000000000000000, 68, 32.13 W
2026/09/20 21:33:25.354, 2502 MHz, 0x0000000000000000, 68, 35.02 W
2026/09/20 21:33:26.354, 2502 MHz, 0x0000000000000000, 69, 37.29 W
2026/09/20 21:33:27.355, 2502 MHz, 0x0000000000000000, 69, 37.28 W
2026/09/20 21:33:28.355, 2502 MHz, 0x0000000000000000, 68, 37.21 W
2026/09/20 21:33:29.356, 2502 MHz, 0x0000000000000000, 68, 37.17 W
2026/09/20 21:33:30.357, 2502 MHz, 0x0000000000000000, 68, 37.17 W
2026/09/20 21:33:31.357, 2502 MHz, 0x0000000000000000, 69, 37.15 W
2026/09/20 21:33:32.358, 2502 MHz, 0x0000000000000000, 68, 37.21 W
2026/09/20 21:33:33.359, 2502 MHz, 0x0000000000000000, 68, 37.19 W
2026/09/20 21:33:34.359, 2502 MHz, 0x0000000000000000, 68, 37.17 W
2026/09/20 21:33:35.360, 2502 MHz, 0x0000000000000000, 68, 37.26 W
2026/09/20 21:33:36.360, 2502 MHz, 0x0000000000000000, 68, 37.23 W
2026/09/20 21:33:37.361, 2502 MHz, 0x0000000000000000, 68, 37.19 W
2026/09/20 21:33:38.361, 2502 MHz, 0x0000000000000000, 68, 37.08 W
2026/09/20 21:33:39.362, 2502 MHz, 0x0000000000000000, 68, 37.15 W
2026/09/20 21:33:40.362, 2502 MHz, 0x0000000000000000, 68, 37.22 W
2026/09/20 21:33:41.363, 2502 MHz, 0x0000000000000000, 68, 37.24 W
2026/09/20 21:33:42.364, 2502 MHz, 0x0000000000000000, 68, 37.19 W
2026/09/20 21:33:43.364, 2502 MHz, 0x0000000000000000, 68, 37.28 W
2026/09/20 21:33:44.365, 2502 MHz, 0x0000000000000000, 68, 37.24 W
2026/09/20 21:33:45.366, 2502 MHz, 0x0000000000000000, 68, 37.26 W
2026/09/20 21:33:46.366, 2502 MHz, 0x0000000000000000, 68, 37.21 W
2026/09/20 21:33:47.367, 2411 MHz, 0x0000000000000000, 64, 27.53 W
2026/09/20 21:33:48.368, 2411 MHz, 0x0000000000000000, 63, 13.98 W
2026/09/20 21:33:49.368, 2405 MHz, 0x0000000000000000, 63, 13.78 W
2026/09/20 21:33:50.368, 2489 MHz, 0x0000000000000000, 70, 30.36 W
2026/09/20 21:33:51.369, 2489 MHz, 0x0000000000000000, 71, 56.45 W
2026/09/20 21:33:52.370, 2483 MHz, 0x0000000000000000, 73, 57.05 W
2026/09/20 21:33:53.371, 2470 MHz, 0x0000000000000000, 72, 57.44 W
2026/09/20 21:33:54.372, 2470 MHz, 0x0000000000000000, 72, 57.85 W
2026/09/20 21:33:55.372, 2470 MHz, 0x0000000000000000, 71, 57.55 W
2026/09/20 21:33:56.373, 2411 MHz, 0x0000000000000000, 64, 15.58 W
2026/09/20 21:33:57.373, 2502 MHz, 0x0000000000000000, 71, 42.32 W
2026/09/20 21:33:58.374, 2502 MHz, 0x0000000000000000, 70, 47.29 W
2026/09/20 21:33:59.375, 2502 MHz, 0x0000000000000000, 68, 41.45 W
2026/09/20 21:34:00.376, 2502 MHz, 0x0000000000000000, 68, 37.37 W
2026/09/20 21:34:01.377, 2502 MHz, 0x0000000000000000, 68, 37.32 W
2026/09/20 21:34:02.378, 2502 MHz, 0x0000000000000000, 68, 37.23 W
2026/09/20 21:34:03.378, 2502 MHz, 0x0000000000000000, 68, 37.22 W
2026/09/20 21:34:04.378, 2502 MHz, 0x0000000000000000, 68, 37.29 W
2026/09/20 21:34:05.379, 2502 MHz, 0x0000000000000000, 68, 37.36 W
2026/09/20 21:34:06.380, 2502 MHz, 0x0000000000000000, 68, 37.29 W
2026/09/20 21:34:07.381, 2502 MHz, 0x0000000000000000, 68, 37.13 W
2026/09/20 21:34:08.381, 2502 MHz, 0x0000000000000000, 68, 37.13 W
2026/09/20 21:34:09.381, 2502 MHz, 0x0000000000000000, 68, 37.12 W
2026/09/20 21:34:10.382, 2502 MHz, 0x0000000000000000, 68, 37.29 W
2026/09/20 21:34:11.382, 2502 MHz, 0x0000000000000000, 68, 37.20 W
2026/09/20 21:34:12.383, 2502 MHz, 0x0000000000000000, 68, 37.21 W
2026/09/20 21:34:13.384, 2502 MHz, 0x0000000000000000, 68, 37.24 W
2026/09/20 21:34:14.384, 2502 MHz, 0x0000000000000000, 68, 37.22 W
2026/09/20 21:34:15.385, 2502 MHz, 0x0000000000000000, 68, 37.21 W
2026/09/20 21:34:16.386, 2502 MHz, 0x0000000000000000, 68, 37.18 W
2026/09/20 21:34:17.386, 2502 MHz, 0x0000000000000000, 68, 37.12 W
2026/09/20 21:34:18.387, 2502 MHz, 0x0000000000000000, 68, 37.16 W
2026/09/20 21:34:19.388, 2502 MHz, 0x0000000000000000, 68, 37.17 W
2026/09/20 21:34:20.389, 2502 MHz, 0x0000000000000000, 68, 37.20 W
2026/09/20 21:34:21.389, 2502 MHz, 0x0000000000000000, 68, 37.11 W
2026/09/20 21:34:22.390, 2502 MHz, 0x0000000000000000, 68, 37.24 W
2026/09/20 21:34:23.391, 2502 MHz, 0x0000000000000000, 68, 37.03 W
2026/09/20 21:34:24.391, 2502 MHz, 0x0000000000000000, 68, 37.34 W
2026/09/20 21:34:25.392, 2502 MHz, 0x0000000000000000, 68, 37.29 W
2026/09/20 21:34:26.393, 2502 MHz, 0x0000000000000000, 68, 37.26 W
2026/09/20 21:34:27.393, 2502 MHz, 0x0000000000000000, 68, 37.28 W
2026/09/20 21:34:28.394, 2502 MHz, 0x0000000000000000, 68, 37.27 W
2026/09/20 21:34:29.395, 2502 MHz, 0x0000000000000000, 68, 37.17 W
2026/09/20 21:34:30.395, 2502 MHz, 0x0000000000000000, 68, 37.29 W
2026/09/20 21:34:31.396, 2502 MHz, 0x0000000000000000, 68, 36.82 W
2026/09/20 21:34:32.397, 2502 MHz, 0x0000000000000000, 67, 31.18 W
2026/09/20 21:34:33.397, 2411 MHz, 0x0000000000000000, 63, 14.31 W
2026/09/20 21:34:34.398, 2411 MHz, 0x0000000000000000, 63, 13.90 W
2026/09/20 21:34:35.399, 2405 MHz, 0x0000000000000000, 62, 14.47 W
2026/09/20 21:34:36.400, 2489 MHz, 0x0000000000000000, 71, 55.69 W
2026/09/20 21:34:37.401, 2489 MHz, 0x0000000000000000, 71, 57.17 W
2026/09/20 21:34:38.402, 2483 MHz, 0x0000000000000000, 72, 57.55 W
2026/09/20 21:34:39.402, 2476 MHz, 0x0000000000000000, 72, 58.25 W
2026/09/20 21:34:40.403, 2470 MHz, 0x0000000000000000, 73, 58.19 W
2026/09/20 21:34:41.404, 2470 MHz, 0x0000000000000000, 73, 58.90 W
2026/09/20 21:34:42.405, 2470 MHz, 0x0000000000000000, 74, 59.08 W
2026/09/20 21:34:43.406, 2470 MHz, 0x0000000000000000, 74, 59.65 W
2026/09/20 21:34:44.407, 2470 MHz, 0x0000000000000000, 74, 59.82 W
2026/09/20 21:34:45.408, 2470 MHz, 0x0000000000000000, 75, 60.08 W
2026/09/20 21:34:46.408, 2470 MHz, 0x0000000000000000, 74, 58.15 W
2026/09/20 21:34:47.409, 2411 MHz, 0x0000000000000000, 65, 14.72 W
2026/09/20 21:34:48.410, 2470 MHz, 0x0000000000000000, 73, 51.45 W
2026/09/20 21:34:49.411, 2502 MHz, 0x0000000000000000, 70, 49.92 W
2026/09/20 21:34:50.412, 2502 MHz, 0x0000000000000000, 70, 37.61 W
2026/09/20 21:34:51.412, 2502 MHz, 0x0000000000000000, 69, 37.62 W
2026/09/20 21:34:52.413, 2502 MHz, 0x0000000000000000, 69, 37.54 W
2026/09/20 21:34:53.414, 2502 MHz, 0x0000000000000000, 69, 37.46 W
2026/09/20 21:34:54.414, 2502 MHz, 0x0000000000000000, 69, 37.63 W
2026/09/20 21:34:55.415, 2502 MHz, 0x0000000000000000, 69, 37.59 W
2026/09/20 21:34:56.415, 2502 MHz, 0x0000000000000000, 69, 37.66 W
2026/09/20 21:34:57.415, 2502 MHz, 0x0000000000000000, 69, 37.59 W
2026/09/20 21:34:58.416, 2502 MHz, 0x0000000000000000, 69, 37.60 W
2026/09/20 21:34:59.416, 2502 MHz, 0x0000000000000000, 69, 37.55 W
2026/09/20 21:35:00.417, 2502 MHz, 0x0000000000000000, 69, 37.48 W
2026/09/20 21:35:01.418, 2502 MHz, 0x0000000000000000, 69, 37.56 W
2026/09/20 21:35:02.418, 2502 MHz, 0x0000000000000000, 69, 37.56 W
2026/09/20 21:35:03.419, 2502 MHz, 0x0000000000000000, 69, 37.50 W
2026/09/20 21:35:04.420, 2502 MHz, 0x0000000000000000, 69, 37.54 W
2026/09/20 21:35:05.421, 2502 MHz, 0x0000000000000000, 68, 33.39 W
2026/09/20 21:35:06.421, 2502 MHz, 0x0000000000000000, 69, 34.00 W
2026/09/20 21:35:07.422, 2502 MHz, 0x0000000000000000, 69, 37.44 W
2026/09/20 21:35:08.423, 2502 MHz, 0x0000000000000000, 69, 37.53 W
2026/09/20 21:35:09.423, 2502 MHz, 0x0000000000000000, 69, 37.52 W
2026/09/20 21:35:10.424, 2502 MHz, 0x0000000000000000, 69, 37.52 W
2026/09/20 21:35:11.425, 2502 MHz, 0x0000000000000000, 69, 37.52 W
2026/09/20 21:35:12.425, 2502 MHz, 0x0000000000000000, 69, 37.51 W
2026/09/20 21:35:13.426, 2502 MHz, 0x0000000000000000, 69, 37.63 W
2026/09/20 21:35:14.426, 2502 MHz, 0x0000000000000000, 69, 37.46 W
2026/09/20 21:35:15.427, 2502 MHz, 0x0000000000000000, 69, 37.59 W
2026/09/20 21:35:16.427, 2502 MHz, 0x0000000000000000, 69, 37.59 W
2026/09/20 21:35:17.427, 2502 MHz, 0x0000000000000000, 69, 37.59 W
2026/09/20 21:35:18.428, 2502 MHz, 0x0000000000000000, 69, 37.64 W
2026/09/20 21:35:19.429, 2502 MHz, 0x0000000000000000, 69, 37.66 W
2026/09/20 21:35:20.430, 2502 MHz, 0x0000000000000000, 69, 37.63 W
2026/09/20 21:35:21.430, 2502 MHz, 0x0000000000000000, 69, 37.56 W
2026/09/20 21:35:22.431, 2476 MHz, 0x0000000000000000, 66, 33.48 W
2026/09/20 21:35:23.432, 2411 MHz, 0x0000000000000000, 64, 14.38 W
2026/09/20 21:35:24.432, 2411 MHz, 0x0000000000000000, 63, 14.21 W
2026/09/20 21:35:25.433, 2411 MHz, 0x0000000000000000, 66, 17.42 W
2026/09/20 21:35:26.434, 2489 MHz, 0x0000000000000000, 71, 56.13 W
2026/09/20 21:35:27.435, 2470 MHz, 0x0000000000000000, 72, 57.39 W
2026/09/20 21:35:28.435, 2470 MHz, 0x0000000000000000, 73, 57.72 W
2026/09/20 21:35:29.435, 2470 MHz, 0x0000000000000000, 73, 58.21 W
2026/09/20 21:35:30.436, 2470 MHz, 0x0000000000000000, 73, 58.73 W
2026/09/20 21:35:31.437, 2470 MHz, 0x0000000000000000, 74, 59.27 W
2026/09/20 21:35:32.437, 2470 MHz, 0x0000000000000000, 74, 59.37 W
2026/09/20 21:35:33.438, 2470 MHz, 0x0000000000000000, 74, 59.63 W
2026/09/20 21:35:34.439, 2470 MHz, 0x0000000000000000, 75, 60.14 W
2026/09/20 21:35:35.440, 2470 MHz, 0x0000000000000000, 75, 60.44 W
2026/09/20 21:35:36.441, 2470 MHz, 0x0000000000000000, 77, 60.87 W
2026/09/20 21:35:37.442, 2470 MHz, 0x0000000000000000, 75, 60.94 W
2026/09/20 21:35:38.443, 2470 MHz, 0x0000000000000000, 76, 60.73 W
2026/09/20 21:35:39.444, 2483 MHz, 0x0000000000000000, 72, 49.68 W
2026/09/20 21:35:40.445, 2476 MHz, 0x0000000000000000, 73, 49.77 W
2026/09/20 21:35:41.446, 2470 MHz, 0x0000000000000000, 77, 61.49 W
2026/09/20 21:35:42.447, 2470 MHz, 0x0000000000000000, 77, 62.27 W
2026/09/20 21:35:43.447, 2470 MHz, 0x0000000000000000, 78, 62.63 W
2026/09/20 21:35:44.448, 2470 MHz, 0x0000000000000000, 77, 63.06 W
2026/09/20 21:35:45.449, 2470 MHz, 0x0000000000000000, 78, 63.51 W
2026/09/20 21:35:46.450, 2470 MHz, 0x0000000000000000, 76, 63.63 W
2026/09/20 21:35:47.451, 2470 MHz, 0x0000000000000000, 75, 63.72 W
2026/09/20 21:35:48.452, 2470 MHz, 0x0000000000000000, 79, 65.41 W
2026/09/20 21:35:49.453, 2444 MHz, 0x0000000000000000, 71, 51.99 W
2026/09/20 21:35:50.453, 2411 MHz, 0x0000000000000000, 68, 15.15 W
2026/09/20 21:35:51.454, 2470 MHz, 0x0000000000000000, 77, 42.57 W
2026/09/20 21:35:52.455, 2470 MHz, 0x0000000000000000, 77, 63.17 W
2026/09/20 21:35:53.456, 2483 MHz, 0x0000000000000000, 72, 43.42 W
2026/09/20 21:35:54.457, 2483 MHz, 0x0000000000000000, 72, 38.59 W
2026/09/20 21:35:55.457, 2483 MHz, 0x0000000000000000, 72, 38.60 W
2026/09/20 21:35:56.457, 2496 MHz, 0x0000000000000000, 72, 38.50 W
2026/09/20 21:35:57.458, 2502 MHz, 0x0000000000000000, 71, 38.49 W
2026/09/20 21:35:58.459, 2502 MHz, 0x0000000000000000, 71, 38.53 W
2026/09/20 21:35:59.459, 2502 MHz, 0x0000000000000000, 71, 38.24 W
2026/09/20 21:36:00.459, 2502 MHz, 0x0000000000000000, 71, 38.25 W
2026/09/20 21:36:01.460, 2502 MHz, 0x0000000000000000, 71, 38.15 W
2026/09/20 21:36:02.460, 2502 MHz, 0x0000000000000000, 71, 38.19 W
2026/09/20 21:36:03.461, 2502 MHz, 0x0000000000000000, 71, 38.11 W
2026/09/20 21:36:04.461, 2502 MHz, 0x0000000000000000, 71, 38.13 W
2026/09/20 21:36:05.461, 2502 MHz, 0x0000000000000000, 71, 37.98 W
2026/09/20 21:36:06.462, 2502 MHz, 0x0000000000000000, 71, 37.85 W
2026/09/20 21:36:07.462, 2502 MHz, 0x0000000000000000, 71, 37.65 W
2026/09/20 21:36:08.463, 2502 MHz, 0x0000000000000000, 71, 37.61 W
2026/09/20 21:36:09.463, 2502 MHz, 0x0000000000000000, 71, 37.81 W
2026/09/20 21:36:10.464, 2502 MHz, 0x0000000000000000, 71, 37.94 W
2026/09/20 21:36:11.464, 2502 MHz, 0x0000000000000000, 71, 37.98 W
2026/09/20 21:36:12.465, 2502 MHz, 0x0000000000000000, 71, 37.94 W
2026/09/20 21:36:13.465, 2502 MHz, 0x0000000000000000, 70, 34.24 W
2026/09/20 21:36:14.466, 2502 MHz, 0x0000000000000000, 70, 34.17 W
2026/09/20 21:36:15.466, 2502 MHz, 0x0000000000000000, 71, 37.82 W
2026/09/20 21:36:16.466, 2502 MHz, 0x0000000000000000, 71, 37.85 W
2026/09/20 21:36:17.467, 2502 MHz, 0x0000000000000000, 71, 37.86 W
2026/09/20 21:36:18.467, 2502 MHz, 0x0000000000000000, 71, 37.87 W
2026/09/20 21:36:19.468, 2502 MHz, 0x0000000000000000, 71, 37.92 W
2026/09/20 21:36:20.468, 2502 MHz, 0x0000000000000000, 71, 37.95 W
2026/09/20 21:36:21.469, 2502 MHz, 0x0000000000000000, 71, 37.96 W
2026/09/20 21:36:22.469, 2502 MHz, 0x0000000000000000, 71, 37.93 W
2026/09/20 21:36:23.470, 2502 MHz, 0x0000000000000000, 71, 37.92 W
2026/09/20 21:36:24.470, 2502 MHz, 0x0000000000000000, 71, 37.85 W
2026/09/20 21:36:25.471, 2502 MHz, 0x0000000000000000, 71, 37.88 W
2026/09/20 21:36:26.472, 2502 MHz, 0x0000000000000000, 71, 37.76 W
2026/09/20 21:36:27.472, 2411 MHz, 0x0000000000000000, 66, 14.82 W
2026/09/20 21:36:28.473, 2411 MHz, 0x0000000000000000, 65, 14.48 W
2026/09/20 21:36:29.474, 2411 MHz, 0x0000000000000000, 65, 14.39 W
2026/09/20 21:36:30.474, 2470 MHz, 0x0000000000000000, 73, 48.19 W
2026/09/20 21:36:31.475, 2470 MHz, 0x0000000000000000, 74, 57.45 W
2026/09/20 21:36:32.475, 2470 MHz, 0x0000000000000000, 74, 57.22 W
2026/09/20 21:36:33.476, 2470 MHz, 0x0000000000000000, 72, 58.44 W
2026/09/20 21:36:34.476, 2463 MHz, 0x0000000000000000, 74, 59.24 W
2026/09/20 21:36:35.477, 2470 MHz, 0x0000000000000000, 75, 59.55 W
2026/09/20 21:36:36.477, 2463 MHz, 0x0000000000000000, 76, 60.15 W
2026/09/20 21:36:37.478, 2470 MHz, 0x0000000000000000, 75, 60.24 W
2026/09/20 21:36:38.478, 2470 MHz, 0x0000000000000000, 76, 60.49 W
2026/09/20 21:36:39.479, 2470 MHz, 0x0000000000000000, 76, 60.90 W
2026/09/20 21:36:40.480, 2470 MHz, 0x0000000000000000, 77, 61.26 W
2026/09/20 21:36:41.480, 2470 MHz, 0x0000000000000000, 76, 61.38 W
2026/09/20 21:36:42.481, 2470 MHz, 0x0000000000000000, 77, 62.12 W
2026/09/20 21:36:43.481, 2470 MHz, 0x0000000000000000, 75, 62.55 W
2026/09/20 21:36:44.482, 2470 MHz, 0x0000000000000000, 78, 62.72 W
2026/09/20 21:36:45.482, 2470 MHz, 0x0000000000000000, 78, 64.02 W
2026/09/20 21:36:46.483, 2470 MHz, 0x0000000000000000, 78, 63.20 W
2026/09/20 21:36:47.483, 2476 MHz, 0x0000000000000000, 76, 51.18 W
2026/09/20 21:36:48.484, 2483 MHz, 0x0000000000000000, 76, 49.07 W
2026/09/20 21:36:49.484, 2470 MHz, 0x0000000000000000, 78, 61.08 W
2026/09/20 21:36:50.484, 2470 MHz, 0x0000000000000000, 79, 64.06 W
2026/09/20 21:36:51.485, 2470 MHz, 0x0000000000000000, 78, 64.04 W
2026/09/20 21:36:52.485, 2470 MHz, 0x0000000000000000, 79, 64.68 W
2026/09/20 21:36:53.485, 2463 MHz, 0x0000000000000000, 80, 64.30 W
2026/09/20 21:36:54.486, 2470 MHz, 0x0000000000000000, 79, 65.37 W
2026/09/20 21:36:55.487, 2463 MHz, 0x0000000000000000, 79, 64.86 W
2026/09/20 21:36:56.487, 2457 MHz, 0x0000000000000000, 79, 65.10 W
2026/09/20 21:36:57.487, 2463 MHz, 0x0000000000000000, 80, 66.66 W
2026/09/20 21:36:58.487, 2457 MHz, 0x0000000000000000, 80, 65.93 W
2026/09/20 21:36:59.487, 2457 MHz, 0x0000000000000000, 80, 65.91 W
2026/09/20 21:37:00.488, 2457 MHz, 0x0000000000000000, 81, 66.31 W
2026/09/20 21:37:01.488, 2457 MHz, 0x0000000000000000, 82, 66.48 W
2026/09/20 21:37:02.488, 2457 MHz, 0x0000000000000000, 80, 66.28 W
2026/09/20 21:37:03.489, 2450 MHz, 0x0000000000000000, 81, 68.14 W
2026/09/20 21:37:04.489, 2457 MHz, 0x0000000000000000, 83, 67.28 W
2026/09/20 21:37:05.490, 2450 MHz, 0x0000000000000000, 81, 66.78 W
2026/09/20 21:37:06.490, 2450 MHz, 0x0000000000000000, 83, 67.79 W
2026/09/20 21:37:07.491, 2450 MHz, 0x0000000000000000, 81, 67.17 W
2026/09/20 21:37:08.492, 2444 MHz, 0x0000000000000000, 83, 69.40 W
2026/09/20 21:37:09.492, 2444 MHz, 0x0000000000000000, 82, 67.96 W
2026/09/20 21:37:10.493, 2444 MHz, 0x0000000000000000, 81, 68.05 W
2026/09/20 21:37:11.493, 2450 MHz, 0x0000000000000000, 83, 68.97 W
2026/09/20 21:37:12.494, 2444 MHz, 0x0000000000000000, 84, 69.30 W
2026/09/20 21:37:13.494, 2444 MHz, 0x0000000000000000, 83, 70.05 W
2026/09/20 21:37:14.494, 2444 MHz, 0x0000000000000000, 82, 69.17 W
2026/09/20 21:37:15.495, 2444 MHz, 0x0000000000000000, 82, 69.27 W
2026/09/20 21:37:16.496, 2450 MHz, 0x0000000000000000, 82, 69.30 W
2026/09/20 21:37:17.496, 2444 MHz, 0x0000000000000000, 80, 69.87 W
2026/09/20 21:37:18.497, 2444 MHz, 0x0000000000000000, 82, 69.89 W
2026/09/20 21:37:19.497, 2444 MHz, 0x0000000000000000, 84, 69.88 W
2026/09/20 21:37:20.497, 2450 MHz, 0x0000000000000000, 84, 69.99 W
2026/09/20 21:37:21.498, 2476 MHz, 0x0000000000000000, 78, 59.15 W
2026/09/20 21:37:22.498, 2398 MHz, 0x0000000000000000, 72, 34.63 W
2026/09/20 21:37:23.499, 2431 MHz, 0x0000000000000000, 79, 28.46 W
2026/09/20 21:37:24.499, 2450 MHz, 0x0000000000000000, 80, 70.39 W
2026/09/20 21:37:25.500, 2444 MHz, 0x0000000000000000, 81, 69.66 W
2026/09/20 21:37:26.500, 2483 MHz, 0x0000000000000000, 76, 51.05 W
2026/09/20 21:37:27.501, 2483 MHz, 0x0000000000000000, 76, 39.78 W
2026/09/20 21:37:28.501, 2483 MHz, 0x0000000000000000, 75, 39.60 W
2026/09/20 21:37:29.502, 2483 MHz, 0x0000000000000000, 75, 39.53 W
2026/09/20 21:37:30.503, 2483 MHz, 0x0000000000000000, 74, 39.59 W
2026/09/20 21:37:31.503, 2483 MHz, 0x0000000000000000, 74, 39.56 W
2026/09/20 21:37:32.504, 2483 MHz, 0x0000000000000000, 74, 39.18 W
2026/09/20 21:37:33.504, 2483 MHz, 0x0000000000000000, 74, 39.12 W
2026/09/20 21:37:34.505, 2483 MHz, 0x0000000000000000, 74, 39.03 W
2026/09/20 21:37:35.505, 2483 MHz, 0x0000000000000000, 74, 39.12 W
2026/09/20 21:37:36.505, 2483 MHz, 0x0000000000000000, 73, 39.04 W
2026/09/20 21:37:37.506, 2483 MHz, 0x0000000000000000, 73, 39.03 W
2026/09/20 21:37:38.506, 2483 MHz, 0x0000000000000000, 73, 38.93 W
2026/09/20 21:37:39.507, 2483 MHz, 0x0000000000000000, 73, 39.06 W
2026/09/20 21:37:40.507, 2483 MHz, 0x0000000000000000, 73, 38.87 W
2026/09/20 21:37:41.507, 2483 MHz, 0x0000000000000000, 73, 38.78 W
2026/09/20 21:37:42.508, 2483 MHz, 0x0000000000000000, 73, 39.24 W
2026/09/20 21:37:43.509, 2483 MHz, 0x0000000000000000, 72, 39.01 W
2026/09/20 21:37:44.509, 2483 MHz, 0x0000000000000000, 72, 38.88 W
2026/09/20 21:37:45.509, 2502 MHz, 0x0000000000000000, 72, 38.72 W
2026/09/20 21:37:46.509, 2502 MHz, 0x0000000000000000, 72, 38.72 W
2026/09/20 21:37:47.509, 2502 MHz, 0x0000000000000000, 72, 38.69 W
2026/09/20 21:37:48.510, 2502 MHz, 0x0000000000000000, 72, 38.78 W
2026/09/20 21:37:49.510, 2502 MHz, 0x0000000000000000, 72, 38.77 W
2026/09/20 21:37:50.511, 2502 MHz, 0x0000000000000000, 72, 38.68 W
2026/09/20 21:37:51.511, 2502 MHz, 0x0000000000000000, 72, 38.50 W
2026/09/20 21:37:52.511, 2502 MHz, 0x0000000000000000, 71, 38.41 W
2026/09/20 21:37:53.512, 2502 MHz, 0x0000000000000000, 71, 38.49 W
2026/09/20 21:37:54.512, 2502 MHz, 0x0000000000000000, 71, 38.52 W
2026/09/20 21:37:55.513, 2502 MHz, 0x0000000000000000, 70, 33.86 W
2026/09/20 21:37:56.513, 2502 MHz, 0x0000000000000000, 71, 33.77 W
2026/09/20 21:37:57.513, 2502 MHz, 0x0000000000000000, 71, 38.38 W
2026/09/20 21:37:58.514, 2502 MHz, 0x0000000000000000, 71, 38.41 W
2026/09/20 21:37:59.514, 2502 MHz, 0x0000000000000000, 71, 38.39 W
2026/09/20 21:38:00.514, 2411 MHz, 0x0000000000000000, 66, 21.33 W
2026/09/20 21:38:01.514, 2411 MHz, 0x0000000000000000, 65, 14.51 W
2026/09/20 21:38:02.515, 2502 MHz, 0x0000000000000000, 69, 34.90 W
2026/09/20 21:38:03.515, 2502 MHz, 0x0000000000000000, 70, 38.83 W
2026/09/20 21:38:04.516, 2502 MHz, 0x0000000000000000, 70, 38.98 W
2026/09/20 21:38:05.516, 2502 MHz, 0x0000000000000000, 70, 38.97 W
2026/09/20 21:38:06.516, 2502 MHz, 0x0000000000000000, 70, 38.90 W
2026/09/20 21:38:07.516, 2502 MHz, 0x0000000000000000, 70, 39.12 W
2026/09/20 21:38:08.517, 2502 MHz, 0x0000000000000000, 70, 39.05 W
2026/09/20 21:38:09.517, 2502 MHz, 0x0000000000000000, 70, 38.90 W
2026/09/20 21:38:10.518, 2502 MHz, 0x0000000000000000, 70, 38.97 W
2026/09/20 21:38:11.518, 2502 MHz, 0x0000000000000000, 70, 38.93 W
2026/09/20 21:38:12.518, 2502 MHz, 0x0000000000000000, 70, 39.00 W
2026/09/20 21:38:13.519, 2502 MHz, 0x0000000000000000, 70, 38.92 W
2026/09/20 21:38:14.519, 2502 MHz, 0x0000000000000000, 70, 38.99 W
2026/09/20 21:38:15.520, 2502 MHz, 0x0000000000000000, 70, 39.00 W
2026/09/20 21:38:16.520, 2502 MHz, 0x0000000000000000, 70, 38.98 W
2026/09/20 21:38:17.520, 2502 MHz, 0x0000000000000000, 70, 38.97 W
2026/09/20 21:38:18.521, 2502 MHz, 0x0000000000000000, 70, 39.03 W
2026/09/20 21:38:19.521, 2502 MHz, 0x0000000000000000, 70, 39.06 W
2026/09/20 21:38:20.522, 2502 MHz, 0x0000000000000000, 70, 39.09 W
2026/09/20 21:38:21.522, 2502 MHz, 0x0000000000000000, 70, 38.97 W
2026/09/20 21:38:22.523, 2502 MHz, 0x0000000000000000, 69, 39.03 W
2026/09/20 21:38:23.523, 2502 MHz, 0x0000000000000000, 69, 38.99 W
2026/09/20 21:38:24.523, 2502 MHz, 0x0000000000000000, 70, 39.03 W
2026/09/20 21:38:25.524, 2502 MHz, 0x0000000000000000, 70, 38.86 W
2026/09/20 21:38:26.524, 2502 MHz, 0x0000000000000000, 69, 38.90 W
2026/09/20 21:38:27.525, 2502 MHz, 0x0000000000000000, 69, 38.88 W
2026/09/20 21:38:28.525, 2502 MHz, 0x0000000000000000, 69, 38.49 W
2026/09/20 21:38:29.525, 2502 MHz, 0x0000000000000000, 68, 33.83 W
2026/09/20 21:38:30.526, 2502 MHz, 0x0000000000000000, 69, 35.40 W
2026/09/20 21:38:31.526, 2502 MHz, 0x0000000000000000, 69, 38.80 W
2026/09/20 21:38:32.526, 2502 MHz, 0x0000000000000000, 69, 38.80 W
2026/09/20 21:38:33.526, 2502 MHz, 0x0000000000000000, 69, 38.69 W
2026/09/20 21:38:34.527, 2502 MHz, 0x0000000000000000, 69, 38.80 W
2026/09/20 21:38:35.527, 2502 MHz, 0x0000000000000000, 69, 38.84 W
2026/09/20 21:38:36.528, 2502 MHz, 0x0000000000000000, 69, 38.89 W
2026/09/20 21:38:37.529, 2502 MHz, 0x0000000000000000, 67, 36.15 W
2026/09/20 21:38:38.529, 2411 MHz, 0x0000000000000000, 64, 14.39 W
2026/09/20 21:38:39.530, 2418 MHz, 0x0000000000000000, 69, 20.11 W
2026/09/20 21:38:40.531, 2502 MHz, 0x0000000000000000, 68, 40.73 W
2026/09/20 21:38:41.531, 2502 MHz, 0x0000000000000000, 68, 39.57 W
2026/09/20 21:38:42.532, 2502 MHz, 0x0000000000000000, 69, 39.61 W
2026/09/20 21:38:43.532, 2502 MHz, 0x0000000000000000, 69, 39.65 W
2026/09/20 21:38:44.533, 2502 MHz, 0x0000000000000000, 69, 39.58 W
2026/09/20 21:38:45.533, 2502 MHz, 0x0000000000000000, 69, 39.70 W
2026/09/20 21:38:46.534, 2502 MHz, 0x0000000000000000, 69, 39.64 W
2026/09/20 21:38:47.534, 2502 MHz, 0x0000000000000000, 69, 39.70 W
2026/09/20 21:38:48.535, 2502 MHz, 0x0000000000000000, 69, 39.74 W
2026/09/20 21:38:49.535, 2502 MHz, 0x0000000000000000, 69, 39.85 W
2026/09/20 21:38:50.535, 2502 MHz, 0x0000000000000000, 69, 39.94 W
2026/09/20 21:38:51.536, 2502 MHz, 0x0000000000000000, 69, 39.75 W
2026/09/20 21:38:52.536, 2502 MHz, 0x0000000000000000, 69, 39.82 W
2026/09/20 21:38:53.537, 2502 MHz, 0x0000000000000000, 69, 39.84 W
2026/09/20 21:38:54.537, 2502 MHz, 0x0000000000000000, 69, 39.87 W
2026/09/20 21:38:55.537, 2502 MHz, 0x0000000000000000, 69, 39.99 W
2026/09/20 21:38:56.538, 2502 MHz, 0x0000000000000000, 69, 39.96 W
2026/09/20 21:38:57.538, 2502 MHz, 0x0000000000000000, 69, 40.01 W
2026/09/20 21:38:58.539, 2502 MHz, 0x0000000000000000, 69, 39.84 W
2026/09/20 21:38:59.539, 2502 MHz, 0x0000000000000000, 69, 39.85 W
2026/09/20 21:39:00.539, 2502 MHz, 0x0000000000000000, 69, 39.79 W
2026/09/20 21:39:01.540, 2502 MHz, 0x0000000000000000, 69, 39.84 W
2026/09/20 21:39:02.540, 2502 MHz, 0x0000000000000000, 68, 38.24 W
2026/09/20 21:39:03.540, 2502 MHz, 0x0000000000000000, 68, 35.04 W
2026/09/20 21:39:04.541, 2502 MHz, 0x0000000000000000, 69, 37.06 W
2026/09/20 21:39:05.541, 2502 MHz, 0x0000000000000000, 69, 39.86 W
2026/09/20 21:39:06.542, 2502 MHz, 0x0000000000000000, 69, 39.80 W
2026/09/20 21:39:07.542, 2502 MHz, 0x0000000000000000, 69, 39.95 W
2026/09/20 21:39:08.543, 2502 MHz, 0x0000000000000000, 69, 39.87 W
2026/09/20 21:39:09.543, 2502 MHz, 0x0000000000000000, 69, 39.87 W
2026/09/20 21:39:10.544, 2502 MHz, 0x0000000000000000, 69, 39.87 W
2026/09/20 21:39:11.544, 2502 MHz, 0x0000000000000000, 69, 39.83 W
2026/09/20 21:39:12.544, 2502 MHz, 0x0000000000000000, 69, 39.88 W
2026/09/20 21:39:13.545, 2502 MHz, 0x0000000000000000, 69, 39.94 W
2026/09/20 21:39:14.545, 2502 MHz, 0x0000000000000000, 69, 39.92 W
2026/09/20 21:39:15.546, 2411 MHz, 0x0000000000000000, 64, 28.04 W
2026/09/20 21:39:16.546, 2411 MHz, 0x0000000000000000, 63, 14.16 W
2026/09/20 21:39:17.546, 2489 MHz, 0x0000000000000000, 72, 39.52 W
2026/09/20 21:39:18.547, 2470 MHz, 0x0000000000000000, 73, 58.00 W
2026/09/20 21:39:19.547, 2483 MHz, 0x0000000000000000, 72, 41.16 W
2026/09/20 21:39:20.548, 2470 MHz, 0x0000000000000000, 73, 58.22 W
2026/09/20 21:39:21.549, 2470 MHz, 0x0000000000000000, 73, 58.87 W
2026/09/20 21:39:22.549, 2476 MHz, 0x0000000000000000, 70, 53.19 W
2026/09/20 21:39:23.550, 2502 MHz, 0x0000000000000000, 69, 38.96 W
2026/09/20 21:39:24.550, 2502 MHz, 0x0000000000000000, 69, 38.84 W
2026/09/20 21:39:25.550, 2502 MHz, 0x0000000000000000, 69, 38.79 W
2026/09/20 21:39:26.551, 2502 MHz, 0x0000000000000000, 69, 38.89 W
2026/09/20 21:39:27.551, 2502 MHz, 0x0000000000000000, 69, 38.91 W
2026/09/20 21:39:28.552, 2502 MHz, 0x0000000000000000, 69, 38.97 W
2026/09/20 21:39:29.552, 2502 MHz, 0x0000000000000000, 69, 38.92 W
2026/09/20 21:39:30.552, 2502 MHz, 0x0000000000000000, 69, 38.98 W
2026/09/20 21:39:31.553, 2502 MHz, 0x0000000000000000, 69, 38.72 W
2026/09/20 21:39:32.553, 2502 MHz, 0x0000000000000000, 69, 38.80 W
2026/09/20 21:39:33.553, 2502 MHz, 0x0000000000000000, 69, 38.90 W
2026/09/20 21:39:34.553, 2502 MHz, 0x0000000000000000, 69, 38.99 W
2026/09/20 21:39:35.554, 2502 MHz, 0x0000000000000000, 69, 38.88 W
2026/09/20 21:39:36.554, 2502 MHz, 0x0000000000000000, 69, 38.67 W
2026/09/20 21:39:37.554, 2502 MHz, 0x0000000000000000, 67, 33.38 W
2026/09/20 21:39:38.555, 2502 MHz, 0x0000000000000000, 68, 35.99 W
2026/09/20 21:39:39.555, 2502 MHz, 0x0000000000000000, 68, 38.75 W
2026/09/20 21:39:40.556, 2502 MHz, 0x0000000000000000, 68, 38.81 W
2026/09/20 21:39:41.556, 2502 MHz, 0x0000000000000000, 68, 38.78 W
2026/09/20 21:39:42.557, 2502 MHz, 0x0000000000000000, 68, 38.92 W
2026/09/20 21:39:43.557, 2502 MHz, 0x0000000000000000, 68, 38.90 W
2026/09/20 21:39:44.557, 2502 MHz, 0x0000000000000000, 68, 38.71 W
2026/09/20 21:39:45.557, 2502 MHz, 0x0000000000000000, 68, 38.80 W
2026/09/20 21:39:46.558, 2502 MHz, 0x0000000000000000, 68, 38.76 W
2026/09/20 21:39:47.558, 2502 MHz, 0x0000000000000000, 68, 38.86 W
2026/09/20 21:39:48.559, 2502 MHz, 0x0000000000000000, 69, 38.97 W
2026/09/20 21:39:49.559, 2502 MHz, 0x0000000000000000, 68, 38.96 W
2026/09/20 21:39:50.559, 2502 MHz, 0x0000000000000000, 68, 38.97 W
2026/09/20 21:39:51.560, 2502 MHz, 0x0000000000000000, 68, 39.08 W
2026/09/20 21:39:52.561, 2502 MHz, 0x0000000000000000, 68, 39.10 W
2026/09/20 21:39:53.562, 2502 MHz, 0x0000000000000000, 68, 39.04 W
2026/09/20 21:39:54.562, 2502 MHz, 0x0000000000000000, 68, 39.00 W
2026/09/20 21:39:55.563, 2502 MHz, 0x0000000000000000, 68, 39.03 W
2026/09/20 21:39:56.564, 2411 MHz, 0x0000000000000000, 63, 18.14 W
2026/09/20 21:39:57.565, 2411 MHz, 0x0000000000000000, 63, 14.02 W
2026/09/20 21:39:58.565, 2476 MHz, 0x0000000000000000, 70, 53.74 W
2026/09/20 21:39:59.565, 2450 MHz, 0x0000000000000000, 64, 46.26 W
2026/09/20 21:40:00.566, 2483 MHz, 0x0000000000000000, 71, 53.60 W
2026/09/20 21:40:01.567, 2470 MHz, 0x0000000000000000, 72, 57.10 W
2026/09/20 21:40:02.567, 2470 MHz, 0x0000000000000000, 72, 57.81 W
2026/09/20 21:40:03.568, 2470 MHz, 0x0000000000000000, 73, 58.46 W
2026/09/20 21:40:04.568, 2470 MHz, 0x0000000000000000, 73, 58.18 W
2026/09/20 21:40:05.569, 2470 MHz, 0x0000000000000000, 74, 58.68 W
2026/09/20 21:40:06.570, 2470 MHz, 0x0000000000000000, 70, 53.62 W
2026/09/20 21:40:07.571, 2502 MHz, 0x0000000000000000, 69, 40.34 W
2026/09/20 21:40:08.571, 2502 MHz, 0x0000000000000000, 69, 40.23 W
2026/09/20 21:40:09.572, 2502 MHz, 0x0000000000000000, 69, 40.31 W
2026/09/20 21:40:10.572, 2502 MHz, 0x0000000000000000, 68, 38.96 W
2026/09/20 21:40:11.573, 2502 MHz, 0x0000000000000000, 68, 34.56 W
2026/09/20 21:40:12.573, 2502 MHz, 0x0000000000000000, 69, 36.99 W
2026/09/20 21:40:13.574, 2502 MHz, 0x0000000000000000, 69, 40.28 W
2026/09/20 21:40:14.574, 2502 MHz, 0x0000000000000000, 69, 40.42 W
2026/09/20 21:40:15.575, 2502 MHz, 0x0000000000000000, 69, 40.29 W
2026/09/20 21:40:16.575, 2502 MHz, 0x0000000000000000, 69, 40.28 W
2026/09/20 21:40:17.576, 2502 MHz, 0x0000000000000000, 69, 40.33 W
2026/09/20 21:40:18.576, 2502 MHz, 0x0000000000000000, 69, 40.33 W
2026/09/20 21:40:19.576, 2502 MHz, 0x0000000000000000, 69, 40.26 W
2026/09/20 21:40:20.577, 2502 MHz, 0x0000000000000000, 69, 40.18 W
2026/09/20 21:40:21.577, 2502 MHz, 0x0000000000000000, 69, 40.12 W
2026/09/20 21:40:22.578, 2502 MHz, 0x0000000000000000, 69, 40.09 W
2026/09/20 21:40:23.579, 2502 MHz, 0x0000000000000000, 69, 40.16 W
2026/09/20 21:40:24.579, 2502 MHz, 0x0000000000000000, 69, 40.10 W
2026/09/20 21:40:25.580, 2502 MHz, 0x0000000000000000, 69, 40.17 W
2026/09/20 21:40:26.580, 2502 MHz, 0x0000000000000000, 69, 40.05 W
2026/09/20 21:40:27.581, 2502 MHz, 0x0000000000000000, 69, 39.95 W
2026/09/20 21:40:28.581, 2502 MHz, 0x0000000000000000, 69, 40.22 W
2026/09/20 21:40:29.582, 2502 MHz, 0x0000000000000000, 69, 40.29 W
2026/09/20 21:40:30.582, 2502 MHz, 0x0000000000000000, 69, 40.23 W
2026/09/20 21:40:31.582, 2502 MHz, 0x0000000000000000, 69, 40.15 W
2026/09/20 21:40:32.583, 2502 MHz, 0x0000000000000000, 69, 40.24 W
2026/09/20 21:40:33.583, 2502 MHz, 0x0000000000000000, 69, 40.27 W
2026/09/20 21:40:34.584, 2502 MHz, 0x0000000000000000, 69, 40.31 W
2026/09/20 21:40:35.585, 2502 MHz, 0x0000000000000000, 69, 40.20 W
2026/09/20 21:40:36.585, 2502 MHz, 0x0000000000000000, 69, 40.24 W
2026/09/20 21:40:37.586, 2502 MHz, 0x0000000000000000, 69, 40.12 W
2026/09/20 21:40:38.587, 2502 MHz, 0x0000000000000000, 69, 40.04 W
2026/09/20 21:40:39.587, 2502 MHz, 0x0000000000000000, 69, 40.13 W
2026/09/20 21:40:40.588, 2502 MHz, 0x0000000000000000, 66, 36.66 W
2026/09/20 21:40:41.589, 2411 MHz, 0x0000000000000000, 63, 14.23 W
2026/09/20 21:40:42.590, 2418 MHz, 0x0000000000000000, 70, 23.00 W
2026/09/20 21:40:43.590, 2483 MHz, 0x0000000000000000, 71, 59.10 W
2026/09/20 21:40:44.591, 2470 MHz, 0x0000000000000000, 72, 55.60 W
2026/09/20 21:40:45.592, 2502 MHz, 0x0000000000000000, 70, 47.69 W
2026/09/20 21:40:46.592, 2502 MHz, 0x0000000000000000, 70, 46.25 W
2026/09/20 21:40:47.593, 2483 MHz, 0x0000000000000000, 71, 53.96 W
2026/09/20 21:40:48.593, 2502 MHz, 0x0000000000000000, 68, 39.15 W
2026/09/20 21:40:49.594, 2502 MHz, 0x0000000000000000, 68, 39.08 W
2026/09/20 21:40:50.595, 2502 MHz, 0x0000000000000000, 68, 39.18 W
2026/09/20 21:40:51.595, 2502 MHz, 0x0000000000000000, 68, 39.09 W
2026/09/20 21:40:52.596, 2502 MHz, 0x0000000000000000, 68, 39.08 W
2026/09/20 21:40:53.596, 2502 MHz, 0x0000000000000000, 68, 39.04 W
2026/09/20 21:40:54.597, 2502 MHz, 0x0000000000000000, 68, 39.06 W
2026/09/20 21:40:55.597, 2502 MHz, 0x0000000000000000, 69, 39.09 W
2026/09/20 21:40:56.598, 2502 MHz, 0x0000000000000000, 69, 38.99 W
2026/09/20 21:40:57.599, 2502 MHz, 0x0000000000000000, 69, 39.12 W
2026/09/20 21:40:58.600, 2502 MHz, 0x0000000000000000, 69, 39.00 W
2026/09/20 21:40:59.600, 2502 MHz, 0x0000000000000000, 69, 39.03 W
2026/09/20 21:41:00.601, 2502 MHz, 0x0000000000000000, 69, 38.92 W
2026/09/20 21:41:01.602, 2502 MHz, 0x0000000000000000, 69, 38.87 W
2026/09/20 21:41:02.602, 2502 MHz, 0x0000000000000000, 69, 38.76 W
2026/09/20 21:41:03.603, 2502 MHz, 0x0000000000000000, 69, 38.91 W
2026/09/20 21:41:04.604, 2502 MHz, 0x0000000000000000, 69, 39.03 W
2026/09/20 21:41:05.604, 2502 MHz, 0x0000000000000000, 69, 38.92 W
2026/09/20 21:41:06.605, 2502 MHz, 0x0000000000000000, 69, 39.26 W
2026/09/20 21:41:07.605, 2502 MHz, 0x0000000000000000, 69, 39.10 W
2026/09/20 21:41:08.606, 2502 MHz, 0x0000000000000000, 69, 39.07 W
2026/09/20 21:41:09.606, 2502 MHz, 0x0000000000000000, 69, 38.89 W
2026/09/20 21:41:10.607, 2502 MHz, 0x0000000000000000, 69, 39.12 W
2026/09/20 21:41:11.607, 2502 MHz, 0x0000000000000000, 69, 39.03 W
2026/09/20 21:41:12.607, 2502 MHz, 0x0000000000000000, 69, 39.29 W
2026/09/20 21:41:13.608, 2502 MHz, 0x0000000000000000, 70, 39.29 W
2026/09/20 21:41:14.608, 2502 MHz, 0x0000000000000000, 69, 39.35 W
2026/09/20 21:41:15.608, 2502 MHz, 0x0000000000000000, 69, 39.29 W
2026/09/20 21:41:16.609, 2502 MHz, 0x0000000000000000, 69, 39.18 W
2026/09/20 21:41:17.609, 2502 MHz, 0x0000000000000000, 70, 39.13 W
2026/09/20 21:41:18.610, 2502 MHz, 0x0000000000000000, 70, 39.21 W
2026/09/20 21:41:19.610, 2502 MHz, 0x0000000000000000, 69, 35.67 W
2026/09/20 21:41:20.611, 2502 MHz, 0x0000000000000000, 69, 34.40 W
2026/09/20 21:41:21.611, 2502 MHz, 0x0000000000000000, 70, 38.67 W
2026/09/20 21:41:22.613, 2411 MHz, 0x0000000000000000, 65, 14.87 W
2026/09/20 21:41:23.613, 2411 MHz, 0x0000000000000000, 64, 15.86 W
2026/09/20 21:41:24.614, 2470 MHz, 0x0000000000000000, 73, 59.72 W
2026/09/20 21:41:25.614, 2470 MHz, 0x0000000000000000, 75, 54.13 W
2026/09/20 21:41:26.614, 2470 MHz, 0x0000000000000000, 73, 59.14 W
2026/09/20 21:41:27.615, 2470 MHz, 0x0000000000000000, 73, 60.39 W
2026/09/20 21:41:28.615, 2463 MHz, 0x0000000000000000, 75, 61.83 W
2026/09/20 21:41:29.615, 2470 MHz, 0x0000000000000000, 76, 60.53 W
2026/09/20 21:41:30.616, 2470 MHz, 0x0000000000000000, 72, 56.77 W
2026/09/20 21:41:31.616, 2502 MHz, 0x0000000000000000, 71, 40.98 W
2026/09/20 21:41:32.617, 2502 MHz, 0x0000000000000000, 71, 41.01 W
2026/09/20 21:41:33.617, 2502 MHz, 0x0000000000000000, 71, 40.90 W
2026/09/20 21:41:34.618, 2502 MHz, 0x0000000000000000, 71, 41.03 W
2026/09/20 21:41:35.618, 2502 MHz, 0x0000000000000000, 71, 40.98 W
2026/09/20 21:41:36.618, 2502 MHz, 0x0000000000000000, 71, 41.00 W
2026/09/20 21:41:37.619, 2502 MHz, 0x0000000000000000, 71, 41.13 W
2026/09/20 21:41:38.619, 2502 MHz, 0x0000000000000000, 71, 41.10 W
2026/09/20 21:41:39.620, 2502 MHz, 0x0000000000000000, 71, 41.11 W
2026/09/20 21:41:40.621, 2502 MHz, 0x0000000000000000, 71, 41.11 W
2026/09/20 21:41:41.621, 2502 MHz, 0x0000000000000000, 71, 41.17 W
2026/09/20 21:41:42.622, 2502 MHz, 0x0000000000000000, 71, 41.06 W
2026/09/20 21:41:43.622, 2502 MHz, 0x0000000000000000, 71, 41.00 W
2026/09/20 21:41:44.623, 2502 MHz, 0x0000000000000000, 71, 40.94 W
2026/09/20 21:41:45.623, 2502 MHz, 0x0000000000000000, 72, 41.01 W
2026/09/20 21:41:46.623, 2502 MHz, 0x0000000000000000, 72, 41.04 W
2026/09/20 21:41:47.624, 2502 MHz, 0x0000000000000000, 71, 41.02 W
2026/09/20 21:41:48.624, 2502 MHz, 0x0000000000000000, 72, 40.91 W
2026/09/20 21:41:49.625, 2502 MHz, 0x0000000000000000, 72, 41.03 W
2026/09/20 21:41:50.625, 2502 MHz, 0x0000000000000000, 72, 41.10 W
2026/09/20 21:41:51.626, 2502 MHz, 0x0000000000000000, 72, 41.04 W
2026/09/20 21:41:52.626, 2502 MHz, 0x0000000000000000, 72, 41.12 W
2026/09/20 21:41:53.627, 2502 MHz, 0x0000000000000000, 71, 36.23 W
2026/09/20 21:41:54.627, 2502 MHz, 0x0000000000000000, 72, 36.98 W
2026/09/20 21:41:55.628, 2502 MHz, 0x0000000000000000, 71, 41.14 W
2026/09/20 21:41:56.628, 2502 MHz, 0x0000000000000000, 72, 41.15 W
2026/09/20 21:41:57.629, 2502 MHz, 0x0000000000000000, 72, 41.15 W
2026/09/20 21:41:58.629, 2502 MHz, 0x0000000000000000, 72, 41.23 W
2026/09/20 21:41:59.630, 2502 MHz, 0x0000000000000000, 72, 41.02 W
2026/09/20 21:42:00.630, 2502 MHz, 0x0000000000000000, 72, 41.15 W
2026/09/20 21:42:01.631, 2502 MHz, 0x0000000000000000, 72, 41.02 W
2026/09/20 21:42:02.631, 2502 MHz, 0x0000000000000000, 72, 41.10 W
2026/09/20 21:42:03.632, 2502 MHz, 0x0000000000000000, 72, 41.05 W
2026/09/20 21:42:04.633, 2411 MHz, 0x0000000000000000, 67, 20.43 W
2026/09/20 21:42:05.633, 2411 MHz, 0x0000000000000000, 66, 14.72 W
2026/09/20 21:42:06.634, 2470 MHz, 0x0000000000000000, 76, 54.40 W
2026/09/20 21:42:07.634, 2470 MHz, 0x0000000000000000, 74, 60.89 W
2026/09/20 21:42:08.635, 2470 MHz, 0x0000000000000000, 76, 53.74 W
2026/09/20 21:42:09.635, 2470 MHz, 0x0000000000000000, 76, 62.17 W
2026/09/20 21:42:10.636, 2470 MHz, 0x0000000000000000, 79, 64.64 W
2026/09/20 21:42:11.636, 2470 MHz, 0x0000000000000000, 73, 57.39 W
2026/09/20 21:42:12.637, 2483 MHz, 0x0000000000000000, 72, 40.26 W
2026/09/20 21:42:13.637, 2483 MHz, 0x0000000000000000, 72, 40.12 W
2026/09/20 21:42:14.637, 2483 MHz, 0x0000000000000000, 72, 40.16 W
2026/09/20 21:42:15.637, 2483 MHz, 0x0000000000000000, 72, 40.35 W
2026/09/20 21:42:16.638, 2483 MHz, 0x0000000000000000, 72, 40.19 W
2026/09/20 21:42:17.639, 2483 MHz, 0x0000000000000000, 72, 40.09 W
2026/09/20 21:42:18.639, 2483 MHz, 0x0000000000000000, 72, 40.22 W
2026/09/20 21:42:19.640, 2483 MHz, 0x0000000000000000, 72, 40.29 W
2026/09/20 21:42:20.640, 2483 MHz, 0x0000000000000000, 72, 40.30 W
2026/09/20 21:42:21.641, 2483 MHz, 0x0000000000000000, 72, 40.24 W
2026/09/20 21:42:22.641, 2483 MHz, 0x0000000000000000, 72, 40.01 W
2026/09/20 21:42:23.641, 2502 MHz, 0x0000000000000000, 72, 40.19 W
2026/09/20 21:42:24.642, 2502 MHz, 0x0000000000000000, 72, 40.16 W
2026/09/20 21:42:25.642, 2502 MHz, 0x0000000000000000, 72, 40.22 W
2026/09/20 21:42:26.643, 2502 MHz, 0x0000000000000000, 72, 39.81 W
2026/09/20 21:42:27.643, 2502 MHz, 0x0000000000000000, 71, 34.34 W
2026/09/20 21:42:28.643, 2502 MHz, 0x0000000000000000, 72, 37.58 W
2026/09/20 21:42:29.644, 2502 MHz, 0x0000000000000000, 72, 40.23 W
2026/09/20 21:42:30.644, 2502 MHz, 0x0000000000000000, 72, 40.29 W
2026/09/20 21:42:31.645, 2502 MHz, 0x0000000000000000, 72, 40.23 W
2026/09/20 21:42:32.645, 2502 MHz, 0x0000000000000000, 72, 40.12 W
2026/09/20 21:42:33.646, 2502 MHz, 0x0000000000000000, 72, 40.26 W
2026/09/20 21:42:34.646, 2502 MHz, 0x0000000000000000, 72, 40.19 W
2026/09/20 21:42:35.647, 2502 MHz, 0x0000000000000000, 72, 40.31 W
2026/09/20 21:42:36.647, 2502 MHz, 0x0000000000000000, 72, 40.17 W
2026/09/20 21:42:37.648, 2502 MHz, 0x0000000000000000, 72, 40.24 W
2026/09/20 21:42:38.649, 2502 MHz, 0x0000000000000000, 72, 40.27 W
2026/09/20 21:42:39.649, 2502 MHz, 0x0000000000000000, 72, 40.25 W
2026/09/20 21:42:40.649, 2502 MHz, 0x0000000000000000, 72, 40.27 W
2026/09/20 21:42:41.649, 2502 MHz, 0x0000000000000000, 72, 40.12 W
2026/09/20 21:42:42.650, 2502 MHz, 0x0000000000000000, 72, 39.98 W
2026/09/20 21:42:43.650, 2502 MHz, 0x0000000000000000, 72, 39.93 W
2026/09/20 21:42:44.651, 2502 MHz, 0x0000000000000000, 72, 40.04 W
2026/09/20 21:42:45.651, 2502 MHz, 0x0000000000000000, 69, 35.44 W
2026/09/20 21:42:46.652, 2411 MHz, 0x0000000000000000, 67, 14.93 W
2026/09/20 21:42:47.652, 2411 MHz, 0x0000000000000000, 73, 22.96 W
2026/09/20 21:42:48.653, 2470 MHz, 0x0000000000000000, 75, 63.51 W
2026/09/20 21:42:49.653, 2424 MHz, 0x0000000000000000, 72, 50.34 W
2026/09/20 21:42:50.654, 2470 MHz, 0x0000000000000000, 76, 63.83 W
2026/09/20 21:42:51.654, 2470 MHz, 0x0000000000000000, 78, 63.64 W
2026/09/20 21:42:52.655, 2470 MHz, 0x0000000000000000, 77, 63.38 W
2026/09/20 21:42:53.655, 2470 MHz, 0x0000000000000000, 77, 64.08 W
2026/09/20 21:42:54.656, 2470 MHz, 0x0000000000000000, 77, 63.40 W
2026/09/20 21:42:55.656, 2470 MHz, 0x0000000000000000, 78, 63.72 W
2026/09/20 21:42:56.657, 2470 MHz, 0x0000000000000000, 79, 63.51 W
2026/09/20 21:42:57.657, 2483 MHz, 0x0000000000000000, 74, 42.76 W
2026/09/20 21:42:58.658, 2483 MHz, 0x0000000000000000, 74, 41.91 W
2026/09/20 21:42:59.658, 2483 MHz, 0x0000000000000000, 74, 41.92 W
2026/09/20 21:43:00.658, 2483 MHz, 0x0000000000000000, 73, 40.33 W
2026/09/20 21:43:01.659, 2483 MHz, 0x0000000000000000, 72, 35.97 W
2026/09/20 21:43:02.659, 2483 MHz, 0x0000000000000000, 73, 38.87 W
2026/09/20 21:43:03.659, 2483 MHz, 0x0000000000000000, 73, 41.97 W
2026/09/20 21:43:04.660, 2483 MHz, 0x0000000000000000, 73, 41.98 W
2026/09/20 21:43:05.660, 2483 MHz, 0x0000000000000000, 73, 42.06 W
2026/09/20 21:43:06.661, 2483 MHz, 0x0000000000000000, 73, 41.99 W
2026/09/20 21:43:07.661, 2483 MHz, 0x0000000000000000, 74, 42.03 W
2026/09/20 21:43:08.661, 2483 MHz, 0x0000000000000000, 73, 41.99 W
2026/09/20 21:43:09.662, 2483 MHz, 0x0000000000000000, 74, 42.03 W
2026/09/20 21:43:10.662, 2483 MHz, 0x0000000000000000, 73, 42.08 W
2026/09/20 21:43:11.663, 2483 MHz, 0x0000000000000000, 74, 42.06 W
2026/09/20 21:43:12.664, 2483 MHz, 0x0000000000000000, 73, 42.04 W
2026/09/20 21:43:13.664, 2483 MHz, 0x0000000000000000, 73, 42.06 W
2026/09/20 21:43:14.664, 2483 MHz, 0x0000000000000000, 73, 42.09 W
2026/09/20 21:43:15.664, 2483 MHz, 0x0000000000000000, 74, 42.12 W
2026/09/20 21:43:16.665, 2483 MHz, 0x0000000000000000, 73, 42.15 W
2026/09/20 21:43:17.666, 2483 MHz, 0x0000000000000000, 73, 42.09 W
2026/09/20 21:43:18.666, 2483 MHz, 0x0000000000000000, 74, 41.85 W
2026/09/20 21:43:19.666, 2483 MHz, 0x0000000000000000, 73, 42.08 W
2026/09/20 21:43:20.666, 2483 MHz, 0x0000000000000000, 74, 42.21 W
2026/09/20 21:43:21.667, 2483 MHz, 0x0000000000000000, 73, 42.15 W
2026/09/20 21:43:22.667, 2483 MHz, 0x0000000000000000, 74, 41.99 W
2026/09/20 21:43:23.668, 2483 MHz, 0x0000000000000000, 74, 42.14 W
2026/09/20 21:43:24.668, 2483 MHz, 0x0000000000000000, 73, 42.09 W
2026/09/20 21:43:25.668, 2483 MHz, 0x0000000000000000, 74, 42.19 W
2026/09/20 21:43:26.669, 2483 MHz, 0x0000000000000000, 74, 42.11 W
2026/09/20 21:43:27.669, 2483 MHz, 0x0000000000000000, 74, 42.05 W
2026/09/20 21:43:28.669, 2483 MHz, 0x0000000000000000, 74, 42.18 W
2026/09/20 21:43:29.670, 2483 MHz, 0x0000000000000000, 74, 42.23 W
2026/09/20 21:43:30.670, 2424 MHz, 0x0000000000000000, 69, 31.59 W
2026/09/20 21:43:31.671, 2411 MHz, 0x0000000000000000, 68, 15.16 W
2026/09/20 21:43:32.671, 2431 MHz, 0x0000000000000000, 75, 31.64 W
2026/09/20 21:43:33.672, 2470 MHz, 0x0000000000000000, 77, 68.62 W
2026/09/20 21:43:34.672, 2470 MHz, 0x0000000000000000, 78, 70.16 W
2026/09/20 21:43:35.672, 2418 MHz, 0x0000000000000000, 73, 41.70 W
2026/09/20 21:43:36.673, 2470 MHz, 0x0000000000000000, 78, 61.38 W
2026/09/20 21:43:37.673, 2463 MHz, 0x0000000000000000, 78, 68.94 W
2026/09/20 21:43:38.674, 2470 MHz, 0x0000000000000000, 78, 69.11 W
2026/09/20 21:43:39.674, 2463 MHz, 0x0000000000000000, 77, 69.22 W
2026/09/20 21:43:40.675, 2463 MHz, 0x0000000000000000, 80, 70.57 W
2026/09/20 21:43:41.675, 2483 MHz, 0x0000000000000000, 75, 48.84 W
2026/09/20 21:43:42.676, 2483 MHz, 0x0000000000000000, 75, 41.49 W
2026/09/20 21:43:43.676, 2483 MHz, 0x0000000000000000, 74, 41.26 W
2026/09/20 21:43:44.676, 2483 MHz, 0x0000000000000000, 74, 41.19 W
2026/09/20 21:43:45.677, 2483 MHz, 0x0000000000000000, 74, 41.40 W
2026/09/20 21:43:46.677, 2483 MHz, 0x0000000000000000, 74, 41.28 W
2026/09/20 21:43:47.678, 2483 MHz, 0x0000000000000000, 74, 41.38 W
2026/09/20 21:43:48.678, 2483 MHz, 0x0000000000000000, 74, 41.19 W
2026/09/20 21:43:49.679, 2483 MHz, 0x0000000000000000, 74, 41.23 W
2026/09/20 21:43:50.680, 2483 MHz, 0x0000000000000000, 74, 41.14 W
2026/09/20 21:43:51.680, 2483 MHz, 0x0000000000000000, 74, 41.09 W
2026/09/20 21:43:52.680, 2483 MHz, 0x0000000000000000, 74, 41.34 W
2026/09/20 21:43:53.681, 2483 MHz, 0x0000000000000000, 74, 41.29 W
2026/09/20 21:43:54.681, 2483 MHz, 0x0000000000000000, 74, 41.31 W
2026/09/20 21:43:55.681, 2483 MHz, 0x0000000000000000, 74, 41.27 W
2026/09/20 21:43:56.682, 2483 MHz, 0x0000000000000000, 74, 41.24 W
2026/09/20 21:43:57.682, 2483 MHz, 0x0000000000000000, 74, 41.11 W
2026/09/20 21:43:58.682, 2483 MHz, 0x0000000000000000, 74, 41.20 W
2026/09/20 21:43:59.683, 2483 MHz, 0x0000000000000000, 74, 41.22 W
2026/09/20 21:44:00.683, 2483 MHz, 0x0000000000000000, 74, 41.10 W
2026/09/20 21:44:01.684, 2483 MHz, 0x0000000000000000, 74, 41.05 W
2026/09/20 21:44:02.684, 2483 MHz, 0x0000000000000000, 74, 40.95 W
2026/09/20 21:44:03.685, 2483 MHz, 0x0000000000000000, 74, 40.90 W
2026/09/20 21:44:04.685, 2483 MHz, 0x0000000000000000, 74, 40.99 W
2026/09/20 21:44:05.685, 2483 MHz, 0x0000000000000000, 74, 41.01 W
2026/09/20 21:44:06.685, 2483 MHz, 0x0000000000000000, 74, 40.80 W
2026/09/20 21:44:07.686, 2483 MHz, 0x0000000000000000, 74, 40.98 W
2026/09/20 21:44:08.686, 2483 MHz, 0x0000000000000000, 73, 39.78 W
2026/09/20 21:44:09.687, 2483 MHz, 0x0000000000000000, 72, 35.08 W
2026/09/20 21:44:10.687, 2483 MHz, 0x0000000000000000, 73, 38.67 W
2026/09/20 21:44:11.688, 2483 MHz, 0x0000000000000000, 73, 40.75 W
2026/09/20 21:44:12.688, 2483 MHz, 0x0000000000000000, 74, 40.92 W
2026/09/20 21:44:13.689, 2483 MHz, 0x0000000000000000, 73, 41.03 W
2026/09/20 21:44:14.689, 2483 MHz, 0x0000000000000000, 74, 40.97 W
2026/09/20 21:44:15.689, 2411 MHz, 0x0000000000000000, 69, 22.64 W
2026/09/20 21:44:16.689, 2411 MHz, 0x0000000000000000, 68, 15.17 W
2026/09/20 21:44:17.690, 2470 MHz, 0x0000000000000000, 78, 47.68 W
2026/09/20 21:44:18.690, 2470 MHz, 0x0000000000000000, 80, 68.97 W
2026/09/20 21:44:19.691, 2470 MHz, 0x0000000000000000, 80, 68.85 W
2026/09/20 21:44:20.691, 2470 MHz, 0x0000000000000000, 79, 45.24 W
2026/09/20 21:44:21.692, 2470 MHz, 0x0000000000000000, 81, 69.18 W
2026/09/20 21:44:22.692, 2470 MHz, 0x0000000000000000, 79, 69.97 W
2026/09/20 21:44:23.693, 2463 MHz, 0x0000000000000000, 80, 69.08 W
2026/09/20 21:44:24.693, 2463 MHz, 0x0000000000000000, 82, 69.28 W
2026/09/20 21:44:25.694, 2457 MHz, 0x0000000000000000, 82, 69.29 W
2026/09/20 21:44:26.694, 2457 MHz, 0x0000000000000000, 80, 69.77 W
2026/09/20 21:44:27.695, 2457 MHz, 0x0000000000000000, 80, 70.87 W
2026/09/20 21:44:28.695, 2444 MHz, 0x0000000000000000, 80, 69.02 W
2026/09/20 21:44:29.696, 2457 MHz, 0x0000000000000000, 80, 69.83 W
2026/09/20 21:44:30.696, 2450 MHz, 0x0000000000000000, 79, 69.00 W
2026/09/20 21:44:31.697, 2483 MHz, 0x0000000000000000, 76, 43.62 W
2026/09/20 21:44:32.697, 2483 MHz, 0x0000000000000000, 76, 43.53 W
2026/09/20 21:44:33.698, 2483 MHz, 0x0000000000000000, 76, 43.48 W
2026/09/20 21:44:34.698, 2483 MHz, 0x0000000000000000, 76, 43.51 W
2026/09/20 21:44:35.699, 2483 MHz, 0x0000000000000000, 76, 43.59 W
2026/09/20 21:44:36.699, 2483 MHz, 0x0000000000000000, 76, 43.55 W
2026/09/20 21:44:37.700, 2483 MHz, 0x0000000000000000, 76, 43.53 W
2026/09/20 21:44:38.700, 2483 MHz, 0x0000000000000000, 76, 43.41 W
2026/09/20 21:44:39.701, 2483 MHz, 0x0000000000000000, 76, 43.37 W
2026/09/20 21:44:40.701, 2483 MHz, 0x0000000000000000, 76, 43.41 W
2026/09/20 21:44:41.702, 2483 MHz, 0x0000000000000000, 76, 43.40 W
2026/09/20 21:44:42.702, 2483 MHz, 0x0000000000000000, 74, 40.67 W
2026/09/20 21:44:43.702, 2483 MHz, 0x0000000000000000, 74, 36.74 W
2026/09/20 21:44:44.702, 2483 MHz, 0x0000000000000000, 75, 42.18 W
2026/09/20 21:44:45.703, 2483 MHz, 0x0000000000000000, 75, 43.33 W
2026/09/20 21:44:46.703, 2483 MHz, 0x0000000000000000, 75, 43.26 W
2026/09/20 21:44:47.704, 2483 MHz, 0x0000000000000000, 75, 43.17 W
2026/09/20 21:44:48.704, 2483 MHz, 0x0000000000000000, 75, 43.20 W
2026/09/20 21:44:49.705, 2483 MHz, 0x0000000000000000, 75, 43.39 W
2026/09/20 21:44:50.705, 2483 MHz, 0x0000000000000000, 75, 43.52 W
2026/09/20 21:44:51.706, 2483 MHz, 0x0000000000000000, 75, 43.47 W
2026/09/20 21:44:52.706, 2483 MHz, 0x0000000000000000, 75, 43.35 W
2026/09/20 21:44:53.707, 2483 MHz, 0x0000000000000000, 75, 43.38 W
2026/09/20 21:44:54.707, 2483 MHz, 0x0000000000000000, 75, 43.40 W
2026/09/20 21:44:55.708, 2483 MHz, 0x0000000000000000, 75, 43.41 W
2026/09/20 21:44:56.708, 2483 MHz, 0x0000000000000000, 75, 43.47 W
2026/09/20 21:44:57.709, 2483 MHz, 0x0000000000000000, 75, 43.45 W
2026/09/20 21:44:58.709, 2483 MHz, 0x0000000000000000, 75, 43.46 W
2026/09/20 21:44:59.710, 2483 MHz, 0x0000000000000000, 75, 43.48 W
2026/09/20 21:45:00.710, 2483 MHz, 0x0000000000000000, 76, 43.40 W
2026/09/20 21:45:01.711, 2483 MHz, 0x0000000000000000, 75, 43.34 W
2026/09/20 21:45:02.711, 2483 MHz, 0x0000000000000000, 75, 43.34 W
2026/09/20 21:45:03.712, 2483 MHz, 0x0000000000000000, 75, 43.32 W
2026/09/20 21:45:04.712, 2483 MHz, 0x0000000000000000, 75, 43.28 W
2026/09/20 21:45:05.713, 2411 MHz, 0x0000000000000000, 70, 18.74 W
2026/09/20 21:45:06.714, 2411 MHz, 0x0000000000000000, 69, 15.49 W
2026/09/20 21:45:07.715, 2411 MHz, 0x0000000000000000, 68, 15.42 W
2026/09/20 21:45:08.716, 2411 MHz, 0x0000000000000000, 68, 15.26 W
2026/09/20 21:45:09.716, 2411 MHz, 0x0000000000000000, 67, 15.14 W
2026/09/20 21:45:10.716, 2411 MHz, 0x0000000000000000, 67, 15.09 W
2026/09/20 21:45:11.717, 2411 MHz, 0x0000000000000000, 67, 14.95 W
2026/09/20 21:45:12.718, 2411 MHz, 0x0000000000000000, 66, 14.79 W
2026/09/20 21:45:13.718, 2411 MHz, 0x0000000000000000, 66, 14.75 W
2026/09/20 21:45:14.719, 2411 MHz, 0x0000000000000000, 65, 14.67 W
2026/09/20 21:45:15.720, 2411 MHz, 0x0000000000000000, 65, 14.53 W
2026/09/20 21:45:16.720, 2411 MHz, 0x0000000000000000, 65, 15.53 W
2026/09/20 21:45:17.721, 2411 MHz, 0x0000000000000000, 65, 14.69 W
2026/09/20 21:45:18.721, 2411 MHz, 0x0000000000000000, 64, 14.33 W
2026/09/20 21:45:19.722, 2411 MHz, 0x0000000000000000, 64, 14.33 W
2026/09/20 21:45:20.723, 2411 MHz, 0x0000000000000000, 64, 14.22 W
2026/09/20 21:45:21.724, 2411 MHz, 0x0000000000000000, 63, 14.18 W
2026/09/20 21:45:22.724, 2411 MHz, 0x0000000000000000, 63, 14.15 W
2026/09/20 21:45:23.725, 2411 MHz, 0x0000000000000000, 63, 14.07 W
2026/09/20 21:45:24.726, 2411 MHz, 0x0000000000000000, 63, 14.00 W
2026/09/20 21:45:25.727, 2411 MHz, 0x0000000000000000, 62, 13.99 W
2026/09/20 21:45:26.728, 2411 MHz, 0x0000000000000000, 62, 13.87 W
2026/09/20 21:45:27.728, 2411 MHz, 0x0000000000000000, 62, 13.85 W
2026/09/20 21:45:28.729, 2398 MHz, 0x0000000000000000, 62, 13.63 W
2026/09/20 21:45:29.729, 2398 MHz, 0x0000000000000000, 62, 13.36 W
2026/09/20 21:45:30.730, 2398 MHz, 0x0000000000000000, 61, 13.28 W
2026/09/20 21:45:31.731, 2398 MHz, 0x0000000000000000, 61, 13.29 W
2026/09/20 21:45:32.732, 2398 MHz, 0x0000000000000000, 61, 13.23 W
2026/09/20 21:45:33.733, 2398 MHz, 0x0000000000000000, 61, 13.16 W
2026/09/20 21:45:34.734, 2398 MHz, 0x0000000000000000, 61, 13.12 W
2026/09/20 21:45:35.734, 2398 MHz, 0x0000000000000000, 60, 12.95 W
2026/09/20 21:45:36.735, 2398 MHz, 0x0000000000000000, 60, 12.89 W
2026/09/20 21:45:37.736, 2398 MHz, 0x0000000000000000, 60, 12.88 W
2026/09/20 21:45:38.737, 2398 MHz, 0x0000000000000000, 60, 12.85 W
2026/09/20 21:45:39.737, 2398 MHz, 0x0000000000000000, 60, 12.77 W
2026/09/20 21:45:40.738, 2398 MHz, 0x0000000000000000, 59, 12.77 W
2026/09/20 21:45:41.739, 2398 MHz, 0x0000000000000000, 59, 12.68 W
2026/09/20 21:45:42.740, 2398 MHz, 0x0000000000000000, 59, 12.61 W
2026/09/20 21:45:43.740, 2398 MHz, 0x0000000000000000, 59, 12.61 W
2026/09/20 21:45:44.741, 2398 MHz, 0x0000000000000000, 59, 12.59 W
2026/09/20 21:45:45.742, 2398 MHz, 0x0000000000000000, 59, 12.57 W
2026/09/20 21:45:46.742, 2398 MHz, 0x0000000000000000, 59, 12.57 W
2026/09/20 21:45:47.743, 2398 MHz, 0x0000000000000000, 58, 12.51 W
2026/09/20 21:45:48.744, 2398 MHz, 0x0000000000000000, 58, 12.49 W
2026/09/20 21:45:49.744, 2398 MHz, 0x0000000000000000, 58, 13.09 W
2026/09/20 21:45:50.745, 2398 MHz, 0x0000000000000000, 58, 13.12 W
2026/09/20 21:45:51.746, 2398 MHz, 0x0000000000000000, 58, 12.45 W
2026/09/20 21:45:52.747, 2398 MHz, 0x0000000000000000, 58, 12.43 W
2026/09/20 21:45:53.747, 2522 MHz, 0x0000000000000000, 61, 19.08 W
2026/09/20 21:45:54.748, 2522 MHz, 0x0000000000000000, 62, 35.38 W
2026/09/20 21:45:55.749, 2522 MHz, 0x0000000000000000, 63, 35.69 W
2026/09/20 21:45:56.749, 2502 MHz, 0x0000000000000000, 63, 35.55 W
2026/09/20 21:45:57.750, 2502 MHz, 0x0000000000000000, 64, 36.37 W
2026/09/20 21:45:58.751, 2502 MHz, 0x0000000000000000, 64, 35.74 W
2026/09/20 21:45:59.751, 2502 MHz, 0x0000000000000000, 64, 35.81 W
2026/09/20 21:46:00.752, 2502 MHz, 0x0000000000000000, 65, 35.85 W
2026/09/20 21:46:01.752, 2502 MHz, 0x0000000000000000, 64, 35.23 W
2026/09/20 21:46:02.753, 2502 MHz, 0x0000000000000000, 65, 35.58 W
2026/09/20 21:46:03.754, 2502 MHz, 0x0000000000000000, 65, 35.65 W
2026/09/20 21:46:04.755, 2502 MHz, 0x0000000000000000, 68, 38.66 W
2026/09/20 21:46:05.755, 2502 MHz, 0x0000000000000000, 65, 36.73 W
2026/09/20 21:46:06.757, 2483 MHz, 0x0000000000000000, 63, 39.05 W
2026/09/20 21:46:07.758, 2398 MHz, 0x0000000000000000, 61, 13.45 W
2026/09/20 21:46:08.758, 2398 MHz, 0x0000000000000000, 60, 13.17 W
2026/09/20 21:46:09.759, 2398 MHz, 0x0000000000000000, 60, 12.90 W
2026/09/20 21:46:10.760, 2398 MHz, 0x0000000000000000, 60, 12.82 W
2026/09/20 21:46:11.761, 2398 MHz, 0x0000000000000000, 59, 12.79 W
2026/09/20 21:46:12.762, 2398 MHz, 0x0000000000000000, 59, 12.71 W
2026/09/20 21:46:13.763, 2398 MHz, 0x0000000000000000, 59, 12.68 W
2026/09/20 21:46:14.763, 2398 MHz, 0x0000000000000000, 59, 12.65 W
2026/09/20 21:46:15.764, 2398 MHz, 0x0000000000000000, 59, 12.64 W
2026/09/20 21:46:16.765, 2398 MHz, 0x0000000000000000, 58, 12.70 W
2026/09/20 21:46:17.766, 2398 MHz, 0x0000000000000000, 58, 12.58 W
2026/09/20 21:46:18.766, 2398 MHz, 0x0000000000000000, 58, 12.55 W
2026/09/20 21:46:19.767, 2398 MHz, 0x0000000000000000, 58, 12.55 W
2026/09/20 21:46:20.768, 2398 MHz, 0x0000000000000000, 58, 12.53 W
2026/09/20 21:46:21.769, 2398 MHz, 0x0000000000000000, 58, 12.65 W
2026/09/20 21:46:22.769, 2398 MHz, 0x0000000000000000, 58, 13.59 W
2026/09/20 21:46:23.770, 2398 MHz, 0x0000000000000000, 57, 12.45 W
2026/09/20 21:46:24.771, 2398 MHz, 0x0000000000000000, 57, 12.50 W
2026/09/20 21:46:25.772, 2398 MHz, 0x0000000000000000, 57, 12.42 W
2026/09/20 21:46:26.773, 2398 MHz, 0x0000000000000000, 57, 12.39 W
2026/09/20 21:46:27.774, 2398 MHz, 0x0000000000000000, 57, 12.34 W
2026/09/20 21:46:28.774, 2398 MHz, 0x0000000000000000, 57, 12.36 W
2026/09/20 21:46:29.776, 2398 MHz, 0x0000000000000000, 57, 12.33 W
2026/09/20 21:46:30.776, 2398 MHz, 0x0000000000000000, 56, 12.36 W
2026/09/20 21:46:31.776, 2398 MHz, 0x0000000000000000, 56, 12.24 W
2026/09/20 21:46:32.777, 2398 MHz, 0x0000000000000000, 56, 12.21 W
2026/09/20 21:46:33.778, 2398 MHz, 0x0000000000000000, 56, 12.22 W
2026/09/20 21:46:34.778, 2398 MHz, 0x0000000000000000, 56, 12.21 W
2026/09/20 21:46:35.779, 2398 MHz, 0x0000000000000000, 56, 12.23 W
2026/09/20 21:46:36.780, 2398 MHz, 0x0000000000000000, 56, 12.30 W
2026/09/20 21:46:37.780, 2398 MHz, 0x0000000000000000, 56, 12.22 W
2026/09/20 21:46:38.781, 2398 MHz, 0x0000000000000000, 56, 12.24 W
2026/09/20 21:46:39.782, 2398 MHz, 0x0000000000000000, 56, 12.24 W
2026/09/20 21:46:40.783, 2398 MHz, 0x0000000000000000, 55, 12.19 W
2026/09/20 21:46:41.783, 2398 MHz, 0x0000000000000000, 55, 12.08 W
2026/09/20 21:46:42.783, 2398 MHz, 0x0000000000000000, 55, 12.06 W
2026/09/20 21:46:43.784, 2398 MHz, 0x0000000000000000, 55, 12.07 W
2026/09/20 21:46:44.785, 2398 MHz, 0x0000000000000000, 55, 12.01 W
2026/09/20 21:46:45.785, 2398 MHz, 0x0000000000000000, 55, 11.99 W
2026/09/20 21:46:46.785, 2398 MHz, 0x0000000000000000, 55, 12.01 W
2026/09/20 21:46:47.786, 2398 MHz, 0x0000000000000000, 55, 11.98 W
2026/09/20 21:46:48.787, 2398 MHz, 0x0000000000000000, 55, 11.99 W
2026/09/20 21:46:49.788, 2398 MHz, 0x0000000000000000, 55, 12.01 W
2026/09/20 21:46:50.789, 2398 MHz, 0x0000000000000000, 55, 12.02 W
2026/09/20 21:46:51.790, 2398 MHz, 0x0000000000000000, 55, 11.99 W
2026/09/20 21:46:52.791, 2398 MHz, 0x0000000000000000, 54, 11.95 W
2026/09/20 21:46:53.792, 2398 MHz, 0x0000000000000000, 54, 11.94 W
2026/09/20 21:46:54.792, 2398 MHz, 0x0000000000000000, 55, 12.40 W
2026/09/20 21:46:55.793, 2398 MHz, 0x0000000000000000, 54, 12.55 W
2026/09/20 21:46:56.793, 2398 MHz, 0x0000000000000000, 54, 11.93 W
2026/09/20 21:46:57.794, 2398 MHz, 0x0000000000000000, 54, 11.92 W
2026/09/20 21:46:58.794, 2398 MHz, 0x0000000000000000, 54, 11.88 W
2026/09/20 21:46:59.796, 2398 MHz, 0x0000000000000000, 54, 11.81 W
2026/09/20 21:47:00.797, 2398 MHz, 0x0000000000000000, 54, 11.77 W
2026/09/20 21:47:01.797, 2398 MHz, 0x0000000000000000, 54, 11.82 W
2026/09/20 21:47:02.798, 2398 MHz, 0x0000000000000000, 54, 11.81 W
2026/09/20 21:47:03.799, 2398 MHz, 0x0000000000000000, 54, 11.80 W
2026/09/20 21:47:04.800, 2398 MHz, 0x0000000000000000, 54, 11.75 W
2026/09/20 21:47:05.801, 2398 MHz, 0x0000000000000000, 54, 11.81 W
2026/09/20 21:47:06.802, 2398 MHz, 0x0000000000000000, 54, 11.79 W
2026/09/20 21:47:07.803, 2398 MHz, 0x0000000000000000, 54, 11.79 W
2026/09/20 21:47:08.803, 2398 MHz, 0x0000000000000000, 54, 11.78 W
2026/09/20 21:47:09.804, 2398 MHz, 0x0000000000000000, 53, 11.80 W
2026/09/20 21:47:10.805, 2398 MHz, 0x0000000000000000, 53, 11.80 W
2026/09/20 21:47:11.806, 2398 MHz, 0x0000000000000000, 53, 11.76 W
2026/09/20 21:47:12.807, 2398 MHz, 0x0000000000000000, 53, 11.77 W
2026/09/20 21:47:13.808, 2398 MHz, 0x0000000000000000, 53, 11.76 W
2026/09/20 21:47:14.809, 2398 MHz, 0x0000000000000000, 53, 11.77 W
2026/09/20 21:47:15.810, 2398 MHz, 0x0000000000000000, 53, 11.80 W
2026/09/20 21:47:16.810, 2398 MHz, 0x0000000000000000, 53, 11.72 W
2026/09/20 21:47:17.811, 2398 MHz, 0x0000000000000000, 53, 11.74 W
2026/09/20 21:47:18.812, 2398 MHz, 0x0000000000000000, 53, 11.73 W
2026/09/20 21:47:19.813, 2398 MHz, 0x0000000000000000, 53, 11.73 W
2026/09/20 21:47:20.814, 2398 MHz, 0x0000000000000000, 53, 11.70 W
2026/09/20 21:47:21.814, 2398 MHz, 0x0000000000000000, 53, 11.72 W
2026/09/20 21:47:22.815, 2398 MHz, 0x0000000000000000, 53, 11.76 W
2026/09/20 21:47:23.816, 2398 MHz, 0x0000000000000000, 53, 11.77 W
2026/09/20 21:47:24.816, 2398 MHz, 0x0000000000000000, 53, 11.69 W
2026/09/20 21:47:25.817, 2398 MHz, 0x0000000000000000, 53, 11.56 W
2026/09/20 21:47:26.817, 2398 MHz, 0x0000000000000000, 53, 11.54 W
2026/09/20 21:47:27.818, 2398 MHz, 0x0000000000000000, 53, 12.46 W
2026/09/20 21:47:28.819, 2398 MHz, 0x0000000000000000, 53, 11.59 W
2026/09/20 21:47:29.820, 2398 MHz, 0x0000000000000000, 52, 11.48 W
2026/09/20 21:47:30.820, 2398 MHz, 0x0000000000000000, 52, 11.49 W
2026/09/20 21:47:31.821, 2398 MHz, 0x0000000000000000, 52, 11.51 W
2026/09/20 21:47:32.821, 2398 MHz, 0x0000000000000000, 52, 11.50 W
2026/09/20 21:47:33.822, 2398 MHz, 0x0000000000000000, 52, 11.52 W
2026/09/20 21:47:34.822, 2398 MHz, 0x0000000000000000, 52, 11.53 W
2026/09/20 21:47:35.823, 2398 MHz, 0x0000000000000000, 52, 11.51 W
2026/09/20 21:47:36.824, 2398 MHz, 0x0000000000000000, 52, 11.45 W
2026/09/20 21:47:37.824, 2398 MHz, 0x0000000000000000, 52, 11.46 W
2026/09/20 21:47:38.825, 2398 MHz, 0x0000000000000000, 52, 11.51 W
2026/09/20 21:47:39.826, 2398 MHz, 0x0000000000000000, 52, 11.49 W
2026/09/20 21:47:40.827, 2398 MHz, 0x0000000000000000, 52, 11.48 W
2026/09/20 21:47:41.827, 2398 MHz, 0x0000000000000000, 52, 11.47 W
2026/09/20 21:47:42.828, 2398 MHz, 0x0000000000000000, 52, 11.44 W
2026/09/20 21:47:43.828, 2398 MHz, 0x0000000000000000, 52, 11.40 W
2026/09/20 21:47:44.829, 2398 MHz, 0x0000000000000000, 52, 11.42 W
2026/09/20 21:47:45.830, 2398 MHz, 0x0000000000000000, 52, 11.44 W
2026/09/20 21:47:46.830, 2398 MHz, 0x0000000000000000, 52, 11.43 W
2026/09/20 21:47:47.831, 2398 MHz, 0x0000000000000000, 52, 11.44 W
2026/09/20 21:47:48.832, 2398 MHz, 0x0000000000000000, 52, 11.48 W
2026/09/20 21:47:49.832, 2398 MHz, 0x0000000000000000, 52, 11.51 W
2026/09/20 21:47:50.833, 2398 MHz, 0x0000000000000000, 52, 11.46 W
2026/09/20 21:47:51.833, 2398 MHz, 0x0000000000000000, 52, 11.44 W
2026/09/20 21:47:52.834, 2398 MHz, 0x0000000000000000, 52, 11.43 W
2026/09/20 21:47:53.834, 2398 MHz, 0x0000000000000000, 52, 11.39 W
2026/09/20 21:47:54.835, 2398 MHz, 0x0000000000000000, 52, 11.37 W
2026/09/20 21:47:55.835, 2398 MHz, 0x0000000000000000, 52, 11.29 W
2026/09/20 21:47:56.836, 2398 MHz, 0x0000000000000000, 51, 11.29 W
2026/09/20 21:47:57.836, 2398 MHz, 0x0000000000000000, 51, 11.30 W
2026/09/20 21:47:58.836, 2398 MHz, 0x0000000000000000, 51, 11.24 W
2026/09/20 21:47:59.837, 2398 MHz, 0x0000000000000000, 51, 11.31 W
2026/09/20 21:48:00.838, 2398 MHz, 0x0000000000000000, 52, 12.54 W
2026/09/20 21:48:01.838, 2398 MHz, 0x0000000000000000, 51, 11.27 W
2026/09/20 21:48:02.839, 2398 MHz, 0x0000000000000000, 51, 11.28 W
2026/09/20 21:48:03.839, 2398 MHz, 0x0000000000000000, 51, 11.26 W
2026/09/20 21:48:04.839, 2398 MHz, 0x0000000000000000, 51, 11.34 W
2026/09/20 21:48:05.840, 2398 MHz, 0x0000000000000000, 51, 11.31 W
2026/09/20 21:48:06.840, 2398 MHz, 0x0000000000000000, 51, 11.27 W
2026/09/20 21:48:07.841, 2398 MHz, 0x0000000000000000, 51, 11.28 W
2026/09/20 21:48:08.842, 2398 MHz, 0x0000000000000000, 51, 11.19 W
2026/09/20 21:48:09.842, 2398 MHz, 0x0000000000000000, 51, 11.21 W
2026/09/20 21:48:10.843, 2398 MHz, 0x0000000000000000, 51, 11.22 W
2026/09/20 21:48:11.844, 2398 MHz, 0x0000000000000000, 51, 11.19 W
2026/09/20 21:48:12.845, 2398 MHz, 0x0000000000000000, 51, 11.18 W
2026/09/20 21:48:13.845, 2398 MHz, 0x0000000000000000, 51, 11.18 W
2026/09/20 21:48:14.846, 2398 MHz, 0x0000000000000000, 51, 11.17 W
2026/09/20 21:48:15.846, 2398 MHz, 0x0000000000000000, 51, 11.16 W
2026/09/20 21:48:16.847, 2398 MHz, 0x0000000000000000, 51, 11.19 W
2026/09/20 21:48:17.847, 2398 MHz, 0x0000000000000000, 51, 11.21 W
2026/09/20 21:48:18.847, 2398 MHz, 0x0000000000000000, 51, 11.22 W
2026/09/20 21:48:19.848, 2398 MHz, 0x0000000000000000, 51, 11.26 W
2026/09/20 21:48:20.848, 2398 MHz, 0x0000000000000000, 51, 11.17 W
2026/09/20 21:48:21.848, 2398 MHz, 0x0000000000000000, 51, 11.22 W
2026/09/20 21:48:22.848, 2398 MHz, 0x0000000000000000, 51, 11.16 W
2026/09/20 21:48:23.849, 2398 MHz, 0x0000000000000000, 51, 11.21 W
2026/09/20 21:48:24.850, 2398 MHz, 0x0000000000000000, 51, 11.18 W
2026/09/20 21:48:25.851, 2398 MHz, 0x0000000000000000, 51, 11.14 W
2026/09/20 21:48:26.851, 2398 MHz, 0x0000000000000000, 51, 11.12 W
2026/09/20 21:48:27.852, 2398 MHz, 0x0000000000000000, 51, 11.13 W
2026/09/20 21:48:28.852, 2398 MHz, 0x0000000000000000, 51, 11.16 W
2026/09/20 21:48:29.853, 2398 MHz, 0x0000000000000000, 50, 11.13 W
2026/09/20 21:48:30.854, 2398 MHz, 0x0000000000000000, 50, 11.08 W
2026/09/20 21:48:31.855, 2398 MHz, 0x0000000000000000, 50, 11.09 W
2026/09/20 21:48:32.856, 2398 MHz, 0x0000000000000000, 50, 11.06 W
2026/09/20 21:48:33.856, 2398 MHz, 0x0000000000000000, 51, 11.84 W
2026/09/20 21:48:34.857, 2398 MHz, 0x0000000000000000, 50, 11.36 W
2026/09/20 21:48:35.858, 2398 MHz, 0x0000000000000000, 50, 11.07 W
2026/09/20 21:48:36.859, 2398 MHz, 0x0000000000000000, 50, 11.07 W
2026/09/20 21:48:37.860, 2398 MHz, 0x0000000000000000, 50, 11.11 W
2026/09/20 21:48:38.860, 2398 MHz, 0x0000000000000000, 50, 11.13 W
2026/09/20 21:48:39.861, 2398 MHz, 0x0000000000000000, 50, 11.07 W
2026/09/20 21:48:40.861, 2398 MHz, 0x0000000000000000, 50, 11.03 W
2026/09/20 21:48:41.861, 2398 MHz, 0x0000000000000000, 50, 11.04 W
2026/09/20 21:48:42.861, 2398 MHz, 0x0000000000000000, 50, 11.03 W
2026/09/20 21:48:43.861, 2398 MHz, 0x0000000000000000, 50, 11.15 W
2026/09/20 21:48:44.862, 2398 MHz, 0x0000000000000000, 50, 11.26 W
2026/09/20 21:48:45.863, 2398 MHz, 0x0000000000000000, 50, 11.09 W
2026/09/20 21:48:46.863, 2398 MHz, 0x0000000000000000, 50, 11.07 W
2026/09/20 21:48:47.864, 2398 MHz, 0x0000000000000000, 50, 11.05 W
2026/09/20 21:48:48.865, 2398 MHz, 0x0000000000000000, 50, 11.04 W
2026/09/20 21:48:49.866, 2398 MHz, 0x0000000000000000, 50, 11.03 W
2026/09/20 21:48:50.866, 2398 MHz, 0x0000000000000000, 50, 11.00 W
2026/09/20 21:48:51.867, 2398 MHz, 0x0000000000000000, 50, 11.03 W
2026/09/20 21:48:52.867, 2398 MHz, 0x0000000000000000, 50, 11.07 W
2026/09/20 21:48:53.868, 2398 MHz, 0x0000000000000000, 50, 11.40 W
2026/09/20 21:48:54.869, 2398 MHz, 0x0000000000000000, 50, 12.47 W
2026/09/20 21:48:55.869, 2398 MHz, 0x0000000000000000, 50, 11.35 W
2026/09/20 21:48:56.869, 2398 MHz, 0x0000000000000000, 50, 11.30 W
2026/09/20 21:48:57.870, 2398 MHz, 0x0000000000000000, 50, 11.38 W
2026/09/20 21:48:58.870, 2398 MHz, 0x0000000000000000, 50, 11.30 W
2026/09/20 21:48:59.870, 2398 MHz, 0x0000000000000000, 50, 11.18 W
2026/09/20 21:49:00.871, 2398 MHz, 0x0000000000000000, 50, 11.21 W
2026/09/20 21:49:01.871, 2398 MHz, 0x0000000000000000, 50, 11.28 W
2026/09/20 21:49:02.872, 2398 MHz, 0x0000000000000000, 50, 11.35 W
2026/09/20 21:49:03.872, 2398 MHz, 0x0000000000000000, 50, 11.31 W
2026/09/20 21:49:04.873, 2398 MHz, 0x0000000000000000, 50, 11.49 W
2026/09/20 21:49:05.874, 2398 MHz, 0x0000000000000000, 50, 11.32 W
2026/09/20 21:49:06.874, 2398 MHz, 0x0000000000000000, 50, 11.33 W
2026/09/20 21:49:07.874, 2398 MHz, 0x0000000000000000, 50, 11.45 W
2026/09/20 21:49:08.874, 2398 MHz, 0x0000000000000000, 50, 11.26 W
2026/09/20 21:49:09.875, 2398 MHz, 0x0000000000000000, 50, 11.27 W
2026/09/20 21:49:10.875, 2398 MHz, 0x0000000000000000, 50, 11.23 W
2026/09/20 21:49:11.875, 2398 MHz, 0x0000000000000000, 50, 11.21 W
2026/09/20 21:49:12.876, 2398 MHz, 0x0000000000000000, 50, 11.29 W
2026/09/20 21:49:13.876, 2398 MHz, 0x0000000000000000, 50, 11.31 W
2026/09/20 21:49:14.876, 2398 MHz, 0x0000000000000000, 50, 11.44 W
2026/09/20 21:49:15.876, 2398 MHz, 0x0000000000000000, 50, 11.35 W
2026/09/20 21:49:16.876, 2398 MHz, 0x0000000000000000, 50, 11.42 W
2026/09/20 21:49:17.877, 2398 MHz, 0x0000000000000000, 50, 11.27 W
2026/09/20 21:49:18.877, 2398 MHz, 0x0000000000000000, 50, 11.25 W
2026/09/20 21:49:19.877, 2398 MHz, 0x0000000000000000, 50, 11.30 W
2026/09/20 21:49:20.878, 2398 MHz, 0x0000000000000000, 50, 11.26 W
2026/09/20 21:49:21.878, 2398 MHz, 0x0000000000000000, 50, 11.23 W
2026/09/20 21:49:22.878, 2398 MHz, 0x0000000000000000, 50, 11.21 W
2026/09/20 21:49:23.878, 2398 MHz, 0x0000000000000000, 50, 11.30 W
2026/09/20 21:49:24.878, 2398 MHz, 0x0000000000000000, 50, 11.28 W
2026/09/20 21:49:25.879, 2398 MHz, 0x0000000000000000, 50, 11.43 W
2026/09/20 21:49:26.879, 2398 MHz, 0x0000000000000000, 50, 11.22 W
2026/09/20 21:49:27.879, 2398 MHz, 0x0000000000000000, 50, 11.37 W
2026/09/20 21:49:28.880, 2398 MHz, 0x0000000000000000, 50, 11.46 W
2026/09/20 21:49:29.880, 2398 MHz, 0x0000000000000000, 50, 11.27 W
2026/09/20 21:49:30.880, 2398 MHz, 0x0000000000000000, 50, 11.25 W
2026/09/20 21:49:31.881, 2398 MHz, 0x0000000000000000, 50, 11.29 W
2026/09/20 21:49:32.881, 2398 MHz, 0x0000000000000000, 50, 11.07 W
2026/09/20 21:49:33.882, 2398 MHz, 0x0000000000000000, 50, 11.00 W
2026/09/20 21:49:34.883, 2398 MHz, 0x0000000000000000, 50, 11.05 W
2026/09/20 21:49:35.883, 2398 MHz, 0x0000000000000000, 50, 11.03 W
2026/09/20 21:49:36.883, 2398 MHz, 0x0000000000000000, 50, 11.00 W
2026/09/20 21:49:37.884, 2398 MHz, 0x0000000000000000, 50, 11.03 W
2026/09/20 21:49:38.884, 2398 MHz, 0x0000000000000000, 50, 10.98 W
2026/09/20 21:49:39.885, 2398 MHz, 0x0000000000000000, 49, 10.97 W
2026/09/20 21:49:40.885, 2398 MHz, 0x0000000000000000, 49, 10.95 W
2026/09/20 21:49:41.886, 2398 MHz, 0x0000000000000000, 49, 10.92 W
2026/09/20 21:49:42.887, 2398 MHz, 0x0000000000000000, 49, 10.97 W
2026/09/20 21:49:43.887, 2398 MHz, 0x0000000000000000, 49, 11.00 W
2026/09/20 21:49:44.888, 2398 MHz, 0x0000000000000000, 49, 11.00 W
2026/09/20 21:49:45.888, 2398 MHz, 0x0000000000000000, 49, 10.96 W
2026/09/20 21:49:46.888, 2398 MHz, 0x0000000000000000, 49, 10.96 W
2026/09/20 21:49:47.889, 2398 MHz, 0x0000000000000000, 49, 10.94 W
2026/09/20 21:49:48.889, 2398 MHz, 0x0000000000000000, 49, 10.88 W
2026/09/20 21:49:49.889, 2398 MHz, 0x0000000000000000, 49, 10.89 W
2026/09/20 21:49:50.889, 2398 MHz, 0x0000000000000000, 49, 10.92 W
2026/09/20 21:49:51.890, 2398 MHz, 0x0000000000000000, 49, 10.96 W
2026/09/20 21:49:52.890, 2398 MHz, 0x0000000000000000, 49, 10.97 W
2026/09/20 21:49:53.891, 2398 MHz, 0x0000000000000000, 49, 10.94 W
2026/09/20 21:49:54.891, 2398 MHz, 0x0000000000000000, 49, 10.97 W
2026/09/20 21:49:55.892, 2398 MHz, 0x0000000000000000, 49, 10.94 W
2026/09/20 21:49:56.892, 2398 MHz, 0x0000000000000000, 49, 11.01 W
2026/09/20 21:49:57.893, 2398 MHz, 0x0000000000000000, 49, 10.97 W
2026/09/20 21:49:58.893, 2398 MHz, 0x0000000000000000, 49, 10.90 W
2026/09/20 21:49:59.893, 2398 MHz, 0x0000000000000000, 49, 10.98 W
2026/09/20 21:50:00.894, 2398 MHz, 0x0000000000000000, 49, 12.23 W
2026/09/20 21:50:01.894, 2398 MHz, 0x0000000000000000, 49, 10.92 W
2026/09/20 21:50:02.895, 2398 MHz, 0x0000000000000000, 49, 10.93 W
2026/09/20 21:50:03.895, 2398 MHz, 0x0000000000000000, 49, 10.91 W
2026/09/20 21:50:04.896, 2398 MHz, 0x0000000000000000, 49, 10.98 W
2026/09/20 21:50:05.898, 2398 MHz, 0x0000000000000000, 49, 10.92 W
2026/09/20 21:50:06.898, 2398 MHz, 0x0000000000000000, 49, 10.85 W
2026/09/20 21:50:07.898, 2398 MHz, 0x0000000000000000, 49, 10.90 W
2026/09/20 21:50:08.898, 2398 MHz, 0x0000000000000000, 49, 10.89 W
2026/09/20 21:50:09.899, 2398 MHz, 0x0000000000000000, 49, 10.96 W
2026/09/20 21:50:10.899, 2398 MHz, 0x0000000000000000, 49, 10.93 W
2026/09/20 21:50:11.900, 2398 MHz, 0x0000000000000000, 49, 10.88 W
2026/09/20 21:50:12.901, 2398 MHz, 0x0000000000000000, 49, 10.86 W
2026/09/20 21:50:13.902, 2398 MHz, 0x0000000000000000, 49, 10.88 W
2026/09/20 21:50:14.903, 2398 MHz, 0x0000000000000000, 49, 10.90 W
2026/09/20 21:50:15.903, 2398 MHz, 0x0000000000000000, 49, 10.86 W
2026/09/20 21:50:16.904, 2398 MHz, 0x0000000000000000, 49, 10.84 W
2026/09/20 21:50:17.905, 2398 MHz, 0x0000000000000000, 49, 10.84 W
2026/09/20 21:50:18.906, 2398 MHz, 0x0000000000000000, 49, 10.87 W
2026/09/20 21:50:19.907, 2398 MHz, 0x0000000000000000, 49, 10.89 W
2026/09/20 21:50:20.907, 2398 MHz, 0x0000000000000000, 49, 10.86 W
2026/09/20 21:50:21.908, 2398 MHz, 0x0000000000000000, 49, 10.84 W
2026/09/20 21:50:22.908, 2398 MHz, 0x0000000000000000, 48, 10.80 W
2026/09/20 21:50:23.909, 2398 MHz, 0x0000000000000000, 48, 10.86 W
2026/09/20 21:50:24.910, 2398 MHz, 0x0000000000000000, 48, 10.88 W
2026/09/20 21:50:25.911, 2398 MHz, 0x0000000000000000, 48, 10.90 W
2026/09/20 21:50:26.911, 2398 MHz, 0x0000000000000000, 48, 10.86 W
2026/09/20 21:50:27.912, 2398 MHz, 0x0000000000000000, 48, 10.83 W
2026/09/20 21:50:28.913, 2398 MHz, 0x0000000000000000, 48, 10.82 W
2026/09/20 21:50:29.914, 2398 MHz, 0x0000000000000000, 48, 10.83 W
2026/09/20 21:50:30.914, 2398 MHz, 0x0000000000000000, 48, 10.83 W
2026/09/20 21:50:31.915, 2398 MHz, 0x0000000000000000, 48, 10.81 W
2026/09/20 21:50:32.916, 2398 MHz, 0x0000000000000000, 48, 10.83 W
2026/09/20 21:50:33.917, 2398 MHz, 0x0000000000000000, 49, 11.98 W
2026/09/20 21:50:34.918, 2398 MHz, 0x0000000000000000, 48, 10.96 W
2026/09/20 21:50:35.918, 2398 MHz, 0x0000000000000000, 48, 10.85 W
2026/09/20 21:50:36.919, 2398 MHz, 0x0000000000000000, 48, 10.80 W
2026/09/20 21:50:37.920, 2398 MHz, 0x0000000000000000, 48, 10.83 W
2026/09/20 21:50:38.921, 2398 MHz, 0x0000000000000000, 48, 10.80 W
2026/09/20 21:50:39.922, 2398 MHz, 0x0000000000000000, 48, 10.79 W
2026/09/20 21:50:40.923, 2398 MHz, 0x0000000000000000, 48, 10.79 W
2026/09/20 21:50:41.923, 2398 MHz, 0x0000000000000000, 48, 10.76 W
2026/09/20 21:50:42.924, 2398 MHz, 0x0000000000000000, 48, 10.81 W
2026/09/20 21:50:43.925, 2398 MHz, 0x0000000000000000, 48, 10.86 W
2026/09/20 21:50:44.926, 2398 MHz, 0x0000000000000000, 48, 10.80 W
2026/09/20 21:50:45.927, 2398 MHz, 0x0000000000000000, 48, 10.82 W
2026/09/20 21:50:46.928, 2398 MHz, 0x0000000000000000, 48, 10.88 W
2026/09/20 21:50:47.928, 2398 MHz, 0x0000000000000000, 48, 10.80 W
2026/09/20 21:50:48.929, 2398 MHz, 0x0000000000000000, 48, 10.78 W
2026/09/20 21:50:49.930, 2398 MHz, 0x0000000000000000, 48, 10.86 W
2026/09/20 21:50:50.931, 2398 MHz, 0x0000000000000000, 48, 10.81 W
2026/09/20 21:50:51.932, 2398 MHz, 0x0000000000000000, 48, 10.84 W
2026/09/20 21:50:52.933, 2398 MHz, 0x0000000000000000, 48, 10.83 W
2026/09/20 21:50:53.933, 2398 MHz, 0x0000000000000000, 48, 10.85 W
2026/09/20 21:50:54.934, 2398 MHz, 0x0000000000000000, 48, 10.87 W
2026/09/20 21:50:55.934, 2398 MHz, 0x0000000000000000, 48, 10.87 W
2026/09/20 21:50:56.935, 2398 MHz, 0x0000000000000000, 48, 10.89 W
2026/09/20 21:50:57.936, 2398 MHz, 0x0000000000000000, 48, 10.85 W
2026/09/20 21:50:58.937, 2398 MHz, 0x0000000000000000, 48, 10.86 W
2026/09/20 21:50:59.937, 2398 MHz, 0x0000000000000000, 48, 10.84 W
2026/09/20 21:51:00.938, 2398 MHz, 0x0000000000000000, 48, 10.86 W
2026/09/20 21:51:01.938, 2398 MHz, 0x0000000000000000, 48, 10.83 W
2026/09/20 21:51:02.939, 2398 MHz, 0x0000000000000000, 48, 10.82 W
2026/09/20 21:51:03.939, 2398 MHz, 0x0000000000000000, 48, 10.88 W
2026/09/20 21:51:04.939, 2398 MHz, 0x0000000000000000, 48, 10.90 W
2026/09/20 21:51:05.940, 2398 MHz, 0x0000000000000000, 48, 10.86 W
2026/09/20 21:51:06.940, 2398 MHz, 0x0000000000000000, 48, 11.52 W
2026/09/20 21:51:07.941, 2398 MHz, 0x0000000000000000, 48, 11.51 W
2026/09/20 21:51:08.942, 2398 MHz, 0x0000000000000000, 48, 10.84 W
2026/09/20 21:51:09.943, 2398 MHz, 0x0000000000000000, 48, 10.78 W
2026/09/20 21:51:10.943, 2398 MHz, 0x0000000000000000, 48, 10.80 W
2026/09/20 21:51:11.944, 2398 MHz, 0x0000000000000000, 48, 10.81 W
2026/09/20 21:51:12.945, 2398 MHz, 0x0000000000000000, 48, 10.76 W
2026/09/20 21:51:13.946, 2398 MHz, 0x0000000000000000, 48, 10.75 W
2026/09/20 21:51:14.946, 2398 MHz, 0x0000000000000000, 48, 10.81 W
2026/09/20 21:51:15.947, 2398 MHz, 0x0000000000000000, 48, 10.77 W
2026/09/20 21:51:16.947, 2398 MHz, 0x0000000000000000, 48, 10.77 W
2026/09/20 21:51:17.948, 2398 MHz, 0x0000000000000000, 48, 10.78 W
2026/09/20 21:51:18.948, 2398 MHz, 0x0000000000000000, 48, 10.79 W
2026/09/20 21:51:19.949, 2398 MHz, 0x0000000000000000, 48, 10.82 W
2026/09/20 21:51:20.950, 2398 MHz, 0x0000000000000000, 48, 10.82 W
2026/09/20 21:51:21.950, 2398 MHz, 0x0000000000000000, 48, 10.79 W
2026/09/20 21:51:22.951, 2398 MHz, 0x0000000000000000, 48, 10.77 W
2026/09/20 21:51:23.951, 2398 MHz, 0x0000000000000000, 48, 10.78 W
2026/09/20 21:51:24.952, 2398 MHz, 0x0000000000000000, 48, 10.73 W
2026/09/20 21:51:25.952, 2398 MHz, 0x0000000000000000, 48, 10.74 W
2026/09/20 21:51:26.952, 2398 MHz, 0x0000000000000000, 48, 10.72 W
2026/09/20 21:51:27.953, 2398 MHz, 0x0000000000000000, 48, 10.76 W
2026/09/20 21:51:28.954, 2398 MHz, 0x0000000000000000, 48, 10.77 W
2026/09/20 21:51:29.954, 2398 MHz, 0x0000000000000000, 48, 10.80 W
2026/09/20 21:51:30.955, 2398 MHz, 0x0000000000000000, 48, 10.81 W
2026/09/20 21:51:31.955, 2398 MHz, 0x0000000000000000, 48, 10.77 W
2026/09/20 21:51:32.956, 2398 MHz, 0x0000000000000000, 48, 10.72 W
2026/09/20 21:51:33.957, 2398 MHz, 0x0000000000000000, 48, 10.70 W
2026/09/20 21:51:34.958, 2398 MHz, 0x0000000000000000, 48, 10.73 W
2026/09/20 21:51:35.959, 2398 MHz, 0x0000000000000000, 48, 10.67 W
2026/09/20 21:51:36.960, 2398 MHz, 0x0000000000000000, 47, 10.73 W
2026/09/20 21:51:37.961, 2398 MHz, 0x0000000000000000, 47, 10.78 W
2026/09/20 21:51:38.962, 2398 MHz, 0x0000000000000000, 48, 10.72 W
2026/09/20 21:51:39.963, 2398 MHz, 0x0000000000000000, 48, 10.95 W
2026/09/20 21:51:40.964, 2398 MHz, 0x0000000000000000, 48, 11.70 W
2026/09/20 21:51:41.964, 2398 MHz, 0x0000000000000000, 47, 10.74 W
2026/09/20 21:51:42.965, 2398 MHz, 0x0000000000000000, 47, 10.71 W
2026/09/20 21:51:43.966, 2398 MHz, 0x0000000000000000, 47, 10.68 W
2026/09/20 21:51:44.967, 2398 MHz, 0x0000000000000000, 47, 10.69 W
2026/09/20 21:51:45.968, 2398 MHz, 0x0000000000000000, 47, 10.72 W
2026/09/20 21:51:46.968, 2398 MHz, 0x0000000000000000, 47, 10.65 W
2026/09/20 21:51:47.968, 2398 MHz, 0x0000000000000000, 47, 10.71 W
2026/09/20 21:51:48.968, 2398 MHz, 0x0000000000000000, 47, 10.69 W
2026/09/20 21:51:49.969, 2398 MHz, 0x0000000000000000, 47, 10.74 W
2026/09/20 21:51:50.970, 2398 MHz, 0x0000000000000000, 47, 10.70 W
2026/09/20 21:51:51.970, 2398 MHz, 0x0000000000000000, 47, 10.70 W
2026/09/20 21:51:52.970, 2398 MHz, 0x0000000000000000, 47, 10.67 W
2026/09/20 21:51:53.971, 2398 MHz, 0x0000000000000000, 47, 10.66 W
2026/09/20 21:51:54.971, 2398 MHz, 0x0000000000000000, 47, 10.62 W
2026/09/20 21:51:55.972, 2398 MHz, 0x0000000000000000, 47, 10.63 W
2026/09/20 21:51:56.972, 2398 MHz, 0x0000000000000000, 47, 10.65 W
2026/09/20 21:51:57.973, 2398 MHz, 0x0000000000000000, 47, 10.62 W
2026/09/20 21:51:58.974, 2398 MHz, 0x0000000000000000, 47, 10.62 W
2026/09/20 21:51:59.975, 2398 MHz, 0x0000000000000000, 47, 10.62 W
2026/09/20 21:52:00.975, 2398 MHz, 0x0000000000000000, 47, 10.66 W
2026/09/20 21:52:01.976, 2398 MHz, 0x0000000000000000, 47, 10.62 W
2026/09/20 21:52:02.977, 2398 MHz, 0x0000000000000000, 47, 10.64 W
2026/09/20 21:52:03.977, 2398 MHz, 0x0000000000000000, 47, 10.72 W
2026/09/20 21:52:04.978, 2398 MHz, 0x0000000000000000, 47, 10.70 W
2026/09/20 21:52:05.979, 2398 MHz, 0x0000000000000000, 47, 10.71 W
2026/09/20 21:52:06.980, 2398 MHz, 0x0000000000000000, 47, 10.65 W
2026/09/20 21:52:07.981, 2398 MHz, 0x0000000000000000, 47, 10.67 W
2026/09/20 21:52:08.981, 2398 MHz, 0x0000000000000000, 47, 10.70 W
2026/09/20 21:52:09.982, 2398 MHz, 0x0000000000000000, 47, 10.64 W
2026/09/20 21:52:10.982, 2398 MHz, 0x0000000000000000, 47, 10.66 W
2026/09/20 21:52:11.983, 2398 MHz, 0x0000000000000000, 47, 10.67 W
2026/09/20 21:52:12.983, 2398 MHz, 0x0000000000000000, 47, 10.66 W
2026/09/20 21:52:13.984, 2398 MHz, 0x0000000000000000, 47, 11.84 W
2026/09/20 21:52:14.984, 2398 MHz, 0x0000000000000000, 47, 10.66 W
2026/09/20 21:52:15.985, 2398 MHz, 0x0000000000000000, 47, 10.69 W
2026/09/20 21:52:16.986, 2398 MHz, 0x0000000000000000, 47, 10.68 W
2026/09/20 21:52:17.986, 2398 MHz, 0x0000000000000000, 47, 10.66 W
2026/09/20 21:52:18.987, 2398 MHz, 0x0000000000000000, 47, 10.57 W
2026/09/20 21:52:19.987, 2398 MHz, 0x0000000000000000, 47, 10.57 W
2026/09/20 21:52:20.988, 2398 MHz, 0x0000000000000000, 47, 10.58 W
2026/09/20 21:52:21.989, 2398 MHz, 0x0000000000000000, 47, 10.61 W
2026/09/20 21:52:22.990, 2398 MHz, 0x0000000000000000, 47, 10.59 W
2026/09/20 21:52:23.990, 2398 MHz, 0x0000000000000000, 47, 10.63 W
2026/09/20 21:52:24.991, 2398 MHz, 0x0000000000000000, 47, 10.58 W
2026/09/20 21:52:25.992, 2398 MHz, 0x0000000000000000, 47, 10.64 W
2026/09/20 21:52:26.993, 2398 MHz, 0x0000000000000000, 47, 10.63 W
2026/09/20 21:52:27.993, 2398 MHz, 0x0000000000000000, 47, 10.62 W
2026/09/20 21:52:28.994, 2398 MHz, 0x0000000000000000, 47, 10.66 W
2026/09/20 21:52:29.994, 2398 MHz, 0x0000000000000000, 47, 10.63 W
2026/09/20 21:52:30.995, 2398 MHz, 0x0000000000000000, 47, 10.61 W
2026/09/20 21:52:31.996, 2398 MHz, 0x0000000000000000, 47, 10.62 W
2026/09/20 21:52:32.996, 2398 MHz, 0x0000000000000000, 47, 10.58 W
2026/09/20 21:52:33.996, 2398 MHz, 0x0000000000000000, 47, 10.60 W
2026/09/20 21:52:34.997, 2398 MHz, 0x0000000000000000, 47, 10.56 W
2026/09/20 21:52:35.998, 2398 MHz, 0x0000000000000000, 47, 10.55 W
2026/09/20 21:52:36.999, 2398 MHz, 0x0000000000000000, 47, 10.57 W
2026/09/20 21:52:38.000, 2398 MHz, 0x0000000000000000, 47, 10.56 W
2026/09/20 21:52:39.000, 2398 MHz, 0x0000000000000000, 47, 10.55 W
2026/09/20 21:52:40.000, 2398 MHz, 0x0000000000000000, 47, 10.55 W
2026/09/20 21:52:41.001, 2398 MHz, 0x0000000000000000, 47, 10.57 W
2026/09/20 21:52:42.002, 2398 MHz, 0x0000000000000000, 47, 10.58 W
2026/09/20 21:52:43.002, 2398 MHz, 0x0000000000000000, 47, 10.56 W
2026/09/20 21:52:44.003, 2398 MHz, 0x0000000000000000, 47, 10.55 W
2026/09/20 21:52:45.003, 2398 MHz, 0x0000000000000000, 47, 10.56 W
2026/09/20 21:52:46.004, 2398 MHz, 0x0000000000000000, 47, 10.61 W
2026/09/20 21:52:47.004, 2398 MHz, 0x0000000000000000, 47, 11.57 W
2026/09/20 21:52:48.005, 2398 MHz, 0x0000000000000000, 47, 10.92 W
2026/09/20 21:52:49.006, 2398 MHz, 0x0000000000000000, 47, 10.64 W
2026/09/20 21:52:50.006, 2398 MHz, 0x0000000000000000, 47, 10.66 W
2026/09/20 21:52:51.007, 2398 MHz, 0x0000000000000000, 47, 10.67 W
2026/09/20 21:52:52.008, 2398 MHz, 0x0000000000000000, 47, 10.64 W
2026/09/20 21:52:53.008, 2398 MHz, 0x0000000000000000, 47, 10.62 W
2026/09/20 21:52:54.009, 2398 MHz, 0x0000000000000000, 47, 10.65 W
2026/09/20 21:52:55.010, 2398 MHz, 0x0000000000000000, 47, 10.63 W
2026/09/20 21:52:56.010, 2398 MHz, 0x0000000000000000, 47, 10.60 W
2026/09/20 21:52:57.011, 2398 MHz, 0x0000000000000000, 47, 10.61 W
2026/09/20 21:52:58.012, 2398 MHz, 0x0000000000000000, 47, 10.68 W
2026/09/20 21:52:59.013, 2398 MHz, 0x0000000000000000, 47, 10.69 W
2026/09/20 21:53:00.013, 2398 MHz, 0x0000000000000000, 47, 10.67 W
2026/09/20 21:53:01.014, 2398 MHz, 0x0000000000000000, 47, 10.65 W
2026/09/20 21:53:02.015, 2398 MHz, 0x0000000000000000, 47, 10.63 W
2026/09/20 21:53:03.015, 2398 MHz, 0x0000000000000000, 47, 10.61 W
2026/09/20 21:53:04.016, 2398 MHz, 0x0000000000000000, 47, 10.69 W
2026/09/20 21:53:05.017, 2398 MHz, 0x0000000000000000, 47, 10.70 W
2026/09/20 21:53:06.018, 2398 MHz, 0x0000000000000000, 47, 10.72 W
2026/09/20 21:53:07.019, 2398 MHz, 0x0000000000000000, 47, 10.72 W
2026/09/20 21:53:08.019, 2398 MHz, 0x0000000000000000, 47, 10.68 W
2026/09/20 21:53:09.020, 2398 MHz, 0x0000000000000000, 47, 10.69 W
2026/09/20 21:53:10.021, 2398 MHz, 0x0000000000000000, 47, 10.74 W
2026/09/20 21:53:11.022, 2398 MHz, 0x0000000000000000, 47, 10.70 W
2026/09/20 21:53:12.023, 2398 MHz, 0x0000000000000000, 47, 10.72 W
2026/09/20 21:53:13.023, 2398 MHz, 0x0000000000000000, 47, 10.77 W
2026/09/20 21:53:14.025, 2398 MHz, 0x0000000000000000, 47, 10.70 W
2026/09/20 21:53:15.025, 2398 MHz, 0x0000000000000000, 47, 10.73 W
2026/09/20 21:53:16.026, 2398 MHz, 0x0000000000000000, 47, 10.77 W
2026/09/20 21:53:17.026, 2398 MHz, 0x0000000000000000, 47, 10.76 W
2026/09/20 21:53:18.027, 2398 MHz, 0x0000000000000000, 47, 10.70 W
2026/09/20 21:53:19.028, 2398 MHz, 0x0000000000000000, 48, 10.69 W
2026/09/20 21:53:20.028, 2398 MHz, 0x0000000000000000, 48, 11.26 W
2026/09/20 21:53:21.028, 2398 MHz, 0x0000000000000000, 48, 11.40 W
2026/09/20 21:53:22.029, 2398 MHz, 0x0000000000000000, 48, 10.68 W
2026/09/20 21:53:23.030, 2398 MHz, 0x0000000000000000, 48, 10.75 W
2026/09/20 21:53:24.030, 2398 MHz, 0x0000000000000000, 48, 10.71 W
2026/09/20 21:53:25.031, 2398 MHz, 0x0000000000000000, 48, 10.72 W
2026/09/20 21:53:26.032, 2398 MHz, 0x0000000000000000, 48, 10.76 W
2026/09/20 21:53:27.033, 2398 MHz, 0x0000000000000000, 48, 10.74 W
2026/09/20 21:53:28.033, 2398 MHz, 0x0000000000000000, 48, 10.73 W
2026/09/20 21:53:29.034, 2398 MHz, 0x0000000000000000, 48, 10.73 W
2026/09/20 21:53:30.034, 2398 MHz, 0x0000000000000000, 48, 10.68 W
2026/09/20 21:53:31.035, 2398 MHz, 0x0000000000000000, 48, 10.71 W
2026/09/20 21:53:32.036, 2398 MHz, 0x0000000000000000, 48, 10.67 W
2026/09/20 21:53:33.037, 2398 MHz, 0x0000000000000000, 48, 10.68 W
2026/09/20 21:53:34.038, 2398 MHz, 0x0000000000000000, 48, 10.69 W
2026/09/20 21:53:35.038, 2398 MHz, 0x0000000000000000, 48, 10.68 W
2026/09/20 21:53:36.039, 2398 MHz, 0x0000000000000000, 48, 10.70 W
2026/09/20 21:53:37.039, 2398 MHz, 0x0000000000000000, 48, 10.68 W
2026/09/20 21:53:38.040, 2398 MHz, 0x0000000000000000, 48, 10.66 W
2026/09/20 21:53:39.041, 2398 MHz, 0x0000000000000000, 48, 10.67 W
2026/09/20 21:53:40.042, 2398 MHz, 0x0000000000000000, 48, 10.69 W
2026/09/20 21:53:41.043, 2398 MHz, 0x0000000000000000, 48, 10.68 W
2026/09/20 21:53:42.044, 2398 MHz, 0x0000000000000000, 48, 10.69 W
2026/09/20 21:53:43.045, 2398 MHz, 0x0000000000000000, 48, 10.67 W
2026/09/20 21:53:44.046, 2398 MHz, 0x0000000000000000, 48, 10.67 W
2026/09/20 21:53:45.046, 2398 MHz, 0x0000000000000000, 48, 10.71 W
2026/09/20 21:53:46.047, 2398 MHz, 0x0000000000000000, 48, 10.69 W
2026/09/20 21:53:47.048, 2398 MHz, 0x0000000000000000, 48, 10.69 W
2026/09/20 21:53:48.049, 2398 MHz, 0x0000000000000000, 48, 10.68 W
2026/09/20 21:53:49.050, 2398 MHz, 0x0000000000000000, 48, 10.65 W
2026/09/20 21:53:50.050, 2398 MHz, 0x0000000000000000, 48, 10.71 W
2026/09/20 21:53:51.051, 2398 MHz, 0x0000000000000000, 48, 10.73 W
2026/09/20 21:53:52.052, 2398 MHz, 0x0000000000000000, 48, 10.70 W
2026/09/20 21:53:53.052, 2398 MHz, 0x0000000000000000, 48, 10.80 W
2026/09/20 21:53:54.053, 2398 MHz, 0x0000000000000000, 48, 11.85 W
2026/09/20 21:53:55.054, 2398 MHz, 0x0000000000000000, 48, 10.68 W
2026/09/20 21:53:56.054, 2398 MHz, 0x0000000000000000, 48, 10.77 W
2026/09/20 21:53:57.055, 2398 MHz, 0x0000000000000000, 48, 10.76 W
2026/09/20 21:53:58.056, 2398 MHz, 0x0000000000000000, 48, 10.74 W
2026/09/20 21:53:59.057, 2398 MHz, 0x0000000000000000, 48, 10.75 W
2026/09/20 21:54:00.058, 2398 MHz, 0x0000000000000000, 48, 10.75 W
2026/09/20 21:54:01.058, 2398 MHz, 0x0000000000000000, 48, 10.73 W
2026/09/20 21:54:02.059, 2398 MHz, 0x0000000000000000, 48, 10.73 W
2026/09/20 21:54:03.060, 2398 MHz, 0x0000000000000000, 48, 10.70 W
2026/09/20 21:54:04.061, 2398 MHz, 0x0000000000000000, 48, 10.72 W
2026/09/20 21:54:05.062, 2398 MHz, 0x0000000000000000, 48, 10.78 W
2026/09/20 21:54:06.062, 2398 MHz, 0x0000000000000000, 48, 10.77 W
2026/09/20 21:54:07.063, 2398 MHz, 0x0000000000000000, 48, 10.78 W
2026/09/20 21:54:08.063, 2398 MHz, 0x0000000000000000, 48, 10.71 W
2026/09/20 21:54:09.064, 2398 MHz, 0x0000000000000000, 48, 10.74 W
2026/09/20 21:54:10.065, 2398 MHz, 0x0000000000000000, 48, 10.73 W
2026/09/20 21:54:11.066, 2398 MHz, 0x0000000000000000, 48, 10.77 W
2026/09/20 21:54:12.067, 2398 MHz, 0x0000000000000000, 48, 10.78 W
2026/09/20 21:54:13.067, 2398 MHz, 0x0000000000000000, 48, 10.77 W
2026/09/20 21:54:14.068, 2398 MHz, 0x0000000000000000, 48, 10.73 W
2026/09/20 21:54:15.069, 2398 MHz, 0x0000000000000000, 48, 10.77 W
2026/09/20 21:54:16.070, 2398 MHz, 0x0000000000000000, 48, 10.82 W
2026/09/20 21:54:17.070, 2398 MHz, 0x0000000000000000, 48, 10.76 W
2026/09/20 21:54:18.070, 2398 MHz, 0x0000000000000000, 48, 10.72 W
2026/09/20 21:54:19.071, 2398 MHz, 0x0000000000000000, 48, 10.71 W
2026/09/20 21:54:20.072, 2398 MHz, 0x0000000000000000, 48, 10.75 W
2026/09/20 21:54:21.073, 2398 MHz, 0x0000000000000000, 48, 10.74 W
2026/09/20 21:54:22.073, 2398 MHz, 0x0000000000000000, 48, 10.77 W
2026/09/20 21:54:23.074, 2398 MHz, 0x0000000000000000, 48, 10.77 W
2026/09/20 21:54:24.074, 2398 MHz, 0x0000000000000000, 48, 10.76 W
2026/09/20 21:54:25.075, 2398 MHz, 0x0000000000000000, 48, 10.72 W
2026/09/20 21:54:26.075, 2398 MHz, 0x0000000000000000, 48, 10.73 W
2026/09/20 21:54:27.076, 2398 MHz, 0x0000000000000000, 48, 12.01 W
2026/09/20 21:54:28.077, 2398 MHz, 0x0000000000000000, 48, 10.74 W
2026/09/20 21:54:29.077, 2398 MHz, 0x0000000000000000, 48, 10.80 W
2026/09/20 21:54:30.078, 2398 MHz, 0x0000000000000000, 48, 10.79 W
2026/09/20 21:54:31.078, 2398 MHz, 0x0000000000000000, 48, 10.84 W
2026/09/20 21:54:32.079, 2398 MHz, 0x0000000000000000, 48, 10.76 W
2026/09/20 21:54:33.079, 2398 MHz, 0x0000000000000000, 48, 10.75 W
2026/09/20 21:54:34.080, 2398 MHz, 0x0000000000000000, 48, 10.79 W
2026/09/20 21:54:35.080, 2398 MHz, 0x0000000000000000, 48, 10.75 W
2026/09/20 21:54:36.081, 2398 MHz, 0x0000000000000000, 48, 10.78 W
2026/09/20 21:54:37.082, 2398 MHz, 0x0000000000000000, 48, 10.79 W
2026/09/20 21:54:38.082, 2398 MHz, 0x0000000000000000, 48, 10.77 W
2026/09/20 21:54:39.083, 2398 MHz, 0x0000000000000000, 48, 10.73 W
2026/09/20 21:54:40.083, 2398 MHz, 0x0000000000000000, 48, 10.75 W
2026/09/20 21:54:41.084, 2398 MHz, 0x0000000000000000, 48, 10.80 W
2026/09/20 21:54:42.085, 2398 MHz, 0x0000000000000000, 48, 10.77 W
2026/09/20 21:54:43.086, 2398 MHz, 0x0000000000000000, 48, 10.74 W
2026/09/20 21:54:44.087, 2398 MHz, 0x0000000000000000, 48, 10.82 W
2026/09/20 21:54:45.088, 2398 MHz, 0x0000000000000000, 48, 10.80 W
2026/09/20 21:54:46.088, 2398 MHz, 0x0000000000000000, 48, 10.79 W
2026/09/20 21:54:47.088, 2398 MHz, 0x0000000000000000, 48, 10.74 W
2026/09/20 21:54:48.088, 2398 MHz, 0x0000000000000000, 48, 10.73 W
2026/09/20 21:54:49.089, 2398 MHz, 0x0000000000000000, 48, 10.75 W
2026/09/20 21:54:50.090, 2398 MHz, 0x0000000000000000, 48, 10.83 W
2026/09/20 21:54:51.092, 2398 MHz, 0x0000000000000000, 48, 10.81 W
2026/09/20 21:54:52.093, 2398 MHz, 0x0000000000000000, 48, 10.75 W
2026/09/20 21:54:53.094, 2398 MHz, 0x0000000000000000, 48, 10.74 W
2026/09/20 21:54:54.094, 2398 MHz, 0x0000000000000000, 48, 10.76 W
2026/09/20 21:54:55.095, 2398 MHz, 0x0000000000000000, 48, 10.76 W
2026/09/20 21:54:56.095, 2398 MHz, 0x0000000000000000, 48, 10.80 W
2026/09/20 21:54:57.096, 2398 MHz, 0x0000000000000000, 48, 10.80 W
2026/09/20 21:54:58.097, 2398 MHz, 0x0000000000000000, 48, 10.82 W
2026/09/20 21:54:59.097, 2398 MHz, 0x0000000000000000, 48, 10.84 W
2026/09/20 21:55:00.097, 2398 MHz, 0x0000000000000000, 48, 11.61 W
2026/09/20 21:55:01.098, 2398 MHz, 0x0000000000000000, 48, 11.28 W
2026/09/20 21:55:02.098, 2398 MHz, 0x0000000000000000, 48, 10.87 W
2026/09/20 21:55:03.099, 2398 MHz, 0x0000000000000000, 48, 10.76 W
2026/09/20 21:55:04.099, 2398 MHz, 0x0000000000000000, 48, 10.80 W
2026/09/20 21:55:05.100, 2398 MHz, 0x0000000000000000, 48, 10.82 W
2026/09/20 21:55:06.100, 2398 MHz, 0x0000000000000000, 48, 10.78 W
2026/09/20 21:55:07.101, 2398 MHz, 0x0000000000000000, 48, 10.80 W
2026/09/20 21:55:08.101, 2398 MHz, 0x0000000000000000, 48, 10.81 W
2026/09/20 21:55:09.103, 2398 MHz, 0x0000000000000000, 48, 10.73 W
2026/09/20 21:55:10.103, 2398 MHz, 0x0000000000000000, 48, 10.76 W
2026/09/20 21:55:11.104, 2398 MHz, 0x0000000000000000, 48, 10.73 W
2026/09/20 21:55:12.104, 2398 MHz, 0x0000000000000000, 48, 10.73 W
2026/09/20 21:55:13.105, 2398 MHz, 0x0000000000000000, 48, 10.72 W
2026/09/20 21:55:14.105, 2398 MHz, 0x0000000000000000, 48, 10.73 W
2026/09/20 21:55:15.106, 2398 MHz, 0x0000000000000000, 48, 10.79 W
2026/09/20 21:55:16.106, 2398 MHz, 0x0000000000000000, 48, 10.88 W
2026/09/20 21:55:17.107, 2398 MHz, 0x0000000000000000, 48, 10.82 W
2026/09/20 21:55:18.108, 2398 MHz, 0x0000000000000000, 48, 10.77 W
2026/09/20 21:55:19.108, 2398 MHz, 0x0000000000000000, 48, 10.76 W
2026/09/20 21:55:20.109, 2398 MHz, 0x0000000000000000, 48, 10.76 W
2026/09/20 21:55:21.109, 2398 MHz, 0x0000000000000000, 48, 10.79 W
2026/09/20 21:55:22.109, 2398 MHz, 0x0000000000000000, 48, 10.76 W
2026/09/20 21:55:23.110, 2398 MHz, 0x0000000000000000, 48, 10.76 W
2026/09/20 21:55:24.110, 2398 MHz, 0x0000000000000000, 48, 10.77 W
2026/09/20 21:55:25.110, 2398 MHz, 0x0000000000000000, 48, 10.78 W
2026/09/20 21:55:26.111, 2398 MHz, 0x0000000000000000, 48, 10.76 W
2026/09/20 21:55:27.111, 2398 MHz, 0x0000000000000000, 48, 10.79 W
2026/09/20 21:55:28.112, 2398 MHz, 0x0000000000000000, 48, 10.76 W
2026/09/20 21:55:29.112, 2398 MHz, 0x0000000000000000, 48, 10.76 W
2026/09/20 21:55:30.113, 2398 MHz, 0x0000000000000000, 48, 10.79 W
2026/09/20 21:55:31.113, 2398 MHz, 0x0000000000000000, 48, 10.84 W
2026/09/20 21:55:32.114, 2398 MHz, 0x0000000000000000, 48, 10.80 W
2026/09/20 21:55:33.114, 2398 MHz, 0x0000000000000000, 48, 11.21 W
2026/09/20 21:55:34.115, 2398 MHz, 0x0000000000000000, 48, 11.68 W
2026/09/20 21:55:35.116, 2398 MHz, 0x0000000000000000, 48, 10.80 W
2026/09/20 21:55:36.116, 2398 MHz, 0x0000000000000000, 48, 10.81 W
2026/09/20 21:55:37.117, 2398 MHz, 0x0000000000000000, 48, 10.76 W
2026/09/20 21:55:38.118, 2398 MHz, 0x0000000000000000, 48, 10.77 W
2026/09/20 21:55:39.118, 2398 MHz, 0x0000000000000000, 48, 10.74 W
2026/09/20 21:55:40.119, 2398 MHz, 0x0000000000000000, 48, 10.69 W
2026/09/20 21:55:41.120, 2398 MHz, 0x0000000000000000, 48, 10.72 W
2026/09/20 21:55:42.120, 2398 MHz, 0x0000000000000000, 48, 10.74 W
2026/09/20 21:55:43.121, 2398 MHz, 0x0000000000000000, 48, 10.75 W
2026/09/20 21:55:44.121, 2398 MHz, 0x0000000000000000, 48, 10.76 W
2026/09/20 21:55:45.121, 2398 MHz, 0x0000000000000000, 48, 10.75 W
2026/09/20 21:55:46.122, 2398 MHz, 0x0000000000000000, 48, 10.77 W
2026/09/20 21:55:47.123, 2398 MHz, 0x0000000000000000, 48, 10.73 W
2026/09/20 21:55:48.124, 2398 MHz, 0x0000000000000000, 48, 10.74 W
2026/09/20 21:55:49.125, 2398 MHz, 0x0000000000000000, 48, 10.80 W
2026/09/20 21:55:50.125, 2398 MHz, 0x0000000000000000, 48, 10.76 W
2026/09/20 21:55:51.126, 2398 MHz, 0x0000000000000000, 48, 10.74 W
2026/09/20 21:55:52.126, 2398 MHz, 0x0000000000000000, 48, 10.74 W
2026/09/20 21:55:53.127, 2398 MHz, 0x0000000000000000, 48, 10.73 W
2026/09/20 21:55:54.128, 2398 MHz, 0x0000000000000000, 48, 10.75 W
2026/09/20 21:55:55.129, 2398 MHz, 0x0000000000000000, 48, 10.77 W
2026/09/20 21:55:56.129, 2398 MHz, 0x0000000000000000, 48, 10.75 W
2026/09/20 21:55:57.130, 2398 MHz, 0x0000000000000000, 48, 10.74 W
2026/09/20 21:55:58.131, 2398 MHz, 0x0000000000000000, 48, 10.76 W
2026/09/20 21:55:59.132, 2398 MHz, 0x0000000000000000, 48, 10.74 W
2026/09/20 21:56:00.133, 2398 MHz, 0x0000000000000000, 48, 10.75 W
2026/09/20 21:56:01.133, 2398 MHz, 0x0000000000000000, 48, 10.76 W
2026/09/20 21:56:02.134, 2398 MHz, 0x0000000000000000, 48, 10.73 W
2026/09/20 21:56:03.135, 2398 MHz, 0x0000000000000000, 48, 10.76 W
2026/09/20 21:56:04.135, 2398 MHz, 0x0000000000000000, 48, 10.77 W
2026/09/20 21:56:05.136, 2398 MHz, 0x0000000000000000, 48, 10.74 W
2026/09/20 21:56:06.137, 2398 MHz, 0x0000000000000000, 48, 11.49 W
2026/09/20 21:56:07.137, 2398 MHz, 0x0000000000000000, 48, 11.19 W
2026/09/20 21:56:08.138, 2398 MHz, 0x0000000000000000, 48, 10.77 W
2026/09/20 21:56:09.139, 2398 MHz, 0x0000000000000000, 48, 10.77 W
2026/09/20 21:56:10.140, 2398 MHz, 0x0000000000000000, 48, 10.73 W
2026/09/20 21:56:11.140, 2398 MHz, 0x0000000000000000, 48, 10.75 W
2026/09/20 21:56:12.141, 2398 MHz, 0x0000000000000000, 48, 10.76 W
2026/09/20 21:56:13.142, 2398 MHz, 0x0000000000000000, 48, 10.77 W
2026/09/20 21:56:14.143, 2398 MHz, 0x0000000000000000, 48, 10.78 W
2026/09/20 21:56:15.144, 2398 MHz, 0x0000000000000000, 48, 10.71 W
2026/09/20 21:56:16.144, 2398 MHz, 0x0000000000000000, 48, 10.76 W
2026/09/20 21:56:17.145, 2398 MHz, 0x0000000000000000, 48, 10.74 W
2026/09/20 21:56:18.146, 2398 MHz, 0x0000000000000000, 48, 10.74 W
2026/09/20 21:56:19.147, 2398 MHz, 0x0000000000000000, 48, 10.74 W
2026/09/20 21:56:20.148, 2398 MHz, 0x0000000000000000, 48, 10.81 W
2026/09/20 21:56:21.149, 2398 MHz, 0x0000000000000000, 48, 10.84 W
2026/09/20 21:56:22.149, 2398 MHz, 0x0000000000000000, 48, 10.77 W
2026/09/20 21:56:23.150, 2398 MHz, 0x0000000000000000, 48, 10.82 W
2026/09/20 21:56:24.152, 2398 MHz, 0x0000000000000000, 48, 10.81 W
2026/09/20 21:56:25.152, 2398 MHz, 0x0000000000000000, 48, 10.77 W
2026/09/20 21:56:26.153, 2398 MHz, 0x0000000000000000, 48, 10.76 W
2026/09/20 21:56:27.153, 2398 MHz, 0x0000000000000000, 48, 10.73 W
2026/09/20 21:56:28.154, 2398 MHz, 0x0000000000000000, 48, 10.75 W
2026/09/20 21:56:29.154, 2398 MHz, 0x0000000000000000, 48, 10.73 W
2026/09/20 21:56:30.154, 2398 MHz, 0x0000000000000000, 48, 10.78 W
2026/09/20 21:56:31.154, 2398 MHz, 0x0000000000000000, 48, 10.74 W
2026/09/20 21:56:32.155, 2398 MHz, 0x0000000000000000, 48, 10.79 W
2026/09/20 21:56:33.156, 2398 MHz, 0x0000000000000000, 48, 10.84 W
2026/09/20 21:56:34.156, 2398 MHz, 0x0000000000000000, 48, 10.81 W
2026/09/20 21:56:35.156, 2398 MHz, 0x0000000000000000, 48, 10.82 W
2026/09/20 21:56:36.156, 2398 MHz, 0x0000000000000000, 48, 10.80 W
2026/09/20 21:56:37.157, 2398 MHz, 0x0000000000000000, 48, 10.79 W
2026/09/20 21:56:38.157, 2398 MHz, 0x0000000000000000, 48, 10.89 W
2026/09/20 21:56:39.158, 2398 MHz, 0x0000000000000000, 48, 12.01 W
2026/09/20 21:56:40.158, 2398 MHz, 0x0000000000000000, 48, 10.96 W
2026/09/20 21:56:41.159, 2398 MHz, 0x0000000000000000, 48, 10.81 W
2026/09/20 21:56:42.159, 2398 MHz, 0x0000000000000000, 48, 10.87 W
2026/09/20 21:56:43.160, 2398 MHz, 0x0000000000000000, 48, 10.84 W
2026/09/20 21:56:44.161, 2398 MHz, 0x0000000000000000, 48, 10.82 W
2026/09/20 21:56:45.162, 2398 MHz, 0x0000000000000000, 48, 10.89 W
2026/09/20 21:56:46.163, 2398 MHz, 0x0000000000000000, 48, 10.89 W
2026/09/20 21:56:47.164, 2398 MHz, 0x0000000000000000, 48, 10.81 W
2026/09/20 21:56:48.165, 2398 MHz, 0x0000000000000000, 48, 10.87 W
2026/09/20 21:56:49.166, 2398 MHz, 0x0000000000000000, 48, 10.90 W
2026/09/20 21:56:50.166, 2398 MHz, 0x0000000000000000, 48, 10.91 W
2026/09/20 21:56:51.167, 2398 MHz, 0x0000000000000000, 48, 10.91 W
2026/09/20 21:56:52.168, 2398 MHz, 0x0000000000000000, 48, 10.86 W
2026/09/20 21:56:53.169, 2398 MHz, 0x0000000000000000, 48, 10.85 W
2026/09/20 21:56:54.170, 2398 MHz, 0x0000000000000000, 48, 10.83 W
2026/09/20 21:56:55.170, 2398 MHz, 0x0000000000000000, 48, 10.81 W
2026/09/20 21:56:56.171, 2398 MHz, 0x0000000000000000, 48, 10.86 W
2026/09/20 21:56:57.171, 2398 MHz, 0x0000000000000000, 48, 10.88 W
2026/09/20 21:56:58.172, 2398 MHz, 0x0000000000000000, 48, 10.85 W
2026/09/20 21:56:59.173, 2398 MHz, 0x0000000000000000, 48, 10.83 W
2026/09/20 21:57:00.174, 2398 MHz, 0x0000000000000000, 48, 10.81 W
2026/09/20 21:57:01.174, 2398 MHz, 0x0000000000000000, 48, 10.86 W
2026/09/20 21:57:02.175, 2398 MHz, 0x0000000000000000, 48, 10.84 W
2026/09/20 21:57:03.176, 2398 MHz, 0x0000000000000000, 48, 10.82 W
2026/09/20 21:57:04.177, 2398 MHz, 0x0000000000000000, 48, 10.86 W
2026/09/20 21:57:05.178, 2398 MHz, 0x0000000000000000, 48, 10.85 W
2026/09/20 21:57:06.178, 2398 MHz, 0x0000000000000000, 48, 10.80 W
2026/09/20 21:57:07.179, 2398 MHz, 0x0000000000000000, 48, 10.83 W
2026/09/20 21:57:08.180, 2398 MHz, 0x0000000000000000, 48, 10.84 W
2026/09/20 21:57:09.181, 2398 MHz, 0x0000000000000000, 48, 10.85 W
2026/09/20 21:57:10.182, 2398 MHz, 0x0000000000000000, 48, 10.84 W
2026/09/20 21:57:11.182, 2398 MHz, 0x0000000000000000, 48, 10.85 W
2026/09/20 21:57:12.183, 2398 MHz, 0x0000000000000000, 48, 11.50 W
2026/09/20 21:57:13.184, 2398 MHz, 0x0000000000000000, 48, 11.42 W
2026/09/20 21:57:14.185, 2398 MHz, 0x0000000000000000, 48, 10.82 W
2026/09/20 21:57:15.186, 2398 MHz, 0x0000000000000000, 48, 10.82 W
2026/09/20 21:57:16.187, 2398 MHz, 0x0000000000000000, 48, 10.88 W
2026/09/20 21:57:17.187, 2398 MHz, 0x0000000000000000, 48, 10.83 W
2026/09/20 21:57:18.188, 2398 MHz, 0x0000000000000000, 48, 10.84 W
2026/09/20 21:57:19.189, 2398 MHz, 0x0000000000000000, 48, 10.84 W
2026/09/20 21:57:20.190, 2398 MHz, 0x0000000000000000, 48, 10.84 W
2026/09/20 21:57:21.191, 2398 MHz, 0x0000000000000000, 48, 10.86 W
2026/09/20 21:57:22.192, 2398 MHz, 0x0000000000000000, 48, 10.79 W
2026/09/20 21:57:23.192, 2398 MHz, 0x0000000000000000, 48, 10.85 W
2026/09/20 21:57:24.193, 2398 MHz, 0x0000000000000000, 48, 10.83 W
2026/09/20 21:57:25.194, 2398 MHz, 0x0000000000000000, 48, 10.83 W
2026/09/20 21:57:26.195, 2398 MHz, 0x0000000000000000, 48, 10.79 W
2026/09/20 21:57:27.196, 2398 MHz, 0x0000000000000000, 48, 10.81 W
2026/09/20 21:57:28.197, 2398 MHz, 0x0000000000000000, 48, 10.84 W
2026/09/20 21:57:29.198, 2398 MHz, 0x0000000000000000, 48, 10.80 W
2026/09/20 21:57:30.198, 2398 MHz, 0x0000000000000000, 48, 10.82 W
2026/09/20 21:57:31.199, 2398 MHz, 0x0000000000000000, 48, 10.80 W
2026/09/20 21:57:32.200, 2398 MHz, 0x0000000000000000, 48, 10.78 W
2026/09/20 21:57:33.201, 2398 MHz, 0x0000000000000000, 48, 10.85 W
2026/09/20 21:57:34.202, 2398 MHz, 0x0000000000000000, 48, 10.82 W
2026/09/20 21:57:35.202, 2398 MHz, 0x0000000000000000, 48, 10.77 W
2026/09/20 21:57:36.203, 2398 MHz, 0x0000000000000000, 48, 10.76 W
2026/09/20 21:57:37.203, 2398 MHz, 0x0000000000000000, 48, 10.78 W
2026/09/20 21:57:38.204, 2398 MHz, 0x0000000000000000, 48, 10.82 W
2026/09/20 21:57:39.205, 2398 MHz, 0x0000000000000000, 48, 10.77 W
2026/09/20 21:57:40.206, 2398 MHz, 0x0000000000000000, 48, 10.76 W
2026/09/20 21:57:41.206, 2398 MHz, 0x0000000000000000, 48, 10.78 W
2026/09/20 21:57:42.207, 2398 MHz, 0x0000000000000000, 48, 10.79 W
2026/09/20 21:57:43.208, 2398 MHz, 0x0000000000000000, 48, 10.82 W
2026/09/20 21:57:44.208, 2398 MHz, 0x0000000000000000, 48, 10.81 W
2026/09/20 21:57:45.209, 2398 MHz, 0x0000000000000000, 48, 11.06 W
2026/09/20 21:57:46.209, 2398 MHz, 0x0000000000000000, 48, 11.87 W
2026/09/20 21:57:47.210, 2398 MHz, 0x0000000000000000, 48, 10.80 W
2026/09/20 21:57:48.211, 2398 MHz, 0x0000000000000000, 48, 10.78 W
2026/09/20 21:57:49.211, 2398 MHz, 0x0000000000000000, 48, 10.81 W
2026/09/20 21:57:50.212, 2398 MHz, 0x0000000000000000, 48, 10.82 W
2026/09/20 21:57:51.213, 2398 MHz, 0x0000000000000000, 48, 10.88 W
2026/09/20 21:57:52.213, 2398 MHz, 0x0000000000000000, 48, 10.88 W
2026/09/20 21:57:53.214, 2398 MHz, 0x0000000000000000, 48, 10.85 W
2026/09/20 21:57:54.215, 2398 MHz, 0x0000000000000000, 48, 10.79 W
2026/09/20 21:57:55.216, 2398 MHz, 0x0000000000000000, 48, 10.82 W
2026/09/20 21:57:56.216, 2398 MHz, 0x0000000000000000, 48, 10.83 W
2026/09/20 21:57:57.217, 2398 MHz, 0x0000000000000000, 48, 10.88 W
2026/09/20 21:57:58.217, 2398 MHz, 0x0000000000000000, 48, 10.81 W
2026/09/20 21:57:59.217, 2398 MHz, 0x0000000000000000, 48, 10.79 W
2026/09/20 21:58:00.218, 2398 MHz, 0x0000000000000000, 48, 10.83 W
2026/09/20 21:58:01.219, 2398 MHz, 0x0000000000000000, 48, 10.84 W
2026/09/20 21:58:02.219, 2398 MHz, 0x0000000000000000, 48, 10.80 W
2026/09/20 21:58:03.221, 2398 MHz, 0x0000000000000000, 48, 10.81 W
2026/09/20 21:58:04.221, 2398 MHz, 0x0000000000000000, 48, 10.80 W
2026/09/20 21:58:05.222, 2398 MHz, 0x0000000000000000, 48, 10.79 W
2026/09/20 21:58:06.222, 2398 MHz, 0x0000000000000000, 48, 10.76 W
2026/09/20 21:58:07.223, 2398 MHz, 0x0000000000000000, 48, 10.71 W
2026/09/20 21:58:08.223, 2398 MHz, 0x0000000000000000, 48, 10.73 W
2026/09/20 21:58:09.224, 2398 MHz, 0x0000000000000000, 48, 10.76 W
2026/09/20 21:58:10.225, 2398 MHz, 0x0000000000000000, 48, 10.77 W
2026/09/20 21:58:11.225, 2398 MHz, 0x0000000000000000, 48, 10.75 W
2026/09/20 21:58:12.226, 2398 MHz, 0x0000000000000000, 48, 10.76 W
2026/09/20 21:58:13.226, 2398 MHz, 0x0000000000000000, 48, 10.81 W
2026/09/20 21:58:14.227, 2398 MHz, 0x0000000000000000, 48, 10.82 W
2026/09/20 21:58:15.227, 2398 MHz, 0x0000000000000000, 48, 10.81 W
2026/09/20 21:58:16.228, 2398 MHz, 0x0000000000000000, 48, 10.79 W
2026/09/20 21:58:17.228, 2398 MHz, 0x0000000000000000, 48, 10.79 W
2026/09/20 21:58:18.229, 2398 MHz, 0x0000000000000000, 48, 10.77 W
2026/09/20 21:58:19.229, 2398 MHz, 0x0000000000000000, 48, 12.01 W
2026/09/20 21:58:20.229, 2398 MHz, 0x0000000000000000, 48, 10.78 W
2026/09/20 21:58:21.230, 2398 MHz, 0x0000000000000000, 48, 10.80 W
2026/09/20 21:58:22.230, 2398 MHz, 0x0000000000000000, 48, 10.79 W
2026/09/20 21:58:23.231, 2398 MHz, 0x0000000000000000, 48, 10.81 W
2026/09/20 21:58:24.232, 2398 MHz, 0x0000000000000000, 48, 10.80 W
2026/09/20 21:58:25.233, 2398 MHz, 0x0000000000000000, 48, 10.80 W
2026/09/20 21:58:26.234, 2398 MHz, 0x0000000000000000, 48, 10.80 W
2026/09/20 21:58:27.235, 2398 MHz, 0x0000000000000000, 48, 10.75 W
2026/09/20 21:58:28.236, 2398 MHz, 0x0000000000000000, 48, 10.75 W
2026/09/20 21:58:29.236, 2398 MHz, 0x0000000000000000, 48, 10.78 W
2026/09/20 21:58:30.236, 2398 MHz, 0x0000000000000000, 48, 10.81 W
2026/09/20 21:58:31.237, 2398 MHz, 0x0000000000000000, 48, 10.85 W
2026/09/20 21:58:32.238, 2398 MHz, 0x0000000000000000, 48, 10.85 W
2026/09/20 21:58:33.239, 2398 MHz, 0x0000000000000000, 48, 10.84 W
2026/09/20 21:58:34.239, 2398 MHz, 0x0000000000000000, 48, 10.80 W
2026/09/20 21:58:35.240, 2398 MHz, 0x0000000000000000, 48, 10.76 W
2026/09/20 21:58:36.241, 2398 MHz, 0x0000000000000000, 48, 10.77 W
2026/09/20 21:58:37.242, 2398 MHz, 0x0000000000000000, 48, 10.79 W
2026/09/20 21:58:38.242, 2398 MHz, 0x0000000000000000, 48, 10.78 W
2026/09/20 21:58:39.244, 2398 MHz, 0x0000000000000000, 48, 10.81 W
2026/09/20 21:58:40.244, 2398 MHz, 0x0000000000000000, 48, 10.75 W
2026/09/20 21:58:41.245, 2398 MHz, 0x0000000000000000, 48, 10.81 W
2026/09/20 21:58:42.246, 2398 MHz, 0x0000000000000000, 48, 10.80 W
2026/09/20 21:58:43.246, 2398 MHz, 0x0000000000000000, 48, 10.77 W
2026/09/20 21:58:44.247, 2398 MHz, 0x0000000000000000, 48, 10.81 W
2026/09/20 21:58:45.248, 2398 MHz, 0x0000000000000000, 48, 10.81 W
2026/09/20 21:58:46.248, 2398 MHz, 0x0000000000000000, 48, 10.80 W
2026/09/20 21:58:47.249, 2398 MHz, 0x0000000000000000, 48, 10.81 W
2026/09/20 21:58:48.250, 2398 MHz, 0x0000000000000000, 48, 10.79 W
2026/09/20 21:58:49.250, 2398 MHz, 0x0000000000000000, 48, 10.80 W
2026/09/20 21:58:50.251, 2398 MHz, 0x0000000000000000, 48, 10.77 W
2026/09/20 21:58:51.252, 2398 MHz, 0x0000000000000000, 48, 10.79 W
2026/09/20 21:58:52.252, 2398 MHz, 0x0000000000000000, 48, 11.68 W
2026/09/20 21:58:53.253, 2398 MHz, 0x0000000000000000, 48, 11.15 W
2026/09/20 21:58:54.254, 2398 MHz, 0x0000000000000000, 48, 10.80 W
2026/09/20 21:58:55.254, 2398 MHz, 0x0000000000000000, 48, 10.75 W
2026/09/20 21:58:56.255, 2398 MHz, 0x0000000000000000, 48, 10.77 W
2026/09/20 21:58:57.256, 2398 MHz, 0x0000000000000000, 48, 10.81 W
2026/09/20 21:58:58.256, 2398 MHz, 0x0000000000000000, 48, 10.82 W
2026/09/20 21:58:59.257, 2398 MHz, 0x0000000000000000, 48, 10.76 W
2026/09/20 21:59:00.258, 2398 MHz, 0x0000000000000000, 48, 10.80 W
2026/09/20 21:59:01.259, 2398 MHz, 0x0000000000000000, 48, 10.81 W
2026/09/20 21:59:02.260, 2398 MHz, 0x0000000000000000, 48, 10.79 W
2026/09/20 21:59:03.260, 2398 MHz, 0x0000000000000000, 48, 10.79 W
2026/09/20 21:59:04.261, 2398 MHz, 0x0000000000000000, 48, 10.75 W
2026/09/20 21:59:05.262, 2398 MHz, 0x0000000000000000, 48, 10.76 W
2026/09/20 21:59:06.262, 2398 MHz, 0x0000000000000000, 48, 10.78 W
2026/09/20 21:59:07.263, 2398 MHz, 0x0000000000000000, 48, 10.79 W
2026/09/20 21:59:08.264, 2398 MHz, 0x0000000000000000, 48, 10.76 W
2026/09/20 21:59:09.264, 2398 MHz, 0x0000000000000000, 48, 10.76 W
2026/09/20 21:59:10.265, 2398 MHz, 0x0000000000000000, 48, 10.76 W
2026/09/20 21:59:11.265, 2398 MHz, 0x0000000000000000, 48, 10.80 W
2026/09/20 21:59:12.266, 2398 MHz, 0x0000000000000000, 48, 10.76 W
2026/09/20 21:59:13.267, 2398 MHz, 0x0000000000000000, 48, 10.77 W
2026/09/20 21:59:14.268, 2398 MHz, 0x0000000000000000, 48, 10.77 W
2026/09/20 21:59:15.269, 2398 MHz, 0x0000000000000000, 48, 10.77 W
2026/09/20 21:59:16.269, 2398 MHz, 0x0000000000000000, 48, 10.78 W
2026/09/20 21:59:17.270, 2398 MHz, 0x0000000000000000, 48, 10.81 W
2026/09/20 21:59:18.270, 2398 MHz, 0x0000000000000000, 48, 10.77 W
2026/09/20 21:59:19.271, 2398 MHz, 0x0000000000000000, 48, 10.73 W
2026/09/20 21:59:20.271, 2398 MHz, 0x0000000000000000, 48, 10.76 W
2026/09/20 21:59:21.272, 2398 MHz, 0x0000000000000000, 48, 10.77 W
2026/09/20 21:59:22.272, 2398 MHz, 0x0000000000000000, 48, 10.79 W
2026/09/20 21:59:23.273, 2398 MHz, 0x0000000000000000, 48, 10.77 W
2026/09/20 21:59:24.273, 2398 MHz, 0x0000000000000000, 48, 10.73 W
2026/09/20 21:59:25.274, 2398 MHz, 0x0000000000000000, 48, 11.26 W
2026/09/20 21:59:26.274, 2398 MHz, 0x0000000000000000, 48, 11.57 W
2026/09/20 21:59:27.275, 2398 MHz, 0x0000000000000000, 48, 10.77 W
2026/09/20 21:59:28.276, 2398 MHz, 0x0000000000000000, 48, 10.72 W
2026/09/20 21:59:29.277, 2398 MHz, 0x0000000000000000, 48, 10.74 W
2026/09/20 21:59:30.278, 2398 MHz, 0x0000000000000000, 48, 10.72 W
2026/09/20 21:59:31.279, 2398 MHz, 0x0000000000000000, 48, 10.74 W
2026/09/20 21:59:32.279, 2398 MHz, 0x0000000000000000, 48, 10.76 W
2026/09/20 21:59:33.279, 2398 MHz, 0x0000000000000000, 48, 10.77 W
2026/09/20 21:59:34.280, 2398 MHz, 0x0000000000000000, 48, 10.75 W
2026/09/20 21:59:35.281, 2398 MHz, 0x0000000000000000, 48, 10.73 W
2026/09/20 21:59:36.282, 2398 MHz, 0x0000000000000000, 48, 10.76 W
2026/09/20 21:59:37.282, 2398 MHz, 0x0000000000000000, 48, 10.74 W
2026/09/20 21:59:38.283, 2398 MHz, 0x0000000000000000, 48, 10.75 W
2026/09/20 21:59:39.284, 2398 MHz, 0x0000000000000000, 48, 10.72 W
2026/09/20 21:59:40.285, 2398 MHz, 0x0000000000000000, 48, 10.70 W
2026/09/20 21:59:41.286, 2398 MHz, 0x0000000000000000, 48, 10.74 W
2026/09/20 21:59:42.287, 2398 MHz, 0x0000000000000000, 48, 10.72 W
2026/09/20 21:59:43.288, 2398 MHz, 0x0000000000000000, 48, 10.72 W
2026/09/20 21:59:44.289, 2398 MHz, 0x0000000000000000, 48, 10.73 W
2026/09/20 21:59:45.289, 2398 MHz, 0x0000000000000000, 48, 10.73 W
2026/09/20 21:59:46.290, 2398 MHz, 0x0000000000000000, 48, 10.72 W
2026/09/20 21:59:47.290, 2398 MHz, 0x0000000000000000, 48, 10.72 W
2026/09/20 21:59:48.291, 2398 MHz, 0x0000000000000000, 48, 10.74 W
2026/09/20 21:59:49.292, 2398 MHz, 0x0000000000000000, 48, 10.76 W
2026/09/20 21:59:50.293, 2398 MHz, 0x0000000000000000, 48, 10.74 W
2026/09/20 21:59:51.293, 2398 MHz, 0x0000000000000000, 48, 10.73 W
2026/09/20 21:59:52.294, 2398 MHz, 0x0000000000000000, 48, 10.77 W
2026/09/20 21:59:53.295, 2398 MHz, 0x0000000000000000, 48, 10.75 W
2026/09/20 21:59:54.295, 2398 MHz, 0x0000000000000000, 48, 10.77 W
2026/09/20 21:59:55.296, 2398 MHz, 0x0000000000000000, 48, 10.81 W
2026/09/20 21:59:56.296, 2398 MHz, 0x0000000000000000, 48, 10.82 W
2026/09/20 21:59:57.297, 2398 MHz, 0x0000000000000000, 48, 10.81 W
2026/09/20 21:59:58.297, 2398 MHz, 0x0000000000000000, 48, 10.85 W
2026/09/20 21:59:59.297, 2398 MHz, 0x0000000000000000, 48, 11.93 W
2026/09/20 22:00:00.298, 2398 MHz, 0x0000000000000000, 48, 10.77 W
2026/09/20 22:00:01.298, 2398 MHz, 0x0000000000000000, 48, 10.77 W
2026/09/20 22:00:02.298, 2398 MHz, 0x0000000000000000, 48, 10.77 W
2026/09/20 22:00:03.298, 2398 MHz, 0x0000000000000000, 48, 10.75 W
2026/09/20 22:00:04.299, 2398 MHz, 0x0000000000000000, 48, 10.76 W
2026/09/20 22:00:05.300, 2398 MHz, 0x0000000000000000, 48, 10.77 W
2026/09/20 22:00:06.300, 2398 MHz, 0x0000000000000000, 48, 10.79 W
2026/09/20 22:00:07.301, 2398 MHz, 0x0000000000000000, 48, 10.77 W
2026/09/20 22:00:08.302, 2398 MHz, 0x0000000000000000, 48, 10.77 W
2026/09/20 22:00:09.302, 2398 MHz, 0x0000000000000000, 48, 10.78 W
2026/09/20 22:00:10.303, 2398 MHz, 0x0000000000000000, 48, 10.78 W
2026/09/20 22:00:11.304, 2398 MHz, 0x0000000000000000, 48, 10.82 W
2026/09/20 22:00:12.304, 2398 MHz, 0x0000000000000000, 48, 10.81 W
2026/09/20 22:00:13.305, 2398 MHz, 0x0000000000000000, 48, 10.88 W
2026/09/20 22:00:14.305, 2398 MHz, 0x0000000000000000, 48, 10.79 W
2026/09/20 22:00:15.306, 2398 MHz, 0x0000000000000000, 48, 10.81 W
2026/09/20 22:00:16.306, 2398 MHz, 0x0000000000000000, 48, 10.80 W
2026/09/20 22:00:17.307, 2398 MHz, 0x0000000000000000, 48, 10.77 W
2026/09/20 22:00:18.307, 2398 MHz, 0x0000000000000000, 48, 10.78 W
2026/09/20 22:00:19.307, 2398 MHz, 0x0000000000000000, 48, 10.81 W
2026/09/20 22:00:20.308, 2398 MHz, 0x0000000000000000, 48, 10.81 W
2026/09/20 22:00:21.309, 2398 MHz, 0x0000000000000000, 48, 10.83 W
2026/09/20 22:00:22.309, 2398 MHz, 0x0000000000000000, 48, 10.84 W
2026/09/20 22:00:23.310, 2398 MHz, 0x0000000000000000, 48, 10.83 W
2026/09/20 22:00:24.311, 2398 MHz, 0x0000000000000000, 48, 10.81 W
2026/09/20 22:00:25.311, 2398 MHz, 0x0000000000000000, 48, 10.82 W
2026/09/20 22:00:26.312, 2398 MHz, 0x0000000000000000, 48, 10.82 W
2026/09/20 22:00:27.313, 2398 MHz, 0x0000000000000000, 48, 10.76 W
2026/09/20 22:00:28.314, 2398 MHz, 0x0000000000000000, 48, 10.71 W
2026/09/20 22:00:29.314, 2398 MHz, 0x0000000000000000, 48, 10.74 W
2026/09/20 22:00:30.315, 2398 MHz, 0x0000000000000000, 48, 10.73 W
2026/09/20 22:00:31.315, 2398 MHz, 0x0000000000000000, 48, 10.76 W
2026/09/20 22:00:32.316, 2398 MHz, 0x0000000000000000, 48, 11.96 W
2026/09/20 22:00:33.316, 2398 MHz, 0x0000000000000000, 48, 10.78 W
2026/09/20 22:00:34.317, 2398 MHz, 0x0000000000000000, 48, 10.76 W
2026/09/20 22:00:35.318, 2398 MHz, 0x0000000000000000, 48, 10.76 W
2026/09/20 22:00:36.319, 2398 MHz, 0x0000000000000000, 48, 10.78 W
2026/09/20 22:00:37.319, 2398 MHz, 0x0000000000000000, 48, 10.78 W
2026/09/20 22:00:38.319, 2398 MHz, 0x0000000000000000, 48, 10.77 W
2026/09/20 22:00:39.320, 2398 MHz, 0x0000000000000000, 48, 10.76 W
2026/09/20 22:00:40.321, 2398 MHz, 0x0000000000000000, 48, 10.74 W
2026/09/20 22:00:41.322, 2398 MHz, 0x0000000000000000, 48, 10.72 W
2026/09/20 22:00:42.323, 2398 MHz, 0x0000000000000000, 48, 10.75 W
2026/09/20 22:00:43.324, 2398 MHz, 0x0000000000000000, 48, 10.77 W
2026/09/20 22:00:44.324, 2398 MHz, 0x0000000000000000, 48, 10.78 W
2026/09/20 22:00:45.325, 2398 MHz, 0x0000000000000000, 48, 10.76 W
2026/09/20 22:00:46.326, 2398 MHz, 0x0000000000000000, 48, 10.81 W
2026/09/20 22:00:47.327, 2398 MHz, 0x0000000000000000, 48, 10.80 W
2026/09/20 22:00:48.327, 2398 MHz, 0x0000000000000000, 48, 10.82 W
2026/09/20 22:00:49.329, 2398 MHz, 0x0000000000000000, 48, 10.81 W
2026/09/20 22:00:50.329, 2398 MHz, 0x0000000000000000, 48, 10.76 W
2026/09/20 22:00:51.329, 2398 MHz, 0x0000000000000000, 48, 10.74 W
2026/09/20 22:00:52.330, 2398 MHz, 0x0000000000000000, 48, 10.80 W
2026/09/20 22:00:53.331, 2398 MHz, 0x0000000000000000, 48, 10.76 W
2026/09/20 22:00:54.331, 2398 MHz, 0x0000000000000000, 48, 10.77 W
2026/09/20 22:00:55.332, 2398 MHz, 0x0000000000000000, 48, 10.78 W
2026/09/20 22:00:56.333, 2398 MHz, 0x0000000000000000, 48, 10.75 W
2026/09/20 22:00:57.333, 2398 MHz, 0x0000000000000000, 48, 10.74 W
2026/09/20 22:00:58.334, 2398 MHz, 0x0000000000000000, 48, 10.74 W
2026/09/20 22:00:59.335, 2398 MHz, 0x0000000000000000, 48, 10.75 W
2026/09/20 22:01:00.335, 2398 MHz, 0x0000000000000000, 48, 10.78 W
2026/09/20 22:01:01.336, 2398 MHz, 0x0000000000000000, 48, 10.78 W
2026/09/20 22:01:02.336, 2398 MHz, 0x0000000000000000, 48, 10.73 W
2026/09/20 22:01:03.337, 2398 MHz, 0x0000000000000000, 48, 10.72 W
2026/09/20 22:01:04.338, 2398 MHz, 0x0000000000000000, 48, 11.59 W
2026/09/20 22:01:05.339, 2398 MHz, 0x0000000000000000, 48, 11.25 W
2026/09/20 22:01:06.339, 2398 MHz, 0x0000000000000000, 48, 10.77 W
2026/09/20 22:01:07.340, 2398 MHz, 0x0000000000000000, 48, 10.76 W
2026/09/20 22:01:08.340, 2398 MHz, 0x0000000000000000, 48, 10.81 W
2026/09/20 22:01:09.341, 2398 MHz, 0x0000000000000000, 48, 10.77 W
2026/09/20 22:01:10.342, 2398 MHz, 0x0000000000000000, 48, 10.80 W
2026/09/20 22:01:11.343, 2398 MHz, 0x0000000000000000, 48, 10.75 W
2026/09/20 22:01:12.344, 2398 MHz, 0x0000000000000000, 48, 10.74 W
2026/09/20 22:01:13.345, 2398 MHz, 0x0000000000000000, 48, 10.74 W
2026/09/20 22:01:14.345, 2398 MHz, 0x0000000000000000, 48, 10.74 W
2026/09/20 22:01:15.346, 2398 MHz, 0x0000000000000000, 48, 10.74 W
2026/09/20 22:01:16.347, 2398 MHz, 0x0000000000000000, 48, 10.77 W
2026/09/20 22:01:17.348, 2398 MHz, 0x0000000000000000, 48, 10.71 W
2026/09/20 22:01:18.349, 2398 MHz, 0x0000000000000000, 48, 10.69 W
2026/09/20 22:01:19.349, 2398 MHz, 0x0000000000000000, 48, 10.72 W
2026/09/20 22:01:20.350, 2398 MHz, 0x0000000000000000, 48, 10.68 W
2026/09/20 22:01:21.351, 2398 MHz, 0x0000000000000000, 48, 10.72 W
2026/09/20 22:01:22.352, 2398 MHz, 0x0000000000000000, 48, 10.70 W
2026/09/20 22:01:23.353, 2398 MHz, 0x0000000000000000, 48, 10.71 W
2026/09/20 22:01:24.353, 2398 MHz, 0x0000000000000000, 48, 10.74 W
2026/09/20 22:01:25.354, 2398 MHz, 0x0000000000000000, 48, 10.75 W
2026/09/20 22:01:26.355, 2398 MHz, 0x0000000000000000, 48, 10.72 W
2026/09/20 22:01:27.356, 2398 MHz, 0x0000000000000000, 48, 10.72 W
2026/09/20 22:01:28.356, 2398 MHz, 0x0000000000000000, 48, 10.73 W
2026/09/20 22:01:29.357, 2398 MHz, 0x0000000000000000, 48, 10.69 W
2026/09/20 22:01:30.358, 2398 MHz, 0x0000000000000000, 48, 10.68 W
2026/09/20 22:01:31.359, 2398 MHz, 0x0000000000000000, 48, 10.71 W
2026/09/20 22:01:32.360, 2398 MHz, 0x0000000000000000, 48, 10.69 W
2026/09/20 22:01:33.360, 2398 MHz, 0x0000000000000000, 48, 10.67 W
2026/09/20 22:01:34.361, 2398 MHz, 0x0000000000000000, 48, 10.68 W
2026/09/20 22:01:35.362, 2398 MHz, 0x0000000000000000, 48, 10.70 W
2026/09/20 22:01:36.363, 2398 MHz, 0x0000000000000000, 48, 10.70 W
2026/09/20 22:01:37.364, 2398 MHz, 0x0000000000000000, 48, 11.10 W
2026/09/20 22:01:38.364, 2398 MHz, 0x0000000000000000, 48, 11.63 W
2026/09/20 22:01:39.364, 2398 MHz, 0x0000000000000000, 48, 10.67 W
2026/09/20 22:01:40.365, 2398 MHz, 0x0000000000000000, 48, 10.67 W
2026/09/20 22:01:41.366, 2398 MHz, 0x0000000000000000, 48, 10.67 W
2026/09/20 22:01:42.367, 2398 MHz, 0x0000000000000000, 48, 10.69 W
2026/09/20 22:01:43.368, 2398 MHz, 0x0000000000000000, 48, 10.66 W
2026/09/20 22:01:44.369, 2398 MHz, 0x0000000000000000, 48, 10.69 W
2026/09/20 22:01:45.370, 2398 MHz, 0x0000000000000000, 48, 10.69 W
2026/09/20 22:01:46.371, 2398 MHz, 0x0000000000000000, 48, 10.71 W
2026/09/20 22:01:47.372, 2398 MHz, 0x0000000000000000, 48, 10.71 W
2026/09/20 22:01:48.372, 2398 MHz, 0x0000000000000000, 48, 10.68 W
2026/09/20 22:01:49.373, 2398 MHz, 0x0000000000000000, 48, 10.71 W
2026/09/20 22:01:50.374, 2398 MHz, 0x0000000000000000, 48, 10.66 W
2026/09/20 22:01:51.375, 2398 MHz, 0x0000000000000000, 48, 10.71 W
2026/09/20 22:01:52.376, 2398 MHz, 0x0000000000000000, 48, 10.72 W
2026/09/20 22:01:53.376, 2398 MHz, 0x0000000000000000, 48, 10.70 W
2026/09/20 22:01:54.377, 2398 MHz, 0x0000000000000000, 48, 10.74 W
2026/09/20 22:01:55.378, 2398 MHz, 0x0000000000000000, 48, 10.73 W
2026/09/20 22:01:56.379, 2398 MHz, 0x0000000000000000, 48, 10.74 W
2026/09/20 22:01:57.380, 2398 MHz, 0x0000000000000000, 48, 10.71 W
2026/09/20 22:01:58.381, 2398 MHz, 0x0000000000000000, 48, 10.67 W
2026/09/20 22:01:59.381, 2398 MHz, 0x0000000000000000, 48, 10.66 W
2026/09/20 22:02:00.382, 2398 MHz, 0x0000000000000000, 48, 10.65 W
2026/09/20 22:02:01.383, 2398 MHz, 0x0000000000000000, 48, 10.68 W
2026/09/20 22:02:02.384, 2398 MHz, 0x0000000000000000, 48, 10.69 W
2026/09/20 22:02:03.385, 2398 MHz, 0x0000000000000000, 48, 10.66 W
2026/09/20 22:02:04.385, 2398 MHz, 0x0000000000000000, 48, 10.67 W
2026/09/20 22:02:05.386, 2398 MHz, 0x0000000000000000, 48, 10.70 W
2026/09/20 22:02:06.386, 2398 MHz, 0x0000000000000000, 48, 10.69 W
2026/09/20 22:02:07.387, 2398 MHz, 0x0000000000000000, 48, 10.71 W
2026/09/20 22:02:08.388, 2398 MHz, 0x0000000000000000, 48, 10.68 W
2026/09/20 22:02:09.388, 2398 MHz, 0x0000000000000000, 48, 10.66 W
2026/09/20 22:02:10.389, 2398 MHz, 0x0000000000000000, 48, 10.64 W
2026/09/20 22:02:11.390, 2398 MHz, 0x0000000000000000, 48, 11.85 W
2026/09/20 22:02:12.390, 2398 MHz, 0x0000000000000000, 48, 10.66 W
2026/09/20 22:02:13.391, 2398 MHz, 0x0000000000000000, 48, 10.68 W
2026/09/20 22:02:14.392, 2398 MHz, 0x0000000000000000, 48, 10.74 W
2026/09/20 22:02:15.393, 2398 MHz, 0x0000000000000000, 48, 10.73 W
2026/09/20 22:02:16.393, 2398 MHz, 0x0000000000000000, 48, 10.73 W
2026/09/20 22:02:17.394, 2398 MHz, 0x0000000000000000, 48, 10.71 W
2026/09/20 22:02:18.395, 2398 MHz, 0x0000000000000000, 48, 10.74 W
2026/09/20 22:02:19.396, 2398 MHz, 0x0000000000000000, 48, 10.71 W
2026/09/20 22:02:20.397, 2398 MHz, 0x0000000000000000, 48, 10.70 W
2026/09/20 22:02:21.397, 2398 MHz, 0x0000000000000000, 48, 10.70 W
2026/09/20 22:02:22.397, 2398 MHz, 0x0000000000000000, 48, 10.69 W
2026/09/20 22:02:23.398, 2398 MHz, 0x0000000000000000, 48, 10.69 W
2026/09/20 22:02:24.399, 2398 MHz, 0x0000000000000000, 48, 10.67 W
2026/09/20 22:02:25.400, 2398 MHz, 0x0000000000000000, 48, 10.63 W
2026/09/20 22:02:26.400, 2398 MHz, 0x0000000000000000, 48, 10.64 W
2026/09/20 22:02:27.401, 2398 MHz, 0x0000000000000000, 48, 10.64 W
2026/09/20 22:02:28.402, 2398 MHz, 0x0000000000000000, 48, 10.61 W
2026/09/20 22:02:29.403, 2398 MHz, 0x0000000000000000, 48, 10.62 W
2026/09/20 22:02:30.404, 2398 MHz, 0x0000000000000000, 48, 10.64 W
2026/09/20 22:02:31.404, 2398 MHz, 0x0000000000000000, 48, 10.63 W
2026/09/20 22:02:32.404, 2398 MHz, 0x0000000000000000, 48, 10.66 W
2026/09/20 22:02:33.405, 2398 MHz, 0x0000000000000000, 48, 10.67 W
2026/09/20 22:02:34.406, 2398 MHz, 0x0000000000000000, 48, 10.68 W
2026/09/20 22:02:35.407, 2398 MHz, 0x0000000000000000, 48, 10.66 W
2026/09/20 22:02:36.407, 2398 MHz, 0x0000000000000000, 48, 10.67 W
2026/09/20 22:02:37.408, 2398 MHz, 0x0000000000000000, 48, 10.65 W
2026/09/20 22:02:38.409, 2398 MHz, 0x0000000000000000, 48, 10.68 W
2026/09/20 22:02:39.410, 2398 MHz, 0x0000000000000000, 48, 10.70 W
2026/09/20 22:02:40.411, 2398 MHz, 0x0000000000000000, 48, 10.70 W
2026/09/20 22:02:41.412, 2398 MHz, 0x0000000000000000, 48, 10.68 W
2026/09/20 22:02:42.413, 2398 MHz, 0x0000000000000000, 48, 10.67 W
2026/09/20 22:02:43.413, 2398 MHz, 0x0000000000000000, 48, 10.92 W
2026/09/20 22:02:44.413, 2398 MHz, 0x0000000000000000, 48, 11.62 W
2026/09/20 22:02:45.414, 2398 MHz, 0x0000000000000000, 48, 10.69 W
2026/09/20 22:02:46.415, 2398 MHz, 0x0000000000000000, 48, 10.67 W
2026/09/20 22:02:47.416, 2398 MHz, 0x0000000000000000, 48, 10.66 W
2026/09/20 22:02:48.416, 2398 MHz, 0x0000000000000000, 48, 10.65 W
2026/09/20 22:02:49.417, 2398 MHz, 0x0000000000000000, 48, 10.64 W
2026/09/20 22:02:50.417, 2398 MHz, 0x0000000000000000, 48, 10.69 W
2026/09/20 22:02:51.418, 2398 MHz, 0x0000000000000000, 48, 10.67 W
2026/09/20 22:02:52.419, 2398 MHz, 0x0000000000000000, 48, 10.68 W
2026/09/20 22:02:53.420, 2398 MHz, 0x0000000000000000, 48, 10.67 W
2026/09/20 22:02:54.421, 2398 MHz, 0x0000000000000000, 48, 10.67 W
2026/09/20 22:02:55.421, 2398 MHz, 0x0000000000000000, 48, 10.66 W
2026/09/20 22:02:56.423, 2398 MHz, 0x0000000000000000, 48, 10.70 W
2026/09/20 22:02:57.423, 2398 MHz, 0x0000000000000000, 48, 10.71 W
2026/09/20 22:02:58.424, 2398 MHz, 0x0000000000000000, 48, 10.67 W
2026/09/20 22:02:59.425, 2398 MHz, 0x0000000000000000, 48, 10.67 W
2026/09/20 22:03:00.426, 2398 MHz, 0x0000000000000000, 48, 10.71 W
2026/09/20 22:03:01.426, 2398 MHz, 0x0000000000000000, 48, 10.71 W
2026/09/20 22:03:02.427, 2398 MHz, 0x0000000000000000, 48, 10.74 W
2026/09/20 22:03:03.428, 2398 MHz, 0x0000000000000000, 48, 10.76 W
2026/09/20 22:03:04.429, 2398 MHz, 0x0000000000000000, 48, 10.77 W
2026/09/20 22:03:05.430, 2398 MHz, 0x0000000000000000, 48, 10.74 W
2026/09/20 22:03:06.430, 2398 MHz, 0x0000000000000000, 48, 10.72 W
2026/09/20 22:03:07.432, 2398 MHz, 0x0000000000000000, 48, 10.72 W
2026/09/20 22:03:08.432, 2398 MHz, 0x0000000000000000, 48, 10.71 W
2026/09/20 22:03:09.433, 2398 MHz, 0x0000000000000000, 48, 10.76 W
2026/09/20 22:03:10.434, 2398 MHz, 0x0000000000000000, 48, 10.73 W
2026/09/20 22:03:11.435, 2398 MHz, 0x0000000000000000, 48, 10.74 W
2026/09/20 22:03:12.436, 2398 MHz, 0x0000000000000000, 48, 10.70 W
2026/09/20 22:03:13.437, 2398 MHz, 0x0000000000000000, 48, 10.69 W
2026/09/20 22:03:14.437, 2398 MHz, 0x0000000000000000, 48, 10.71 W
2026/09/20 22:03:15.438, 2398 MHz, 0x0000000000000000, 48, 10.67 W
2026/09/20 22:03:16.438, 2398 MHz, 0x0000000000000000, 48, 11.34 W
2026/09/20 22:03:17.439, 2398 MHz, 0x0000000000000000, 48, 11.29 W
2026/09/20 22:03:18.440, 2398 MHz, 0x0000000000000000, 48, 10.69 W
2026/09/20 22:03:19.441, 2398 MHz, 0x0000000000000000, 48, 10.70 W
2026/09/20 22:03:20.441, 2398 MHz, 0x0000000000000000, 48, 10.70 W
2026/09/20 22:03:21.442, 2398 MHz, 0x0000000000000000, 48, 10.68 W
2026/09/20 22:03:22.443, 2398 MHz, 0x0000000000000000, 48, 10.67 W
2026/09/20 22:03:23.444, 2398 MHz, 0x0000000000000000, 48, 10.69 W
2026/09/20 22:03:24.445, 2398 MHz, 0x0000000000000000, 48, 10.67 W
2026/09/20 22:03:25.445, 2398 MHz, 0x0000000000000000, 48, 10.70 W
2026/09/20 22:03:26.446, 2398 MHz, 0x0000000000000000, 48, 10.70 W
2026/09/20 22:03:27.447, 2398 MHz, 0x0000000000000000, 48, 10.68 W
2026/09/20 22:03:28.447, 2398 MHz, 0x0000000000000000, 48, 10.68 W
2026/09/20 22:03:29.448, 2398 MHz, 0x0000000000000000, 48, 10.69 W
2026/09/20 22:03:30.449, 2398 MHz, 0x0000000000000000, 48, 10.70 W
2026/09/20 22:03:31.449, 2398 MHz, 0x0000000000000000, 48, 10.69 W
2026/09/20 22:03:32.450, 2398 MHz, 0x0000000000000000, 48, 10.72 W
2026/09/20 22:03:33.451, 2398 MHz, 0x0000000000000000, 48, 10.68 W
2026/09/20 22:03:34.452, 2398 MHz, 0x0000000000000000, 48, 10.65 W
2026/09/20 22:03:35.452, 2398 MHz, 0x0000000000000000, 48, 10.65 W
2026/09/20 22:03:36.453, 2398 MHz, 0x0000000000000000, 48, 10.67 W
2026/09/20 22:03:37.454, 2398 MHz, 0x0000000000000000, 48, 10.68 W
2026/09/20 22:03:38.454, 2398 MHz, 0x0000000000000000, 48, 10.71 W
2026/09/20 22:03:39.455, 2398 MHz, 0x0000000000000000, 48, 10.72 W
2026/09/20 22:03:40.456, 2398 MHz, 0x0000000000000000, 48, 10.70 W
2026/09/20 22:03:41.456, 2398 MHz, 0x0000000000000000, 48, 10.74 W
2026/09/20 22:03:42.457, 2398 MHz, 0x0000000000000000, 48, 10.74 W
2026/09/20 22:03:43.457, 2398 MHz, 0x0000000000000000, 48, 10.73 W
2026/09/20 22:03:44.458, 2398 MHz, 0x0000000000000000, 48, 10.76 W
2026/09/20 22:03:45.459, 2398 MHz, 0x0000000000000000, 48, 10.74 W
2026/09/20 22:03:46.459, 2398 MHz, 0x0000000000000000, 48, 10.72 W
2026/09/20 22:03:47.460, 2398 MHz, 0x0000000000000000, 48, 10.76 W
2026/09/20 22:03:48.460, 2398 MHz, 0x0000000000000000, 48, 10.78 W
2026/09/20 22:03:49.460, 2398 MHz, 0x0000000000000000, 48, 11.01 W
2026/09/20 22:03:50.461, 2398 MHz, 0x0000000000000000, 48, 11.80 W
2026/09/20 22:03:51.463, 2398 MHz, 0x0000000000000000, 48, 10.73 W
2026/09/20 22:03:52.463, 2398 MHz, 0x0000000000000000, 48, 10.73 W
2026/09/20 22:03:53.464, 2398 MHz, 0x0000000000000000, 48, 10.70 W
2026/09/20 22:03:54.464, 2398 MHz, 0x0000000000000000, 48, 10.66 W
2026/09/20 22:03:55.465, 2398 MHz, 0x0000000000000000, 48, 10.68 W
2026/09/20 22:03:56.465, 2398 MHz, 0x0000000000000000, 48, 10.68 W
2026/09/20 22:03:57.466, 2398 MHz, 0x0000000000000000, 48, 10.73 W
2026/09/20 22:03:58.467, 2398 MHz, 0x0000000000000000, 48, 10.71 W
2026/09/20 22:03:59.467, 2398 MHz, 0x0000000000000000, 48, 10.73 W
2026/09/20 22:04:00.468, 2398 MHz, 0x0000000000000000, 48, 10.72 W
2026/09/20 22:04:01.469, 2398 MHz, 0x0000000000000000, 48, 10.71 W
2026/09/20 22:04:02.469, 2398 MHz, 0x0000000000000000, 48, 10.75 W
2026/09/20 22:04:03.470, 2398 MHz, 0x0000000000000000, 48, 10.73 W
2026/09/20 22:04:04.470, 2398 MHz, 0x0000000000000000, 48, 10.71 W
2026/09/20 22:04:05.471, 2398 MHz, 0x0000000000000000, 48, 10.73 W
2026/09/20 22:04:06.472, 2398 MHz, 0x0000000000000000, 48, 10.69 W
2026/09/20 22:04:07.472, 2398 MHz, 0x0000000000000000, 48, 10.72 W
2026/09/20 22:04:08.473, 2398 MHz, 0x0000000000000000, 48, 10.74 W
2026/09/20 22:04:09.473, 2398 MHz, 0x0000000000000000, 48, 10.74 W
2026/09/20 22:04:10.474, 2398 MHz, 0x0000000000000000, 48, 10.74 W
2026/09/20 22:04:11.474, 2398 MHz, 0x0000000000000000, 48, 10.76 W
2026/09/20 22:04:12.475, 2398 MHz, 0x0000000000000000, 48, 10.73 W
2026/09/20 22:04:13.475, 2398 MHz, 0x0000000000000000, 48, 10.73 W
2026/09/20 22:04:14.476, 2398 MHz, 0x0000000000000000, 48, 10.75 W
2026/09/20 22:04:15.476, 2398 MHz, 0x0000000000000000, 48, 10.74 W
2026/09/20 22:04:16.477, 2398 MHz, 0x0000000000000000, 48, 10.76 W
2026/09/20 22:04:17.478, 2398 MHz, 0x0000000000000000, 48, 10.70 W
2026/09/20 22:04:18.478, 2398 MHz, 0x0000000000000000, 48, 10.75 W
2026/09/20 22:04:19.479, 2398 MHz, 0x0000000000000000, 48, 10.76 W
2026/09/20 22:04:20.479, 2398 MHz, 0x0000000000000000, 48, 10.77 W
2026/09/20 22:04:21.480, 2398 MHz, 0x0000000000000000, 48, 10.74 W
2026/09/20 22:04:22.480, 2398 MHz, 0x0000000000000000, 48, 10.78 W
2026/09/20 22:04:23.480, 2398 MHz, 0x0000000000000000, 48, 11.98 W
2026/09/20 22:04:24.481, 2398 MHz, 0x0000000000000000, 48, 10.73 W
2026/09/20 22:04:25.481, 2398 MHz, 0x0000000000000000, 48, 10.68 W
2026/09/20 22:04:26.482, 2398 MHz, 0x0000000000000000, 48, 10.70 W
2026/09/20 22:04:27.483, 2398 MHz, 0x0000000000000000, 48, 10.76 W
2026/09/20 22:04:28.483, 2398 MHz, 0x0000000000000000, 48, 10.73 W
2026/09/20 22:04:29.484, 2398 MHz, 0x0000000000000000, 48, 10.70 W
2026/09/20 22:04:30.485, 2398 MHz, 0x0000000000000000, 48, 10.72 W
2026/09/20 22:04:31.485, 2398 MHz, 0x0000000000000000, 48, 10.70 W
2026/09/20 22:04:32.486, 2398 MHz, 0x0000000000000000, 48, 10.71 W
2026/09/20 22:04:33.486, 2398 MHz, 0x0000000000000000, 48, 10.72 W
2026/09/20 22:04:34.487, 2398 MHz, 0x0000000000000000, 48, 10.77 W
2026/09/20 22:04:35.487, 2398 MHz, 0x0000000000000000, 48, 10.72 W
2026/09/20 22:04:36.488, 2398 MHz, 0x0000000000000000, 48, 10.75 W
2026/09/20 22:04:37.488, 2398 MHz, 0x0000000000000000, 48, 10.73 W
2026/09/20 22:04:38.489, 2398 MHz, 0x0000000000000000, 48, 10.70 W
2026/09/20 22:04:39.489, 2398 MHz, 0x0000000000000000, 48, 10.80 W
2026/09/20 22:04:40.490, 2398 MHz, 0x0000000000000000, 48, 10.73 W
2026/09/20 22:04:41.490, 2398 MHz, 0x0000000000000000, 48, 10.73 W
2026/09/20 22:04:42.490, 2398 MHz, 0x0000000000000000, 48, 10.75 W
2026/09/20 22:04:43.491, 2398 MHz, 0x0000000000000000, 48, 10.73 W
2026/09/20 22:04:44.491, 2398 MHz, 0x0000000000000000, 48, 10.72 W
2026/09/20 22:04:45.492, 2398 MHz, 0x0000000000000000, 48, 10.73 W
2026/09/20 22:04:46.493, 2398 MHz, 0x0000000000000000, 48, 10.74 W
2026/09/20 22:04:47.493, 2398 MHz, 0x0000000000000000, 48, 10.68 W
2026/09/20 22:04:48.494, 2398 MHz, 0x0000000000000000, 48, 10.72 W
2026/09/20 22:04:49.495, 2398 MHz, 0x0000000000000000, 48, 10.70 W
2026/09/20 22:04:50.495, 2398 MHz, 0x0000000000000000, 48, 10.68 W
2026/09/20 22:04:51.496, 2398 MHz, 0x0000000000000000, 48, 10.70 W
2026/09/20 22:04:52.496, 2398 MHz, 0x0000000000000000, 48, 10.71 W
2026/09/20 22:04:53.497, 2398 MHz, 0x0000000000000000, 48, 10.71 W
2026/09/20 22:04:54.498, 2398 MHz, 0x0000000000000000, 48, 10.73 W
2026/09/20 22:04:55.498, 2398 MHz, 0x0000000000000000, 48, 10.74 W
2026/09/20 22:04:56.498, 2398 MHz, 0x0000000000000000, 48, 11.63 W
2026/09/20 22:04:57.499, 2398 MHz, 0x0000000000000000, 48, 11.15 W
2026/09/20 22:04:58.500, 2398 MHz, 0x0000000000000000, 48, 10.69 W
2026/09/20 22:04:59.500, 2398 MHz, 0x0000000000000000, 48, 10.70 W
2026/09/20 22:05:00.501, 2398 MHz, 0x0000000000000000, 48, 10.70 W
2026/09/20 22:05:01.502, 2398 MHz, 0x0000000000000000, 48, 10.68 W
2026/09/20 22:05:02.502, 2398 MHz, 0x0000000000000000, 48, 10.70 W
2026/09/20 22:05:03.503, 2398 MHz, 0x0000000000000000, 48, 10.70 W
2026/09/20 22:05:04.504, 2398 MHz, 0x0000000000000000, 48, 10.70 W
2026/09/20 22:05:05.504, 2398 MHz, 0x0000000000000000, 48, 10.73 W
2026/09/20 22:05:06.505, 2398 MHz, 0x0000000000000000, 48, 10.75 W
2026/09/20 22:05:07.505, 2398 MHz, 0x0000000000000000, 48, 10.74 W
2026/09/20 22:05:08.506, 2398 MHz, 0x0000000000000000, 48, 10.71 W
2026/09/20 22:05:09.507, 2398 MHz, 0x0000000000000000, 48, 10.68 W
2026/09/20 22:05:10.507, 2398 MHz, 0x0000000000000000, 48, 10.64 W
2026/09/20 22:05:11.508, 2398 MHz, 0x0000000000000000, 48, 10.70 W
2026/09/20 22:05:12.508, 2398 MHz, 0x0000000000000000, 48, 10.68 W
2026/09/20 22:05:13.509, 2398 MHz, 0x0000000000000000, 48, 10.70 W
2026/09/20 22:05:14.509, 2398 MHz, 0x0000000000000000, 48, 10.69 W
2026/09/20 22:05:15.511, 2398 MHz, 0x0000000000000000, 48, 10.72 W
2026/09/20 22:05:16.511, 2398 MHz, 0x0000000000000000, 48, 10.73 W
2026/09/20 22:05:17.511, 2398 MHz, 0x0000000000000000, 48, 10.68 W
2026/09/20 22:05:18.512, 2398 MHz, 0x0000000000000000, 48, 10.68 W
2026/09/20 22:05:19.512, 2398 MHz, 0x0000000000000000, 48, 10.69 W
2026/09/20 22:05:20.513, 2398 MHz, 0x0000000000000000, 48, 10.75 W
2026/09/20 22:05:21.513, 2398 MHz, 0x0000000000000000, 48, 10.72 W
2026/09/20 22:05:22.513, 2398 MHz, 0x0000000000000000, 48, 10.73 W
2026/09/20 22:05:23.514, 2398 MHz, 0x0000000000000000, 48, 10.75 W
2026/09/20 22:05:24.514, 2398 MHz, 0x0000000000000000, 48, 10.74 W
2026/09/20 22:05:25.515, 2398 MHz, 0x0000000000000000, 48, 10.72 W
2026/09/20 22:05:26.515, 2398 MHz, 0x0000000000000000, 48, 10.67 W
2026/09/20 22:05:27.516, 2398 MHz, 0x0000000000000000, 48, 10.70 W
2026/09/20 22:05:28.516, 2398 MHz, 0x0000000000000000, 48, 10.73 W
2026/09/20 22:05:29.516, 2398 MHz, 0x0000000000000000, 48, 11.21 W
2026/09/20 22:05:30.517, 2398 MHz, 0x0000000000000000, 48, 11.47 W
2026/09/20 22:05:31.517, 2398 MHz, 0x0000000000000000, 48, 10.75 W
2026/09/20 22:05:32.518, 2398 MHz, 0x0000000000000000, 48, 10.71 W
2026/09/20 22:05:33.518, 2398 MHz, 0x0000000000000000, 48, 10.73 W
2026/09/20 22:05:34.518, 2398 MHz, 0x0000000000000000, 48, 10.71 W
2026/09/20 22:05:35.518, 2398 MHz, 0x0000000000000000, 48, 10.72 W
2026/09/20 22:05:36.520, 2398 MHz, 0x0000000000000000, 48, 10.78 W
2026/09/20 22:05:37.520, 2398 MHz, 0x0000000000000000, 48, 10.78 W
2026/09/20 22:05:38.521, 2398 MHz, 0x0000000000000000, 48, 10.77 W
2026/09/20 22:05:39.521, 2398 MHz, 0x0000000000000000, 48, 10.70 W
2026/09/20 22:05:40.521, 2398 MHz, 0x0000000000000000, 48, 10.74 W
2026/09/20 22:05:41.522, 2398 MHz, 0x0000000000000000, 48, 10.76 W
2026/09/20 22:05:42.522, 2398 MHz, 0x0000000000000000, 48, 10.75 W
2026/09/20 22:05:43.522, 2398 MHz, 0x0000000000000000, 48, 10.69 W
2026/09/20 22:05:44.523, 2398 MHz, 0x0000000000000000, 48, 10.71 W
2026/09/20 22:05:45.524, 2398 MHz, 0x0000000000000000, 48, 10.77 W
2026/09/20 22:05:46.524, 2398 MHz, 0x0000000000000000, 48, 10.77 W
2026/09/20 22:05:47.525, 2398 MHz, 0x0000000000000000, 48, 10.72 W
2026/09/20 22:05:48.525, 2398 MHz, 0x0000000000000000, 48, 10.75 W
2026/09/20 22:05:49.526, 2398 MHz, 0x0000000000000000, 48, 10.81 W
2026/09/20 22:05:50.526, 2398 MHz, 0x0000000000000000, 48, 10.79 W
2026/09/20 22:05:51.527, 2398 MHz, 0x0000000000000000, 48, 10.76 W
2026/09/20 22:05:52.528, 2398 MHz, 0x0000000000000000, 48, 10.72 W
2026/09/20 22:05:53.528, 2398 MHz, 0x0000000000000000, 48, 10.72 W
2026/09/20 22:05:54.529, 2398 MHz, 0x0000000000000000, 48, 10.71 W
2026/09/20 22:05:55.530, 2398 MHz, 0x0000000000000000, 48, 10.71 W
2026/09/20 22:05:56.531, 2398 MHz, 0x0000000000000000, 48, 10.72 W
2026/09/20 22:05:57.532, 2398 MHz, 0x0000000000000000, 48, 10.73 W
2026/09/20 22:05:58.532, 2398 MHz, 0x0000000000000000, 48, 10.77 W
2026/09/20 22:05:59.533, 2398 MHz, 0x0000000000000000, 48, 10.72 W
2026/09/20 22:06:00.534, 2398 MHz, 0x0000000000000000, 48, 10.70 W
2026/09/20 22:06:01.535, 2398 MHz, 0x0000000000000000, 48, 10.73 W
2026/09/20 22:06:02.536, 2398 MHz, 0x0000000000000000, 48, 10.74 W
2026/09/20 22:06:03.536, 2398 MHz, 0x0000000000000000, 48, 11.83 W
2026/09/20 22:06:04.537, 2398 MHz, 0x0000000000000000, 48, 10.66 W
2026/09/20 22:06:05.538, 2398 MHz, 0x0000000000000000, 48, 10.66 W
2026/09/20 22:06:06.538, 2398 MHz, 0x0000000000000000, 48, 10.67 W
2026/09/20 22:06:07.539, 2398 MHz, 0x0000000000000000, 48, 10.68 W
2026/09/20 22:06:08.540, 2398 MHz, 0x0000000000000000, 48, 10.74 W
2026/09/20 22:06:09.541, 2398 MHz, 0x0000000000000000, 48, 10.75 W
2026/09/20 22:06:10.542, 2398 MHz, 0x0000000000000000, 48, 10.75 W
2026/09/20 22:06:11.543, 2398 MHz, 0x0000000000000000, 48, 10.72 W
2026/09/20 22:06:12.543, 2398 MHz, 0x0000000000000000, 48, 10.70 W
2026/09/20 22:06:13.543, 2398 MHz, 0x0000000000000000, 48, 10.72 W
2026/09/20 22:06:14.544, 2398 MHz, 0x0000000000000000, 48, 10.71 W
2026/09/20 22:06:15.545, 2398 MHz, 0x0000000000000000, 48, 10.74 W
2026/09/20 22:06:16.546, 2398 MHz, 0x0000000000000000, 48, 10.77 W
2026/09/20 22:06:17.547, 2398 MHz, 0x0000000000000000, 48, 10.78 W
2026/09/20 22:06:18.547, 2398 MHz, 0x0000000000000000, 48, 10.78 W
2026/09/20 22:06:19.548, 2398 MHz, 0x0000000000000000, 48, 10.71 W
2026/09/20 22:06:20.549, 2398 MHz, 0x0000000000000000, 48, 10.69 W
2026/09/20 22:06:21.550, 2398 MHz, 0x0000000000000000, 48, 10.72 W
