timestamp, clocks.current.sm [MHz], clocks_event_reasons.active, temperature.gpu, power.draw [W]
2026/09/15 14:23:36.597, 2405 MHz, 0x0000000000000000, 67, 17.16 W
2026/09/15 14:23:37.605, 2405 MHz, 0x0000000000000000, 66, 17.08 W
2026/09/15 14:23:38.606, 2405 MHz, 0x0000000000000000, 66, 16.93 W
2026/09/15 14:23:39.606, 2405 MHz, 0x0000000000000000, 65, 16.79 W
2026/09/15 14:23:40.607, 2405 MHz, 0x0000000000000000, 65, 16.66 W
2026/09/15 14:23:41.608, 2405 MHz, 0x0000000000000000, 64, 16.61 W
2026/09/15 14:23:42.608, 2405 MHz, 0x0000000000000000, 64, 16.56 W
2026/09/15 14:23:43.609, 2405 MHz, 0x0000000000000000, 64, 16.53 W
2026/09/15 14:23:44.609, 2405 MHz, 0x0000000000000000, 63, 16.44 W
2026/09/15 14:23:45.610, 2405 MHz, 0x0000000000000000, 63, 16.34 W
2026/09/15 14:23:46.610, 2405 MHz, 0x0000000000000000, 63, 16.28 W
2026/09/15 14:23:47.610, 2405 MHz, 0x0000000000000000, 62, 16.23 W
2026/09/15 14:23:48.611, 2405 MHz, 0x0000000000000000, 62, 16.10 W
2026/09/15 14:23:49.611, 2405 MHz, 0x0000000000000000, 62, 15.95 W
2026/09/15 14:23:50.612, 2405 MHz, 0x0000000000000000, 61, 15.91 W
2026/09/15 14:23:51.612, 2405 MHz, 0x0000000000000000, 61, 15.84 W
2026/09/15 14:23:52.612, 2405 MHz, 0x0000000000000000, 61, 15.89 W
2026/09/15 14:23:53.613, 2405 MHz, 0x0000000000000000, 61, 15.80 W
2026/09/15 14:23:54.613, 2405 MHz, 0x0000000000000000, 61, 16.33 W
2026/09/15 14:23:55.614, 2405 MHz, 0x0000000000000000, 61, 16.56 W
2026/09/15 14:23:56.614, 2405 MHz, 0x0000000000000000, 61, 16.23 W
2026/09/15 14:23:57.614, 1644 MHz, 0x0000000000000000, 59, 13.79 W
2026/09/15 14:23:58.614, 208 MHz, 0x0000000000000000, 59, 7.26 W
2026/09/15 14:23:59.615, 208 MHz, 0x0000000000000000, 59, 7.25 W
2026/09/15 14:24:00.615, 208 MHz, 0x0000000000000000, 59, 7.25 W
2026/09/15 14:24:01.615, 208 MHz, 0x0000000000000000, 59, 6.33 W
2026/09/15 14:24:02.615, 208 MHz, 0x0000000000000004, 59, 6.29 W
2026/09/15 14:24:03.616, 208 MHz, 0x0000000000000000, 58, 6.28 W
2026/09/15 14:24:04.616, 208 MHz, 0x0000000000000004, 58, 6.27 W
2026/09/15 14:24:05.617, 208 MHz, 0x0000000000000000, 58, 6.35 W
2026/09/15 14:24:06.617, 208 MHz, 0x0000000000000004, 58, 6.26 W
2026/09/15 14:24:07.617, 208 MHz, 0x0000000000000000, 58, 6.35 W
2026/09/15 14:24:08.618, 208 MHz, 0x0000000000000000, 58, 6.31 W
2026/09/15 14:24:09.618, 208 MHz, 0x0000000000000000, 58, 6.31 W
2026/09/15 14:24:10.619, 208 MHz, 0x0000000000000000, 58, 6.15 W
2026/09/15 14:24:11.619, 208 MHz, 0x0000000000000004, 58, 6.15 W
2026/09/15 14:24:12.620, 208 MHz, 0x0000000000000000, 58, 6.16 W
2026/09/15 14:24:13.620, 208 MHz, 0x0000000000000004, 58, 6.15 W
2026/09/15 14:24:14.621, 208 MHz, 0x0000000000000000, 58, 6.16 W
2026/09/15 14:24:15.621, 208 MHz, 0x0000000000000004, 58, 6.12 W
2026/09/15 14:24:16.621, 208 MHz, 0x0000000000000000, 57, 6.13 W
2026/09/15 14:24:17.622, 208 MHz, 0x0000000000000004, 57, 6.14 W
2026/09/15 14:24:18.622, 208 MHz, 0x0000000000000000, 57, 6.14 W
2026/09/15 14:24:19.623, 208 MHz, 0x0000000000000004, 57, 6.14 W
2026/09/15 14:24:20.623, 208 MHz, 0x0000000000000000, 57, 6.14 W
2026/09/15 14:24:21.623, 208 MHz, 0x0000000000000004, 57, 6.10 W
2026/09/15 14:24:22.624, 214 MHz, 0x0000000000000000, 57, 6.09 W
2026/09/15 14:24:23.625, 208 MHz, 0x0000000000000004, 57, 6.05 W
2026/09/15 14:24:24.625, 208 MHz, 0x0000000000000000, 57, 6.04 W
2026/09/15 14:24:25.625, 208 MHz, 0x0000000000000004, 57, 6.07 W
2026/09/15 14:24:26.625, 208 MHz, 0x0000000000000000, 57, 6.14 W
2026/09/15 14:24:27.625, 208 MHz, 0x0000000000000004, 57, 6.10 W
2026/09/15 14:24:28.626, 214 MHz, 0x0000000000000000, 57, 6.05 W
2026/09/15 14:24:29.626, 208 MHz, 0x0000000000000004, 57, 6.00 W
2026/09/15 14:24:30.626, 208 MHz, 0x0000000000000000, 57, 6.03 W
2026/09/15 14:24:31.626, 208 MHz, 0x0000000000000004, 57, 6.05 W
2026/09/15 14:24:32.627, 208 MHz, 0x0000000000000000, 57, 6.06 W
2026/09/15 14:24:33.628, 208 MHz, 0x0000000000000004, 57, 6.01 W
2026/09/15 14:24:34.628, 208 MHz, 0x0000000000000000, 57, 6.00 W
2026/09/15 14:24:35.629, 2392 MHz, 0x0000000000000000, 58, 8.36 W
2026/09/15 14:24:36.629, 2405 MHz, 0x0000000000000000, 58, 15.29 W
2026/09/15 14:24:37.630, 2405 MHz, 0x0000000000000000, 58, 15.28 W
2026/09/15 14:24:38.631, 2405 MHz, 0x0000000000000000, 58, 15.14 W
2026/09/15 14:24:39.632, 2405 MHz, 0x0000000000000000, 58, 15.12 W
2026/09/15 14:24:40.632, 2405 MHz, 0x0000000000000000, 58, 15.22 W
2026/09/15 14:24:41.632, 2405 MHz, 0x0000000000000000, 58, 15.54 W
2026/09/15 14:24:42.633, 2411 MHz, 0x0000000000000000, 58, 15.49 W
2026/09/15 14:24:43.634, 2411 MHz, 0x0000000000000000, 58, 15.38 W
2026/09/15 14:24:44.634, 2405 MHz, 0x0000000000000000, 58, 15.25 W
2026/09/15 14:24:45.635, 2405 MHz, 0x0000000000000000, 58, 15.08 W
2026/09/15 14:24:46.635, 2463 MHz, 0x0000000000000000, 59, 18.18 W
2026/09/15 14:24:47.635, 2496 MHz, 0x0000000000000000, 60, 21.89 W
2026/09/15 14:24:48.636, 2483 MHz, 0x0000000000000000, 60, 21.33 W
2026/09/15 14:24:49.636, 2457 MHz, 0x0000000000000000, 60, 23.43 W
2026/09/15 14:24:50.636, 2502 MHz, 0x0000000000000000, 61, 24.53 W
2026/09/15 14:24:51.637, 2470 MHz, 0x0000000000000000, 61, 22.31 W
2026/09/15 14:24:52.637, 2502 MHz, 0x0000000000000000, 62, 22.85 W
2026/09/15 14:24:53.637, 2431 MHz, 0x0000000000000000, 61, 19.74 W
2026/09/15 14:24:54.637, 2437 MHz, 0x0000000000000000, 61, 20.02 W
2026/09/15 14:24:55.638, 2457 MHz, 0x0000000000000000, 62, 20.51 W
2026/09/15 14:24:56.638, 2502 MHz, 0x0000000000000000, 62, 22.67 W
2026/09/15 14:24:57.638, 2457 MHz, 0x0000000000000000, 62, 21.00 W
2026/09/15 14:24:58.639, 2457 MHz, 0x0000000000000000, 62, 17.96 W
2026/09/15 14:24:59.639, 2437 MHz, 0x0000000000000000, 62, 18.53 W
2026/09/15 14:25:00.639, 2457 MHz, 0x0000000000000000, 62, 19.13 W
2026/09/15 14:25:01.640, 2444 MHz, 0x0000000000000000, 62, 18.33 W
2026/09/15 14:25:02.640, 2437 MHz, 0x0000000000000000, 62, 18.51 W
2026/09/15 14:25:03.640, 2444 MHz, 0x0000000000000000, 62, 18.28 W
2026/09/15 14:25:04.640, 2444 MHz, 0x0000000000000000, 62, 19.00 W
2026/09/15 14:25:05.640, 2431 MHz, 0x0000000000000000, 62, 18.67 W
2026/09/15 14:25:06.641, 2450 MHz, 0x0000000000000000, 62, 17.89 W
2026/09/15 14:25:07.641, 2424 MHz, 0x0000000000000000, 62, 17.72 W
2026/09/15 14:25:08.642, 2431 MHz, 0x0000000000000000, 62, 17.85 W
2026/09/15 14:25:09.642, 2450 MHz, 0x0000000000000000, 62, 18.03 W
2026/09/15 14:25:10.643, 2424 MHz, 0x0000000000000000, 62, 17.87 W
2026/09/15 14:25:11.643, 2444 MHz, 0x0000000000000000, 63, 18.71 W
2026/09/15 14:25:12.644, 2450 MHz, 0x0000000000000000, 63, 19.40 W
2026/09/15 14:25:13.644, 2437 MHz, 0x0000000000000000, 63, 19.46 W
2026/09/15 14:25:14.644, 2424 MHz, 0x0000000000000000, 63, 18.97 W
2026/09/15 14:25:15.644, 2444 MHz, 0x0000000000000000, 63, 19.74 W
2026/09/15 14:25:16.645, 2450 MHz, 0x0000000000000000, 63, 19.84 W
2026/09/15 14:25:17.645, 2418 MHz, 0x0000000000000000, 63, 18.60 W
2026/09/15 14:25:18.646, 2431 MHz, 0x0000000000000000, 63, 18.93 W
2026/09/15 14:25:19.646, 2431 MHz, 0x0000000000000000, 63, 18.62 W
2026/09/15 14:25:20.646, 2437 MHz, 0x0000000000000000, 63, 18.52 W
2026/09/15 14:25:21.647, 2444 MHz, 0x0000000000000000, 63, 19.02 W
2026/09/15 14:25:22.647, 2444 MHz, 0x0000000000000000, 63, 19.65 W
2026/09/15 14:25:23.648, 2431 MHz, 0x0000000000000000, 63, 19.17 W
2026/09/15 14:25:24.648, 2444 MHz, 0x0000000000000000, 63, 19.87 W
2026/09/15 14:25:25.648, 2444 MHz, 0x0000000000000000, 63, 19.76 W
2026/09/15 14:25:26.649, 2457 MHz, 0x0000000000000000, 63, 18.55 W
2026/09/15 14:25:27.649, 2437 MHz, 0x0000000000000000, 63, 18.58 W
2026/09/15 14:25:28.650, 2437 MHz, 0x0000000000000000, 63, 18.35 W
2026/09/15 14:25:29.650, 2431 MHz, 0x0000000000000000, 63, 18.70 W
2026/09/15 14:25:30.650, 2431 MHz, 0x0000000000000000, 63, 18.43 W
2026/09/15 14:25:31.650, 2457 MHz, 0x0000000000000000, 63, 18.40 W
2026/09/15 14:25:32.651, 2431 MHz, 0x0000000000000000, 63, 18.02 W
2026/09/15 14:25:33.651, 2437 MHz, 0x0000000000000000, 63, 18.38 W
2026/09/15 14:25:34.651, 2431 MHz, 0x0000000000000000, 63, 20.25 W
2026/09/15 14:25:35.651, 2450 MHz, 0x0000000000000000, 63, 19.96 W
2026/09/15 14:25:36.651, 2431 MHz, 0x0000000000000000, 63, 19.28 W
2026/09/15 14:25:37.652, 2405 MHz, 0x0000000000000000, 63, 17.01 W
2026/09/15 14:25:38.652, 2405 MHz, 0x0000000000000000, 63, 16.96 W
2026/09/15 14:25:39.652, 2405 MHz, 0x0000000000000000, 63, 16.88 W
2026/09/15 14:25:40.653, 2405 MHz, 0x0000000000000000, 62, 20.76 W
2026/09/15 14:25:41.653, 2470 MHz, 0x0000000000000000, 63, 21.09 W
2026/09/15 14:25:42.654, 2483 MHz, 0x0000000000000000, 64, 25.46 W
2026/09/15 14:25:43.654, 2405 MHz, 0x0000000000000000, 62, 16.21 W
2026/09/15 14:25:44.655, 2405 MHz, 0x0000000000000000, 62, 15.83 W
2026/09/15 14:25:45.655, 2405 MHz, 0x0000000000000000, 61, 15.82 W
2026/09/15 14:25:46.656, 2405 MHz, 0x0000000000000000, 61, 15.70 W
2026/09/15 14:25:47.656, 2405 MHz, 0x0000000000000000, 61, 15.64 W
2026/09/15 14:25:48.656, 2405 MHz, 0x0000000000000000, 61, 15.85 W
2026/09/15 14:25:49.657, 2405 MHz, 0x0000000000000000, 61, 16.36 W
2026/09/15 14:25:50.657, 2372 MHz, 0x0000000000000000, 75, 90.72 W
2026/09/15 14:25:51.657, 2327 MHz, 0x0000000000000000, 75, 92.22 W
2026/09/15 14:25:52.658, 2366 MHz, 0x0000000000000000, 73, 90.90 W
2026/09/15 14:25:53.659, 2379 MHz, 0x0000000000000000, 77, 94.45 W
2026/09/15 14:25:54.660, 2340 MHz, 0x0000000000000000, 78, 92.22 W
2026/09/15 14:25:55.660, 2327 MHz, 0x0000000000000000, 73, 91.85 W
2026/09/15 14:25:56.661, 2372 MHz, 0x0000000000000000, 78, 93.64 W
2026/09/15 14:25:57.661, 2353 MHz, 0x0000000000000000, 78, 90.74 W
2026/09/15 14:25:58.662, 2307 MHz, 0x0000000000000000, 78, 90.97 W
2026/09/15 14:25:59.662, 2353 MHz, 0x0000000000000000, 79, 91.86 W
2026/09/15 14:26:00.663, 2405 MHz, 0x0000000000000000, 66, 18.71 W
2026/09/15 14:26:01.664, 2405 MHz, 0x0000000000000000, 65, 17.20 W
2026/09/15 14:26:02.664, 2405 MHz, 0x0000000000000000, 65, 16.66 W
2026/09/15 14:26:03.664, 2405 MHz, 0x0000000000000000, 64, 16.56 W
2026/09/15 14:26:04.665, 2483 MHz, 0x0000000000000000, 64, 21.81 W
2026/09/15 14:26:05.665, 2444 MHz, 0x0000000000000000, 68, 40.75 W
2026/09/15 14:26:06.665, 2431 MHz, 0x0000000000000000, 67, 36.36 W
2026/09/15 14:26:07.666, 2418 MHz, 0x0000000000000000, 65, 23.92 W
2026/09/15 14:26:08.666, 2405 MHz, 0x0000000000000000, 64, 26.66 W
2026/09/15 14:26:09.666, 2424 MHz, 0x0000000000000000, 64, 19.65 W
2026/09/15 14:26:10.667, 2457 MHz, 0x0000000000000000, 63, 19.50 W
2026/09/15 14:26:11.667, 2431 MHz, 0x0000000000000000, 63, 19.35 W
2026/09/15 14:26:12.667, 2424 MHz, 0x0000000000000000, 63, 19.18 W
2026/09/15 14:26:13.668, 2431 MHz, 0x0000000000000000, 63, 19.31 W
2026/09/15 14:26:14.668, 2405 MHz, 0x0000000000000000, 62, 18.09 W
2026/09/15 14:26:15.669, 2405 MHz, 0x0000000000000000, 62, 16.16 W
2026/09/15 14:26:16.669, 2444 MHz, 0x0000000000000000, 64, 20.67 W
2026/09/15 14:26:17.669, 2405 MHz, 0x0000000000000000, 63, 34.26 W
2026/09/15 14:26:18.670, 2470 MHz, 0x0000000000000000, 62, 19.90 W
2026/09/15 14:26:19.670, 2444 MHz, 0x0000000000000000, 63, 19.59 W
2026/09/15 14:26:20.670, 2457 MHz, 0x0000000000000000, 62, 18.12 W
2026/09/15 14:26:21.671, 2450 MHz, 0x0000000000000000, 62, 19.97 W
2026/09/15 14:26:22.671, 2424 MHz, 0x0000000000000000, 62, 18.32 W
2026/09/15 14:26:23.672, 2444 MHz, 0x0000000000000000, 62, 20.51 W
2026/09/15 14:26:24.673, 2405 MHz, 0x0000000000000000, 61, 20.92 W
2026/09/15 14:26:25.673, 2405 MHz, 0x0000000000000000, 61, 15.64 W
2026/09/15 14:26:26.674, 2405 MHz, 0x0000000000000000, 61, 15.59 W
2026/09/15 14:26:27.674, 2405 MHz, 0x0000000000000000, 61, 15.53 W
2026/09/15 14:26:28.675, 2405 MHz, 0x0000000000000000, 60, 15.56 W
2026/09/15 14:26:29.675, 2405 MHz, 0x0000000000000000, 60, 15.52 W
2026/09/15 14:26:30.676, 2405 MHz, 0x0000000000000000, 60, 15.44 W
2026/09/15 14:26:31.676, 2405 MHz, 0x0000000000000000, 60, 15.39 W
2026/09/15 14:26:32.677, 2405 MHz, 0x0000000000000000, 60, 15.37 W
2026/09/15 14:26:33.678, 2405 MHz, 0x0000000000000000, 60, 15.36 W
2026/09/15 14:26:34.679, 2405 MHz, 0x0000000000000000, 60, 15.33 W
2026/09/15 14:26:35.679, 2405 MHz, 0x0000000000000000, 60, 15.31 W
2026/09/15 14:26:36.680, 2405 MHz, 0x0000000000000000, 59, 15.26 W
2026/09/15 14:26:37.681, 2405 MHz, 0x0000000000000000, 59, 15.23 W
2026/09/15 14:26:38.681, 2405 MHz, 0x0000000000000000, 59, 15.22 W
2026/09/15 14:26:39.682, 2405 MHz, 0x0000000000000000, 59, 15.21 W
2026/09/15 14:26:40.682, 2405 MHz, 0x0000000000000000, 59, 15.20 W
2026/09/15 14:26:41.683, 2405 MHz, 0x0000000000000000, 59, 15.20 W
2026/09/15 14:26:42.683, 2405 MHz, 0x0000000000000000, 59, 15.21 W
2026/09/15 14:26:43.684, 2405 MHz, 0x0000000000000000, 59, 15.14 W
2026/09/15 14:26:44.685, 2405 MHz, 0x0000000000000000, 59, 15.35 W
2026/09/15 14:26:45.686, 2405 MHz, 0x0000000000000000, 58, 15.12 W
2026/09/15 14:26:46.687, 2405 MHz, 0x0000000000000000, 58, 15.18 W
2026/09/15 14:26:47.688, 2405 MHz, 0x0000000000000000, 58, 15.07 W
2026/09/15 14:26:48.689, 2405 MHz, 0x0000000000000000, 58, 15.05 W
2026/09/15 14:26:49.689, 2405 MHz, 0x0000000000000000, 58, 15.04 W
2026/09/15 14:26:50.690, 2405 MHz, 0x0000000000000000, 58, 15.00 W
2026/09/15 14:26:51.690, 2405 MHz, 0x0000000000000000, 58, 15.01 W
2026/09/15 14:26:52.691, 2405 MHz, 0x0000000000000000, 59, 17.64 W
2026/09/15 14:26:53.691, 2405 MHz, 0x0000000000000000, 58, 17.45 W
2026/09/15 14:26:54.692, 2431 MHz, 0x0000000000000000, 60, 18.76 W
2026/09/15 14:26:55.692, 2502 MHz, 0x0000000000000000, 61, 37.60 W
2026/09/15 14:26:56.693, 2502 MHz, 0x0000000000000000, 62, 38.56 W
2026/09/15 14:26:57.693, 2502 MHz, 0x0000000000000000, 62, 35.68 W
2026/09/15 14:26:58.694, 2502 MHz, 0x0000000000000000, 63, 38.60 W
2026/09/15 14:26:59.694, 2483 MHz, 0x0000000000000000, 63, 37.82 W
2026/09/15 14:27:00.694, 2483 MHz, 0x0000000000000000, 63, 38.69 W
2026/09/15 14:27:01.695, 2483 MHz, 0x0000000000000000, 64, 38.92 W
2026/09/15 14:27:02.695, 2483 MHz, 0x0000000000000000, 64, 39.01 W
2026/09/15 14:27:03.696, 2476 MHz, 0x0000000000000000, 63, 37.10 W
2026/09/15 14:27:04.696, 2483 MHz, 0x0000000000000000, 65, 37.38 W
2026/09/15 14:27:05.696, 2483 MHz, 0x0000000000000000, 65, 39.04 W
2026/09/15 14:27:06.697, 2483 MHz, 0x0000000000000000, 65, 39.19 W
2026/09/15 14:27:07.697, 2470 MHz, 0x0000000000000000, 66, 40.85 W
2026/09/15 14:27:08.698, 2483 MHz, 0x0000000000000000, 67, 41.15 W
2026/09/15 14:27:09.698, 2483 MHz, 0x0000000000000000, 66, 39.56 W
2026/09/15 14:27:10.699, 2483 MHz, 0x0000000000000000, 66, 39.54 W
2026/09/15 14:27:11.699, 2483 MHz, 0x0000000000000000, 66, 39.69 W
2026/09/15 14:27:12.699, 2483 MHz, 0x0000000000000000, 66, 37.61 W
2026/09/15 14:27:13.700, 2483 MHz, 0x0000000000000000, 67, 39.73 W
2026/09/15 14:27:14.700, 2483 MHz, 0x0000000000000000, 67, 39.95 W
2026/09/15 14:27:15.701, 2483 MHz, 0x0000000000000000, 67, 38.80 W
2026/09/15 14:27:16.701, 2483 MHz, 0x0000000000000000, 67, 39.75 W
2026/09/15 14:27:17.701, 2483 MHz, 0x0000000000000000, 67, 38.47 W
2026/09/15 14:27:18.702, 2483 MHz, 0x0000000000000000, 68, 38.78 W
2026/09/15 14:27:19.702, 2483 MHz, 0x0000000000000000, 68, 39.92 W
2026/09/15 14:27:20.703, 2476 MHz, 0x0000000000000000, 68, 42.59 W
2026/09/15 14:27:21.703, 2483 MHz, 0x0000000000000000, 70, 42.31 W
2026/09/15 14:27:22.704, 2483 MHz, 0x0000000000000000, 68, 40.09 W
2026/09/15 14:27:23.704, 2483 MHz, 0x0000000000000000, 68, 40.23 W
2026/09/15 14:27:24.705, 2483 MHz, 0x0000000000000000, 68, 38.24 W
2026/09/15 14:27:25.705, 2483 MHz, 0x0000000000000000, 69, 40.33 W
2026/09/15 14:27:26.706, 2483 MHz, 0x0000000000000000, 69, 39.45 W
2026/09/15 14:27:27.706, 2483 MHz, 0x0000000000000000, 69, 40.44 W
2026/09/15 14:27:28.706, 2483 MHz, 0x0000000000000000, 69, 40.44 W
2026/09/15 14:27:29.707, 2483 MHz, 0x0000000000000000, 69, 40.30 W
2026/09/15 14:27:30.707, 2483 MHz, 0x0000000000000000, 69, 38.08 W
2026/09/15 14:27:31.708, 2483 MHz, 0x0000000000000000, 69, 40.40 W
2026/09/15 14:27:32.708, 2483 MHz, 0x0000000000000000, 69, 40.55 W
2026/09/15 14:27:33.709, 2476 MHz, 0x0000000000000000, 70, 42.49 W
2026/09/15 14:27:34.709, 2483 MHz, 0x0000000000000000, 71, 42.02 W
2026/09/15 14:27:35.710, 2483 MHz, 0x0000000000000000, 69, 41.03 W
2026/09/15 14:27:36.710, 2450 MHz, 0x0000000000000000, 73, 48.15 W
2026/09/15 14:27:37.711, 2450 MHz, 0x0000000000000000, 73, 57.29 W
2026/09/15 14:27:38.711, 2444 MHz, 0x0000000000000000, 67, 42.73 W
2026/09/15 14:27:39.712, 2444 MHz, 0x0000000000000000, 73, 46.25 W
2026/09/15 14:27:40.712, 2444 MHz, 0x0000000000000000, 74, 61.49 W
2026/09/15 14:27:41.713, 2444 MHz, 0x0000000000000000, 72, 60.48 W
2026/09/15 14:27:42.713, 2444 MHz, 0x0000000000000000, 74, 62.71 W
2026/09/15 14:27:43.714, 2450 MHz, 0x0000000000000000, 74, 63.21 W
2026/09/15 14:27:44.714, 2450 MHz, 0x0000000000000000, 75, 64.11 W
2026/09/15 14:27:45.715, 2444 MHz, 0x0000000000000000, 76, 64.11 W
2026/09/15 14:27:46.715, 2444 MHz, 0x0000000000000000, 76, 64.55 W
2026/09/15 14:27:47.715, 2444 MHz, 0x0000000000000000, 76, 64.89 W
2026/09/15 14:27:48.716, 2444 MHz, 0x0000000000000000, 77, 65.20 W
2026/09/15 14:27:49.716, 2444 MHz, 0x0000000000000000, 77, 65.73 W
2026/09/15 14:27:50.716, 2444 MHz, 0x0000000000000000, 77, 65.99 W
2026/09/15 14:27:51.717, 2444 MHz, 0x0000000000000000, 77, 66.55 W
2026/09/15 14:27:52.717, 2444 MHz, 0x0000000000000000, 77, 67.00 W
2026/09/15 14:27:53.718, 2444 MHz, 0x0000000000000000, 78, 67.17 W
2026/09/15 14:27:54.718, 2444 MHz, 0x0000000000000000, 77, 67.67 W
2026/09/15 14:27:55.719, 2444 MHz, 0x0000000000000000, 79, 68.27 W
2026/09/15 14:27:56.719, 2444 MHz, 0x0000000000000000, 78, 68.18 W
2026/09/15 14:27:57.720, 2444 MHz, 0x0000000000000000, 79, 68.61 W
2026/09/15 14:27:58.721, 2444 MHz, 0x0000000000000000, 79, 68.59 W
2026/09/15 14:27:59.721, 2444 MHz, 0x0000000000000000, 78, 68.54 W
2026/09/15 14:28:00.721, 2444 MHz, 0x0000000000000000, 79, 68.99 W
2026/09/15 14:28:01.722, 2444 MHz, 0x0000000000000000, 79, 69.30 W
2026/09/15 14:28:02.722, 2450 MHz, 0x0000000000000000, 79, 70.41 W
2026/09/15 14:28:03.723, 2444 MHz, 0x0000000000000000, 79, 70.11 W
2026/09/15 14:28:04.723, 2437 MHz, 0x0000000000000000, 77, 70.20 W
2026/09/15 14:28:05.724, 2444 MHz, 0x0000000000000000, 81, 72.53 W
2026/09/15 14:28:06.724, 2437 MHz, 0x0000000000000000, 79, 70.83 W
2026/09/15 14:28:07.725, 2437 MHz, 0x0000000000000000, 82, 71.26 W
2026/09/15 14:28:08.725, 2431 MHz, 0x0000000000000000, 81, 71.39 W
2026/09/15 14:28:09.726, 2437 MHz, 0x0000000000000000, 80, 71.21 W
2026/09/15 14:28:10.726, 2444 MHz, 0x0000000000000000, 80, 71.41 W
2026/09/15 14:28:11.726, 2437 MHz, 0x0000000000000000, 79, 71.60 W
2026/09/15 14:28:12.727, 2431 MHz, 0x0000000000000000, 80, 72.60 W
2026/09/15 14:28:13.727, 2431 MHz, 0x0000000000000000, 81, 72.48 W
2026/09/15 14:28:14.728, 2424 MHz, 0x0000000000000000, 80, 72.56 W
2026/09/15 14:28:15.728, 2424 MHz, 0x0000000000000000, 82, 72.78 W
2026/09/15 14:28:16.728, 2431 MHz, 0x0000000000000000, 82, 72.53 W
2026/09/15 14:28:17.729, 2424 MHz, 0x0000000000000000, 80, 73.04 W
2026/09/15 14:28:18.729, 2424 MHz, 0x0000000000000000, 79, 74.41 W
2026/09/15 14:28:19.730, 2424 MHz, 0x0000000000000000, 83, 74.15 W
2026/09/15 14:28:20.730, 2424 MHz, 0x0000000000000000, 81, 73.42 W
2026/09/15 14:28:21.731, 2424 MHz, 0x0000000000000000, 82, 73.93 W
2026/09/15 14:28:22.731, 2431 MHz, 0x0000000000000000, 82, 73.88 W
2026/09/15 14:28:23.732, 2424 MHz, 0x0000000000000000, 81, 74.65 W
2026/09/15 14:28:24.733, 2424 MHz, 0x0000000000000000, 82, 74.95 W
2026/09/15 14:28:25.733, 2424 MHz, 0x0000000000000000, 84, 75.49 W
2026/09/15 14:28:26.734, 2424 MHz, 0x0000000000000000, 83, 74.93 W
2026/09/15 14:28:27.734, 2431 MHz, 0x0000000000000000, 83, 74.37 W
2026/09/15 14:28:28.734, 2424 MHz, 0x0000000000000000, 79, 75.16 W
2026/09/15 14:28:29.735, 2405 MHz, 0x0000000000000000, 74, 31.47 W
2026/09/15 14:28:30.736, 2411 MHz, 0x0000000000000000, 79, 27.85 W
2026/09/15 14:28:31.736, 2424 MHz, 0x0000000000000000, 83, 77.05 W
2026/09/15 14:28:32.736, 2424 MHz, 0x0000000000000000, 81, 74.56 W
2026/09/15 14:28:33.737, 2424 MHz, 0x0000000000000000, 82, 75.27 W
2026/09/15 14:28:34.737, 2431 MHz, 0x0000000000000000, 81, 74.09 W
2026/09/15 14:28:35.738, 2424 MHz, 0x0000000000000000, 82, 77.52 W
2026/09/15 14:28:36.738, 2424 MHz, 0x0000000000000000, 83, 75.95 W
2026/09/15 14:28:37.739, 2424 MHz, 0x0000000000000000, 83, 76.01 W
2026/09/15 14:28:38.739, 2424 MHz, 0x0000000000000000, 80, 74.98 W
2026/09/15 14:28:39.740, 2424 MHz, 0x0000000000000000, 83, 77.60 W
2026/09/15 14:28:40.740, 2424 MHz, 0x0000000000000000, 83, 75.94 W
2026/09/15 14:28:41.740, 2431 MHz, 0x0000000000000000, 83, 75.36 W
2026/09/15 14:28:42.741, 2424 MHz, 0x0000000000000000, 82, 77.07 W
2026/09/15 14:28:43.741, 2424 MHz, 0x0000000000000000, 81, 75.85 W
2026/09/15 14:28:44.742, 2431 MHz, 0x0000000000000000, 82, 75.96 W
2026/09/15 14:28:45.742, 2424 MHz, 0x0000000000000000, 79, 76.49 W
2026/09/15 14:28:46.742, 2424 MHz, 0x0000000000000000, 84, 78.29 W
2026/09/15 14:28:47.743, 2424 MHz, 0x0000000000000000, 83, 76.34 W
2026/09/15 14:28:48.743, 2424 MHz, 0x0000000000000000, 82, 76.32 W
2026/09/15 14:28:49.744, 2418 MHz, 0x0000000000000000, 84, 78.75 W
2026/09/15 14:28:50.744, 2424 MHz, 0x0000000000000000, 84, 76.68 W
2026/09/15 14:28:51.744, 2431 MHz, 0x0000000000000000, 81, 76.17 W
2026/09/15 14:28:52.745, 2418 MHz, 0x0000000000000000, 81, 78.26 W
2026/09/15 14:28:53.745, 2418 MHz, 0x0000000000000000, 82, 76.93 W
2026/09/15 14:28:54.745, 2431 MHz, 0x0000000000000000, 84, 77.07 W
2026/09/15 14:28:55.746, 2418 MHz, 0x0000000000000000, 84, 78.72 W
2026/09/15 14:28:56.746, 2418 MHz, 0x0000000000000000, 84, 77.19 W
2026/09/15 14:28:57.747, 2431 MHz, 0x0000000000000000, 82, 76.13 W
2026/09/15 14:28:58.747, 2418 MHz, 0x0000000000000000, 82, 78.74 W
2026/09/15 14:28:59.748, 2411 MHz, 0x0000000000000000, 84, 77.70 W
2026/09/15 14:29:00.748, 2424 MHz, 0x0000000000000000, 82, 76.96 W
2026/09/15 14:29:01.749, 2418 MHz, 0x0000000000000000, 82, 79.07 W
2026/09/15 14:29:02.750, 2418 MHz, 0x0000000000000000, 84, 78.00 W
2026/09/15 14:29:03.750, 2424 MHz, 0x0000000000000000, 82, 76.65 W
2026/09/15 14:29:04.751, 2418 MHz, 0x0000000000000000, 84, 79.48 W
2026/09/15 14:29:05.751, 2411 MHz, 0x0000000000000000, 82, 76.93 W
2026/09/15 14:29:06.751, 2431 MHz, 0x0000000000000000, 84, 78.38 W
2026/09/15 14:29:07.752, 2418 MHz, 0x0000000000000000, 82, 78.11 W
2026/09/15 14:29:08.752, 2405 MHz, 0x0000000000000000, 84, 78.27 W
2026/09/15 14:29:09.753, 2418 MHz, 0x0000000000000000, 84, 77.07 W
2026/09/15 14:29:10.753, 2405 MHz, 0x0000000000000000, 83, 78.95 W
2026/09/15 14:29:11.754, 2411 MHz, 0x0000000000000000, 84, 77.90 W
2026/09/15 14:29:12.754, 2418 MHz, 0x0000000000000000, 82, 77.27 W
2026/09/15 14:29:13.755, 2405 MHz, 0x0000000000000000, 82, 79.64 W
2026/09/15 14:29:14.755, 2418 MHz, 0x0000000000000000, 85, 78.42 W
2026/09/15 14:29:15.755, 2418 MHz, 0x0000000000000000, 84, 78.39 W
2026/09/15 14:29:16.756, 2411 MHz, 0x0000000000000000, 82, 77.25 W
2026/09/15 14:29:17.756, 2424 MHz, 0x0000000000000000, 82, 77.99 W
2026/09/15 14:29:18.757, 2411 MHz, 0x0000000000000000, 84, 80.09 W
2026/09/15 14:29:19.757, 2405 MHz, 0x0000000000000000, 84, 78.19 W
2026/09/15 14:29:20.758, 2418 MHz, 0x0000000000000000, 84, 78.12 W
2026/09/15 14:29:21.758, 2405 MHz, 0x0000000000000000, 83, 79.17 W
2026/09/15 14:29:22.759, 2418 MHz, 0x0000000000000000, 83, 78.12 W
2026/09/15 14:29:23.759, 2411 MHz, 0x0000000000000000, 80, 78.01 W
2026/09/15 14:29:24.760, 2398 MHz, 0x0000000000000000, 82, 79.22 W
2026/09/15 14:29:25.760, 2424 MHz, 0x0000000000000000, 82, 78.64 W
2026/09/15 14:29:26.761, 2411 MHz, 0x0000000000000000, 82, 80.14 W
2026/09/15 14:29:27.761, 2398 MHz, 0x0000000000000000, 82, 78.84 W
2026/09/15 14:29:28.762, 2411 MHz, 0x0000000000000000, 81, 77.40 W
2026/09/15 14:29:29.762, 2398 MHz, 0x0000000000000000, 83, 80.36 W
2026/09/15 14:29:30.762, 2418 MHz, 0x0000000000000000, 83, 78.61 W
2026/09/15 14:29:31.763, 2411 MHz, 0x0000000000000000, 83, 80.06 W
2026/09/15 14:29:32.763, 2405 MHz, 0x0000000000000000, 83, 78.47 W
2026/09/15 14:29:33.764, 2411 MHz, 0x0000000000000000, 85, 78.72 W
2026/09/15 14:29:34.765, 2398 MHz, 0x0000000000000000, 84, 79.97 W
2026/09/15 14:29:35.765, 2411 MHz, 0x0000000000000000, 85, 78.60 W
2026/09/15 14:29:36.765, 2411 MHz, 0x0000000000000000, 83, 79.99 W
2026/09/15 14:29:37.766, 2405 MHz, 0x0000000000000000, 82, 77.96 W
2026/09/15 14:29:38.766, 2411 MHz, 0x0000000000000000, 85, 79.30 W
2026/09/15 14:29:39.766, 2398 MHz, 0x0000000000000000, 85, 80.34 W
2026/09/15 14:29:40.767, 2418 MHz, 0x0000000000000000, 82, 77.90 W
2026/09/15 14:29:41.767, 2405 MHz, 0x0000000000000000, 84, 80.21 W
2026/09/15 14:29:42.767, 2457 MHz, 0x0000000000000000, 78, 49.66 W
2026/09/15 14:29:43.768, 2463 MHz, 0x0000000000000000, 78, 48.83 W
2026/09/15 14:29:44.768, 2463 MHz, 0x0000000000000000, 78, 48.26 W
2026/09/15 14:29:45.769, 2463 MHz, 0x0000000000000000, 78, 48.32 W
2026/09/15 14:29:46.769, 2463 MHz, 0x0000000000000000, 78, 48.52 W
2026/09/15 14:29:47.770, 2463 MHz, 0x0000000000000000, 78, 48.49 W
2026/09/15 14:29:48.770, 2463 MHz, 0x0000000000000000, 77, 48.23 W
2026/09/15 14:29:49.771, 2463 MHz, 0x0000000000000000, 78, 48.14 W
2026/09/15 14:29:50.771, 2463 MHz, 0x0000000000000000, 77, 48.22 W
2026/09/15 14:29:51.772, 2463 MHz, 0x0000000000000000, 77, 48.02 W
2026/09/15 14:29:52.772, 2463 MHz, 0x0000000000000000, 77, 48.19 W
2026/09/15 14:29:53.773, 2463 MHz, 0x0000000000000000, 77, 47.92 W
2026/09/15 14:29:54.773, 2463 MHz, 0x0000000000000000, 77, 48.09 W
2026/09/15 14:29:55.774, 2463 MHz, 0x0000000000000000, 77, 47.95 W
2026/09/15 14:29:56.774, 2463 MHz, 0x0000000000000000, 77, 48.00 W
2026/09/15 14:29:57.775, 2463 MHz, 0x0000000000000000, 77, 47.87 W
2026/09/15 14:29:58.775, 2463 MHz, 0x0000000000000000, 76, 46.93 W
2026/09/15 14:29:59.776, 2463 MHz, 0x0000000000000000, 76, 45.31 W
2026/09/15 14:30:00.776, 2463 MHz, 0x0000000000000000, 76, 44.45 W
2026/09/15 14:30:01.777, 2463 MHz, 0x0000000000000000, 76, 44.10 W
2026/09/15 14:30:02.778, 2463 MHz, 0x0000000000000000, 76, 47.48 W
2026/09/15 14:30:03.778, 2463 MHz, 0x0000000000000000, 76, 47.57 W
2026/09/15 14:30:04.778, 2463 MHz, 0x0000000000000000, 76, 47.57 W
2026/09/15 14:30:05.779, 2463 MHz, 0x0000000000000000, 76, 47.49 W
2026/09/15 14:30:06.779, 2463 MHz, 0x0000000000000000, 76, 47.33 W
2026/09/15 14:30:07.780, 2463 MHz, 0x0000000000000000, 76, 47.68 W
2026/09/15 14:30:08.780, 2463 MHz, 0x0000000000000000, 76, 47.53 W
2026/09/15 14:30:09.781, 2463 MHz, 0x0000000000000000, 76, 47.49 W
2026/09/15 14:30:10.781, 2463 MHz, 0x0000000000000000, 76, 47.60 W
2026/09/15 14:30:11.781, 2463 MHz, 0x0000000000000000, 76, 47.37 W
2026/09/15 14:30:12.782, 2463 MHz, 0x0000000000000000, 76, 47.44 W
2026/09/15 14:30:13.782, 2463 MHz, 0x0000000000000000, 75, 47.30 W
2026/09/15 14:30:14.782, 2463 MHz, 0x0000000000000000, 76, 47.23 W
2026/09/15 14:30:15.783, 2463 MHz, 0x0000000000000000, 76, 47.27 W
2026/09/15 14:30:16.783, 2463 MHz, 0x0000000000000000, 75, 46.35 W
2026/09/15 14:30:17.783, 2463 MHz, 0x0000000000000000, 75, 46.23 W
2026/09/15 14:30:18.784, 2463 MHz, 0x0000000000000000, 75, 45.06 W
2026/09/15 14:30:19.784, 2457 MHz, 0x0000000000000000, 75, 45.05 W
2026/09/15 14:30:20.784, 2463 MHz, 0x0000000000000000, 75, 46.78 W
2026/09/15 14:30:21.785, 2463 MHz, 0x0000000000000000, 75, 47.20 W
2026/09/15 14:30:22.785, 2463 MHz, 0x0000000000000000, 75, 47.00 W
2026/09/15 14:30:23.786, 2463 MHz, 0x0000000000000000, 75, 47.04 W
2026/09/15 14:30:24.786, 2463 MHz, 0x0000000000000000, 75, 47.21 W
2026/09/15 14:30:25.786, 2463 MHz, 0x0000000000000000, 75, 47.10 W
2026/09/15 14:30:26.787, 2463 MHz, 0x0000000000000000, 75, 47.14 W
2026/09/15 14:30:27.787, 2463 MHz, 0x0000000000000000, 75, 46.93 W
2026/09/15 14:30:28.787, 2463 MHz, 0x0000000000000000, 75, 47.11 W
2026/09/15 14:30:29.787, 2463 MHz, 0x0000000000000000, 75, 47.28 W
2026/09/15 14:30:30.788, 2463 MHz, 0x0000000000000000, 75, 47.39 W
2026/09/15 14:30:31.788, 2463 MHz, 0x0000000000000000, 75, 47.34 W
2026/09/15 14:30:32.789, 2463 MHz, 0x0000000000000000, 75, 47.42 W
2026/09/15 14:30:33.789, 2463 MHz, 0x0000000000000000, 75, 47.48 W
2026/09/15 14:30:34.790, 2463 MHz, 0x0000000000000000, 75, 47.26 W
2026/09/15 14:30:35.791, 2463 MHz, 0x0000000000000000, 75, 45.53 W
2026/09/15 14:30:36.791, 2463 MHz, 0x0000000000000000, 74, 43.04 W
2026/09/15 14:30:37.791, 2457 MHz, 0x0000000000000000, 74, 38.06 W
2026/09/15 14:30:38.792, 2463 MHz, 0x0000000000000000, 74, 41.79 W
2026/09/15 14:30:39.792, 2463 MHz, 0x0000000000000000, 74, 41.91 W
2026/09/15 14:30:40.792, 2463 MHz, 0x0000000000000000, 74, 41.71 W
2026/09/15 14:30:41.793, 2463 MHz, 0x0000000000000000, 72, 41.13 W
2026/09/15 14:30:42.793, 2463 MHz, 0x0000000000000000, 73, 39.99 W
2026/09/15 14:30:43.794, 2463 MHz, 0x0000000000000000, 73, 41.66 W
2026/09/15 14:30:44.794, 2463 MHz, 0x0000000000000000, 73, 41.66 W
2026/09/15 14:30:45.794, 2463 MHz, 0x0000000000000000, 73, 41.59 W
2026/09/15 14:30:46.795, 2463 MHz, 0x0000000000000000, 72, 39.59 W
2026/09/15 14:30:47.796, 2463 MHz, 0x0000000000000000, 73, 41.50 W
2026/09/15 14:30:48.796, 2463 MHz, 0x0000000000000000, 73, 41.64 W
2026/09/15 14:30:49.796, 2463 MHz, 0x0000000000000000, 73, 41.66 W
2026/09/15 14:30:50.797, 2463 MHz, 0x0000000000000000, 73, 41.53 W
2026/09/15 14:30:51.797, 2463 MHz, 0x0000000000000000, 73, 40.85 W
2026/09/15 14:30:52.798, 2463 MHz, 0x0000000000000000, 74, 45.19 W
2026/09/15 14:30:53.798, 2463 MHz, 0x0000000000000000, 74, 45.38 W
2026/09/15 14:30:54.798, 2463 MHz, 0x0000000000000000, 74, 45.21 W
2026/09/15 14:30:55.799, 2463 MHz, 0x0000000000000000, 73, 45.31 W
2026/09/15 14:30:56.799, 2463 MHz, 0x0000000000000000, 73, 45.38 W
2026/09/15 14:30:57.800, 2463 MHz, 0x0000000000000000, 74, 45.46 W
2026/09/15 14:30:58.800, 2463 MHz, 0x0000000000000000, 73, 42.78 W
2026/09/15 14:30:59.801, 2463 MHz, 0x0000000000000000, 74, 44.58 W
2026/09/15 14:31:00.801, 2463 MHz, 0x0000000000000000, 74, 45.46 W
2026/09/15 14:31:01.801, 2463 MHz, 0x0000000000000000, 74, 45.37 W
2026/09/15 14:31:02.802, 2463 MHz, 0x0000000000000000, 74, 45.64 W
2026/09/15 14:31:03.802, 2463 MHz, 0x0000000000000000, 74, 45.53 W
2026/09/15 14:31:04.803, 2463 MHz, 0x0000000000000000, 73, 45.31 W
2026/09/15 14:31:05.803, 2463 MHz, 0x0000000000000000, 73, 42.74 W
2026/09/15 14:31:06.803, 2444 MHz, 0x0000000000000000, 72, 36.61 W
2026/09/15 14:31:07.804, 2463 MHz, 0x0000000000000000, 74, 45.31 W
2026/09/15 14:31:08.804, 2463 MHz, 0x0000000000000000, 74, 45.55 W
2026/09/15 14:31:09.804, 2463 MHz, 0x0000000000000000, 73, 45.29 W
2026/09/15 14:31:10.804, 2463 MHz, 0x0000000000000000, 73, 45.48 W
2026/09/15 14:31:11.804, 2463 MHz, 0x0000000000000000, 74, 45.48 W
2026/09/15 14:31:12.805, 2463 MHz, 0x0000000000000000, 73, 44.76 W
2026/09/15 14:31:13.805, 2444 MHz, 0x0000000000000000, 73, 40.67 W
2026/09/15 14:31:14.806, 2463 MHz, 0x0000000000000000, 73, 41.54 W
2026/09/15 14:31:15.806, 2463 MHz, 0x0000000000000000, 73, 41.58 W
2026/09/15 14:31:16.807, 2463 MHz, 0x0000000000000000, 73, 41.71 W
2026/09/15 14:31:17.807, 2463 MHz, 0x0000000000000000, 73, 41.53 W
2026/09/15 14:31:18.807, 2463 MHz, 0x0000000000000000, 73, 39.57 W
2026/09/15 14:31:19.808, 2463 MHz, 0x0000000000000000, 73, 41.35 W
2026/09/15 14:31:20.808, 2463 MHz, 0x0000000000000000, 73, 41.40 W
2026/09/15 14:31:21.809, 2463 MHz, 0x0000000000000000, 73, 41.27 W
2026/09/15 14:31:22.809, 2463 MHz, 0x0000000000000000, 73, 41.39 W
2026/09/15 14:31:23.810, 2463 MHz, 0x0000000000000000, 73, 39.84 W
2026/09/15 14:31:24.810, 2463 MHz, 0x0000000000000000, 73, 41.38 W
2026/09/15 14:31:25.810, 2463 MHz, 0x0000000000000000, 73, 41.57 W
2026/09/15 14:31:26.810, 2463 MHz, 0x0000000000000000, 73, 41.50 W
2026/09/15 14:31:27.811, 2463 MHz, 0x0000000000000000, 73, 41.53 W
2026/09/15 14:31:28.811, 2463 MHz, 0x0000000000000000, 73, 41.54 W
2026/09/15 14:31:29.811, 2463 MHz, 0x0000000000000000, 73, 43.75 W
2026/09/15 14:31:30.812, 2463 MHz, 0x0000000000000000, 73, 43.91 W
2026/09/15 14:31:31.812, 2463 MHz, 0x0000000000000000, 73, 43.90 W
2026/09/15 14:31:32.813, 2463 MHz, 0x0000000000000000, 73, 43.80 W
2026/09/15 14:31:33.813, 2463 MHz, 0x0000000000000000, 72, 41.51 W
2026/09/15 14:31:34.814, 2463 MHz, 0x0000000000000000, 73, 42.24 W
2026/09/15 14:31:35.814, 2463 MHz, 0x0000000000000000, 73, 43.97 W
2026/09/15 14:31:36.815, 2463 MHz, 0x0000000000000000, 73, 43.95 W
2026/09/15 14:31:37.815, 2463 MHz, 0x0000000000000000, 73, 44.12 W
2026/09/15 14:31:38.816, 2463 MHz, 0x0000000000000000, 73, 43.46 W
2026/09/15 14:31:39.816, 2463 MHz, 0x0000000000000000, 72, 39.61 W
2026/09/15 14:31:40.816, 2463 MHz, 0x0000000000000000, 73, 41.65 W
2026/09/15 14:31:41.817, 2463 MHz, 0x0000000000000000, 73, 43.66 W
2026/09/15 14:31:42.817, 2463 MHz, 0x0000000000000000, 73, 43.76 W
2026/09/15 14:31:43.817, 2463 MHz, 0x0000000000000000, 73, 43.81 W
2026/09/15 14:31:44.817, 2463 MHz, 0x0000000000000000, 73, 43.92 W
2026/09/15 14:31:45.818, 2463 MHz, 0x0000000000000000, 72, 41.47 W
2026/09/15 14:31:46.818, 2463 MHz, 0x0000000000000000, 73, 42.04 W
2026/09/15 14:31:47.818, 2463 MHz, 0x0000000000000000, 73, 46.42 W
2026/09/15 14:31:48.818, 2463 MHz, 0x0000000000000000, 73, 46.64 W
2026/09/15 14:31:49.819, 2463 MHz, 0x0000000000000000, 73, 46.54 W
2026/09/15 14:31:50.819, 2463 MHz, 0x0000000000000000, 73, 46.48 W
2026/09/15 14:31:51.820, 2463 MHz, 0x0000000000000000, 74, 46.61 W
2026/09/15 14:31:52.820, 2463 MHz, 0x0000000000000000, 73, 46.17 W
2026/09/15 14:31:53.820, 2463 MHz, 0x0000000000000000, 73, 44.21 W
2026/09/15 14:31:54.821, 2463 MHz, 0x0000000000000000, 74, 43.61 W
2026/09/15 14:31:55.821, 2463 MHz, 0x0000000000000000, 74, 46.38 W
2026/09/15 14:31:56.821, 2463 MHz, 0x0000000000000000, 74, 46.50 W
2026/09/15 14:31:57.822, 2463 MHz, 0x0000000000000000, 74, 46.33 W
2026/09/15 14:31:58.822, 2463 MHz, 0x0000000000000000, 73, 46.64 W
2026/09/15 14:31:59.823, 2463 MHz, 0x0000000000000000, 74, 46.61 W
2026/09/15 14:32:00.823, 2463 MHz, 0x0000000000000000, 73, 46.35 W
2026/09/15 14:32:01.823, 2463 MHz, 0x0000000000000000, 73, 43.55 W
2026/09/15 14:32:02.823, 2457 MHz, 0x0000000000000000, 73, 37.65 W
2026/09/15 14:32:03.824, 2463 MHz, 0x0000000000000000, 74, 46.41 W
2026/09/15 14:32:04.825, 2463 MHz, 0x0000000000000000, 74, 46.61 W
2026/09/15 14:32:05.825, 2463 MHz, 0x0000000000000000, 74, 46.56 W
2026/09/15 14:32:06.826, 2463 MHz, 0x0000000000000000, 74, 46.65 W
2026/09/15 14:32:07.826, 2463 MHz, 0x0000000000000000, 74, 46.78 W
2026/09/15 14:32:08.827, 2463 MHz, 0x0000000000000000, 74, 46.68 W
2026/09/15 14:32:09.827, 2463 MHz, 0x0000000000000000, 73, 44.79 W
2026/09/15 14:32:10.828, 2463 MHz, 0x0000000000000000, 73, 40.91 W
2026/09/15 14:32:11.828, 2463 MHz, 0x0000000000000000, 73, 41.57 W
2026/09/15 14:32:12.829, 2463 MHz, 0x0000000000000000, 73, 41.74 W
2026/09/15 14:32:13.829, 2463 MHz, 0x0000000000000000, 73, 41.86 W
2026/09/15 14:32:14.829, 2463 MHz, 0x0000000000000000, 73, 41.39 W
2026/09/15 14:32:15.830, 2463 MHz, 0x0000000000000000, 73, 40.15 W
2026/09/15 14:32:16.830, 2463 MHz, 0x0000000000000000, 73, 41.59 W
2026/09/15 14:32:17.830, 2463 MHz, 0x0000000000000000, 73, 41.55 W
2026/09/15 14:32:18.831, 2463 MHz, 0x0000000000000000, 73, 41.53 W
2026/09/15 14:32:19.831, 2470 MHz, 0x0000000000000000, 71, 39.66 W
2026/09/15 14:32:20.832, 2463 MHz, 0x0000000000000000, 72, 41.62 W
2026/09/15 14:32:21.832, 2463 MHz, 0x0000000000000000, 73, 41.59 W
2026/09/15 14:32:22.832, 2463 MHz, 0x0000000000000000, 72, 41.75 W
2026/09/15 14:32:23.832, 2463 MHz, 0x0000000000000000, 72, 41.60 W
2026/09/15 14:32:24.833, 2444 MHz, 0x0000000000000000, 75, 51.99 W
2026/09/15 14:32:25.833, 2444 MHz, 0x0000000000000000, 76, 62.17 W
2026/09/15 14:32:26.834, 2444 MHz, 0x0000000000000000, 76, 62.46 W
2026/09/15 14:32:27.834, 2444 MHz, 0x0000000000000000, 76, 62.02 W
2026/09/15 14:32:28.834, 2450 MHz, 0x0000000000000000, 77, 63.68 W
2026/09/15 14:32:29.834, 2444 MHz, 0x0000000000000000, 77, 64.50 W
2026/09/15 14:32:30.834, 2450 MHz, 0x0000000000000000, 78, 65.14 W
2026/09/15 14:32:31.835, 2444 MHz, 0x0000000000000000, 78, 64.90 W
2026/09/15 14:32:32.835, 2444 MHz, 0x0000000000000000, 78, 65.98 W
2026/09/15 14:32:33.835, 2444 MHz, 0x0000000000000000, 77, 65.60 W
2026/09/15 14:32:34.835, 2450 MHz, 0x0000000000000000, 77, 60.05 W
2026/09/15 14:32:35.836, 2450 MHz, 0x0000000000000000, 77, 65.34 W
2026/09/15 14:32:36.836, 2444 MHz, 0x0000000000000000, 78, 61.21 W
2026/09/15 14:32:37.836, 2450 MHz, 0x0000000000000000, 78, 60.24 W
2026/09/15 14:32:38.836, 2450 MHz, 0x0000000000000000, 78, 63.79 W
2026/09/15 14:32:39.837, 2405 MHz, 0x0000000000000000, 70, 21.04 W
2026/09/15 14:32:40.837, 2463 MHz, 0x0000000000000000, 73, 36.62 W
2026/09/15 14:32:41.838, 2463 MHz, 0x0000000000000000, 73, 41.97 W
2026/09/15 14:32:42.838, 2463 MHz, 0x0000000000000000, 73, 41.94 W
2026/09/15 14:32:43.838, 2463 MHz, 0x0000000000000000, 73, 41.89 W
2026/09/15 14:32:44.839, 2463 MHz, 0x0000000000000000, 73, 39.82 W
2026/09/15 14:32:45.839, 2463 MHz, 0x0000000000000000, 74, 45.14 W
2026/09/15 14:32:46.839, 2463 MHz, 0x0000000000000000, 74, 46.01 W
2026/09/15 14:32:47.840, 2463 MHz, 0x0000000000000000, 74, 46.03 W
2026/09/15 14:32:48.840, 2463 MHz, 0x0000000000000000, 74, 46.08 W
2026/09/15 14:32:49.841, 2463 MHz, 0x0000000000000000, 74, 45.90 W
2026/09/15 14:32:50.841, 2463 MHz, 0x0000000000000000, 73, 41.83 W
2026/09/15 14:32:51.841, 2463 MHz, 0x0000000000000000, 74, 45.15 W
2026/09/15 14:32:52.842, 2463 MHz, 0x0000000000000000, 74, 45.97 W
2026/09/15 14:32:53.842, 2463 MHz, 0x0000000000000000, 74, 45.40 W
2026/09/15 14:32:54.843, 2463 MHz, 0x0000000000000000, 74, 46.18 W
2026/09/15 14:32:55.843, 2463 MHz, 0x0000000000000000, 74, 46.03 W
2026/09/15 14:32:56.843, 2457 MHz, 0x0000000000000000, 73, 40.40 W
2026/09/15 14:32:57.843, 2463 MHz, 0x0000000000000000, 74, 45.49 W
2026/09/15 14:32:58.844, 2463 MHz, 0x0000000000000000, 74, 45.98 W
2026/09/15 14:32:59.844, 2463 MHz, 0x0000000000000000, 74, 46.00 W
2026/09/15 14:33:00.844, 2463 MHz, 0x0000000000000000, 74, 46.11 W
2026/09/15 14:33:01.845, 2463 MHz, 0x0000000000000000, 74, 46.01 W
2026/09/15 14:33:02.846, 2450 MHz, 0x0000000000000000, 72, 42.12 W
2026/09/15 14:33:03.846, 2463 MHz, 0x0000000000000000, 73, 41.52 W
2026/09/15 14:33:04.846, 2463 MHz, 0x0000000000000000, 73, 41.45 W
2026/09/15 14:33:05.847, 2463 MHz, 0x0000000000000000, 73, 41.42 W
2026/09/15 14:33:06.847, 2463 MHz, 0x0000000000000000, 73, 40.95 W
2026/09/15 14:33:07.848, 2463 MHz, 0x0000000000000000, 73, 43.67 W
2026/09/15 14:33:08.848, 2463 MHz, 0x0000000000000000, 73, 43.81 W
2026/09/15 14:33:09.849, 2463 MHz, 0x0000000000000000, 73, 45.64 W
2026/09/15 14:33:10.850, 2463 MHz, 0x0000000000000000, 73, 45.24 W
2026/09/15 14:33:11.850, 2463 MHz, 0x0000000000000000, 73, 45.44 W
2026/09/15 14:33:12.850, 2463 MHz, 0x0000000000000000, 73, 49.93 W
2026/09/15 14:33:13.851, 2463 MHz, 0x0000000000000000, 74, 45.75 W
2026/09/15 14:33:14.851, 2463 MHz, 0x0000000000000000, 74, 46.05 W
2026/09/15 14:33:15.851, 2463 MHz, 0x0000000000000000, 74, 46.16 W
2026/09/15 14:33:16.851, 2463 MHz, 0x0000000000000000, 73, 45.57 W
2026/09/15 14:33:17.852, 2463 MHz, 0x0000000000000000, 73, 44.50 W
2026/09/15 14:33:18.852, 2463 MHz, 0x0000000000000000, 73, 42.84 W
2026/09/15 14:33:19.853, 2463 MHz, 0x0000000000000000, 73, 45.23 W
2026/09/15 14:33:20.853, 2463 MHz, 0x0000000000000000, 73, 45.60 W
2026/09/15 14:33:21.854, 2463 MHz, 0x0000000000000000, 73, 45.69 W
2026/09/15 14:33:22.854, 2463 MHz, 0x0000000000000000, 73, 45.52 W
2026/09/15 14:33:23.854, 2463 MHz, 0x0000000000000000, 73, 44.78 W
2026/09/15 14:33:24.855, 2463 MHz, 0x0000000000000000, 73, 43.43 W
2026/09/15 14:33:25.855, 2463 MHz, 0x0000000000000000, 73, 44.81 W
2026/09/15 14:33:26.856, 2463 MHz, 0x0000000000000000, 73, 45.53 W
2026/09/15 14:33:27.856, 2463 MHz, 0x0000000000000000, 73, 45.86 W
2026/09/15 14:33:28.856, 2463 MHz, 0x0000000000000000, 74, 45.73 W
2026/09/15 14:33:29.857, 2463 MHz, 0x0000000000000000, 72, 40.81 W
2026/09/15 14:33:30.858, 2463 MHz, 0x0000000000000000, 73, 43.77 W
2026/09/15 14:33:31.858, 2463 MHz, 0x0000000000000000, 73, 44.85 W
2026/09/15 14:33:32.858, 2463 MHz, 0x0000000000000000, 73, 45.50 W
2026/09/15 14:33:33.859, 2463 MHz, 0x0000000000000000, 73, 45.68 W
2026/09/15 14:33:34.859, 2463 MHz, 0x0000000000000000, 73, 45.67 W
2026/09/15 14:33:35.860, 2463 MHz, 0x0000000000000000, 73, 38.78 W
2026/09/15 14:33:36.860, 2463 MHz, 0x0000000000000000, 72, 40.17 W
2026/09/15 14:33:37.861, 2463 MHz, 0x0000000000000000, 73, 42.86 W
2026/09/15 14:33:38.861, 2463 MHz, 0x0000000000000000, 72, 42.71 W
2026/09/15 14:33:39.861, 2463 MHz, 0x0000000000000000, 73, 44.10 W
2026/09/15 14:33:40.862, 2463 MHz, 0x0000000000000000, 73, 44.47 W
2026/09/15 14:33:41.862, 2463 MHz, 0x0000000000000000, 73, 42.63 W
2026/09/15 14:33:42.863, 2463 MHz, 0x0000000000000000, 73, 43.20 W
2026/09/15 14:33:43.863, 2463 MHz, 0x0000000000000000, 73, 44.58 W
2026/09/15 14:33:44.864, 2463 MHz, 0x0000000000000000, 72, 42.14 W
2026/09/15 14:33:45.864, 2463 MHz, 0x0000000000000000, 73, 43.87 W
2026/09/15 14:33:46.864, 2463 MHz, 0x0000000000000000, 73, 44.36 W
2026/09/15 14:33:47.865, 2463 MHz, 0x0000000000000000, 73, 43.62 W
2026/09/15 14:33:48.866, 2463 MHz, 0x0000000000000000, 73, 43.54 W
2026/09/15 14:33:49.866, 2463 MHz, 0x0000000000000000, 73, 43.64 W
2026/09/15 14:33:50.866, 2463 MHz, 0x0000000000000000, 73, 43.61 W
2026/09/15 14:33:51.867, 2463 MHz, 0x0000000000000000, 73, 42.79 W
2026/09/15 14:33:52.867, 2405 MHz, 0x0000000000000000, 69, 33.25 W
2026/09/15 14:33:53.867, 2463 MHz, 0x0000000000000000, 72, 32.24 W
2026/09/15 14:33:54.868, 2444 MHz, 0x0000000000000000, 75, 54.78 W
2026/09/15 14:33:55.868, 2444 MHz, 0x0000000000000000, 75, 62.22 W
2026/09/15 14:33:56.868, 2450 MHz, 0x0000000000000000, 76, 61.36 W
2026/09/15 14:33:57.869, 2450 MHz, 0x0000000000000000, 76, 49.06 W
2026/09/15 14:33:58.869, 2444 MHz, 0x0000000000000000, 76, 62.05 W
2026/09/15 14:33:59.870, 2450 MHz, 0x0000000000000000, 76, 62.78 W
2026/09/15 14:34:00.870, 2424 MHz, 0x0000000000000000, 72, 29.90 W
2026/09/15 14:34:01.870, 2450 MHz, 0x0000000000000000, 76, 61.58 W
2026/09/15 14:34:02.871, 2450 MHz, 0x0000000000000000, 76, 62.39 W
2026/09/15 14:34:03.871, 2444 MHz, 0x0000000000000000, 77, 63.02 W
2026/09/15 14:34:04.872, 2444 MHz, 0x0000000000000000, 76, 63.18 W
2026/09/15 14:34:05.872, 2444 MHz, 0x0000000000000000, 78, 63.65 W
2026/09/15 14:34:06.872, 2444 MHz, 0x0000000000000000, 78, 64.28 W
2026/09/15 14:34:07.873, 2444 MHz, 0x0000000000000000, 77, 64.21 W
2026/09/15 14:34:08.874, 2450 MHz, 0x0000000000000000, 77, 65.11 W
2026/09/15 14:34:09.874, 2450 MHz, 0x0000000000000000, 79, 65.38 W
2026/09/15 14:34:10.874, 2444 MHz, 0x0000000000000000, 77, 65.24 W
2026/09/15 14:34:11.875, 2450 MHz, 0x0000000000000000, 78, 65.34 W
2026/09/15 14:34:12.875, 2450 MHz, 0x0000000000000000, 79, 66.22 W
2026/09/15 14:34:13.876, 2450 MHz, 0x0000000000000000, 78, 66.24 W
2026/09/15 14:34:14.876, 2450 MHz, 0x0000000000000000, 78, 66.46 W
2026/09/15 14:34:15.877, 2450 MHz, 0x0000000000000000, 78, 66.64 W
2026/09/15 14:34:16.877, 2450 MHz, 0x0000000000000000, 78, 66.91 W
2026/09/15 14:34:17.878, 2450 MHz, 0x0000000000000000, 77, 67.39 W
2026/09/15 14:34:18.878, 2450 MHz, 0x0000000000000000, 79, 67.66 W
2026/09/15 14:34:19.879, 2450 MHz, 0x0000000000000000, 79, 69.10 W
2026/09/15 14:34:20.879, 2450 MHz, 0x0000000000000000, 78, 67.83 W
2026/09/15 14:34:21.880, 2450 MHz, 0x0000000000000000, 79, 68.61 W
2026/09/15 14:34:22.880, 2444 MHz, 0x0000000000000000, 80, 68.43 W
2026/09/15 14:34:23.881, 2444 MHz, 0x0000000000000000, 79, 68.88 W
2026/09/15 14:34:24.881, 2444 MHz, 0x0000000000000000, 79, 68.81 W
2026/09/15 14:34:25.881, 2444 MHz, 0x0000000000000000, 80, 69.24 W
2026/09/15 14:34:26.881, 2450 MHz, 0x0000000000000000, 76, 69.41 W
2026/09/15 14:34:27.882, 2444 MHz, 0x0000000000000000, 79, 71.28 W
2026/09/15 14:34:28.882, 2444 MHz, 0x0000000000000000, 79, 70.03 W
2026/09/15 14:34:29.882, 2437 MHz, 0x0000000000000000, 80, 69.97 W
2026/09/15 14:34:30.882, 2437 MHz, 0x0000000000000000, 80, 70.04 W
2026/09/15 14:34:31.883, 2437 MHz, 0x0000000000000000, 80, 70.10 W
2026/09/15 14:34:32.883, 2437 MHz, 0x0000000000000000, 81, 70.84 W
2026/09/15 14:34:33.884, 2437 MHz, 0x0000000000000000, 80, 71.76 W
2026/09/15 14:34:34.884, 2437 MHz, 0x0000000000000000, 80, 71.36 W
2026/09/15 14:34:35.885, 2437 MHz, 0x0000000000000000, 80, 70.81 W
2026/09/15 14:34:36.885, 2444 MHz, 0x0000000000000000, 79, 70.95 W
2026/09/15 14:34:37.886, 2437 MHz, 0x0000000000000000, 80, 71.92 W
2026/09/15 14:34:38.886, 2431 MHz, 0x0000000000000000, 80, 72.54 W
2026/09/15 14:34:39.887, 2437 MHz, 0x0000000000000000, 80, 71.70 W
2026/09/15 14:34:40.887, 2424 MHz, 0x0000000000000000, 81, 72.44 W
2026/09/15 14:34:41.888, 2437 MHz, 0x0000000000000000, 83, 72.06 W
2026/09/15 14:34:42.888, 2431 MHz, 0x0000000000000000, 80, 73.99 W
2026/09/15 14:34:43.888, 2431 MHz, 0x0000000000000000, 81, 72.60 W
2026/09/15 14:34:44.889, 2431 MHz, 0x0000000000000000, 81, 72.46 W
2026/09/15 14:34:45.889, 2431 MHz, 0x0000000000000000, 83, 72.85 W
2026/09/15 14:34:46.889, 2431 MHz, 0x0000000000000000, 82, 73.08 W
2026/09/15 14:34:47.890, 2424 MHz, 0x0000000000000000, 83, 74.50 W
2026/09/15 14:34:48.891, 2424 MHz, 0x0000000000000000, 83, 73.32 W
2026/09/15 14:34:49.891, 2431 MHz, 0x0000000000000000, 80, 72.69 W
2026/09/15 14:34:50.891, 2431 MHz, 0x0000000000000000, 79, 73.37 W
2026/09/15 14:34:51.891, 2431 MHz, 0x0000000000000000, 80, 75.11 W
2026/09/15 14:34:52.892, 2424 MHz, 0x0000000000000000, 80, 41.38 W
2026/09/15 14:34:53.892, 2431 MHz, 0x0000000000000000, 81, 74.98 W
2026/09/15 14:34:54.893, 2431 MHz, 0x0000000000000000, 81, 73.29 W
2026/09/15 14:34:55.893, 2463 MHz, 0x0000000000000000, 77, 57.05 W
2026/09/15 14:34:56.893, 2463 MHz, 0x0000000000000000, 76, 43.88 W
2026/09/15 14:34:57.894, 2463 MHz, 0x0000000000000000, 76, 43.74 W
2026/09/15 14:34:58.894, 2463 MHz, 0x0000000000000000, 76, 43.64 W
2026/09/15 14:34:59.895, 2463 MHz, 0x0000000000000000, 76, 43.61 W
2026/09/15 14:35:00.895, 2463 MHz, 0x0000000000000000, 76, 43.67 W
2026/09/15 14:35:01.896, 2463 MHz, 0x0000000000000000, 76, 43.37 W
2026/09/15 14:35:02.896, 2405 MHz, 0x0000000000000000, 72, 25.71 W
2026/09/15 14:35:03.896, 2405 MHz, 0x0000000000000000, 71, 18.83 W
2026/09/15 14:35:04.897, 2463 MHz, 0x0000000000000000, 74, 36.05 W
2026/09/15 14:35:05.897, 2463 MHz, 0x0000000000000000, 74, 41.91 W
2026/09/15 14:35:06.898, 2463 MHz, 0x0000000000000000, 74, 41.86 W
2026/09/15 14:35:07.898, 2463 MHz, 0x0000000000000000, 74, 42.02 W
2026/09/15 14:35:08.898, 2463 MHz, 0x0000000000000000, 74, 41.89 W
2026/09/15 14:35:09.899, 2463 MHz, 0x0000000000000000, 74, 41.81 W
2026/09/15 14:35:10.899, 2463 MHz, 0x0000000000000000, 74, 41.87 W
2026/09/15 14:35:11.900, 2463 MHz, 0x0000000000000000, 74, 41.89 W
2026/09/15 14:35:12.900, 2463 MHz, 0x0000000000000000, 74, 41.75 W
2026/09/15 14:35:13.900, 2463 MHz, 0x0000000000000000, 74, 41.59 W
2026/09/15 14:35:14.900, 2463 MHz, 0x0000000000000000, 73, 41.47 W
2026/09/15 14:35:15.901, 2463 MHz, 0x0000000000000000, 73, 41.40 W
2026/09/15 14:35:16.901, 2463 MHz, 0x0000000000000000, 73, 41.56 W
2026/09/15 14:35:17.901, 2463 MHz, 0x0000000000000000, 73, 41.53 W
2026/09/15 14:35:18.902, 2463 MHz, 0x0000000000000000, 73, 41.43 W
2026/09/15 14:35:19.902, 2463 MHz, 0x0000000000000000, 73, 41.48 W
2026/09/15 14:35:20.903, 2463 MHz, 0x0000000000000000, 73, 41.76 W
2026/09/15 14:35:21.903, 2463 MHz, 0x0000000000000000, 73, 41.58 W
2026/09/15 14:35:22.903, 2463 MHz, 0x0000000000000000, 73, 41.43 W
2026/09/15 14:35:23.903, 2463 MHz, 0x0000000000000000, 73, 41.27 W
2026/09/15 14:35:24.904, 2463 MHz, 0x0000000000000000, 73, 41.21 W
2026/09/15 14:35:25.904, 2463 MHz, 0x0000000000000000, 73, 41.24 W
2026/09/15 14:35:26.904, 2463 MHz, 0x0000000000000000, 73, 41.46 W
2026/09/15 14:35:27.905, 2463 MHz, 0x0000000000000000, 73, 41.37 W
2026/09/15 14:35:28.905, 2463 MHz, 0x0000000000000000, 73, 41.20 W
2026/09/15 14:35:29.905, 2463 MHz, 0x0000000000000000, 73, 41.20 W
2026/09/15 14:35:30.905, 2463 MHz, 0x0000000000000000, 73, 41.23 W
2026/09/15 14:35:31.906, 2463 MHz, 0x0000000000000000, 73, 41.15 W
2026/09/15 14:35:32.906, 2463 MHz, 0x0000000000000000, 73, 41.32 W
2026/09/15 14:35:33.906, 2463 MHz, 0x0000000000000000, 73, 41.19 W
2026/09/15 14:35:34.907, 2463 MHz, 0x0000000000000000, 73, 41.29 W
2026/09/15 14:35:35.907, 2463 MHz, 0x0000000000000000, 73, 41.07 W
2026/09/15 14:35:36.908, 2463 MHz, 0x0000000000000000, 73, 41.03 W
2026/09/15 14:35:37.908, 2463 MHz, 0x0000000000000000, 73, 41.10 W
2026/09/15 14:35:38.909, 2463 MHz, 0x0000000000000000, 73, 41.38 W
2026/09/15 14:35:39.909, 2437 MHz, 0x0000000000000000, 70, 37.13 W
2026/09/15 14:35:40.910, 2405 MHz, 0x0000000000000000, 69, 17.55 W
2026/09/15 14:35:41.911, 2405 MHz, 0x0000000000000000, 68, 17.36 W
2026/09/15 14:35:42.911, 2418 MHz, 0x0000000000000000, 73, 22.95 W
2026/09/15 14:35:43.912, 2450 MHz, 0x0000000000000000, 74, 61.05 W
2026/09/15 14:35:44.912, 2450 MHz, 0x0000000000000000, 76, 62.02 W
2026/09/15 14:35:45.913, 2444 MHz, 0x0000000000000000, 76, 62.48 W
2026/09/15 14:35:46.913, 2444 MHz, 0x0000000000000000, 75, 62.75 W
2026/09/15 14:35:47.914, 2450 MHz, 0x0000000000000000, 76, 62.92 W
2026/09/15 14:35:48.914, 2405 MHz, 0x0000000000000000, 69, 27.87 W
2026/09/15 14:35:49.914, 2444 MHz, 0x0000000000000000, 75, 39.37 W
2026/09/15 14:35:50.915, 2450 MHz, 0x0000000000000000, 75, 62.39 W
2026/09/15 14:35:51.915, 2463 MHz, 0x0000000000000000, 72, 44.34 W
2026/09/15 14:35:52.915, 2463 MHz, 0x0000000000000000, 72, 41.30 W
2026/09/15 14:35:53.916, 2463 MHz, 0x0000000000000000, 72, 41.17 W
2026/09/15 14:35:54.916, 2463 MHz, 0x0000000000000000, 72, 41.24 W
2026/09/15 14:35:55.916, 2463 MHz, 0x0000000000000000, 72, 41.22 W
2026/09/15 14:35:56.917, 2463 MHz, 0x0000000000000000, 72, 41.18 W
2026/09/15 14:35:57.917, 2463 MHz, 0x0000000000000000, 72, 41.15 W
2026/09/15 14:35:58.918, 2463 MHz, 0x0000000000000000, 72, 41.05 W
2026/09/15 14:35:59.918, 2463 MHz, 0x0000000000000000, 72, 40.91 W
2026/09/15 14:36:00.918, 2463 MHz, 0x0000000000000000, 72, 41.01 W
2026/09/15 14:36:01.919, 2463 MHz, 0x0000000000000000, 72, 40.87 W
2026/09/15 14:36:02.919, 2463 MHz, 0x0000000000000000, 72, 40.76 W
2026/09/15 14:36:03.919, 2463 MHz, 0x0000000000000000, 72, 40.74 W
2026/09/15 14:36:04.920, 2463 MHz, 0x0000000000000000, 72, 40.79 W
2026/09/15 14:36:05.920, 2463 MHz, 0x0000000000000000, 72, 40.78 W
2026/09/15 14:36:06.921, 2463 MHz, 0x0000000000000000, 72, 40.65 W
2026/09/15 14:36:07.921, 2463 MHz, 0x0000000000000000, 72, 40.92 W
2026/09/15 14:36:08.921, 2463 MHz, 0x0000000000000000, 72, 40.85 W
2026/09/15 14:36:09.922, 2463 MHz, 0x0000000000000000, 72, 40.78 W
2026/09/15 14:36:10.922, 2463 MHz, 0x0000000000000000, 72, 40.88 W
2026/09/15 14:36:11.922, 2463 MHz, 0x0000000000000000, 72, 40.88 W
2026/09/15 14:36:12.923, 2463 MHz, 0x0000000000000000, 72, 40.95 W
2026/09/15 14:36:13.923, 2463 MHz, 0x0000000000000000, 72, 40.93 W
2026/09/15 14:36:14.924, 2463 MHz, 0x0000000000000000, 72, 41.11 W
2026/09/15 14:36:15.924, 2463 MHz, 0x0000000000000000, 72, 41.14 W
2026/09/15 14:36:16.924, 2463 MHz, 0x0000000000000000, 72, 41.11 W
2026/09/15 14:36:17.925, 2463 MHz, 0x0000000000000000, 72, 41.20 W
2026/09/15 14:36:18.925, 2463 MHz, 0x0000000000000000, 72, 40.95 W
2026/09/15 14:36:19.925, 2463 MHz, 0x0000000000000000, 72, 41.12 W
2026/09/15 14:36:20.926, 2463 MHz, 0x0000000000000000, 72, 41.13 W
2026/09/15 14:36:21.926, 2463 MHz, 0x0000000000000000, 72, 41.14 W
2026/09/15 14:36:22.927, 2463 MHz, 0x0000000000000000, 72, 40.97 W
2026/09/15 14:36:23.927, 2463 MHz, 0x0000000000000000, 72, 40.83 W
2026/09/15 14:36:24.927, 2476 MHz, 0x0000000000000000, 72, 40.85 W
2026/09/15 14:36:25.928, 2405 MHz, 0x0000000000000000, 68, 22.49 W
2026/09/15 14:36:26.929, 2405 MHz, 0x0000000000000000, 67, 17.24 W
2026/09/15 14:36:27.929, 2405 MHz, 0x0000000000000000, 67, 17.07 W
2026/09/15 14:36:28.929, 2450 MHz, 0x0000000000000000, 74, 49.72 W
2026/09/15 14:36:29.930, 2444 MHz, 0x0000000000000000, 73, 61.46 W
2026/09/15 14:36:30.930, 2444 MHz, 0x0000000000000000, 72, 60.87 W
2026/09/15 14:36:31.930, 2450 MHz, 0x0000000000000000, 74, 62.01 W
2026/09/15 14:36:32.931, 2450 MHz, 0x0000000000000000, 75, 63.02 W
2026/09/15 14:36:33.931, 2450 MHz, 0x0000000000000000, 75, 63.29 W
2026/09/15 14:36:34.932, 2450 MHz, 0x0000000000000000, 75, 63.95 W
2026/09/15 14:36:35.932, 2450 MHz, 0x0000000000000000, 77, 63.98 W
2026/09/15 14:36:36.932, 2450 MHz, 0x0000000000000000, 77, 64.10 W
2026/09/15 14:36:37.933, 2450 MHz, 0x0000000000000000, 76, 64.55 W
2026/09/15 14:36:38.933, 2457 MHz, 0x0000000000000000, 76, 63.89 W
2026/09/15 14:36:39.934, 2405 MHz, 0x0000000000000000, 69, 28.71 W
2026/09/15 14:36:40.934, 2450 MHz, 0x0000000000000000, 75, 41.01 W
2026/09/15 14:36:41.935, 2450 MHz, 0x0000000000000000, 73, 60.46 W
2026/09/15 14:36:42.935, 2463 MHz, 0x0000000000000000, 72, 41.34 W
2026/09/15 14:36:43.936, 2463 MHz, 0x0000000000000000, 72, 41.25 W
2026/09/15 14:36:44.936, 2463 MHz, 0x0000000000000000, 72, 41.38 W
2026/09/15 14:36:45.936, 2463 MHz, 0x0000000000000000, 72, 41.45 W
2026/09/15 14:36:46.937, 2463 MHz, 0x0000000000000000, 72, 41.44 W
2026/09/15 14:36:47.937, 2463 MHz, 0x0000000000000000, 72, 40.97 W
2026/09/15 14:36:48.937, 2463 MHz, 0x0000000000000000, 72, 41.03 W
2026/09/15 14:36:49.938, 2463 MHz, 0x0000000000000000, 72, 41.00 W
2026/09/15 14:36:50.938, 2463 MHz, 0x0000000000000000, 72, 40.83 W
2026/09/15 14:36:51.938, 2463 MHz, 0x0000000000000000, 72, 40.98 W
2026/09/15 14:36:52.939, 2463 MHz, 0x0000000000000000, 72, 40.88 W
2026/09/15 14:36:53.939, 2463 MHz, 0x0000000000000000, 72, 40.88 W
2026/09/15 14:36:54.940, 2463 MHz, 0x0000000000000000, 72, 40.90 W
2026/09/15 14:36:55.940, 2463 MHz, 0x0000000000000000, 72, 40.62 W
2026/09/15 14:36:56.941, 2463 MHz, 0x0000000000000000, 72, 40.75 W
2026/09/15 14:36:57.941, 2463 MHz, 0x0000000000000000, 72, 40.88 W
2026/09/15 14:36:58.942, 2483 MHz, 0x0000000000000000, 72, 40.78 W
2026/09/15 14:36:59.942, 2483 MHz, 0x0000000000000000, 72, 40.89 W
2026/09/15 14:37:00.942, 2483 MHz, 0x0000000000000000, 72, 40.85 W
2026/09/15 14:37:01.943, 2483 MHz, 0x0000000000000000, 72, 40.83 W
2026/09/15 14:37:02.943, 2483 MHz, 0x0000000000000000, 72, 40.75 W
2026/09/15 14:37:03.943, 2483 MHz, 0x0000000000000000, 72, 40.90 W
2026/09/15 14:37:04.943, 2483 MHz, 0x0000000000000000, 72, 40.87 W
2026/09/15 14:37:05.944, 2483 MHz, 0x0000000000000000, 72, 40.74 W
2026/09/15 14:37:06.944, 2483 MHz, 0x0000000000000000, 72, 40.78 W
2026/09/15 14:37:07.944, 2483 MHz, 0x0000000000000000, 72, 40.74 W
2026/09/15 14:37:08.944, 2483 MHz, 0x0000000000000000, 72, 41.04 W
2026/09/15 14:37:09.945, 2483 MHz, 0x0000000000000000, 72, 40.96 W
2026/09/15 14:37:10.945, 2483 MHz, 0x0000000000000000, 72, 41.00 W
2026/09/15 14:37:11.946, 2483 MHz, 0x0000000000000000, 72, 41.14 W
2026/09/15 14:37:12.946, 2483 MHz, 0x0000000000000000, 72, 41.25 W
2026/09/15 14:37:13.946, 2483 MHz, 0x0000000000000000, 72, 40.99 W
2026/09/15 14:37:14.947, 2483 MHz, 0x0000000000000000, 72, 41.09 W
2026/09/15 14:37:15.947, 2405 MHz, 0x0000000000000000, 68, 20.43 W
2026/09/15 14:37:16.948, 2405 MHz, 0x0000000000000000, 67, 17.27 W
2026/09/15 14:37:17.948, 2405 MHz, 0x0000000000000000, 67, 17.08 W
2026/09/15 14:37:18.949, 2450 MHz, 0x0000000000000000, 73, 52.71 W
2026/09/15 14:37:19.949, 2450 MHz, 0x0000000000000000, 74, 60.32 W
2026/09/15 14:37:20.949, 2450 MHz, 0x0000000000000000, 75, 61.49 W
2026/09/15 14:37:21.950, 2450 MHz, 0x0000000000000000, 74, 62.29 W
2026/09/15 14:37:22.950, 2450 MHz, 0x0000000000000000, 75, 63.10 W
2026/09/15 14:37:23.950, 2450 MHz, 0x0000000000000000, 74, 63.39 W
2026/09/15 14:37:24.951, 2450 MHz, 0x0000000000000000, 75, 63.80 W
2026/09/15 14:37:25.951, 2450 MHz, 0x0000000000000000, 76, 64.14 W
2026/09/15 14:37:26.952, 2450 MHz, 0x0000000000000000, 76, 64.69 W
2026/09/15 14:37:27.952, 2450 MHz, 0x0000000000000000, 76, 64.60 W
2026/09/15 14:37:28.952, 2450 MHz, 0x0000000000000000, 76, 64.96 W
2026/09/15 14:37:29.952, 2450 MHz, 0x0000000000000000, 77, 65.30 W
2026/09/15 14:37:30.953, 2450 MHz, 0x0000000000000000, 77, 65.60 W
2026/09/15 14:37:31.953, 2450 MHz, 0x0000000000000000, 76, 66.26 W
2026/09/15 14:37:32.953, 2450 MHz, 0x0000000000000000, 74, 66.34 W
2026/09/15 14:37:33.954, 2450 MHz, 0x0000000000000000, 78, 67.26 W
2026/09/15 14:37:34.954, 2450 MHz, 0x0000000000000000, 78, 67.24 W
2026/09/15 14:37:35.955, 2450 MHz, 0x0000000000000000, 77, 67.14 W
2026/09/15 14:37:36.955, 2450 MHz, 0x0000000000000000, 77, 67.17 W
2026/09/15 14:37:37.955, 2450 MHz, 0x0000000000000000, 78, 67.88 W
2026/09/15 14:37:38.955, 2450 MHz, 0x0000000000000000, 78, 68.03 W
2026/09/15 14:37:39.956, 2450 MHz, 0x0000000000000000, 78, 68.27 W
2026/09/15 14:37:40.956, 2450 MHz, 0x0000000000000000, 78, 67.59 W
2026/09/15 14:37:41.957, 2405 MHz, 0x0000000000000000, 71, 36.91 W
2026/09/15 14:37:42.957, 2444 MHz, 0x0000000000000000, 77, 34.54 W
2026/09/15 14:37:43.957, 2450 MHz, 0x0000000000000000, 76, 67.82 W
2026/09/15 14:37:44.958, 2463 MHz, 0x0000000000000000, 73, 52.84 W
2026/09/15 14:37:45.958, 2463 MHz, 0x0000000000000000, 73, 42.00 W
2026/09/15 14:37:46.959, 2463 MHz, 0x0000000000000000, 73, 41.85 W
2026/09/15 14:37:47.959, 2463 MHz, 0x0000000000000000, 73, 41.99 W
2026/09/15 14:37:48.960, 2463 MHz, 0x0000000000000000, 73, 41.60 W
2026/09/15 14:37:49.960, 2463 MHz, 0x0000000000000000, 73, 41.83 W
2026/09/15 14:37:50.960, 2463 MHz, 0x0000000000000000, 73, 41.79 W
2026/09/15 14:37:51.960, 2463 MHz, 0x0000000000000000, 73, 41.72 W
2026/09/15 14:37:52.960, 2463 MHz, 0x0000000000000000, 73, 41.92 W
2026/09/15 14:37:53.960, 2463 MHz, 0x0000000000000000, 73, 41.71 W
2026/09/15 14:37:54.961, 2463 MHz, 0x0000000000000000, 73, 41.61 W
2026/09/15 14:37:55.961, 2463 MHz, 0x0000000000000000, 73, 41.53 W
2026/09/15 14:37:56.962, 2463 MHz, 0x0000000000000000, 73, 41.61 W
2026/09/15 14:37:57.962, 2463 MHz, 0x0000000000000000, 73, 41.57 W
2026/09/15 14:37:58.962, 2463 MHz, 0x0000000000000000, 73, 41.58 W
2026/09/15 14:37:59.963, 2463 MHz, 0x0000000000000000, 73, 41.65 W
2026/09/15 14:38:00.963, 2463 MHz, 0x0000000000000000, 73, 41.82 W
2026/09/15 14:38:01.963, 2463 MHz, 0x0000000000000000, 73, 41.69 W
2026/09/15 14:38:02.964, 2463 MHz, 0x0000000000000000, 72, 41.28 W
2026/09/15 14:38:03.964, 2463 MHz, 0x0000000000000000, 73, 41.33 W
2026/09/15 14:38:04.964, 2463 MHz, 0x0000000000000000, 72, 41.02 W
2026/09/15 14:38:05.965, 2463 MHz, 0x0000000000000000, 72, 40.92 W
2026/09/15 14:38:06.965, 2463 MHz, 0x0000000000000000, 72, 41.20 W
2026/09/15 14:38:07.965, 2463 MHz, 0x0000000000000000, 72, 41.26 W
2026/09/15 14:38:08.966, 2463 MHz, 0x0000000000000000, 72, 41.42 W
2026/09/15 14:38:09.966, 2463 MHz, 0x0000000000000000, 72, 41.53 W
2026/09/15 14:38:10.967, 2463 MHz, 0x0000000000000000, 72, 41.59 W
2026/09/15 14:38:11.967, 2463 MHz, 0x0000000000000000, 72, 41.53 W
2026/09/15 14:38:12.967, 2463 MHz, 0x0000000000000000, 72, 41.28 W
2026/09/15 14:38:13.967, 2463 MHz, 0x0000000000000000, 72, 41.47 W
2026/09/15 14:38:14.968, 2463 MHz, 0x0000000000000000, 72, 41.35 W
2026/09/15 14:38:15.969, 2463 MHz, 0x0000000000000000, 72, 41.25 W
2026/09/15 14:38:16.969, 2463 MHz, 0x0000000000000000, 72, 41.36 W
2026/09/15 14:38:17.969, 2463 MHz, 0x0000000000000000, 72, 41.32 W
2026/09/15 14:38:18.970, 2405 MHz, 0x0000000000000000, 68, 24.21 W
2026/09/15 14:38:19.970, 2405 MHz, 0x0000000000000000, 68, 17.27 W
2026/09/15 14:38:20.971, 2405 MHz, 0x0000000000000000, 67, 17.08 W
2026/09/15 14:38:21.971, 2450 MHz, 0x0000000000000000, 73, 39.90 W
2026/09/15 14:38:22.971, 2444 MHz, 0x0000000000000000, 75, 61.10 W
2026/09/15 14:38:23.972, 2450 MHz, 0x0000000000000000, 75, 62.05 W
2026/09/15 14:38:24.972, 2450 MHz, 0x0000000000000000, 75, 62.17 W
2026/09/15 14:38:25.972, 2450 MHz, 0x0000000000000000, 74, 62.41 W
2026/09/15 14:38:26.972, 2450 MHz, 0x0000000000000000, 77, 63.33 W
2026/09/15 14:38:27.972, 2450 MHz, 0x0000000000000000, 76, 63.33 W
2026/09/15 14:38:28.973, 2450 MHz, 0x0000000000000000, 75, 62.81 W
2026/09/15 14:38:29.973, 2450 MHz, 0x0000000000000000, 77, 64.02 W
2026/09/15 14:38:30.973, 2450 MHz, 0x0000000000000000, 77, 64.56 W
2026/09/15 14:38:31.974, 2450 MHz, 0x0000000000000000, 76, 64.96 W
2026/09/15 14:38:32.974, 2450 MHz, 0x0000000000000000, 77, 66.21 W
2026/09/15 14:38:33.974, 2450 MHz, 0x0000000000000000, 77, 65.61 W
2026/09/15 14:38:34.975, 2450 MHz, 0x0000000000000000, 77, 65.89 W
2026/09/15 14:38:35.975, 2450 MHz, 0x0000000000000000, 79, 66.35 W
2026/09/15 14:38:36.975, 2450 MHz, 0x0000000000000000, 79, 66.76 W
2026/09/15 14:38:37.976, 2450 MHz, 0x0000000000000000, 78, 66.61 W
2026/09/15 14:38:38.976, 2450 MHz, 0x0000000000000000, 77, 66.85 W
2026/09/15 14:38:39.976, 2450 MHz, 0x0000000000000000, 77, 67.16 W
2026/09/15 14:38:40.977, 2450 MHz, 0x0000000000000000, 78, 67.86 W
2026/09/15 14:38:41.977, 2450 MHz, 0x0000000000000000, 78, 67.61 W
2026/09/15 14:38:42.978, 2450 MHz, 0x0000000000000000, 77, 67.90 W
2026/09/15 14:38:43.978, 2450 MHz, 0x0000000000000000, 78, 68.46 W
2026/09/15 14:38:44.978, 2450 MHz, 0x0000000000000000, 78, 69.64 W
2026/09/15 14:38:45.978, 2444 MHz, 0x0000000000000000, 78, 68.68 W
2026/09/15 14:38:46.979, 2450 MHz, 0x0000000000000000, 79, 68.96 W
2026/09/15 14:38:47.979, 2444 MHz, 0x0000000000000000, 79, 69.38 W
2026/09/15 14:38:48.980, 2450 MHz, 0x0000000000000000, 80, 69.65 W
2026/09/15 14:38:49.980, 2450 MHz, 0x0000000000000000, 79, 69.23 W
2026/09/15 14:38:50.981, 2444 MHz, 0x0000000000000000, 79, 71.41 W
2026/09/15 14:38:51.981, 2444 MHz, 0x0000000000000000, 79, 70.37 W
2026/09/15 14:38:52.981, 2444 MHz, 0x0000000000000000, 81, 70.51 W
2026/09/15 14:38:53.981, 2444 MHz, 0x0000000000000000, 79, 69.95 W
2026/09/15 14:38:54.982, 2444 MHz, 0x0000000000000000, 81, 70.60 W
2026/09/15 14:38:55.982, 2444 MHz, 0x0000000000000000, 76, 70.57 W
2026/09/15 14:38:56.982, 2437 MHz, 0x0000000000000000, 82, 72.24 W
2026/09/15 14:38:57.983, 2437 MHz, 0x0000000000000000, 79, 70.69 W
2026/09/15 14:38:58.984, 2444 MHz, 0x0000000000000000, 80, 71.32 W
2026/09/15 14:38:59.984, 2444 MHz, 0x0000000000000000, 82, 71.73 W
2026/09/15 14:39:00.984, 2444 MHz, 0x0000000000000000, 79, 72.87 W
2026/09/15 14:39:01.985, 2444 MHz, 0x0000000000000000, 80, 71.74 W
2026/09/15 14:39:02.985, 2444 MHz, 0x0000000000000000, 80, 71.93 W
2026/09/15 14:39:03.985, 2437 MHz, 0x0000000000000000, 80, 72.12 W
2026/09/15 14:39:04.985, 2437 MHz, 0x0000000000000000, 80, 72.24 W
2026/09/15 14:39:05.985, 2431 MHz, 0x0000000000000000, 81, 74.89 W
2026/09/15 14:39:06.986, 2437 MHz, 0x0000000000000000, 80, 72.71 W
2026/09/15 14:39:07.986, 2431 MHz, 0x0000000000000000, 80, 72.72 W
2026/09/15 14:39:08.987, 2437 MHz, 0x0000000000000000, 80, 73.24 W
2026/09/15 14:39:09.987, 2431 MHz, 0x0000000000000000, 81, 74.83 W
2026/09/15 14:39:10.987, 2431 MHz, 0x0000000000000000, 83, 73.68 W
2026/09/15 14:39:11.987, 2437 MHz, 0x0000000000000000, 83, 73.33 W
2026/09/15 14:39:12.988, 2431 MHz, 0x0000000000000000, 74, 64.38 W
2026/09/15 14:39:13.988, 2405 MHz, 0x0000000000000000, 72, 19.43 W
2026/09/15 14:39:14.989, 2444 MHz, 0x0000000000000000, 79, 48.90 W
2026/09/15 14:39:15.989, 2444 MHz, 0x0000000000000000, 80, 73.38 W
2026/09/15 14:39:16.990, 2437 MHz, 0x0000000000000000, 77, 73.62 W
2026/09/15 14:39:17.990, 2463 MHz, 0x0000000000000000, 76, 45.43 W
2026/09/15 14:39:18.990, 2463 MHz, 0x0000000000000000, 75, 43.44 W
2026/09/15 14:39:19.990, 2463 MHz, 0x0000000000000000, 75, 43.34 W
2026/09/15 14:39:20.991, 2463 MHz, 0x0000000000000000, 75, 43.14 W
2026/09/15 14:39:21.991, 2463 MHz, 0x0000000000000000, 75, 43.20 W
2026/09/15 14:39:22.991, 2463 MHz, 0x0000000000000000, 75, 43.05 W
2026/09/15 14:39:23.992, 2463 MHz, 0x0000000000000000, 75, 43.02 W
2026/09/15 14:39:24.992, 2463 MHz, 0x0000000000000000, 75, 43.03 W
2026/09/15 14:39:25.992, 2463 MHz, 0x0000000000000000, 75, 43.04 W
2026/09/15 14:39:26.993, 2463 MHz, 0x0000000000000000, 75, 43.01 W
2026/09/15 14:39:27.993, 2463 MHz, 0x0000000000000000, 74, 42.76 W
2026/09/15 14:39:28.994, 2463 MHz, 0x0000000000000000, 74, 42.97 W
2026/09/15 14:39:29.994, 2463 MHz, 0x0000000000000000, 74, 42.78 W
2026/09/15 14:39:30.994, 2463 MHz, 0x0000000000000000, 74, 42.73 W
2026/09/15 14:39:31.994, 2463 MHz, 0x0000000000000000, 74, 42.89 W
2026/09/15 14:39:32.995, 2463 MHz, 0x0000000000000000, 74, 42.93 W
2026/09/15 14:39:33.995, 2463 MHz, 0x0000000000000000, 74, 42.85 W
2026/09/15 14:39:34.995, 2463 MHz, 0x0000000000000000, 74, 42.81 W
2026/09/15 14:39:35.996, 2463 MHz, 0x0000000000000000, 74, 42.64 W
2026/09/15 14:39:36.996, 2463 MHz, 0x0000000000000000, 74, 42.50 W
2026/09/15 14:39:37.997, 2463 MHz, 0x0000000000000000, 74, 42.46 W
2026/09/15 14:39:38.997, 2463 MHz, 0x0000000000000000, 74, 42.49 W
2026/09/15 14:39:39.997, 2463 MHz, 0x0000000000000000, 74, 42.30 W
2026/09/15 14:39:40.998, 2463 MHz, 0x0000000000000000, 74, 42.38 W
2026/09/15 14:39:41.998, 2463 MHz, 0x0000000000000000, 74, 42.47 W
2026/09/15 14:39:42.998, 2463 MHz, 0x0000000000000000, 73, 42.22 W
2026/09/15 14:39:43.999, 2463 MHz, 0x0000000000000000, 73, 42.37 W
2026/09/15 14:39:44.999, 2463 MHz, 0x0000000000000000, 73, 42.28 W
2026/09/15 14:39:45.999, 2463 MHz, 0x0000000000000000, 73, 42.35 W
2026/09/15 14:39:47.000, 2463 MHz, 0x0000000000000000, 73, 42.38 W
2026/09/15 14:39:48.000, 2463 MHz, 0x0000000000000000, 73, 42.34 W
2026/09/15 14:39:49.000, 2463 MHz, 0x0000000000000000, 73, 42.33 W
2026/09/15 14:39:50.000, 2463 MHz, 0x0000000000000000, 73, 42.38 W
2026/09/15 14:39:51.001, 2463 MHz, 0x0000000000000000, 71, 40.79 W
2026/09/15 14:39:52.001, 2405 MHz, 0x0000000000000000, 69, 17.78 W
2026/09/15 14:39:53.001, 2405 MHz, 0x0000000000000000, 71, 20.22 W
2026/09/15 14:39:54.001, 2483 MHz, 0x0000000000000000, 72, 42.67 W
2026/09/15 14:39:55.002, 2483 MHz, 0x0000000000000000, 72, 43.45 W
2026/09/15 14:39:56.002, 2463 MHz, 0x0000000000000000, 72, 43.49 W
2026/09/15 14:39:57.003, 2463 MHz, 0x0000000000000000, 73, 43.66 W
2026/09/15 14:39:58.003, 2463 MHz, 0x0000000000000000, 73, 43.56 W
2026/09/15 14:39:59.003, 2463 MHz, 0x0000000000000000, 73, 43.72 W
2026/09/15 14:40:00.003, 2463 MHz, 0x0000000000000000, 73, 43.89 W
2026/09/15 14:40:01.004, 2463 MHz, 0x0000000000000000, 73, 43.70 W
2026/09/15 14:40:02.004, 2463 MHz, 0x0000000000000000, 73, 43.62 W
2026/09/15 14:40:03.004, 2463 MHz, 0x0000000000000000, 73, 43.76 W
2026/09/15 14:40:04.005, 2463 MHz, 0x0000000000000000, 73, 43.50 W
2026/09/15 14:40:05.005, 2463 MHz, 0x0000000000000000, 73, 43.61 W
2026/09/15 14:40:06.005, 2463 MHz, 0x0000000000000000, 73, 43.50 W
2026/09/15 14:40:07.006, 2463 MHz, 0x0000000000000000, 73, 43.83 W
2026/09/15 14:40:08.006, 2463 MHz, 0x0000000000000000, 73, 43.82 W
2026/09/15 14:40:09.007, 2463 MHz, 0x0000000000000000, 73, 43.92 W
2026/09/15 14:40:10.007, 2463 MHz, 0x0000000000000000, 73, 43.37 W
2026/09/15 14:40:11.007, 2463 MHz, 0x0000000000000000, 73, 43.55 W
2026/09/15 14:40:12.008, 2463 MHz, 0x0000000000000000, 73, 43.57 W
2026/09/15 14:40:13.008, 2463 MHz, 0x0000000000000000, 73, 43.87 W
2026/09/15 14:40:14.008, 2463 MHz, 0x0000000000000000, 73, 43.96 W
2026/09/15 14:40:15.008, 2463 MHz, 0x0000000000000000, 73, 43.97 W
2026/09/15 14:40:16.009, 2463 MHz, 0x0000000000000000, 73, 43.99 W
2026/09/15 14:40:17.009, 2463 MHz, 0x0000000000000000, 73, 44.16 W
2026/09/15 14:40:18.009, 2463 MHz, 0x0000000000000000, 73, 44.16 W
2026/09/15 14:40:19.010, 2463 MHz, 0x0000000000000000, 73, 43.53 W
2026/09/15 14:40:20.010, 2463 MHz, 0x0000000000000000, 73, 43.33 W
2026/09/15 14:40:21.010, 2463 MHz, 0x0000000000000000, 73, 43.45 W
2026/09/15 14:40:22.011, 2463 MHz, 0x0000000000000000, 73, 43.95 W
2026/09/15 14:40:23.011, 2463 MHz, 0x0000000000000000, 73, 43.96 W
2026/09/15 14:40:24.012, 2463 MHz, 0x0000000000000000, 73, 44.16 W
2026/09/15 14:40:25.012, 2463 MHz, 0x0000000000000000, 73, 43.79 W
2026/09/15 14:40:26.012, 2463 MHz, 0x0000000000000000, 73, 43.96 W
2026/09/15 14:40:27.013, 2463 MHz, 0x0000000000000000, 73, 43.95 W
2026/09/15 14:40:28.013, 2463 MHz, 0x0000000000000000, 73, 44.39 W
2026/09/15 14:40:29.014, 2405 MHz, 0x0000000000000000, 69, 32.48 W
2026/09/15 14:40:30.014, 2405 MHz, 0x0000000000000000, 68, 17.50 W
2026/09/15 14:40:31.014, 2476 MHz, 0x0000000000000000, 72, 30.23 W
2026/09/15 14:40:32.015, 2463 MHz, 0x0000000000000000, 72, 45.01 W
2026/09/15 14:40:33.015, 2463 MHz, 0x0000000000000000, 72, 45.40 W
2026/09/15 14:40:34.015, 2463 MHz, 0x0000000000000000, 72, 45.17 W
2026/09/15 14:40:35.015, 2463 MHz, 0x0000000000000000, 73, 45.54 W
2026/09/15 14:40:36.016, 2463 MHz, 0x0000000000000000, 73, 45.67 W
2026/09/15 14:40:37.016, 2463 MHz, 0x0000000000000000, 73, 45.64 W
2026/09/15 14:40:38.016, 2463 MHz, 0x0000000000000000, 73, 45.76 W
2026/09/15 14:40:39.017, 2463 MHz, 0x0000000000000000, 73, 45.93 W
2026/09/15 14:40:40.017, 2463 MHz, 0x0000000000000000, 73, 46.15 W
2026/09/15 14:40:41.017, 2463 MHz, 0x0000000000000000, 73, 46.14 W
2026/09/15 14:40:42.018, 2463 MHz, 0x0000000000000000, 73, 45.97 W
2026/09/15 14:40:43.018, 2463 MHz, 0x0000000000000000, 73, 45.86 W
2026/09/15 14:40:44.018, 2463 MHz, 0x0000000000000000, 73, 45.20 W
2026/09/15 14:40:45.018, 2463 MHz, 0x0000000000000000, 73, 45.56 W
2026/09/15 14:40:46.019, 2463 MHz, 0x0000000000000000, 73, 45.65 W
2026/09/15 14:40:47.019, 2463 MHz, 0x0000000000000000, 73, 45.31 W
2026/09/15 14:40:48.020, 2463 MHz, 0x0000000000000000, 73, 44.76 W
2026/09/15 14:40:49.020, 2463 MHz, 0x0000000000000000, 73, 45.15 W
2026/09/15 14:40:50.020, 2463 MHz, 0x0000000000000000, 73, 45.10 W
2026/09/15 14:40:51.021, 2463 MHz, 0x0000000000000000, 73, 45.13 W
2026/09/15 14:40:52.021, 2463 MHz, 0x0000000000000000, 73, 45.46 W
2026/09/15 14:40:53.021, 2463 MHz, 0x0000000000000000, 73, 45.68 W
2026/09/15 14:40:54.022, 2463 MHz, 0x0000000000000000, 73, 45.77 W
2026/09/15 14:40:55.022, 2463 MHz, 0x0000000000000000, 73, 45.75 W
2026/09/15 14:40:56.022, 2463 MHz, 0x0000000000000000, 73, 45.76 W
2026/09/15 14:40:57.023, 2463 MHz, 0x0000000000000000, 73, 45.78 W
2026/09/15 14:40:58.023, 2463 MHz, 0x0000000000000000, 73, 46.14 W
2026/09/15 14:40:59.023, 2463 MHz, 0x0000000000000000, 73, 45.90 W
2026/09/15 14:41:00.023, 2463 MHz, 0x0000000000000000, 73, 46.07 W
2026/09/15 14:41:01.024, 2463 MHz, 0x0000000000000000, 73, 46.14 W
2026/09/15 14:41:02.024, 2463 MHz, 0x0000000000000000, 74, 46.15 W
2026/09/15 14:41:03.025, 2463 MHz, 0x0000000000000000, 73, 46.08 W
2026/09/15 14:41:04.025, 2463 MHz, 0x0000000000000000, 73, 46.25 W
2026/09/15 14:41:05.025, 2463 MHz, 0x0000000000000000, 73, 46.33 W
2026/09/15 14:41:06.026, 2463 MHz, 0x0000000000000000, 73, 46.48 W
2026/09/15 14:41:07.027, 2405 MHz, 0x0000000000000000, 69, 23.35 W
2026/09/15 14:41:08.028, 2405 MHz, 0x0000000000000000, 68, 17.40 W
2026/09/15 14:41:09.028, 2450 MHz, 0x0000000000000000, 73, 58.69 W
2026/09/15 14:41:10.029, 2437 MHz, 0x0000000000000000, 69, 50.33 W
2026/09/15 14:41:11.029, 2450 MHz, 0x0000000000000000, 76, 58.62 W
2026/09/15 14:41:12.029, 2450 MHz, 0x0000000000000000, 76, 62.06 W
2026/09/15 14:41:13.030, 2450 MHz, 0x0000000000000000, 76, 62.42 W
2026/09/15 14:41:14.030, 2463 MHz, 0x0000000000000000, 73, 52.10 W
2026/09/15 14:41:15.031, 2463 MHz, 0x0000000000000000, 73, 44.09 W
2026/09/15 14:41:16.031, 2463 MHz, 0x0000000000000000, 73, 43.96 W
2026/09/15 14:41:17.031, 2463 MHz, 0x0000000000000000, 73, 44.11 W
2026/09/15 14:41:18.032, 2463 MHz, 0x0000000000000000, 73, 44.03 W
2026/09/15 14:41:19.032, 2463 MHz, 0x0000000000000000, 73, 44.35 W
2026/09/15 14:41:20.033, 2463 MHz, 0x0000000000000000, 73, 43.95 W
2026/09/15 14:41:21.033, 2463 MHz, 0x0000000000000000, 73, 44.09 W
2026/09/15 14:41:22.033, 2463 MHz, 0x0000000000000000, 73, 44.20 W
2026/09/15 14:41:23.033, 2463 MHz, 0x0000000000000000, 73, 44.24 W
2026/09/15 14:41:24.034, 2463 MHz, 0x0000000000000000, 73, 44.23 W
2026/09/15 14:41:25.034, 2463 MHz, 0x0000000000000000, 73, 44.12 W
2026/09/15 14:41:26.035, 2463 MHz, 0x0000000000000000, 73, 44.22 W
2026/09/15 14:41:27.035, 2463 MHz, 0x0000000000000000, 73, 44.19 W
2026/09/15 14:41:28.036, 2463 MHz, 0x0000000000000000, 73, 44.18 W
2026/09/15 14:41:29.036, 2463 MHz, 0x0000000000000000, 73, 44.23 W
2026/09/15 14:41:30.036, 2463 MHz, 0x0000000000000000, 73, 43.93 W
2026/09/15 14:41:31.037, 2463 MHz, 0x0000000000000000, 73, 43.75 W
2026/09/15 14:41:32.037, 2463 MHz, 0x0000000000000000, 73, 43.77 W
2026/09/15 14:41:33.038, 2463 MHz, 0x0000000000000000, 73, 43.98 W
2026/09/15 14:41:34.038, 2463 MHz, 0x0000000000000000, 73, 44.01 W
2026/09/15 14:41:35.038, 2463 MHz, 0x0000000000000000, 73, 43.97 W
2026/09/15 14:41:36.039, 2463 MHz, 0x0000000000000000, 73, 44.04 W
2026/09/15 14:41:37.039, 2463 MHz, 0x0000000000000000, 73, 44.16 W
2026/09/15 14:41:38.039, 2463 MHz, 0x0000000000000000, 73, 44.44 W
2026/09/15 14:41:39.039, 2463 MHz, 0x0000000000000000, 73, 44.13 W
2026/09/15 14:41:40.040, 2463 MHz, 0x0000000000000000, 73, 44.37 W
2026/09/15 14:41:41.040, 2463 MHz, 0x0000000000000000, 73, 44.28 W
2026/09/15 14:41:42.041, 2463 MHz, 0x0000000000000000, 73, 44.32 W
2026/09/15 14:41:43.041, 2463 MHz, 0x0000000000000000, 73, 44.28 W
2026/09/15 14:41:44.041, 2463 MHz, 0x0000000000000000, 73, 44.16 W
2026/09/15 14:41:45.042, 2463 MHz, 0x0000000000000000, 73, 43.82 W
2026/09/15 14:41:46.042, 2463 MHz, 0x0000000000000000, 73, 43.50 W
2026/09/15 14:41:47.043, 2463 MHz, 0x0000000000000000, 70, 38.45 W
2026/09/15 14:41:48.043, 2405 MHz, 0x0000000000000000, 68, 17.48 W
2026/09/15 14:41:49.044, 2424 MHz, 0x0000000000000000, 74, 29.15 W
2026/09/15 14:41:50.045, 2450 MHz, 0x0000000000000000, 75, 62.57 W
2026/09/15 14:41:51.045, 2411 MHz, 0x0000000000000000, 74, 44.94 W
2026/09/15 14:41:52.045, 2450 MHz, 0x0000000000000000, 75, 62.61 W
2026/09/15 14:41:53.046, 2450 MHz, 0x0000000000000000, 76, 62.62 W
2026/09/15 14:41:54.046, 2450 MHz, 0x0000000000000000, 76, 62.45 W
2026/09/15 14:41:55.047, 2450 MHz, 0x0000000000000000, 76, 62.98 W
2026/09/15 14:41:56.047, 2450 MHz, 0x0000000000000000, 76, 60.96 W
2026/09/15 14:41:57.048, 2450 MHz, 0x0000000000000000, 76, 62.51 W
2026/09/15 14:41:58.048, 2463 MHz, 0x0000000000000000, 73, 54.64 W
2026/09/15 14:41:59.049, 2463 MHz, 0x0000000000000000, 73, 46.31 W
2026/09/15 14:42:00.049, 2463 MHz, 0x0000000000000000, 73, 45.73 W
2026/09/15 14:42:01.050, 2463 MHz, 0x0000000000000000, 73, 45.86 W
2026/09/15 14:42:02.050, 2463 MHz, 0x0000000000000000, 73, 46.14 W
2026/09/15 14:42:03.050, 2463 MHz, 0x0000000000000000, 73, 46.39 W
2026/09/15 14:42:04.051, 2463 MHz, 0x0000000000000000, 73, 46.27 W
2026/09/15 14:42:05.052, 2463 MHz, 0x0000000000000000, 73, 46.13 W
2026/09/15 14:42:06.052, 2463 MHz, 0x0000000000000000, 73, 46.33 W
2026/09/15 14:42:07.052, 2463 MHz, 0x0000000000000000, 73, 46.28 W
2026/09/15 14:42:08.053, 2463 MHz, 0x0000000000000000, 73, 45.83 W
2026/09/15 14:42:09.053, 2463 MHz, 0x0000000000000000, 73, 45.24 W
2026/09/15 14:42:10.054, 2463 MHz, 0x0000000000000000, 73, 45.60 W
2026/09/15 14:42:11.054, 2463 MHz, 0x0000000000000000, 73, 45.56 W
2026/09/15 14:42:12.055, 2463 MHz, 0x0000000000000000, 73, 45.22 W
2026/09/15 14:42:13.055, 2463 MHz, 0x0000000000000000, 73, 45.87 W
2026/09/15 14:42:14.056, 2463 MHz, 0x0000000000000000, 73, 45.30 W
2026/09/15 14:42:15.056, 2463 MHz, 0x0000000000000000, 73, 45.79 W
2026/09/15 14:42:16.057, 2463 MHz, 0x0000000000000000, 73, 45.54 W
2026/09/15 14:42:17.057, 2463 MHz, 0x0000000000000000, 73, 45.53 W
2026/09/15 14:42:18.057, 2463 MHz, 0x0000000000000000, 73, 45.84 W
2026/09/15 14:42:19.058, 2463 MHz, 0x0000000000000000, 73, 45.78 W
2026/09/15 14:42:20.058, 2463 MHz, 0x0000000000000000, 73, 45.13 W
2026/09/15 14:42:21.059, 2463 MHz, 0x0000000000000000, 73, 45.75 W
2026/09/15 14:42:22.059, 2463 MHz, 0x0000000000000000, 73, 45.76 W
2026/09/15 14:42:23.059, 2463 MHz, 0x0000000000000000, 73, 46.18 W
2026/09/15 14:42:24.060, 2463 MHz, 0x0000000000000000, 73, 46.23 W
2026/09/15 14:42:25.060, 2463 MHz, 0x0000000000000000, 73, 45.77 W
2026/09/15 14:42:26.061, 2463 MHz, 0x0000000000000000, 73, 46.03 W
2026/09/15 14:42:27.061, 2463 MHz, 0x0000000000000000, 73, 45.95 W
2026/09/15 14:42:28.062, 2463 MHz, 0x0000000000000000, 73, 46.08 W
2026/09/15 14:42:29.062, 2463 MHz, 0x0000000000000000, 73, 46.03 W
2026/09/15 14:42:30.062, 2463 MHz, 0x0000000000000000, 73, 46.13 W
2026/09/15 14:42:31.063, 2463 MHz, 0x0000000000000000, 73, 46.10 W
2026/09/15 14:42:32.063, 2405 MHz, 0x0000000000000000, 69, 32.12 W
2026/09/15 14:42:33.063, 2405 MHz, 0x0000000000000000, 68, 17.36 W
2026/09/15 14:42:34.064, 2450 MHz, 0x0000000000000000, 74, 44.26 W
2026/09/15 14:42:35.064, 2450 MHz, 0x0000000000000000, 70, 56.22 W
2026/09/15 14:42:36.065, 2450 MHz, 0x0000000000000000, 73, 64.17 W
2026/09/15 14:42:37.066, 2450 MHz, 0x0000000000000000, 77, 63.91 W
2026/09/15 14:42:38.066, 2450 MHz, 0x0000000000000000, 73, 57.94 W
2026/09/15 14:42:39.066, 2463 MHz, 0x0000000000000000, 73, 44.06 W
2026/09/15 14:42:40.067, 2463 MHz, 0x0000000000000000, 73, 43.64 W
2026/09/15 14:42:41.067, 2463 MHz, 0x0000000000000000, 72, 43.71 W
2026/09/15 14:42:42.068, 2463 MHz, 0x0000000000000000, 72, 43.90 W
2026/09/15 14:42:43.068, 2463 MHz, 0x0000000000000000, 73, 43.87 W
2026/09/15 14:42:44.069, 2463 MHz, 0x0000000000000000, 72, 43.88 W
2026/09/15 14:42:45.069, 2463 MHz, 0x0000000000000000, 73, 44.05 W
2026/09/15 14:42:46.070, 2463 MHz, 0x0000000000000000, 73, 44.16 W
2026/09/15 14:42:47.070, 2463 MHz, 0x0000000000000000, 72, 43.83 W
2026/09/15 14:42:48.071, 2463 MHz, 0x0000000000000000, 72, 43.81 W
2026/09/15 14:42:49.071, 2463 MHz, 0x0000000000000000, 73, 44.25 W
2026/09/15 14:42:50.071, 2463 MHz, 0x0000000000000000, 72, 44.03 W
2026/09/15 14:42:51.072, 2463 MHz, 0x0000000000000000, 72, 43.58 W
2026/09/15 14:42:52.073, 2463 MHz, 0x0000000000000000, 72, 43.33 W
2026/09/15 14:42:53.073, 2463 MHz, 0x0000000000000000, 72, 43.38 W
2026/09/15 14:42:54.074, 2463 MHz, 0x0000000000000000, 72, 43.81 W
2026/09/15 14:42:55.074, 2463 MHz, 0x0000000000000000, 72, 43.16 W
2026/09/15 14:42:56.074, 2463 MHz, 0x0000000000000000, 72, 43.49 W
2026/09/15 14:42:57.075, 2463 MHz, 0x0000000000000000, 72, 43.08 W
2026/09/15 14:42:58.075, 2463 MHz, 0x0000000000000000, 72, 43.38 W
2026/09/15 14:42:59.076, 2463 MHz, 0x0000000000000000, 72, 43.03 W
2026/09/15 14:43:00.076, 2463 MHz, 0x0000000000000000, 72, 42.88 W
2026/09/15 14:43:01.076, 2463 MHz, 0x0000000000000000, 72, 43.53 W
2026/09/15 14:43:02.077, 2463 MHz, 0x0000000000000000, 72, 43.20 W
2026/09/15 14:43:03.078, 2463 MHz, 0x0000000000000000, 72, 43.22 W
2026/09/15 14:43:04.078, 2463 MHz, 0x0000000000000000, 72, 43.14 W
2026/09/15 14:43:05.078, 2463 MHz, 0x0000000000000000, 72, 43.31 W
2026/09/15 14:43:06.079, 2463 MHz, 0x0000000000000000, 72, 43.29 W
2026/09/15 14:43:07.079, 2463 MHz, 0x0000000000000000, 72, 43.24 W
2026/09/15 14:43:08.080, 2463 MHz, 0x0000000000000000, 72, 43.22 W
2026/09/15 14:43:09.080, 2463 MHz, 0x0000000000000000, 72, 43.18 W
2026/09/15 14:43:10.080, 2463 MHz, 0x0000000000000000, 72, 43.11 W
2026/09/15 14:43:11.081, 2463 MHz, 0x0000000000000000, 72, 43.09 W
2026/09/15 14:43:12.081, 2431 MHz, 0x0000000000000000, 69, 34.10 W
2026/09/15 14:43:13.081, 2405 MHz, 0x0000000000000000, 68, 17.21 W
2026/09/15 14:43:14.081, 2444 MHz, 0x0000000000000000, 75, 35.92 W
2026/09/15 14:43:15.082, 2450 MHz, 0x0000000000000000, 74, 62.15 W
2026/09/15 14:43:16.082, 2450 MHz, 0x0000000000000000, 75, 59.61 W
2026/09/15 14:43:17.082, 2450 MHz, 0x0000000000000000, 76, 61.69 W
2026/09/15 14:43:18.083, 2450 MHz, 0x0000000000000000, 74, 63.85 W
2026/09/15 14:43:19.084, 2450 MHz, 0x0000000000000000, 75, 64.19 W
2026/09/15 14:43:20.084, 2444 MHz, 0x0000000000000000, 76, 66.69 W
2026/09/15 14:43:21.085, 2463 MHz, 0x0000000000000000, 73, 52.50 W
2026/09/15 14:43:22.085, 2463 MHz, 0x0000000000000000, 73, 46.46 W
2026/09/15 14:43:23.086, 2463 MHz, 0x0000000000000000, 73, 46.02 W
2026/09/15 14:43:24.086, 2463 MHz, 0x0000000000000000, 73, 46.04 W
2026/09/15 14:43:25.087, 2463 MHz, 0x0000000000000000, 73, 45.96 W
2026/09/15 14:43:26.088, 2463 MHz, 0x0000000000000000, 73, 46.64 W
2026/09/15 14:43:27.088, 2463 MHz, 0x0000000000000000, 73, 45.91 W
2026/09/15 14:43:28.089, 2463 MHz, 0x0000000000000000, 73, 46.25 W
2026/09/15 14:43:29.089, 2463 MHz, 0x0000000000000000, 73, 46.28 W
2026/09/15 14:43:30.089, 2463 MHz, 0x0000000000000000, 73, 46.25 W
2026/09/15 14:43:31.090, 2463 MHz, 0x0000000000000000, 73, 46.19 W
2026/09/15 14:43:32.090, 2463 MHz, 0x0000000000000000, 73, 46.29 W
2026/09/15 14:43:33.090, 2463 MHz, 0x0000000000000000, 73, 46.57 W
2026/09/15 14:43:34.091, 2463 MHz, 0x0000000000000000, 73, 46.78 W
2026/09/15 14:43:35.091, 2463 MHz, 0x0000000000000000, 73, 46.36 W
2026/09/15 14:43:36.092, 2463 MHz, 0x0000000000000000, 73, 46.22 W
2026/09/15 14:43:37.092, 2463 MHz, 0x0000000000000000, 73, 46.14 W
2026/09/15 14:43:38.093, 2463 MHz, 0x0000000000000000, 73, 45.78 W
2026/09/15 14:43:39.093, 2463 MHz, 0x0000000000000000, 73, 45.65 W
2026/09/15 14:43:40.093, 2463 MHz, 0x0000000000000000, 73, 45.63 W
2026/09/15 14:43:41.094, 2463 MHz, 0x0000000000000000, 73, 45.81 W
2026/09/15 14:43:42.094, 2463 MHz, 0x0000000000000000, 73, 45.80 W
2026/09/15 14:43:43.094, 2463 MHz, 0x0000000000000000, 73, 45.76 W
2026/09/15 14:43:44.094, 2463 MHz, 0x0000000000000000, 73, 45.51 W
2026/09/15 14:43:45.095, 2463 MHz, 0x0000000000000000, 73, 45.34 W
2026/09/15 14:43:46.096, 2463 MHz, 0x0000000000000000, 73, 45.69 W
2026/09/15 14:43:47.096, 2463 MHz, 0x0000000000000000, 73, 45.54 W
2026/09/15 14:43:48.096, 2463 MHz, 0x0000000000000000, 73, 45.38 W
2026/09/15 14:43:49.097, 2463 MHz, 0x0000000000000000, 73, 45.44 W
2026/09/15 14:43:50.097, 2463 MHz, 0x0000000000000000, 73, 45.80 W
2026/09/15 14:43:51.097, 2463 MHz, 0x0000000000000000, 73, 45.89 W
2026/09/15 14:43:52.098, 2463 MHz, 0x0000000000000000, 73, 45.67 W
2026/09/15 14:43:53.098, 2463 MHz, 0x0000000000000000, 73, 45.54 W
2026/09/15 14:43:54.098, 2463 MHz, 0x0000000000000000, 70, 40.56 W
2026/09/15 14:43:55.098, 2405 MHz, 0x0000000000000000, 68, 17.48 W
2026/09/15 14:43:56.098, 2405 MHz, 0x0000000000000000, 73, 26.96 W
2026/09/15 14:43:57.099, 2450 MHz, 0x0000000000000000, 76, 66.76 W
2026/09/15 14:43:58.100, 2418 MHz, 0x0000000000000000, 75, 54.35 W
2026/09/15 14:43:59.100, 2450 MHz, 0x0000000000000000, 73, 66.85 W
2026/09/15 14:44:00.101, 2450 MHz, 0x0000000000000000, 76, 66.65 W
2026/09/15 14:44:01.101, 2450 MHz, 0x0000000000000000, 77, 66.56 W
2026/09/15 14:44:02.102, 2463 MHz, 0x0000000000000000, 73, 53.80 W
2026/09/15 14:44:03.102, 2463 MHz, 0x0000000000000000, 73, 44.53 W
2026/09/15 14:44:04.103, 2463 MHz, 0x0000000000000000, 73, 44.24 W
2026/09/15 14:44:05.103, 2463 MHz, 0x0000000000000000, 73, 44.43 W
2026/09/15 14:44:06.103, 2463 MHz, 0x0000000000000000, 73, 44.33 W
2026/09/15 14:44:07.103, 2463 MHz, 0x0000000000000000, 73, 43.66 W
2026/09/15 14:44:08.104, 2463 MHz, 0x0000000000000000, 73, 44.67 W
2026/09/15 14:44:09.105, 2463 MHz, 0x0000000000000000, 73, 44.52 W
2026/09/15 14:44:10.105, 2463 MHz, 0x0000000000000000, 73, 44.72 W
2026/09/15 14:44:11.105, 2463 MHz, 0x0000000000000000, 73, 44.63 W
2026/09/15 14:44:12.106, 2463 MHz, 0x0000000000000000, 73, 44.57 W
2026/09/15 14:44:13.106, 2463 MHz, 0x0000000000000000, 73, 44.47 W
2026/09/15 14:44:14.107, 2463 MHz, 0x0000000000000000, 73, 44.59 W
2026/09/15 14:44:15.107, 2463 MHz, 0x0000000000000000, 73, 44.80 W
2026/09/15 14:44:16.108, 2463 MHz, 0x0000000000000000, 73, 44.86 W
2026/09/15 14:44:17.108, 2463 MHz, 0x0000000000000000, 73, 44.98 W
2026/09/15 14:44:18.108, 2463 MHz, 0x0000000000000000, 73, 44.87 W
2026/09/15 14:44:19.109, 2463 MHz, 0x0000000000000000, 73, 44.92 W
2026/09/15 14:44:20.109, 2463 MHz, 0x0000000000000000, 73, 44.89 W
2026/09/15 14:44:21.109, 2463 MHz, 0x0000000000000000, 73, 44.74 W
2026/09/15 14:44:22.110, 2463 MHz, 0x0000000000000000, 73, 44.68 W
2026/09/15 14:44:23.110, 2463 MHz, 0x0000000000000000, 73, 43.91 W
2026/09/15 14:44:24.111, 2463 MHz, 0x0000000000000000, 73, 44.17 W
2026/09/15 14:44:25.111, 2463 MHz, 0x0000000000000000, 73, 44.37 W
2026/09/15 14:44:26.112, 2463 MHz, 0x0000000000000000, 73, 43.79 W
2026/09/15 14:44:27.112, 2463 MHz, 0x0000000000000000, 73, 44.23 W
2026/09/15 14:44:28.113, 2463 MHz, 0x0000000000000000, 73, 44.55 W
2026/09/15 14:44:29.113, 2463 MHz, 0x0000000000000000, 73, 44.17 W
2026/09/15 14:44:30.113, 2463 MHz, 0x0000000000000000, 73, 43.89 W
2026/09/15 14:44:31.114, 2463 MHz, 0x0000000000000000, 73, 44.28 W
2026/09/15 14:44:32.114, 2463 MHz, 0x0000000000000000, 73, 44.29 W
2026/09/15 14:44:33.114, 2463 MHz, 0x0000000000000000, 73, 44.54 W
2026/09/15 14:44:34.115, 2463 MHz, 0x0000000000000000, 73, 44.38 W
2026/09/15 14:44:35.115, 2463 MHz, 0x0000000000000000, 73, 44.85 W
2026/09/15 14:44:36.116, 2405 MHz, 0x0000000000000000, 69, 29.33 W
2026/09/15 14:44:37.116, 2405 MHz, 0x0000000000000000, 68, 17.34 W
2026/09/15 14:44:38.117, 2450 MHz, 0x0000000000000000, 76, 45.36 W
2026/09/15 14:44:39.117, 2450 MHz, 0x0000000000000000, 76, 66.25 W
2026/09/15 14:44:40.118, 2450 MHz, 0x0000000000000000, 75, 54.38 W
2026/09/15 14:44:41.118, 2450 MHz, 0x0000000000000000, 77, 66.17 W
2026/09/15 14:44:42.118, 2450 MHz, 0x0000000000000000, 76, 67.32 W
2026/09/15 14:44:43.118, 2450 MHz, 0x0000000000000000, 76, 66.06 W
2026/09/15 14:44:44.119, 2450 MHz, 0x0000000000000000, 77, 67.74 W
2026/09/15 14:44:45.119, 2450 MHz, 0x0000000000000000, 77, 64.64 W
2026/09/15 14:44:46.120, 2450 MHz, 0x0000000000000000, 74, 67.38 W
2026/09/15 14:44:47.120, 2463 MHz, 0x0000000000000000, 74, 60.28 W
2026/09/15 14:44:48.121, 2463 MHz, 0x0000000000000000, 74, 47.54 W
2026/09/15 14:44:49.121, 2463 MHz, 0x0000000000000000, 74, 47.30 W
2026/09/15 14:44:50.121, 2463 MHz, 0x0000000000000000, 74, 46.91 W
2026/09/15 14:44:51.122, 2463 MHz, 0x0000000000000000, 74, 47.29 W
2026/09/15 14:44:52.122, 2463 MHz, 0x0000000000000000, 74, 47.31 W
2026/09/15 14:44:53.123, 2463 MHz, 0x0000000000000000, 74, 47.46 W
2026/09/15 14:44:54.123, 2463 MHz, 0x0000000000000000, 74, 47.44 W
2026/09/15 14:44:55.123, 2463 MHz, 0x0000000000000000, 74, 47.31 W
2026/09/15 14:44:56.124, 2463 MHz, 0x0000000000000000, 74, 47.58 W
2026/09/15 14:44:57.125, 2463 MHz, 0x0000000000000000, 74, 47.64 W
2026/09/15 14:44:58.125, 2463 MHz, 0x0000000000000000, 74, 47.21 W
2026/09/15 14:44:59.125, 2463 MHz, 0x0000000000000000, 74, 47.68 W
2026/09/15 14:45:00.125, 2463 MHz, 0x0000000000000000, 74, 47.79 W
2026/09/15 14:45:01.126, 2463 MHz, 0x0000000000000000, 74, 47.83 W
2026/09/15 14:45:02.126, 2463 MHz, 0x0000000000000000, 74, 47.69 W
2026/09/15 14:45:03.126, 2463 MHz, 0x0000000000000000, 74, 47.42 W
2026/09/15 14:45:04.126, 2463 MHz, 0x0000000000000000, 74, 47.36 W
2026/09/15 14:45:05.127, 2463 MHz, 0x0000000000000000, 74, 47.37 W
2026/09/15 14:45:06.127, 2463 MHz, 0x0000000000000000, 74, 46.99 W
2026/09/15 14:45:07.128, 2463 MHz, 0x0000000000000000, 74, 46.71 W
2026/09/15 14:45:08.129, 2463 MHz, 0x0000000000000000, 74, 46.57 W
2026/09/15 14:45:09.129, 2463 MHz, 0x0000000000000000, 74, 46.65 W
2026/09/15 14:45:10.129, 2463 MHz, 0x0000000000000000, 74, 46.78 W
2026/09/15 14:45:11.130, 2463 MHz, 0x0000000000000000, 74, 46.94 W
2026/09/15 14:45:12.130, 2463 MHz, 0x0000000000000000, 74, 46.75 W
2026/09/15 14:45:13.131, 2463 MHz, 0x0000000000000000, 74, 47.19 W
2026/09/15 14:45:14.131, 2463 MHz, 0x0000000000000000, 74, 47.08 W
2026/09/15 14:45:15.132, 2463 MHz, 0x0000000000000000, 74, 47.49 W
2026/09/15 14:45:16.132, 2463 MHz, 0x0000000000000000, 74, 47.37 W
2026/09/15 14:45:17.132, 2463 MHz, 0x0000000000000000, 74, 47.43 W
2026/09/15 14:45:18.133, 2463 MHz, 0x0000000000000000, 74, 47.32 W
2026/09/15 14:45:19.133, 2463 MHz, 0x0000000000000000, 74, 47.78 W
2026/09/15 14:45:20.133, 2463 MHz, 0x0000000000000000, 74, 47.62 W
2026/09/15 14:45:21.133, 2405 MHz, 0x0000000000000000, 69, 22.06 W
2026/09/15 14:45:22.134, 2405 MHz, 0x0000000000000000, 68, 17.46 W
2026/09/15 14:45:23.134, 2450 MHz, 0x0000000000000000, 77, 60.95 W
2026/09/15 14:45:24.135, 2450 MHz, 0x0000000000000000, 76, 72.19 W
2026/09/15 14:45:25.135, 2418 MHz, 0x0000000000000000, 70, 63.51 W
2026/09/15 14:45:26.135, 2450 MHz, 0x0000000000000000, 77, 57.82 W
2026/09/15 14:45:27.136, 2450 MHz, 0x0000000000000000, 77, 72.31 W
2026/09/15 14:45:28.136, 2450 MHz, 0x0000000000000000, 78, 72.25 W
2026/09/15 14:45:29.136, 2450 MHz, 0x0000000000000000, 79, 74.16 W
2026/09/15 14:45:30.137, 2450 MHz, 0x0000000000000000, 80, 72.36 W
2026/09/15 14:45:31.137, 2463 MHz, 0x0000000000000000, 74, 58.20 W
2026/09/15 14:45:32.137, 2463 MHz, 0x0000000000000000, 74, 45.70 W
2026/09/15 14:45:33.138, 2463 MHz, 0x0000000000000000, 74, 45.58 W
2026/09/15 14:45:34.138, 2463 MHz, 0x0000000000000000, 74, 45.72 W
2026/09/15 14:45:35.139, 2463 MHz, 0x0000000000000000, 74, 45.49 W
2026/09/15 14:45:36.139, 2463 MHz, 0x0000000000000000, 74, 45.67 W
2026/09/15 14:45:37.139, 2463 MHz, 0x0000000000000000, 74, 45.63 W
2026/09/15 14:45:38.139, 2463 MHz, 0x0000000000000000, 74, 45.45 W
2026/09/15 14:45:39.140, 2463 MHz, 0x0000000000000000, 74, 45.57 W
2026/09/15 14:45:40.140, 2463 MHz, 0x0000000000000000, 74, 45.36 W
2026/09/15 14:45:41.140, 2463 MHz, 0x0000000000000000, 74, 45.72 W
2026/09/15 14:45:42.141, 2463 MHz, 0x0000000000000000, 73, 45.43 W
2026/09/15 14:45:43.141, 2463 MHz, 0x0000000000000000, 73, 45.16 W
2026/09/15 14:45:44.142, 2463 MHz, 0x0000000000000000, 73, 45.05 W
2026/09/15 14:45:45.142, 2463 MHz, 0x0000000000000000, 73, 45.10 W
2026/09/15 14:45:46.142, 2463 MHz, 0x0000000000000000, 73, 44.98 W
2026/09/15 14:45:47.143, 2463 MHz, 0x0000000000000000, 73, 44.97 W
2026/09/15 14:45:48.143, 2463 MHz, 0x0000000000000000, 73, 45.56 W
2026/09/15 14:45:49.143, 2463 MHz, 0x0000000000000000, 73, 45.75 W
2026/09/15 14:45:50.143, 2463 MHz, 0x0000000000000000, 74, 45.73 W
2026/09/15 14:45:51.144, 2463 MHz, 0x0000000000000000, 73, 45.47 W
2026/09/15 14:45:52.144, 2463 MHz, 0x0000000000000000, 73, 45.41 W
2026/09/15 14:45:53.144, 2463 MHz, 0x0000000000000000, 73, 45.64 W
2026/09/15 14:45:54.145, 2463 MHz, 0x0000000000000000, 73, 45.47 W
2026/09/15 14:45:55.145, 2463 MHz, 0x0000000000000000, 73, 45.54 W
2026/09/15 14:45:56.145, 2463 MHz, 0x0000000000000000, 73, 45.30 W
2026/09/15 14:45:57.145, 2463 MHz, 0x0000000000000000, 73, 45.33 W
2026/09/15 14:45:58.146, 2463 MHz, 0x0000000000000000, 73, 45.30 W
2026/09/15 14:45:59.146, 2463 MHz, 0x0000000000000000, 73, 45.56 W
2026/09/15 14:46:00.146, 2463 MHz, 0x0000000000000000, 73, 45.35 W
2026/09/15 14:46:01.147, 2463 MHz, 0x0000000000000000, 73, 45.57 W
2026/09/15 14:46:02.147, 2463 MHz, 0x0000000000000000, 73, 45.28 W
2026/09/15 14:46:03.147, 2463 MHz, 0x0000000000000000, 73, 45.30 W
2026/09/15 14:46:04.148, 2405 MHz, 0x0000000000000000, 70, 38.24 W
2026/09/15 14:46:05.148, 2405 MHz, 0x0000000000000000, 68, 17.44 W
2026/09/15 14:46:06.149, 2431 MHz, 0x0000000000000000, 74, 24.12 W
2026/09/15 14:46:07.149, 2450 MHz, 0x0000000000000000, 76, 73.17 W
2026/09/15 14:46:08.150, 2450 MHz, 0x0000000000000000, 76, 72.01 W
2026/09/15 14:46:09.150, 2418 MHz, 0x0000000000000000, 73, 47.74 W
2026/09/15 14:46:10.150, 2450 MHz, 0x0000000000000000, 76, 74.07 W
2026/09/15 14:46:11.151, 2450 MHz, 0x0000000000000000, 77, 72.33 W
2026/09/15 14:46:12.151, 2450 MHz, 0x0000000000000000, 77, 72.42 W
2026/09/15 14:46:13.151, 2450 MHz, 0x0000000000000000, 78, 71.94 W
2026/09/15 14:46:14.152, 2450 MHz, 0x0000000000000000, 77, 73.77 W
2026/09/15 14:46:15.152, 2450 MHz, 0x0000000000000000, 80, 72.78 W
2026/09/15 14:46:16.153, 2450 MHz, 0x0000000000000000, 79, 72.43 W
2026/09/15 14:46:17.153, 2450 MHz, 0x0000000000000000, 78, 72.61 W
2026/09/15 14:46:18.154, 2444 MHz, 0x0000000000000000, 78, 73.56 W
2026/09/15 14:46:19.154, 2450 MHz, 0x0000000000000000, 79, 72.62 W
2026/09/15 14:46:20.154, 2463 MHz, 0x0000000000000000, 75, 59.86 W
2026/09/15 14:46:21.155, 2463 MHz, 0x0000000000000000, 75, 49.18 W
2026/09/15 14:46:22.156, 2463 MHz, 0x0000000000000000, 75, 48.78 W
2026/09/15 14:46:23.156, 2463 MHz, 0x0000000000000000, 75, 48.56 W
2026/09/15 14:46:24.156, 2463 MHz, 0x0000000000000000, 75, 48.33 W
2026/09/15 14:46:25.156, 2463 MHz, 0x0000000000000000, 75, 48.34 W
2026/09/15 14:46:26.157, 2463 MHz, 0x0000000000000000, 75, 48.62 W
2026/09/15 14:46:27.157, 2463 MHz, 0x0000000000000000, 75, 48.59 W
2026/09/15 14:46:28.157, 2463 MHz, 0x0000000000000000, 75, 48.35 W
2026/09/15 14:46:29.158, 2463 MHz, 0x0000000000000000, 75, 48.10 W
2026/09/15 14:46:30.158, 2463 MHz, 0x0000000000000000, 75, 48.49 W
2026/09/15 14:46:31.158, 2463 MHz, 0x0000000000000000, 74, 48.69 W
2026/09/15 14:46:32.158, 2463 MHz, 0x0000000000000000, 75, 48.50 W
2026/09/15 14:46:33.159, 2463 MHz, 0x0000000000000000, 75, 48.33 W
2026/09/15 14:46:34.159, 2463 MHz, 0x0000000000000000, 75, 48.74 W
2026/09/15 14:46:35.159, 2463 MHz, 0x0000000000000000, 75, 48.69 W
2026/09/15 14:46:36.160, 2463 MHz, 0x0000000000000000, 75, 48.70 W
2026/09/15 14:46:37.160, 2463 MHz, 0x0000000000000000, 74, 48.84 W
2026/09/15 14:46:38.160, 2463 MHz, 0x0000000000000000, 75, 48.64 W
2026/09/15 14:46:39.161, 2463 MHz, 0x0000000000000000, 75, 48.72 W
2026/09/15 14:46:40.161, 2463 MHz, 0x0000000000000000, 74, 48.36 W
2026/09/15 14:46:41.161, 2463 MHz, 0x0000000000000000, 75, 48.18 W
2026/09/15 14:46:42.162, 2463 MHz, 0x0000000000000000, 75, 48.37 W
2026/09/15 14:46:43.162, 2463 MHz, 0x0000000000000000, 75, 48.40 W
2026/09/15 14:46:44.162, 2463 MHz, 0x0000000000000000, 74, 48.65 W
2026/09/15 14:46:45.163, 2463 MHz, 0x0000000000000000, 75, 48.50 W
2026/09/15 14:46:46.163, 2463 MHz, 0x0000000000000000, 74, 48.38 W
2026/09/15 14:46:47.164, 2463 MHz, 0x0000000000000000, 75, 48.79 W
2026/09/15 14:46:48.164, 2463 MHz, 0x0000000000000000, 75, 48.82 W
2026/09/15 14:46:49.165, 2463 MHz, 0x0000000000000000, 75, 48.79 W
2026/09/15 14:46:50.165, 2463 MHz, 0x0000000000000000, 75, 48.76 W
2026/09/15 14:46:51.166, 2463 MHz, 0x0000000000000000, 75, 48.47 W
2026/09/15 14:46:52.166, 2463 MHz, 0x0000000000000000, 74, 48.48 W
2026/09/15 14:46:53.166, 2463 MHz, 0x0000000000000000, 75, 48.56 W
2026/09/15 14:46:54.167, 2405 MHz, 0x0000000000000000, 70, 34.01 W
2026/09/15 14:46:55.168, 2405 MHz, 0x0000000000000000, 69, 17.65 W
2026/09/15 14:46:56.168, 2405 MHz, 0x0000000000000000, 68, 17.47 W
2026/09/15 14:46:57.169, 2405 MHz, 0x0000000000000000, 68, 17.35 W
2026/09/15 14:46:58.169, 2405 MHz, 0x0000000000000000, 67, 17.19 W
2026/09/15 14:46:59.170, 2405 MHz, 0x0000000000000000, 67, 17.07 W
2026/09/15 14:47:00.170, 2405 MHz, 0x0000000000000000, 66, 16.92 W
2026/09/15 14:47:01.171, 2405 MHz, 0x0000000000000000, 66, 16.85 W
2026/09/15 14:47:02.171, 2405 MHz, 0x0000000000000000, 65, 16.72 W
2026/09/15 14:47:03.171, 2405 MHz, 0x0000000000000000, 65, 16.64 W
2026/09/15 14:47:04.171, 2405 MHz, 0x0000000000000000, 64, 16.51 W
2026/09/15 14:47:05.172, 2405 MHz, 0x0000000000000000, 64, 16.42 W
2026/09/15 14:47:06.173, 2405 MHz, 0x0000000000000000, 64, 16.28 W
2026/09/15 14:47:07.174, 2405 MHz, 0x0000000000000000, 63, 16.25 W
2026/09/15 14:47:08.175, 2405 MHz, 0x0000000000000000, 63, 16.17 W
2026/09/15 14:47:09.175, 2405 MHz, 0x0000000000000000, 63, 16.09 W
2026/09/15 14:47:10.176, 2405 MHz, 0x0000000000000000, 62, 16.08 W
2026/09/15 14:47:11.177, 2405 MHz, 0x0000000000000000, 62, 15.98 W
2026/09/15 14:47:12.177, 2405 MHz, 0x0000000000000000, 62, 15.86 W
2026/09/15 14:47:13.178, 2405 MHz, 0x0000000000000000, 62, 15.84 W
2026/09/15 14:47:14.178, 2405 MHz, 0x0000000000000000, 62, 15.71 W
2026/09/15 14:47:15.178, 2405 MHz, 0x0000000000000000, 62, 16.54 W
2026/09/15 14:47:16.179, 2405 MHz, 0x0000000000000000, 62, 16.34 W
2026/09/15 14:47:17.181, 2405 MHz, 0x0000000000000000, 61, 15.96 W
2026/09/15 14:47:18.181, 260 MHz, 0x0000000000000000, 60, 11.92 W
2026/09/15 14:47:19.182, 208 MHz, 0x0000000000000000, 60, 7.04 W
2026/09/15 14:47:20.182, 208 MHz, 0x0000000000000000, 60, 7.03 W
2026/09/15 14:47:21.183, 208 MHz, 0x0000000000000000, 60, 6.14 W
2026/09/15 14:47:22.183, 208 MHz, 0x0000000000000004, 59, 6.01 W
2026/09/15 14:47:23.183, 208 MHz, 0x0000000000000000, 59, 6.03 W
2026/09/15 14:47:24.184, 208 MHz, 0x0000000000000004, 59, 6.09 W
2026/09/15 14:47:25.185, 221 MHz, 0x0000000000000000, 59, 6.25 W
2026/09/15 14:47:26.185, 208 MHz, 0x0000000000000000, 59, 6.02 W
2026/09/15 14:47:27.186, 214 MHz, 0x0000000000000000, 59, 5.95 W
2026/09/15 14:47:28.186, 208 MHz, 0x0000000000000004, 59, 5.94 W
2026/09/15 14:47:29.186, 208 MHz, 0x0000000000000000, 59, 5.88 W
2026/09/15 14:47:30.187, 208 MHz, 0x0000000000000004, 59, 5.89 W
2026/09/15 14:47:31.188, 208 MHz, 0x0000000000000000, 59, 5.94 W
2026/09/15 14:47:32.188, 208 MHz, 0x0000000000000004, 58, 5.94 W
2026/09/15 14:47:33.189, 208 MHz, 0x0000000000000000, 58, 5.93 W
2026/09/15 14:47:34.190, 208 MHz, 0x0000000000000004, 58, 5.85 W
2026/09/15 14:47:35.191, 208 MHz, 0x0000000000000000, 58, 5.89 W
2026/09/15 14:47:36.192, 208 MHz, 0x0000000000000004, 58, 5.96 W
2026/09/15 14:47:37.192, 208 MHz, 0x0000000000000000, 58, 5.94 W
2026/09/15 14:47:38.193, 208 MHz, 0x0000000000000004, 58, 5.93 W
2026/09/15 14:47:39.193, 208 MHz, 0x0000000000000000, 58, 5.93 W
2026/09/15 14:47:40.194, 208 MHz, 0x0000000000000004, 58, 5.95 W
2026/09/15 14:47:41.194, 208 MHz, 0x0000000000000000, 58, 5.95 W
2026/09/15 14:47:42.194, 208 MHz, 0x0000000000000004, 58, 5.90 W
2026/09/15 14:47:43.195, 208 MHz, 0x0000000000000000, 58, 5.90 W
2026/09/15 14:47:44.195, 208 MHz, 0x0000000000000004, 58, 5.89 W
2026/09/15 14:47:45.196, 208 MHz, 0x0000000000000000, 58, 5.90 W
2026/09/15 14:47:46.196, 208 MHz, 0x0000000000000004, 58, 5.89 W
2026/09/15 14:47:47.196, 208 MHz, 0x0000000000000000, 58, 5.88 W
2026/09/15 14:47:48.196, 208 MHz, 0x0000000000000004, 58, 5.86 W
2026/09/15 14:47:49.197, 208 MHz, 0x0000000000000000, 58, 5.89 W
2026/09/15 14:47:50.197, 208 MHz, 0x0000000000000004, 58, 5.86 W
2026/09/15 14:47:51.198, 208 MHz, 0x0000000000000000, 57, 5.82 W
2026/09/15 14:47:52.198, 208 MHz, 0x0000000000000004, 57, 5.85 W
2026/09/15 14:47:53.198, 208 MHz, 0x0000000000000000, 57, 5.85 W
2026/09/15 14:47:54.198, 2405 MHz, 0x0000000000000000, 58, 14.77 W
2026/09/15 14:47:55.199, 2418 MHz, 0x0000000000000000, 58, 15.17 W
2026/09/15 14:47:56.199, 2405 MHz, 0x0000000000000000, 58, 15.08 W
2026/09/15 14:47:57.199, 2405 MHz, 0x0000000000000000, 59, 15.11 W
2026/09/15 14:47:58.200, 2405 MHz, 0x0000000000000000, 59, 15.23 W
2026/09/15 14:47:59.200, 2411 MHz, 0x0000000000000000, 59, 15.56 W
2026/09/15 14:48:00.200, 2411 MHz, 0x0000000000000000, 59, 15.32 W
2026/09/15 14:48:01.200, 2405 MHz, 0x0000000000000000, 59, 15.31 W
2026/09/15 14:48:02.200, 2405 MHz, 0x0000000000000000, 59, 15.19 W
2026/09/15 14:48:03.201, 2405 MHz, 0x0000000000000000, 59, 15.12 W
2026/09/15 14:48:04.201, 2431 MHz, 0x0000000000000000, 59, 17.15 W
2026/09/15 14:48:05.201, 2431 MHz, 0x0000000000000000, 60, 18.28 W
2026/09/15 14:48:06.201, 2444 MHz, 0x0000000000000000, 60, 20.20 W
2026/09/15 14:48:07.202, 2457 MHz, 0x0000000000000000, 61, 20.11 W
2026/09/15 14:48:08.202, 2450 MHz, 0x0000000000000000, 61, 19.35 W
2026/09/15 14:48:09.202, 2437 MHz, 0x0000000000000000, 61, 19.23 W
2026/09/15 14:48:10.202, 2437 MHz, 0x0000000000000000, 61, 17.96 W
2026/09/15 14:48:11.202, 2424 MHz, 0x0000000000000000, 61, 17.72 W
2026/09/15 14:48:12.202, 2424 MHz, 0x0000000000000000, 61, 18.50 W
2026/09/15 14:48:13.203, 2444 MHz, 0x0000000000000000, 62, 21.00 W
2026/09/15 14:48:14.203, 2418 MHz, 0x0000000000000000, 61, 17.76 W
2026/09/15 14:48:15.203, 2450 MHz, 0x0000000000000000, 62, 18.07 W
2026/09/15 14:48:16.203, 2431 MHz, 0x0000000000000000, 62, 18.57 W
2026/09/15 14:48:17.204, 2450 MHz, 0x0000000000000000, 62, 19.23 W
2026/09/15 14:48:18.204, 2437 MHz, 0x0000000000000000, 62, 18.75 W
2026/09/15 14:48:19.204, 2463 MHz, 0x0000000000000000, 62, 18.19 W
2026/09/15 14:48:20.205, 2437 MHz, 0x0000000000000000, 62, 18.64 W
2026/09/15 14:48:21.205, 2450 MHz, 0x0000000000000000, 62, 18.87 W
2026/09/15 14:48:22.205, 2457 MHz, 0x0000000000000000, 63, 19.15 W
2026/09/15 14:48:23.205, 2450 MHz, 0x0000000000000000, 63, 19.57 W
2026/09/15 14:48:24.205, 2431 MHz, 0x0000000000000000, 62, 18.78 W
2026/09/15 14:48:25.206, 2444 MHz, 0x0000000000000000, 63, 19.34 W
2026/09/15 14:48:26.206, 2444 MHz, 0x0000000000000000, 63, 19.12 W
2026/09/15 14:48:27.206, 2431 MHz, 0x0000000000000000, 62, 18.28 W
2026/09/15 14:48:28.206, 2437 MHz, 0x0000000000000000, 63, 18.79 W
2026/09/15 14:48:29.207, 2450 MHz, 0x0000000000000000, 63, 18.86 W
2026/09/15 14:48:30.207, 2457 MHz, 0x0000000000000000, 63, 19.37 W
2026/09/15 14:48:31.207, 2444 MHz, 0x0000000000000000, 63, 19.95 W
2026/09/15 14:48:32.208, 2437 MHz, 0x0000000000000000, 63, 19.84 W
2026/09/15 14:48:33.208, 2463 MHz, 0x0000000000000000, 63, 19.40 W
2026/09/15 14:48:34.208, 2457 MHz, 0x0000000000000000, 63, 20.43 W
2026/09/15 14:48:35.209, 2444 MHz, 0x0000000000000000, 63, 19.76 W
2026/09/15 14:48:36.209, 2457 MHz, 0x0000000000000000, 63, 19.24 W
2026/09/15 14:48:37.209, 2437 MHz, 0x0000000000000000, 63, 19.63 W
2026/09/15 14:48:38.209, 2444 MHz, 0x0000000000000000, 63, 19.74 W
2026/09/15 14:48:39.210, 2437 MHz, 0x0000000000000000, 63, 19.21 W
2026/09/15 14:48:40.210, 2437 MHz, 0x0000000000000000, 63, 19.48 W
2026/09/15 14:48:41.210, 2431 MHz, 0x0000000000000000, 63, 19.27 W
2026/09/15 14:48:42.211, 2437 MHz, 0x0000000000000000, 63, 19.19 W
2026/09/15 14:48:43.211, 2437 MHz, 0x0000000000000000, 63, 19.63 W
2026/09/15 14:48:44.211, 2424 MHz, 0x0000000000000000, 63, 19.02 W
2026/09/15 14:48:45.211, 2424 MHz, 0x0000000000000000, 63, 18.73 W
2026/09/15 14:48:46.212, 2437 MHz, 0x0000000000000000, 63, 18.89 W
2026/09/15 14:48:47.212, 2457 MHz, 0x0000000000000000, 63, 19.14 W
2026/09/15 14:48:48.212, 2431 MHz, 0x0000000000000000, 63, 18.88 W
2026/09/15 14:48:49.212, 2411 MHz, 0x0000000000000000, 63, 18.24 W
2026/09/15 14:48:50.213, 2424 MHz, 0x0000000000000000, 63, 18.71 W
2026/09/15 14:48:51.213, 2437 MHz, 0x0000000000000000, 63, 18.99 W
2026/09/15 14:48:52.213, 2483 MHz, 0x0000000000000000, 64, 20.68 W
2026/09/15 14:48:53.213, 2470 MHz, 0x0000000000000000, 64, 23.58 W
2026/09/15 14:48:54.214, 2437 MHz, 0x0000000000000000, 64, 19.89 W
2026/09/15 14:48:55.214, 2405 MHz, 0x0000000000000000, 63, 17.75 W
2026/09/15 14:48:56.214, 2405 MHz, 0x0000000000000000, 63, 16.97 W
2026/09/15 14:48:57.214, 2405 MHz, 0x0000000000000000, 63, 17.24 W
2026/09/15 14:48:58.214, 2424 MHz, 0x0000000000000000, 63, 20.98 W
2026/09/15 14:48:59.215, 2424 MHz, 0x0000000000000000, 63, 17.58 W
2026/09/15 14:49:00.215, 2483 MHz, 0x0000000000000000, 64, 23.64 W
2026/09/15 14:49:01.215, 2483 MHz, 0x0000000000000000, 63, 22.48 W
2026/09/15 14:49:02.215, 2405 MHz, 0x0000000000000000, 63, 16.16 W
2026/09/15 14:49:03.215, 2405 MHz, 0x0000000000000000, 62, 15.96 W
2026/09/15 14:49:04.216, 2405 MHz, 0x0000000000000000, 62, 15.91 W
2026/09/15 14:49:05.216, 2405 MHz, 0x0000000000000000, 62, 15.91 W
2026/09/15 14:49:06.216, 2405 MHz, 0x0000000000000000, 62, 15.90 W
2026/09/15 14:49:07.216, 2405 MHz, 0x0000000000000000, 62, 16.00 W
2026/09/15 14:49:08.216, 2405 MHz, 0x0000000000000000, 62, 16.70 W
2026/09/15 14:49:09.216, 2353 MHz, 0x0000000000000000, 75, 89.73 W
2026/09/15 14:49:10.217, 2268 MHz, 0x0000000000000000, 77, 87.10 W
2026/09/15 14:49:11.217, 2353 MHz, 0x0000000000000000, 77, 87.81 W
2026/09/15 14:49:12.217, 2333 MHz, 0x0000000000000000, 77, 89.68 W
2026/09/15 14:49:13.217, 2301 MHz, 0x0000000000000000, 72, 87.44 W
2026/09/15 14:49:14.217, 2301 MHz, 0x0000000000000000, 77, 90.36 W
2026/09/15 14:49:15.218, 2294 MHz, 0x0000000000000000, 79, 88.19 W
2026/09/15 14:49:16.218, 2320 MHz, 0x0000000000000000, 79, 86.91 W
2026/09/15 14:49:17.218, 2340 MHz, 0x0000000000000000, 79, 90.17 W
2026/09/15 14:49:18.218, 2216 MHz, 0x0000000000000000, 76, 86.39 W
2026/09/15 14:49:19.218, 2379 MHz, 0x0000000000000000, 67, 39.34 W
2026/09/15 14:49:20.219, 2483 MHz, 0x0000000000000000, 67, 20.25 W
2026/09/15 14:49:21.219, 2411 MHz, 0x0000000000000000, 66, 25.08 W
2026/09/15 14:49:22.219, 2437 MHz, 0x0000000000000000, 72, 55.20 W
2026/09/15 14:49:23.219, 2418 MHz, 0x0000000000000000, 66, 19.57 W
2026/09/15 14:49:24.220, 2437 MHz, 0x0000000000000000, 66, 32.50 W
2026/09/15 14:49:25.220, 2405 MHz, 0x0000000000000000, 66, 18.49 W
2026/09/15 14:49:26.220, 2444 MHz, 0x0000000000000000, 65, 21.44 W
2026/09/15 14:49:27.220, 2444 MHz, 0x0000000000000000, 65, 20.79 W
2026/09/15 14:49:28.220, 2457 MHz, 0x0000000000000000, 65, 19.57 W
2026/09/15 14:49:29.221, 2418 MHz, 0x0000000000000000, 64, 20.19 W
2026/09/15 14:49:30.221, 2405 MHz, 0x0000000000000000, 64, 16.59 W
2026/09/15 14:49:31.221, 2405 MHz, 0x0000000000000000, 64, 16.88 W
2026/09/15 14:49:32.221, 2405 MHz, 0x0000000000000000, 64, 20.74 W
2026/09/15 14:49:33.222, 2411 MHz, 0x0000000000000000, 63, 17.60 W
2026/09/15 14:49:34.222, 2411 MHz, 0x0000000000000000, 64, 36.44 W
2026/09/15 14:49:35.222, 2444 MHz, 0x0000000000000000, 65, 23.28 W
2026/09/15 14:49:36.223, 2444 MHz, 0x0000000000000000, 64, 20.80 W
2026/09/15 14:49:37.223, 2431 MHz, 0x0000000000000000, 64, 20.52 W
2026/09/15 14:49:38.223, 2437 MHz, 0x0000000000000000, 64, 22.30 W
2026/09/15 14:49:39.224, 2405 MHz, 0x0000000000000000, 63, 22.59 W
2026/09/15 14:49:40.224, 2405 MHz, 0x0000000000000000, 63, 16.08 W
2026/09/15 14:49:41.225, 2405 MHz, 0x0000000000000000, 63, 16.02 W
2026/09/15 14:49:42.225, 2405 MHz, 0x0000000000000000, 62, 16.02 W
2026/09/15 14:49:43.226, 2405 MHz, 0x0000000000000000, 62, 15.75 W
2026/09/15 14:49:44.227, 2405 MHz, 0x0000000000000000, 62, 15.79 W
2026/09/15 14:49:45.227, 2405 MHz, 0x0000000000000000, 62, 15.72 W
2026/09/15 14:49:46.228, 2405 MHz, 0x0000000000000000, 62, 15.68 W
2026/09/15 14:49:47.228, 2405 MHz, 0x0000000000000000, 61, 15.65 W
2026/09/15 14:49:48.228, 2405 MHz, 0x0000000000000000, 61, 15.46 W
2026/09/15 14:49:49.229, 2405 MHz, 0x0000000000000000, 61, 15.40 W
2026/09/15 14:49:50.229, 2405 MHz, 0x0000000000000000, 61, 15.41 W
2026/09/15 14:49:51.230, 2405 MHz, 0x0000000000000000, 61, 15.47 W
2026/09/15 14:49:52.230, 2405 MHz, 0x0000000000000000, 61, 15.41 W
2026/09/15 14:49:53.230, 2405 MHz, 0x0000000000000000, 61, 15.34 W
2026/09/15 14:49:54.231, 2405 MHz, 0x0000000000000000, 61, 15.29 W
2026/09/15 14:49:55.231, 2405 MHz, 0x0000000000000000, 60, 15.31 W
2026/09/15 14:49:56.232, 2405 MHz, 0x0000000000000000, 60, 15.34 W
2026/09/15 14:49:57.232, 2405 MHz, 0x0000000000000000, 60, 15.33 W
2026/09/15 14:49:58.232, 2405 MHz, 0x0000000000000000, 60, 15.95 W
2026/09/15 14:49:59.233, 2405 MHz, 0x0000000000000000, 60, 15.50 W
2026/09/15 14:50:00.234, 2405 MHz, 0x0000000000000000, 60, 15.19 W
2026/09/15 14:50:01.234, 2405 MHz, 0x0000000000000000, 60, 15.45 W
2026/09/15 14:50:02.235, 2405 MHz, 0x0000000000000000, 60, 19.89 W
2026/09/15 14:50:03.235, 2405 MHz, 0x0000000000000000, 60, 16.77 W
2026/09/15 14:50:04.236, 2496 MHz, 0x0000000000000000, 63, 37.69 W
2026/09/15 14:50:05.236, 2483 MHz, 0x0000000000000000, 64, 38.55 W
2026/09/15 14:50:06.236, 2483 MHz, 0x0000000000000000, 64, 37.06 W
2026/09/15 14:50:07.237, 2483 MHz, 0x0000000000000000, 64, 38.50 W
2026/09/15 14:50:08.237, 2483 MHz, 0x0000000000000000, 65, 38.80 W
2026/09/15 14:50:09.237, 2483 MHz, 0x0000000000000000, 65, 38.84 W
2026/09/15 14:50:10.238, 2483 MHz, 0x0000000000000000, 65, 38.82 W
2026/09/15 14:50:11.238, 2483 MHz, 0x0000000000000000, 66, 38.90 W
2026/09/15 14:50:12.238, 2483 MHz, 0x0000000000000000, 66, 39.03 W
2026/09/15 14:50:13.239, 2470 MHz, 0x0000000000000000, 66, 38.36 W
2026/09/15 14:50:14.239, 2483 MHz, 0x0000000000000000, 66, 39.27 W
2026/09/15 14:50:15.240, 2483 MHz, 0x0000000000000000, 67, 39.13 W
2026/09/15 14:50:16.240, 2483 MHz, 0x0000000000000000, 67, 39.25 W
2026/09/15 14:50:17.241, 2476 MHz, 0x0000000000000000, 67, 41.41 W
2026/09/15 14:50:18.241, 2476 MHz, 0x0000000000000000, 69, 42.20 W
2026/09/15 14:50:19.241, 2483 MHz, 0x0000000000000000, 68, 39.20 W
2026/09/15 14:50:20.242, 2483 MHz, 0x0000000000000000, 68, 39.67 W
2026/09/15 14:50:21.242, 2483 MHz, 0x0000000000000000, 68, 39.78 W
2026/09/15 14:50:22.242, 2483 MHz, 0x0000000000000000, 68, 39.01 W
2026/09/15 14:50:23.243, 2483 MHz, 0x0000000000000000, 68, 39.76 W
2026/09/15 14:50:24.243, 2483 MHz, 0x0000000000000000, 68, 39.97 W
2026/09/15 14:50:25.243, 2483 MHz, 0x0000000000000000, 68, 39.76 W
2026/09/15 14:50:26.243, 2483 MHz, 0x0000000000000000, 69, 39.91 W
2026/09/15 14:50:27.243, 2483 MHz, 0x0000000000000000, 69, 39.90 W
2026/09/15 14:50:28.243, 2483 MHz, 0x0000000000000000, 69, 38.89 W
2026/09/15 14:50:29.244, 2483 MHz, 0x0000000000000000, 69, 39.92 W
2026/09/15 14:50:30.244, 2483 MHz, 0x0000000000000000, 69, 39.90 W
2026/09/15 14:50:31.245, 2483 MHz, 0x0000000000000000, 69, 42.54 W
2026/09/15 14:50:32.245, 2483 MHz, 0x0000000000000000, 69, 42.74 W
2026/09/15 14:50:33.245, 2483 MHz, 0x0000000000000000, 69, 39.91 W
2026/09/15 14:50:34.246, 2483 MHz, 0x0000000000000000, 70, 40.34 W
2026/09/15 14:50:35.246, 2483 MHz, 0x0000000000000000, 69, 39.80 W
2026/09/15 14:50:36.247, 2483 MHz, 0x0000000000000000, 70, 39.75 W
2026/09/15 14:50:37.247, 2483 MHz, 0x0000000000000000, 70, 40.46 W
2026/09/15 14:50:38.248, 2483 MHz, 0x0000000000000000, 70, 40.06 W
2026/09/15 14:50:39.248, 2483 MHz, 0x0000000000000000, 70, 40.34 W
2026/09/15 14:50:40.248, 2483 MHz, 0x0000000000000000, 70, 40.55 W
2026/09/15 14:50:41.249, 2483 MHz, 0x0000000000000000, 70, 40.62 W
2026/09/15 14:50:42.249, 2483 MHz, 0x0000000000000000, 70, 39.05 W
2026/09/15 14:50:43.249, 2483 MHz, 0x0000000000000000, 70, 40.82 W
2026/09/15 14:50:44.250, 2483 MHz, 0x0000000000000000, 71, 40.40 W
2026/09/15 14:50:45.250, 2483 MHz, 0x0000000000000000, 71, 43.07 W
2026/09/15 14:50:46.250, 2463 MHz, 0x0000000000000000, 71, 43.85 W
2026/09/15 14:50:47.251, 2483 MHz, 0x0000000000000000, 71, 39.71 W
2026/09/15 14:50:48.251, 2444 MHz, 0x0000000000000000, 75, 52.32 W
2026/09/15 14:50:49.251, 2444 MHz, 0x0000000000000000, 75, 57.05 W
2026/09/15 14:50:50.251, 2405 MHz, 0x0000000000000000, 68, 37.15 W
2026/09/15 14:50:51.252, 2444 MHz, 0x0000000000000000, 75, 50.98 W
2026/09/15 14:50:52.252, 2444 MHz, 0x0000000000000000, 73, 60.19 W
2026/09/15 14:50:53.253, 2444 MHz, 0x0000000000000000, 75, 60.49 W
2026/09/15 14:50:54.253, 2450 MHz, 0x0000000000000000, 75, 62.25 W
2026/09/15 14:50:55.254, 2450 MHz, 0x0000000000000000, 76, 62.96 W
2026/09/15 14:50:56.254, 2450 MHz, 0x0000000000000000, 77, 63.13 W
2026/09/15 14:50:57.254, 2444 MHz, 0x0000000000000000, 77, 63.43 W
2026/09/15 14:50:58.255, 2444 MHz, 0x0000000000000000, 77, 64.11 W
2026/09/15 14:50:59.255, 2444 MHz, 0x0000000000000000, 77, 64.39 W
2026/09/15 14:51:00.256, 2444 MHz, 0x0000000000000000, 77, 64.90 W
2026/09/15 14:51:01.256, 2444 MHz, 0x0000000000000000, 77, 65.24 W
2026/09/15 14:51:02.257, 2444 MHz, 0x0000000000000000, 78, 65.53 W
2026/09/15 14:51:03.257, 2444 MHz, 0x0000000000000000, 79, 66.21 W
2026/09/15 14:51:04.257, 2444 MHz, 0x0000000000000000, 78, 66.30 W
2026/09/15 14:51:05.258, 2444 MHz, 0x0000000000000000, 80, 66.96 W
2026/09/15 14:51:06.258, 2444 MHz, 0x0000000000000000, 78, 67.32 W
2026/09/15 14:51:07.259, 2450 MHz, 0x0000000000000000, 78, 67.56 W
2026/09/15 14:51:08.259, 2450 MHz, 0x0000000000000000, 81, 67.72 W
2026/09/15 14:51:09.260, 2450 MHz, 0x0000000000000000, 80, 67.78 W
2026/09/15 14:51:10.260, 2450 MHz, 0x0000000000000000, 79, 68.06 W
2026/09/15 14:51:11.261, 2437 MHz, 0x0000000000000000, 78, 68.15 W
2026/09/15 14:51:12.261, 2437 MHz, 0x0000000000000000, 78, 69.33 W
2026/09/15 14:51:13.262, 2437 MHz, 0x0000000000000000, 80, 69.20 W
2026/09/15 14:51:14.262, 2431 MHz, 0x0000000000000000, 80, 69.17 W
2026/09/15 14:51:15.263, 2437 MHz, 0x0000000000000000, 81, 69.72 W
2026/09/15 14:51:16.263, 2437 MHz, 0x0000000000000000, 82, 69.50 W
2026/09/15 14:51:17.263, 2437 MHz, 0x0000000000000000, 80, 69.54 W
2026/09/15 14:51:18.264, 2444 MHz, 0x0000000000000000, 80, 69.71 W
2026/09/15 14:51:19.264, 2437 MHz, 0x0000000000000000, 81, 70.34 W
2026/09/15 14:51:20.265, 2437 MHz, 0x0000000000000000, 80, 71.89 W
2026/09/15 14:51:21.265, 2431 MHz, 0x0000000000000000, 80, 70.68 W
2026/09/15 14:51:22.266, 2437 MHz, 0x0000000000000000, 80, 70.80 W
2026/09/15 14:51:23.266, 2431 MHz, 0x0000000000000000, 82, 71.01 W
2026/09/15 14:51:24.266, 2444 MHz, 0x0000000000000000, 82, 71.17 W
2026/09/15 14:51:25.266, 2431 MHz, 0x0000000000000000, 80, 70.61 W
2026/09/15 14:51:26.267, 2431 MHz, 0x0000000000000000, 81, 73.29 W
2026/09/15 14:51:27.268, 2424 MHz, 0x0000000000000000, 80, 71.87 W
2026/09/15 14:51:28.268, 2431 MHz, 0x0000000000000000, 82, 71.40 W
2026/09/15 14:51:29.268, 2431 MHz, 0x0000000000000000, 80, 71.65 W
2026/09/15 14:51:30.268, 2437 MHz, 0x0000000000000000, 81, 72.37 W
2026/09/15 14:51:31.269, 2424 MHz, 0x0000000000000000, 81, 73.73 W
2026/09/15 14:51:32.269, 2424 MHz, 0x0000000000000000, 82, 72.93 W
2026/09/15 14:51:33.269, 2424 MHz, 0x0000000000000000, 82, 72.38 W
2026/09/15 14:51:34.270, 2431 MHz, 0x0000000000000000, 81, 72.39 W
2026/09/15 14:51:35.270, 2431 MHz, 0x0000000000000000, 80, 72.73 W
2026/09/15 14:51:36.271, 2424 MHz, 0x0000000000000000, 81, 75.04 W
2026/09/15 14:51:37.271, 2431 MHz, 0x0000000000000000, 81, 73.40 W
2026/09/15 14:51:38.272, 2424 MHz, 0x0000000000000000, 82, 73.21 W
2026/09/15 14:51:39.272, 2431 MHz, 0x0000000000000000, 81, 73.13 W
2026/09/15 14:51:40.272, 2424 MHz, 0x0000000000000000, 82, 76.26 W
2026/09/15 14:51:41.273, 2418 MHz, 0x0000000000000000, 81, 73.50 W
2026/09/15 14:51:42.273, 2444 MHz, 0x0000000000000000, 74, 51.02 W
2026/09/15 14:51:43.273, 2405 MHz, 0x0000000000000000, 73, 19.48 W
2026/09/15 14:51:44.274, 2437 MHz, 0x0000000000000000, 80, 63.11 W
2026/09/15 14:51:45.274, 2431 MHz, 0x0000000000000000, 80, 72.91 W
2026/09/15 14:51:46.275, 2437 MHz, 0x0000000000000000, 80, 73.33 W
2026/09/15 14:51:47.275, 2424 MHz, 0x0000000000000000, 82, 75.67 W
2026/09/15 14:51:48.275, 2424 MHz, 0x0000000000000000, 81, 73.31 W
2026/09/15 14:51:49.276, 2437 MHz, 0x0000000000000000, 81, 73.56 W
2026/09/15 14:51:50.276, 2424 MHz, 0x0000000000000000, 81, 75.16 W
2026/09/15 14:51:51.276, 2424 MHz, 0x0000000000000000, 80, 74.10 W
2026/09/15 14:51:52.277, 2437 MHz, 0x0000000000000000, 80, 74.17 W
2026/09/15 14:51:53.277, 2424 MHz, 0x0000000000000000, 78, 74.35 W
2026/09/15 14:51:54.277, 2418 MHz, 0x0000000000000000, 81, 75.71 W
2026/09/15 14:51:55.278, 2418 MHz, 0x0000000000000000, 81, 74.16 W
2026/09/15 14:51:56.278, 2431 MHz, 0x0000000000000000, 80, 73.56 W
2026/09/15 14:51:57.279, 2418 MHz, 0x0000000000000000, 81, 75.92 W
2026/09/15 14:51:58.279, 2418 MHz, 0x0000000000000000, 82, 74.44 W
2026/09/15 14:51:59.280, 2424 MHz, 0x0000000000000000, 81, 74.28 W
2026/09/15 14:52:00.280, 2418 MHz, 0x0000000000000000, 81, 76.29 W
2026/09/15 14:52:01.280, 2411 MHz, 0x0000000000000000, 81, 74.65 W
2026/09/15 14:52:02.281, 2431 MHz, 0x0000000000000000, 83, 74.67 W
2026/09/15 14:52:03.281, 2418 MHz, 0x0000000000000000, 82, 76.51 W
2026/09/15 14:52:04.281, 2418 MHz, 0x0000000000000000, 82, 74.58 W
2026/09/15 14:52:05.282, 2424 MHz, 0x0000000000000000, 83, 74.99 W
2026/09/15 14:52:06.282, 2418 MHz, 0x0000000000000000, 82, 76.73 W
2026/09/15 14:52:07.282, 2411 MHz, 0x0000000000000000, 81, 74.28 W
2026/09/15 14:52:08.283, 2418 MHz, 0x0000000000000000, 80, 75.64 W
2026/09/15 14:52:09.283, 2418 MHz, 0x0000000000000000, 82, 76.12 W
2026/09/15 14:52:10.283, 2418 MHz, 0x0000000000000000, 82, 75.69 W
2026/09/15 14:52:11.284, 2418 MHz, 0x0000000000000000, 83, 74.76 W
2026/09/15 14:52:12.284, 2411 MHz, 0x0000000000000000, 83, 77.38 W
2026/09/15 14:52:13.284, 2418 MHz, 0x0000000000000000, 83, 74.83 W
2026/09/15 14:52:14.285, 2418 MHz, 0x0000000000000000, 79, 75.69 W
2026/09/15 14:52:15.285, 2405 MHz, 0x0000000000000000, 84, 76.92 W
2026/09/15 14:52:16.285, 2418 MHz, 0x0000000000000000, 83, 75.04 W
2026/09/15 14:52:17.286, 2424 MHz, 0x0000000000000000, 82, 77.82 W
2026/09/15 14:52:18.286, 2405 MHz, 0x0000000000000000, 81, 75.38 W
2026/09/15 14:52:19.286, 2431 MHz, 0x0000000000000000, 84, 75.44 W
2026/09/15 14:52:20.287, 2424 MHz, 0x0000000000000000, 83, 76.86 W
2026/09/15 14:52:21.287, 2405 MHz, 0x0000000000000000, 82, 76.27 W
2026/09/15 14:52:22.288, 2418 MHz, 0x0000000000000000, 81, 75.54 W
2026/09/15 14:52:23.288, 2405 MHz, 0x0000000000000000, 81, 77.88 W
2026/09/15 14:52:24.288, 2411 MHz, 0x0000000000000000, 82, 75.64 W
2026/09/15 14:52:25.288, 2418 MHz, 0x0000000000000000, 84, 76.73 W
2026/09/15 14:52:26.289, 2405 MHz, 0x0000000000000000, 84, 75.57 W
2026/09/15 14:52:27.289, 2431 MHz, 0x0000000000000000, 84, 76.07 W
2026/09/15 14:52:28.290, 2418 MHz, 0x0000000000000000, 84, 77.56 W
2026/09/15 14:52:29.290, 2405 MHz, 0x0000000000000000, 84, 75.83 W
2026/09/15 14:52:30.291, 2411 MHz, 0x0000000000000000, 83, 76.37 W
2026/09/15 14:52:31.291, 2405 MHz, 0x0000000000000000, 84, 77.07 W
2026/09/15 14:52:32.291, 2424 MHz, 0x0000000000000000, 82, 76.43 W
2026/09/15 14:52:33.292, 2418 MHz, 0x0000000000000000, 83, 77.88 W
2026/09/15 14:52:34.292, 2405 MHz, 0x0000000000000000, 82, 76.44 W
2026/09/15 14:52:35.292, 2411 MHz, 0x0000000000000000, 82, 76.26 W
2026/09/15 14:52:36.293, 2405 MHz, 0x0000000000000000, 82, 78.42 W
2026/09/15 14:52:37.293, 2411 MHz, 0x0000000000000000, 84, 76.51 W
2026/09/15 14:52:38.294, 2418 MHz, 0x0000000000000000, 84, 77.98 W
2026/09/15 14:52:39.294, 2398 MHz, 0x0000000000000000, 85, 76.79 W
2026/09/15 14:52:40.295, 2411 MHz, 0x0000000000000000, 82, 77.20 W
2026/09/15 14:52:41.295, 2398 MHz, 0x0000000000000000, 83, 78.76 W
2026/09/15 14:52:42.295, 2411 MHz, 0x0000000000000000, 84, 75.98 W
2026/09/15 14:52:43.295, 2418 MHz, 0x0000000000000000, 84, 78.52 W
2026/09/15 14:52:44.295, 2405 MHz, 0x0000000000000000, 83, 76.85 W
2026/09/15 14:52:45.296, 2405 MHz, 0x0000000000000000, 84, 76.16 W
2026/09/15 14:52:46.296, 2405 MHz, 0x0000000000000000, 85, 78.52 W
2026/09/15 14:52:47.297, 2418 MHz, 0x0000000000000000, 82, 77.49 W
2026/09/15 14:52:48.297, 2411 MHz, 0x0000000000000000, 83, 78.42 W
2026/09/15 14:52:49.298, 2398 MHz, 0x0000000000000000, 84, 76.26 W
2026/09/15 14:52:50.298, 2411 MHz, 0x0000000000000000, 80, 78.28 W
2026/09/15 14:52:51.299, 2398 MHz, 0x0000000000000000, 84, 77.33 W
2026/09/15 14:52:52.299, 2424 MHz, 0x0000000000000000, 83, 78.22 W
2026/09/15 14:52:53.300, 2418 MHz, 0x0000000000000000, 85, 78.07 W
2026/09/15 14:52:54.300, 2405 MHz, 0x0000000000000000, 82, 77.52 W
2026/09/15 14:52:55.301, 2411 MHz, 0x0000000000000000, 84, 77.94 W
2026/09/15 14:52:56.301, 2398 MHz, 0x0000000000000000, 83, 77.35 W
2026/09/15 14:52:57.301, 2405 MHz, 0x0000000000000000, 82, 77.20 W
2026/09/15 14:52:58.302, 2457 MHz, 0x0000000000000000, 80, 44.36 W
2026/09/15 14:52:59.302, 2463 MHz, 0x0000000000000000, 79, 47.99 W
2026/09/15 14:53:00.302, 2463 MHz, 0x0000000000000000, 78, 48.29 W
2026/09/15 14:53:01.303, 2463 MHz, 0x0000000000000000, 78, 48.37 W
2026/09/15 14:53:02.303, 2463 MHz, 0x0000000000000000, 78, 47.88 W
2026/09/15 14:53:03.303, 2463 MHz, 0x0000000000000000, 78, 48.11 W
2026/09/15 14:53:04.303, 2463 MHz, 0x0000000000000000, 78, 47.99 W
2026/09/15 14:53:05.304, 2463 MHz, 0x0000000000000000, 78, 47.90 W
2026/09/15 14:53:06.304, 2463 MHz, 0x0000000000000000, 78, 47.80 W
2026/09/15 14:53:07.304, 2463 MHz, 0x0000000000000000, 78, 47.74 W
2026/09/15 14:53:08.305, 2463 MHz, 0x0000000000000000, 77, 47.39 W
2026/09/15 14:53:09.305, 2463 MHz, 0x0000000000000000, 77, 47.77 W
2026/09/15 14:53:10.305, 2463 MHz, 0x0000000000000000, 77, 47.59 W
2026/09/15 14:53:11.306, 2463 MHz, 0x0000000000000000, 77, 47.97 W
2026/09/15 14:53:12.306, 2463 MHz, 0x0000000000000000, 77, 47.84 W
2026/09/15 14:53:13.306, 2463 MHz, 0x0000000000000000, 77, 47.89 W
2026/09/15 14:53:14.307, 2463 MHz, 0x0000000000000000, 77, 47.20 W
2026/09/15 14:53:15.307, 2463 MHz, 0x0000000000000000, 76, 45.63 W
2026/09/15 14:53:16.308, 2463 MHz, 0x0000000000000000, 77, 44.55 W
2026/09/15 14:53:17.308, 2463 MHz, 0x0000000000000000, 76, 43.74 W
2026/09/15 14:53:18.309, 2463 MHz, 0x0000000000000000, 77, 47.27 W
2026/09/15 14:53:19.309, 2463 MHz, 0x0000000000000000, 76, 47.49 W
2026/09/15 14:53:20.309, 2463 MHz, 0x0000000000000000, 76, 47.38 W
2026/09/15 14:53:21.309, 2463 MHz, 0x0000000000000000, 76, 47.60 W
2026/09/15 14:53:22.310, 2463 MHz, 0x0000000000000000, 76, 47.53 W
2026/09/15 14:53:23.310, 2463 MHz, 0x0000000000000000, 76, 47.47 W
2026/09/15 14:53:24.311, 2463 MHz, 0x0000000000000000, 76, 47.52 W
2026/09/15 14:53:25.311, 2463 MHz, 0x0000000000000000, 76, 47.55 W
2026/09/15 14:53:26.311, 2463 MHz, 0x0000000000000000, 76, 47.49 W
2026/09/15 14:53:27.311, 2463 MHz, 0x0000000000000000, 76, 47.66 W
2026/09/15 14:53:28.312, 2463 MHz, 0x0000000000000000, 76, 47.40 W
2026/09/15 14:53:29.312, 2463 MHz, 0x0000000000000000, 76, 47.54 W
2026/09/15 14:53:30.313, 2463 MHz, 0x0000000000000000, 76, 47.44 W
2026/09/15 14:53:31.313, 2463 MHz, 0x0000000000000000, 76, 47.68 W
2026/09/15 14:53:32.313, 2463 MHz, 0x0000000000000000, 76, 47.38 W
2026/09/15 14:53:33.314, 2463 MHz, 0x0000000000000000, 76, 46.45 W
2026/09/15 14:53:34.314, 2463 MHz, 0x0000000000000000, 75, 42.71 W
2026/09/15 14:53:35.315, 2463 MHz, 0x0000000000000000, 76, 43.53 W
2026/09/15 14:53:36.315, 2463 MHz, 0x0000000000000000, 76, 46.88 W
2026/09/15 14:53:37.315, 2463 MHz, 0x0000000000000000, 76, 46.97 W
2026/09/15 14:53:38.315, 2463 MHz, 0x0000000000000000, 76, 47.12 W
2026/09/15 14:53:39.316, 2463 MHz, 0x0000000000000000, 76, 46.78 W
2026/09/15 14:53:40.316, 2463 MHz, 0x0000000000000000, 76, 47.17 W
2026/09/15 14:53:41.317, 2463 MHz, 0x0000000000000000, 75, 47.27 W
2026/09/15 14:53:42.317, 2463 MHz, 0x0000000000000000, 75, 47.29 W
2026/09/15 14:53:43.317, 2463 MHz, 0x0000000000000000, 75, 47.22 W
2026/09/15 14:53:44.318, 2463 MHz, 0x0000000000000000, 75, 46.99 W
2026/09/15 14:53:45.318, 2463 MHz, 0x0000000000000000, 75, 46.98 W
2026/09/15 14:53:46.319, 2463 MHz, 0x0000000000000000, 75, 47.06 W
2026/09/15 14:53:47.320, 2463 MHz, 0x0000000000000000, 75, 47.19 W
2026/09/15 14:53:48.320, 2463 MHz, 0x0000000000000000, 75, 47.03 W
2026/09/15 14:53:49.320, 2463 MHz, 0x0000000000000000, 75, 47.18 W
2026/09/15 14:53:50.321, 2463 MHz, 0x0000000000000000, 75, 46.81 W
2026/09/15 14:53:51.321, 2463 MHz, 0x0000000000000000, 75, 46.97 W
2026/09/15 14:53:52.321, 2463 MHz, 0x0000000000000000, 75, 46.44 W
2026/09/15 14:53:53.322, 2463 MHz, 0x0000000000000000, 75, 45.76 W
2026/09/15 14:53:54.322, 2463 MHz, 0x0000000000000000, 75, 40.14 W
2026/09/15 14:53:55.323, 2463 MHz, 0x0000000000000000, 74, 42.00 W
2026/09/15 14:53:56.323, 2463 MHz, 0x0000000000000000, 74, 41.87 W
2026/09/15 14:53:57.324, 2463 MHz, 0x0000000000000000, 74, 41.82 W
2026/09/15 14:53:58.324, 2463 MHz, 0x0000000000000000, 74, 41.77 W
2026/09/15 14:53:59.324, 2463 MHz, 0x0000000000000000, 74, 40.33 W
2026/09/15 14:54:00.325, 2463 MHz, 0x0000000000000000, 74, 41.61 W
2026/09/15 14:54:01.325, 2463 MHz, 0x0000000000000000, 74, 41.69 W
2026/09/15 14:54:02.325, 2463 MHz, 0x0000000000000000, 74, 41.59 W
2026/09/15 14:54:03.325, 2463 MHz, 0x0000000000000000, 74, 40.27 W
2026/09/15 14:54:04.326, 2463 MHz, 0x0000000000000000, 74, 41.67 W
2026/09/15 14:54:05.326, 2463 MHz, 0x0000000000000000, 74, 41.65 W
2026/09/15 14:54:06.326, 2463 MHz, 0x0000000000000000, 74, 41.74 W
2026/09/15 14:54:07.327, 2463 MHz, 0x0000000000000000, 74, 41.78 W
2026/09/15 14:54:08.327, 2463 MHz, 0x0000000000000000, 74, 42.94 W
2026/09/15 14:54:09.327, 2463 MHz, 0x0000000000000000, 74, 45.70 W
2026/09/15 14:54:10.328, 2463 MHz, 0x0000000000000000, 74, 45.57 W
2026/09/15 14:54:11.328, 2463 MHz, 0x0000000000000000, 74, 45.74 W
2026/09/15 14:54:12.329, 2463 MHz, 0x0000000000000000, 74, 45.60 W
2026/09/15 14:54:13.329, 2463 MHz, 0x0000000000000000, 74, 45.58 W
2026/09/15 14:54:14.329, 2463 MHz, 0x0000000000000000, 74, 45.60 W
2026/09/15 14:54:15.329, 2463 MHz, 0x0000000000000000, 73, 41.59 W
2026/09/15 14:54:16.330, 2463 MHz, 0x0000000000000000, 74, 43.94 W
2026/09/15 14:54:17.330, 2463 MHz, 0x0000000000000000, 74, 45.47 W
2026/09/15 14:54:18.330, 2463 MHz, 0x0000000000000000, 74, 45.31 W
2026/09/15 14:54:19.331, 2463 MHz, 0x0000000000000000, 74, 45.46 W
2026/09/15 14:54:20.331, 2463 MHz, 0x0000000000000000, 74, 45.63 W
2026/09/15 14:54:21.332, 2463 MHz, 0x0000000000000000, 74, 45.20 W
2026/09/15 14:54:22.332, 2463 MHz, 0x0000000000000000, 74, 43.71 W
2026/09/15 14:54:23.333, 2463 MHz, 0x0000000000000000, 74, 40.92 W
2026/09/15 14:54:24.333, 2463 MHz, 0x0000000000000000, 74, 45.50 W
2026/09/15 14:54:25.334, 2463 MHz, 0x0000000000000000, 74, 45.61 W
2026/09/15 14:54:26.334, 2463 MHz, 0x0000000000000000, 74, 45.52 W
2026/09/15 14:54:27.334, 2463 MHz, 0x0000000000000000, 74, 45.71 W
2026/09/15 14:54:28.335, 2463 MHz, 0x0000000000000000, 74, 45.80 W
2026/09/15 14:54:29.335, 2463 MHz, 0x0000000000000000, 74, 44.49 W
2026/09/15 14:54:30.336, 2463 MHz, 0x0000000000000000, 73, 40.68 W
2026/09/15 14:54:31.336, 2463 MHz, 0x0000000000000000, 73, 41.49 W
2026/09/15 14:54:32.336, 2463 MHz, 0x0000000000000000, 73, 41.58 W
2026/09/15 14:54:33.337, 2463 MHz, 0x0000000000000000, 73, 41.60 W
2026/09/15 14:54:34.337, 2463 MHz, 0x0000000000000000, 73, 41.39 W
2026/09/15 14:54:35.337, 2463 MHz, 0x0000000000000000, 73, 39.65 W
2026/09/15 14:54:36.338, 2463 MHz, 0x0000000000000000, 73, 41.28 W
2026/09/15 14:54:37.338, 2463 MHz, 0x0000000000000000, 73, 41.34 W
2026/09/15 14:54:38.338, 2463 MHz, 0x0000000000000000, 73, 41.19 W
2026/09/15 14:54:39.339, 2463 MHz, 0x0000000000000000, 72, 40.44 W
2026/09/15 14:54:40.339, 2463 MHz, 0x0000000000000000, 73, 40.39 W
2026/09/15 14:54:41.339, 2463 MHz, 0x0000000000000000, 73, 41.41 W
2026/09/15 14:54:42.340, 2463 MHz, 0x0000000000000000, 73, 41.35 W
2026/09/15 14:54:43.340, 2463 MHz, 0x0000000000000000, 73, 41.37 W
2026/09/15 14:54:44.340, 2463 MHz, 0x0000000000000000, 73, 41.23 W
2026/09/15 14:54:45.340, 2470 MHz, 0x0000000000000000, 73, 39.13 W
2026/09/15 14:54:46.341, 2463 MHz, 0x0000000000000000, 73, 43.76 W
2026/09/15 14:54:47.341, 2463 MHz, 0x0000000000000000, 73, 43.66 W
2026/09/15 14:54:48.342, 2463 MHz, 0x0000000000000000, 73, 43.87 W
2026/09/15 14:54:49.342, 2463 MHz, 0x0000000000000000, 73, 43.79 W
2026/09/15 14:54:50.342, 2463 MHz, 0x0000000000000000, 73, 43.77 W
2026/09/15 14:54:51.342, 2463 MHz, 0x0000000000000000, 73, 42.49 W
2026/09/15 14:54:52.343, 2463 MHz, 0x0000000000000000, 73, 43.95 W
2026/09/15 14:54:53.343, 2463 MHz, 0x0000000000000000, 73, 44.09 W
2026/09/15 14:54:54.344, 2463 MHz, 0x0000000000000000, 73, 44.24 W
2026/09/15 14:54:55.344, 2463 MHz, 0x0000000000000000, 73, 44.16 W
2026/09/15 14:54:56.345, 2463 MHz, 0x0000000000000000, 73, 41.59 W
2026/09/15 14:54:57.345, 2463 MHz, 0x0000000000000000, 73, 42.44 W
2026/09/15 14:54:58.345, 2463 MHz, 0x0000000000000000, 73, 43.82 W
2026/09/15 14:54:59.346, 2463 MHz, 0x0000000000000000, 73, 43.79 W
2026/09/15 14:55:00.346, 2463 MHz, 0x0000000000000000, 73, 43.97 W
2026/09/15 14:55:01.346, 2463 MHz, 0x0000000000000000, 73, 43.87 W
2026/09/15 14:55:02.346, 2463 MHz, 0x0000000000000000, 73, 43.78 W
2026/09/15 14:55:03.347, 2463 MHz, 0x0000000000000000, 73, 44.94 W
2026/09/15 14:55:04.347, 2463 MHz, 0x0000000000000000, 73, 46.40 W
2026/09/15 14:55:05.348, 2463 MHz, 0x0000000000000000, 73, 46.31 W
2026/09/15 14:55:06.348, 2463 MHz, 0x0000000000000000, 73, 46.51 W
2026/09/15 14:55:07.349, 2463 MHz, 0x0000000000000000, 74, 46.63 W
2026/09/15 14:55:08.349, 2463 MHz, 0x0000000000000000, 74, 46.71 W
2026/09/15 14:55:09.349, 2463 MHz, 0x0000000000000000, 73, 46.12 W
2026/09/15 14:55:10.349, 2463 MHz, 0x0000000000000000, 73, 45.06 W
2026/09/15 14:55:11.349, 2463 MHz, 0x0000000000000000, 74, 45.10 W
2026/09/15 14:55:12.349, 2463 MHz, 0x0000000000000000, 74, 46.34 W
2026/09/15 14:55:13.350, 2463 MHz, 0x0000000000000000, 74, 46.42 W
2026/09/15 14:55:14.350, 2463 MHz, 0x0000000000000000, 74, 46.76 W
2026/09/15 14:55:15.351, 2463 MHz, 0x0000000000000000, 74, 46.83 W
2026/09/15 14:55:16.351, 2463 MHz, 0x0000000000000000, 74, 46.75 W
2026/09/15 14:55:17.352, 2463 MHz, 0x0000000000000000, 74, 45.63 W
2026/09/15 14:55:18.352, 2463 MHz, 0x0000000000000000, 73, 44.07 W
2026/09/15 14:55:19.352, 2463 MHz, 0x0000000000000000, 74, 43.12 W
2026/09/15 14:55:20.353, 2463 MHz, 0x0000000000000000, 74, 46.62 W
2026/09/15 14:55:21.353, 2463 MHz, 0x0000000000000000, 74, 46.59 W
2026/09/15 14:55:22.354, 2463 MHz, 0x0000000000000000, 74, 46.72 W
2026/09/15 14:55:23.354, 2463 MHz, 0x0000000000000000, 74, 46.75 W
2026/09/15 14:55:24.355, 2463 MHz, 0x0000000000000000, 74, 46.65 W
2026/09/15 14:55:25.355, 2463 MHz, 0x0000000000000000, 74, 46.56 W
2026/09/15 14:55:26.355, 2463 MHz, 0x0000000000000000, 74, 45.58 W
2026/09/15 14:55:27.356, 2463 MHz, 0x0000000000000000, 73, 40.76 W
2026/09/15 14:55:28.356, 2463 MHz, 0x0000000000000000, 73, 41.63 W
2026/09/15 14:55:29.357, 2463 MHz, 0x0000000000000000, 73, 41.46 W
2026/09/15 14:55:30.357, 2463 MHz, 0x0000000000000000, 73, 41.35 W
2026/09/15 14:55:31.358, 2463 MHz, 0x0000000000000000, 73, 41.37 W
2026/09/15 14:55:32.358, 2463 MHz, 0x0000000000000000, 73, 39.74 W
2026/09/15 14:55:33.358, 2463 MHz, 0x0000000000000000, 73, 41.12 W
2026/09/15 14:55:34.359, 2463 MHz, 0x0000000000000000, 73, 41.35 W
2026/09/15 14:55:35.359, 2463 MHz, 0x0000000000000000, 73, 41.09 W
2026/09/15 14:55:36.359, 2463 MHz, 0x0000000000000000, 73, 40.97 W
2026/09/15 14:55:37.360, 2463 MHz, 0x0000000000000000, 73, 39.85 W
2026/09/15 14:55:38.360, 2463 MHz, 0x0000000000000000, 73, 41.33 W
2026/09/15 14:55:39.361, 2463 MHz, 0x0000000000000000, 73, 41.39 W
2026/09/15 14:55:40.361, 2463 MHz, 0x0000000000000000, 73, 41.36 W
2026/09/15 14:55:41.361, 2463 MHz, 0x0000000000000000, 70, 39.00 W
2026/09/15 14:55:42.361, 2444 MHz, 0x0000000000000000, 76, 60.65 W
2026/09/15 14:55:43.362, 2450 MHz, 0x0000000000000000, 77, 62.14 W
2026/09/15 14:55:44.363, 2450 MHz, 0x0000000000000000, 76, 62.68 W
2026/09/15 14:55:45.363, 2450 MHz, 0x0000000000000000, 77, 63.12 W
2026/09/15 14:55:46.364, 2444 MHz, 0x0000000000000000, 77, 63.43 W
2026/09/15 14:55:47.364, 2444 MHz, 0x0000000000000000, 77, 64.00 W
2026/09/15 14:55:48.365, 2444 MHz, 0x0000000000000000, 78, 64.41 W
2026/09/15 14:55:49.365, 2444 MHz, 0x0000000000000000, 78, 65.04 W
2026/09/15 14:55:50.366, 2444 MHz, 0x0000000000000000, 78, 64.86 W
2026/09/15 14:55:51.366, 2444 MHz, 0x0000000000000000, 79, 65.37 W
2026/09/15 14:55:52.367, 2450 MHz, 0x0000000000000000, 78, 59.41 W
2026/09/15 14:55:53.367, 2450 MHz, 0x0000000000000000, 76, 63.52 W
2026/09/15 14:55:54.367, 2444 MHz, 0x0000000000000000, 78, 63.16 W
2026/09/15 14:55:55.368, 2444 MHz, 0x0000000000000000, 79, 59.63 W
2026/09/15 14:55:56.368, 2444 MHz, 0x0000000000000000, 75, 60.67 W
2026/09/15 14:55:57.369, 2405 MHz, 0x0000000000000000, 71, 19.69 W
2026/09/15 14:55:58.369, 2463 MHz, 0x0000000000000000, 73, 34.76 W
2026/09/15 14:55:59.370, 2463 MHz, 0x0000000000000000, 73, 41.62 W
2026/09/15 14:56:00.370, 2463 MHz, 0x0000000000000000, 73, 41.61 W
2026/09/15 14:56:01.370, 2463 MHz, 0x0000000000000000, 73, 41.84 W
2026/09/15 14:56:02.371, 2463 MHz, 0x0000000000000000, 74, 42.67 W
2026/09/15 14:56:03.371, 2463 MHz, 0x0000000000000000, 74, 45.96 W
2026/09/15 14:56:04.372, 2463 MHz, 0x0000000000000000, 74, 46.26 W
2026/09/15 14:56:05.372, 2463 MHz, 0x0000000000000000, 74, 46.38 W
2026/09/15 14:56:06.372, 2463 MHz, 0x0000000000000000, 74, 46.18 W
2026/09/15 14:56:07.372, 2463 MHz, 0x0000000000000000, 74, 46.52 W
2026/09/15 14:56:08.373, 2463 MHz, 0x0000000000000000, 73, 42.97 W
2026/09/15 14:56:09.373, 2463 MHz, 0x0000000000000000, 74, 44.96 W
2026/09/15 14:56:10.374, 2463 MHz, 0x0000000000000000, 74, 45.99 W
2026/09/15 14:56:11.374, 2463 MHz, 0x0000000000000000, 74, 46.12 W
2026/09/15 14:56:12.375, 2463 MHz, 0x0000000000000000, 74, 46.07 W
2026/09/15 14:56:13.375, 2463 MHz, 0x0000000000000000, 74, 46.37 W
2026/09/15 14:56:14.375, 2463 MHz, 0x0000000000000000, 73, 44.24 W
2026/09/15 14:56:15.375, 2463 MHz, 0x0000000000000000, 74, 44.87 W
2026/09/15 14:56:16.376, 2463 MHz, 0x0000000000000000, 74, 45.78 W
2026/09/15 14:56:17.377, 2463 MHz, 0x0000000000000000, 74, 46.07 W
2026/09/15 14:56:18.377, 2463 MHz, 0x0000000000000000, 74, 46.22 W
2026/09/15 14:56:19.377, 2463 MHz, 0x0000000000000000, 74, 46.38 W
2026/09/15 14:56:20.378, 2463 MHz, 0x0000000000000000, 74, 45.84 W
2026/09/15 14:56:21.378, 2463 MHz, 0x0000000000000000, 73, 40.74 W
2026/09/15 14:56:22.378, 2463 MHz, 0x0000000000000000, 73, 41.87 W
2026/09/15 14:56:23.379, 2463 MHz, 0x0000000000000000, 73, 41.91 W
2026/09/15 14:56:24.379, 2463 MHz, 0x0000000000000000, 73, 41.86 W
2026/09/15 14:56:25.379, 2470 MHz, 0x0000000000000000, 73, 39.33 W
2026/09/15 14:56:26.380, 2463 MHz, 0x0000000000000000, 74, 44.99 W
2026/09/15 14:56:27.380, 2463 MHz, 0x0000000000000000, 74, 45.69 W
2026/09/15 14:56:28.381, 2463 MHz, 0x0000000000000000, 74, 45.86 W
2026/09/15 14:56:29.381, 2463 MHz, 0x0000000000000000, 74, 45.79 W
2026/09/15 14:56:30.381, 2463 MHz, 0x0000000000000000, 73, 45.31 W
2026/09/15 14:56:31.382, 2450 MHz, 0x0000000000000000, 74, 49.17 W
2026/09/15 14:56:32.382, 2463 MHz, 0x0000000000000000, 74, 45.52 W
2026/09/15 14:56:33.383, 2463 MHz, 0x0000000000000000, 74, 45.97 W
2026/09/15 14:56:34.383, 2463 MHz, 0x0000000000000000, 74, 45.95 W
2026/09/15 14:56:35.383, 2463 MHz, 0x0000000000000000, 74, 45.89 W
2026/09/15 14:56:36.383, 2463 MHz, 0x0000000000000000, 74, 46.09 W
2026/09/15 14:56:37.384, 2463 MHz, 0x0000000000000000, 74, 44.93 W
2026/09/15 14:56:38.384, 2463 MHz, 0x0000000000000000, 74, 44.59 W
2026/09/15 14:56:39.384, 2463 MHz, 0x0000000000000000, 74, 45.56 W
2026/09/15 14:56:40.385, 2463 MHz, 0x0000000000000000, 74, 45.78 W
2026/09/15 14:56:41.385, 2463 MHz, 0x0000000000000000, 74, 46.09 W
2026/09/15 14:56:42.385, 2463 MHz, 0x0000000000000000, 74, 45.94 W
2026/09/15 14:56:43.386, 2463 MHz, 0x0000000000000000, 74, 41.75 W
2026/09/15 14:56:44.386, 2463 MHz, 0x0000000000000000, 74, 45.19 W
2026/09/15 14:56:45.386, 2463 MHz, 0x0000000000000000, 74, 45.83 W
2026/09/15 14:56:46.387, 2463 MHz, 0x0000000000000000, 74, 45.95 W
2026/09/15 14:56:47.387, 2463 MHz, 0x0000000000000000, 74, 46.07 W
2026/09/15 14:56:48.387, 2463 MHz, 0x0000000000000000, 74, 45.30 W
2026/09/15 14:56:49.388, 2463 MHz, 0x0000000000000000, 74, 43.88 W
2026/09/15 14:56:50.388, 2463 MHz, 0x0000000000000000, 74, 45.10 W
2026/09/15 14:56:51.388, 2463 MHz, 0x0000000000000000, 74, 45.87 W
2026/09/15 14:56:52.389, 2463 MHz, 0x0000000000000000, 74, 46.00 W
2026/09/15 14:56:53.389, 2463 MHz, 0x0000000000000000, 74, 45.67 W
2026/09/15 14:56:54.389, 2463 MHz, 0x0000000000000000, 72, 43.09 W
2026/09/15 14:56:55.389, 2463 MHz, 0x0000000000000000, 73, 39.79 W
2026/09/15 14:56:56.390, 2463 MHz, 0x0000000000000000, 73, 41.12 W
2026/09/15 14:56:57.390, 2463 MHz, 0x0000000000000000, 73, 43.86 W
2026/09/15 14:56:58.390, 2463 MHz, 0x0000000000000000, 73, 42.51 W
2026/09/15 14:56:59.391, 2463 MHz, 0x0000000000000000, 73, 44.86 W
2026/09/15 14:57:00.391, 2463 MHz, 0x0000000000000000, 73, 44.42 W
2026/09/15 14:57:01.391, 2463 MHz, 0x0000000000000000, 73, 42.37 W
2026/09/15 14:57:02.391, 2463 MHz, 0x0000000000000000, 73, 45.11 W
2026/09/15 14:57:03.392, 2463 MHz, 0x0000000000000000, 73, 44.28 W
2026/09/15 14:57:04.392, 2463 MHz, 0x0000000000000000, 73, 42.19 W
2026/09/15 14:57:05.392, 2463 MHz, 0x0000000000000000, 73, 44.83 W
2026/09/15 14:57:06.392, 2463 MHz, 0x0000000000000000, 73, 44.09 W
2026/09/15 14:57:07.393, 2463 MHz, 0x0000000000000000, 73, 43.87 W
2026/09/15 14:57:08.393, 2463 MHz, 0x0000000000000000, 73, 43.79 W
2026/09/15 14:57:09.393, 2463 MHz, 0x0000000000000000, 73, 43.64 W
2026/09/15 14:57:10.394, 2463 MHz, 0x0000000000000000, 73, 43.84 W
2026/09/15 14:57:11.394, 2463 MHz, 0x0000000000000000, 73, 42.45 W
2026/09/15 14:57:12.394, 2418 MHz, 0x0000000000000000, 72, 24.22 W
2026/09/15 14:57:13.394, 2483 MHz, 0x0000000000000000, 74, 44.68 W
2026/09/15 14:57:14.395, 2450 MHz, 0x0000000000000000, 77, 60.92 W
2026/09/15 14:57:15.395, 2450 MHz, 0x0000000000000000, 76, 61.71 W
2026/09/15 14:57:16.395, 2444 MHz, 0x0000000000000000, 75, 51.59 W
2026/09/15 14:57:17.396, 2450 MHz, 0x0000000000000000, 76, 61.21 W
2026/09/15 14:57:18.396, 2450 MHz, 0x0000000000000000, 77, 61.96 W
2026/09/15 14:57:19.396, 2450 MHz, 0x0000000000000000, 70, 48.03 W
2026/09/15 14:57:20.397, 2450 MHz, 0x0000000000000000, 76, 47.76 W
2026/09/15 14:57:21.397, 2450 MHz, 0x0000000000000000, 77, 61.82 W
2026/09/15 14:57:22.398, 2450 MHz, 0x0000000000000000, 77, 62.31 W
2026/09/15 14:57:23.398, 2450 MHz, 0x0000000000000000, 77, 62.48 W
2026/09/15 14:57:24.398, 2450 MHz, 0x0000000000000000, 77, 63.08 W
2026/09/15 14:57:25.399, 2450 MHz, 0x0000000000000000, 77, 63.15 W
2026/09/15 14:57:26.399, 2450 MHz, 0x0000000000000000, 77, 63.77 W
2026/09/15 14:57:27.400, 2450 MHz, 0x0000000000000000, 77, 64.03 W
2026/09/15 14:57:28.400, 2450 MHz, 0x0000000000000000, 78, 64.20 W
2026/09/15 14:57:29.400, 2450 MHz, 0x0000000000000000, 78, 64.39 W
2026/09/15 14:57:30.401, 2450 MHz, 0x0000000000000000, 78, 64.97 W
2026/09/15 14:57:31.401, 2450 MHz, 0x0000000000000000, 78, 65.12 W
2026/09/15 14:57:32.402, 2450 MHz, 0x0000000000000000, 78, 65.58 W
2026/09/15 14:57:33.402, 2450 MHz, 0x0000000000000000, 78, 65.89 W
2026/09/15 14:57:34.402, 2450 MHz, 0x0000000000000000, 78, 66.26 W
2026/09/15 14:57:35.403, 2450 MHz, 0x0000000000000000, 79, 66.64 W
2026/09/15 14:57:36.403, 2450 MHz, 0x0000000000000000, 80, 66.99 W
2026/09/15 14:57:37.404, 2450 MHz, 0x0000000000000000, 78, 67.10 W
2026/09/15 14:57:38.404, 2450 MHz, 0x0000000000000000, 79, 66.70 W
2026/09/15 14:57:39.404, 2444 MHz, 0x0000000000000000, 78, 67.57 W
2026/09/15 14:57:40.405, 2450 MHz, 0x0000000000000000, 79, 68.85 W
2026/09/15 14:57:41.405, 2444 MHz, 0x0000000000000000, 79, 68.18 W
2026/09/15 14:57:42.405, 2444 MHz, 0x0000000000000000, 79, 68.21 W
2026/09/15 14:57:43.405, 2437 MHz, 0x0000000000000000, 79, 68.07 W
2026/09/15 14:57:44.406, 2450 MHz, 0x0000000000000000, 81, 68.05 W
2026/09/15 14:57:45.406, 2437 MHz, 0x0000000000000000, 79, 68.54 W
2026/09/15 14:57:46.406, 2437 MHz, 0x0000000000000000, 78, 69.11 W
2026/09/15 14:57:47.407, 2437 MHz, 0x0000000000000000, 81, 70.63 W
2026/09/15 14:57:48.408, 2437 MHz, 0x0000000000000000, 79, 69.34 W
2026/09/15 14:57:49.408, 2444 MHz, 0x0000000000000000, 80, 69.22 W
2026/09/15 14:57:50.408, 2444 MHz, 0x0000000000000000, 80, 69.20 W
2026/09/15 14:57:51.409, 2437 MHz, 0x0000000000000000, 80, 70.39 W
2026/09/15 14:57:52.409, 2437 MHz, 0x0000000000000000, 81, 70.99 W
2026/09/15 14:57:53.410, 2444 MHz, 0x0000000000000000, 80, 69.61 W
2026/09/15 14:57:54.410, 2437 MHz, 0x0000000000000000, 80, 70.84 W
2026/09/15 14:57:55.411, 2431 MHz, 0x0000000000000000, 80, 70.26 W
2026/09/15 14:57:56.411, 2437 MHz, 0x0000000000000000, 81, 71.70 W
2026/09/15 14:57:57.411, 2437 MHz, 0x0000000000000000, 81, 70.67 W
2026/09/15 14:57:58.412, 2437 MHz, 0x0000000000000000, 82, 70.83 W
2026/09/15 14:57:59.412, 2437 MHz, 0x0000000000000000, 82, 71.00 W
2026/09/15 14:58:00.413, 2431 MHz, 0x0000000000000000, 82, 71.16 W
2026/09/15 14:58:01.413, 2431 MHz, 0x0000000000000000, 82, 72.64 W
2026/09/15 14:58:02.413, 2437 MHz, 0x0000000000000000, 81, 71.86 W
2026/09/15 14:58:03.414, 2437 MHz, 0x0000000000000000, 81, 71.60 W
2026/09/15 14:58:04.414, 2431 MHz, 0x0000000000000000, 80, 71.75 W
2026/09/15 14:58:05.414, 2424 MHz, 0x0000000000000000, 81, 73.82 W
2026/09/15 14:58:06.415, 2431 MHz, 0x0000000000000000, 83, 72.50 W
2026/09/15 14:58:07.415, 2437 MHz, 0x0000000000000000, 81, 72.11 W
2026/09/15 14:58:08.416, 2431 MHz, 0x0000000000000000, 82, 72.28 W
2026/09/15 14:58:09.416, 2431 MHz, 0x0000000000000000, 81, 74.46 W
2026/09/15 14:58:10.417, 2424 MHz, 0x0000000000000000, 82, 72.17 W
2026/09/15 14:58:11.417, 2437 MHz, 0x0000000000000000, 81, 73.06 W
2026/09/15 14:58:12.418, 2424 MHz, 0x0000000000000000, 81, 73.13 W
2026/09/15 14:58:13.418, 2431 MHz, 0x0000000000000000, 83, 61.82 W
2026/09/15 14:58:14.418, 2424 MHz, 0x0000000000000000, 82, 73.22 W
2026/09/15 14:58:15.419, 2444 MHz, 0x0000000000000000, 79, 70.10 W
2026/09/15 14:58:16.419, 2463 MHz, 0x0000000000000000, 77, 43.91 W
2026/09/15 14:58:17.419, 2463 MHz, 0x0000000000000000, 77, 43.91 W
2026/09/15 14:58:18.420, 2463 MHz, 0x0000000000000000, 77, 43.56 W
2026/09/15 14:58:19.420, 2463 MHz, 0x0000000000000000, 76, 43.76 W
2026/09/15 14:58:20.421, 2463 MHz, 0x0000000000000000, 76, 43.41 W
2026/09/15 14:58:21.421, 2463 MHz, 0x0000000000000000, 76, 43.27 W
2026/09/15 14:58:22.422, 2405 MHz, 0x0000000000000000, 73, 35.39 W
2026/09/15 14:58:23.423, 2405 MHz, 0x0000000000000000, 72, 19.21 W
2026/09/15 14:58:24.423, 2463 MHz, 0x0000000000000000, 74, 27.99 W
2026/09/15 14:58:25.424, 2463 MHz, 0x0000000000000000, 74, 41.96 W
2026/09/15 14:58:26.424, 2463 MHz, 0x0000000000000000, 74, 42.03 W
2026/09/15 14:58:27.424, 2463 MHz, 0x0000000000000000, 74, 42.08 W
2026/09/15 14:58:28.425, 2463 MHz, 0x0000000000000000, 74, 41.93 W
2026/09/15 14:58:29.425, 2463 MHz, 0x0000000000000000, 74, 41.77 W
2026/09/15 14:58:30.425, 2463 MHz, 0x0000000000000000, 74, 41.94 W
2026/09/15 14:58:31.426, 2463 MHz, 0x0000000000000000, 74, 42.00 W
2026/09/15 14:58:32.426, 2463 MHz, 0x0000000000000000, 74, 41.67 W
2026/09/15 14:58:33.427, 2463 MHz, 0x0000000000000000, 74, 41.53 W
2026/09/15 14:58:34.427, 2463 MHz, 0x0000000000000000, 74, 41.44 W
2026/09/15 14:58:35.428, 2463 MHz, 0x0000000000000000, 74, 41.43 W
2026/09/15 14:58:36.428, 2463 MHz, 0x0000000000000000, 74, 41.42 W
2026/09/15 14:58:37.429, 2463 MHz, 0x0000000000000000, 74, 41.36 W
2026/09/15 14:58:38.429, 2463 MHz, 0x0000000000000000, 74, 41.47 W
2026/09/15 14:58:39.430, 2463 MHz, 0x0000000000000000, 74, 41.50 W
2026/09/15 14:58:40.430, 2463 MHz, 0x0000000000000000, 74, 41.34 W
2026/09/15 14:58:41.430, 2463 MHz, 0x0000000000000000, 73, 41.40 W
2026/09/15 14:58:42.430, 2463 MHz, 0x0000000000000000, 73, 41.25 W
2026/09/15 14:58:43.431, 2463 MHz, 0x0000000000000000, 73, 41.41 W
2026/09/15 14:58:44.431, 2463 MHz, 0x0000000000000000, 73, 41.46 W
2026/09/15 14:58:45.431, 2463 MHz, 0x0000000000000000, 73, 41.31 W
2026/09/15 14:58:46.432, 2463 MHz, 0x0000000000000000, 73, 41.35 W
2026/09/15 14:58:47.432, 2463 MHz, 0x0000000000000000, 73, 41.41 W
2026/09/15 14:58:48.432, 2463 MHz, 0x0000000000000000, 73, 41.33 W
2026/09/15 14:58:49.432, 2463 MHz, 0x0000000000000000, 73, 41.32 W
2026/09/15 14:58:50.433, 2463 MHz, 0x0000000000000000, 73, 41.09 W
2026/09/15 14:58:51.433, 2463 MHz, 0x0000000000000000, 73, 41.19 W
2026/09/15 14:58:52.434, 2463 MHz, 0x0000000000000000, 73, 41.28 W
2026/09/15 14:58:53.434, 2463 MHz, 0x0000000000000000, 73, 41.28 W
2026/09/15 14:58:54.434, 2463 MHz, 0x0000000000000000, 73, 41.26 W
2026/09/15 14:58:55.435, 2463 MHz, 0x0000000000000000, 73, 41.12 W
2026/09/15 14:58:56.435, 2463 MHz, 0x0000000000000000, 73, 41.21 W
2026/09/15 14:58:57.435, 2463 MHz, 0x0000000000000000, 73, 41.26 W
2026/09/15 14:58:58.436, 2463 MHz, 0x0000000000000000, 73, 41.07 W
2026/09/15 14:58:59.436, 2463 MHz, 0x0000000000000000, 73, 41.20 W
2026/09/15 14:59:00.437, 2405 MHz, 0x0000000000000000, 69, 23.74 W
2026/09/15 14:59:01.437, 2405 MHz, 0x0000000000000000, 68, 17.49 W
2026/09/15 14:59:02.438, 2405 MHz, 0x0000000000000000, 68, 17.28 W
2026/09/15 14:59:03.438, 2450 MHz, 0x0000000000000000, 74, 47.84 W
2026/09/15 14:59:04.438, 2450 MHz, 0x0000000000000000, 75, 61.05 W
2026/09/15 14:59:05.439, 2450 MHz, 0x0000000000000000, 75, 61.46 W
2026/09/15 14:59:06.439, 2444 MHz, 0x0000000000000000, 76, 61.99 W
2026/09/15 14:59:07.440, 2450 MHz, 0x0000000000000000, 76, 61.95 W
2026/09/15 14:59:08.440, 2418 MHz, 0x0000000000000000, 70, 51.49 W
2026/09/15 14:59:09.441, 2418 MHz, 0x0000000000000000, 69, 20.97 W
2026/09/15 14:59:10.442, 2450 MHz, 0x0000000000000000, 74, 62.12 W
2026/09/15 14:59:11.442, 2463 MHz, 0x0000000000000000, 72, 53.65 W
2026/09/15 14:59:12.442, 2463 MHz, 0x0000000000000000, 72, 41.49 W
2026/09/15 14:59:13.443, 2463 MHz, 0x0000000000000000, 72, 41.27 W
2026/09/15 14:59:14.443, 2463 MHz, 0x0000000000000000, 72, 41.34 W
2026/09/15 14:59:15.444, 2463 MHz, 0x0000000000000000, 72, 41.14 W
2026/09/15 14:59:16.444, 2463 MHz, 0x0000000000000000, 72, 40.71 W
2026/09/15 14:59:17.444, 2463 MHz, 0x0000000000000000, 72, 40.98 W
2026/09/15 14:59:18.445, 2463 MHz, 0x0000000000000000, 72, 40.89 W
2026/09/15 14:59:19.445, 2463 MHz, 0x0000000000000000, 72, 41.15 W
2026/09/15 14:59:20.445, 2463 MHz, 0x0000000000000000, 72, 41.32 W
2026/09/15 14:59:21.446, 2463 MHz, 0x0000000000000000, 72, 41.06 W
2026/09/15 14:59:22.446, 2483 MHz, 0x0000000000000000, 72, 41.19 W
2026/09/15 14:59:23.446, 2483 MHz, 0x0000000000000000, 72, 41.17 W
2026/09/15 14:59:24.446, 2483 MHz, 0x0000000000000000, 72, 41.29 W
2026/09/15 14:59:25.447, 2483 MHz, 0x0000000000000000, 72, 41.46 W
2026/09/15 14:59:26.447, 2483 MHz, 0x0000000000000000, 72, 41.42 W
2026/09/15 14:59:27.448, 2483 MHz, 0x0000000000000000, 72, 41.40 W
2026/09/15 14:59:28.448, 2483 MHz, 0x0000000000000000, 72, 41.44 W
2026/09/15 14:59:29.448, 2483 MHz, 0x0000000000000000, 72, 41.30 W
2026/09/15 14:59:30.449, 2483 MHz, 0x0000000000000000, 72, 41.25 W
2026/09/15 14:59:31.449, 2483 MHz, 0x0000000000000000, 72, 41.12 W
2026/09/15 14:59:32.450, 2483 MHz, 0x0000000000000000, 72, 41.24 W
2026/09/15 14:59:33.450, 2483 MHz, 0x0000000000000000, 72, 40.97 W
2026/09/15 14:59:34.450, 2483 MHz, 0x0000000000000000, 72, 41.12 W
2026/09/15 14:59:35.451, 2483 MHz, 0x0000000000000000, 72, 41.13 W
2026/09/15 14:59:36.451, 2483 MHz, 0x0000000000000000, 72, 41.22 W
2026/09/15 14:59:37.452, 2483 MHz, 0x0000000000000000, 72, 41.11 W
2026/09/15 14:59:38.452, 2483 MHz, 0x0000000000000000, 72, 40.98 W
2026/09/15 14:59:39.452, 2483 MHz, 0x0000000000000000, 72, 41.00 W
2026/09/15 14:59:40.453, 2483 MHz, 0x0000000000000000, 72, 40.94 W
2026/09/15 14:59:41.453, 2483 MHz, 0x0000000000000000, 72, 40.90 W
2026/09/15 14:59:42.453, 2483 MHz, 0x0000000000000000, 72, 40.82 W
2026/09/15 14:59:43.454, 2483 MHz, 0x0000000000000000, 72, 41.04 W
2026/09/15 14:59:44.454, 2483 MHz, 0x0000000000000000, 72, 40.85 W
2026/09/15 14:59:45.455, 2405 MHz, 0x0000000000000000, 69, 30.67 W
2026/09/15 14:59:46.456, 2405 MHz, 0x0000000000000000, 68, 17.36 W
2026/09/15 14:59:47.457, 2405 MHz, 0x0000000000000000, 67, 17.19 W
2026/09/15 14:59:48.457, 2450 MHz, 0x0000000000000000, 73, 34.88 W
2026/09/15 14:59:49.458, 2450 MHz, 0x0000000000000000, 74, 60.50 W
2026/09/15 14:59:50.458, 2450 MHz, 0x0000000000000000, 74, 61.51 W
2026/09/15 14:59:51.459, 2450 MHz, 0x0000000000000000, 75, 61.81 W
2026/09/15 14:59:52.459, 2450 MHz, 0x0000000000000000, 75, 62.26 W
2026/09/15 14:59:53.459, 2450 MHz, 0x0000000000000000, 75, 62.28 W
2026/09/15 14:59:54.460, 2450 MHz, 0x0000000000000000, 75, 62.92 W
2026/09/15 14:59:55.460, 2450 MHz, 0x0000000000000000, 75, 63.17 W
2026/09/15 14:59:56.461, 2450 MHz, 0x0000000000000000, 76, 63.73 W
2026/09/15 14:59:57.461, 2450 MHz, 0x0000000000000000, 78, 63.97 W
2026/09/15 14:59:58.462, 2450 MHz, 0x0000000000000000, 77, 64.17 W
2026/09/15 14:59:59.462, 2431 MHz, 0x0000000000000000, 72, 54.96 W
2026/09/15 15:00:00.463, 2405 MHz, 0x0000000000000000, 69, 17.72 W
2026/09/15 15:00:01.463, 2450 MHz, 0x0000000000000000, 75, 48.59 W
2026/09/15 15:00:02.464, 2463 MHz, 0x0000000000000000, 73, 56.71 W
2026/09/15 15:00:03.464, 2463 MHz, 0x0000000000000000, 72, 41.54 W
2026/09/15 15:00:04.465, 2463 MHz, 0x0000000000000000, 72, 41.39 W
2026/09/15 15:00:05.465, 2463 MHz, 0x0000000000000000, 72, 41.28 W
2026/09/15 15:00:06.465, 2463 MHz, 0x0000000000000000, 72, 41.19 W
2026/09/15 15:00:07.465, 2463 MHz, 0x0000000000000000, 72, 41.14 W
2026/09/15 15:00:08.466, 2463 MHz, 0x0000000000000000, 72, 41.00 W
2026/09/15 15:00:09.466, 2463 MHz, 0x0000000000000000, 72, 40.99 W
2026/09/15 15:00:10.466, 2463 MHz, 0x0000000000000000, 72, 41.38 W
2026/09/15 15:00:11.467, 2463 MHz, 0x0000000000000000, 72, 41.51 W
2026/09/15 15:00:12.467, 2463 MHz, 0x0000000000000000, 72, 41.53 W
2026/09/15 15:00:13.467, 2463 MHz, 0x0000000000000000, 72, 41.50 W
2026/09/15 15:00:14.468, 2463 MHz, 0x0000000000000000, 72, 41.28 W
2026/09/15 15:00:15.468, 2463 MHz, 0x0000000000000000, 72, 41.48 W
2026/09/15 15:00:16.469, 2463 MHz, 0x0000000000000000, 72, 41.23 W
2026/09/15 15:00:17.469, 2463 MHz, 0x0000000000000000, 72, 41.51 W
2026/09/15 15:00:18.469, 2463 MHz, 0x0000000000000000, 72, 41.44 W
2026/09/15 15:00:19.469, 2463 MHz, 0x0000000000000000, 72, 41.45 W
2026/09/15 15:00:20.470, 2463 MHz, 0x0000000000000000, 72, 41.17 W
2026/09/15 15:00:21.470, 2483 MHz, 0x0000000000000000, 72, 40.96 W
2026/09/15 15:00:22.470, 2483 MHz, 0x0000000000000000, 72, 41.16 W
2026/09/15 15:00:23.470, 2483 MHz, 0x0000000000000000, 72, 41.09 W
2026/09/15 15:00:24.470, 2483 MHz, 0x0000000000000000, 72, 40.94 W
2026/09/15 15:00:25.470, 2483 MHz, 0x0000000000000000, 72, 41.13 W
2026/09/15 15:00:26.470, 2483 MHz, 0x0000000000000000, 72, 41.11 W
2026/09/15 15:00:27.471, 2483 MHz, 0x0000000000000000, 72, 40.98 W
2026/09/15 15:00:28.471, 2483 MHz, 0x0000000000000000, 72, 41.14 W
2026/09/15 15:00:29.472, 2483 MHz, 0x0000000000000000, 72, 41.05 W
2026/09/15 15:00:30.472, 2483 MHz, 0x0000000000000000, 72, 41.02 W
2026/09/15 15:00:31.472, 2483 MHz, 0x0000000000000000, 72, 41.06 W
2026/09/15 15:00:32.473, 2483 MHz, 0x0000000000000000, 72, 40.98 W
2026/09/15 15:00:33.473, 2483 MHz, 0x0000000000000000, 72, 41.13 W
2026/09/15 15:00:34.474, 2483 MHz, 0x0000000000000000, 72, 41.49 W
2026/09/15 15:00:35.474, 2483 MHz, 0x0000000000000000, 70, 39.98 W
2026/09/15 15:00:36.475, 2405 MHz, 0x0000000000000000, 68, 17.39 W
2026/09/15 15:00:37.476, 2405 MHz, 0x0000000000000000, 67, 17.14 W
2026/09/15 15:00:38.476, 2405 MHz, 0x0000000000000000, 67, 17.03 W
2026/09/15 15:00:39.477, 2450 MHz, 0x0000000000000000, 73, 56.84 W
2026/09/15 15:00:40.477, 2450 MHz, 0x0000000000000000, 74, 60.56 W
2026/09/15 15:00:41.478, 2450 MHz, 0x0000000000000000, 75, 61.48 W
2026/09/15 15:00:42.478, 2450 MHz, 0x0000000000000000, 75, 61.56 W
2026/09/15 15:00:43.479, 2450 MHz, 0x0000000000000000, 75, 62.29 W
2026/09/15 15:00:44.479, 2450 MHz, 0x0000000000000000, 75, 62.75 W
2026/09/15 15:00:45.479, 2450 MHz, 0x0000000000000000, 75, 63.18 W
2026/09/15 15:00:46.479, 2450 MHz, 0x0000000000000000, 76, 63.33 W
2026/09/15 15:00:47.480, 2450 MHz, 0x0000000000000000, 75, 63.68 W
2026/09/15 15:00:48.480, 2450 MHz, 0x0000000000000000, 75, 63.86 W
2026/09/15 15:00:49.481, 2450 MHz, 0x0000000000000000, 77, 64.43 W
2026/09/15 15:00:50.481, 2450 MHz, 0x0000000000000000, 76, 64.45 W
2026/09/15 15:00:51.481, 2450 MHz, 0x0000000000000000, 74, 65.95 W
2026/09/15 15:00:52.482, 2450 MHz, 0x0000000000000000, 77, 65.56 W
2026/09/15 15:00:53.482, 2450 MHz, 0x0000000000000000, 77, 65.62 W
2026/09/15 15:00:54.483, 2450 MHz, 0x0000000000000000, 78, 65.81 W
2026/09/15 15:00:55.483, 2450 MHz, 0x0000000000000000, 77, 65.71 W
2026/09/15 15:00:56.483, 2450 MHz, 0x0000000000000000, 78, 66.40 W
2026/09/15 15:00:57.483, 2450 MHz, 0x0000000000000000, 78, 66.44 W
2026/09/15 15:00:58.484, 2450 MHz, 0x0000000000000000, 78, 67.00 W
2026/09/15 15:00:59.484, 2450 MHz, 0x0000000000000000, 77, 66.72 W
2026/09/15 15:01:00.485, 2450 MHz, 0x0000000000000000, 79, 67.87 W
2026/09/15 15:01:01.485, 2450 MHz, 0x0000000000000000, 78, 68.70 W
2026/09/15 15:01:02.486, 2431 MHz, 0x0000000000000000, 72, 58.12 W
2026/09/15 15:01:03.487, 2405 MHz, 0x0000000000000000, 70, 18.20 W
2026/09/15 15:01:04.488, 2450 MHz, 0x0000000000000000, 77, 41.72 W
2026/09/15 15:01:05.488, 2450 MHz, 0x0000000000000000, 76, 66.40 W
2026/09/15 15:01:06.488, 2463 MHz, 0x0000000000000000, 73, 50.11 W
2026/09/15 15:01:07.489, 2463 MHz, 0x0000000000000000, 73, 41.80 W
2026/09/15 15:01:08.489, 2463 MHz, 0x0000000000000000, 73, 41.52 W
2026/09/15 15:01:09.490, 2463 MHz, 0x0000000000000000, 73, 41.64 W
2026/09/15 15:01:10.490, 2463 MHz, 0x0000000000000000, 73, 41.42 W
2026/09/15 15:01:11.490, 2463 MHz, 0x0000000000000000, 73, 41.19 W
2026/09/15 15:01:12.491, 2463 MHz, 0x0000000000000000, 73, 40.88 W
2026/09/15 15:01:13.491, 2463 MHz, 0x0000000000000000, 72, 41.10 W
2026/09/15 15:01:14.491, 2463 MHz, 0x0000000000000000, 73, 41.34 W
2026/09/15 15:01:15.492, 2463 MHz, 0x0000000000000000, 72, 41.45 W
2026/09/15 15:01:16.492, 2463 MHz, 0x0000000000000000, 72, 41.42 W
2026/09/15 15:01:17.492, 2463 MHz, 0x0000000000000000, 72, 41.41 W
2026/09/15 15:01:18.492, 2463 MHz, 0x0000000000000000, 72, 41.27 W
2026/09/15 15:01:19.492, 2463 MHz, 0x0000000000000000, 72, 41.17 W
2026/09/15 15:01:20.492, 2463 MHz, 0x0000000000000000, 72, 41.23 W
2026/09/15 15:01:21.493, 2463 MHz, 0x0000000000000000, 72, 41.27 W
2026/09/15 15:01:22.493, 2463 MHz, 0x0000000000000000, 72, 40.97 W
2026/09/15 15:01:23.493, 2476 MHz, 0x0000000000000000, 72, 41.01 W
2026/09/15 15:01:24.494, 2483 MHz, 0x0000000000000000, 72, 41.23 W
2026/09/15 15:01:25.494, 2483 MHz, 0x0000000000000000, 72, 41.31 W
2026/09/15 15:01:26.495, 2483 MHz, 0x0000000000000000, 72, 40.99 W
2026/09/15 15:01:27.495, 2483 MHz, 0x0000000000000000, 72, 41.20 W
2026/09/15 15:01:28.495, 2483 MHz, 0x0000000000000000, 72, 41.07 W
2026/09/15 15:01:29.496, 2483 MHz, 0x0000000000000000, 72, 41.19 W
2026/09/15 15:01:30.496, 2483 MHz, 0x0000000000000000, 72, 41.03 W
2026/09/15 15:01:31.497, 2483 MHz, 0x0000000000000000, 72, 41.01 W
2026/09/15 15:01:32.497, 2483 MHz, 0x0000000000000000, 72, 41.15 W
2026/09/15 15:01:33.497, 2483 MHz, 0x0000000000000000, 72, 41.07 W
2026/09/15 15:01:34.497, 2483 MHz, 0x0000000000000000, 72, 41.03 W
2026/09/15 15:01:35.498, 2483 MHz, 0x0000000000000000, 72, 41.17 W
2026/09/15 15:01:36.498, 2483 MHz, 0x0000000000000000, 72, 41.05 W
2026/09/15 15:01:37.498, 2483 MHz, 0x0000000000000000, 72, 41.22 W
2026/09/15 15:01:38.499, 2483 MHz, 0x0000000000000000, 72, 41.10 W
2026/09/15 15:01:39.499, 2483 MHz, 0x0000000000000000, 72, 41.15 W
2026/09/15 15:01:40.500, 2405 MHz, 0x0000000000000000, 68, 19.91 W
2026/09/15 15:01:41.500, 2405 MHz, 0x0000000000000000, 67, 17.17 W
2026/09/15 15:01:42.500, 2405 MHz, 0x0000000000000000, 67, 17.05 W
2026/09/15 15:01:43.501, 2450 MHz, 0x0000000000000000, 74, 47.65 W
2026/09/15 15:01:44.501, 2450 MHz, 0x0000000000000000, 74, 60.62 W
2026/09/15 15:01:45.501, 2450 MHz, 0x0000000000000000, 75, 61.14 W
2026/09/15 15:01:46.502, 2450 MHz, 0x0000000000000000, 74, 61.75 W
2026/09/15 15:01:47.502, 2450 MHz, 0x0000000000000000, 75, 61.49 W
2026/09/15 15:01:48.502, 2450 MHz, 0x0000000000000000, 74, 62.17 W
2026/09/15 15:01:49.502, 2444 MHz, 0x0000000000000000, 74, 62.19 W
2026/09/15 15:01:50.502, 2450 MHz, 0x0000000000000000, 76, 62.90 W
2026/09/15 15:01:51.502, 2450 MHz, 0x0000000000000000, 77, 64.07 W
2026/09/15 15:01:52.503, 2450 MHz, 0x0000000000000000, 75, 63.97 W
2026/09/15 15:01:53.503, 2450 MHz, 0x0000000000000000, 77, 64.29 W
2026/09/15 15:01:54.503, 2450 MHz, 0x0000000000000000, 76, 64.45 W
2026/09/15 15:01:55.503, 2450 MHz, 0x0000000000000000, 76, 64.79 W
2026/09/15 15:01:56.504, 2450 MHz, 0x0000000000000000, 77, 65.34 W
2026/09/15 15:01:57.504, 2450 MHz, 0x0000000000000000, 77, 65.44 W
2026/09/15 15:01:58.505, 2450 MHz, 0x0000000000000000, 79, 66.10 W
2026/09/15 15:01:59.505, 2450 MHz, 0x0000000000000000, 77, 66.18 W
2026/09/15 15:02:00.505, 2450 MHz, 0x0000000000000000, 78, 66.33 W
2026/09/15 15:02:01.506, 2450 MHz, 0x0000000000000000, 79, 66.68 W
2026/09/15 15:02:02.506, 2450 MHz, 0x0000000000000000, 76, 66.61 W
2026/09/15 15:02:03.506, 2450 MHz, 0x0000000000000000, 79, 68.50 W
2026/09/15 15:02:04.507, 2450 MHz, 0x0000000000000000, 78, 67.14 W
2026/09/15 15:02:05.507, 2450 MHz, 0x0000000000000000, 77, 67.79 W
2026/09/15 15:02:06.507, 2450 MHz, 0x0000000000000000, 78, 67.81 W
2026/09/15 15:02:07.507, 2450 MHz, 0x0000000000000000, 78, 68.10 W
2026/09/15 15:02:08.507, 2444 MHz, 0x0000000000000000, 78, 67.99 W
2026/09/15 15:02:09.508, 2450 MHz, 0x0000000000000000, 79, 68.46 W
2026/09/15 15:02:10.508, 2450 MHz, 0x0000000000000000, 78, 70.55 W
2026/09/15 15:02:11.509, 2444 MHz, 0x0000000000000000, 79, 68.47 W
2026/09/15 15:02:12.509, 2444 MHz, 0x0000000000000000, 79, 69.40 W
2026/09/15 15:02:13.510, 2444 MHz, 0x0000000000000000, 81, 68.86 W
2026/09/15 15:02:14.510, 2450 MHz, 0x0000000000000000, 79, 69.23 W
2026/09/15 15:02:15.510, 2444 MHz, 0x0000000000000000, 80, 71.58 W
2026/09/15 15:02:16.511, 2444 MHz, 0x0000000000000000, 79, 69.66 W
2026/09/15 15:02:17.511, 2437 MHz, 0x0000000000000000, 79, 69.85 W
2026/09/15 15:02:18.512, 2450 MHz, 0x0000000000000000, 79, 70.39 W
2026/09/15 15:02:19.512, 2437 MHz, 0x0000000000000000, 77, 70.60 W
2026/09/15 15:02:20.513, 2444 MHz, 0x0000000000000000, 79, 71.78 W
2026/09/15 15:02:21.513, 2437 MHz, 0x0000000000000000, 80, 70.50 W
2026/09/15 15:02:22.513, 2437 MHz, 0x0000000000000000, 80, 70.94 W
2026/09/15 15:02:23.514, 2437 MHz, 0x0000000000000000, 79, 70.93 W
2026/09/15 15:02:24.514, 2437 MHz, 0x0000000000000000, 80, 72.80 W
2026/09/15 15:02:25.514, 2437 MHz, 0x0000000000000000, 80, 71.66 W
2026/09/15 15:02:26.515, 2437 MHz, 0x0000000000000000, 80, 71.69 W
2026/09/15 15:02:27.515, 2437 MHz, 0x0000000000000000, 82, 71.35 W
2026/09/15 15:02:28.515, 2437 MHz, 0x0000000000000000, 82, 73.42 W
2026/09/15 15:02:29.516, 2431 MHz, 0x0000000000000000, 80, 72.43 W
2026/09/15 15:02:30.517, 2431 MHz, 0x0000000000000000, 81, 72.38 W
2026/09/15 15:02:31.517, 2437 MHz, 0x0000000000000000, 80, 71.93 W
2026/09/15 15:02:32.517, 2437 MHz, 0x0000000000000000, 80, 74.05 W
2026/09/15 15:02:33.517, 2431 MHz, 0x0000000000000000, 83, 72.11 W
2026/09/15 15:02:34.517, 2431 MHz, 0x0000000000000000, 80, 72.44 W
2026/09/15 15:02:35.518, 2437 MHz, 0x0000000000000000, 77, 67.04 W
2026/09/15 15:02:36.518, 2405 MHz, 0x0000000000000000, 72, 19.55 W
2026/09/15 15:02:37.518, 2437 MHz, 0x0000000000000000, 82, 62.37 W
2026/09/15 15:02:38.518, 2444 MHz, 0x0000000000000000, 79, 72.22 W
2026/09/15 15:02:39.519, 2444 MHz, 0x0000000000000000, 78, 69.31 W
2026/09/15 15:02:40.519, 2463 MHz, 0x0000000000000000, 76, 43.38 W
2026/09/15 15:02:41.519, 2463 MHz, 0x0000000000000000, 75, 43.22 W
2026/09/15 15:02:42.519, 2463 MHz, 0x0000000000000000, 75, 43.21 W
2026/09/15 15:02:43.520, 2463 MHz, 0x0000000000000000, 75, 42.93 W
2026/09/15 15:02:44.520, 2463 MHz, 0x0000000000000000, 75, 43.06 W
2026/09/15 15:02:45.521, 2463 MHz, 0x0000000000000000, 75, 43.09 W
2026/09/15 15:02:46.521, 2463 MHz, 0x0000000000000000, 75, 42.64 W
2026/09/15 15:02:47.522, 2463 MHz, 0x0000000000000000, 75, 42.64 W
2026/09/15 15:02:48.522, 2463 MHz, 0x0000000000000000, 74, 42.38 W
2026/09/15 15:02:49.522, 2463 MHz, 0x0000000000000000, 74, 42.43 W
2026/09/15 15:02:50.523, 2463 MHz, 0x0000000000000000, 74, 42.40 W
2026/09/15 15:02:51.524, 2463 MHz, 0x0000000000000000, 74, 42.38 W
2026/09/15 15:02:52.525, 2463 MHz, 0x0000000000000000, 74, 42.29 W
2026/09/15 15:02:53.526, 2463 MHz, 0x0000000000000000, 74, 42.30 W
2026/09/15 15:02:54.526, 2463 MHz, 0x0000000000000000, 74, 42.43 W
2026/09/15 15:02:55.527, 2463 MHz, 0x0000000000000000, 74, 42.56 W
2026/09/15 15:02:56.527, 2463 MHz, 0x0000000000000000, 74, 42.53 W
2026/09/15 15:02:57.528, 2463 MHz, 0x0000000000000000, 74, 42.39 W
2026/09/15 15:02:58.529, 2463 MHz, 0x0000000000000000, 73, 42.28 W
2026/09/15 15:02:59.529, 2463 MHz, 0x0000000000000000, 73, 42.55 W
2026/09/15 15:03:00.530, 2463 MHz, 0x0000000000000000, 73, 42.39 W
2026/09/15 15:03:01.530, 2463 MHz, 0x0000000000000000, 73, 42.29 W
2026/09/15 15:03:02.531, 2463 MHz, 0x0000000000000000, 73, 42.12 W
2026/09/15 15:03:03.531, 2463 MHz, 0x0000000000000000, 73, 42.17 W
2026/09/15 15:03:04.532, 2463 MHz, 0x0000000000000000, 73, 42.18 W
2026/09/15 15:03:05.533, 2463 MHz, 0x0000000000000000, 73, 42.09 W
2026/09/15 15:03:06.534, 2463 MHz, 0x0000000000000000, 73, 42.16 W
2026/09/15 15:03:07.534, 2463 MHz, 0x0000000000000000, 73, 41.98 W
2026/09/15 15:03:08.535, 2463 MHz, 0x0000000000000000, 73, 42.06 W
2026/09/15 15:03:09.535, 2463 MHz, 0x0000000000000000, 73, 42.00 W
2026/09/15 15:03:10.536, 2463 MHz, 0x0000000000000000, 73, 41.92 W
2026/09/15 15:03:11.537, 2463 MHz, 0x0000000000000000, 73, 41.99 W
2026/09/15 15:03:12.537, 2463 MHz, 0x0000000000000000, 73, 41.88 W
2026/09/15 15:03:13.538, 2418 MHz, 0x0000000000000000, 69, 34.42 W
2026/09/15 15:03:14.539, 2405 MHz, 0x0000000000000000, 68, 17.44 W
2026/09/15 15:03:15.540, 2483 MHz, 0x0000000000000000, 71, 27.23 W
2026/09/15 15:03:16.541, 2483 MHz, 0x0000000000000000, 72, 43.05 W
2026/09/15 15:03:17.541, 2483 MHz, 0x0000000000000000, 72, 43.11 W
2026/09/15 15:03:18.542, 2483 MHz, 0x0000000000000000, 72, 43.04 W
2026/09/15 15:03:19.543, 2483 MHz, 0x0000000000000000, 72, 43.30 W
2026/09/15 15:03:20.543, 2483 MHz, 0x0000000000000000, 72, 43.42 W
2026/09/15 15:03:21.544, 2483 MHz, 0x0000000000000000, 72, 43.43 W
2026/09/15 15:03:22.545, 2483 MHz, 0x0000000000000000, 72, 43.46 W
2026/09/15 15:03:23.545, 2483 MHz, 0x0000000000000000, 72, 43.45 W
2026/09/15 15:03:24.546, 2483 MHz, 0x0000000000000000, 72, 43.43 W
2026/09/15 15:03:25.547, 2483 MHz, 0x0000000000000000, 72, 43.66 W
2026/09/15 15:03:26.547, 2483 MHz, 0x0000000000000000, 72, 43.63 W
2026/09/15 15:03:27.548, 2483 MHz, 0x0000000000000000, 72, 43.57 W
2026/09/15 15:03:28.549, 2483 MHz, 0x0000000000000000, 72, 43.29 W
2026/09/15 15:03:29.549, 2483 MHz, 0x0000000000000000, 72, 43.15 W
2026/09/15 15:03:30.550, 2483 MHz, 0x0000000000000000, 72, 42.97 W
2026/09/15 15:03:31.550, 2483 MHz, 0x0000000000000000, 72, 42.90 W
2026/09/15 15:03:32.550, 2483 MHz, 0x0000000000000000, 72, 43.49 W
2026/09/15 15:03:33.551, 2483 MHz, 0x0000000000000000, 72, 43.30 W
2026/09/15 15:03:34.552, 2483 MHz, 0x0000000000000000, 72, 43.38 W
2026/09/15 15:03:35.552, 2483 MHz, 0x0000000000000000, 72, 43.70 W
2026/09/15 15:03:36.553, 2483 MHz, 0x0000000000000000, 72, 43.61 W
2026/09/15 15:03:37.554, 2483 MHz, 0x0000000000000000, 72, 43.54 W
2026/09/15 15:03:38.555, 2483 MHz, 0x0000000000000000, 72, 43.59 W
2026/09/15 15:03:39.555, 2483 MHz, 0x0000000000000000, 72, 43.64 W
2026/09/15 15:03:40.555, 2483 MHz, 0x0000000000000000, 72, 43.29 W
2026/09/15 15:03:41.556, 2483 MHz, 0x0000000000000000, 72, 43.29 W
2026/09/15 15:03:42.556, 2483 MHz, 0x0000000000000000, 72, 43.01 W
2026/09/15 15:03:43.556, 2483 MHz, 0x0000000000000000, 72, 43.10 W
2026/09/15 15:03:44.557, 2483 MHz, 0x0000000000000000, 72, 43.07 W
2026/09/15 15:03:45.558, 2483 MHz, 0x0000000000000000, 72, 43.28 W
2026/09/15 15:03:46.558, 2483 MHz, 0x0000000000000000, 72, 43.12 W
2026/09/15 15:03:47.559, 2483 MHz, 0x0000000000000000, 72, 43.33 W
2026/09/15 15:03:48.560, 2483 MHz, 0x0000000000000000, 72, 43.01 W
2026/09/15 15:03:49.561, 2483 MHz, 0x0000000000000000, 72, 42.94 W
2026/09/15 15:03:50.561, 2483 MHz, 0x0000000000000000, 72, 43.03 W
2026/09/15 15:03:51.562, 2405 MHz, 0x0000000000000000, 68, 25.92 W
2026/09/15 15:03:52.563, 2405 MHz, 0x0000000000000000, 67, 17.23 W
2026/09/15 15:03:53.564, 2483 MHz, 0x0000000000000000, 71, 37.50 W
2026/09/15 15:03:54.565, 2483 MHz, 0x0000000000000000, 71, 44.28 W
2026/09/15 15:03:55.566, 2483 MHz, 0x0000000000000000, 71, 44.56 W
2026/09/15 15:03:56.566, 2483 MHz, 0x0000000000000000, 71, 44.71 W
2026/09/15 15:03:57.567, 2483 MHz, 0x0000000000000000, 72, 45.08 W
2026/09/15 15:03:58.568, 2483 MHz, 0x0000000000000000, 72, 44.98 W
2026/09/15 15:03:59.569, 2483 MHz, 0x0000000000000000, 72, 45.33 W
2026/09/15 15:04:00.570, 2483 MHz, 0x0000000000000000, 72, 45.44 W
2026/09/15 15:04:01.571, 2483 MHz, 0x0000000000000000, 72, 45.35 W
2026/09/15 15:04:02.571, 2483 MHz, 0x0000000000000000, 72, 45.38 W
2026/09/15 15:04:03.572, 2483 MHz, 0x0000000000000000, 72, 45.43 W
2026/09/15 15:04:04.572, 2483 MHz, 0x0000000000000000, 72, 45.78 W
2026/09/15 15:04:05.573, 2483 MHz, 0x0000000000000000, 72, 45.81 W
2026/09/15 15:04:06.573, 2483 MHz, 0x0000000000000000, 72, 45.60 W
2026/09/15 15:04:07.573, 2483 MHz, 0x0000000000000000, 72, 45.52 W
2026/09/15 15:04:08.574, 2483 MHz, 0x0000000000000000, 72, 45.24 W
2026/09/15 15:04:09.575, 2483 MHz, 0x0000000000000000, 72, 44.96 W
2026/09/15 15:04:10.575, 2483 MHz, 0x0000000000000000, 72, 44.85 W
2026/09/15 15:04:11.576, 2483 MHz, 0x0000000000000000, 72, 45.13 W
2026/09/15 15:04:12.577, 2483 MHz, 0x0000000000000000, 72, 45.03 W
2026/09/15 15:04:13.578, 2483 MHz, 0x0000000000000000, 72, 44.64 W
2026/09/15 15:04:14.578, 2483 MHz, 0x0000000000000000, 72, 44.56 W
2026/09/15 15:04:15.579, 2483 MHz, 0x0000000000000000, 72, 44.70 W
2026/09/15 15:04:16.579, 2483 MHz, 0x0000000000000000, 72, 44.65 W
2026/09/15 15:04:17.580, 2483 MHz, 0x0000000000000000, 72, 45.00 W
2026/09/15 15:04:18.580, 2483 MHz, 0x0000000000000000, 72, 45.03 W
2026/09/15 15:04:19.581, 2483 MHz, 0x0000000000000000, 72, 44.66 W
2026/09/15 15:04:20.582, 2483 MHz, 0x0000000000000000, 72, 44.70 W
2026/09/15 15:04:21.582, 2483 MHz, 0x0000000000000000, 72, 44.59 W
2026/09/15 15:04:22.583, 2483 MHz, 0x0000000000000000, 72, 44.83 W
2026/09/15 15:04:23.584, 2483 MHz, 0x0000000000000000, 72, 44.98 W
2026/09/15 15:04:24.584, 2483 MHz, 0x0000000000000000, 72, 44.99 W
2026/09/15 15:04:25.584, 2483 MHz, 0x0000000000000000, 72, 45.01 W
2026/09/15 15:04:26.585, 2483 MHz, 0x0000000000000000, 72, 44.97 W
2026/09/15 15:04:27.586, 2483 MHz, 0x0000000000000000, 72, 44.81 W
2026/09/15 15:04:28.586, 2483 MHz, 0x0000000000000000, 71, 44.67 W
2026/09/15 15:04:29.587, 2405 MHz, 0x0000000000000000, 68, 17.36 W
2026/09/15 15:04:30.588, 2405 MHz, 0x0000000000000000, 72, 20.98 W
2026/09/15 15:04:31.589, 2450 MHz, 0x0000000000000000, 74, 61.74 W
2026/09/15 15:04:32.589, 2405 MHz, 0x0000000000000000, 71, 45.18 W
2026/09/15 15:04:33.590, 2450 MHz, 0x0000000000000000, 74, 61.73 W
2026/09/15 15:04:34.591, 2450 MHz, 0x0000000000000000, 75, 61.84 W
2026/09/15 15:04:35.591, 2450 MHz, 0x0000000000000000, 74, 61.50 W
2026/09/15 15:04:36.592, 2463 MHz, 0x0000000000000000, 72, 49.63 W
2026/09/15 15:04:37.592, 2463 MHz, 0x0000000000000000, 72, 43.36 W
2026/09/15 15:04:38.593, 2463 MHz, 0x0000000000000000, 72, 43.14 W
2026/09/15 15:04:39.594, 2463 MHz, 0x0000000000000000, 72, 43.17 W
2026/09/15 15:04:40.595, 2463 MHz, 0x0000000000000000, 72, 43.39 W
2026/09/15 15:04:41.595, 2463 MHz, 0x0000000000000000, 72, 43.12 W
2026/09/15 15:04:42.596, 2463 MHz, 0x0000000000000000, 71, 42.85 W
2026/09/15 15:04:43.597, 2463 MHz, 0x0000000000000000, 72, 43.39 W
2026/09/15 15:04:44.597, 2463 MHz, 0x0000000000000000, 72, 43.50 W
2026/09/15 15:04:45.598, 2463 MHz, 0x0000000000000000, 71, 43.56 W
2026/09/15 15:04:46.599, 2463 MHz, 0x0000000000000000, 72, 43.46 W
2026/09/15 15:04:47.600, 2463 MHz, 0x0000000000000000, 72, 43.47 W
2026/09/15 15:04:48.600, 2463 MHz, 0x0000000000000000, 72, 43.29 W
2026/09/15 15:04:49.601, 2463 MHz, 0x0000000000000000, 72, 43.15 W
2026/09/15 15:04:50.602, 2463 MHz, 0x0000000000000000, 72, 43.28 W
2026/09/15 15:04:51.602, 2463 MHz, 0x0000000000000000, 72, 42.86 W
2026/09/15 15:04:52.603, 2463 MHz, 0x0000000000000000, 72, 43.08 W
2026/09/15 15:04:53.603, 2463 MHz, 0x0000000000000000, 72, 43.40 W
2026/09/15 15:04:54.603, 2463 MHz, 0x0000000000000000, 72, 43.14 W
2026/09/15 15:04:55.604, 2463 MHz, 0x0000000000000000, 71, 42.60 W
2026/09/15 15:04:56.605, 2463 MHz, 0x0000000000000000, 72, 42.82 W
2026/09/15 15:04:57.606, 2463 MHz, 0x0000000000000000, 71, 42.89 W
2026/09/15 15:04:58.607, 2463 MHz, 0x0000000000000000, 72, 43.54 W
2026/09/15 15:04:59.608, 2463 MHz, 0x0000000000000000, 72, 43.75 W
2026/09/15 15:05:00.608, 2463 MHz, 0x0000000000000000, 72, 43.69 W
2026/09/15 15:05:01.609, 2463 MHz, 0x0000000000000000, 72, 43.85 W
2026/09/15 15:05:02.610, 2463 MHz, 0x0000000000000000, 72, 43.76 W
2026/09/15 15:05:03.610, 2463 MHz, 0x0000000000000000, 72, 43.85 W
2026/09/15 15:05:04.611, 2463 MHz, 0x0000000000000000, 72, 43.66 W
2026/09/15 15:05:05.611, 2463 MHz, 0x0000000000000000, 71, 43.30 W
2026/09/15 15:05:06.612, 2463 MHz, 0x0000000000000000, 71, 43.53 W
2026/09/15 15:05:07.612, 2463 MHz, 0x0000000000000000, 72, 43.51 W
2026/09/15 15:05:08.612, 2463 MHz, 0x0000000000000000, 72, 43.58 W
2026/09/15 15:05:09.613, 2424 MHz, 0x0000000000000000, 68, 35.01 W
2026/09/15 15:05:10.614, 2405 MHz, 0x0000000000000000, 67, 17.12 W
2026/09/15 15:05:11.614, 2450 MHz, 0x0000000000000000, 73, 34.69 W
2026/09/15 15:05:12.615, 2450 MHz, 0x0000000000000000, 74, 61.49 W
2026/09/15 15:05:13.616, 2444 MHz, 0x0000000000000000, 73, 46.03 W
2026/09/15 15:05:14.617, 2457 MHz, 0x0000000000000000, 74, 61.54 W
2026/09/15 15:05:15.617, 2450 MHz, 0x0000000000000000, 74, 62.14 W
2026/09/15 15:05:16.618, 2457 MHz, 0x0000000000000000, 74, 60.82 W
2026/09/15 15:05:17.618, 2450 MHz, 0x0000000000000000, 72, 61.53 W
2026/09/15 15:05:18.619, 2450 MHz, 0x0000000000000000, 75, 61.76 W
2026/09/15 15:05:19.620, 2450 MHz, 0x0000000000000000, 75, 61.67 W
2026/09/15 15:05:20.621, 2463 MHz, 0x0000000000000000, 72, 52.87 W
2026/09/15 15:05:21.622, 2463 MHz, 0x0000000000000000, 72, 45.89 W
2026/09/15 15:05:22.622, 2463 MHz, 0x0000000000000000, 72, 45.74 W
2026/09/15 15:05:23.623, 2463 MHz, 0x0000000000000000, 72, 45.47 W
2026/09/15 15:05:24.624, 2463 MHz, 0x0000000000000000, 72, 45.83 W
2026/09/15 15:05:25.625, 2463 MHz, 0x0000000000000000, 72, 46.06 W
2026/09/15 15:05:26.625, 2463 MHz, 0x0000000000000000, 72, 45.91 W
2026/09/15 15:05:27.625, 2463 MHz, 0x0000000000000000, 72, 46.21 W
2026/09/15 15:05:28.626, 2463 MHz, 0x0000000000000000, 72, 46.07 W
2026/09/15 15:05:29.627, 2463 MHz, 0x0000000000000000, 72, 46.12 W
2026/09/15 15:05:30.628, 2463 MHz, 0x0000000000000000, 72, 46.15 W
2026/09/15 15:05:31.628, 2463 MHz, 0x0000000000000000, 72, 46.22 W
2026/09/15 15:05:32.629, 2463 MHz, 0x0000000000000000, 72, 46.32 W
2026/09/15 15:05:33.629, 2463 MHz, 0x0000000000000000, 72, 46.22 W
2026/09/15 15:05:34.630, 2463 MHz, 0x0000000000000000, 72, 46.26 W
2026/09/15 15:05:35.630, 2463 MHz, 0x0000000000000000, 72, 46.43 W
2026/09/15 15:05:36.631, 2463 MHz, 0x0000000000000000, 72, 46.37 W
2026/09/15 15:05:37.632, 2463 MHz, 0x0000000000000000, 72, 46.29 W
2026/09/15 15:05:38.632, 2463 MHz, 0x0000000000000000, 73, 46.30 W
2026/09/15 15:05:39.633, 2463 MHz, 0x0000000000000000, 72, 46.22 W
2026/09/15 15:05:40.634, 2463 MHz, 0x0000000000000000, 73, 46.20 W
2026/09/15 15:05:41.635, 2463 MHz, 0x0000000000000000, 72, 46.22 W
2026/09/15 15:05:42.635, 2463 MHz, 0x0000000000000000, 72, 46.26 W
2026/09/15 15:05:43.636, 2463 MHz, 0x0000000000000000, 72, 45.71 W
2026/09/15 15:05:44.636, 2463 MHz, 0x0000000000000000, 72, 45.59 W
2026/09/15 15:05:45.636, 2463 MHz, 0x0000000000000000, 72, 45.95 W
2026/09/15 15:05:46.637, 2463 MHz, 0x0000000000000000, 72, 46.17 W
2026/09/15 15:05:47.638, 2463 MHz, 0x0000000000000000, 72, 45.70 W
2026/09/15 15:05:48.638, 2463 MHz, 0x0000000000000000, 72, 45.65 W
2026/09/15 15:05:49.639, 2463 MHz, 0x0000000000000000, 72, 45.42 W
2026/09/15 15:05:50.639, 2463 MHz, 0x0000000000000000, 72, 45.69 W
2026/09/15 15:05:51.639, 2463 MHz, 0x0000000000000000, 73, 45.72 W
2026/09/15 15:05:52.639, 2463 MHz, 0x0000000000000000, 73, 45.68 W
2026/09/15 15:05:53.639, 2463 MHz, 0x0000000000000000, 72, 45.58 W
2026/09/15 15:05:54.640, 2405 MHz, 0x0000000000000000, 68, 28.78 W
2026/09/15 15:05:55.640, 2405 MHz, 0x0000000000000000, 67, 17.21 W
2026/09/15 15:05:56.641, 2450 MHz, 0x0000000000000000, 74, 48.83 W
2026/09/15 15:05:57.641, 2444 MHz, 0x0000000000000000, 73, 56.81 W
2026/09/15 15:05:58.641, 2450 MHz, 0x0000000000000000, 74, 63.16 W
2026/09/15 15:05:59.642, 2450 MHz, 0x0000000000000000, 74, 63.48 W
2026/09/15 15:06:00.642, 2457 MHz, 0x0000000000000000, 72, 56.08 W
2026/09/15 15:06:01.642, 2463 MHz, 0x0000000000000000, 72, 43.99 W
2026/09/15 15:06:02.643, 2463 MHz, 0x0000000000000000, 72, 43.79 W
2026/09/15 15:06:03.643, 2463 MHz, 0x0000000000000000, 72, 43.77 W
2026/09/15 15:06:04.643, 2463 MHz, 0x0000000000000000, 72, 43.73 W
2026/09/15 15:06:05.644, 2463 MHz, 0x0000000000000000, 72, 43.74 W
2026/09/15 15:06:06.644, 2463 MHz, 0x0000000000000000, 72, 43.94 W
2026/09/15 15:06:07.644, 2463 MHz, 0x0000000000000000, 72, 43.86 W
2026/09/15 15:06:08.645, 2463 MHz, 0x0000000000000000, 72, 43.71 W
2026/09/15 15:06:09.645, 2463 MHz, 0x0000000000000000, 72, 43.76 W
2026/09/15 15:06:10.646, 2463 MHz, 0x0000000000000000, 72, 43.75 W
2026/09/15 15:06:11.646, 2463 MHz, 0x0000000000000000, 72, 43.06 W
2026/09/15 15:06:12.646, 2463 MHz, 0x0000000000000000, 72, 43.08 W
2026/09/15 15:06:13.647, 2463 MHz, 0x0000000000000000, 72, 43.05 W
2026/09/15 15:06:14.647, 2463 MHz, 0x0000000000000000, 72, 43.25 W
2026/09/15 15:06:15.648, 2463 MHz, 0x0000000000000000, 72, 44.03 W
2026/09/15 15:06:16.648, 2463 MHz, 0x0000000000000000, 72, 43.98 W
2026/09/15 15:06:17.648, 2463 MHz, 0x0000000000000000, 72, 43.85 W
2026/09/15 15:06:18.649, 2463 MHz, 0x0000000000000000, 72, 43.68 W
2026/09/15 15:06:19.649, 2463 MHz, 0x0000000000000000, 72, 43.57 W
2026/09/15 15:06:20.650, 2463 MHz, 0x0000000000000000, 72, 43.40 W
2026/09/15 15:06:21.650, 2463 MHz, 0x0000000000000000, 72, 43.08 W
2026/09/15 15:06:22.650, 2463 MHz, 0x0000000000000000, 72, 42.85 W
2026/09/15 15:06:23.651, 2463 MHz, 0x0000000000000000, 72, 43.26 W
2026/09/15 15:06:24.651, 2463 MHz, 0x0000000000000000, 72, 43.13 W
2026/09/15 15:06:25.651, 2463 MHz, 0x0000000000000000, 72, 43.39 W
2026/09/15 15:06:26.652, 2463 MHz, 0x0000000000000000, 72, 43.35 W
2026/09/15 15:06:27.652, 2463 MHz, 0x0000000000000000, 72, 43.18 W
2026/09/15 15:06:28.653, 2463 MHz, 0x0000000000000000, 72, 43.24 W
2026/09/15 15:06:29.653, 2463 MHz, 0x0000000000000000, 72, 43.29 W
2026/09/15 15:06:30.653, 2463 MHz, 0x0000000000000000, 72, 43.35 W
2026/09/15 15:06:31.653, 2463 MHz, 0x0000000000000000, 72, 43.40 W
2026/09/15 15:06:32.653, 2463 MHz, 0x0000000000000000, 72, 43.33 W
2026/09/15 15:06:33.654, 2463 MHz, 0x0000000000000000, 72, 43.51 W
2026/09/15 15:06:34.654, 2405 MHz, 0x0000000000000000, 68, 31.26 W
2026/09/15 15:06:35.655, 2405 MHz, 0x0000000000000000, 67, 17.16 W
2026/09/15 15:06:36.655, 2450 MHz, 0x0000000000000000, 75, 40.78 W
2026/09/15 15:06:37.655, 2450 MHz, 0x0000000000000000, 70, 57.91 W
2026/09/15 15:06:38.656, 2450 MHz, 0x0000000000000000, 75, 62.97 W
2026/09/15 15:06:39.657, 2450 MHz, 0x0000000000000000, 74, 61.81 W
2026/09/15 15:06:40.657, 2450 MHz, 0x0000000000000000, 75, 63.90 W
2026/09/15 15:06:41.658, 2450 MHz, 0x0000000000000000, 75, 64.00 W
2026/09/15 15:06:42.658, 2450 MHz, 0x0000000000000000, 76, 65.72 W
2026/09/15 15:06:43.659, 2463 MHz, 0x0000000000000000, 73, 52.01 W
2026/09/15 15:06:44.659, 2463 MHz, 0x0000000000000000, 73, 46.20 W
2026/09/15 15:06:45.660, 2463 MHz, 0x0000000000000000, 73, 45.63 W
2026/09/15 15:06:46.660, 2463 MHz, 0x0000000000000000, 73, 45.36 W
2026/09/15 15:06:47.661, 2463 MHz, 0x0000000000000000, 73, 45.63 W
2026/09/15 15:06:48.661, 2463 MHz, 0x0000000000000000, 73, 45.98 W
2026/09/15 15:06:49.661, 2463 MHz, 0x0000000000000000, 73, 46.02 W
2026/09/15 15:06:50.662, 2463 MHz, 0x0000000000000000, 73, 45.94 W
2026/09/15 15:06:51.662, 2463 MHz, 0x0000000000000000, 73, 45.88 W
2026/09/15 15:06:52.662, 2463 MHz, 0x0000000000000000, 73, 46.39 W
2026/09/15 15:06:53.663, 2463 MHz, 0x0000000000000000, 73, 46.38 W
2026/09/15 15:06:54.664, 2463 MHz, 0x0000000000000000, 73, 46.45 W
2026/09/15 15:06:55.664, 2463 MHz, 0x0000000000000000, 73, 46.00 W
2026/09/15 15:06:56.664, 2463 MHz, 0x0000000000000000, 73, 45.97 W
2026/09/15 15:06:57.665, 2463 MHz, 0x0000000000000000, 73, 46.01 W
2026/09/15 15:06:58.665, 2463 MHz, 0x0000000000000000, 73, 46.17 W
2026/09/15 15:06:59.665, 2463 MHz, 0x0000000000000000, 73, 46.06 W
2026/09/15 15:07:00.666, 2463 MHz, 0x0000000000000000, 73, 46.07 W
2026/09/15 15:07:01.666, 2463 MHz, 0x0000000000000000, 73, 45.64 W
2026/09/15 15:07:02.667, 2463 MHz, 0x0000000000000000, 73, 45.80 W
2026/09/15 15:07:03.667, 2463 MHz, 0x0000000000000000, 73, 46.14 W
2026/09/15 15:07:04.667, 2463 MHz, 0x0000000000000000, 73, 46.27 W
2026/09/15 15:07:05.668, 2463 MHz, 0x0000000000000000, 73, 46.16 W
2026/09/15 15:07:06.668, 2463 MHz, 0x0000000000000000, 73, 46.42 W
2026/09/15 15:07:07.668, 2463 MHz, 0x0000000000000000, 73, 46.20 W
2026/09/15 15:07:08.669, 2463 MHz, 0x0000000000000000, 73, 46.57 W
2026/09/15 15:07:09.669, 2463 MHz, 0x0000000000000000, 73, 46.62 W
2026/09/15 15:07:10.669, 2463 MHz, 0x0000000000000000, 73, 46.26 W
2026/09/15 15:07:11.670, 2463 MHz, 0x0000000000000000, 73, 45.97 W
2026/09/15 15:07:12.670, 2463 MHz, 0x0000000000000000, 73, 46.35 W
2026/09/15 15:07:13.671, 2463 MHz, 0x0000000000000000, 73, 46.28 W
2026/09/15 15:07:14.671, 2463 MHz, 0x0000000000000000, 73, 46.59 W
2026/09/15 15:07:15.671, 2463 MHz, 0x0000000000000000, 73, 46.38 W
2026/09/15 15:07:16.672, 2444 MHz, 0x0000000000000000, 69, 38.21 W
2026/09/15 15:07:17.672, 2405 MHz, 0x0000000000000000, 68, 17.30 W
2026/09/15 15:07:18.672, 2431 MHz, 0x0000000000000000, 74, 30.57 W
2026/09/15 15:07:19.673, 2450 MHz, 0x0000000000000000, 75, 65.85 W
2026/09/15 15:07:20.673, 2424 MHz, 0x0000000000000000, 75, 57.00 W
2026/09/15 15:07:21.674, 2450 MHz, 0x0000000000000000, 76, 66.51 W
2026/09/15 15:07:22.674, 2450 MHz, 0x0000000000000000, 76, 66.37 W
2026/09/15 15:07:23.674, 2450 MHz, 0x0000000000000000, 76, 66.38 W
2026/09/15 15:07:24.675, 2463 MHz, 0x0000000000000000, 73, 52.72 W
2026/09/15 15:07:25.675, 2463 MHz, 0x0000000000000000, 73, 44.31 W
2026/09/15 15:07:26.675, 2463 MHz, 0x0000000000000000, 73, 44.16 W
2026/09/15 15:07:27.676, 2463 MHz, 0x0000000000000000, 73, 44.28 W
2026/09/15 15:07:28.676, 2463 MHz, 0x0000000000000000, 73, 44.46 W
2026/09/15 15:07:29.676, 2463 MHz, 0x0000000000000000, 73, 44.27 W
2026/09/15 15:07:30.677, 2463 MHz, 0x0000000000000000, 73, 44.28 W
2026/09/15 15:07:31.677, 2463 MHz, 0x0000000000000000, 73, 44.60 W
2026/09/15 15:07:32.678, 2463 MHz, 0x0000000000000000, 72, 44.04 W
2026/09/15 15:07:33.678, 2463 MHz, 0x0000000000000000, 72, 43.72 W
2026/09/15 15:07:34.678, 2463 MHz, 0x0000000000000000, 72, 43.36 W
2026/09/15 15:07:35.679, 2463 MHz, 0x0000000000000000, 72, 43.54 W
2026/09/15 15:07:36.679, 2463 MHz, 0x0000000000000000, 72, 43.64 W
2026/09/15 15:07:37.679, 2463 MHz, 0x0000000000000000, 73, 44.44 W
2026/09/15 15:07:38.680, 2463 MHz, 0x0000000000000000, 72, 44.50 W
2026/09/15 15:07:39.680, 2463 MHz, 0x0000000000000000, 72, 44.42 W
2026/09/15 15:07:40.680, 2463 MHz, 0x0000000000000000, 73, 44.46 W
2026/09/15 15:07:41.680, 2463 MHz, 0x0000000000000000, 72, 44.30 W
2026/09/15 15:07:42.681, 2463 MHz, 0x0000000000000000, 72, 44.46 W
2026/09/15 15:07:43.681, 2463 MHz, 0x0000000000000000, 72, 44.40 W
2026/09/15 15:07:44.681, 2463 MHz, 0x0000000000000000, 72, 44.10 W
2026/09/15 15:07:45.682, 2463 MHz, 0x0000000000000000, 72, 43.76 W
2026/09/15 15:07:46.682, 2463 MHz, 0x0000000000000000, 72, 43.89 W
2026/09/15 15:07:47.683, 2463 MHz, 0x0000000000000000, 72, 43.60 W
2026/09/15 15:07:48.683, 2463 MHz, 0x0000000000000000, 72, 43.86 W
2026/09/15 15:07:49.684, 2463 MHz, 0x0000000000000000, 73, 44.25 W
2026/09/15 15:07:50.684, 2463 MHz, 0x0000000000000000, 73, 44.48 W
2026/09/15 15:07:51.685, 2463 MHz, 0x0000000000000000, 72, 44.28 W
2026/09/15 15:07:52.685, 2463 MHz, 0x0000000000000000, 72, 44.10 W
2026/09/15 15:07:53.685, 2463 MHz, 0x0000000000000000, 72, 44.45 W
2026/09/15 15:07:54.685, 2463 MHz, 0x0000000000000000, 73, 44.31 W
2026/09/15 15:07:55.686, 2463 MHz, 0x0000000000000000, 73, 44.64 W
2026/09/15 15:07:56.686, 2463 MHz, 0x0000000000000000, 73, 44.64 W
2026/09/15 15:07:57.687, 2463 MHz, 0x0000000000000000, 72, 44.57 W
2026/09/15 15:07:58.688, 2405 MHz, 0x0000000000000000, 69, 27.77 W
2026/09/15 15:07:59.688, 2405 MHz, 0x0000000000000000, 68, 17.22 W
2026/09/15 15:08:00.688, 2450 MHz, 0x0000000000000000, 74, 47.71 W
2026/09/15 15:08:01.689, 2450 MHz, 0x0000000000000000, 74, 65.49 W
2026/09/15 15:08:02.689, 2450 MHz, 0x0000000000000000, 75, 55.50 W
2026/09/15 15:08:03.690, 2450 MHz, 0x0000000000000000, 75, 65.79 W
2026/09/15 15:08:04.690, 2450 MHz, 0x0000000000000000, 75, 66.79 W
2026/09/15 15:08:05.691, 2450 MHz, 0x0000000000000000, 77, 65.52 W
2026/09/15 15:08:06.691, 2450 MHz, 0x0000000000000000, 76, 67.35 W
2026/09/15 15:08:07.692, 2450 MHz, 0x0000000000000000, 75, 64.48 W
2026/09/15 15:08:08.692, 2450 MHz, 0x0000000000000000, 76, 68.53 W
2026/09/15 15:08:09.693, 2450 MHz, 0x0000000000000000, 74, 59.91 W
2026/09/15 15:08:10.693, 2463 MHz, 0x0000000000000000, 74, 47.20 W
2026/09/15 15:08:11.693, 2463 MHz, 0x0000000000000000, 74, 46.66 W
2026/09/15 15:08:12.693, 2463 MHz, 0x0000000000000000, 74, 46.46 W
2026/09/15 15:08:13.694, 2463 MHz, 0x0000000000000000, 73, 46.78 W
2026/09/15 15:08:14.695, 2463 MHz, 0x0000000000000000, 73, 46.94 W
2026/09/15 15:08:15.695, 2463 MHz, 0x0000000000000000, 73, 46.95 W
2026/09/15 15:08:16.695, 2463 MHz, 0x0000000000000000, 74, 46.97 W
2026/09/15 15:08:17.695, 2463 MHz, 0x0000000000000000, 74, 47.28 W
2026/09/15 15:08:18.696, 2463 MHz, 0x0000000000000000, 74, 47.25 W
2026/09/15 15:08:19.696, 2463 MHz, 0x0000000000000000, 74, 47.35 W
2026/09/15 15:08:20.696, 2463 MHz, 0x0000000000000000, 74, 47.24 W
2026/09/15 15:08:21.697, 2463 MHz, 0x0000000000000000, 73, 47.42 W
2026/09/15 15:08:22.698, 2463 MHz, 0x0000000000000000, 74, 47.46 W
2026/09/15 15:08:23.698, 2463 MHz, 0x0000000000000000, 74, 47.65 W
2026/09/15 15:08:24.699, 2463 MHz, 0x0000000000000000, 74, 47.42 W
2026/09/15 15:08:25.699, 2463 MHz, 0x0000000000000000, 74, 47.45 W
2026/09/15 15:08:26.700, 2463 MHz, 0x0000000000000000, 74, 47.51 W
2026/09/15 15:08:27.700, 2463 MHz, 0x0000000000000000, 74, 47.31 W
2026/09/15 15:08:28.701, 2463 MHz, 0x0000000000000000, 74, 47.22 W
2026/09/15 15:08:29.701, 2463 MHz, 0x0000000000000000, 74, 47.00 W
2026/09/15 15:08:30.702, 2463 MHz, 0x0000000000000000, 73, 46.77 W
2026/09/15 15:08:31.702, 2463 MHz, 0x0000000000000000, 74, 46.45 W
2026/09/15 15:08:32.702, 2463 MHz, 0x0000000000000000, 74, 46.43 W
2026/09/15 15:08:33.703, 2463 MHz, 0x0000000000000000, 74, 47.23 W
2026/09/15 15:08:34.703, 2463 MHz, 0x0000000000000000, 74, 47.19 W
2026/09/15 15:08:35.704, 2463 MHz, 0x0000000000000000, 73, 47.34 W
2026/09/15 15:08:36.704, 2463 MHz, 0x0000000000000000, 74, 47.18 W
2026/09/15 15:08:37.704, 2463 MHz, 0x0000000000000000, 74, 47.27 W
2026/09/15 15:08:38.705, 2463 MHz, 0x0000000000000000, 74, 47.49 W
2026/09/15 15:08:39.705, 2463 MHz, 0x0000000000000000, 74, 47.35 W
2026/09/15 15:08:40.706, 2463 MHz, 0x0000000000000000, 74, 47.50 W
2026/09/15 15:08:41.706, 2463 MHz, 0x0000000000000000, 74, 47.58 W
2026/09/15 15:08:42.706, 2463 MHz, 0x0000000000000000, 74, 47.41 W
2026/09/15 15:08:43.707, 2405 MHz, 0x0000000000000000, 69, 23.97 W
2026/09/15 15:08:44.707, 2405 MHz, 0x0000000000000000, 68, 17.37 W
2026/09/15 15:08:45.708, 2450 MHz, 0x0000000000000000, 76, 56.03 W
2026/09/15 15:08:46.708, 2450 MHz, 0x0000000000000000, 77, 71.07 W
2026/09/15 15:08:47.709, 2450 MHz, 0x0000000000000000, 76, 70.46 W
2026/09/15 15:08:48.709, 2450 MHz, 0x0000000000000000, 78, 52.74 W
2026/09/15 15:08:49.710, 2450 MHz, 0x0000000000000000, 77, 71.68 W
2026/09/15 15:08:50.710, 2450 MHz, 0x0000000000000000, 75, 71.89 W
2026/09/15 15:08:51.711, 2450 MHz, 0x0000000000000000, 79, 72.60 W
2026/09/15 15:08:52.711, 2450 MHz, 0x0000000000000000, 77, 72.01 W
2026/09/15 15:08:53.712, 2457 MHz, 0x0000000000000000, 74, 63.46 W
2026/09/15 15:08:54.712, 2463 MHz, 0x0000000000000000, 74, 45.75 W
2026/09/15 15:08:55.713, 2463 MHz, 0x0000000000000000, 74, 45.64 W
2026/09/15 15:08:56.713, 2463 MHz, 0x0000000000000000, 74, 45.71 W
2026/09/15 15:08:57.714, 2463 MHz, 0x0000000000000000, 74, 45.56 W
2026/09/15 15:08:58.714, 2463 MHz, 0x0000000000000000, 73, 45.64 W
2026/09/15 15:08:59.714, 2463 MHz, 0x0000000000000000, 74, 45.90 W
2026/09/15 15:09:00.714, 2463 MHz, 0x0000000000000000, 73, 45.76 W
2026/09/15 15:09:01.715, 2463 MHz, 0x0000000000000000, 73, 45.50 W
2026/09/15 15:09:02.715, 2463 MHz, 0x0000000000000000, 73, 45.50 W
2026/09/15 15:09:03.715, 2463 MHz, 0x0000000000000000, 73, 45.51 W
2026/09/15 15:09:04.716, 2463 MHz, 0x0000000000000000, 73, 45.46 W
2026/09/15 15:09:05.716, 2463 MHz, 0x0000000000000000, 73, 45.12 W
2026/09/15 15:09:06.717, 2463 MHz, 0x0000000000000000, 73, 45.16 W
2026/09/15 15:09:07.717, 2463 MHz, 0x0000000000000000, 73, 45.26 W
2026/09/15 15:09:08.718, 2463 MHz, 0x0000000000000000, 73, 45.48 W
2026/09/15 15:09:09.718, 2463 MHz, 0x0000000000000000, 73, 45.41 W
2026/09/15 15:09:10.718, 2463 MHz, 0x0000000000000000, 73, 45.20 W
2026/09/15 15:09:11.719, 2463 MHz, 0x0000000000000000, 73, 45.54 W
2026/09/15 15:09:12.719, 2463 MHz, 0x0000000000000000, 73, 45.26 W
2026/09/15 15:09:13.719, 2463 MHz, 0x0000000000000000, 73, 45.07 W
2026/09/15 15:09:14.720, 2463 MHz, 0x0000000000000000, 73, 44.83 W
2026/09/15 15:09:15.720, 2463 MHz, 0x0000000000000000, 73, 45.04 W
2026/09/15 15:09:16.721, 2463 MHz, 0x0000000000000000, 73, 44.90 W
2026/09/15 15:09:17.721, 2463 MHz, 0x0000000000000000, 73, 45.02 W
2026/09/15 15:09:18.721, 2463 MHz, 0x0000000000000000, 73, 44.97 W
2026/09/15 15:09:19.722, 2463 MHz, 0x0000000000000000, 73, 45.12 W
2026/09/15 15:09:20.722, 2463 MHz, 0x0000000000000000, 73, 45.18 W
2026/09/15 15:09:21.722, 2463 MHz, 0x0000000000000000, 73, 45.16 W
2026/09/15 15:09:22.722, 2463 MHz, 0x0000000000000000, 73, 45.10 W
2026/09/15 15:09:23.723, 2463 MHz, 0x0000000000000000, 73, 45.27 W
2026/09/15 15:09:24.723, 2463 MHz, 0x0000000000000000, 73, 45.09 W
2026/09/15 15:09:25.724, 2463 MHz, 0x0000000000000000, 73, 45.29 W
2026/09/15 15:09:26.724, 2463 MHz, 0x0000000000000000, 70, 40.79 W
2026/09/15 15:09:27.725, 2405 MHz, 0x0000000000000000, 68, 17.46 W
2026/09/15 15:09:28.725, 2405 MHz, 0x0000000000000000, 68, 18.54 W
2026/09/15 15:09:29.726, 2450 MHz, 0x0000000000000000, 75, 72.70 W
2026/09/15 15:09:30.726, 2450 MHz, 0x0000000000000000, 78, 70.89 W
2026/09/15 15:09:31.726, 2431 MHz, 0x0000000000000000, 69, 52.72 W
2026/09/15 15:09:32.727, 2450 MHz, 0x0000000000000000, 75, 70.18 W
2026/09/15 15:09:33.727, 2450 MHz, 0x0000000000000000, 77, 71.54 W
2026/09/15 15:09:34.728, 2450 MHz, 0x0000000000000000, 79, 71.16 W
2026/09/15 15:09:35.728, 2450 MHz, 0x0000000000000000, 77, 71.63 W
2026/09/15 15:09:36.728, 2450 MHz, 0x0000000000000000, 77, 71.88 W
2026/09/15 15:09:37.729, 2450 MHz, 0x0000000000000000, 78, 71.67 W
2026/09/15 15:09:38.729, 2450 MHz, 0x0000000000000000, 77, 71.08 W
2026/09/15 15:09:39.730, 2450 MHz, 0x0000000000000000, 77, 72.91 W
2026/09/15 15:09:40.730, 2450 MHz, 0x0000000000000000, 80, 71.52 W
2026/09/15 15:09:41.730, 2450 MHz, 0x0000000000000000, 78, 71.64 W
2026/09/15 15:09:42.731, 2450 MHz, 0x0000000000000000, 76, 67.15 W
2026/09/15 15:09:43.731, 2463 MHz, 0x0000000000000000, 75, 48.81 W
2026/09/15 15:09:44.732, 2463 MHz, 0x0000000000000000, 75, 48.53 W
2026/09/15 15:09:45.732, 2463 MHz, 0x0000000000000000, 74, 48.25 W
2026/09/15 15:09:46.733, 2463 MHz, 0x0000000000000000, 75, 48.12 W
2026/09/15 15:09:47.733, 2463 MHz, 0x0000000000000000, 75, 48.46 W
2026/09/15 15:09:48.733, 2463 MHz, 0x0000000000000000, 74, 48.36 W
2026/09/15 15:09:49.733, 2463 MHz, 0x0000000000000000, 74, 48.51 W
2026/09/15 15:09:50.734, 2463 MHz, 0x0000000000000000, 74, 48.32 W
2026/09/15 15:09:51.734, 2463 MHz, 0x0000000000000000, 74, 48.62 W
2026/09/15 15:09:52.735, 2463 MHz, 0x0000000000000000, 74, 48.39 W
2026/09/15 15:09:53.736, 2463 MHz, 0x0000000000000000, 74, 48.35 W
2026/09/15 15:09:54.736, 2463 MHz, 0x0000000000000000, 74, 48.68 W
2026/09/15 15:09:55.736, 2463 MHz, 0x0000000000000000, 74, 48.55 W
2026/09/15 15:09:56.737, 2463 MHz, 0x0000000000000000, 74, 47.61 W
2026/09/15 15:09:57.737, 2463 MHz, 0x0000000000000000, 74, 47.54 W
2026/09/15 15:09:58.737, 2463 MHz, 0x0000000000000000, 74, 47.97 W
2026/09/15 15:09:59.738, 2463 MHz, 0x0000000000000000, 74, 47.88 W
2026/09/15 15:10:00.738, 2463 MHz, 0x0000000000000000, 74, 47.72 W
2026/09/15 15:10:01.739, 2463 MHz, 0x0000000000000000, 74, 47.04 W
2026/09/15 15:10:02.739, 2463 MHz, 0x0000000000000000, 74, 47.21 W
2026/09/15 15:10:03.739, 2463 MHz, 0x0000000000000000, 74, 47.23 W
2026/09/15 15:10:04.739, 2463 MHz, 0x0000000000000000, 74, 46.96 W
2026/09/15 15:10:05.740, 2463 MHz, 0x0000000000000000, 74, 47.21 W
2026/09/15 15:10:06.740, 2463 MHz, 0x0000000000000000, 74, 47.36 W
2026/09/15 15:10:07.740, 2463 MHz, 0x0000000000000000, 74, 47.25 W
2026/09/15 15:10:08.740, 2463 MHz, 0x0000000000000000, 74, 47.56 W
2026/09/15 15:10:09.741, 2463 MHz, 0x0000000000000000, 74, 47.39 W
2026/09/15 15:10:10.741, 2463 MHz, 0x0000000000000000, 74, 47.47 W
2026/09/15 15:10:11.741, 2463 MHz, 0x0000000000000000, 74, 47.58 W
2026/09/15 15:10:12.742, 2463 MHz, 0x0000000000000000, 74, 47.48 W
2026/09/15 15:10:13.742, 2463 MHz, 0x0000000000000000, 74, 47.13 W
2026/09/15 15:10:14.743, 2463 MHz, 0x0000000000000000, 74, 47.28 W
2026/09/15 15:10:15.743, 2463 MHz, 0x0000000000000000, 74, 47.21 W
2026/09/15 15:10:16.744, 2431 MHz, 0x0000000000000000, 70, 36.33 W
2026/09/15 15:10:17.744, 2405 MHz, 0x0000000000000000, 69, 17.47 W
2026/09/15 15:10:18.745, 2405 MHz, 0x0000000000000000, 68, 17.26 W
