timestamp, clocks.current.sm [MHz], clocks_event_reasons.active, temperature.gpu, power.draw [W]
2026/09/15 14:23:36.612, 2411 MHz, 0x0000000000000000, 68, 15.04 W
2026/09/15 14:23:37.622, 2411 MHz, 0x0000000000000000, 67, 14.97 W
2026/09/15 14:23:38.622, 2411 MHz, 0x0000000000000000, 67, 14.72 W
2026/09/15 14:23:39.623, 2411 MHz, 0x0000000000000000, 66, 14.66 W
2026/09/15 14:23:40.624, 2411 MHz, 0x0000000000000000, 66, 14.63 W
2026/09/15 14:23:41.624, 2411 MHz, 0x0000000000000000, 66, 14.54 W
2026/09/15 14:23:42.624, 2411 MHz, 0x0000000000000000, 65, 14.48 W
2026/09/15 14:23:43.625, 2411 MHz, 0x0000000000000000, 65, 14.35 W
2026/09/15 14:23:44.626, 2411 MHz, 0x0000000000000000, 65, 14.32 W
2026/09/15 14:23:45.627, 2411 MHz, 0x0000000000000000, 64, 14.24 W
2026/09/15 14:23:46.627, 2411 MHz, 0x0000000000000000, 64, 14.33 W
2026/09/15 14:23:47.628, 2411 MHz, 0x0000000000000000, 64, 14.16 W
2026/09/15 14:23:48.629, 2411 MHz, 0x0000000000000000, 64, 15.25 W
2026/09/15 14:23:49.630, 2411 MHz, 0x0000000000000000, 64, 14.81 W
2026/09/15 14:23:50.630, 2411 MHz, 0x0000000000000000, 63, 14.32 W
2026/09/15 14:23:51.631, 208 MHz, 0x0000000000000000, 62, 7.28 W
2026/09/15 14:23:52.631, 201 MHz, 0x0000000000000000, 61, 5.33 W
2026/09/15 14:23:53.632, 201 MHz, 0x0000000000000000, 61, 5.29 W
2026/09/15 14:23:54.632, 208 MHz, 0x0000000000000000, 60, 4.22 W
2026/09/15 14:23:55.633, 208 MHz, 0x0000000000000004, 60, 4.20 W
2026/09/15 14:23:56.633, 208 MHz, 0x0000000000000004, 60, 4.11 W
2026/09/15 14:23:57.634, 208 MHz, 0x0000000000000000, 60, 4.13 W
2026/09/15 14:23:58.635, 208 MHz, 0x0000000000000004, 59, 4.29 W
2026/09/15 14:23:59.635, 208 MHz, 0x0000000000000000, 59, 4.35 W
2026/09/15 14:24:00.636, 214 MHz, 0x0000000000000000, 59, 4.49 W
2026/09/15 14:24:01.636, 208 MHz, 0x0000000000000004, 59, 4.45 W
2026/09/15 14:24:02.636, 208 MHz, 0x0000000000000000, 59, 4.38 W
2026/09/15 14:24:03.637, 208 MHz, 0x0000000000000004, 59, 4.30 W
2026/09/15 14:24:04.637, 208 MHz, 0x0000000000000000, 58, 4.27 W
2026/09/15 14:24:05.638, 208 MHz, 0x0000000000000000, 58, 4.38 W
2026/09/15 14:24:06.638, 214 MHz, 0x0000000000000000, 58, 4.41 W
2026/09/15 14:24:07.638, 208 MHz, 0x0000000000000000, 58, 4.34 W
2026/09/15 14:24:08.639, 208 MHz, 0x0000000000000000, 58, 4.31 W
2026/09/15 14:24:09.639, 208 MHz, 0x0000000000000004, 58, 4.34 W
2026/09/15 14:24:10.639, 208 MHz, 0x0000000000000000, 58, 4.52 W
2026/09/15 14:24:11.640, 208 MHz, 0x0000000000000004, 57, 4.40 W
2026/09/15 14:24:12.640, 208 MHz, 0x0000000000000000, 57, 4.28 W
2026/09/15 14:24:13.640, 208 MHz, 0x0000000000000004, 57, 4.27 W
2026/09/15 14:24:14.641, 208 MHz, 0x0000000000000000, 57, 4.28 W
2026/09/15 14:24:15.641, 208 MHz, 0x0000000000000004, 57, 4.28 W
2026/09/15 14:24:16.641, 208 MHz, 0x0000000000000000, 57, 4.41 W
2026/09/15 14:24:17.642, 208 MHz, 0x0000000000000004, 57, 4.21 W
2026/09/15 14:24:18.643, 208 MHz, 0x0000000000000000, 57, 3.99 W
2026/09/15 14:24:19.644, 208 MHz, 0x0000000000000004, 56, 3.88 W
2026/09/15 14:24:20.644, 208 MHz, 0x0000000000000000, 56, 3.89 W
2026/09/15 14:24:21.644, 208 MHz, 0x0000000000000004, 56, 3.97 W
2026/09/15 14:24:22.645, 208 MHz, 0x0000000000000000, 56, 3.94 W
2026/09/15 14:24:23.646, 208 MHz, 0x0000000000000004, 56, 3.91 W
2026/09/15 14:24:24.647, 208 MHz, 0x0000000000000000, 55, 3.93 W
2026/09/15 14:24:25.648, 208 MHz, 0x0000000000000004, 55, 3.91 W
2026/09/15 14:24:26.648, 208 MHz, 0x0000000000000000, 55, 3.94 W
2026/09/15 14:24:27.649, 208 MHz, 0x0000000000000004, 55, 3.92 W
2026/09/15 14:24:28.649, 208 MHz, 0x0000000000000000, 55, 3.90 W
2026/09/15 14:24:29.649, 208 MHz, 0x0000000000000004, 55, 3.84 W
2026/09/15 14:24:30.650, 208 MHz, 0x0000000000000000, 55, 3.87 W
2026/09/15 14:24:31.651, 208 MHz, 0x0000000000000004, 54, 3.86 W
2026/09/15 14:24:32.652, 208 MHz, 0x0000000000000000, 54, 3.94 W
2026/09/15 14:24:33.652, 208 MHz, 0x0000000000000004, 54, 3.88 W
2026/09/15 14:24:34.652, 208 MHz, 0x0000000000000000, 54, 3.84 W
2026/09/15 14:24:35.653, 351 MHz, 0x0000000000000004, 54, 4.46 W
2026/09/15 14:24:36.653, 2405 MHz, 0x0000000000000000, 55, 12.61 W
2026/09/15 14:24:37.653, 2418 MHz, 0x0000000000000000, 55, 12.45 W
2026/09/15 14:24:38.654, 2405 MHz, 0x0000000000000000, 55, 12.34 W
2026/09/15 14:24:39.655, 2405 MHz, 0x0000000000000000, 55, 12.33 W
2026/09/15 14:24:40.655, 2405 MHz, 0x0000000000000000, 55, 12.35 W
2026/09/15 14:24:41.656, 2411 MHz, 0x0000000000000000, 55, 12.74 W
2026/09/15 14:24:42.656, 2405 MHz, 0x0000000000000000, 55, 12.64 W
2026/09/15 14:24:43.657, 2398 MHz, 0x0000000000000000, 55, 12.51 W
2026/09/15 14:24:44.657, 2405 MHz, 0x0000000000000000, 55, 12.48 W
2026/09/15 14:24:45.658, 2398 MHz, 0x0000000000000000, 55, 12.39 W
2026/09/15 14:24:46.658, 2457 MHz, 0x0000000000000000, 56, 16.62 W
2026/09/15 14:24:47.659, 2431 MHz, 0x0000000000000000, 56, 16.09 W
2026/09/15 14:24:48.659, 2522 MHz, 0x0000000000000000, 58, 19.68 W
2026/09/15 14:24:49.659, 2431 MHz, 0x0000000000000000, 57, 15.90 W
2026/09/15 14:24:50.660, 2431 MHz, 0x0000000000000000, 57, 15.86 W
2026/09/15 14:24:51.660, 2437 MHz, 0x0000000000000000, 57, 16.48 W
2026/09/15 14:24:52.661, 2450 MHz, 0x0000000000000000, 58, 19.21 W
2026/09/15 14:24:53.661, 2522 MHz, 0x0000000000000000, 59, 18.96 W
2026/09/15 14:24:54.661, 2437 MHz, 0x0000000000000000, 58, 20.51 W
2026/09/15 14:24:55.661, 2489 MHz, 0x0000000000000000, 59, 20.65 W
2026/09/15 14:24:56.661, 2450 MHz, 0x0000000000000000, 58, 18.28 W
2026/09/15 14:24:57.662, 2463 MHz, 0x0000000000000000, 59, 16.31 W
2026/09/15 14:24:58.662, 2431 MHz, 0x0000000000000000, 58, 17.65 W
2026/09/15 14:24:59.662, 2437 MHz, 0x0000000000000000, 58, 16.22 W
2026/09/15 14:25:00.662, 2424 MHz, 0x0000000000000000, 58, 15.45 W
2026/09/15 14:25:01.663, 2476 MHz, 0x0000000000000000, 59, 15.37 W
2026/09/15 14:25:02.663, 2437 MHz, 0x0000000000000000, 59, 15.88 W
2026/09/15 14:25:03.663, 2418 MHz, 0x0000000000000000, 58, 15.36 W
2026/09/15 14:25:04.664, 2437 MHz, 0x0000000000000000, 59, 16.46 W
2026/09/15 14:25:05.664, 2437 MHz, 0x0000000000000000, 59, 15.55 W
2026/09/15 14:25:06.664, 2483 MHz, 0x0000000000000000, 59, 16.11 W
2026/09/15 14:25:07.664, 2450 MHz, 0x0000000000000000, 59, 17.06 W
2026/09/15 14:25:08.664, 2457 MHz, 0x0000000000000000, 59, 16.85 W
2026/09/15 14:25:09.664, 2483 MHz, 0x0000000000000000, 59, 16.57 W
2026/09/15 14:25:10.664, 2457 MHz, 0x0000000000000000, 59, 17.16 W
2026/09/15 14:25:11.665, 2457 MHz, 0x0000000000000000, 59, 17.23 W
2026/09/15 14:25:12.665, 2483 MHz, 0x0000000000000000, 60, 17.05 W
2026/09/15 14:25:13.665, 2457 MHz, 0x0000000000000000, 60, 17.44 W
2026/09/15 14:25:14.665, 2457 MHz, 0x0000000000000000, 60, 17.73 W
2026/09/15 14:25:15.665, 2470 MHz, 0x0000000000000000, 60, 17.11 W
2026/09/15 14:25:16.666, 2457 MHz, 0x0000000000000000, 60, 17.44 W
2026/09/15 14:25:17.666, 2450 MHz, 0x0000000000000000, 60, 17.24 W
2026/09/15 14:25:18.666, 2476 MHz, 0x0000000000000000, 60, 18.31 W
2026/09/15 14:25:19.666, 2470 MHz, 0x0000000000000000, 60, 18.51 W
2026/09/15 14:25:20.666, 2470 MHz, 0x0000000000000000, 60, 18.34 W
2026/09/15 14:25:21.667, 2496 MHz, 0x0000000000000000, 60, 17.65 W
2026/09/15 14:25:22.667, 2457 MHz, 0x0000000000000000, 60, 18.05 W
2026/09/15 14:25:23.667, 2457 MHz, 0x0000000000000000, 60, 17.55 W
2026/09/15 14:25:24.667, 2476 MHz, 0x0000000000000000, 60, 17.04 W
2026/09/15 14:25:25.667, 2457 MHz, 0x0000000000000000, 60, 17.50 W
2026/09/15 14:25:26.668, 2405 MHz, 0x0000000000000000, 60, 16.16 W
2026/09/15 14:25:27.668, 2437 MHz, 0x0000000000000000, 60, 16.57 W
2026/09/15 14:25:28.668, 2444 MHz, 0x0000000000000000, 60, 16.18 W
2026/09/15 14:25:29.669, 2470 MHz, 0x0000000000000000, 60, 16.23 W
2026/09/15 14:25:30.669, 2444 MHz, 0x0000000000000000, 60, 16.47 W
2026/09/15 14:25:31.670, 2424 MHz, 0x0000000000000000, 60, 15.95 W
2026/09/15 14:25:32.670, 2457 MHz, 0x0000000000000000, 60, 17.20 W
2026/09/15 14:25:33.670, 2470 MHz, 0x0000000000000000, 61, 17.47 W
2026/09/15 14:25:34.670, 2405 MHz, 0x0000000000000000, 61, 16.97 W
2026/09/15 14:25:35.671, 2522 MHz, 0x0000000000000000, 61, 22.28 W
2026/09/15 14:25:36.671, 2450 MHz, 0x0000000000000000, 61, 17.00 W
2026/09/15 14:25:37.672, 2405 MHz, 0x0000000000000000, 60, 14.95 W
2026/09/15 14:25:38.672, 2405 MHz, 0x0000000000000000, 60, 14.15 W
2026/09/15 14:25:39.672, 2405 MHz, 0x0000000000000000, 60, 14.11 W
2026/09/15 14:25:40.672, 2405 MHz, 0x0000000000000000, 60, 18.02 W
2026/09/15 14:25:41.673, 2450 MHz, 0x0000000000000000, 61, 15.36 W
2026/09/15 14:25:42.673, 2463 MHz, 0x0000000000000000, 62, 22.77 W
2026/09/15 14:25:43.674, 2398 MHz, 0x0000000000000000, 60, 17.42 W
2026/09/15 14:25:44.674, 2398 MHz, 0x0000000000000000, 59, 12.96 W
2026/09/15 14:25:45.674, 2398 MHz, 0x0000000000000000, 59, 12.94 W
2026/09/15 14:25:46.675, 2398 MHz, 0x0000000000000000, 59, 12.87 W
2026/09/15 14:25:47.675, 2398 MHz, 0x0000000000000000, 59, 12.90 W
2026/09/15 14:25:48.676, 2522 MHz, 0x0000000000000000, 60, 16.33 W
2026/09/15 14:25:49.676, 2522 MHz, 0x0000000000000000, 60, 21.05 W
2026/09/15 14:25:50.676, 2522 MHz, 0x0000000000000000, 60, 21.05 W
2026/09/15 14:25:51.676, 2522 MHz, 0x0000000000000000, 60, 21.00 W
2026/09/15 14:25:52.677, 2522 MHz, 0x0000000000000000, 60, 21.05 W
2026/09/15 14:25:53.677, 2522 MHz, 0x0000000000000000, 60, 21.04 W
2026/09/15 14:25:54.678, 2522 MHz, 0x0000000000000000, 60, 21.03 W
2026/09/15 14:25:55.678, 2522 MHz, 0x0000000000000000, 60, 21.08 W
2026/09/15 14:25:56.678, 2522 MHz, 0x0000000000000000, 60, 21.05 W
2026/09/15 14:25:57.679, 2522 MHz, 0x0000000000000000, 60, 21.08 W
2026/09/15 14:25:58.679, 2522 MHz, 0x0000000000000000, 60, 21.01 W
2026/09/15 14:25:59.679, 2522 MHz, 0x0000000000000000, 60, 21.07 W
2026/09/15 14:26:00.680, 2398 MHz, 0x0000000000000000, 59, 16.14 W
2026/09/15 14:26:01.681, 2398 MHz, 0x0000000000000000, 59, 12.69 W
2026/09/15 14:26:02.681, 2398 MHz, 0x0000000000000000, 58, 13.12 W
2026/09/15 14:26:03.681, 2398 MHz, 0x0000000000000000, 58, 12.73 W
2026/09/15 14:26:04.682, 2398 MHz, 0x0000000000000000, 58, 12.58 W
2026/09/15 14:26:05.682, 2470 MHz, 0x0000000000000000, 63, 28.79 W
2026/09/15 14:26:06.683, 2463 MHz, 0x0000000000000000, 64, 40.80 W
2026/09/15 14:26:07.683, 2398 MHz, 0x0000000000000000, 59, 16.38 W
2026/09/15 14:26:08.683, 2405 MHz, 0x0000000000000000, 59, 28.41 W
2026/09/15 14:26:09.683, 2437 MHz, 0x0000000000000000, 59, 17.25 W
2026/09/15 14:26:10.684, 2437 MHz, 0x0000000000000000, 60, 16.93 W
2026/09/15 14:26:11.685, 2431 MHz, 0x0000000000000000, 59, 16.56 W
2026/09/15 14:26:12.685, 2450 MHz, 0x0000000000000000, 59, 15.96 W
2026/09/15 14:26:13.686, 2431 MHz, 0x0000000000000000, 59, 16.32 W
2026/09/15 14:26:14.687, 2463 MHz, 0x0000000000000000, 59, 16.46 W
2026/09/15 14:26:15.687, 2398 MHz, 0x0000000000000000, 58, 12.62 W
2026/09/15 14:26:16.688, 2398 MHz, 0x0000000000000000, 58, 13.04 W
2026/09/15 14:26:17.689, 2463 MHz, 0x0000000000000000, 61, 35.36 W
2026/09/15 14:26:18.690, 2437 MHz, 0x0000000000000000, 59, 17.34 W
2026/09/15 14:26:19.690, 2437 MHz, 0x0000000000000000, 58, 17.69 W
2026/09/15 14:26:20.691, 2418 MHz, 0x0000000000000000, 59, 16.17 W
2026/09/15 14:26:21.691, 2450 MHz, 0x0000000000000000, 58, 16.24 W
2026/09/15 14:26:22.692, 2437 MHz, 0x0000000000000000, 58, 16.75 W
2026/09/15 14:26:23.692, 2450 MHz, 0x0000000000000000, 58, 16.38 W
2026/09/15 14:26:24.692, 2437 MHz, 0x0000000000000000, 58, 21.39 W
2026/09/15 14:26:25.693, 2398 MHz, 0x0000000000000000, 58, 12.53 W
2026/09/15 14:26:26.693, 2398 MHz, 0x0000000000000000, 57, 12.31 W
2026/09/15 14:26:27.694, 2398 MHz, 0x0000000000000000, 57, 12.27 W
2026/09/15 14:26:28.695, 2398 MHz, 0x0000000000000000, 57, 12.31 W
2026/09/15 14:26:29.696, 2398 MHz, 0x0000000000000000, 57, 12.29 W
2026/09/15 14:26:30.697, 2398 MHz, 0x0000000000000000, 57, 12.24 W
2026/09/15 14:26:31.697, 2398 MHz, 0x0000000000000000, 57, 12.26 W
2026/09/15 14:26:32.698, 2398 MHz, 0x0000000000000000, 56, 12.15 W
2026/09/15 14:26:33.699, 2398 MHz, 0x0000000000000000, 56, 12.11 W
2026/09/15 14:26:34.700, 2398 MHz, 0x0000000000000000, 56, 12.14 W
2026/09/15 14:26:35.701, 2398 MHz, 0x0000000000000000, 56, 12.08 W
2026/09/15 14:26:36.701, 2398 MHz, 0x0000000000000000, 56, 12.08 W
2026/09/15 14:26:37.702, 2398 MHz, 0x0000000000000000, 56, 12.07 W
2026/09/15 14:26:38.703, 2398 MHz, 0x0000000000000000, 56, 12.07 W
2026/09/15 14:26:39.703, 2398 MHz, 0x0000000000000000, 55, 12.01 W
2026/09/15 14:26:40.704, 2398 MHz, 0x0000000000000000, 55, 11.98 W
2026/09/15 14:26:41.704, 2398 MHz, 0x0000000000000000, 55, 12.01 W
2026/09/15 14:26:42.705, 2398 MHz, 0x0000000000000000, 55, 11.94 W
2026/09/15 14:26:43.706, 2398 MHz, 0x0000000000000000, 55, 11.96 W
2026/09/15 14:26:44.706, 2398 MHz, 0x0000000000000000, 55, 11.95 W
2026/09/15 14:26:45.707, 2398 MHz, 0x0000000000000000, 55, 11.93 W
2026/09/15 14:26:46.707, 2398 MHz, 0x0000000000000000, 55, 11.96 W
2026/09/15 14:26:47.708, 2398 MHz, 0x0000000000000000, 55, 11.94 W
2026/09/15 14:26:48.708, 2398 MHz, 0x0000000000000000, 55, 11.89 W
2026/09/15 14:26:49.709, 2398 MHz, 0x0000000000000000, 54, 11.91 W
2026/09/15 14:26:50.709, 2398 MHz, 0x0000000000000000, 54, 11.88 W
2026/09/15 14:26:51.710, 2398 MHz, 0x0000000000000000, 54, 11.85 W
2026/09/15 14:26:52.710, 2398 MHz, 0x0000000000000000, 54, 11.90 W
2026/09/15 14:26:53.710, 2398 MHz, 0x0000000000000000, 54, 16.79 W
2026/09/15 14:26:54.710, 2398 MHz, 0x0000000000000000, 54, 11.99 W
2026/09/15 14:26:55.711, 2522 MHz, 0x0000000000000000, 59, 31.49 W
2026/09/15 14:26:56.711, 2522 MHz, 0x0000000000000000, 59, 36.24 W
2026/09/15 14:26:57.711, 2509 MHz, 0x0000000000000000, 59, 33.55 W
2026/09/15 14:26:58.712, 2522 MHz, 0x0000000000000000, 60, 36.32 W
2026/09/15 14:26:59.712, 2522 MHz, 0x0000000000000000, 61, 36.42 W
2026/09/15 14:27:00.713, 2522 MHz, 0x0000000000000000, 61, 35.09 W
2026/09/15 14:27:01.713, 2522 MHz, 0x0000000000000000, 61, 36.63 W
2026/09/15 14:27:02.713, 2522 MHz, 0x0000000000000000, 62, 36.72 W
2026/09/15 14:27:03.714, 2522 MHz, 0x0000000000000000, 62, 36.76 W
2026/09/15 14:27:04.714, 2515 MHz, 0x0000000000000000, 62, 32.96 W
2026/09/15 14:27:05.714, 2522 MHz, 0x0000000000000000, 62, 36.78 W
2026/09/15 14:27:06.715, 2522 MHz, 0x0000000000000000, 62, 36.86 W
2026/09/15 14:27:07.715, 2522 MHz, 0x0000000000000000, 62, 37.12 W
2026/09/15 14:27:08.715, 2502 MHz, 0x0000000000000000, 63, 38.59 W
2026/09/15 14:27:09.715, 2502 MHz, 0x0000000000000000, 63, 39.56 W
2026/09/15 14:27:10.716, 2502 MHz, 0x0000000000000000, 63, 35.53 W
2026/09/15 14:27:11.716, 2502 MHz, 0x0000000000000000, 63, 37.24 W
2026/09/15 14:27:12.717, 2489 MHz, 0x0000000000000000, 63, 35.35 W
2026/09/15 14:27:13.717, 2502 MHz, 0x0000000000000000, 64, 37.10 W
2026/09/15 14:27:14.717, 2502 MHz, 0x0000000000000000, 64, 37.35 W
2026/09/15 14:27:15.717, 2502 MHz, 0x0000000000000000, 64, 35.98 W
2026/09/15 14:27:16.718, 2502 MHz, 0x0000000000000000, 64, 37.29 W
2026/09/15 14:27:17.718, 2502 MHz, 0x0000000000000000, 64, 37.44 W
2026/09/15 14:27:18.719, 2496 MHz, 0x0000000000000000, 64, 34.12 W
2026/09/15 14:27:19.719, 2502 MHz, 0x0000000000000000, 64, 37.31 W
2026/09/15 14:27:20.719, 2502 MHz, 0x0000000000000000, 66, 38.39 W
2026/09/15 14:27:21.720, 2502 MHz, 0x0000000000000000, 65, 39.06 W
2026/09/15 14:27:22.720, 2502 MHz, 0x0000000000000000, 65, 40.54 W
2026/09/15 14:27:23.720, 2502 MHz, 0x0000000000000000, 65, 36.13 W
2026/09/15 14:27:24.721, 2489 MHz, 0x0000000000000000, 64, 35.66 W
2026/09/15 14:27:25.721, 2502 MHz, 0x0000000000000000, 65, 37.56 W
2026/09/15 14:27:26.721, 2502 MHz, 0x0000000000000000, 65, 37.38 W
2026/09/15 14:27:27.721, 2502 MHz, 0x0000000000000000, 66, 36.70 W
2026/09/15 14:27:28.721, 2502 MHz, 0x0000000000000000, 66, 37.69 W
2026/09/15 14:27:29.722, 2502 MHz, 0x0000000000000000, 66, 37.94 W
2026/09/15 14:27:30.722, 2489 MHz, 0x0000000000000000, 65, 34.03 W
2026/09/15 14:27:31.723, 2502 MHz, 0x0000000000000000, 66, 37.70 W
2026/09/15 14:27:32.723, 2502 MHz, 0x0000000000000000, 66, 37.84 W
2026/09/15 14:27:33.723, 2502 MHz, 0x0000000000000000, 66, 37.76 W
2026/09/15 14:27:34.723, 2502 MHz, 0x0000000000000000, 66, 39.99 W
2026/09/15 14:27:35.724, 2502 MHz, 0x0000000000000000, 66, 40.93 W
2026/09/15 14:27:36.724, 2496 MHz, 0x0000000000000000, 68, 36.74 W
2026/09/15 14:27:37.725, 2496 MHz, 0x0000000000000000, 68, 54.63 W
2026/09/15 14:27:38.725, 2483 MHz, 0x0000000000000000, 67, 53.24 W
2026/09/15 14:27:39.725, 2483 MHz, 0x0000000000000000, 70, 29.32 W
2026/09/15 14:27:40.726, 2483 MHz, 0x0000000000000000, 71, 58.67 W
2026/09/15 14:27:41.726, 2483 MHz, 0x0000000000000000, 72, 59.56 W
2026/09/15 14:27:42.726, 2470 MHz, 0x0000000000000000, 72, 59.87 W
2026/09/15 14:27:43.727, 2470 MHz, 0x0000000000000000, 73, 60.44 W
2026/09/15 14:27:44.727, 2470 MHz, 0x0000000000000000, 71, 59.43 W
2026/09/15 14:27:45.727, 2463 MHz, 0x0000000000000000, 72, 61.33 W
2026/09/15 14:27:46.727, 2470 MHz, 0x0000000000000000, 73, 61.84 W
2026/09/15 14:27:47.728, 2470 MHz, 0x0000000000000000, 74, 62.18 W
2026/09/15 14:27:48.728, 2470 MHz, 0x0000000000000000, 74, 62.75 W
2026/09/15 14:27:49.728, 2470 MHz, 0x0000000000000000, 75, 63.18 W
2026/09/15 14:27:50.729, 2470 MHz, 0x0000000000000000, 75, 63.35 W
2026/09/15 14:27:51.729, 2463 MHz, 0x0000000000000000, 75, 63.75 W
2026/09/15 14:27:52.729, 2470 MHz, 0x0000000000000000, 76, 64.35 W
2026/09/15 14:27:53.730, 2470 MHz, 0x0000000000000000, 76, 64.70 W
2026/09/15 14:27:54.730, 2470 MHz, 0x0000000000000000, 76, 65.05 W
2026/09/15 14:27:55.730, 2470 MHz, 0x0000000000000000, 77, 65.42 W
2026/09/15 14:27:56.731, 2470 MHz, 0x0000000000000000, 76, 65.61 W
2026/09/15 14:27:57.731, 2463 MHz, 0x0000000000000000, 78, 65.75 W
2026/09/15 14:27:58.731, 2463 MHz, 0x0000000000000000, 77, 66.08 W
2026/09/15 14:27:59.731, 2463 MHz, 0x0000000000000000, 76, 66.05 W
2026/09/15 14:28:00.732, 2463 MHz, 0x0000000000000000, 76, 66.15 W
2026/09/15 14:28:01.732, 2470 MHz, 0x0000000000000000, 78, 66.76 W
2026/09/15 14:28:02.732, 2470 MHz, 0x0000000000000000, 79, 68.48 W
2026/09/15 14:28:03.732, 2470 MHz, 0x0000000000000000, 77, 68.18 W
2026/09/15 14:28:04.732, 2470 MHz, 0x0000000000000000, 80, 67.88 W
2026/09/15 14:28:05.733, 2470 MHz, 0x0000000000000000, 78, 68.47 W
2026/09/15 14:28:06.733, 2470 MHz, 0x0000000000000000, 80, 68.34 W
2026/09/15 14:28:07.734, 2463 MHz, 0x0000000000000000, 78, 68.39 W
2026/09/15 14:28:08.734, 2470 MHz, 0x0000000000000000, 79, 68.83 W
2026/09/15 14:28:09.735, 2463 MHz, 0x0000000000000000, 78, 68.79 W
2026/09/15 14:28:10.735, 2463 MHz, 0x0000000000000000, 81, 70.07 W
2026/09/15 14:28:11.736, 2463 MHz, 0x0000000000000000, 79, 70.81 W
2026/09/15 14:28:12.736, 2457 MHz, 0x0000000000000000, 80, 69.52 W
2026/09/15 14:28:13.736, 2457 MHz, 0x0000000000000000, 80, 69.89 W
2026/09/15 14:28:14.737, 2463 MHz, 0x0000000000000000, 82, 70.18 W
2026/09/15 14:28:15.737, 2463 MHz, 0x0000000000000000, 79, 70.22 W
2026/09/15 14:28:16.738, 2463 MHz, 0x0000000000000000, 77, 70.62 W
2026/09/15 14:28:17.738, 2450 MHz, 0x0000000000000000, 80, 72.60 W
2026/09/15 14:28:18.739, 2444 MHz, 0x0000000000000000, 83, 71.27 W
2026/09/15 14:28:19.739, 2450 MHz, 0x0000000000000000, 82, 71.23 W
2026/09/15 14:28:20.740, 2444 MHz, 0x0000000000000000, 81, 71.44 W
2026/09/15 14:28:21.740, 2450 MHz, 0x0000000000000000, 81, 70.87 W
2026/09/15 14:28:22.741, 2444 MHz, 0x0000000000000000, 78, 72.01 W
2026/09/15 14:28:23.741, 2444 MHz, 0x0000000000000000, 83, 73.03 W
2026/09/15 14:28:24.742, 2444 MHz, 0x0000000000000000, 81, 71.62 W
2026/09/15 14:28:25.742, 2450 MHz, 0x0000000000000000, 81, 72.04 W
2026/09/15 14:28:26.743, 2450 MHz, 0x0000000000000000, 83, 72.80 W
2026/09/15 14:28:27.743, 2444 MHz, 0x0000000000000000, 80, 72.74 W
2026/09/15 14:28:28.744, 2444 MHz, 0x0000000000000000, 81, 73.23 W
2026/09/15 14:28:29.744, 2437 MHz, 0x0000000000000000, 72, 43.25 W
2026/09/15 14:28:30.745, 2411 MHz, 0x0000000000000000, 70, 16.38 W
2026/09/15 14:28:31.745, 2457 MHz, 0x0000000000000000, 82, 66.19 W
2026/09/15 14:28:32.746, 2450 MHz, 0x0000000000000000, 82, 72.64 W
2026/09/15 14:28:33.746, 2450 MHz, 0x0000000000000000, 82, 71.99 W
2026/09/15 14:28:34.746, 2450 MHz, 0x0000000000000000, 82, 74.48 W
2026/09/15 14:28:35.747, 2444 MHz, 0x0000000000000000, 81, 72.39 W
2026/09/15 14:28:36.747, 2444 MHz, 0x0000000000000000, 82, 73.48 W
2026/09/15 14:28:37.748, 2450 MHz, 0x0000000000000000, 82, 72.96 W
2026/09/15 14:28:38.748, 2444 MHz, 0x0000000000000000, 81, 75.18 W
2026/09/15 14:28:39.749, 2444 MHz, 0x0000000000000000, 84, 73.57 W
2026/09/15 14:28:40.749, 2450 MHz, 0x0000000000000000, 83, 72.75 W
2026/09/15 14:28:41.750, 2444 MHz, 0x0000000000000000, 78, 73.72 W
2026/09/15 14:28:42.750, 2444 MHz, 0x0000000000000000, 83, 75.51 W
2026/09/15 14:28:43.750, 2444 MHz, 0x0000000000000000, 83, 74.30 W
2026/09/15 14:28:44.751, 2444 MHz, 0x0000000000000000, 80, 73.38 W
2026/09/15 14:28:45.751, 2444 MHz, 0x0000000000000000, 84, 76.69 W
2026/09/15 14:28:46.751, 2444 MHz, 0x0000000000000000, 84, 74.21 W
2026/09/15 14:28:47.752, 2450 MHz, 0x0000000000000000, 83, 74.18 W
2026/09/15 14:28:48.752, 2444 MHz, 0x0000000000000000, 82, 76.31 W
2026/09/15 14:28:49.753, 2444 MHz, 0x0000000000000000, 84, 74.74 W
2026/09/15 14:28:50.753, 2450 MHz, 0x0000000000000000, 84, 74.61 W
2026/09/15 14:28:51.754, 2444 MHz, 0x0000000000000000, 84, 76.78 W
2026/09/15 14:28:52.754, 2444 MHz, 0x0000000000000000, 84, 75.39 W
2026/09/15 14:28:53.755, 2444 MHz, 0x0000000000000000, 82, 74.75 W
2026/09/15 14:28:54.755, 2444 MHz, 0x0000000000000000, 80, 75.48 W
2026/09/15 14:28:55.756, 2444 MHz, 0x0000000000000000, 82, 76.99 W
2026/09/15 14:28:56.756, 2444 MHz, 0x0000000000000000, 84, 75.17 W
2026/09/15 14:28:57.757, 2444 MHz, 0x0000000000000000, 82, 75.86 W
2026/09/15 14:28:58.757, 2444 MHz, 0x0000000000000000, 82, 77.42 W
2026/09/15 14:28:59.758, 2444 MHz, 0x0000000000000000, 83, 75.13 W
2026/09/15 14:29:00.758, 2444 MHz, 0x0000000000000000, 84, 76.46 W
2026/09/15 14:29:01.758, 2444 MHz, 0x0000000000000000, 83, 78.09 W
2026/09/15 14:29:02.758, 2444 MHz, 0x0000000000000000, 83, 75.64 W
2026/09/15 14:29:03.759, 2444 MHz, 0x0000000000000000, 84, 77.00 W
2026/09/15 14:29:04.759, 2444 MHz, 0x0000000000000000, 83, 78.03 W
2026/09/15 14:29:05.759, 2444 MHz, 0x0000000000000000, 85, 76.23 W
2026/09/15 14:29:06.759, 2444 MHz, 0x0000000000000000, 81, 76.21 W
2026/09/15 14:29:07.760, 2444 MHz, 0x0000000000000000, 84, 78.76 W
2026/09/15 14:29:08.760, 2444 MHz, 0x0000000000000000, 86, 75.63 W
2026/09/15 14:29:09.760, 2444 MHz, 0x0000000000000000, 84, 79.04 W
2026/09/15 14:29:10.760, 2444 MHz, 0x0000000000000000, 85, 76.92 W
2026/09/15 14:29:11.761, 2444 MHz, 0x0000000000000000, 84, 76.52 W
2026/09/15 14:29:12.761, 2444 MHz, 0x0000000000000000, 84, 79.90 W
2026/09/15 14:29:13.762, 2444 MHz, 0x0000000000000000, 86, 77.06 W
2026/09/15 14:29:14.762, 2444 MHz, 0x0000000000000000, 85, 76.78 W
2026/09/15 14:29:15.763, 2444 MHz, 0x0000000000000000, 84, 80.42 W
2026/09/15 14:29:16.763, 2444 MHz, 0x0000000000000000, 85, 77.73 W
2026/09/15 14:29:17.764, 2444 MHz, 0x0000000000000000, 85, 77.35 W
2026/09/15 14:29:18.764, 2444 MHz, 0x0000000000000000, 84, 79.03 W
2026/09/15 14:29:19.764, 2444 MHz, 0x0000000000000000, 84, 78.12 W
2026/09/15 14:29:20.765, 2444 MHz, 0x0000000000000000, 84, 80.37 W
2026/09/15 14:29:21.765, 2444 MHz, 0x0000000000000000, 85, 79.16 W
2026/09/15 14:29:22.766, 2450 MHz, 0x0000000000000000, 85, 77.74 W
2026/09/15 14:29:23.766, 2444 MHz, 0x0000000000000000, 86, 80.68 W
2026/09/15 14:29:24.767, 2444 MHz, 0x0000000000000000, 86, 78.60 W
2026/09/15 14:29:25.767, 2444 MHz, 0x0000000000000000, 86, 78.55 W
2026/09/15 14:29:26.768, 2444 MHz, 0x0000000000000000, 86, 80.62 W
2026/09/15 14:29:27.768, 2444 MHz, 0x0000000000000000, 86, 78.49 W
2026/09/15 14:29:28.768, 2444 MHz, 0x0000000000000000, 87, 80.76 W
2026/09/15 14:29:29.769, 2444 MHz, 0x0000000000000000, 86, 79.25 W
2026/09/15 14:29:30.769, 2444 MHz, 0x0000000000000000, 86, 78.92 W
2026/09/15 14:29:31.770, 2444 MHz, 0x0000000000000000, 87, 81.36 W
2026/09/15 14:29:32.770, 2444 MHz, 0x0000000000000000, 86, 79.13 W
2026/09/15 14:29:33.771, 2444 MHz, 0x0000000000000000, 86, 81.26 W
2026/09/15 14:29:34.771, 2444 MHz, 0x0000000000000000, 84, 79.86 W
2026/09/15 14:29:35.772, 2444 MHz, 0x0000000000000000, 85, 78.52 W
2026/09/15 14:29:36.772, 2444 MHz, 0x0000000000000000, 85, 81.55 W
2026/09/15 14:29:37.773, 2444 MHz, 0x0000000000000000, 87, 79.75 W
2026/09/15 14:29:38.773, 2444 MHz, 0x0000000000000000, 86, 81.56 W
2026/09/15 14:29:39.774, 2444 MHz, 0x0000000000000000, 84, 79.33 W
2026/09/15 14:29:40.774, 2444 MHz, 0x0000000000000000, 86, 78.97 W
2026/09/15 14:29:41.775, 2444 MHz, 0x0000000000000000, 86, 81.79 W
2026/09/15 14:29:42.775, 2457 MHz, 0x0000000000000000, 78, 58.93 W
2026/09/15 14:29:43.776, 2483 MHz, 0x0000000000000000, 78, 44.98 W
2026/09/15 14:29:44.776, 2483 MHz, 0x0000000000000000, 78, 46.00 W
2026/09/15 14:29:45.777, 2483 MHz, 0x0000000000000000, 78, 46.35 W
2026/09/15 14:29:46.777, 2483 MHz, 0x0000000000000000, 77, 46.24 W
2026/09/15 14:29:47.778, 2483 MHz, 0x0000000000000000, 77, 46.29 W
2026/09/15 14:29:48.778, 2483 MHz, 0x0000000000000000, 77, 45.92 W
2026/09/15 14:29:49.779, 2483 MHz, 0x0000000000000000, 76, 45.85 W
2026/09/15 14:29:50.779, 2483 MHz, 0x0000000000000000, 76, 45.88 W
2026/09/15 14:29:51.780, 2483 MHz, 0x0000000000000000, 76, 45.76 W
2026/09/15 14:29:52.780, 2483 MHz, 0x0000000000000000, 76, 45.75 W
2026/09/15 14:29:53.781, 2483 MHz, 0x0000000000000000, 75, 45.53 W
2026/09/15 14:29:54.781, 2483 MHz, 0x0000000000000000, 75, 45.48 W
2026/09/15 14:29:55.782, 2483 MHz, 0x0000000000000000, 75, 45.47 W
2026/09/15 14:29:56.782, 2483 MHz, 0x0000000000000000, 75, 45.54 W
2026/09/15 14:29:57.783, 2483 MHz, 0x0000000000000000, 75, 45.38 W
2026/09/15 14:29:58.783, 2483 MHz, 0x0000000000000000, 74, 44.58 W
2026/09/15 14:29:59.783, 2483 MHz, 0x0000000000000000, 74, 43.13 W
2026/09/15 14:30:00.784, 2483 MHz, 0x0000000000000000, 73, 42.11 W
2026/09/15 14:30:01.785, 2476 MHz, 0x0000000000000000, 73, 39.54 W
2026/09/15 14:30:02.785, 2483 MHz, 0x0000000000000000, 73, 44.66 W
2026/09/15 14:30:03.786, 2483 MHz, 0x0000000000000000, 73, 44.88 W
2026/09/15 14:30:04.786, 2483 MHz, 0x0000000000000000, 73, 44.83 W
2026/09/15 14:30:05.787, 2483 MHz, 0x0000000000000000, 73, 44.74 W
2026/09/15 14:30:06.787, 2483 MHz, 0x0000000000000000, 73, 44.50 W
2026/09/15 14:30:07.788, 2483 MHz, 0x0000000000000000, 73, 44.84 W
2026/09/15 14:30:08.788, 2483 MHz, 0x0000000000000000, 73, 44.71 W
2026/09/15 14:30:09.788, 2483 MHz, 0x0000000000000000, 73, 44.44 W
2026/09/15 14:30:10.789, 2483 MHz, 0x0000000000000000, 73, 44.73 W
2026/09/15 14:30:11.789, 2483 MHz, 0x0000000000000000, 73, 44.50 W
2026/09/15 14:30:12.790, 2483 MHz, 0x0000000000000000, 72, 44.50 W
2026/09/15 14:30:13.790, 2483 MHz, 0x0000000000000000, 72, 44.34 W
2026/09/15 14:30:14.791, 2483 MHz, 0x0000000000000000, 72, 44.17 W
2026/09/15 14:30:15.791, 2483 MHz, 0x0000000000000000, 72, 44.36 W
2026/09/15 14:30:16.792, 2483 MHz, 0x0000000000000000, 72, 43.72 W
2026/09/15 14:30:17.792, 2483 MHz, 0x0000000000000000, 72, 43.20 W
2026/09/15 14:30:18.793, 2483 MHz, 0x0000000000000000, 72, 42.56 W
2026/09/15 14:30:19.793, 2502 MHz, 0x0000000000000000, 72, 41.41 W
2026/09/15 14:30:20.794, 2483 MHz, 0x0000000000000000, 72, 44.04 W
2026/09/15 14:30:21.795, 2483 MHz, 0x0000000000000000, 72, 43.87 W
2026/09/15 14:30:22.795, 2483 MHz, 0x0000000000000000, 72, 44.03 W
2026/09/15 14:30:23.796, 2483 MHz, 0x0000000000000000, 72, 43.92 W
2026/09/15 14:30:24.796, 2483 MHz, 0x0000000000000000, 72, 44.12 W
2026/09/15 14:30:25.797, 2483 MHz, 0x0000000000000000, 72, 44.21 W
2026/09/15 14:30:26.797, 2483 MHz, 0x0000000000000000, 72, 44.09 W
2026/09/15 14:30:27.797, 2483 MHz, 0x0000000000000000, 72, 44.03 W
2026/09/15 14:30:28.798, 2483 MHz, 0x0000000000000000, 72, 44.21 W
2026/09/15 14:30:29.798, 2483 MHz, 0x0000000000000000, 72, 44.29 W
2026/09/15 14:30:30.799, 2483 MHz, 0x0000000000000000, 72, 44.37 W
2026/09/15 14:30:31.799, 2483 MHz, 0x0000000000000000, 72, 44.47 W
2026/09/15 14:30:32.799, 2483 MHz, 0x0000000000000000, 72, 44.55 W
2026/09/15 14:30:33.800, 2483 MHz, 0x0000000000000000, 72, 44.65 W
2026/09/15 14:30:34.800, 2483 MHz, 0x0000000000000000, 72, 44.60 W
2026/09/15 14:30:35.800, 2483 MHz, 0x0000000000000000, 72, 43.46 W
2026/09/15 14:30:36.801, 2489 MHz, 0x0000000000000000, 71, 40.92 W
2026/09/15 14:30:37.801, 2470 MHz, 0x0000000000000000, 69, 35.22 W
2026/09/15 14:30:38.802, 2502 MHz, 0x0000000000000000, 71, 39.04 W
2026/09/15 14:30:39.802, 2502 MHz, 0x0000000000000000, 71, 39.39 W
2026/09/15 14:30:40.803, 2502 MHz, 0x0000000000000000, 71, 39.27 W
2026/09/15 14:30:41.803, 2502 MHz, 0x0000000000000000, 71, 39.39 W
2026/09/15 14:30:42.804, 2502 MHz, 0x0000000000000000, 71, 36.07 W
2026/09/15 14:30:43.805, 2502 MHz, 0x0000000000000000, 71, 39.10 W
2026/09/15 14:30:44.805, 2502 MHz, 0x0000000000000000, 71, 39.29 W
2026/09/15 14:30:45.805, 2502 MHz, 0x0000000000000000, 71, 39.29 W
2026/09/15 14:30:46.806, 2502 MHz, 0x0000000000000000, 71, 39.23 W
2026/09/15 14:30:47.806, 2502 MHz, 0x0000000000000000, 71, 36.56 W
2026/09/15 14:30:48.806, 2502 MHz, 0x0000000000000000, 71, 39.40 W
2026/09/15 14:30:49.807, 2502 MHz, 0x0000000000000000, 71, 39.31 W
2026/09/15 14:30:50.808, 2502 MHz, 0x0000000000000000, 71, 39.40 W
2026/09/15 14:30:51.808, 2502 MHz, 0x0000000000000000, 71, 39.35 W
2026/09/15 14:30:52.809, 2502 MHz, 0x0000000000000000, 72, 40.57 W
2026/09/15 14:30:53.809, 2502 MHz, 0x0000000000000000, 72, 43.09 W
2026/09/15 14:30:54.809, 2502 MHz, 0x0000000000000000, 72, 42.98 W
2026/09/15 14:30:55.810, 2502 MHz, 0x0000000000000000, 72, 43.23 W
2026/09/15 14:30:56.810, 2502 MHz, 0x0000000000000000, 72, 43.15 W
2026/09/15 14:30:57.810, 2502 MHz, 0x0000000000000000, 72, 43.24 W
2026/09/15 14:30:58.811, 2483 MHz, 0x0000000000000000, 72, 42.62 W
2026/09/15 14:30:59.811, 2502 MHz, 0x0000000000000000, 72, 40.08 W
2026/09/15 14:31:00.811, 2483 MHz, 0x0000000000000000, 73, 43.39 W
2026/09/15 14:31:01.811, 2483 MHz, 0x0000000000000000, 73, 43.41 W
2026/09/15 14:31:02.812, 2483 MHz, 0x0000000000000000, 73, 43.44 W
2026/09/15 14:31:03.812, 2483 MHz, 0x0000000000000000, 73, 43.51 W
2026/09/15 14:31:04.812, 2483 MHz, 0x0000000000000000, 73, 43.48 W
2026/09/15 14:31:05.813, 2483 MHz, 0x0000000000000000, 72, 41.85 W
2026/09/15 14:31:06.813, 2476 MHz, 0x0000000000000000, 70, 34.31 W
2026/09/15 14:31:07.813, 2483 MHz, 0x0000000000000000, 73, 39.41 W
2026/09/15 14:31:08.813, 2483 MHz, 0x0000000000000000, 73, 43.58 W
2026/09/15 14:31:09.814, 2483 MHz, 0x0000000000000000, 73, 43.39 W
2026/09/15 14:31:10.814, 2483 MHz, 0x0000000000000000, 73, 43.42 W
2026/09/15 14:31:11.815, 2483 MHz, 0x0000000000000000, 73, 43.57 W
2026/09/15 14:31:12.815, 2483 MHz, 0x0000000000000000, 73, 43.20 W
2026/09/15 14:31:13.815, 2483 MHz, 0x0000000000000000, 71, 39.56 W
2026/09/15 14:31:14.815, 2483 MHz, 0x0000000000000000, 72, 38.63 W
2026/09/15 14:31:15.816, 2483 MHz, 0x0000000000000000, 72, 39.73 W
2026/09/15 14:31:16.816, 2483 MHz, 0x0000000000000000, 72, 39.74 W
2026/09/15 14:31:17.816, 2483 MHz, 0x0000000000000000, 72, 39.74 W
2026/09/15 14:31:18.816, 2502 MHz, 0x0000000000000000, 72, 36.99 W
2026/09/15 14:31:19.817, 2483 MHz, 0x0000000000000000, 72, 39.39 W
2026/09/15 14:31:20.817, 2483 MHz, 0x0000000000000000, 72, 39.59 W
2026/09/15 14:31:21.817, 2483 MHz, 0x0000000000000000, 72, 39.58 W
2026/09/15 14:31:22.818, 2483 MHz, 0x0000000000000000, 72, 39.57 W
2026/09/15 14:31:23.818, 2502 MHz, 0x0000000000000000, 72, 37.15 W
2026/09/15 14:31:24.818, 2483 MHz, 0x0000000000000000, 72, 39.67 W
2026/09/15 14:31:25.818, 2483 MHz, 0x0000000000000000, 72, 39.73 W
2026/09/15 14:31:26.819, 2483 MHz, 0x0000000000000000, 72, 39.74 W
2026/09/15 14:31:27.819, 2483 MHz, 0x0000000000000000, 72, 39.78 W
2026/09/15 14:31:28.820, 2489 MHz, 0x0000000000000000, 73, 38.67 W
2026/09/15 14:31:29.820, 2483 MHz, 0x0000000000000000, 73, 42.14 W
2026/09/15 14:31:30.820, 2483 MHz, 0x0000000000000000, 73, 42.19 W
2026/09/15 14:31:31.821, 2483 MHz, 0x0000000000000000, 73, 42.34 W
2026/09/15 14:31:32.821, 2483 MHz, 0x0000000000000000, 73, 42.31 W
2026/09/15 14:31:33.822, 2483 MHz, 0x0000000000000000, 73, 41.11 W
2026/09/15 14:31:34.823, 2483 MHz, 0x0000000000000000, 73, 39.04 W
2026/09/15 14:31:35.823, 2483 MHz, 0x0000000000000000, 73, 42.36 W
2026/09/15 14:31:36.824, 2483 MHz, 0x0000000000000000, 73, 42.48 W
2026/09/15 14:31:37.824, 2483 MHz, 0x0000000000000000, 73, 42.53 W
2026/09/15 14:31:38.825, 2483 MHz, 0x0000000000000000, 73, 42.56 W
2026/09/15 14:31:39.825, 2483 MHz, 0x0000000000000000, 73, 40.09 W
2026/09/15 14:31:40.826, 2489 MHz, 0x0000000000000000, 73, 36.10 W
2026/09/15 14:31:41.826, 2483 MHz, 0x0000000000000000, 73, 42.01 W
2026/09/15 14:31:42.826, 2483 MHz, 0x0000000000000000, 73, 42.24 W
2026/09/15 14:31:43.827, 2483 MHz, 0x0000000000000000, 73, 42.26 W
2026/09/15 14:31:44.827, 2483 MHz, 0x0000000000000000, 73, 42.37 W
2026/09/15 14:31:45.827, 2483 MHz, 0x0000000000000000, 73, 41.58 W
2026/09/15 14:31:46.827, 2476 MHz, 0x0000000000000000, 73, 37.15 W
2026/09/15 14:31:47.828, 2483 MHz, 0x0000000000000000, 74, 44.93 W
2026/09/15 14:31:48.828, 2483 MHz, 0x0000000000000000, 74, 45.24 W
2026/09/15 14:31:49.828, 2483 MHz, 0x0000000000000000, 74, 45.00 W
2026/09/15 14:31:50.828, 2483 MHz, 0x0000000000000000, 74, 44.92 W
2026/09/15 14:31:51.829, 2483 MHz, 0x0000000000000000, 74, 45.27 W
2026/09/15 14:31:52.829, 2483 MHz, 0x0000000000000000, 74, 45.04 W
2026/09/15 14:31:53.829, 2483 MHz, 0x0000000000000000, 74, 43.29 W
2026/09/15 14:31:54.830, 2476 MHz, 0x0000000000000000, 74, 40.92 W
2026/09/15 14:31:55.831, 2483 MHz, 0x0000000000000000, 74, 44.94 W
2026/09/15 14:31:56.831, 2483 MHz, 0x0000000000000000, 74, 45.00 W
2026/09/15 14:31:57.832, 2483 MHz, 0x0000000000000000, 74, 44.97 W
2026/09/15 14:31:58.832, 2483 MHz, 0x0000000000000000, 74, 45.09 W
2026/09/15 14:31:59.833, 2483 MHz, 0x0000000000000000, 74, 45.25 W
2026/09/15 14:32:00.833, 2483 MHz, 0x0000000000000000, 75, 45.21 W
2026/09/15 14:32:01.834, 2483 MHz, 0x0000000000000000, 74, 43.28 W
2026/09/15 14:32:02.835, 2470 MHz, 0x0000000000000000, 72, 34.12 W
2026/09/15 14:32:03.835, 2483 MHz, 0x0000000000000000, 74, 43.23 W
2026/09/15 14:32:04.836, 2483 MHz, 0x0000000000000000, 75, 45.02 W
2026/09/15 14:32:05.836, 2483 MHz, 0x0000000000000000, 74, 45.15 W
2026/09/15 14:32:06.837, 2483 MHz, 0x0000000000000000, 75, 45.28 W
2026/09/15 14:32:07.837, 2483 MHz, 0x0000000000000000, 75, 45.24 W
2026/09/15 14:32:08.838, 2483 MHz, 0x0000000000000000, 75, 45.33 W
2026/09/15 14:32:09.838, 2483 MHz, 0x0000000000000000, 74, 44.06 W
2026/09/15 14:32:10.838, 2483 MHz, 0x0000000000000000, 73, 39.64 W
2026/09/15 14:32:11.839, 2483 MHz, 0x0000000000000000, 74, 39.58 W
2026/09/15 14:32:12.840, 2483 MHz, 0x0000000000000000, 74, 40.31 W
2026/09/15 14:32:13.840, 2483 MHz, 0x0000000000000000, 74, 40.47 W
2026/09/15 14:32:14.841, 2483 MHz, 0x0000000000000000, 74, 40.45 W
2026/09/15 14:32:15.841, 2483 MHz, 0x0000000000000000, 74, 37.43 W
2026/09/15 14:32:16.842, 2483 MHz, 0x0000000000000000, 74, 40.19 W
2026/09/15 14:32:17.843, 2483 MHz, 0x0000000000000000, 74, 40.19 W
2026/09/15 14:32:18.843, 2483 MHz, 0x0000000000000000, 73, 40.09 W
2026/09/15 14:32:19.844, 2483 MHz, 0x0000000000000000, 74, 40.10 W
2026/09/15 14:32:20.845, 2483 MHz, 0x0000000000000000, 73, 37.68 W
2026/09/15 14:32:21.845, 2483 MHz, 0x0000000000000000, 73, 40.21 W
2026/09/15 14:32:22.845, 2483 MHz, 0x0000000000000000, 73, 40.35 W
2026/09/15 14:32:23.846, 2483 MHz, 0x0000000000000000, 73, 40.28 W
2026/09/15 14:32:24.846, 2463 MHz, 0x0000000000000000, 76, 44.38 W
2026/09/15 14:32:25.847, 2463 MHz, 0x0000000000000000, 79, 60.71 W
2026/09/15 14:32:26.847, 2463 MHz, 0x0000000000000000, 78, 61.67 W
2026/09/15 14:32:27.848, 2463 MHz, 0x0000000000000000, 79, 62.10 W
2026/09/15 14:32:28.848, 2463 MHz, 0x0000000000000000, 79, 62.47 W
2026/09/15 14:32:29.849, 2463 MHz, 0x0000000000000000, 79, 62.52 W
2026/09/15 14:32:30.849, 2470 MHz, 0x0000000000000000, 77, 62.34 W
2026/09/15 14:32:31.850, 2463 MHz, 0x0000000000000000, 78, 63.68 W
2026/09/15 14:32:32.851, 2457 MHz, 0x0000000000000000, 79, 64.53 W
2026/09/15 14:32:33.851, 2463 MHz, 0x0000000000000000, 80, 64.77 W
2026/09/15 14:32:34.852, 2463 MHz, 0x0000000000000000, 80, 63.76 W
2026/09/15 14:32:35.852, 2463 MHz, 0x0000000000000000, 80, 61.43 W
2026/09/15 14:32:36.853, 2457 MHz, 0x0000000000000000, 80, 57.89 W
2026/09/15 14:32:37.854, 2470 MHz, 0x0000000000000000, 77, 59.19 W
2026/09/15 14:32:38.854, 2463 MHz, 0x0000000000000000, 80, 64.44 W
2026/09/15 14:32:39.855, 2398 MHz, 0x0000000000000000, 72, 32.45 W
2026/09/15 14:32:40.855, 2476 MHz, 0x0000000000000000, 75, 27.44 W
2026/09/15 14:32:41.856, 2483 MHz, 0x0000000000000000, 75, 40.82 W
2026/09/15 14:32:42.856, 2483 MHz, 0x0000000000000000, 75, 40.91 W
2026/09/15 14:32:43.857, 2483 MHz, 0x0000000000000000, 75, 40.75 W
2026/09/15 14:32:44.857, 2476 MHz, 0x0000000000000000, 74, 37.02 W
2026/09/15 14:32:45.858, 2483 MHz, 0x0000000000000000, 75, 43.93 W
2026/09/15 14:32:46.858, 2483 MHz, 0x0000000000000000, 76, 44.84 W
2026/09/15 14:32:47.859, 2483 MHz, 0x0000000000000000, 76, 44.94 W
2026/09/15 14:32:48.859, 2483 MHz, 0x0000000000000000, 76, 45.22 W
2026/09/15 14:32:49.860, 2483 MHz, 0x0000000000000000, 76, 45.06 W
2026/09/15 14:32:50.861, 2476 MHz, 0x0000000000000000, 74, 40.70 W
2026/09/15 14:32:51.861, 2483 MHz, 0x0000000000000000, 75, 43.52 W
2026/09/15 14:32:52.862, 2483 MHz, 0x0000000000000000, 76, 44.99 W
2026/09/15 14:32:53.863, 2483 MHz, 0x0000000000000000, 75, 44.55 W
2026/09/15 14:32:54.863, 2483 MHz, 0x0000000000000000, 76, 44.89 W
2026/09/15 14:32:55.864, 2483 MHz, 0x0000000000000000, 76, 45.13 W
2026/09/15 14:32:56.865, 2470 MHz, 0x0000000000000000, 74, 40.30 W
2026/09/15 14:32:57.865, 2483 MHz, 0x0000000000000000, 75, 42.19 W
2026/09/15 14:32:58.866, 2483 MHz, 0x0000000000000000, 76, 44.94 W
2026/09/15 14:32:59.866, 2483 MHz, 0x0000000000000000, 75, 44.95 W
2026/09/15 14:33:00.867, 2483 MHz, 0x0000000000000000, 76, 45.00 W
2026/09/15 14:33:01.867, 2483 MHz, 0x0000000000000000, 75, 45.08 W
2026/09/15 14:33:02.868, 2483 MHz, 0x0000000000000000, 74, 43.82 W
2026/09/15 14:33:03.869, 2483 MHz, 0x0000000000000000, 75, 37.79 W
2026/09/15 14:33:04.870, 2483 MHz, 0x0000000000000000, 75, 40.30 W
2026/09/15 14:33:05.870, 2483 MHz, 0x0000000000000000, 74, 40.51 W
2026/09/15 14:33:06.871, 2483 MHz, 0x0000000000000000, 74, 40.30 W
2026/09/15 14:33:07.871, 2483 MHz, 0x0000000000000000, 75, 40.87 W
2026/09/15 14:33:08.871, 2483 MHz, 0x0000000000000000, 75, 42.74 W
2026/09/15 14:33:09.872, 2483 MHz, 0x0000000000000000, 75, 44.21 W
2026/09/15 14:33:10.873, 2483 MHz, 0x0000000000000000, 75, 44.24 W
2026/09/15 14:33:11.873, 2483 MHz, 0x0000000000000000, 75, 44.26 W
2026/09/15 14:33:12.874, 2470 MHz, 0x0000000000000000, 76, 49.05 W
2026/09/15 14:33:13.874, 2483 MHz, 0x0000000000000000, 75, 44.65 W
2026/09/15 14:33:14.875, 2483 MHz, 0x0000000000000000, 75, 45.04 W
2026/09/15 14:33:15.875, 2483 MHz, 0x0000000000000000, 76, 45.23 W
2026/09/15 14:33:16.876, 2483 MHz, 0x0000000000000000, 75, 44.89 W
2026/09/15 14:33:17.877, 2483 MHz, 0x0000000000000000, 75, 43.62 W
2026/09/15 14:33:18.878, 2476 MHz, 0x0000000000000000, 75, 41.13 W
2026/09/15 14:33:19.879, 2483 MHz, 0x0000000000000000, 75, 43.96 W
2026/09/15 14:33:20.879, 2483 MHz, 0x0000000000000000, 75, 44.47 W
2026/09/15 14:33:21.880, 2483 MHz, 0x0000000000000000, 75, 44.57 W
2026/09/15 14:33:22.881, 2483 MHz, 0x0000000000000000, 75, 44.50 W
2026/09/15 14:33:23.881, 2483 MHz, 0x0000000000000000, 75, 44.47 W
2026/09/15 14:33:24.882, 2483 MHz, 0x0000000000000000, 75, 41.15 W
2026/09/15 14:33:25.882, 2483 MHz, 0x0000000000000000, 75, 43.84 W
2026/09/15 14:33:26.883, 2483 MHz, 0x0000000000000000, 75, 44.33 W
2026/09/15 14:33:27.883, 2483 MHz, 0x0000000000000000, 76, 44.76 W
2026/09/15 14:33:28.884, 2483 MHz, 0x0000000000000000, 76, 44.80 W
2026/09/15 14:33:29.885, 2470 MHz, 0x0000000000000000, 74, 41.38 W
2026/09/15 14:33:30.886, 2483 MHz, 0x0000000000000000, 75, 40.75 W
2026/09/15 14:33:31.886, 2483 MHz, 0x0000000000000000, 75, 43.72 W
2026/09/15 14:33:32.887, 2483 MHz, 0x0000000000000000, 75, 44.49 W
2026/09/15 14:33:33.888, 2483 MHz, 0x0000000000000000, 75, 44.70 W
2026/09/15 14:33:34.889, 2483 MHz, 0x0000000000000000, 75, 44.83 W
2026/09/15 14:33:35.889, 2476 MHz, 0x0000000000000000, 74, 38.42 W
2026/09/15 14:33:36.890, 2483 MHz, 0x0000000000000000, 75, 40.15 W
2026/09/15 14:33:37.890, 2483 MHz, 0x0000000000000000, 75, 39.65 W
2026/09/15 14:33:38.891, 2483 MHz, 0x0000000000000000, 75, 42.65 W
2026/09/15 14:33:39.891, 2483 MHz, 0x0000000000000000, 75, 41.52 W
2026/09/15 14:33:40.892, 2483 MHz, 0x0000000000000000, 75, 43.74 W
2026/09/15 14:33:41.893, 2483 MHz, 0x0000000000000000, 75, 42.56 W
2026/09/15 14:33:42.894, 2483 MHz, 0x0000000000000000, 75, 41.20 W
2026/09/15 14:33:43.894, 2483 MHz, 0x0000000000000000, 75, 43.74 W
2026/09/15 14:33:44.895, 2483 MHz, 0x0000000000000000, 75, 42.72 W
2026/09/15 14:33:45.896, 2483 MHz, 0x0000000000000000, 75, 41.43 W
2026/09/15 14:33:46.897, 2483 MHz, 0x0000000000000000, 75, 43.66 W
2026/09/15 14:33:47.897, 2483 MHz, 0x0000000000000000, 75, 42.54 W
2026/09/15 14:33:48.898, 2483 MHz, 0x0000000000000000, 75, 42.57 W
2026/09/15 14:33:49.898, 2483 MHz, 0x0000000000000000, 75, 42.68 W
2026/09/15 14:33:50.899, 2483 MHz, 0x0000000000000000, 75, 42.67 W
2026/09/15 14:33:51.900, 2483 MHz, 0x0000000000000000, 75, 42.50 W
2026/09/15 14:33:52.901, 2457 MHz, 0x0000000000000000, 72, 38.50 W
2026/09/15 14:33:53.902, 2489 MHz, 0x0000000000000000, 74, 24.12 W
2026/09/15 14:33:54.903, 2470 MHz, 0x0000000000000000, 78, 47.60 W
2026/09/15 14:33:55.903, 2470 MHz, 0x0000000000000000, 79, 61.22 W
2026/09/15 14:33:56.904, 2470 MHz, 0x0000000000000000, 80, 61.63 W
2026/09/15 14:33:57.904, 2470 MHz, 0x0000000000000000, 79, 47.32 W
2026/09/15 14:33:58.905, 2463 MHz, 0x0000000000000000, 79, 61.19 W
2026/09/15 14:33:59.906, 2470 MHz, 0x0000000000000000, 80, 61.81 W
2026/09/15 14:34:00.906, 2405 MHz, 0x0000000000000000, 71, 36.76 W
2026/09/15 14:34:01.906, 2470 MHz, 0x0000000000000000, 79, 54.46 W
2026/09/15 14:34:02.907, 2463 MHz, 0x0000000000000000, 77, 60.25 W
2026/09/15 14:34:03.907, 2463 MHz, 0x0000000000000000, 80, 61.84 W
2026/09/15 14:34:04.908, 2457 MHz, 0x0000000000000000, 80, 62.42 W
2026/09/15 14:34:05.908, 2457 MHz, 0x0000000000000000, 80, 62.88 W
2026/09/15 14:34:06.908, 2463 MHz, 0x0000000000000000, 81, 63.18 W
2026/09/15 14:34:07.909, 2463 MHz, 0x0000000000000000, 81, 63.87 W
2026/09/15 14:34:08.910, 2457 MHz, 0x0000000000000000, 82, 63.84 W
2026/09/15 14:34:09.910, 2457 MHz, 0x0000000000000000, 81, 64.14 W
2026/09/15 14:34:10.910, 2457 MHz, 0x0000000000000000, 82, 64.28 W
2026/09/15 14:34:11.911, 2450 MHz, 0x0000000000000000, 81, 64.57 W
2026/09/15 14:34:12.911, 2444 MHz, 0x0000000000000000, 82, 65.16 W
2026/09/15 14:34:13.912, 2450 MHz, 0x0000000000000000, 81, 65.39 W
2026/09/15 14:34:14.913, 2444 MHz, 0x0000000000000000, 82, 65.54 W
2026/09/15 14:34:15.913, 2444 MHz, 0x0000000000000000, 83, 65.64 W
2026/09/15 14:34:16.914, 2444 MHz, 0x0000000000000000, 84, 66.92 W
2026/09/15 14:34:17.914, 2444 MHz, 0x0000000000000000, 84, 66.67 W
2026/09/15 14:34:18.915, 2444 MHz, 0x0000000000000000, 83, 66.91 W
2026/09/15 14:34:19.915, 2444 MHz, 0x0000000000000000, 82, 66.91 W
2026/09/15 14:34:20.916, 2444 MHz, 0x0000000000000000, 83, 67.10 W
2026/09/15 14:34:21.916, 2444 MHz, 0x0000000000000000, 84, 67.66 W
2026/09/15 14:34:22.917, 2444 MHz, 0x0000000000000000, 83, 67.92 W
2026/09/15 14:34:23.917, 2444 MHz, 0x0000000000000000, 85, 68.05 W
2026/09/15 14:34:24.917, 2444 MHz, 0x0000000000000000, 83, 67.78 W
2026/09/15 14:34:25.918, 2444 MHz, 0x0000000000000000, 81, 69.09 W
2026/09/15 14:34:26.918, 2444 MHz, 0x0000000000000000, 84, 70.24 W
2026/09/15 14:34:27.918, 2444 MHz, 0x0000000000000000, 83, 68.89 W
2026/09/15 14:34:28.919, 2444 MHz, 0x0000000000000000, 85, 69.00 W
2026/09/15 14:34:29.919, 2444 MHz, 0x0000000000000000, 83, 69.21 W
2026/09/15 14:34:30.920, 2444 MHz, 0x0000000000000000, 83, 69.17 W
2026/09/15 14:34:31.920, 2444 MHz, 0x0000000000000000, 84, 69.22 W
2026/09/15 14:34:32.920, 2444 MHz, 0x0000000000000000, 83, 70.49 W
2026/09/15 14:34:33.921, 2444 MHz, 0x0000000000000000, 84, 69.56 W
2026/09/15 14:34:34.921, 2444 MHz, 0x0000000000000000, 85, 70.14 W
2026/09/15 14:34:35.922, 2450 MHz, 0x0000000000000000, 84, 69.74 W
2026/09/15 14:34:36.922, 2444 MHz, 0x0000000000000000, 80, 70.78 W
2026/09/15 14:34:37.923, 2444 MHz, 0x0000000000000000, 86, 71.74 W
2026/09/15 14:34:38.923, 2444 MHz, 0x0000000000000000, 84, 70.36 W
2026/09/15 14:34:39.923, 2444 MHz, 0x0000000000000000, 84, 71.60 W
2026/09/15 14:34:40.924, 2444 MHz, 0x0000000000000000, 83, 71.18 W
2026/09/15 14:34:41.924, 2444 MHz, 0x0000000000000000, 86, 71.36 W
2026/09/15 14:34:42.925, 2444 MHz, 0x0000000000000000, 85, 71.89 W
2026/09/15 14:34:43.925, 2444 MHz, 0x0000000000000000, 85, 71.59 W
2026/09/15 14:34:44.926, 2444 MHz, 0x0000000000000000, 86, 71.35 W
2026/09/15 14:34:45.926, 2444 MHz, 0x0000000000000000, 85, 71.87 W
2026/09/15 14:34:46.927, 2444 MHz, 0x0000000000000000, 86, 73.79 W
2026/09/15 14:34:47.927, 2444 MHz, 0x0000000000000000, 86, 72.15 W
2026/09/15 14:34:48.927, 2444 MHz, 0x0000000000000000, 85, 72.32 W
2026/09/15 14:34:49.928, 2444 MHz, 0x0000000000000000, 84, 72.71 W
2026/09/15 14:34:50.928, 2444 MHz, 0x0000000000000000, 84, 74.61 W
2026/09/15 14:34:51.928, 2444 MHz, 0x0000000000000000, 84, 72.77 W
2026/09/15 14:34:52.929, 2398 MHz, 0x0000000000000000, 75, 46.40 W
2026/09/15 14:34:53.929, 2444 MHz, 0x0000000000000000, 84, 68.49 W
2026/09/15 14:34:54.930, 2444 MHz, 0x0000000000000000, 84, 72.64 W
2026/09/15 14:34:55.930, 2470 MHz, 0x0000000000000000, 79, 63.34 W
2026/09/15 14:34:56.930, 2483 MHz, 0x0000000000000000, 78, 42.88 W
2026/09/15 14:34:57.930, 2483 MHz, 0x0000000000000000, 78, 42.64 W
2026/09/15 14:34:58.931, 2483 MHz, 0x0000000000000000, 78, 42.42 W
2026/09/15 14:34:59.932, 2483 MHz, 0x0000000000000000, 77, 42.38 W
2026/09/15 14:35:00.933, 2483 MHz, 0x0000000000000000, 77, 42.53 W
2026/09/15 14:35:01.933, 2483 MHz, 0x0000000000000000, 77, 42.17 W
2026/09/15 14:35:02.934, 2398 MHz, 0x0000000000000000, 72, 29.71 W
2026/09/15 14:35:03.934, 2411 MHz, 0x0000000000000000, 71, 16.56 W
2026/09/15 14:35:04.935, 2483 MHz, 0x0000000000000000, 75, 28.40 W
2026/09/15 14:35:05.936, 2483 MHz, 0x0000000000000000, 75, 40.54 W
2026/09/15 14:35:06.937, 2483 MHz, 0x0000000000000000, 75, 40.51 W
2026/09/15 14:35:07.938, 2483 MHz, 0x0000000000000000, 75, 40.58 W
2026/09/15 14:35:08.938, 2483 MHz, 0x0000000000000000, 75, 40.57 W
2026/09/15 14:35:09.939, 2483 MHz, 0x0000000000000000, 75, 40.55 W
2026/09/15 14:35:10.940, 2483 MHz, 0x0000000000000000, 74, 40.47 W
2026/09/15 14:35:11.941, 2483 MHz, 0x0000000000000000, 74, 40.47 W
2026/09/15 14:35:12.941, 2483 MHz, 0x0000000000000000, 74, 40.40 W
2026/09/15 14:35:13.942, 2483 MHz, 0x0000000000000000, 74, 40.19 W
2026/09/15 14:35:14.943, 2483 MHz, 0x0000000000000000, 74, 40.17 W
2026/09/15 14:35:15.943, 2483 MHz, 0x0000000000000000, 74, 39.91 W
2026/09/15 14:35:16.943, 2483 MHz, 0x0000000000000000, 74, 40.02 W
2026/09/15 14:35:17.944, 2483 MHz, 0x0000000000000000, 74, 40.05 W
2026/09/15 14:35:18.945, 2483 MHz, 0x0000000000000000, 74, 40.00 W
2026/09/15 14:35:19.946, 2483 MHz, 0x0000000000000000, 73, 39.79 W
2026/09/15 14:35:20.947, 2483 MHz, 0x0000000000000000, 73, 40.27 W
2026/09/15 14:35:21.947, 2483 MHz, 0x0000000000000000, 73, 40.14 W
2026/09/15 14:35:22.948, 2483 MHz, 0x0000000000000000, 73, 40.03 W
2026/09/15 14:35:23.948, 2483 MHz, 0x0000000000000000, 73, 39.70 W
2026/09/15 14:35:24.949, 2483 MHz, 0x0000000000000000, 73, 39.67 W
2026/09/15 14:35:25.949, 2483 MHz, 0x0000000000000000, 73, 39.62 W
2026/09/15 14:35:26.950, 2483 MHz, 0x0000000000000000, 73, 39.80 W
2026/09/15 14:35:27.951, 2483 MHz, 0x0000000000000000, 73, 39.74 W
2026/09/15 14:35:28.952, 2483 MHz, 0x0000000000000000, 73, 39.57 W
2026/09/15 14:35:29.952, 2483 MHz, 0x0000000000000000, 73, 39.37 W
2026/09/15 14:35:30.953, 2483 MHz, 0x0000000000000000, 73, 39.58 W
2026/09/15 14:35:31.954, 2483 MHz, 0x0000000000000000, 73, 39.47 W
2026/09/15 14:35:32.954, 2483 MHz, 0x0000000000000000, 72, 39.47 W
2026/09/15 14:35:33.955, 2483 MHz, 0x0000000000000000, 72, 39.45 W
2026/09/15 14:35:34.955, 2483 MHz, 0x0000000000000000, 72, 39.43 W
2026/09/15 14:35:35.956, 2483 MHz, 0x0000000000000000, 72, 39.46 W
2026/09/15 14:35:36.956, 2483 MHz, 0x0000000000000000, 72, 39.38 W
2026/09/15 14:35:37.957, 2483 MHz, 0x0000000000000000, 72, 39.27 W
2026/09/15 14:35:38.957, 2483 MHz, 0x0000000000000000, 72, 39.62 W
2026/09/15 14:35:39.958, 2483 MHz, 0x0000000000000000, 72, 39.23 W
2026/09/15 14:35:40.959, 2411 MHz, 0x0000000000000000, 67, 17.49 W
2026/09/15 14:35:41.959, 2411 MHz, 0x0000000000000000, 66, 14.91 W
2026/09/15 14:35:42.960, 2411 MHz, 0x0000000000000000, 66, 14.80 W
2026/09/15 14:35:43.960, 2470 MHz, 0x0000000000000000, 75, 53.79 W
2026/09/15 14:35:44.961, 2470 MHz, 0x0000000000000000, 72, 59.37 W
2026/09/15 14:35:45.961, 2470 MHz, 0x0000000000000000, 75, 60.83 W
2026/09/15 14:35:46.962, 2463 MHz, 0x0000000000000000, 76, 61.09 W
2026/09/15 14:35:47.962, 2470 MHz, 0x0000000000000000, 76, 61.47 W
2026/09/15 14:35:48.962, 2411 MHz, 0x0000000000000000, 68, 37.21 W
2026/09/15 14:35:49.963, 2450 MHz, 0x0000000000000000, 74, 25.26 W
2026/09/15 14:35:50.963, 2470 MHz, 0x0000000000000000, 76, 60.93 W
2026/09/15 14:35:51.963, 2483 MHz, 0x0000000000000000, 72, 48.68 W
2026/09/15 14:35:52.964, 2502 MHz, 0x0000000000000000, 72, 39.54 W
2026/09/15 14:35:53.965, 2502 MHz, 0x0000000000000000, 71, 39.41 W
2026/09/15 14:35:54.965, 2502 MHz, 0x0000000000000000, 71, 39.47 W
2026/09/15 14:35:55.966, 2502 MHz, 0x0000000000000000, 71, 39.42 W
2026/09/15 14:35:56.966, 2502 MHz, 0x0000000000000000, 71, 39.39 W
2026/09/15 14:35:57.967, 2502 MHz, 0x0000000000000000, 71, 39.40 W
2026/09/15 14:35:58.967, 2502 MHz, 0x0000000000000000, 71, 39.27 W
2026/09/15 14:35:59.968, 2502 MHz, 0x0000000000000000, 71, 39.03 W
2026/09/15 14:36:00.968, 2502 MHz, 0x0000000000000000, 71, 39.18 W
2026/09/15 14:36:01.969, 2502 MHz, 0x0000000000000000, 71, 39.13 W
2026/09/15 14:36:02.969, 2502 MHz, 0x0000000000000000, 71, 39.05 W
2026/09/15 14:36:03.970, 2502 MHz, 0x0000000000000000, 71, 38.89 W
2026/09/15 14:36:04.970, 2502 MHz, 0x0000000000000000, 71, 38.94 W
2026/09/15 14:36:05.970, 2502 MHz, 0x0000000000000000, 71, 38.93 W
2026/09/15 14:36:06.971, 2502 MHz, 0x0000000000000000, 71, 38.88 W
2026/09/15 14:36:07.971, 2502 MHz, 0x0000000000000000, 71, 38.90 W
2026/09/15 14:36:08.971, 2502 MHz, 0x0000000000000000, 71, 38.90 W
2026/09/15 14:36:09.972, 2502 MHz, 0x0000000000000000, 71, 38.86 W
2026/09/15 14:36:10.972, 2502 MHz, 0x0000000000000000, 71, 38.93 W
2026/09/15 14:36:11.973, 2502 MHz, 0x0000000000000000, 71, 39.02 W
2026/09/15 14:36:12.973, 2502 MHz, 0x0000000000000000, 71, 39.03 W
2026/09/15 14:36:13.973, 2502 MHz, 0x0000000000000000, 71, 38.98 W
2026/09/15 14:36:14.973, 2502 MHz, 0x0000000000000000, 71, 39.05 W
2026/09/15 14:36:15.974, 2502 MHz, 0x0000000000000000, 71, 39.15 W
2026/09/15 14:36:16.975, 2502 MHz, 0x0000000000000000, 71, 39.12 W
2026/09/15 14:36:17.975, 2502 MHz, 0x0000000000000000, 71, 39.30 W
2026/09/15 14:36:18.975, 2502 MHz, 0x0000000000000000, 70, 38.94 W
2026/09/15 14:36:19.976, 2502 MHz, 0x0000000000000000, 71, 39.18 W
2026/09/15 14:36:20.976, 2502 MHz, 0x0000000000000000, 71, 39.18 W
2026/09/15 14:36:21.977, 2502 MHz, 0x0000000000000000, 70, 39.12 W
2026/09/15 14:36:22.977, 2502 MHz, 0x0000000000000000, 71, 39.06 W
2026/09/15 14:36:23.977, 2502 MHz, 0x0000000000000000, 70, 38.76 W
2026/09/15 14:36:24.978, 2502 MHz, 0x0000000000000000, 70, 38.73 W
2026/09/15 14:36:25.979, 2411 MHz, 0x0000000000000000, 66, 25.59 W
2026/09/15 14:36:26.979, 2411 MHz, 0x0000000000000000, 65, 14.56 W
2026/09/15 14:36:27.980, 2411 MHz, 0x0000000000000000, 65, 14.44 W
2026/09/15 14:36:28.980, 2470 MHz, 0x0000000000000000, 73, 36.10 W
2026/09/15 14:36:29.981, 2470 MHz, 0x0000000000000000, 74, 59.54 W
2026/09/15 14:36:30.981, 2470 MHz, 0x0000000000000000, 75, 60.19 W
2026/09/15 14:36:31.981, 2470 MHz, 0x0000000000000000, 74, 60.31 W
2026/09/15 14:36:32.981, 2470 MHz, 0x0000000000000000, 76, 61.10 W
2026/09/15 14:36:33.982, 2470 MHz, 0x0000000000000000, 75, 61.31 W
2026/09/15 14:36:34.982, 2470 MHz, 0x0000000000000000, 74, 62.15 W
2026/09/15 14:36:35.982, 2470 MHz, 0x0000000000000000, 74, 61.12 W
2026/09/15 14:36:36.983, 2470 MHz, 0x0000000000000000, 74, 61.46 W
2026/09/15 14:36:37.983, 2470 MHz, 0x0000000000000000, 74, 62.73 W
2026/09/15 14:36:38.984, 2470 MHz, 0x0000000000000000, 75, 62.72 W
2026/09/15 14:36:39.985, 2411 MHz, 0x0000000000000000, 67, 35.03 W
2026/09/15 14:36:40.985, 2457 MHz, 0x0000000000000000, 75, 27.12 W
2026/09/15 14:36:41.985, 2470 MHz, 0x0000000000000000, 75, 61.47 W
2026/09/15 14:36:42.985, 2502 MHz, 0x0000000000000000, 71, 42.29 W
2026/09/15 14:36:43.986, 2502 MHz, 0x0000000000000000, 71, 39.40 W
2026/09/15 14:36:44.986, 2502 MHz, 0x0000000000000000, 71, 39.51 W
2026/09/15 14:36:45.986, 2502 MHz, 0x0000000000000000, 71, 39.53 W
2026/09/15 14:36:46.987, 2502 MHz, 0x0000000000000000, 71, 39.38 W
2026/09/15 14:36:47.987, 2502 MHz, 0x0000000000000000, 71, 39.24 W
2026/09/15 14:36:48.987, 2502 MHz, 0x0000000000000000, 71, 39.11 W
2026/09/15 14:36:49.988, 2502 MHz, 0x0000000000000000, 71, 39.03 W
2026/09/15 14:36:50.988, 2502 MHz, 0x0000000000000000, 71, 38.92 W
2026/09/15 14:36:51.988, 2502 MHz, 0x0000000000000000, 71, 38.82 W
2026/09/15 14:36:52.988, 2502 MHz, 0x0000000000000000, 71, 38.96 W
2026/09/15 14:36:53.989, 2502 MHz, 0x0000000000000000, 71, 38.76 W
2026/09/15 14:36:54.989, 2502 MHz, 0x0000000000000000, 70, 39.02 W
2026/09/15 14:36:55.989, 2502 MHz, 0x0000000000000000, 70, 38.74 W
2026/09/15 14:36:56.990, 2502 MHz, 0x0000000000000000, 70, 38.74 W
2026/09/15 14:36:57.990, 2502 MHz, 0x0000000000000000, 70, 38.93 W
2026/09/15 14:36:58.991, 2502 MHz, 0x0000000000000000, 70, 38.83 W
2026/09/15 14:36:59.991, 2502 MHz, 0x0000000000000000, 70, 38.75 W
2026/09/15 14:37:00.991, 2502 MHz, 0x0000000000000000, 70, 38.94 W
2026/09/15 14:37:01.992, 2502 MHz, 0x0000000000000000, 70, 38.73 W
2026/09/15 14:37:02.993, 2502 MHz, 0x0000000000000000, 70, 38.89 W
2026/09/15 14:37:03.993, 2502 MHz, 0x0000000000000000, 70, 38.87 W
2026/09/15 14:37:04.993, 2502 MHz, 0x0000000000000000, 70, 38.71 W
2026/09/15 14:37:05.993, 2502 MHz, 0x0000000000000000, 70, 38.69 W
2026/09/15 14:37:06.994, 2502 MHz, 0x0000000000000000, 70, 38.79 W
2026/09/15 14:37:07.994, 2502 MHz, 0x0000000000000000, 70, 38.65 W
2026/09/15 14:37:08.995, 2502 MHz, 0x0000000000000000, 70, 38.78 W
2026/09/15 14:37:09.995, 2502 MHz, 0x0000000000000000, 70, 38.77 W
2026/09/15 14:37:10.996, 2502 MHz, 0x0000000000000000, 70, 38.72 W
2026/09/15 14:37:11.996, 2502 MHz, 0x0000000000000000, 70, 38.98 W
2026/09/15 14:37:12.996, 2502 MHz, 0x0000000000000000, 70, 39.10 W
2026/09/15 14:37:13.997, 2502 MHz, 0x0000000000000000, 70, 38.89 W
2026/09/15 14:37:14.997, 2502 MHz, 0x0000000000000000, 70, 38.75 W
2026/09/15 14:37:15.998, 2411 MHz, 0x0000000000000000, 65, 23.53 W
2026/09/15 14:37:16.998, 2411 MHz, 0x0000000000000000, 65, 14.41 W
2026/09/15 14:37:17.999, 2411 MHz, 0x0000000000000000, 64, 14.31 W
2026/09/15 14:37:18.999, 2470 MHz, 0x0000000000000000, 72, 39.05 W
2026/09/15 14:37:19.999, 2470 MHz, 0x0000000000000000, 74, 59.17 W
2026/09/15 14:37:21.000, 2470 MHz, 0x0000000000000000, 73, 59.93 W
2026/09/15 14:37:22.000, 2470 MHz, 0x0000000000000000, 74, 60.24 W
2026/09/15 14:37:23.001, 2470 MHz, 0x0000000000000000, 74, 60.58 W
2026/09/15 14:37:24.001, 2470 MHz, 0x0000000000000000, 74, 60.19 W
2026/09/15 14:37:25.002, 2470 MHz, 0x0000000000000000, 72, 60.85 W
2026/09/15 14:37:26.002, 2470 MHz, 0x0000000000000000, 72, 61.85 W
2026/09/15 14:37:27.003, 2470 MHz, 0x0000000000000000, 76, 62.18 W
2026/09/15 14:37:28.003, 2470 MHz, 0x0000000000000000, 75, 62.36 W
2026/09/15 14:37:29.004, 2470 MHz, 0x0000000000000000, 76, 63.11 W
2026/09/15 14:37:30.004, 2470 MHz, 0x0000000000000000, 74, 63.54 W
2026/09/15 14:37:31.005, 2470 MHz, 0x0000000000000000, 77, 64.80 W
2026/09/15 14:37:32.005, 2470 MHz, 0x0000000000000000, 78, 63.99 W
2026/09/15 14:37:33.005, 2470 MHz, 0x0000000000000000, 78, 64.52 W
2026/09/15 14:37:34.006, 2470 MHz, 0x0000000000000000, 77, 64.70 W
2026/09/15 14:37:35.006, 2470 MHz, 0x0000000000000000, 78, 65.01 W
2026/09/15 14:37:36.006, 2470 MHz, 0x0000000000000000, 78, 65.30 W
2026/09/15 14:37:37.007, 2470 MHz, 0x0000000000000000, 80, 65.57 W
2026/09/15 14:37:38.007, 2470 MHz, 0x0000000000000000, 79, 66.18 W
2026/09/15 14:37:39.007, 2463 MHz, 0x0000000000000000, 80, 66.38 W
2026/09/15 14:37:40.007, 2463 MHz, 0x0000000000000000, 79, 66.72 W
2026/09/15 14:37:41.008, 2463 MHz, 0x0000000000000000, 78, 66.49 W
2026/09/15 14:37:42.008, 2398 MHz, 0x0000000000000000, 71, 46.42 W
2026/09/15 14:37:43.009, 2411 MHz, 0x0000000000000000, 73, 19.74 W
2026/09/15 14:37:44.009, 2470 MHz, 0x0000000000000000, 77, 66.42 W
2026/09/15 14:37:45.010, 2476 MHz, 0x0000000000000000, 74, 57.36 W
2026/09/15 14:37:46.010, 2483 MHz, 0x0000000000000000, 74, 40.54 W
2026/09/15 14:37:47.010, 2483 MHz, 0x0000000000000000, 74, 40.36 W
2026/09/15 14:37:48.011, 2483 MHz, 0x0000000000000000, 74, 40.41 W
2026/09/15 14:37:49.011, 2483 MHz, 0x0000000000000000, 74, 40.19 W
2026/09/15 14:37:50.011, 2483 MHz, 0x0000000000000000, 73, 40.27 W
2026/09/15 14:37:51.012, 2483 MHz, 0x0000000000000000, 74, 40.37 W
2026/09/15 14:37:52.012, 2483 MHz, 0x0000000000000000, 73, 40.09 W
2026/09/15 14:37:53.012, 2483 MHz, 0x0000000000000000, 74, 40.41 W
2026/09/15 14:37:54.012, 2483 MHz, 0x0000000000000000, 73, 40.39 W
2026/09/15 14:37:55.013, 2483 MHz, 0x0000000000000000, 73, 40.23 W
2026/09/15 14:37:56.013, 2483 MHz, 0x0000000000000000, 73, 40.00 W
2026/09/15 14:37:57.013, 2483 MHz, 0x0000000000000000, 73, 40.17 W
2026/09/15 14:37:58.013, 2483 MHz, 0x0000000000000000, 73, 40.21 W
2026/09/15 14:37:59.013, 2483 MHz, 0x0000000000000000, 73, 40.13 W
2026/09/15 14:38:00.014, 2483 MHz, 0x0000000000000000, 73, 40.16 W
2026/09/15 14:38:01.014, 2483 MHz, 0x0000000000000000, 73, 40.42 W
2026/09/15 14:38:02.014, 2483 MHz, 0x0000000000000000, 73, 40.24 W
2026/09/15 14:38:03.015, 2483 MHz, 0x0000000000000000, 73, 40.10 W
2026/09/15 14:38:04.015, 2483 MHz, 0x0000000000000000, 73, 39.85 W
2026/09/15 14:38:05.015, 2483 MHz, 0x0000000000000000, 73, 39.77 W
2026/09/15 14:38:06.015, 2483 MHz, 0x0000000000000000, 73, 39.64 W
2026/09/15 14:38:07.016, 2483 MHz, 0x0000000000000000, 73, 39.84 W
2026/09/15 14:38:08.016, 2483 MHz, 0x0000000000000000, 73, 39.89 W
2026/09/15 14:38:09.017, 2483 MHz, 0x0000000000000000, 73, 40.02 W
2026/09/15 14:38:10.017, 2483 MHz, 0x0000000000000000, 73, 40.09 W
2026/09/15 14:38:11.017, 2483 MHz, 0x0000000000000000, 73, 40.31 W
2026/09/15 14:38:12.018, 2483 MHz, 0x0000000000000000, 73, 40.14 W
2026/09/15 14:38:13.019, 2483 MHz, 0x0000000000000000, 73, 40.03 W
2026/09/15 14:38:14.019, 2483 MHz, 0x0000000000000000, 73, 40.06 W
2026/09/15 14:38:15.020, 2483 MHz, 0x0000000000000000, 73, 40.11 W
2026/09/15 14:38:16.020, 2483 MHz, 0x0000000000000000, 73, 39.83 W
2026/09/15 14:38:17.021, 2483 MHz, 0x0000000000000000, 73, 40.06 W
2026/09/15 14:38:18.021, 2483 MHz, 0x0000000000000000, 73, 39.96 W
2026/09/15 14:38:19.021, 2411 MHz, 0x0000000000000000, 69, 28.36 W
2026/09/15 14:38:20.022, 2411 MHz, 0x0000000000000000, 68, 15.09 W
2026/09/15 14:38:21.022, 2411 MHz, 0x0000000000000000, 67, 14.95 W
2026/09/15 14:38:22.023, 2450 MHz, 0x0000000000000000, 75, 27.85 W
2026/09/15 14:38:23.023, 2470 MHz, 0x0000000000000000, 77, 59.85 W
2026/09/15 14:38:24.023, 2470 MHz, 0x0000000000000000, 77, 60.99 W
2026/09/15 14:38:25.024, 2470 MHz, 0x0000000000000000, 78, 61.35 W
2026/09/15 14:38:26.024, 2470 MHz, 0x0000000000000000, 77, 61.56 W
2026/09/15 14:38:27.025, 2470 MHz, 0x0000000000000000, 78, 62.24 W
2026/09/15 14:38:28.025, 2470 MHz, 0x0000000000000000, 78, 62.74 W
2026/09/15 14:38:29.026, 2470 MHz, 0x0000000000000000, 78, 63.10 W
2026/09/15 14:38:30.026, 2470 MHz, 0x0000000000000000, 79, 63.36 W
2026/09/15 14:38:31.026, 2470 MHz, 0x0000000000000000, 79, 63.55 W
2026/09/15 14:38:32.027, 2463 MHz, 0x0000000000000000, 80, 64.23 W
2026/09/15 14:38:33.027, 2463 MHz, 0x0000000000000000, 79, 64.42 W
2026/09/15 14:38:34.028, 2457 MHz, 0x0000000000000000, 81, 64.56 W
2026/09/15 14:38:35.028, 2463 MHz, 0x0000000000000000, 81, 64.74 W
2026/09/15 14:38:36.028, 2457 MHz, 0x0000000000000000, 80, 65.40 W
2026/09/15 14:38:37.029, 2463 MHz, 0x0000000000000000, 81, 65.71 W
2026/09/15 14:38:38.029, 2463 MHz, 0x0000000000000000, 81, 65.53 W
2026/09/15 14:38:39.029, 2450 MHz, 0x0000000000000000, 81, 66.00 W
2026/09/15 14:38:40.030, 2450 MHz, 0x0000000000000000, 82, 66.25 W
2026/09/15 14:38:41.030, 2444 MHz, 0x0000000000000000, 80, 66.37 W
2026/09/15 14:38:42.030, 2444 MHz, 0x0000000000000000, 79, 67.14 W
2026/09/15 14:38:43.031, 2444 MHz, 0x0000000000000000, 83, 67.99 W
2026/09/15 14:38:44.031, 2444 MHz, 0x0000000000000000, 81, 67.35 W
2026/09/15 14:38:45.031, 2444 MHz, 0x0000000000000000, 82, 67.01 W
2026/09/15 14:38:46.031, 2444 MHz, 0x0000000000000000, 83, 67.46 W
2026/09/15 14:38:47.031, 2444 MHz, 0x0000000000000000, 82, 68.24 W
2026/09/15 14:38:48.032, 2450 MHz, 0x0000000000000000, 84, 67.55 W
2026/09/15 14:38:49.032, 2444 MHz, 0x0000000000000000, 83, 68.35 W
2026/09/15 14:38:50.032, 2444 MHz, 0x0000000000000000, 82, 70.23 W
2026/09/15 14:38:51.032, 2444 MHz, 0x0000000000000000, 83, 68.73 W
2026/09/15 14:38:52.033, 2444 MHz, 0x0000000000000000, 83, 68.64 W
2026/09/15 14:38:53.033, 2444 MHz, 0x0000000000000000, 82, 69.09 W
2026/09/15 14:38:54.033, 2450 MHz, 0x0000000000000000, 82, 69.51 W
2026/09/15 14:38:55.034, 2444 MHz, 0x0000000000000000, 84, 69.24 W
2026/09/15 14:38:56.034, 2444 MHz, 0x0000000000000000, 82, 70.65 W
2026/09/15 14:38:57.034, 2444 MHz, 0x0000000000000000, 83, 69.40 W
2026/09/15 14:38:58.035, 2444 MHz, 0x0000000000000000, 84, 69.97 W
2026/09/15 14:38:59.035, 2450 MHz, 0x0000000000000000, 82, 70.39 W
2026/09/15 14:39:00.036, 2444 MHz, 0x0000000000000000, 85, 70.66 W
2026/09/15 14:39:01.036, 2444 MHz, 0x0000000000000000, 84, 70.91 W
2026/09/15 14:39:02.036, 2444 MHz, 0x0000000000000000, 83, 71.29 W
2026/09/15 14:39:03.037, 2444 MHz, 0x0000000000000000, 84, 71.41 W
2026/09/15 14:39:04.037, 2444 MHz, 0x0000000000000000, 82, 71.43 W
2026/09/15 14:39:05.038, 2444 MHz, 0x0000000000000000, 83, 73.03 W
2026/09/15 14:39:06.038, 2444 MHz, 0x0000000000000000, 83, 71.53 W
2026/09/15 14:39:07.039, 2444 MHz, 0x0000000000000000, 84, 71.26 W
2026/09/15 14:39:08.039, 2450 MHz, 0x0000000000000000, 83, 71.67 W
2026/09/15 14:39:09.039, 2444 MHz, 0x0000000000000000, 83, 74.07 W
2026/09/15 14:39:10.040, 2444 MHz, 0x0000000000000000, 84, 72.07 W
2026/09/15 14:39:11.040, 2444 MHz, 0x0000000000000000, 86, 71.67 W
2026/09/15 14:39:12.041, 2444 MHz, 0x0000000000000000, 83, 72.40 W
2026/09/15 14:39:13.042, 2444 MHz, 0x0000000000000000, 85, 72.86 W
2026/09/15 14:39:14.043, 2398 MHz, 0x0000000000000000, 73, 21.50 W
2026/09/15 14:39:15.043, 2437 MHz, 0x0000000000000000, 80, 33.51 W
2026/09/15 14:39:16.044, 2444 MHz, 0x0000000000000000, 81, 72.09 W
2026/09/15 14:39:17.045, 2444 MHz, 0x0000000000000000, 82, 73.35 W
2026/09/15 14:39:18.045, 2483 MHz, 0x0000000000000000, 77, 50.97 W
2026/09/15 14:39:19.046, 2483 MHz, 0x0000000000000000, 77, 42.20 W
2026/09/15 14:39:20.047, 2483 MHz, 0x0000000000000000, 76, 42.00 W
2026/09/15 14:39:21.047, 2483 MHz, 0x0000000000000000, 76, 42.11 W
2026/09/15 14:39:22.048, 2483 MHz, 0x0000000000000000, 76, 41.68 W
2026/09/15 14:39:23.048, 2483 MHz, 0x0000000000000000, 76, 41.76 W
2026/09/15 14:39:24.049, 2483 MHz, 0x0000000000000000, 76, 41.77 W
2026/09/15 14:39:25.050, 2483 MHz, 0x0000000000000000, 75, 41.61 W
2026/09/15 14:39:26.050, 2483 MHz, 0x0000000000000000, 75, 41.48 W
2026/09/15 14:39:27.051, 2483 MHz, 0x0000000000000000, 75, 41.54 W
2026/09/15 14:39:28.051, 2483 MHz, 0x0000000000000000, 75, 41.32 W
2026/09/15 14:39:29.052, 2483 MHz, 0x0000000000000000, 75, 41.40 W
2026/09/15 14:39:30.052, 2483 MHz, 0x0000000000000000, 75, 41.33 W
2026/09/15 14:39:31.052, 2483 MHz, 0x0000000000000000, 74, 41.06 W
2026/09/15 14:39:32.053, 2483 MHz, 0x0000000000000000, 74, 41.27 W
2026/09/15 14:39:33.054, 2483 MHz, 0x0000000000000000, 74, 41.31 W
2026/09/15 14:39:34.054, 2483 MHz, 0x0000000000000000, 74, 41.16 W
2026/09/15 14:39:35.054, 2483 MHz, 0x0000000000000000, 74, 41.15 W
2026/09/15 14:39:36.055, 2483 MHz, 0x0000000000000000, 74, 41.11 W
2026/09/15 14:39:37.056, 2483 MHz, 0x0000000000000000, 74, 40.75 W
2026/09/15 14:39:38.056, 2483 MHz, 0x0000000000000000, 74, 40.78 W
2026/09/15 14:39:39.057, 2483 MHz, 0x0000000000000000, 74, 40.85 W
2026/09/15 14:39:40.057, 2483 MHz, 0x0000000000000000, 73, 40.63 W
2026/09/15 14:39:41.058, 2483 MHz, 0x0000000000000000, 73, 40.62 W
2026/09/15 14:39:42.059, 2483 MHz, 0x0000000000000000, 73, 40.67 W
2026/09/15 14:39:43.059, 2483 MHz, 0x0000000000000000, 73, 40.43 W
2026/09/15 14:39:44.060, 2483 MHz, 0x0000000000000000, 73, 40.61 W
2026/09/15 14:39:45.060, 2483 MHz, 0x0000000000000000, 73, 40.51 W
2026/09/15 14:39:46.061, 2483 MHz, 0x0000000000000000, 73, 40.42 W
2026/09/15 14:39:47.062, 2483 MHz, 0x0000000000000000, 73, 40.54 W
2026/09/15 14:39:48.063, 2483 MHz, 0x0000000000000000, 73, 40.32 W
2026/09/15 14:39:49.064, 2483 MHz, 0x0000000000000000, 73, 40.46 W
2026/09/15 14:39:50.065, 2483 MHz, 0x0000000000000000, 73, 40.56 W
2026/09/15 14:39:51.065, 2483 MHz, 0x0000000000000000, 72, 40.56 W
2026/09/15 14:39:52.065, 2411 MHz, 0x0000000000000000, 68, 19.78 W
2026/09/15 14:39:53.066, 2411 MHz, 0x0000000000000000, 67, 14.94 W
2026/09/15 14:39:54.067, 2502 MHz, 0x0000000000000000, 71, 37.54 W
2026/09/15 14:39:55.067, 2502 MHz, 0x0000000000000000, 72, 41.62 W
2026/09/15 14:39:56.068, 2502 MHz, 0x0000000000000000, 72, 41.59 W
2026/09/15 14:39:57.069, 2502 MHz, 0x0000000000000000, 72, 41.81 W
2026/09/15 14:39:58.070, 2502 MHz, 0x0000000000000000, 72, 41.80 W
2026/09/15 14:39:59.071, 2502 MHz, 0x0000000000000000, 72, 41.94 W
2026/09/15 14:40:00.072, 2502 MHz, 0x0000000000000000, 72, 42.05 W
2026/09/15 14:40:01.072, 2502 MHz, 0x0000000000000000, 72, 41.84 W
2026/09/15 14:40:02.073, 2502 MHz, 0x0000000000000000, 72, 41.78 W
2026/09/15 14:40:03.073, 2502 MHz, 0x0000000000000000, 72, 41.89 W
2026/09/15 14:40:04.074, 2502 MHz, 0x0000000000000000, 72, 41.79 W
2026/09/15 14:40:05.075, 2502 MHz, 0x0000000000000000, 72, 41.79 W
2026/09/15 14:40:06.076, 2502 MHz, 0x0000000000000000, 72, 41.47 W
2026/09/15 14:40:07.077, 2502 MHz, 0x0000000000000000, 72, 41.92 W
2026/09/15 14:40:08.077, 2502 MHz, 0x0000000000000000, 72, 41.86 W
2026/09/15 14:40:09.078, 2502 MHz, 0x0000000000000000, 72, 41.95 W
2026/09/15 14:40:10.078, 2502 MHz, 0x0000000000000000, 72, 41.25 W
2026/09/15 14:40:11.079, 2502 MHz, 0x0000000000000000, 72, 41.57 W
2026/09/15 14:40:12.079, 2502 MHz, 0x0000000000000000, 71, 41.65 W
2026/09/15 14:40:13.080, 2502 MHz, 0x0000000000000000, 72, 41.56 W
2026/09/15 14:40:14.081, 2502 MHz, 0x0000000000000000, 71, 41.91 W
2026/09/15 14:40:15.081, 2502 MHz, 0x0000000000000000, 72, 41.92 W
2026/09/15 14:40:16.082, 2502 MHz, 0x0000000000000000, 72, 41.99 W
2026/09/15 14:40:17.083, 2502 MHz, 0x0000000000000000, 72, 42.05 W
2026/09/15 14:40:18.083, 2502 MHz, 0x0000000000000000, 72, 42.12 W
2026/09/15 14:40:19.084, 2502 MHz, 0x0000000000000000, 71, 41.65 W
2026/09/15 14:40:20.085, 2502 MHz, 0x0000000000000000, 71, 41.10 W
2026/09/15 14:40:21.085, 2502 MHz, 0x0000000000000000, 71, 41.50 W
2026/09/15 14:40:22.086, 2502 MHz, 0x0000000000000000, 72, 41.67 W
2026/09/15 14:40:23.086, 2502 MHz, 0x0000000000000000, 71, 41.90 W
2026/09/15 14:40:24.087, 2502 MHz, 0x0000000000000000, 71, 42.16 W
2026/09/15 14:40:25.088, 2502 MHz, 0x0000000000000000, 71, 41.71 W
2026/09/15 14:40:26.088, 2502 MHz, 0x0000000000000000, 71, 41.79 W
2026/09/15 14:40:27.089, 2502 MHz, 0x0000000000000000, 71, 41.61 W
2026/09/15 14:40:28.089, 2502 MHz, 0x0000000000000000, 71, 42.15 W
2026/09/15 14:40:29.090, 2489 MHz, 0x0000000000000000, 68, 36.53 W
2026/09/15 14:40:30.091, 2411 MHz, 0x0000000000000000, 66, 14.73 W
2026/09/15 14:40:31.091, 2450 MHz, 0x0000000000000000, 68, 20.40 W
2026/09/15 14:40:32.092, 2502 MHz, 0x0000000000000000, 70, 43.39 W
2026/09/15 14:40:33.092, 2502 MHz, 0x0000000000000000, 71, 43.31 W
2026/09/15 14:40:34.093, 2502 MHz, 0x0000000000000000, 71, 43.10 W
2026/09/15 14:40:35.093, 2502 MHz, 0x0000000000000000, 71, 43.24 W
2026/09/15 14:40:36.094, 2502 MHz, 0x0000000000000000, 71, 43.49 W
2026/09/15 14:40:37.094, 2502 MHz, 0x0000000000000000, 71, 43.60 W
2026/09/15 14:40:38.095, 2502 MHz, 0x0000000000000000, 71, 43.57 W
2026/09/15 14:40:39.095, 2502 MHz, 0x0000000000000000, 71, 43.77 W
2026/09/15 14:40:40.096, 2502 MHz, 0x0000000000000000, 71, 43.79 W
2026/09/15 14:40:41.096, 2502 MHz, 0x0000000000000000, 71, 43.88 W
2026/09/15 14:40:42.096, 2502 MHz, 0x0000000000000000, 71, 43.71 W
2026/09/15 14:40:43.097, 2502 MHz, 0x0000000000000000, 71, 43.63 W
2026/09/15 14:40:44.098, 2502 MHz, 0x0000000000000000, 71, 43.26 W
2026/09/15 14:40:45.098, 2502 MHz, 0x0000000000000000, 71, 43.19 W
2026/09/15 14:40:46.099, 2502 MHz, 0x0000000000000000, 71, 43.53 W
2026/09/15 14:40:47.099, 2502 MHz, 0x0000000000000000, 71, 43.08 W
2026/09/15 14:40:48.100, 2502 MHz, 0x0000000000000000, 71, 42.51 W
2026/09/15 14:40:49.100, 2502 MHz, 0x0000000000000000, 71, 42.79 W
2026/09/15 14:40:50.100, 2502 MHz, 0x0000000000000000, 71, 42.90 W
2026/09/15 14:40:51.100, 2502 MHz, 0x0000000000000000, 71, 42.91 W
2026/09/15 14:40:52.101, 2502 MHz, 0x0000000000000000, 71, 43.30 W
2026/09/15 14:40:53.101, 2502 MHz, 0x0000000000000000, 71, 43.41 W
2026/09/15 14:40:54.101, 2502 MHz, 0x0000000000000000, 71, 43.53 W
2026/09/15 14:40:55.102, 2502 MHz, 0x0000000000000000, 71, 43.54 W
2026/09/15 14:40:56.102, 2502 MHz, 0x0000000000000000, 72, 43.67 W
2026/09/15 14:40:57.102, 2502 MHz, 0x0000000000000000, 71, 43.30 W
2026/09/15 14:40:58.103, 2502 MHz, 0x0000000000000000, 72, 43.85 W
2026/09/15 14:40:59.103, 2502 MHz, 0x0000000000000000, 71, 43.64 W
2026/09/15 14:41:00.104, 2502 MHz, 0x0000000000000000, 71, 43.92 W
2026/09/15 14:41:01.104, 2502 MHz, 0x0000000000000000, 72, 43.97 W
2026/09/15 14:41:02.104, 2502 MHz, 0x0000000000000000, 72, 43.93 W
2026/09/15 14:41:03.105, 2502 MHz, 0x0000000000000000, 72, 43.84 W
2026/09/15 14:41:04.105, 2502 MHz, 0x0000000000000000, 72, 43.96 W
2026/09/15 14:41:05.105, 2502 MHz, 0x0000000000000000, 72, 44.00 W
2026/09/15 14:41:06.106, 2502 MHz, 0x0000000000000000, 72, 44.15 W
2026/09/15 14:41:07.107, 2411 MHz, 0x0000000000000000, 66, 27.73 W
2026/09/15 14:41:08.107, 2411 MHz, 0x0000000000000000, 65, 14.65 W
2026/09/15 14:41:09.107, 2470 MHz, 0x0000000000000000, 74, 45.72 W
2026/09/15 14:41:10.107, 2476 MHz, 0x0000000000000000, 75, 58.81 W
2026/09/15 14:41:11.108, 2470 MHz, 0x0000000000000000, 75, 44.12 W
2026/09/15 14:41:12.108, 2476 MHz, 0x0000000000000000, 75, 59.44 W
2026/09/15 14:41:13.108, 2470 MHz, 0x0000000000000000, 75, 59.88 W
2026/09/15 14:41:14.109, 2476 MHz, 0x0000000000000000, 72, 54.75 W
2026/09/15 14:41:15.110, 2502 MHz, 0x0000000000000000, 71, 41.94 W
2026/09/15 14:41:16.110, 2502 MHz, 0x0000000000000000, 71, 41.69 W
2026/09/15 14:41:17.111, 2502 MHz, 0x0000000000000000, 71, 41.76 W
2026/09/15 14:41:18.112, 2502 MHz, 0x0000000000000000, 71, 41.82 W
2026/09/15 14:41:19.113, 2502 MHz, 0x0000000000000000, 71, 41.98 W
2026/09/15 14:41:20.113, 2502 MHz, 0x0000000000000000, 71, 41.72 W
2026/09/15 14:41:21.114, 2502 MHz, 0x0000000000000000, 71, 41.90 W
2026/09/15 14:41:22.115, 2502 MHz, 0x0000000000000000, 71, 41.97 W
2026/09/15 14:41:23.115, 2502 MHz, 0x0000000000000000, 71, 42.14 W
2026/09/15 14:41:24.115, 2502 MHz, 0x0000000000000000, 71, 41.88 W
2026/09/15 14:41:25.116, 2502 MHz, 0x0000000000000000, 71, 42.02 W
2026/09/15 14:41:26.117, 2502 MHz, 0x0000000000000000, 71, 41.97 W
2026/09/15 14:41:27.117, 2502 MHz, 0x0000000000000000, 71, 41.98 W
2026/09/15 14:41:28.118, 2502 MHz, 0x0000000000000000, 71, 41.83 W
2026/09/15 14:41:29.118, 2502 MHz, 0x0000000000000000, 71, 41.94 W
2026/09/15 14:41:30.119, 2502 MHz, 0x0000000000000000, 71, 41.36 W
2026/09/15 14:41:31.119, 2502 MHz, 0x0000000000000000, 71, 41.45 W
2026/09/15 14:41:32.120, 2502 MHz, 0x0000000000000000, 71, 41.56 W
2026/09/15 14:41:33.120, 2502 MHz, 0x0000000000000000, 71, 41.61 W
2026/09/15 14:41:34.120, 2502 MHz, 0x0000000000000000, 71, 41.76 W
2026/09/15 14:41:35.121, 2502 MHz, 0x0000000000000000, 71, 41.67 W
2026/09/15 14:41:36.121, 2502 MHz, 0x0000000000000000, 71, 41.57 W
2026/09/15 14:41:37.122, 2502 MHz, 0x0000000000000000, 71, 41.94 W
2026/09/15 14:41:38.122, 2502 MHz, 0x0000000000000000, 71, 42.03 W
2026/09/15 14:41:39.122, 2502 MHz, 0x0000000000000000, 71, 41.65 W
2026/09/15 14:41:40.123, 2502 MHz, 0x0000000000000000, 71, 41.96 W
2026/09/15 14:41:41.123, 2502 MHz, 0x0000000000000000, 71, 41.81 W
2026/09/15 14:41:42.124, 2502 MHz, 0x0000000000000000, 71, 41.92 W
2026/09/15 14:41:43.124, 2502 MHz, 0x0000000000000000, 71, 42.06 W
2026/09/15 14:41:44.125, 2502 MHz, 0x0000000000000000, 71, 41.78 W
2026/09/15 14:41:45.125, 2502 MHz, 0x0000000000000000, 71, 41.51 W
2026/09/15 14:41:46.126, 2502 MHz, 0x0000000000000000, 70, 41.08 W
2026/09/15 14:41:47.126, 2411 MHz, 0x0000000000000000, 66, 29.25 W
2026/09/15 14:41:48.127, 2411 MHz, 0x0000000000000000, 65, 14.46 W
2026/09/15 14:41:49.127, 2483 MHz, 0x0000000000000000, 74, 37.90 W
2026/09/15 14:41:50.127, 2476 MHz, 0x0000000000000000, 74, 59.95 W
2026/09/15 14:41:51.127, 2476 MHz, 0x0000000000000000, 74, 42.97 W
2026/09/15 14:41:52.128, 2476 MHz, 0x0000000000000000, 74, 60.19 W
2026/09/15 14:41:53.128, 2470 MHz, 0x0000000000000000, 75, 60.64 W
2026/09/15 14:41:54.128, 2476 MHz, 0x0000000000000000, 74, 58.68 W
2026/09/15 14:41:55.129, 2470 MHz, 0x0000000000000000, 75, 60.27 W
2026/09/15 14:41:56.129, 2470 MHz, 0x0000000000000000, 75, 60.68 W
2026/09/15 14:41:57.129, 2476 MHz, 0x0000000000000000, 76, 60.24 W
2026/09/15 14:41:58.130, 2483 MHz, 0x0000000000000000, 72, 47.77 W
2026/09/15 14:41:59.130, 2502 MHz, 0x0000000000000000, 72, 44.11 W
2026/09/15 14:42:00.131, 2502 MHz, 0x0000000000000000, 72, 43.49 W
2026/09/15 14:42:01.132, 2502 MHz, 0x0000000000000000, 72, 43.68 W
2026/09/15 14:42:02.132, 2502 MHz, 0x0000000000000000, 72, 44.19 W
2026/09/15 14:42:03.133, 2502 MHz, 0x0000000000000000, 72, 44.25 W
2026/09/15 14:42:04.133, 2502 MHz, 0x0000000000000000, 72, 44.02 W
2026/09/15 14:42:05.134, 2502 MHz, 0x0000000000000000, 72, 44.01 W
2026/09/15 14:42:06.134, 2502 MHz, 0x0000000000000000, 71, 43.85 W
2026/09/15 14:42:07.134, 2502 MHz, 0x0000000000000000, 71, 44.12 W
2026/09/15 14:42:08.135, 2502 MHz, 0x0000000000000000, 71, 43.43 W
2026/09/15 14:42:09.135, 2502 MHz, 0x0000000000000000, 71, 43.04 W
2026/09/15 14:42:10.136, 2502 MHz, 0x0000000000000000, 71, 43.36 W
2026/09/15 14:42:11.136, 2502 MHz, 0x0000000000000000, 71, 43.31 W
2026/09/15 14:42:12.137, 2502 MHz, 0x0000000000000000, 71, 42.99 W
2026/09/15 14:42:13.137, 2502 MHz, 0x0000000000000000, 71, 43.68 W
2026/09/15 14:42:14.138, 2502 MHz, 0x0000000000000000, 71, 43.22 W
2026/09/15 14:42:15.138, 2502 MHz, 0x0000000000000000, 71, 43.61 W
2026/09/15 14:42:16.139, 2502 MHz, 0x0000000000000000, 71, 43.21 W
2026/09/15 14:42:17.140, 2502 MHz, 0x0000000000000000, 71, 43.44 W
2026/09/15 14:42:18.140, 2502 MHz, 0x0000000000000000, 71, 43.72 W
2026/09/15 14:42:19.141, 2502 MHz, 0x0000000000000000, 71, 43.37 W
2026/09/15 14:42:20.141, 2502 MHz, 0x0000000000000000, 71, 43.09 W
2026/09/15 14:42:21.142, 2502 MHz, 0x0000000000000000, 71, 43.40 W
2026/09/15 14:42:22.142, 2502 MHz, 0x0000000000000000, 71, 43.76 W
2026/09/15 14:42:23.143, 2502 MHz, 0x0000000000000000, 71, 43.85 W
2026/09/15 14:42:24.144, 2502 MHz, 0x0000000000000000, 71, 43.90 W
2026/09/15 14:42:25.144, 2502 MHz, 0x0000000000000000, 71, 43.55 W
2026/09/15 14:42:26.145, 2502 MHz, 0x0000000000000000, 71, 43.74 W
2026/09/15 14:42:27.146, 2502 MHz, 0x0000000000000000, 71, 43.77 W
2026/09/15 14:42:28.147, 2502 MHz, 0x0000000000000000, 71, 43.91 W
2026/09/15 14:42:29.147, 2502 MHz, 0x0000000000000000, 71, 43.75 W
2026/09/15 14:42:30.148, 2502 MHz, 0x0000000000000000, 71, 43.81 W
2026/09/15 14:42:31.149, 2502 MHz, 0x0000000000000000, 71, 43.83 W
2026/09/15 14:42:32.149, 2411 MHz, 0x0000000000000000, 66, 22.42 W
2026/09/15 14:42:33.149, 2411 MHz, 0x0000000000000000, 65, 14.49 W
2026/09/15 14:42:34.150, 2470 MHz, 0x0000000000000000, 74, 53.24 W
2026/09/15 14:42:35.150, 2444 MHz, 0x0000000000000000, 74, 54.06 W
2026/09/15 14:42:36.150, 2470 MHz, 0x0000000000000000, 74, 60.96 W
2026/09/15 14:42:37.151, 2470 MHz, 0x0000000000000000, 76, 62.92 W
2026/09/15 14:42:38.151, 2483 MHz, 0x0000000000000000, 71, 50.79 W
2026/09/15 14:42:39.152, 2502 MHz, 0x0000000000000000, 71, 41.80 W
2026/09/15 14:42:40.152, 2502 MHz, 0x0000000000000000, 71, 41.55 W
2026/09/15 14:42:41.153, 2502 MHz, 0x0000000000000000, 71, 41.64 W
2026/09/15 14:42:42.154, 2502 MHz, 0x0000000000000000, 71, 41.76 W
2026/09/15 14:42:43.154, 2502 MHz, 0x0000000000000000, 71, 41.68 W
2026/09/15 14:42:44.155, 2502 MHz, 0x0000000000000000, 71, 41.78 W
2026/09/15 14:42:45.156, 2502 MHz, 0x0000000000000000, 71, 41.95 W
2026/09/15 14:42:46.156, 2502 MHz, 0x0000000000000000, 71, 41.84 W
2026/09/15 14:42:47.157, 2502 MHz, 0x0000000000000000, 70, 41.64 W
2026/09/15 14:42:48.158, 2502 MHz, 0x0000000000000000, 70, 41.78 W
2026/09/15 14:42:49.158, 2502 MHz, 0x0000000000000000, 70, 42.03 W
2026/09/15 14:42:50.159, 2502 MHz, 0x0000000000000000, 70, 41.75 W
2026/09/15 14:42:51.160, 2502 MHz, 0x0000000000000000, 70, 41.48 W
2026/09/15 14:42:52.161, 2502 MHz, 0x0000000000000000, 70, 41.21 W
2026/09/15 14:42:53.161, 2502 MHz, 0x0000000000000000, 70, 41.51 W
2026/09/15 14:42:54.162, 2502 MHz, 0x0000000000000000, 70, 41.45 W
2026/09/15 14:42:55.162, 2502 MHz, 0x0000000000000000, 70, 41.21 W
2026/09/15 14:42:56.163, 2502 MHz, 0x0000000000000000, 70, 41.32 W
2026/09/15 14:42:57.163, 2502 MHz, 0x0000000000000000, 70, 40.94 W
2026/09/15 14:42:58.164, 2502 MHz, 0x0000000000000000, 70, 40.99 W
2026/09/15 14:42:59.165, 2502 MHz, 0x0000000000000000, 70, 40.79 W
2026/09/15 14:43:00.165, 2502 MHz, 0x0000000000000000, 70, 40.81 W
2026/09/15 14:43:01.166, 2502 MHz, 0x0000000000000000, 70, 41.26 W
2026/09/15 14:43:02.166, 2502 MHz, 0x0000000000000000, 70, 40.94 W
2026/09/15 14:43:03.166, 2502 MHz, 0x0000000000000000, 70, 41.02 W
2026/09/15 14:43:04.167, 2502 MHz, 0x0000000000000000, 70, 40.91 W
2026/09/15 14:43:05.167, 2502 MHz, 0x0000000000000000, 70, 40.98 W
2026/09/15 14:43:06.168, 2502 MHz, 0x0000000000000000, 70, 41.00 W
2026/09/15 14:43:07.169, 2502 MHz, 0x0000000000000000, 70, 41.04 W
2026/09/15 14:43:08.169, 2502 MHz, 0x0000000000000000, 70, 40.89 W
2026/09/15 14:43:09.170, 2502 MHz, 0x0000000000000000, 70, 40.93 W
2026/09/15 14:43:10.170, 2502 MHz, 0x0000000000000000, 70, 40.73 W
2026/09/15 14:43:11.171, 2502 MHz, 0x0000000000000000, 70, 40.94 W
2026/09/15 14:43:12.172, 2411 MHz, 0x0000000000000000, 65, 25.00 W
2026/09/15 14:43:13.172, 2411 MHz, 0x0000000000000000, 64, 14.24 W
2026/09/15 14:43:14.173, 2476 MHz, 0x0000000000000000, 73, 45.58 W
2026/09/15 14:43:15.173, 2463 MHz, 0x0000000000000000, 72, 53.86 W
2026/09/15 14:43:16.173, 2470 MHz, 0x0000000000000000, 73, 61.40 W
2026/09/15 14:43:17.173, 2470 MHz, 0x0000000000000000, 74, 61.64 W
2026/09/15 14:43:18.174, 2470 MHz, 0x0000000000000000, 75, 62.17 W
2026/09/15 14:43:19.174, 2463 MHz, 0x0000000000000000, 75, 62.14 W
2026/09/15 14:43:20.174, 2470 MHz, 0x0000000000000000, 74, 61.99 W
2026/09/15 14:43:21.174, 2502 MHz, 0x0000000000000000, 71, 48.56 W
2026/09/15 14:43:22.175, 2502 MHz, 0x0000000000000000, 71, 44.18 W
2026/09/15 14:43:23.175, 2502 MHz, 0x0000000000000000, 71, 43.99 W
2026/09/15 14:43:24.176, 2502 MHz, 0x0000000000000000, 71, 43.72 W
2026/09/15 14:43:25.177, 2502 MHz, 0x0000000000000000, 71, 43.87 W
2026/09/15 14:43:26.177, 2502 MHz, 0x0000000000000000, 71, 44.42 W
2026/09/15 14:43:27.178, 2502 MHz, 0x0000000000000000, 71, 43.73 W
2026/09/15 14:43:28.178, 2502 MHz, 0x0000000000000000, 71, 44.09 W
2026/09/15 14:43:29.179, 2502 MHz, 0x0000000000000000, 71, 44.05 W
2026/09/15 14:43:30.179, 2502 MHz, 0x0000000000000000, 71, 44.02 W
2026/09/15 14:43:31.180, 2502 MHz, 0x0000000000000000, 71, 43.95 W
2026/09/15 14:43:32.181, 2502 MHz, 0x0000000000000000, 71, 44.05 W
2026/09/15 14:43:33.181, 2502 MHz, 0x0000000000000000, 71, 44.48 W
2026/09/15 14:43:34.182, 2502 MHz, 0x0000000000000000, 71, 44.36 W
2026/09/15 14:43:35.182, 2502 MHz, 0x0000000000000000, 71, 44.07 W
2026/09/15 14:43:36.183, 2502 MHz, 0x0000000000000000, 71, 43.92 W
2026/09/15 14:43:37.184, 2502 MHz, 0x0000000000000000, 71, 43.71 W
2026/09/15 14:43:38.184, 2502 MHz, 0x0000000000000000, 71, 43.63 W
2026/09/15 14:43:39.185, 2502 MHz, 0x0000000000000000, 71, 43.14 W
2026/09/15 14:43:40.185, 2502 MHz, 0x0000000000000000, 71, 43.58 W
2026/09/15 14:43:41.186, 2502 MHz, 0x0000000000000000, 71, 43.63 W
2026/09/15 14:43:42.186, 2502 MHz, 0x0000000000000000, 71, 43.53 W
2026/09/15 14:43:43.187, 2502 MHz, 0x0000000000000000, 71, 43.49 W
2026/09/15 14:43:44.188, 2502 MHz, 0x0000000000000000, 71, 43.10 W
2026/09/15 14:43:45.188, 2502 MHz, 0x0000000000000000, 71, 43.06 W
2026/09/15 14:43:46.189, 2502 MHz, 0x0000000000000000, 71, 43.42 W
2026/09/15 14:43:47.189, 2502 MHz, 0x0000000000000000, 71, 43.14 W
2026/09/15 14:43:48.190, 2502 MHz, 0x0000000000000000, 71, 43.20 W
2026/09/15 14:43:49.190, 2502 MHz, 0x0000000000000000, 71, 43.19 W
2026/09/15 14:43:50.191, 2502 MHz, 0x0000000000000000, 71, 43.58 W
2026/09/15 14:43:51.191, 2502 MHz, 0x0000000000000000, 71, 43.43 W
2026/09/15 14:43:52.192, 2502 MHz, 0x0000000000000000, 71, 43.35 W
2026/09/15 14:43:53.193, 2502 MHz, 0x0000000000000000, 71, 43.20 W
2026/09/15 14:43:54.193, 2424 MHz, 0x0000000000000000, 66, 31.45 W
2026/09/15 14:43:55.193, 2411 MHz, 0x0000000000000000, 65, 14.34 W
2026/09/15 14:43:56.194, 2476 MHz, 0x0000000000000000, 75, 36.36 W
2026/09/15 14:43:57.194, 2470 MHz, 0x0000000000000000, 73, 63.88 W
2026/09/15 14:43:58.194, 2457 MHz, 0x0000000000000000, 74, 51.69 W
2026/09/15 14:43:59.195, 2470 MHz, 0x0000000000000000, 74, 64.39 W
2026/09/15 14:44:00.195, 2470 MHz, 0x0000000000000000, 75, 64.87 W
2026/09/15 14:44:01.195, 2470 MHz, 0x0000000000000000, 75, 63.56 W
2026/09/15 14:44:02.196, 2502 MHz, 0x0000000000000000, 71, 46.66 W
2026/09/15 14:44:03.197, 2502 MHz, 0x0000000000000000, 71, 42.16 W
2026/09/15 14:44:04.197, 2502 MHz, 0x0000000000000000, 71, 42.00 W
2026/09/15 14:44:05.198, 2502 MHz, 0x0000000000000000, 70, 42.09 W
2026/09/15 14:44:06.198, 2502 MHz, 0x0000000000000000, 70, 41.59 W
2026/09/15 14:44:07.199, 2502 MHz, 0x0000000000000000, 71, 41.72 W
2026/09/15 14:44:08.200, 2502 MHz, 0x0000000000000000, 70, 42.25 W
2026/09/15 14:44:09.200, 2502 MHz, 0x0000000000000000, 70, 42.20 W
2026/09/15 14:44:10.201, 2502 MHz, 0x0000000000000000, 70, 42.37 W
2026/09/15 14:44:11.202, 2502 MHz, 0x0000000000000000, 70, 42.35 W
2026/09/15 14:44:12.202, 2502 MHz, 0x0000000000000000, 70, 42.30 W
2026/09/15 14:44:13.202, 2502 MHz, 0x0000000000000000, 70, 42.08 W
2026/09/15 14:44:14.203, 2502 MHz, 0x0000000000000000, 70, 42.24 W
2026/09/15 14:44:15.203, 2502 MHz, 0x0000000000000000, 70, 42.47 W
2026/09/15 14:44:16.204, 2502 MHz, 0x0000000000000000, 70, 42.50 W
2026/09/15 14:44:17.205, 2502 MHz, 0x0000000000000000, 70, 42.49 W
2026/09/15 14:44:18.205, 2502 MHz, 0x0000000000000000, 70, 42.45 W
2026/09/15 14:44:19.205, 2502 MHz, 0x0000000000000000, 70, 42.44 W
2026/09/15 14:44:20.206, 2502 MHz, 0x0000000000000000, 70, 42.35 W
2026/09/15 14:44:21.207, 2502 MHz, 0x0000000000000000, 70, 42.21 W
2026/09/15 14:44:22.207, 2502 MHz, 0x0000000000000000, 70, 41.94 W
2026/09/15 14:44:23.207, 2502 MHz, 0x0000000000000000, 70, 41.52 W
2026/09/15 14:44:24.208, 2502 MHz, 0x0000000000000000, 70, 41.59 W
2026/09/15 14:44:25.208, 2502 MHz, 0x0000000000000000, 70, 41.87 W
2026/09/15 14:44:26.209, 2502 MHz, 0x0000000000000000, 70, 41.19 W
2026/09/15 14:44:27.210, 2502 MHz, 0x0000000000000000, 70, 41.70 W
2026/09/15 14:44:28.211, 2502 MHz, 0x0000000000000000, 70, 42.17 W
2026/09/15 14:44:29.212, 2502 MHz, 0x0000000000000000, 70, 41.53 W
2026/09/15 14:44:30.212, 2502 MHz, 0x0000000000000000, 70, 41.34 W
2026/09/15 14:44:31.213, 2502 MHz, 0x0000000000000000, 70, 41.78 W
2026/09/15 14:44:32.214, 2502 MHz, 0x0000000000000000, 70, 41.86 W
2026/09/15 14:44:33.214, 2502 MHz, 0x0000000000000000, 70, 41.95 W
2026/09/15 14:44:34.215, 2502 MHz, 0x0000000000000000, 70, 41.81 W
2026/09/15 14:44:35.216, 2502 MHz, 0x0000000000000000, 70, 42.25 W
2026/09/15 14:44:36.217, 2411 MHz, 0x0000000000000000, 65, 19.86 W
2026/09/15 14:44:37.217, 2411 MHz, 0x0000000000000000, 64, 14.22 W
2026/09/15 14:44:38.217, 2470 MHz, 0x0000000000000000, 74, 55.73 W
2026/09/15 14:44:39.218, 2470 MHz, 0x0000000000000000, 73, 61.20 W
2026/09/15 14:44:40.219, 2470 MHz, 0x0000000000000000, 73, 53.76 W
2026/09/15 14:44:41.219, 2470 MHz, 0x0000000000000000, 75, 62.70 W
2026/09/15 14:44:42.219, 2470 MHz, 0x0000000000000000, 75, 65.84 W
2026/09/15 14:44:43.220, 2470 MHz, 0x0000000000000000, 74, 62.56 W
2026/09/15 14:44:44.220, 2470 MHz, 0x0000000000000000, 75, 64.54 W
2026/09/15 14:44:45.221, 2470 MHz, 0x0000000000000000, 75, 64.17 W
2026/09/15 14:44:46.221, 2470 MHz, 0x0000000000000000, 75, 64.42 W
2026/09/15 14:44:47.222, 2483 MHz, 0x0000000000000000, 72, 53.55 W
2026/09/15 14:44:48.222, 2502 MHz, 0x0000000000000000, 72, 45.12 W
2026/09/15 14:44:49.223, 2502 MHz, 0x0000000000000000, 71, 44.61 W
2026/09/15 14:44:50.224, 2502 MHz, 0x0000000000000000, 71, 44.60 W
2026/09/15 14:44:51.225, 2502 MHz, 0x0000000000000000, 71, 44.84 W
2026/09/15 14:44:52.226, 2502 MHz, 0x0000000000000000, 71, 44.90 W
2026/09/15 14:44:53.227, 2502 MHz, 0x0000000000000000, 71, 44.98 W
2026/09/15 14:44:54.228, 2502 MHz, 0x0000000000000000, 72, 44.98 W
2026/09/15 14:44:55.228, 2502 MHz, 0x0000000000000000, 71, 44.86 W
2026/09/15 14:44:56.229, 2502 MHz, 0x0000000000000000, 71, 45.00 W
2026/09/15 14:44:57.229, 2502 MHz, 0x0000000000000000, 71, 45.08 W
2026/09/15 14:44:58.229, 2502 MHz, 0x0000000000000000, 71, 44.78 W
2026/09/15 14:44:59.230, 2502 MHz, 0x0000000000000000, 71, 45.13 W
2026/09/15 14:45:00.230, 2502 MHz, 0x0000000000000000, 71, 45.42 W
2026/09/15 14:45:01.231, 2502 MHz, 0x0000000000000000, 71, 45.20 W
2026/09/15 14:45:02.232, 2502 MHz, 0x0000000000000000, 71, 45.13 W
2026/09/15 14:45:03.233, 2502 MHz, 0x0000000000000000, 71, 44.77 W
2026/09/15 14:45:04.234, 2502 MHz, 0x0000000000000000, 71, 44.88 W
2026/09/15 14:45:05.235, 2502 MHz, 0x0000000000000000, 71, 44.54 W
2026/09/15 14:45:06.235, 2502 MHz, 0x0000000000000000, 71, 44.42 W
2026/09/15 14:45:07.235, 2502 MHz, 0x0000000000000000, 71, 44.17 W
2026/09/15 14:45:08.236, 2502 MHz, 0x0000000000000000, 71, 43.95 W
2026/09/15 14:45:09.237, 2502 MHz, 0x0000000000000000, 71, 44.01 W
2026/09/15 14:45:10.237, 2502 MHz, 0x0000000000000000, 71, 44.21 W
2026/09/15 14:45:11.238, 2502 MHz, 0x0000000000000000, 71, 44.44 W
2026/09/15 14:45:12.238, 2502 MHz, 0x0000000000000000, 71, 44.19 W
2026/09/15 14:45:13.239, 2502 MHz, 0x0000000000000000, 71, 44.69 W
2026/09/15 14:45:14.240, 2502 MHz, 0x0000000000000000, 71, 44.58 W
2026/09/15 14:45:15.240, 2502 MHz, 0x0000000000000000, 71, 44.80 W
2026/09/15 14:45:16.241, 2502 MHz, 0x0000000000000000, 71, 44.79 W
2026/09/15 14:45:17.242, 2502 MHz, 0x0000000000000000, 71, 44.76 W
2026/09/15 14:45:18.243, 2502 MHz, 0x0000000000000000, 71, 44.85 W
2026/09/15 14:45:19.243, 2502 MHz, 0x0000000000000000, 71, 45.21 W
2026/09/15 14:45:20.244, 2502 MHz, 0x0000000000000000, 68, 41.90 W
2026/09/15 14:45:21.244, 2411 MHz, 0x0000000000000000, 65, 14.58 W
2026/09/15 14:45:22.245, 2411 MHz, 0x0000000000000000, 64, 14.70 W
2026/09/15 14:45:23.245, 2470 MHz, 0x0000000000000000, 74, 70.09 W
2026/09/15 14:45:24.246, 2470 MHz, 0x0000000000000000, 76, 69.64 W
2026/09/15 14:45:25.246, 2411 MHz, 0x0000000000000000, 66, 46.44 W
2026/09/15 14:45:26.247, 2470 MHz, 0x0000000000000000, 76, 69.37 W
2026/09/15 14:45:27.247, 2470 MHz, 0x0000000000000000, 76, 70.45 W
2026/09/15 14:45:28.247, 2470 MHz, 0x0000000000000000, 77, 70.17 W
2026/09/15 14:45:29.248, 2470 MHz, 0x0000000000000000, 77, 69.57 W
2026/09/15 14:45:30.249, 2470 MHz, 0x0000000000000000, 79, 71.51 W
2026/09/15 14:45:31.250, 2483 MHz, 0x0000000000000000, 72, 49.55 W
2026/09/15 14:45:32.251, 2483 MHz, 0x0000000000000000, 72, 43.38 W
2026/09/15 14:45:33.251, 2502 MHz, 0x0000000000000000, 71, 43.25 W
2026/09/15 14:45:34.252, 2502 MHz, 0x0000000000000000, 71, 43.26 W
2026/09/15 14:45:35.253, 2502 MHz, 0x0000000000000000, 71, 43.08 W
2026/09/15 14:45:36.254, 2502 MHz, 0x0000000000000000, 71, 43.31 W
2026/09/15 14:45:37.254, 2502 MHz, 0x0000000000000000, 71, 43.14 W
2026/09/15 14:45:38.255, 2502 MHz, 0x0000000000000000, 71, 43.14 W
2026/09/15 14:45:39.256, 2502 MHz, 0x0000000000000000, 71, 43.07 W
2026/09/15 14:45:40.257, 2502 MHz, 0x0000000000000000, 71, 43.05 W
2026/09/15 14:45:41.257, 2502 MHz, 0x0000000000000000, 71, 43.26 W
2026/09/15 14:45:42.258, 2502 MHz, 0x0000000000000000, 71, 42.79 W
2026/09/15 14:45:43.259, 2502 MHz, 0x0000000000000000, 71, 42.83 W
2026/09/15 14:45:44.259, 2502 MHz, 0x0000000000000000, 71, 42.37 W
2026/09/15 14:45:45.260, 2502 MHz, 0x0000000000000000, 71, 42.80 W
2026/09/15 14:45:46.260, 2502 MHz, 0x0000000000000000, 71, 42.62 W
2026/09/15 14:45:47.261, 2502 MHz, 0x0000000000000000, 71, 42.73 W
2026/09/15 14:45:48.262, 2502 MHz, 0x0000000000000000, 71, 43.29 W
2026/09/15 14:45:49.262, 2502 MHz, 0x0000000000000000, 71, 43.44 W
2026/09/15 14:45:50.263, 2502 MHz, 0x0000000000000000, 71, 43.29 W
2026/09/15 14:45:51.264, 2502 MHz, 0x0000000000000000, 71, 43.08 W
2026/09/15 14:45:52.264, 2502 MHz, 0x0000000000000000, 71, 43.07 W
2026/09/15 14:45:53.265, 2502 MHz, 0x0000000000000000, 71, 43.01 W
2026/09/15 14:45:54.265, 2502 MHz, 0x0000000000000000, 71, 43.04 W
2026/09/15 14:45:55.266, 2502 MHz, 0x0000000000000000, 71, 43.08 W
2026/09/15 14:45:56.266, 2502 MHz, 0x0000000000000000, 71, 42.74 W
2026/09/15 14:45:57.267, 2502 MHz, 0x0000000000000000, 71, 42.85 W
2026/09/15 14:45:58.268, 2502 MHz, 0x0000000000000000, 71, 42.83 W
2026/09/15 14:45:59.269, 2502 MHz, 0x0000000000000000, 71, 42.95 W
2026/09/15 14:46:00.269, 2502 MHz, 0x0000000000000000, 71, 42.96 W
2026/09/15 14:46:01.270, 2502 MHz, 0x0000000000000000, 71, 43.06 W
2026/09/15 14:46:02.270, 2502 MHz, 0x0000000000000000, 70, 42.73 W
2026/09/15 14:46:03.271, 2502 MHz, 0x0000000000000000, 71, 42.80 W
2026/09/15 14:46:04.272, 2411 MHz, 0x0000000000000000, 66, 29.23 W
2026/09/15 14:46:05.272, 2411 MHz, 0x0000000000000000, 64, 14.46 W
2026/09/15 14:46:06.273, 2470 MHz, 0x0000000000000000, 74, 34.29 W
2026/09/15 14:46:07.273, 2470 MHz, 0x0000000000000000, 76, 69.05 W
2026/09/15 14:46:08.274, 2470 MHz, 0x0000000000000000, 75, 71.52 W
2026/09/15 14:46:09.274, 2476 MHz, 0x0000000000000000, 74, 44.68 W
2026/09/15 14:46:10.274, 2470 MHz, 0x0000000000000000, 73, 69.73 W
2026/09/15 14:46:11.275, 2470 MHz, 0x0000000000000000, 75, 71.14 W
2026/09/15 14:46:12.275, 2470 MHz, 0x0000000000000000, 76, 69.98 W
2026/09/15 14:46:13.275, 2470 MHz, 0x0000000000000000, 77, 69.23 W
2026/09/15 14:46:14.276, 2470 MHz, 0x0000000000000000, 75, 69.93 W
2026/09/15 14:46:15.276, 2470 MHz, 0x0000000000000000, 78, 71.89 W
2026/09/15 14:46:16.276, 2470 MHz, 0x0000000000000000, 76, 70.17 W
2026/09/15 14:46:17.276, 2470 MHz, 0x0000000000000000, 77, 70.32 W
2026/09/15 14:46:18.277, 2470 MHz, 0x0000000000000000, 77, 69.71 W
2026/09/15 14:46:19.277, 2470 MHz, 0x0000000000000000, 78, 72.36 W
2026/09/15 14:46:20.278, 2483 MHz, 0x0000000000000000, 73, 51.09 W
2026/09/15 14:46:21.278, 2483 MHz, 0x0000000000000000, 73, 46.77 W
2026/09/15 14:46:22.279, 2483 MHz, 0x0000000000000000, 73, 46.13 W
2026/09/15 14:46:23.279, 2483 MHz, 0x0000000000000000, 73, 46.06 W
2026/09/15 14:46:24.279, 2483 MHz, 0x0000000000000000, 73, 45.77 W
2026/09/15 14:46:25.280, 2483 MHz, 0x0000000000000000, 73, 45.83 W
2026/09/15 14:46:26.280, 2483 MHz, 0x0000000000000000, 73, 46.20 W
2026/09/15 14:46:27.281, 2483 MHz, 0x0000000000000000, 72, 45.99 W
2026/09/15 14:46:28.281, 2483 MHz, 0x0000000000000000, 72, 45.67 W
2026/09/15 14:46:29.282, 2483 MHz, 0x0000000000000000, 72, 45.75 W
2026/09/15 14:46:30.282, 2483 MHz, 0x0000000000000000, 73, 46.20 W
2026/09/15 14:46:31.283, 2483 MHz, 0x0000000000000000, 73, 46.21 W
2026/09/15 14:46:32.284, 2483 MHz, 0x0000000000000000, 72, 45.94 W
2026/09/15 14:46:33.284, 2483 MHz, 0x0000000000000000, 72, 46.00 W
2026/09/15 14:46:34.285, 2483 MHz, 0x0000000000000000, 73, 46.22 W
2026/09/15 14:46:35.285, 2483 MHz, 0x0000000000000000, 72, 46.22 W
2026/09/15 14:46:36.286, 2483 MHz, 0x0000000000000000, 73, 46.26 W
2026/09/15 14:46:37.286, 2483 MHz, 0x0000000000000000, 72, 46.30 W
2026/09/15 14:46:38.287, 2483 MHz, 0x0000000000000000, 72, 46.24 W
2026/09/15 14:46:39.287, 2483 MHz, 0x0000000000000000, 72, 46.09 W
2026/09/15 14:46:40.288, 2483 MHz, 0x0000000000000000, 72, 45.78 W
2026/09/15 14:46:41.288, 2483 MHz, 0x0000000000000000, 72, 45.72 W
2026/09/15 14:46:42.288, 2483 MHz, 0x0000000000000000, 72, 45.87 W
2026/09/15 14:46:43.289, 2483 MHz, 0x0000000000000000, 72, 45.98 W
2026/09/15 14:46:44.289, 2483 MHz, 0x0000000000000000, 72, 46.11 W
2026/09/15 14:46:45.289, 2483 MHz, 0x0000000000000000, 72, 45.97 W
2026/09/15 14:46:46.290, 2483 MHz, 0x0000000000000000, 72, 46.02 W
2026/09/15 14:46:47.290, 2483 MHz, 0x0000000000000000, 72, 46.44 W
2026/09/15 14:46:48.290, 2483 MHz, 0x0000000000000000, 72, 46.17 W
2026/09/15 14:46:49.291, 2483 MHz, 0x0000000000000000, 73, 46.38 W
2026/09/15 14:46:50.291, 2483 MHz, 0x0000000000000000, 72, 46.07 W
2026/09/15 14:46:51.291, 2483 MHz, 0x0000000000000000, 72, 46.17 W
2026/09/15 14:46:52.292, 2483 MHz, 0x0000000000000000, 72, 45.89 W
2026/09/15 14:46:53.292, 2483 MHz, 0x0000000000000000, 72, 46.11 W
2026/09/15 14:46:54.293, 2411 MHz, 0x0000000000000000, 66, 24.21 W
2026/09/15 14:46:55.294, 2411 MHz, 0x0000000000000000, 66, 14.68 W
2026/09/15 14:46:56.295, 2411 MHz, 0x0000000000000000, 65, 14.45 W
2026/09/15 14:46:57.295, 2411 MHz, 0x0000000000000000, 64, 14.46 W
2026/09/15 14:46:58.297, 2411 MHz, 0x0000000000000000, 64, 14.32 W
2026/09/15 14:46:59.297, 2411 MHz, 0x0000000000000000, 63, 14.21 W
2026/09/15 14:47:00.298, 2411 MHz, 0x0000000000000000, 63, 14.12 W
2026/09/15 14:47:01.299, 2411 MHz, 0x0000000000000000, 63, 14.02 W
2026/09/15 14:47:02.299, 2405 MHz, 0x0000000000000000, 62, 13.93 W
2026/09/15 14:47:03.300, 2398 MHz, 0x0000000000000000, 62, 13.51 W
2026/09/15 14:47:04.301, 2398 MHz, 0x0000000000000000, 61, 13.43 W
2026/09/15 14:47:05.301, 2398 MHz, 0x0000000000000000, 61, 13.28 W
2026/09/15 14:47:06.302, 2405 MHz, 0x0000000000000000, 61, 13.34 W
2026/09/15 14:47:07.302, 2398 MHz, 0x0000000000000000, 61, 13.21 W
2026/09/15 14:47:08.303, 2398 MHz, 0x0000000000000000, 61, 13.42 W
2026/09/15 14:47:09.304, 2398 MHz, 0x0000000000000000, 60, 13.96 W
2026/09/15 14:47:10.304, 2398 MHz, 0x0000000000000000, 60, 13.52 W
2026/09/15 14:47:11.304, 208 MHz, 0x0000000000000000, 59, 8.68 W
2026/09/15 14:47:12.305, 208 MHz, 0x0000000000000000, 58, 5.18 W
2026/09/15 14:47:13.306, 208 MHz, 0x0000000000000000, 58, 5.08 W
2026/09/15 14:47:14.307, 208 MHz, 0x0000000000000000, 58, 4.23 W
2026/09/15 14:47:15.308, 208 MHz, 0x0000000000000004, 58, 4.20 W
2026/09/15 14:47:16.309, 208 MHz, 0x0000000000000000, 57, 4.09 W
2026/09/15 14:47:17.309, 208 MHz, 0x0000000000000004, 57, 4.12 W
2026/09/15 14:47:18.309, 208 MHz, 0x0000000000000000, 57, 4.24 W
2026/09/15 14:47:19.310, 208 MHz, 0x0000000000000004, 57, 4.30 W
2026/09/15 14:47:20.310, 208 MHz, 0x0000000000000000, 57, 4.42 W
2026/09/15 14:47:21.311, 208 MHz, 0x0000000000000004, 57, 4.41 W
2026/09/15 14:47:22.311, 208 MHz, 0x0000000000000000, 56, 4.33 W
2026/09/15 14:47:23.312, 208 MHz, 0x0000000000000004, 56, 4.27 W
2026/09/15 14:47:24.312, 208 MHz, 0x0000000000000000, 56, 4.24 W
2026/09/15 14:47:25.313, 208 MHz, 0x0000000000000004, 56, 4.25 W
2026/09/15 14:47:26.313, 208 MHz, 0x0000000000000000, 56, 4.33 W
2026/09/15 14:47:27.314, 208 MHz, 0x0000000000000000, 56, 4.29 W
2026/09/15 14:47:28.314, 208 MHz, 0x0000000000000000, 56, 4.20 W
2026/09/15 14:47:29.315, 208 MHz, 0x0000000000000004, 56, 4.29 W
2026/09/15 14:47:30.315, 208 MHz, 0x0000000000000000, 56, 4.32 W
2026/09/15 14:47:31.315, 208 MHz, 0x0000000000000004, 56, 4.42 W
2026/09/15 14:47:32.316, 208 MHz, 0x0000000000000000, 56, 4.38 W
2026/09/15 14:47:33.316, 208 MHz, 0x0000000000000004, 56, 4.23 W
2026/09/15 14:47:34.317, 208 MHz, 0x0000000000000000, 56, 4.23 W
2026/09/15 14:47:35.318, 208 MHz, 0x0000000000000004, 56, 4.25 W
2026/09/15 14:47:36.319, 208 MHz, 0x0000000000000000, 56, 4.28 W
2026/09/15 14:47:37.319, 208 MHz, 0x0000000000000004, 56, 4.35 W
2026/09/15 14:47:38.320, 208 MHz, 0x0000000000000000, 56, 4.49 W
2026/09/15 14:47:39.321, 208 MHz, 0x0000000000000004, 56, 4.08 W
2026/09/15 14:47:40.321, 208 MHz, 0x0000000000000000, 55, 4.06 W
2026/09/15 14:47:41.322, 208 MHz, 0x0000000000000004, 55, 4.12 W
2026/09/15 14:47:42.322, 208 MHz, 0x0000000000000000, 55, 4.07 W
2026/09/15 14:47:43.323, 208 MHz, 0x0000000000000004, 55, 4.03 W
2026/09/15 14:47:44.324, 208 MHz, 0x0000000000000000, 55, 4.02 W
2026/09/15 14:47:45.325, 208 MHz, 0x0000000000000004, 55, 3.98 W
2026/09/15 14:47:46.326, 208 MHz, 0x0000000000000000, 55, 4.01 W
2026/09/15 14:47:47.327, 208 MHz, 0x0000000000000004, 55, 3.97 W
2026/09/15 14:47:48.327, 208 MHz, 0x0000000000000000, 55, 3.99 W
2026/09/15 14:47:49.328, 208 MHz, 0x0000000000000004, 54, 3.95 W
2026/09/15 14:47:50.328, 208 MHz, 0x0000000000000004, 54, 3.92 W
2026/09/15 14:47:51.329, 208 MHz, 0x0000000000000000, 54, 3.90 W
2026/09/15 14:47:52.330, 208 MHz, 0x0000000000000004, 54, 3.92 W
2026/09/15 14:47:53.330, 1852 MHz, 0x0000000000000000, 55, 5.74 W
2026/09/15 14:47:54.331, 2405 MHz, 0x0000000000000000, 55, 12.53 W
2026/09/15 14:47:55.332, 2405 MHz, 0x0000000000000000, 56, 12.63 W
2026/09/15 14:47:56.332, 2405 MHz, 0x0000000000000000, 56, 12.49 W
2026/09/15 14:47:57.333, 2398 MHz, 0x0000000000000000, 56, 12.45 W
2026/09/15 14:47:58.333, 2405 MHz, 0x0000000000000000, 56, 12.57 W
2026/09/15 14:47:59.334, 2411 MHz, 0x0000000000000000, 56, 12.91 W
2026/09/15 14:48:00.335, 2405 MHz, 0x0000000000000000, 56, 12.61 W
2026/09/15 14:48:01.336, 2398 MHz, 0x0000000000000000, 56, 12.63 W
2026/09/15 14:48:02.336, 2405 MHz, 0x0000000000000000, 56, 12.64 W
2026/09/15 14:48:03.337, 2398 MHz, 0x0000000000000000, 56, 12.38 W
2026/09/15 14:48:04.337, 2483 MHz, 0x0000000000000000, 57, 17.58 W
2026/09/15 14:48:05.337, 2522 MHz, 0x0000000000000000, 58, 18.62 W
2026/09/15 14:48:06.338, 2522 MHz, 0x0000000000000000, 59, 21.75 W
2026/09/15 14:48:07.338, 2483 MHz, 0x0000000000000000, 58, 20.97 W
2026/09/15 14:48:08.338, 2522 MHz, 0x0000000000000000, 59, 21.59 W
2026/09/15 14:48:09.339, 2522 MHz, 0x0000000000000000, 60, 22.33 W
2026/09/15 14:48:10.339, 2522 MHz, 0x0000000000000000, 60, 23.10 W
2026/09/15 14:48:11.340, 2509 MHz, 0x0000000000000000, 60, 22.30 W
2026/09/15 14:48:12.340, 2522 MHz, 0x0000000000000000, 61, 23.33 W
2026/09/15 14:48:13.340, 2522 MHz, 0x0000000000000000, 61, 21.08 W
2026/09/15 14:48:14.341, 2522 MHz, 0x0000000000000000, 61, 22.82 W
2026/09/15 14:48:15.341, 2457 MHz, 0x0000000000000000, 60, 20.14 W
2026/09/15 14:48:16.342, 2437 MHz, 0x0000000000000000, 60, 16.98 W
2026/09/15 14:48:17.342, 2431 MHz, 0x0000000000000000, 60, 15.66 W
2026/09/15 14:48:18.342, 2437 MHz, 0x0000000000000000, 60, 15.89 W
2026/09/15 14:48:19.342, 2463 MHz, 0x0000000000000000, 60, 16.06 W
2026/09/15 14:48:20.343, 2444 MHz, 0x0000000000000000, 60, 16.14 W
2026/09/15 14:48:21.343, 2405 MHz, 0x0000000000000000, 60, 15.22 W
2026/09/15 14:48:22.343, 2424 MHz, 0x0000000000000000, 60, 15.96 W
2026/09/15 14:48:23.343, 2431 MHz, 0x0000000000000000, 60, 15.55 W
2026/09/15 14:48:24.344, 2424 MHz, 0x0000000000000000, 61, 15.95 W
2026/09/15 14:48:25.344, 2431 MHz, 0x0000000000000000, 61, 15.98 W
2026/09/15 14:48:26.344, 2431 MHz, 0x0000000000000000, 61, 15.53 W
2026/09/15 14:48:27.344, 2424 MHz, 0x0000000000000000, 61, 15.54 W
2026/09/15 14:48:28.345, 2437 MHz, 0x0000000000000000, 61, 16.78 W
2026/09/15 14:48:29.345, 2444 MHz, 0x0000000000000000, 61, 16.50 W
2026/09/15 14:48:30.345, 2483 MHz, 0x0000000000000000, 61, 17.07 W
2026/09/15 14:48:31.345, 2457 MHz, 0x0000000000000000, 62, 17.99 W
2026/09/15 14:48:32.345, 2457 MHz, 0x0000000000000000, 61, 17.68 W
2026/09/15 14:48:33.346, 2444 MHz, 0x0000000000000000, 61, 17.19 W
2026/09/15 14:48:34.346, 2450 MHz, 0x0000000000000000, 62, 17.19 W
2026/09/15 14:48:35.346, 2457 MHz, 0x0000000000000000, 62, 17.90 W
2026/09/15 14:48:36.346, 2457 MHz, 0x0000000000000000, 62, 17.62 W
2026/09/15 14:48:37.346, 2457 MHz, 0x0000000000000000, 62, 17.91 W
2026/09/15 14:48:38.347, 2411 MHz, 0x0000000000000000, 62, 17.16 W
2026/09/15 14:48:39.347, 2457 MHz, 0x0000000000000000, 62, 18.36 W
2026/09/15 14:48:40.347, 2444 MHz, 0x0000000000000000, 62, 17.90 W
2026/09/15 14:48:41.347, 2411 MHz, 0x0000000000000000, 62, 17.13 W
2026/09/15 14:48:42.348, 2457 MHz, 0x0000000000000000, 62, 18.43 W
2026/09/15 14:48:43.348, 2457 MHz, 0x0000000000000000, 62, 17.97 W
2026/09/15 14:48:44.348, 2470 MHz, 0x0000000000000000, 62, 16.60 W
2026/09/15 14:48:45.348, 2470 MHz, 0x0000000000000000, 63, 17.60 W
2026/09/15 14:48:46.349, 2431 MHz, 0x0000000000000000, 62, 16.31 W
2026/09/15 14:48:47.349, 2444 MHz, 0x0000000000000000, 63, 16.67 W
2026/09/15 14:48:48.349, 2444 MHz, 0x0000000000000000, 63, 17.02 W
2026/09/15 14:48:49.349, 2476 MHz, 0x0000000000000000, 63, 17.12 W
2026/09/15 14:48:50.349, 2457 MHz, 0x0000000000000000, 63, 18.29 W
2026/09/15 14:48:51.350, 2444 MHz, 0x0000000000000000, 63, 18.33 W
2026/09/15 14:48:52.350, 2444 MHz, 0x0000000000000000, 63, 17.24 W
2026/09/15 14:48:53.350, 2450 MHz, 0x0000000000000000, 63, 18.68 W
2026/09/15 14:48:54.351, 2437 MHz, 0x0000000000000000, 63, 17.18 W
2026/09/15 14:48:55.351, 2411 MHz, 0x0000000000000000, 63, 15.47 W
2026/09/15 14:48:56.351, 2411 MHz, 0x0000000000000000, 63, 15.42 W
2026/09/15 14:48:57.351, 2411 MHz, 0x0000000000000000, 63, 15.19 W
2026/09/15 14:48:58.351, 2411 MHz, 0x0000000000000000, 62, 19.13 W
2026/09/15 14:48:59.351, 2483 MHz, 0x0000000000000000, 64, 18.13 W
2026/09/15 14:49:00.351, 2463 MHz, 0x0000000000000000, 65, 23.55 W
2026/09/15 14:49:01.352, 2463 MHz, 0x0000000000000000, 62, 17.72 W
2026/09/15 14:49:02.352, 2398 MHz, 0x0000000000000000, 62, 13.74 W
2026/09/15 14:49:03.352, 2398 MHz, 0x0000000000000000, 61, 13.64 W
2026/09/15 14:49:04.352, 2398 MHz, 0x0000000000000000, 61, 13.61 W
2026/09/15 14:49:05.353, 2398 MHz, 0x0000000000000000, 61, 13.58 W
2026/09/15 14:49:06.353, 2398 MHz, 0x0000000000000000, 61, 13.59 W
2026/09/15 14:49:07.353, 2398 MHz, 0x0000000000000000, 62, 21.04 W
2026/09/15 14:49:08.353, 2522 MHz, 0x0000000000000000, 62, 21.53 W
2026/09/15 14:49:09.353, 2522 MHz, 0x0000000000000000, 62, 21.55 W
2026/09/15 14:49:10.354, 2522 MHz, 0x0000000000000000, 62, 21.51 W
2026/09/15 14:49:11.354, 2522 MHz, 0x0000000000000000, 62, 21.45 W
2026/09/15 14:49:12.354, 2522 MHz, 0x0000000000000000, 62, 21.48 W
2026/09/15 14:49:13.354, 2522 MHz, 0x0000000000000000, 62, 21.43 W
2026/09/15 14:49:14.354, 2522 MHz, 0x0000000000000000, 62, 21.48 W
2026/09/15 14:49:15.355, 2522 MHz, 0x0000000000000000, 62, 21.49 W
2026/09/15 14:49:16.355, 2522 MHz, 0x0000000000000000, 62, 21.47 W
2026/09/15 14:49:17.355, 2522 MHz, 0x0000000000000000, 62, 21.38 W
2026/09/15 14:49:18.355, 2522 MHz, 0x0000000000000000, 62, 21.38 W
2026/09/15 14:49:19.355, 2522 MHz, 0x0000000000000000, 61, 14.28 W
2026/09/15 14:49:20.355, 2398 MHz, 0x0000000000000000, 60, 13.24 W
2026/09/15 14:49:21.356, 2470 MHz, 0x0000000000000000, 67, 25.62 W
2026/09/15 14:49:22.356, 2457 MHz, 0x0000000000000000, 64, 45.69 W
2026/09/15 14:49:23.356, 2398 MHz, 0x0000000000000000, 61, 17.64 W
2026/09/15 14:49:24.357, 2405 MHz, 0x0000000000000000, 61, 27.22 W
2026/09/15 14:49:25.357, 2424 MHz, 0x0000000000000000, 61, 16.52 W
2026/09/15 14:49:26.357, 2424 MHz, 0x0000000000000000, 61, 17.96 W
2026/09/15 14:49:27.357, 2470 MHz, 0x0000000000000000, 61, 16.75 W
2026/09/15 14:49:28.357, 2457 MHz, 0x0000000000000000, 61, 18.00 W
2026/09/15 14:49:29.357, 2398 MHz, 0x0000000000000000, 60, 15.64 W
2026/09/15 14:49:30.358, 2398 MHz, 0x0000000000000000, 60, 13.32 W
2026/09/15 14:49:31.358, 2431 MHz, 0x0000000000000000, 62, 16.13 W
2026/09/15 14:49:32.358, 2398 MHz, 0x0000000000000000, 60, 15.50 W
2026/09/15 14:49:33.359, 2437 MHz, 0x0000000000000000, 61, 16.41 W
2026/09/15 14:49:34.359, 2418 MHz, 0x0000000000000000, 61, 32.55 W
2026/09/15 14:49:35.359, 2476 MHz, 0x0000000000000000, 61, 18.67 W
2026/09/15 14:49:36.360, 2476 MHz, 0x0000000000000000, 61, 17.92 W
2026/09/15 14:49:37.360, 2470 MHz, 0x0000000000000000, 60, 17.17 W
2026/09/15 14:49:38.360, 2489 MHz, 0x0000000000000000, 62, 21.24 W
2026/09/15 14:49:39.361, 2398 MHz, 0x0000000000000000, 59, 16.42 W
2026/09/15 14:49:40.362, 2398 MHz, 0x0000000000000000, 59, 12.66 W
2026/09/15 14:49:41.363, 2398 MHz, 0x0000000000000000, 59, 12.53 W
2026/09/15 14:49:42.363, 2398 MHz, 0x0000000000000000, 58, 12.50 W
2026/09/15 14:49:43.364, 2398 MHz, 0x0000000000000000, 58, 12.46 W
2026/09/15 14:49:44.365, 2398 MHz, 0x0000000000000000, 58, 12.42 W
2026/09/15 14:49:45.365, 2398 MHz, 0x0000000000000000, 58, 12.38 W
2026/09/15 14:49:46.366, 2398 MHz, 0x0000000000000000, 58, 12.36 W
2026/09/15 14:49:47.367, 2398 MHz, 0x0000000000000000, 57, 12.39 W
2026/09/15 14:49:48.367, 2398 MHz, 0x0000000000000000, 57, 12.32 W
2026/09/15 14:49:49.367, 2398 MHz, 0x0000000000000000, 57, 12.37 W
2026/09/15 14:49:50.368, 2398 MHz, 0x0000000000000000, 57, 12.41 W
2026/09/15 14:49:51.368, 2398 MHz, 0x0000000000000000, 57, 12.32 W
2026/09/15 14:49:52.369, 2398 MHz, 0x0000000000000000, 57, 12.26 W
2026/09/15 14:49:53.370, 2398 MHz, 0x0000000000000000, 57, 12.25 W
2026/09/15 14:49:54.370, 2398 MHz, 0x0000000000000000, 56, 12.23 W
2026/09/15 14:49:55.371, 2398 MHz, 0x0000000000000000, 56, 12.18 W
2026/09/15 14:49:56.371, 2398 MHz, 0x0000000000000000, 56, 12.20 W
2026/09/15 14:49:57.372, 2398 MHz, 0x0000000000000000, 56, 12.20 W
2026/09/15 14:49:58.373, 2398 MHz, 0x0000000000000000, 56, 12.12 W
2026/09/15 14:49:59.374, 2398 MHz, 0x0000000000000000, 56, 12.14 W
2026/09/15 14:50:00.375, 2398 MHz, 0x0000000000000000, 56, 12.11 W
2026/09/15 14:50:01.376, 2489 MHz, 0x0000000000000000, 59, 17.06 W
2026/09/15 14:50:02.376, 2398 MHz, 0x0000000000000000, 56, 12.25 W
2026/09/15 14:50:03.376, 2515 MHz, 0x0000000000000000, 59, 18.74 W
2026/09/15 14:50:04.376, 2522 MHz, 0x0000000000000000, 60, 36.24 W
2026/09/15 14:50:05.377, 2522 MHz, 0x0000000000000000, 61, 36.57 W
2026/09/15 14:50:06.377, 2522 MHz, 0x0000000000000000, 61, 34.51 W
2026/09/15 14:50:07.377, 2522 MHz, 0x0000000000000000, 62, 36.49 W
2026/09/15 14:50:08.378, 2522 MHz, 0x0000000000000000, 62, 36.55 W
2026/09/15 14:50:09.378, 2522 MHz, 0x0000000000000000, 62, 36.62 W
2026/09/15 14:50:10.378, 2522 MHz, 0x0000000000000000, 63, 36.78 W
2026/09/15 14:50:11.379, 2522 MHz, 0x0000000000000000, 63, 36.88 W
2026/09/15 14:50:12.379, 2522 MHz, 0x0000000000000000, 63, 36.93 W
2026/09/15 14:50:13.379, 2522 MHz, 0x0000000000000000, 64, 35.63 W
2026/09/15 14:50:14.380, 2502 MHz, 0x0000000000000000, 63, 36.80 W
2026/09/15 14:50:15.380, 2502 MHz, 0x0000000000000000, 64, 37.03 W
2026/09/15 14:50:16.381, 2502 MHz, 0x0000000000000000, 64, 37.05 W
2026/09/15 14:50:17.381, 2502 MHz, 0x0000000000000000, 64, 39.10 W
2026/09/15 14:50:18.382, 2496 MHz, 0x0000000000000000, 64, 40.04 W
2026/09/15 14:50:19.382, 2502 MHz, 0x0000000000000000, 64, 37.03 W
2026/09/15 14:50:20.383, 2502 MHz, 0x0000000000000000, 65, 37.38 W
2026/09/15 14:50:21.383, 2502 MHz, 0x0000000000000000, 65, 37.62 W
2026/09/15 14:50:22.384, 2502 MHz, 0x0000000000000000, 65, 36.33 W
2026/09/15 14:50:23.385, 2502 MHz, 0x0000000000000000, 65, 37.59 W
2026/09/15 14:50:24.385, 2502 MHz, 0x0000000000000000, 65, 37.31 W
2026/09/15 14:50:25.386, 2502 MHz, 0x0000000000000000, 65, 37.66 W
2026/09/15 14:50:26.386, 2502 MHz, 0x0000000000000000, 65, 37.38 W
2026/09/15 14:50:27.387, 2502 MHz, 0x0000000000000000, 64, 36.39 W
2026/09/15 14:50:28.387, 2502 MHz, 0x0000000000000000, 66, 37.66 W
2026/09/15 14:50:29.388, 2502 MHz, 0x0000000000000000, 66, 37.67 W
2026/09/15 14:50:30.388, 2502 MHz, 0x0000000000000000, 68, 39.44 W
2026/09/15 14:50:31.389, 2502 MHz, 0x0000000000000000, 66, 38.50 W
2026/09/15 14:50:32.389, 2502 MHz, 0x0000000000000000, 66, 40.51 W
2026/09/15 14:50:33.389, 2502 MHz, 0x0000000000000000, 66, 37.26 W
2026/09/15 14:50:34.390, 2502 MHz, 0x0000000000000000, 66, 37.99 W
2026/09/15 14:50:35.391, 2502 MHz, 0x0000000000000000, 66, 36.97 W
2026/09/15 14:50:36.391, 2502 MHz, 0x0000000000000000, 66, 37.82 W
2026/09/15 14:50:37.392, 2502 MHz, 0x0000000000000000, 66, 37.81 W
2026/09/15 14:50:38.392, 2502 MHz, 0x0000000000000000, 67, 37.88 W
2026/09/15 14:50:39.393, 2502 MHz, 0x0000000000000000, 67, 37.95 W
2026/09/15 14:50:40.393, 2502 MHz, 0x0000000000000000, 67, 38.22 W
2026/09/15 14:50:41.393, 2502 MHz, 0x0000000000000000, 67, 38.13 W
2026/09/15 14:50:42.394, 2502 MHz, 0x0000000000000000, 68, 37.14 W
2026/09/15 14:50:43.394, 2502 MHz, 0x0000000000000000, 67, 37.87 W
2026/09/15 14:50:44.395, 2502 MHz, 0x0000000000000000, 67, 38.12 W
2026/09/15 14:50:45.396, 2502 MHz, 0x0000000000000000, 67, 40.63 W
2026/09/15 14:50:46.396, 2502 MHz, 0x0000000000000000, 67, 41.23 W
2026/09/15 14:50:47.397, 2502 MHz, 0x0000000000000000, 68, 37.32 W
2026/09/15 14:50:48.397, 2470 MHz, 0x0000000000000000, 72, 54.40 W
2026/09/15 14:50:49.397, 2470 MHz, 0x0000000000000000, 72, 54.67 W
2026/09/15 14:50:50.398, 2411 MHz, 0x0000000000000000, 64, 23.16 W
2026/09/15 14:50:51.398, 2470 MHz, 0x0000000000000000, 71, 56.49 W
2026/09/15 14:50:52.399, 2470 MHz, 0x0000000000000000, 73, 58.48 W
2026/09/15 14:50:53.400, 2470 MHz, 0x0000000000000000, 73, 59.51 W
2026/09/15 14:50:54.400, 2470 MHz, 0x0000000000000000, 73, 59.64 W
2026/09/15 14:50:55.401, 2470 MHz, 0x0000000000000000, 74, 60.26 W
2026/09/15 14:50:56.402, 2470 MHz, 0x0000000000000000, 74, 60.62 W
2026/09/15 14:50:57.402, 2470 MHz, 0x0000000000000000, 74, 61.19 W
2026/09/15 14:50:58.403, 2470 MHz, 0x0000000000000000, 75, 61.34 W
2026/09/15 14:50:59.404, 2470 MHz, 0x0000000000000000, 75, 62.00 W
2026/09/15 14:51:00.405, 2470 MHz, 0x0000000000000000, 76, 62.38 W
2026/09/15 14:51:01.406, 2470 MHz, 0x0000000000000000, 77, 62.61 W
2026/09/15 14:51:02.406, 2470 MHz, 0x0000000000000000, 75, 63.02 W
2026/09/15 14:51:03.406, 2470 MHz, 0x0000000000000000, 76, 63.58 W
2026/09/15 14:51:04.407, 2470 MHz, 0x0000000000000000, 76, 63.84 W
2026/09/15 14:51:05.407, 2470 MHz, 0x0000000000000000, 76, 64.36 W
2026/09/15 14:51:06.407, 2470 MHz, 0x0000000000000000, 78, 64.51 W
2026/09/15 14:51:07.408, 2470 MHz, 0x0000000000000000, 77, 64.96 W
2026/09/15 14:51:08.409, 2470 MHz, 0x0000000000000000, 77, 64.94 W
2026/09/15 14:51:09.409, 2470 MHz, 0x0000000000000000, 77, 65.07 W
2026/09/15 14:51:10.410, 2470 MHz, 0x0000000000000000, 77, 65.50 W
2026/09/15 14:51:11.410, 2470 MHz, 0x0000000000000000, 77, 65.84 W
2026/09/15 14:51:12.411, 2463 MHz, 0x0000000000000000, 77, 66.06 W
2026/09/15 14:51:13.412, 2470 MHz, 0x0000000000000000, 76, 66.41 W
2026/09/15 14:51:14.412, 2470 MHz, 0x0000000000000000, 80, 67.43 W
2026/09/15 14:51:15.413, 2470 MHz, 0x0000000000000000, 79, 67.62 W
2026/09/15 14:51:16.413, 2463 MHz, 0x0000000000000000, 79, 67.18 W
2026/09/15 14:51:17.414, 2463 MHz, 0x0000000000000000, 79, 67.33 W
2026/09/15 14:51:18.414, 2463 MHz, 0x0000000000000000, 79, 67.51 W
2026/09/15 14:51:19.415, 2463 MHz, 0x0000000000000000, 79, 67.66 W
2026/09/15 14:51:20.415, 2457 MHz, 0x0000000000000000, 78, 68.00 W
2026/09/15 14:51:21.415, 2457 MHz, 0x0000000000000000, 79, 69.21 W
2026/09/15 14:51:22.416, 2463 MHz, 0x0000000000000000, 79, 68.85 W
2026/09/15 14:51:23.416, 2450 MHz, 0x0000000000000000, 81, 68.84 W
2026/09/15 14:51:24.418, 2457 MHz, 0x0000000000000000, 82, 68.92 W
2026/09/15 14:51:25.418, 2463 MHz, 0x0000000000000000, 80, 69.25 W
2026/09/15 14:51:26.419, 2457 MHz, 0x0000000000000000, 80, 68.82 W
2026/09/15 14:51:27.420, 2457 MHz, 0x0000000000000000, 82, 71.16 W
2026/09/15 14:51:28.421, 2450 MHz, 0x0000000000000000, 80, 70.02 W
2026/09/15 14:51:29.422, 2450 MHz, 0x0000000000000000, 80, 69.55 W
2026/09/15 14:51:30.423, 2457 MHz, 0x0000000000000000, 83, 70.20 W
2026/09/15 14:51:31.424, 2450 MHz, 0x0000000000000000, 80, 70.17 W
2026/09/15 14:51:32.424, 2444 MHz, 0x0000000000000000, 81, 71.60 W
2026/09/15 14:51:33.424, 2444 MHz, 0x0000000000000000, 82, 70.92 W
2026/09/15 14:51:34.425, 2444 MHz, 0x0000000000000000, 82, 70.65 W
2026/09/15 14:51:35.425, 2450 MHz, 0x0000000000000000, 82, 70.71 W
2026/09/15 14:51:36.426, 2444 MHz, 0x0000000000000000, 79, 70.73 W
2026/09/15 14:51:37.427, 2444 MHz, 0x0000000000000000, 81, 72.47 W
2026/09/15 14:51:38.427, 2444 MHz, 0x0000000000000000, 82, 71.03 W
2026/09/15 14:51:39.428, 2450 MHz, 0x0000000000000000, 82, 71.52 W
2026/09/15 14:51:40.429, 2450 MHz, 0x0000000000000000, 80, 71.90 W
2026/09/15 14:51:41.429, 2444 MHz, 0x0000000000000000, 82, 73.51 W
2026/09/15 14:51:42.430, 2398 MHz, 0x0000000000000000, 72, 34.65 W
2026/09/15 14:51:43.430, 2411 MHz, 0x0000000000000000, 71, 18.04 W
2026/09/15 14:51:44.430, 2457 MHz, 0x0000000000000000, 80, 73.09 W
2026/09/15 14:51:45.431, 2450 MHz, 0x0000000000000000, 81, 72.01 W
2026/09/15 14:51:46.431, 2457 MHz, 0x0000000000000000, 80, 71.09 W
2026/09/15 14:51:47.432, 2450 MHz, 0x0000000000000000, 83, 72.10 W
2026/09/15 14:51:48.432, 2444 MHz, 0x0000000000000000, 83, 72.30 W
2026/09/15 14:51:49.433, 2450 MHz, 0x0000000000000000, 83, 72.41 W
2026/09/15 14:51:50.434, 2450 MHz, 0x0000000000000000, 81, 71.91 W
2026/09/15 14:51:51.435, 2444 MHz, 0x0000000000000000, 81, 74.56 W
2026/09/15 14:51:52.436, 2444 MHz, 0x0000000000000000, 82, 72.22 W
2026/09/15 14:51:53.436, 2450 MHz, 0x0000000000000000, 82, 72.24 W
2026/09/15 14:51:54.437, 2444 MHz, 0x0000000000000000, 81, 74.26 W
2026/09/15 14:51:55.438, 2444 MHz, 0x0000000000000000, 81, 72.63 W
2026/09/15 14:51:56.438, 2450 MHz, 0x0000000000000000, 83, 72.14 W
2026/09/15 14:51:57.439, 2444 MHz, 0x0000000000000000, 83, 74.62 W
2026/09/15 14:51:58.439, 2444 MHz, 0x0000000000000000, 83, 72.79 W
2026/09/15 14:51:59.440, 2450 MHz, 0x0000000000000000, 82, 72.97 W
2026/09/15 14:52:00.440, 2444 MHz, 0x0000000000000000, 84, 75.32 W
2026/09/15 14:52:01.441, 2444 MHz, 0x0000000000000000, 83, 73.39 W
2026/09/15 14:52:02.442, 2450 MHz, 0x0000000000000000, 82, 72.85 W
2026/09/15 14:52:03.442, 2444 MHz, 0x0000000000000000, 81, 75.29 W
2026/09/15 14:52:04.443, 2444 MHz, 0x0000000000000000, 84, 73.85 W
2026/09/15 14:52:05.443, 2450 MHz, 0x0000000000000000, 82, 73.03 W
2026/09/15 14:52:06.444, 2444 MHz, 0x0000000000000000, 83, 75.64 W
2026/09/15 14:52:07.445, 2444 MHz, 0x0000000000000000, 82, 73.54 W
2026/09/15 14:52:08.445, 2450 MHz, 0x0000000000000000, 83, 74.51 W
2026/09/15 14:52:09.446, 2444 MHz, 0x0000000000000000, 84, 75.69 W
2026/09/15 14:52:10.447, 2444 MHz, 0x0000000000000000, 82, 74.78 W
2026/09/15 14:52:11.448, 2450 MHz, 0x0000000000000000, 82, 73.22 W
2026/09/15 14:52:12.449, 2444 MHz, 0x0000000000000000, 84, 76.95 W
2026/09/15 14:52:13.449, 2444 MHz, 0x0000000000000000, 82, 74.16 W
2026/09/15 14:52:14.450, 2450 MHz, 0x0000000000000000, 84, 74.67 W
2026/09/15 14:52:15.451, 2444 MHz, 0x0000000000000000, 82, 76.66 W
2026/09/15 14:52:16.451, 2444 MHz, 0x0000000000000000, 82, 74.22 W
2026/09/15 14:52:17.452, 2444 MHz, 0x0000000000000000, 83, 74.55 W
2026/09/15 14:52:18.453, 2444 MHz, 0x0000000000000000, 84, 77.74 W
2026/09/15 14:52:19.454, 2444 MHz, 0x0000000000000000, 83, 74.54 W
2026/09/15 14:52:20.454, 2444 MHz, 0x0000000000000000, 80, 75.17 W
2026/09/15 14:52:21.455, 2444 MHz, 0x0000000000000000, 83, 76.33 W
2026/09/15 14:52:22.455, 2450 MHz, 0x0000000000000000, 85, 75.29 W
2026/09/15 14:52:23.456, 2444 MHz, 0x0000000000000000, 85, 77.83 W
2026/09/15 14:52:24.456, 2444 MHz, 0x0000000000000000, 84, 75.77 W
2026/09/15 14:52:25.457, 2450 MHz, 0x0000000000000000, 85, 75.23 W
2026/09/15 14:52:26.457, 2444 MHz, 0x0000000000000000, 83, 77.45 W
2026/09/15 14:52:27.458, 2444 MHz, 0x0000000000000000, 84, 75.26 W
2026/09/15 14:52:28.459, 2444 MHz, 0x0000000000000000, 82, 76.76 W
2026/09/15 14:52:29.459, 2444 MHz, 0x0000000000000000, 84, 75.91 W
2026/09/15 14:52:30.460, 2450 MHz, 0x0000000000000000, 85, 75.89 W
2026/09/15 14:52:31.461, 2444 MHz, 0x0000000000000000, 85, 77.85 W
2026/09/15 14:52:32.461, 2444 MHz, 0x0000000000000000, 85, 76.50 W
2026/09/15 14:52:33.462, 2444 MHz, 0x0000000000000000, 85, 76.60 W
2026/09/15 14:52:34.463, 2444 MHz, 0x0000000000000000, 86, 78.56 W
2026/09/15 14:52:35.463, 2450 MHz, 0x0000000000000000, 83, 76.46 W
2026/09/15 14:52:36.464, 2444 MHz, 0x0000000000000000, 84, 78.40 W
2026/09/15 14:52:37.465, 2444 MHz, 0x0000000000000000, 83, 76.94 W
2026/09/15 14:52:38.465, 2444 MHz, 0x0000000000000000, 82, 77.38 W
2026/09/15 14:52:39.466, 2444 MHz, 0x0000000000000000, 84, 79.30 W
2026/09/15 14:52:40.467, 2444 MHz, 0x0000000000000000, 85, 76.90 W
2026/09/15 14:52:41.468, 2444 MHz, 0x0000000000000000, 85, 78.63 W
2026/09/15 14:52:42.468, 2444 MHz, 0x0000000000000000, 84, 77.14 W
2026/09/15 14:52:43.469, 2444 MHz, 0x0000000000000000, 84, 77.93 W
2026/09/15 14:52:44.470, 2444 MHz, 0x0000000000000000, 86, 78.65 W
2026/09/15 14:52:45.471, 2450 MHz, 0x0000000000000000, 84, 76.96 W
2026/09/15 14:52:46.471, 2444 MHz, 0x0000000000000000, 84, 79.81 W
2026/09/15 14:52:47.472, 2444 MHz, 0x0000000000000000, 86, 77.88 W
2026/09/15 14:52:48.472, 2444 MHz, 0x0000000000000000, 81, 77.51 W
2026/09/15 14:52:49.473, 2444 MHz, 0x0000000000000000, 86, 79.28 W
2026/09/15 14:52:50.474, 2450 MHz, 0x0000000000000000, 85, 76.56 W
2026/09/15 14:52:51.475, 2444 MHz, 0x0000000000000000, 84, 80.68 W
2026/09/15 14:52:52.475, 2444 MHz, 0x0000000000000000, 85, 77.34 W
2026/09/15 14:52:53.476, 2444 MHz, 0x0000000000000000, 85, 79.94 W
2026/09/15 14:52:54.476, 2444 MHz, 0x0000000000000000, 86, 77.83 W
2026/09/15 14:52:55.477, 2444 MHz, 0x0000000000000000, 86, 78.82 W
2026/09/15 14:52:56.478, 2444 MHz, 0x0000000000000000, 84, 78.32 W
2026/09/15 14:52:57.478, 2450 MHz, 0x0000000000000000, 78, 69.04 W
2026/09/15 14:52:58.479, 2476 MHz, 0x0000000000000000, 79, 44.31 W
2026/09/15 14:52:59.479, 2483 MHz, 0x0000000000000000, 78, 45.80 W
2026/09/15 14:53:00.479, 2483 MHz, 0x0000000000000000, 78, 46.48 W
2026/09/15 14:53:01.480, 2483 MHz, 0x0000000000000000, 78, 46.23 W
2026/09/15 14:53:02.481, 2483 MHz, 0x0000000000000000, 77, 45.79 W
2026/09/15 14:53:03.481, 2483 MHz, 0x0000000000000000, 77, 46.01 W
2026/09/15 14:53:04.481, 2483 MHz, 0x0000000000000000, 77, 45.90 W
2026/09/15 14:53:05.482, 2483 MHz, 0x0000000000000000, 77, 45.94 W
2026/09/15 14:53:06.483, 2483 MHz, 0x0000000000000000, 77, 45.57 W
2026/09/15 14:53:07.483, 2483 MHz, 0x0000000000000000, 77, 45.46 W
2026/09/15 14:53:08.483, 2483 MHz, 0x0000000000000000, 76, 45.45 W
2026/09/15 14:53:09.484, 2483 MHz, 0x0000000000000000, 77, 45.55 W
2026/09/15 14:53:10.484, 2483 MHz, 0x0000000000000000, 76, 45.63 W
2026/09/15 14:53:11.484, 2483 MHz, 0x0000000000000000, 76, 45.74 W
2026/09/15 14:53:12.484, 2483 MHz, 0x0000000000000000, 76, 45.70 W
2026/09/15 14:53:13.485, 2483 MHz, 0x0000000000000000, 76, 45.65 W
2026/09/15 14:53:14.485, 2483 MHz, 0x0000000000000000, 76, 44.72 W
2026/09/15 14:53:15.485, 2483 MHz, 0x0000000000000000, 75, 43.21 W
2026/09/15 14:53:16.485, 2470 MHz, 0x0000000000000000, 74, 40.38 W
2026/09/15 14:53:17.486, 2483 MHz, 0x0000000000000000, 75, 44.20 W
2026/09/15 14:53:18.486, 2483 MHz, 0x0000000000000000, 76, 45.17 W
2026/09/15 14:53:19.486, 2483 MHz, 0x0000000000000000, 75, 45.14 W
2026/09/15 14:53:20.487, 2483 MHz, 0x0000000000000000, 75, 45.34 W
2026/09/15 14:53:21.487, 2483 MHz, 0x0000000000000000, 75, 45.51 W
2026/09/15 14:53:22.487, 2483 MHz, 0x0000000000000000, 75, 45.27 W
2026/09/15 14:53:23.487, 2483 MHz, 0x0000000000000000, 75, 45.36 W
2026/09/15 14:53:24.487, 2483 MHz, 0x0000000000000000, 75, 45.28 W
2026/09/15 14:53:25.488, 2483 MHz, 0x0000000000000000, 75, 45.28 W
2026/09/15 14:53:26.488, 2483 MHz, 0x0000000000000000, 75, 45.43 W
2026/09/15 14:53:27.488, 2483 MHz, 0x0000000000000000, 75, 45.31 W
2026/09/15 14:53:28.488, 2483 MHz, 0x0000000000000000, 75, 45.26 W
2026/09/15 14:53:29.489, 2483 MHz, 0x0000000000000000, 75, 45.33 W
2026/09/15 14:53:30.489, 2483 MHz, 0x0000000000000000, 75, 45.23 W
2026/09/15 14:53:31.489, 2483 MHz, 0x0000000000000000, 75, 45.31 W
2026/09/15 14:53:32.489, 2483 MHz, 0x0000000000000000, 75, 45.22 W
2026/09/15 14:53:33.490, 2483 MHz, 0x0000000000000000, 74, 43.32 W
2026/09/15 14:53:34.490, 2483 MHz, 0x0000000000000000, 74, 40.17 W
2026/09/15 14:53:35.490, 2483 MHz, 0x0000000000000000, 74, 42.51 W
2026/09/15 14:53:36.491, 2483 MHz, 0x0000000000000000, 74, 44.63 W
2026/09/15 14:53:37.491, 2483 MHz, 0x0000000000000000, 74, 44.88 W
2026/09/15 14:53:38.491, 2483 MHz, 0x0000000000000000, 74, 44.72 W
2026/09/15 14:53:39.492, 2483 MHz, 0x0000000000000000, 74, 44.66 W
2026/09/15 14:53:40.492, 2483 MHz, 0x0000000000000000, 74, 45.01 W
2026/09/15 14:53:41.492, 2483 MHz, 0x0000000000000000, 74, 44.89 W
2026/09/15 14:53:42.493, 2483 MHz, 0x0000000000000000, 74, 45.08 W
2026/09/15 14:53:43.493, 2483 MHz, 0x0000000000000000, 74, 44.85 W
2026/09/15 14:53:44.493, 2483 MHz, 0x0000000000000000, 74, 44.72 W
2026/09/15 14:53:45.493, 2483 MHz, 0x0000000000000000, 74, 44.52 W
2026/09/15 14:53:46.494, 2483 MHz, 0x0000000000000000, 74, 44.90 W
2026/09/15 14:53:47.494, 2483 MHz, 0x0000000000000000, 74, 44.66 W
2026/09/15 14:53:48.494, 2483 MHz, 0x0000000000000000, 74, 44.70 W
2026/09/15 14:53:49.495, 2483 MHz, 0x0000000000000000, 74, 44.79 W
2026/09/15 14:53:50.495, 2483 MHz, 0x0000000000000000, 74, 44.50 W
2026/09/15 14:53:51.495, 2483 MHz, 0x0000000000000000, 74, 44.69 W
2026/09/15 14:53:52.496, 2483 MHz, 0x0000000000000000, 74, 43.85 W
2026/09/15 14:53:53.496, 2483 MHz, 0x0000000000000000, 73, 42.45 W
2026/09/15 14:53:54.496, 2483 MHz, 0x0000000000000000, 73, 37.83 W
2026/09/15 14:53:55.497, 2483 MHz, 0x0000000000000000, 72, 39.59 W
2026/09/15 14:53:56.497, 2483 MHz, 0x0000000000000000, 72, 39.54 W
2026/09/15 14:53:57.497, 2483 MHz, 0x0000000000000000, 72, 39.47 W
2026/09/15 14:53:58.498, 2483 MHz, 0x0000000000000000, 71, 38.46 W
2026/09/15 14:53:59.498, 2502 MHz, 0x0000000000000000, 72, 39.13 W
2026/09/15 14:54:00.498, 2502 MHz, 0x0000000000000000, 72, 39.29 W
2026/09/15 14:54:01.498, 2502 MHz, 0x0000000000000000, 72, 39.36 W
2026/09/15 14:54:02.498, 2502 MHz, 0x0000000000000000, 72, 39.38 W
2026/09/15 14:54:03.499, 2502 MHz, 0x0000000000000000, 72, 38.16 W
2026/09/15 14:54:04.499, 2502 MHz, 0x0000000000000000, 72, 39.37 W
2026/09/15 14:54:05.499, 2502 MHz, 0x0000000000000000, 72, 39.29 W
2026/09/15 14:54:06.500, 2502 MHz, 0x0000000000000000, 72, 39.34 W
2026/09/15 14:54:07.500, 2502 MHz, 0x0000000000000000, 72, 39.50 W
2026/09/15 14:54:08.501, 2502 MHz, 0x0000000000000000, 72, 41.39 W
2026/09/15 14:54:09.501, 2483 MHz, 0x0000000000000000, 72, 43.34 W
2026/09/15 14:54:10.502, 2483 MHz, 0x0000000000000000, 72, 43.30 W
2026/09/15 14:54:11.502, 2483 MHz, 0x0000000000000000, 72, 43.54 W
2026/09/15 14:54:12.502, 2483 MHz, 0x0000000000000000, 72, 43.42 W
2026/09/15 14:54:13.503, 2483 MHz, 0x0000000000000000, 72, 43.42 W
2026/09/15 14:54:14.503, 2483 MHz, 0x0000000000000000, 73, 43.48 W
2026/09/15 14:54:15.503, 2476 MHz, 0x0000000000000000, 71, 38.21 W
2026/09/15 14:54:16.504, 2483 MHz, 0x0000000000000000, 72, 43.12 W
2026/09/15 14:54:17.504, 2483 MHz, 0x0000000000000000, 72, 43.23 W
2026/09/15 14:54:18.504, 2483 MHz, 0x0000000000000000, 72, 42.96 W
2026/09/15 14:54:19.505, 2483 MHz, 0x0000000000000000, 72, 43.08 W
2026/09/15 14:54:20.505, 2483 MHz, 0x0000000000000000, 72, 43.38 W
2026/09/15 14:54:21.505, 2483 MHz, 0x0000000000000000, 72, 42.62 W
2026/09/15 14:54:22.506, 2483 MHz, 0x0000000000000000, 72, 40.84 W
2026/09/15 14:54:23.506, 2502 MHz, 0x0000000000000000, 72, 39.65 W
2026/09/15 14:54:24.506, 2483 MHz, 0x0000000000000000, 72, 43.28 W
2026/09/15 14:54:25.507, 2483 MHz, 0x0000000000000000, 72, 43.26 W
2026/09/15 14:54:26.507, 2483 MHz, 0x0000000000000000, 72, 43.26 W
2026/09/15 14:54:27.507, 2483 MHz, 0x0000000000000000, 72, 43.52 W
2026/09/15 14:54:28.508, 2483 MHz, 0x0000000000000000, 72, 43.39 W
2026/09/15 14:54:29.508, 2483 MHz, 0x0000000000000000, 72, 41.90 W
2026/09/15 14:54:30.508, 2502 MHz, 0x0000000000000000, 72, 37.90 W
2026/09/15 14:54:31.509, 2502 MHz, 0x0000000000000000, 71, 39.25 W
2026/09/15 14:54:32.509, 2502 MHz, 0x0000000000000000, 71, 39.27 W
2026/09/15 14:54:33.509, 2502 MHz, 0x0000000000000000, 71, 39.38 W
2026/09/15 14:54:34.510, 2502 MHz, 0x0000000000000000, 71, 37.98 W
2026/09/15 14:54:35.510, 2502 MHz, 0x0000000000000000, 71, 38.91 W
2026/09/15 14:54:36.510, 2502 MHz, 0x0000000000000000, 71, 38.99 W
2026/09/15 14:54:37.510, 2502 MHz, 0x0000000000000000, 71, 39.05 W
2026/09/15 14:54:38.510, 2502 MHz, 0x0000000000000000, 71, 38.84 W
2026/09/15 14:54:39.511, 2502 MHz, 0x0000000000000000, 71, 37.76 W
2026/09/15 14:54:40.511, 2502 MHz, 0x0000000000000000, 71, 38.94 W
2026/09/15 14:54:41.511, 2502 MHz, 0x0000000000000000, 71, 38.99 W
2026/09/15 14:54:42.512, 2502 MHz, 0x0000000000000000, 71, 39.19 W
2026/09/15 14:54:43.512, 2502 MHz, 0x0000000000000000, 71, 38.97 W
2026/09/15 14:54:44.512, 2502 MHz, 0x0000000000000000, 70, 38.00 W
2026/09/15 14:54:45.513, 2502 MHz, 0x0000000000000000, 71, 38.73 W
2026/09/15 14:54:46.513, 2502 MHz, 0x0000000000000000, 71, 41.31 W
2026/09/15 14:54:47.514, 2502 MHz, 0x0000000000000000, 71, 41.39 W
2026/09/15 14:54:48.514, 2502 MHz, 0x0000000000000000, 71, 41.58 W
2026/09/15 14:54:49.515, 2502 MHz, 0x0000000000000000, 71, 41.47 W
2026/09/15 14:54:50.515, 2502 MHz, 0x0000000000000000, 71, 41.49 W
2026/09/15 14:54:51.516, 2502 MHz, 0x0000000000000000, 71, 40.28 W
2026/09/15 14:54:52.516, 2502 MHz, 0x0000000000000000, 71, 41.60 W
2026/09/15 14:54:53.517, 2502 MHz, 0x0000000000000000, 71, 41.80 W
2026/09/15 14:54:54.517, 2502 MHz, 0x0000000000000000, 71, 41.83 W
2026/09/15 14:54:55.517, 2502 MHz, 0x0000000000000000, 71, 41.30 W
2026/09/15 14:54:56.518, 2502 MHz, 0x0000000000000000, 70, 38.66 W
2026/09/15 14:54:57.518, 2502 MHz, 0x0000000000000000, 71, 40.68 W
2026/09/15 14:54:58.519, 2502 MHz, 0x0000000000000000, 71, 41.40 W
2026/09/15 14:54:59.519, 2502 MHz, 0x0000000000000000, 71, 41.40 W
2026/09/15 14:55:00.519, 2502 MHz, 0x0000000000000000, 71, 41.51 W
2026/09/15 14:55:01.520, 2502 MHz, 0x0000000000000000, 71, 41.46 W
2026/09/15 14:55:02.520, 2502 MHz, 0x0000000000000000, 71, 40.78 W
2026/09/15 14:55:03.520, 2502 MHz, 0x0000000000000000, 72, 43.66 W
2026/09/15 14:55:04.521, 2502 MHz, 0x0000000000000000, 71, 44.01 W
2026/09/15 14:55:05.521, 2502 MHz, 0x0000000000000000, 72, 43.95 W
2026/09/15 14:55:06.522, 2502 MHz, 0x0000000000000000, 72, 44.19 W
2026/09/15 14:55:07.522, 2502 MHz, 0x0000000000000000, 71, 44.34 W
2026/09/15 14:55:08.522, 2502 MHz, 0x0000000000000000, 72, 44.20 W
2026/09/15 14:55:09.523, 2502 MHz, 0x0000000000000000, 71, 43.43 W
2026/09/15 14:55:10.523, 2502 MHz, 0x0000000000000000, 71, 41.88 W
2026/09/15 14:55:11.523, 2502 MHz, 0x0000000000000000, 71, 43.69 W
2026/09/15 14:55:12.524, 2502 MHz, 0x0000000000000000, 72, 43.87 W
2026/09/15 14:55:13.524, 2502 MHz, 0x0000000000000000, 72, 44.05 W
2026/09/15 14:55:14.524, 2502 MHz, 0x0000000000000000, 72, 44.40 W
2026/09/15 14:55:15.525, 2502 MHz, 0x0000000000000000, 72, 44.28 W
2026/09/15 14:55:16.525, 2502 MHz, 0x0000000000000000, 71, 44.21 W
2026/09/15 14:55:17.525, 2502 MHz, 0x0000000000000000, 72, 43.07 W
2026/09/15 14:55:18.525, 2502 MHz, 0x0000000000000000, 71, 40.73 W
2026/09/15 14:55:19.525, 2502 MHz, 0x0000000000000000, 72, 41.84 W
2026/09/15 14:55:20.526, 2502 MHz, 0x0000000000000000, 72, 44.09 W
2026/09/15 14:55:21.526, 2502 MHz, 0x0000000000000000, 72, 44.23 W
2026/09/15 14:55:22.526, 2502 MHz, 0x0000000000000000, 72, 44.31 W
2026/09/15 14:55:23.526, 2502 MHz, 0x0000000000000000, 72, 44.28 W
2026/09/15 14:55:24.527, 2502 MHz, 0x0000000000000000, 72, 44.19 W
2026/09/15 14:55:25.527, 2502 MHz, 0x0000000000000000, 72, 43.81 W
2026/09/15 14:55:26.528, 2502 MHz, 0x0000000000000000, 72, 42.76 W
2026/09/15 14:55:27.528, 2502 MHz, 0x0000000000000000, 71, 37.80 W
2026/09/15 14:55:28.529, 2502 MHz, 0x0000000000000000, 71, 39.09 W
2026/09/15 14:55:29.529, 2502 MHz, 0x0000000000000000, 71, 38.97 W
2026/09/15 14:55:30.530, 2502 MHz, 0x0000000000000000, 71, 38.81 W
2026/09/15 14:55:31.530, 2502 MHz, 0x0000000000000000, 70, 37.68 W
2026/09/15 14:55:32.530, 2502 MHz, 0x0000000000000000, 70, 38.76 W
2026/09/15 14:55:33.531, 2502 MHz, 0x0000000000000000, 70, 38.68 W
2026/09/15 14:55:34.531, 2502 MHz, 0x0000000000000000, 70, 38.90 W
2026/09/15 14:55:35.531, 2502 MHz, 0x0000000000000000, 70, 38.57 W
2026/09/15 14:55:36.532, 2502 MHz, 0x0000000000000000, 70, 37.96 W
2026/09/15 14:55:37.532, 2502 MHz, 0x0000000000000000, 70, 38.38 W
2026/09/15 14:55:38.532, 2502 MHz, 0x0000000000000000, 70, 38.85 W
2026/09/15 14:55:39.533, 2502 MHz, 0x0000000000000000, 70, 39.04 W
2026/09/15 14:55:40.533, 2502 MHz, 0x0000000000000000, 70, 38.94 W
2026/09/15 14:55:41.534, 2457 MHz, 0x0000000000000000, 73, 40.67 W
2026/09/15 14:55:42.534, 2463 MHz, 0x0000000000000000, 75, 59.02 W
2026/09/15 14:55:43.535, 2470 MHz, 0x0000000000000000, 76, 59.77 W
2026/09/15 14:55:44.535, 2470 MHz, 0x0000000000000000, 75, 60.56 W
2026/09/15 14:55:45.535, 2470 MHz, 0x0000000000000000, 76, 60.69 W
2026/09/15 14:55:46.536, 2470 MHz, 0x0000000000000000, 76, 61.35 W
2026/09/15 14:55:47.537, 2470 MHz, 0x0000000000000000, 76, 61.73 W
2026/09/15 14:55:48.537, 2470 MHz, 0x0000000000000000, 77, 62.08 W
2026/09/15 14:55:49.537, 2470 MHz, 0x0000000000000000, 76, 61.39 W
2026/09/15 14:55:50.538, 2470 MHz, 0x0000000000000000, 75, 61.92 W
2026/09/15 14:55:51.538, 2470 MHz, 0x0000000000000000, 74, 62.74 W
2026/09/15 14:55:52.539, 2463 MHz, 0x0000000000000000, 78, 58.63 W
2026/09/15 14:55:53.539, 2470 MHz, 0x0000000000000000, 74, 56.73 W
2026/09/15 14:55:54.540, 2463 MHz, 0x0000000000000000, 76, 63.02 W
2026/09/15 14:55:55.540, 2463 MHz, 0x0000000000000000, 77, 59.29 W
2026/09/15 14:55:56.541, 2476 MHz, 0x0000000000000000, 69, 47.27 W
2026/09/15 14:55:57.541, 2411 MHz, 0x0000000000000000, 67, 15.27 W
2026/09/15 14:55:58.542, 2502 MHz, 0x0000000000000000, 71, 37.94 W
2026/09/15 14:55:59.543, 2502 MHz, 0x0000000000000000, 71, 39.24 W
2026/09/15 14:56:00.543, 2502 MHz, 0x0000000000000000, 71, 39.04 W
2026/09/15 14:56:01.544, 2502 MHz, 0x0000000000000000, 71, 39.56 W
2026/09/15 14:56:02.545, 2502 MHz, 0x0000000000000000, 72, 40.90 W
2026/09/15 14:56:03.545, 2502 MHz, 0x0000000000000000, 72, 43.65 W
2026/09/15 14:56:04.546, 2502 MHz, 0x0000000000000000, 72, 43.75 W
2026/09/15 14:56:05.547, 2502 MHz, 0x0000000000000000, 72, 43.81 W
2026/09/15 14:56:06.547, 2502 MHz, 0x0000000000000000, 72, 43.85 W
2026/09/15 14:56:07.548, 2502 MHz, 0x0000000000000000, 72, 44.05 W
2026/09/15 14:56:08.549, 2502 MHz, 0x0000000000000000, 71, 40.01 W
2026/09/15 14:56:09.549, 2502 MHz, 0x0000000000000000, 71, 42.59 W
2026/09/15 14:56:10.550, 2502 MHz, 0x0000000000000000, 72, 43.53 W
2026/09/15 14:56:11.551, 2502 MHz, 0x0000000000000000, 71, 43.38 W
2026/09/15 14:56:12.552, 2502 MHz, 0x0000000000000000, 72, 43.74 W
2026/09/15 14:56:13.552, 2502 MHz, 0x0000000000000000, 72, 43.51 W
2026/09/15 14:56:14.553, 2502 MHz, 0x0000000000000000, 71, 41.06 W
2026/09/15 14:56:15.553, 2502 MHz, 0x0000000000000000, 72, 42.68 W
2026/09/15 14:56:16.554, 2502 MHz, 0x0000000000000000, 72, 43.35 W
2026/09/15 14:56:17.555, 2502 MHz, 0x0000000000000000, 72, 43.34 W
2026/09/15 14:56:18.556, 2502 MHz, 0x0000000000000000, 72, 43.66 W
2026/09/15 14:56:19.556, 2502 MHz, 0x0000000000000000, 72, 43.83 W
2026/09/15 14:56:20.557, 2502 MHz, 0x0000000000000000, 71, 42.76 W
2026/09/15 14:56:21.558, 2502 MHz, 0x0000000000000000, 71, 37.65 W
2026/09/15 14:56:22.558, 2502 MHz, 0x0000000000000000, 71, 39.22 W
2026/09/15 14:56:23.559, 2502 MHz, 0x0000000000000000, 71, 39.40 W
2026/09/15 14:56:24.560, 2502 MHz, 0x0000000000000000, 70, 39.23 W
2026/09/15 14:56:25.561, 2502 MHz, 0x0000000000000000, 71, 37.40 W
2026/09/15 14:56:26.561, 2502 MHz, 0x0000000000000000, 71, 42.63 W
2026/09/15 14:56:27.562, 2502 MHz, 0x0000000000000000, 71, 43.31 W
2026/09/15 14:56:28.563, 2502 MHz, 0x0000000000000000, 71, 43.16 W
2026/09/15 14:56:29.564, 2502 MHz, 0x0000000000000000, 71, 43.20 W
2026/09/15 14:56:30.565, 2502 MHz, 0x0000000000000000, 70, 41.56 W
2026/09/15 14:56:31.565, 2483 MHz, 0x0000000000000000, 71, 47.27 W
2026/09/15 14:56:32.566, 2502 MHz, 0x0000000000000000, 71, 43.04 W
2026/09/15 14:56:33.566, 2502 MHz, 0x0000000000000000, 71, 43.31 W
2026/09/15 14:56:34.567, 2502 MHz, 0x0000000000000000, 71, 43.23 W
2026/09/15 14:56:35.567, 2502 MHz, 0x0000000000000000, 71, 43.30 W
2026/09/15 14:56:36.568, 2502 MHz, 0x0000000000000000, 71, 43.28 W
2026/09/15 14:56:37.569, 2502 MHz, 0x0000000000000000, 71, 41.76 W
2026/09/15 14:56:38.570, 2502 MHz, 0x0000000000000000, 71, 42.17 W
2026/09/15 14:56:39.570, 2502 MHz, 0x0000000000000000, 71, 43.02 W
2026/09/15 14:56:40.571, 2502 MHz, 0x0000000000000000, 71, 43.23 W
2026/09/15 14:56:41.572, 2502 MHz, 0x0000000000000000, 71, 43.54 W
2026/09/15 14:56:42.572, 2502 MHz, 0x0000000000000000, 71, 42.79 W
2026/09/15 14:56:43.573, 2502 MHz, 0x0000000000000000, 71, 39.78 W
2026/09/15 14:56:44.574, 2502 MHz, 0x0000000000000000, 71, 42.65 W
2026/09/15 14:56:45.575, 2502 MHz, 0x0000000000000000, 71, 43.21 W
2026/09/15 14:56:46.576, 2502 MHz, 0x0000000000000000, 71, 43.43 W
2026/09/15 14:56:47.577, 2502 MHz, 0x0000000000000000, 71, 43.32 W
2026/09/15 14:56:48.578, 2502 MHz, 0x0000000000000000, 71, 41.87 W
2026/09/15 14:56:49.578, 2502 MHz, 0x0000000000000000, 71, 41.95 W
2026/09/15 14:56:50.579, 2502 MHz, 0x0000000000000000, 71, 42.58 W
2026/09/15 14:56:51.580, 2502 MHz, 0x0000000000000000, 71, 43.47 W
2026/09/15 14:56:52.581, 2502 MHz, 0x0000000000000000, 71, 43.22 W
2026/09/15 14:56:53.582, 2502 MHz, 0x0000000000000000, 71, 42.90 W
2026/09/15 14:56:54.582, 2483 MHz, 0x0000000000000000, 69, 37.75 W
2026/09/15 14:56:55.583, 2502 MHz, 0x0000000000000000, 70, 38.97 W
2026/09/15 14:56:56.584, 2502 MHz, 0x0000000000000000, 70, 39.23 W
2026/09/15 14:56:57.585, 2502 MHz, 0x0000000000000000, 70, 41.25 W
2026/09/15 14:56:58.586, 2502 MHz, 0x0000000000000000, 70, 40.34 W
2026/09/15 14:56:59.586, 2502 MHz, 0x0000000000000000, 71, 42.22 W
2026/09/15 14:57:00.587, 2502 MHz, 0x0000000000000000, 70, 41.54 W
2026/09/15 14:57:01.588, 2502 MHz, 0x0000000000000000, 71, 40.26 W
2026/09/15 14:57:02.588, 2502 MHz, 0x0000000000000000, 71, 42.61 W
2026/09/15 14:57:03.589, 2502 MHz, 0x0000000000000000, 70, 41.26 W
2026/09/15 14:57:04.590, 2502 MHz, 0x0000000000000000, 71, 40.23 W
2026/09/15 14:57:05.590, 2502 MHz, 0x0000000000000000, 71, 42.41 W
2026/09/15 14:57:06.590, 2502 MHz, 0x0000000000000000, 71, 41.37 W
2026/09/15 14:57:07.591, 2502 MHz, 0x0000000000000000, 70, 41.28 W
2026/09/15 14:57:08.592, 2502 MHz, 0x0000000000000000, 70, 41.24 W
2026/09/15 14:57:09.592, 2502 MHz, 0x0000000000000000, 70, 41.20 W
2026/09/15 14:57:10.592, 2502 MHz, 0x0000000000000000, 70, 41.37 W
2026/09/15 14:57:11.593, 2502 MHz, 0x0000000000000000, 67, 34.98 W
2026/09/15 14:57:12.594, 2502 MHz, 0x0000000000000000, 69, 25.84 W
2026/09/15 14:57:13.594, 2470 MHz, 0x0000000000000000, 73, 47.53 W
2026/09/15 14:57:14.595, 2470 MHz, 0x0000000000000000, 74, 58.79 W
2026/09/15 14:57:15.595, 2470 MHz, 0x0000000000000000, 75, 59.13 W
2026/09/15 14:57:16.595, 2463 MHz, 0x0000000000000000, 74, 48.59 W
2026/09/15 14:57:17.596, 2470 MHz, 0x0000000000000000, 75, 59.12 W
2026/09/15 14:57:18.596, 2470 MHz, 0x0000000000000000, 75, 59.45 W
2026/09/15 14:57:19.597, 2411 MHz, 0x0000000000000000, 66, 33.67 W
2026/09/15 14:57:20.597, 2470 MHz, 0x0000000000000000, 75, 55.32 W
2026/09/15 14:57:21.598, 2470 MHz, 0x0000000000000000, 72, 59.18 W
2026/09/15 14:57:22.598, 2470 MHz, 0x0000000000000000, 73, 59.88 W
2026/09/15 14:57:23.599, 2470 MHz, 0x0000000000000000, 74, 60.08 W
2026/09/15 14:57:24.599, 2470 MHz, 0x0000000000000000, 75, 60.56 W
2026/09/15 14:57:25.599, 2470 MHz, 0x0000000000000000, 76, 60.83 W
2026/09/15 14:57:26.600, 2470 MHz, 0x0000000000000000, 77, 61.73 W
2026/09/15 14:57:27.600, 2470 MHz, 0x0000000000000000, 75, 61.80 W
2026/09/15 14:57:28.601, 2470 MHz, 0x0000000000000000, 75, 61.46 W
2026/09/15 14:57:29.602, 2470 MHz, 0x0000000000000000, 75, 62.26 W
2026/09/15 14:57:30.602, 2470 MHz, 0x0000000000000000, 77, 62.44 W
2026/09/15 14:57:31.603, 2470 MHz, 0x0000000000000000, 78, 63.28 W
2026/09/15 14:57:32.603, 2470 MHz, 0x0000000000000000, 77, 64.34 W
2026/09/15 14:57:33.603, 2470 MHz, 0x0000000000000000, 78, 63.55 W
2026/09/15 14:57:34.603, 2470 MHz, 0x0000000000000000, 78, 64.05 W
2026/09/15 14:57:35.604, 2470 MHz, 0x0000000000000000, 78, 64.21 W
2026/09/15 14:57:36.604, 2470 MHz, 0x0000000000000000, 78, 64.71 W
2026/09/15 14:57:37.604, 2470 MHz, 0x0000000000000000, 78, 64.64 W
2026/09/15 14:57:38.605, 2463 MHz, 0x0000000000000000, 78, 64.42 W
2026/09/15 14:57:39.605, 2470 MHz, 0x0000000000000000, 80, 64.98 W
2026/09/15 14:57:40.605, 2470 MHz, 0x0000000000000000, 78, 65.24 W
2026/09/15 14:57:41.605, 2470 MHz, 0x0000000000000000, 79, 66.09 W
2026/09/15 14:57:42.606, 2470 MHz, 0x0000000000000000, 79, 67.18 W
2026/09/15 14:57:43.606, 2470 MHz, 0x0000000000000000, 79, 65.69 W
2026/09/15 14:57:44.606, 2470 MHz, 0x0000000000000000, 80, 66.28 W
2026/09/15 14:57:45.606, 2470 MHz, 0x0000000000000000, 79, 66.20 W
2026/09/15 14:57:46.607, 2463 MHz, 0x0000000000000000, 79, 66.88 W
2026/09/15 14:57:47.607, 2463 MHz, 0x0000000000000000, 79, 67.26 W
2026/09/15 14:57:48.607, 2463 MHz, 0x0000000000000000, 79, 67.85 W
2026/09/15 14:57:49.607, 2463 MHz, 0x0000000000000000, 81, 67.50 W
2026/09/15 14:57:50.608, 2463 MHz, 0x0000000000000000, 79, 66.97 W
2026/09/15 14:57:51.608, 2463 MHz, 0x0000000000000000, 79, 67.30 W
2026/09/15 14:57:52.608, 2463 MHz, 0x0000000000000000, 80, 68.19 W
2026/09/15 14:57:53.609, 2457 MHz, 0x0000000000000000, 80, 68.48 W
2026/09/15 14:57:54.609, 2463 MHz, 0x0000000000000000, 80, 67.78 W
2026/09/15 14:57:55.610, 2463 MHz, 0x0000000000000000, 80, 67.73 W
2026/09/15 14:57:56.610, 2463 MHz, 0x0000000000000000, 79, 68.31 W
2026/09/15 14:57:57.610, 2457 MHz, 0x0000000000000000, 82, 70.87 W
2026/09/15 14:57:58.611, 2457 MHz, 0x0000000000000000, 82, 68.99 W
2026/09/15 14:57:59.611, 2463 MHz, 0x0000000000000000, 82, 69.00 W
2026/09/15 14:58:00.611, 2457 MHz, 0x0000000000000000, 80, 69.22 W
2026/09/15 14:58:01.611, 2450 MHz, 0x0000000000000000, 81, 69.79 W
2026/09/15 14:58:02.611, 2450 MHz, 0x0000000000000000, 80, 70.58 W
2026/09/15 14:58:03.612, 2444 MHz, 0x0000000000000000, 80, 69.65 W
2026/09/15 14:58:04.612, 2457 MHz, 0x0000000000000000, 81, 69.95 W
2026/09/15 14:58:05.612, 2450 MHz, 0x0000000000000000, 82, 69.99 W
2026/09/15 14:58:06.613, 2457 MHz, 0x0000000000000000, 80, 70.74 W
2026/09/15 14:58:07.613, 2444 MHz, 0x0000000000000000, 81, 70.39 W
2026/09/15 14:58:08.613, 2450 MHz, 0x0000000000000000, 83, 70.17 W
2026/09/15 14:58:09.613, 2444 MHz, 0x0000000000000000, 78, 70.17 W
2026/09/15 14:58:10.614, 2444 MHz, 0x0000000000000000, 83, 71.35 W
2026/09/15 14:58:11.614, 2444 MHz, 0x0000000000000000, 81, 69.89 W
2026/09/15 14:58:12.614, 2405 MHz, 0x0000000000000000, 73, 58.52 W
2026/09/15 14:58:13.615, 2450 MHz, 0x0000000000000000, 82, 72.25 W
2026/09/15 14:58:14.615, 2444 MHz, 0x0000000000000000, 82, 70.43 W
2026/09/15 14:58:15.616, 2476 MHz, 0x0000000000000000, 77, 61.14 W
2026/09/15 14:58:16.616, 2483 MHz, 0x0000000000000000, 76, 41.62 W
2026/09/15 14:58:17.617, 2483 MHz, 0x0000000000000000, 75, 41.49 W
2026/09/15 14:58:18.617, 2483 MHz, 0x0000000000000000, 75, 41.24 W
2026/09/15 14:58:19.618, 2483 MHz, 0x0000000000000000, 75, 41.38 W
2026/09/15 14:58:20.618, 2483 MHz, 0x0000000000000000, 75, 41.00 W
2026/09/15 14:58:21.618, 2483 MHz, 0x0000000000000000, 74, 40.82 W
2026/09/15 14:58:22.618, 2411 MHz, 0x0000000000000000, 70, 27.09 W
2026/09/15 14:58:23.619, 2411 MHz, 0x0000000000000000, 69, 15.47 W
2026/09/15 14:58:24.620, 2489 MHz, 0x0000000000000000, 72, 30.62 W
2026/09/15 14:58:25.620, 2483 MHz, 0x0000000000000000, 73, 39.69 W
2026/09/15 14:58:26.621, 2483 MHz, 0x0000000000000000, 73, 39.73 W
2026/09/15 14:58:27.621, 2483 MHz, 0x0000000000000000, 73, 39.65 W
2026/09/15 14:58:28.621, 2483 MHz, 0x0000000000000000, 73, 39.57 W
2026/09/15 14:58:29.622, 2483 MHz, 0x0000000000000000, 72, 39.37 W
2026/09/15 14:58:30.622, 2483 MHz, 0x0000000000000000, 72, 39.68 W
2026/09/15 14:58:31.622, 2483 MHz, 0x0000000000000000, 72, 39.53 W
2026/09/15 14:58:32.623, 2483 MHz, 0x0000000000000000, 72, 39.25 W
2026/09/15 14:58:33.623, 2483 MHz, 0x0000000000000000, 72, 39.08 W
2026/09/15 14:58:34.623, 2483 MHz, 0x0000000000000000, 72, 39.10 W
2026/09/15 14:58:35.623, 2483 MHz, 0x0000000000000000, 72, 39.10 W
2026/09/15 14:58:36.624, 2502 MHz, 0x0000000000000000, 72, 39.11 W
2026/09/15 14:58:37.624, 2502 MHz, 0x0000000000000000, 72, 39.05 W
2026/09/15 14:58:38.624, 2502 MHz, 0x0000000000000000, 72, 39.22 W
2026/09/15 14:58:39.625, 2502 MHz, 0x0000000000000000, 72, 39.08 W
2026/09/15 14:58:40.625, 2502 MHz, 0x0000000000000000, 71, 39.08 W
2026/09/15 14:58:41.625, 2502 MHz, 0x0000000000000000, 71, 38.94 W
2026/09/15 14:58:42.625, 2502 MHz, 0x0000000000000000, 71, 38.89 W
2026/09/15 14:58:43.626, 2502 MHz, 0x0000000000000000, 71, 39.11 W
2026/09/15 14:58:44.626, 2502 MHz, 0x0000000000000000, 71, 39.01 W
2026/09/15 14:58:45.627, 2502 MHz, 0x0000000000000000, 71, 38.91 W
2026/09/15 14:58:46.627, 2502 MHz, 0x0000000000000000, 71, 39.08 W
2026/09/15 14:58:47.627, 2502 MHz, 0x0000000000000000, 71, 38.93 W
2026/09/15 14:58:48.628, 2502 MHz, 0x0000000000000000, 71, 38.89 W
2026/09/15 14:58:49.628, 2502 MHz, 0x0000000000000000, 71, 38.82 W
2026/09/15 14:58:50.628, 2502 MHz, 0x0000000000000000, 71, 38.60 W
2026/09/15 14:58:51.629, 2502 MHz, 0x0000000000000000, 71, 38.88 W
2026/09/15 14:58:52.629, 2502 MHz, 0x0000000000000000, 71, 38.75 W
2026/09/15 14:58:53.629, 2502 MHz, 0x0000000000000000, 71, 38.96 W
2026/09/15 14:58:54.630, 2502 MHz, 0x0000000000000000, 71, 38.91 W
2026/09/15 14:58:55.630, 2502 MHz, 0x0000000000000000, 71, 38.70 W
2026/09/15 14:58:56.630, 2502 MHz, 0x0000000000000000, 71, 38.84 W
2026/09/15 14:58:57.630, 2502 MHz, 0x0000000000000000, 71, 38.89 W
2026/09/15 14:58:58.631, 2502 MHz, 0x0000000000000000, 70, 38.61 W
2026/09/15 14:58:59.631, 2502 MHz, 0x0000000000000000, 70, 38.82 W
2026/09/15 14:59:00.632, 2411 MHz, 0x0000000000000000, 66, 15.21 W
2026/09/15 14:59:01.632, 2411 MHz, 0x0000000000000000, 65, 14.44 W
2026/09/15 14:59:02.632, 2411 MHz, 0x0000000000000000, 64, 14.25 W
2026/09/15 14:59:03.633, 2470 MHz, 0x0000000000000000, 73, 55.34 W
2026/09/15 14:59:04.633, 2470 MHz, 0x0000000000000000, 73, 58.64 W
2026/09/15 14:59:05.633, 2463 MHz, 0x0000000000000000, 74, 59.27 W
2026/09/15 14:59:06.634, 2470 MHz, 0x0000000000000000, 74, 60.06 W
2026/09/15 14:59:07.634, 2470 MHz, 0x0000000000000000, 74, 60.06 W
2026/09/15 14:59:08.635, 2411 MHz, 0x0000000000000000, 67, 39.99 W
2026/09/15 14:59:09.635, 2476 MHz, 0x0000000000000000, 73, 29.18 W
2026/09/15 14:59:10.635, 2476 MHz, 0x0000000000000000, 75, 59.68 W
2026/09/15 14:59:11.636, 2502 MHz, 0x0000000000000000, 71, 46.71 W
2026/09/15 14:59:12.636, 2502 MHz, 0x0000000000000000, 70, 39.27 W
2026/09/15 14:59:13.637, 2502 MHz, 0x0000000000000000, 70, 39.06 W
2026/09/15 14:59:14.637, 2502 MHz, 0x0000000000000000, 70, 39.16 W
2026/09/15 14:59:15.638, 2502 MHz, 0x0000000000000000, 70, 38.84 W
2026/09/15 14:59:16.638, 2502 MHz, 0x0000000000000000, 70, 38.41 W
2026/09/15 14:59:17.639, 2502 MHz, 0x0000000000000000, 70, 38.79 W
2026/09/15 14:59:18.639, 2502 MHz, 0x0000000000000000, 70, 38.71 W
2026/09/15 14:59:19.639, 2502 MHz, 0x0000000000000000, 70, 39.07 W
2026/09/15 14:59:20.640, 2502 MHz, 0x0000000000000000, 70, 39.16 W
2026/09/15 14:59:21.640, 2502 MHz, 0x0000000000000000, 70, 38.87 W
2026/09/15 14:59:22.641, 2502 MHz, 0x0000000000000000, 71, 39.01 W
2026/09/15 14:59:23.641, 2502 MHz, 0x0000000000000000, 71, 39.00 W
2026/09/15 14:59:24.642, 2502 MHz, 0x0000000000000000, 71, 39.12 W
2026/09/15 14:59:25.642, 2502 MHz, 0x0000000000000000, 71, 39.25 W
2026/09/15 14:59:26.643, 2502 MHz, 0x0000000000000000, 71, 39.36 W
2026/09/15 14:59:27.643, 2502 MHz, 0x0000000000000000, 71, 39.23 W
2026/09/15 14:59:28.644, 2502 MHz, 0x0000000000000000, 71, 39.21 W
2026/09/15 14:59:29.644, 2502 MHz, 0x0000000000000000, 71, 39.15 W
2026/09/15 14:59:30.644, 2502 MHz, 0x0000000000000000, 71, 39.14 W
2026/09/15 14:59:31.645, 2502 MHz, 0x0000000000000000, 71, 38.93 W
2026/09/15 14:59:32.645, 2502 MHz, 0x0000000000000000, 71, 39.08 W
2026/09/15 14:59:33.646, 2502 MHz, 0x0000000000000000, 71, 38.88 W
2026/09/15 14:59:34.646, 2502 MHz, 0x0000000000000000, 71, 39.24 W
2026/09/15 14:59:35.646, 2502 MHz, 0x0000000000000000, 71, 39.06 W
2026/09/15 14:59:36.646, 2502 MHz, 0x0000000000000000, 71, 39.25 W
2026/09/15 14:59:37.646, 2502 MHz, 0x0000000000000000, 71, 38.96 W
2026/09/15 14:59:38.647, 2502 MHz, 0x0000000000000000, 71, 38.98 W
2026/09/15 14:59:39.647, 2502 MHz, 0x0000000000000000, 71, 39.09 W
2026/09/15 14:59:40.648, 2502 MHz, 0x0000000000000000, 71, 38.92 W
2026/09/15 14:59:41.648, 2502 MHz, 0x0000000000000000, 71, 39.01 W
2026/09/15 14:59:42.648, 2502 MHz, 0x0000000000000000, 71, 38.99 W
2026/09/15 14:59:43.649, 2502 MHz, 0x0000000000000000, 71, 39.14 W
2026/09/15 14:59:44.649, 2502 MHz, 0x0000000000000000, 71, 39.01 W
2026/09/15 14:59:45.650, 2411 MHz, 0x0000000000000000, 67, 22.90 W
2026/09/15 14:59:46.651, 2411 MHz, 0x0000000000000000, 66, 14.68 W
2026/09/15 14:59:47.652, 2411 MHz, 0x0000000000000000, 66, 14.59 W
2026/09/15 14:59:48.652, 2470 MHz, 0x0000000000000000, 75, 43.40 W
2026/09/15 14:59:49.652, 2470 MHz, 0x0000000000000000, 75, 59.16 W
2026/09/15 14:59:50.653, 2470 MHz, 0x0000000000000000, 76, 59.79 W
2026/09/15 14:59:51.653, 2470 MHz, 0x0000000000000000, 77, 60.22 W
2026/09/15 14:59:52.654, 2470 MHz, 0x0000000000000000, 76, 60.47 W
2026/09/15 14:59:53.654, 2470 MHz, 0x0000000000000000, 77, 60.85 W
2026/09/15 14:59:54.655, 2470 MHz, 0x0000000000000000, 77, 61.26 W
2026/09/15 14:59:55.655, 2470 MHz, 0x0000000000000000, 77, 61.84 W
2026/09/15 14:59:56.655, 2470 MHz, 0x0000000000000000, 78, 62.28 W
2026/09/15 14:59:57.655, 2470 MHz, 0x0000000000000000, 77, 62.69 W
2026/09/15 14:59:58.656, 2470 MHz, 0x0000000000000000, 78, 62.74 W
2026/09/15 14:59:59.656, 2405 MHz, 0x0000000000000000, 70, 42.24 W
2026/09/15 15:00:00.657, 2411 MHz, 0x0000000000000000, 68, 15.25 W
2026/09/15 15:00:01.657, 2470 MHz, 0x0000000000000000, 77, 58.21 W
2026/09/15 15:00:02.657, 2483 MHz, 0x0000000000000000, 73, 49.47 W
2026/09/15 15:00:03.657, 2483 MHz, 0x0000000000000000, 73, 39.94 W
2026/09/15 15:00:04.658, 2483 MHz, 0x0000000000000000, 73, 39.89 W
2026/09/15 15:00:05.658, 2483 MHz, 0x0000000000000000, 73, 39.82 W
2026/09/15 15:00:06.658, 2483 MHz, 0x0000000000000000, 73, 39.60 W
2026/09/15 15:00:07.659, 2483 MHz, 0x0000000000000000, 73, 39.51 W
2026/09/15 15:00:08.659, 2483 MHz, 0x0000000000000000, 73, 39.44 W
2026/09/15 15:00:09.660, 2483 MHz, 0x0000000000000000, 72, 39.58 W
2026/09/15 15:00:10.660, 2483 MHz, 0x0000000000000000, 73, 39.88 W
2026/09/15 15:00:11.660, 2483 MHz, 0x0000000000000000, 73, 40.01 W
2026/09/15 15:00:12.660, 2483 MHz, 0x0000000000000000, 73, 40.06 W
2026/09/15 15:00:13.661, 2483 MHz, 0x0000000000000000, 73, 39.90 W
2026/09/15 15:00:14.661, 2483 MHz, 0x0000000000000000, 73, 39.90 W
2026/09/15 15:00:15.662, 2483 MHz, 0x0000000000000000, 73, 40.03 W
2026/09/15 15:00:16.662, 2483 MHz, 0x0000000000000000, 73, 39.92 W
2026/09/15 15:00:17.662, 2483 MHz, 0x0000000000000000, 73, 40.02 W
2026/09/15 15:00:18.662, 2483 MHz, 0x0000000000000000, 73, 40.06 W
2026/09/15 15:00:19.663, 2483 MHz, 0x0000000000000000, 73, 39.98 W
2026/09/15 15:00:20.663, 2483 MHz, 0x0000000000000000, 73, 39.72 W
2026/09/15 15:00:21.663, 2483 MHz, 0x0000000000000000, 73, 39.63 W
2026/09/15 15:00:22.664, 2483 MHz, 0x0000000000000000, 73, 39.76 W
2026/09/15 15:00:23.664, 2483 MHz, 0x0000000000000000, 73, 39.63 W
2026/09/15 15:00:24.664, 2483 MHz, 0x0000000000000000, 73, 39.46 W
2026/09/15 15:00:25.665, 2483 MHz, 0x0000000000000000, 73, 39.65 W
2026/09/15 15:00:26.665, 2483 MHz, 0x0000000000000000, 73, 39.58 W
2026/09/15 15:00:27.665, 2483 MHz, 0x0000000000000000, 73, 39.62 W
2026/09/15 15:00:28.665, 2483 MHz, 0x0000000000000000, 73, 39.56 W
2026/09/15 15:00:29.666, 2483 MHz, 0x0000000000000000, 73, 39.61 W
2026/09/15 15:00:30.666, 2483 MHz, 0x0000000000000000, 73, 39.63 W
2026/09/15 15:00:31.667, 2483 MHz, 0x0000000000000000, 73, 39.54 W
2026/09/15 15:00:32.667, 2483 MHz, 0x0000000000000000, 73, 39.62 W
2026/09/15 15:00:33.667, 2483 MHz, 0x0000000000000000, 73, 39.78 W
2026/09/15 15:00:34.668, 2483 MHz, 0x0000000000000000, 73, 40.01 W
2026/09/15 15:00:35.669, 2405 MHz, 0x0000000000000000, 69, 32.83 W
2026/09/15 15:00:36.670, 2411 MHz, 0x0000000000000000, 68, 15.04 W
2026/09/15 15:00:37.671, 2411 MHz, 0x0000000000000000, 67, 14.89 W
2026/09/15 15:00:38.671, 2457 MHz, 0x0000000000000000, 73, 21.92 W
2026/09/15 15:00:39.671, 2463 MHz, 0x0000000000000000, 75, 58.92 W
2026/09/15 15:00:40.671, 2470 MHz, 0x0000000000000000, 76, 60.16 W
2026/09/15 15:00:41.672, 2470 MHz, 0x0000000000000000, 77, 60.30 W
2026/09/15 15:00:42.672, 2470 MHz, 0x0000000000000000, 77, 60.80 W
2026/09/15 15:00:43.673, 2470 MHz, 0x0000000000000000, 77, 61.32 W
2026/09/15 15:00:44.674, 2470 MHz, 0x0000000000000000, 78, 61.94 W
2026/09/15 15:00:45.674, 2470 MHz, 0x0000000000000000, 78, 62.30 W
2026/09/15 15:00:46.675, 2470 MHz, 0x0000000000000000, 78, 62.62 W
2026/09/15 15:00:47.675, 2470 MHz, 0x0000000000000000, 79, 62.94 W
2026/09/15 15:00:48.676, 2470 MHz, 0x0000000000000000, 79, 63.34 W
2026/09/15 15:00:49.676, 2470 MHz, 0x0000000000000000, 79, 63.79 W
2026/09/15 15:00:50.677, 2463 MHz, 0x0000000000000000, 79, 64.05 W
2026/09/15 15:00:51.677, 2463 MHz, 0x0000000000000000, 79, 64.25 W
2026/09/15 15:00:52.678, 2463 MHz, 0x0000000000000000, 81, 65.07 W
2026/09/15 15:00:53.678, 2463 MHz, 0x0000000000000000, 77, 65.06 W
2026/09/15 15:00:54.678, 2463 MHz, 0x0000000000000000, 80, 66.15 W
2026/09/15 15:00:55.679, 2457 MHz, 0x0000000000000000, 82, 65.50 W
2026/09/15 15:00:56.679, 2457 MHz, 0x0000000000000000, 80, 65.75 W
2026/09/15 15:00:57.680, 2450 MHz, 0x0000000000000000, 82, 65.41 W
2026/09/15 15:00:58.680, 2450 MHz, 0x0000000000000000, 81, 65.98 W
2026/09/15 15:00:59.680, 2444 MHz, 0x0000000000000000, 80, 65.85 W
2026/09/15 15:01:00.681, 2457 MHz, 0x0000000000000000, 82, 65.93 W
2026/09/15 15:01:01.681, 2450 MHz, 0x0000000000000000, 80, 66.34 W
2026/09/15 15:01:02.682, 2398 MHz, 0x0000000000000000, 73, 47.09 W
2026/09/15 15:01:03.682, 2411 MHz, 0x0000000000000000, 71, 16.51 W
2026/09/15 15:01:04.682, 2463 MHz, 0x0000000000000000, 79, 52.77 W
2026/09/15 15:01:05.682, 2463 MHz, 0x0000000000000000, 81, 65.28 W
2026/09/15 15:01:06.683, 2483 MHz, 0x0000000000000000, 76, 43.65 W
2026/09/15 15:01:07.683, 2483 MHz, 0x0000000000000000, 75, 40.84 W
2026/09/15 15:01:08.683, 2483 MHz, 0x0000000000000000, 75, 40.66 W
2026/09/15 15:01:09.683, 2483 MHz, 0x0000000000000000, 75, 40.64 W
2026/09/15 15:01:10.684, 2483 MHz, 0x0000000000000000, 75, 40.44 W
2026/09/15 15:01:11.684, 2483 MHz, 0x0000000000000000, 75, 40.24 W
2026/09/15 15:01:12.684, 2483 MHz, 0x0000000000000000, 74, 39.93 W
2026/09/15 15:01:13.684, 2483 MHz, 0x0000000000000000, 74, 39.93 W
2026/09/15 15:01:14.685, 2483 MHz, 0x0000000000000000, 74, 40.40 W
2026/09/15 15:01:15.685, 2483 MHz, 0x0000000000000000, 74, 40.45 W
2026/09/15 15:01:16.685, 2483 MHz, 0x0000000000000000, 74, 40.40 W
2026/09/15 15:01:17.685, 2483 MHz, 0x0000000000000000, 74, 40.28 W
2026/09/15 15:01:18.686, 2483 MHz, 0x0000000000000000, 74, 40.03 W
2026/09/15 15:01:19.686, 2483 MHz, 0x0000000000000000, 74, 40.03 W
2026/09/15 15:01:20.686, 2483 MHz, 0x0000000000000000, 73, 40.08 W
2026/09/15 15:01:21.687, 2483 MHz, 0x0000000000000000, 73, 40.04 W
2026/09/15 15:01:22.687, 2483 MHz, 0x0000000000000000, 73, 39.71 W
2026/09/15 15:01:23.687, 2483 MHz, 0x0000000000000000, 73, 39.79 W
2026/09/15 15:01:24.688, 2483 MHz, 0x0000000000000000, 73, 40.00 W
2026/09/15 15:01:25.688, 2483 MHz, 0x0000000000000000, 73, 39.60 W
2026/09/15 15:01:26.688, 2483 MHz, 0x0000000000000000, 73, 39.67 W
2026/09/15 15:01:27.688, 2483 MHz, 0x0000000000000000, 73, 39.63 W
2026/09/15 15:01:28.689, 2483 MHz, 0x0000000000000000, 73, 39.68 W
2026/09/15 15:01:29.689, 2483 MHz, 0x0000000000000000, 72, 39.65 W
2026/09/15 15:01:30.689, 2483 MHz, 0x0000000000000000, 72, 39.48 W
2026/09/15 15:01:31.690, 2483 MHz, 0x0000000000000000, 72, 39.50 W
2026/09/15 15:01:32.690, 2483 MHz, 0x0000000000000000, 72, 39.55 W
2026/09/15 15:01:33.690, 2483 MHz, 0x0000000000000000, 72, 39.48 W
2026/09/15 15:01:34.690, 2483 MHz, 0x0000000000000000, 72, 39.37 W
2026/09/15 15:01:35.690, 2483 MHz, 0x0000000000000000, 72, 39.48 W
2026/09/15 15:01:36.691, 2483 MHz, 0x0000000000000000, 72, 39.42 W
2026/09/15 15:01:37.691, 2483 MHz, 0x0000000000000000, 72, 39.44 W
2026/09/15 15:01:38.692, 2483 MHz, 0x0000000000000000, 72, 39.35 W
2026/09/15 15:01:39.692, 2450 MHz, 0x0000000000000000, 69, 35.54 W
2026/09/15 15:01:40.692, 2411 MHz, 0x0000000000000000, 67, 14.81 W
2026/09/15 15:01:41.693, 2411 MHz, 0x0000000000000000, 66, 14.58 W
2026/09/15 15:01:42.693, 2411 MHz, 0x0000000000000000, 65, 14.46 W
2026/09/15 15:01:43.693, 2463 MHz, 0x0000000000000000, 72, 55.82 W
2026/09/15 15:01:44.694, 2470 MHz, 0x0000000000000000, 73, 58.96 W
2026/09/15 15:01:45.694, 2470 MHz, 0x0000000000000000, 74, 59.83 W
2026/09/15 15:01:46.695, 2470 MHz, 0x0000000000000000, 76, 60.61 W
2026/09/15 15:01:47.695, 2470 MHz, 0x0000000000000000, 75, 60.67 W
2026/09/15 15:01:48.695, 2470 MHz, 0x0000000000000000, 76, 61.13 W
2026/09/15 15:01:49.696, 2470 MHz, 0x0000000000000000, 77, 61.39 W
2026/09/15 15:01:50.696, 2463 MHz, 0x0000000000000000, 76, 61.87 W
2026/09/15 15:01:51.696, 2463 MHz, 0x0000000000000000, 76, 62.26 W
2026/09/15 15:01:52.696, 2470 MHz, 0x0000000000000000, 78, 62.29 W
2026/09/15 15:01:53.696, 2463 MHz, 0x0000000000000000, 77, 62.87 W
2026/09/15 15:01:54.697, 2470 MHz, 0x0000000000000000, 74, 63.11 W
2026/09/15 15:01:55.697, 2470 MHz, 0x0000000000000000, 79, 63.96 W
2026/09/15 15:01:56.697, 2470 MHz, 0x0000000000000000, 79, 64.31 W
2026/09/15 15:01:57.698, 2470 MHz, 0x0000000000000000, 79, 64.03 W
2026/09/15 15:01:58.698, 2470 MHz, 0x0000000000000000, 78, 64.58 W
2026/09/15 15:01:59.698, 2470 MHz, 0x0000000000000000, 80, 64.53 W
2026/09/15 15:02:00.699, 2470 MHz, 0x0000000000000000, 79, 64.83 W
2026/09/15 15:02:01.699, 2470 MHz, 0x0000000000000000, 80, 65.45 W
2026/09/15 15:02:02.699, 2470 MHz, 0x0000000000000000, 79, 65.07 W
2026/09/15 15:02:03.699, 2470 MHz, 0x0000000000000000, 80, 65.85 W
2026/09/15 15:02:04.700, 2470 MHz, 0x0000000000000000, 77, 65.55 W
2026/09/15 15:02:05.701, 2463 MHz, 0x0000000000000000, 79, 67.48 W
2026/09/15 15:02:06.701, 2463 MHz, 0x0000000000000000, 80, 66.36 W
2026/09/15 15:02:07.701, 2463 MHz, 0x0000000000000000, 79, 66.32 W
2026/09/15 15:02:08.702, 2457 MHz, 0x0000000000000000, 80, 66.93 W
2026/09/15 15:02:09.702, 2457 MHz, 0x0000000000000000, 80, 66.99 W
2026/09/15 15:02:10.703, 2463 MHz, 0x0000000000000000, 80, 66.54 W
2026/09/15 15:02:11.703, 2463 MHz, 0x0000000000000000, 80, 69.13 W
2026/09/15 15:02:12.704, 2457 MHz, 0x0000000000000000, 80, 67.06 W
2026/09/15 15:02:13.704, 2457 MHz, 0x0000000000000000, 81, 68.11 W
2026/09/15 15:02:14.704, 2457 MHz, 0x0000000000000000, 80, 67.38 W
2026/09/15 15:02:15.705, 2463 MHz, 0x0000000000000000, 80, 67.59 W
2026/09/15 15:02:16.705, 2457 MHz, 0x0000000000000000, 80, 70.05 W
2026/09/15 15:02:17.706, 2444 MHz, 0x0000000000000000, 81, 68.02 W
2026/09/15 15:02:18.706, 2457 MHz, 0x0000000000000000, 80, 68.06 W
2026/09/15 15:02:19.706, 2457 MHz, 0x0000000000000000, 80, 68.30 W
2026/09/15 15:02:20.706, 2450 MHz, 0x0000000000000000, 81, 69.17 W
2026/09/15 15:02:21.707, 2450 MHz, 0x0000000000000000, 80, 69.18 W
2026/09/15 15:02:22.707, 2450 MHz, 0x0000000000000000, 81, 69.18 W
2026/09/15 15:02:23.708, 2450 MHz, 0x0000000000000000, 81, 69.22 W
2026/09/15 15:02:24.708, 2444 MHz, 0x0000000000000000, 78, 69.63 W
2026/09/15 15:02:25.708, 2450 MHz, 0x0000000000000000, 81, 71.03 W
2026/09/15 15:02:26.709, 2444 MHz, 0x0000000000000000, 82, 69.86 W
2026/09/15 15:02:27.709, 2450 MHz, 0x0000000000000000, 83, 69.68 W
2026/09/15 15:02:28.709, 2450 MHz, 0x0000000000000000, 81, 69.70 W
2026/09/15 15:02:29.710, 2444 MHz, 0x0000000000000000, 82, 71.98 W
2026/09/15 15:02:30.710, 2444 MHz, 0x0000000000000000, 83, 70.81 W
2026/09/15 15:02:31.710, 2450 MHz, 0x0000000000000000, 82, 69.88 W
2026/09/15 15:02:32.710, 2444 MHz, 0x0000000000000000, 80, 71.27 W
2026/09/15 15:02:33.711, 2444 MHz, 0x0000000000000000, 83, 71.48 W
2026/09/15 15:02:34.712, 2444 MHz, 0x0000000000000000, 82, 71.10 W
2026/09/15 15:02:35.712, 2405 MHz, 0x0000000000000000, 74, 54.61 W
2026/09/15 15:02:36.713, 2411 MHz, 0x0000000000000000, 71, 16.64 W
2026/09/15 15:02:37.713, 2450 MHz, 0x0000000000000000, 83, 70.66 W
2026/09/15 15:02:38.713, 2444 MHz, 0x0000000000000000, 80, 70.89 W
2026/09/15 15:02:39.714, 2476 MHz, 0x0000000000000000, 77, 61.55 W
2026/09/15 15:02:40.714, 2483 MHz, 0x0000000000000000, 76, 41.64 W
2026/09/15 15:02:41.715, 2483 MHz, 0x0000000000000000, 76, 41.48 W
2026/09/15 15:02:42.715, 2483 MHz, 0x0000000000000000, 75, 41.37 W
2026/09/15 15:02:43.716, 2483 MHz, 0x0000000000000000, 75, 41.14 W
2026/09/15 15:02:44.716, 2483 MHz, 0x0000000000000000, 75, 41.31 W
2026/09/15 15:02:45.716, 2483 MHz, 0x0000000000000000, 75, 41.24 W
2026/09/15 15:02:46.717, 2483 MHz, 0x0000000000000000, 75, 40.79 W
2026/09/15 15:02:47.717, 2483 MHz, 0x0000000000000000, 75, 40.98 W
2026/09/15 15:02:48.717, 2483 MHz, 0x0000000000000000, 74, 40.48 W
2026/09/15 15:02:49.718, 2483 MHz, 0x0000000000000000, 74, 40.71 W
2026/09/15 15:02:50.718, 2483 MHz, 0x0000000000000000, 74, 40.51 W
2026/09/15 15:02:51.719, 2483 MHz, 0x0000000000000000, 74, 40.49 W
2026/09/15 15:02:52.719, 2483 MHz, 0x0000000000000000, 74, 40.56 W
2026/09/15 15:02:53.720, 2483 MHz, 0x0000000000000000, 74, 40.47 W
2026/09/15 15:02:54.721, 2483 MHz, 0x0000000000000000, 74, 40.65 W
2026/09/15 15:02:55.721, 2483 MHz, 0x0000000000000000, 74, 40.90 W
2026/09/15 15:02:56.721, 2483 MHz, 0x0000000000000000, 74, 40.75 W
2026/09/15 15:02:57.722, 2483 MHz, 0x0000000000000000, 73, 40.63 W
2026/09/15 15:02:58.722, 2483 MHz, 0x0000000000000000, 73, 40.63 W
2026/09/15 15:02:59.722, 2483 MHz, 0x0000000000000000, 73, 40.74 W
2026/09/15 15:03:00.723, 2483 MHz, 0x0000000000000000, 73, 40.52 W
2026/09/15 15:03:01.723, 2483 MHz, 0x0000000000000000, 73, 40.52 W
2026/09/15 15:03:02.723, 2483 MHz, 0x0000000000000000, 73, 40.31 W
2026/09/15 15:03:03.724, 2483 MHz, 0x0000000000000000, 73, 40.43 W
2026/09/15 15:03:04.724, 2483 MHz, 0x0000000000000000, 73, 40.51 W
2026/09/15 15:03:05.724, 2483 MHz, 0x0000000000000000, 73, 40.45 W
2026/09/15 15:03:06.724, 2483 MHz, 0x0000000000000000, 73, 40.34 W
2026/09/15 15:03:07.725, 2483 MHz, 0x0000000000000000, 72, 40.22 W
2026/09/15 15:03:08.726, 2483 MHz, 0x0000000000000000, 72, 40.29 W
2026/09/15 15:03:09.726, 2483 MHz, 0x0000000000000000, 72, 40.30 W
2026/09/15 15:03:10.726, 2483 MHz, 0x0000000000000000, 72, 40.12 W
2026/09/15 15:03:11.726, 2483 MHz, 0x0000000000000000, 72, 40.18 W
2026/09/15 15:03:12.727, 2483 MHz, 0x0000000000000000, 72, 40.05 W
2026/09/15 15:03:13.727, 2411 MHz, 0x0000000000000000, 68, 27.16 W
2026/09/15 15:03:14.728, 2411 MHz, 0x0000000000000000, 67, 14.89 W
2026/09/15 15:03:15.728, 2502 MHz, 0x0000000000000000, 71, 30.68 W
2026/09/15 15:03:16.729, 2502 MHz, 0x0000000000000000, 71, 41.34 W
2026/09/15 15:03:17.729, 2502 MHz, 0x0000000000000000, 71, 41.47 W
2026/09/15 15:03:18.729, 2502 MHz, 0x0000000000000000, 71, 41.12 W
2026/09/15 15:03:19.730, 2502 MHz, 0x0000000000000000, 71, 41.68 W
2026/09/15 15:03:20.730, 2502 MHz, 0x0000000000000000, 72, 41.67 W
2026/09/15 15:03:21.730, 2502 MHz, 0x0000000000000000, 71, 41.54 W
2026/09/15 15:03:22.730, 2502 MHz, 0x0000000000000000, 72, 41.78 W
2026/09/15 15:03:23.731, 2502 MHz, 0x0000000000000000, 72, 41.52 W
2026/09/15 15:03:24.731, 2502 MHz, 0x0000000000000000, 72, 41.76 W
2026/09/15 15:03:25.732, 2502 MHz, 0x0000000000000000, 72, 41.91 W
2026/09/15 15:03:26.732, 2502 MHz, 0x0000000000000000, 72, 41.73 W
2026/09/15 15:03:27.733, 2502 MHz, 0x0000000000000000, 72, 41.75 W
2026/09/15 15:03:28.733, 2502 MHz, 0x0000000000000000, 72, 41.40 W
2026/09/15 15:03:29.733, 2502 MHz, 0x0000000000000000, 71, 41.33 W
2026/09/15 15:03:30.734, 2502 MHz, 0x0000000000000000, 71, 41.04 W
2026/09/15 15:03:31.734, 2502 MHz, 0x0000000000000000, 71, 41.16 W
2026/09/15 15:03:32.734, 2502 MHz, 0x0000000000000000, 71, 41.59 W
2026/09/15 15:03:33.735, 2502 MHz, 0x0000000000000000, 72, 41.49 W
2026/09/15 15:03:34.735, 2502 MHz, 0x0000000000000000, 72, 41.66 W
2026/09/15 15:03:35.736, 2502 MHz, 0x0000000000000000, 71, 41.78 W
2026/09/15 15:03:36.736, 2502 MHz, 0x0000000000000000, 71, 41.79 W
2026/09/15 15:03:37.736, 2502 MHz, 0x0000000000000000, 72, 41.73 W
2026/09/15 15:03:38.736, 2502 MHz, 0x0000000000000000, 72, 41.74 W
2026/09/15 15:03:39.737, 2502 MHz, 0x0000000000000000, 72, 41.62 W
2026/09/15 15:03:40.737, 2502 MHz, 0x0000000000000000, 71, 41.30 W
2026/09/15 15:03:41.737, 2502 MHz, 0x0000000000000000, 71, 41.41 W
2026/09/15 15:03:42.738, 2502 MHz, 0x0000000000000000, 71, 41.14 W
2026/09/15 15:03:43.738, 2502 MHz, 0x0000000000000000, 71, 41.10 W
2026/09/15 15:03:44.738, 2502 MHz, 0x0000000000000000, 71, 41.33 W
2026/09/15 15:03:45.739, 2502 MHz, 0x0000000000000000, 71, 41.35 W
2026/09/15 15:03:46.739, 2502 MHz, 0x0000000000000000, 71, 41.35 W
2026/09/15 15:03:47.739, 2502 MHz, 0x0000000000000000, 71, 41.37 W
2026/09/15 15:03:48.740, 2502 MHz, 0x0000000000000000, 71, 40.97 W
2026/09/15 15:03:49.740, 2502 MHz, 0x0000000000000000, 71, 40.90 W
2026/09/15 15:03:50.741, 2502 MHz, 0x0000000000000000, 71, 40.92 W
2026/09/15 15:03:51.742, 2411 MHz, 0x0000000000000000, 66, 17.93 W
2026/09/15 15:03:52.742, 2411 MHz, 0x0000000000000000, 65, 14.53 W
2026/09/15 15:03:53.742, 2502 MHz, 0x0000000000000000, 70, 41.45 W
2026/09/15 15:03:54.743, 2502 MHz, 0x0000000000000000, 71, 42.40 W
2026/09/15 15:03:55.743, 2502 MHz, 0x0000000000000000, 71, 42.75 W
2026/09/15 15:03:56.743, 2502 MHz, 0x0000000000000000, 71, 42.95 W
2026/09/15 15:03:57.743, 2502 MHz, 0x0000000000000000, 71, 43.21 W
2026/09/15 15:03:58.744, 2502 MHz, 0x0000000000000000, 71, 43.17 W
2026/09/15 15:03:59.744, 2502 MHz, 0x0000000000000000, 71, 43.49 W
2026/09/15 15:04:00.744, 2502 MHz, 0x0000000000000000, 71, 43.44 W
2026/09/15 15:04:01.744, 2502 MHz, 0x0000000000000000, 71, 43.47 W
2026/09/15 15:04:02.745, 2502 MHz, 0x0000000000000000, 71, 43.54 W
2026/09/15 15:04:03.745, 2502 MHz, 0x0000000000000000, 71, 43.35 W
2026/09/15 15:04:04.745, 2502 MHz, 0x0000000000000000, 71, 43.78 W
2026/09/15 15:04:05.745, 2502 MHz, 0x0000000000000000, 71, 43.77 W
2026/09/15 15:04:06.746, 2502 MHz, 0x0000000000000000, 71, 43.61 W
2026/09/15 15:04:07.746, 2502 MHz, 0x0000000000000000, 71, 43.53 W
2026/09/15 15:04:08.746, 2502 MHz, 0x0000000000000000, 71, 43.19 W
2026/09/15 15:04:09.747, 2502 MHz, 0x0000000000000000, 71, 43.00 W
2026/09/15 15:04:10.747, 2502 MHz, 0x0000000000000000, 71, 42.89 W
2026/09/15 15:04:11.747, 2502 MHz, 0x0000000000000000, 71, 43.06 W
2026/09/15 15:04:12.747, 2502 MHz, 0x0000000000000000, 71, 42.96 W
2026/09/15 15:04:13.748, 2502 MHz, 0x0000000000000000, 71, 42.61 W
2026/09/15 15:04:14.749, 2502 MHz, 0x0000000000000000, 71, 42.54 W
2026/09/15 15:04:15.750, 2502 MHz, 0x0000000000000000, 71, 42.58 W
2026/09/15 15:04:16.750, 2502 MHz, 0x0000000000000000, 71, 42.60 W
2026/09/15 15:04:17.751, 2502 MHz, 0x0000000000000000, 71, 42.95 W
2026/09/15 15:04:18.751, 2502 MHz, 0x0000000000000000, 71, 42.97 W
2026/09/15 15:04:19.752, 2502 MHz, 0x0000000000000000, 71, 42.45 W
2026/09/15 15:04:20.753, 2502 MHz, 0x0000000000000000, 71, 42.72 W
2026/09/15 15:04:21.753, 2502 MHz, 0x0000000000000000, 71, 42.44 W
2026/09/15 15:04:22.754, 2502 MHz, 0x0000000000000000, 71, 42.67 W
2026/09/15 15:04:23.755, 2502 MHz, 0x0000000000000000, 71, 42.88 W
2026/09/15 15:04:24.756, 2502 MHz, 0x0000000000000000, 71, 43.05 W
2026/09/15 15:04:25.757, 2502 MHz, 0x0000000000000000, 71, 42.92 W
2026/09/15 15:04:26.757, 2502 MHz, 0x0000000000000000, 71, 42.80 W
2026/09/15 15:04:27.757, 2502 MHz, 0x0000000000000000, 71, 42.74 W
2026/09/15 15:04:28.758, 2463 MHz, 0x0000000000000000, 67, 37.38 W
2026/09/15 15:04:29.759, 2411 MHz, 0x0000000000000000, 65, 14.57 W
2026/09/15 15:04:30.760, 2470 MHz, 0x0000000000000000, 73, 27.42 W
2026/09/15 15:04:31.760, 2476 MHz, 0x0000000000000000, 73, 59.56 W
2026/09/15 15:04:32.761, 2450 MHz, 0x0000000000000000, 73, 43.43 W
2026/09/15 15:04:33.762, 2470 MHz, 0x0000000000000000, 74, 59.80 W
2026/09/15 15:04:34.763, 2470 MHz, 0x0000000000000000, 74, 60.20 W
2026/09/15 15:04:35.764, 2476 MHz, 0x0000000000000000, 75, 59.45 W
2026/09/15 15:04:36.764, 2502 MHz, 0x0000000000000000, 71, 43.59 W
2026/09/15 15:04:37.765, 2502 MHz, 0x0000000000000000, 71, 41.43 W
2026/09/15 15:04:38.765, 2502 MHz, 0x0000000000000000, 71, 41.06 W
2026/09/15 15:04:39.766, 2502 MHz, 0x0000000000000000, 71, 41.19 W
2026/09/15 15:04:40.767, 2502 MHz, 0x0000000000000000, 71, 41.32 W
2026/09/15 15:04:41.767, 2502 MHz, 0x0000000000000000, 71, 41.17 W
2026/09/15 15:04:42.767, 2502 MHz, 0x0000000000000000, 71, 40.88 W
2026/09/15 15:04:43.768, 2502 MHz, 0x0000000000000000, 71, 41.37 W
2026/09/15 15:04:44.769, 2502 MHz, 0x0000000000000000, 71, 41.47 W
2026/09/15 15:04:45.769, 2502 MHz, 0x0000000000000000, 71, 41.46 W
2026/09/15 15:04:46.770, 2502 MHz, 0x0000000000000000, 71, 41.37 W
2026/09/15 15:04:47.771, 2502 MHz, 0x0000000000000000, 70, 41.33 W
2026/09/15 15:04:48.771, 2502 MHz, 0x0000000000000000, 70, 41.26 W
2026/09/15 15:04:49.772, 2502 MHz, 0x0000000000000000, 70, 41.20 W
2026/09/15 15:04:50.772, 2502 MHz, 0x0000000000000000, 70, 41.06 W
2026/09/15 15:04:51.773, 2502 MHz, 0x0000000000000000, 70, 40.96 W
2026/09/15 15:04:52.773, 2502 MHz, 0x0000000000000000, 70, 41.14 W
2026/09/15 15:04:53.774, 2502 MHz, 0x0000000000000000, 70, 41.08 W
2026/09/15 15:04:54.774, 2502 MHz, 0x0000000000000000, 70, 41.09 W
2026/09/15 15:04:55.775, 2502 MHz, 0x0000000000000000, 70, 40.50 W
2026/09/15 15:04:56.776, 2502 MHz, 0x0000000000000000, 70, 40.72 W
2026/09/15 15:04:57.776, 2502 MHz, 0x0000000000000000, 70, 40.80 W
2026/09/15 15:04:58.777, 2502 MHz, 0x0000000000000000, 70, 41.57 W
2026/09/15 15:04:59.778, 2502 MHz, 0x0000000000000000, 70, 41.67 W
2026/09/15 15:05:00.778, 2502 MHz, 0x0000000000000000, 70, 41.63 W
2026/09/15 15:05:01.779, 2502 MHz, 0x0000000000000000, 70, 41.89 W
2026/09/15 15:05:02.779, 2502 MHz, 0x0000000000000000, 70, 41.67 W
2026/09/15 15:05:03.780, 2502 MHz, 0x0000000000000000, 70, 41.74 W
2026/09/15 15:05:04.781, 2502 MHz, 0x0000000000000000, 70, 41.59 W
2026/09/15 15:05:05.781, 2502 MHz, 0x0000000000000000, 70, 41.21 W
2026/09/15 15:05:06.781, 2502 MHz, 0x0000000000000000, 70, 41.36 W
2026/09/15 15:05:07.782, 2502 MHz, 0x0000000000000000, 70, 41.53 W
2026/09/15 15:05:08.783, 2502 MHz, 0x0000000000000000, 70, 41.58 W
2026/09/15 15:05:09.783, 2411 MHz, 0x0000000000000000, 65, 26.74 W
2026/09/15 15:05:10.783, 2411 MHz, 0x0000000000000000, 64, 14.41 W
2026/09/15 15:05:11.784, 2470 MHz, 0x0000000000000000, 74, 42.31 W
2026/09/15 15:05:12.784, 2476 MHz, 0x0000000000000000, 73, 59.14 W
2026/09/15 15:05:13.785, 2470 MHz, 0x0000000000000000, 74, 43.60 W
2026/09/15 15:05:14.785, 2476 MHz, 0x0000000000000000, 74, 59.28 W
2026/09/15 15:05:15.786, 2470 MHz, 0x0000000000000000, 74, 60.29 W
2026/09/15 15:05:16.787, 2470 MHz, 0x0000000000000000, 75, 58.62 W
2026/09/15 15:05:17.787, 2470 MHz, 0x0000000000000000, 75, 59.85 W
2026/09/15 15:05:18.788, 2470 MHz, 0x0000000000000000, 75, 60.22 W
2026/09/15 15:05:19.789, 2476 MHz, 0x0000000000000000, 75, 59.54 W
2026/09/15 15:05:20.789, 2483 MHz, 0x0000000000000000, 72, 47.71 W
2026/09/15 15:05:21.789, 2483 MHz, 0x0000000000000000, 72, 43.79 W
2026/09/15 15:05:22.790, 2483 MHz, 0x0000000000000000, 71, 43.69 W
2026/09/15 15:05:23.791, 2483 MHz, 0x0000000000000000, 71, 43.45 W
2026/09/15 15:05:24.791, 2483 MHz, 0x0000000000000000, 72, 43.92 W
2026/09/15 15:05:25.791, 2483 MHz, 0x0000000000000000, 72, 44.17 W
2026/09/15 15:05:26.792, 2483 MHz, 0x0000000000000000, 72, 43.96 W
2026/09/15 15:05:27.793, 2483 MHz, 0x0000000000000000, 72, 44.30 W
2026/09/15 15:05:28.794, 2483 MHz, 0x0000000000000000, 72, 44.20 W
2026/09/15 15:05:29.795, 2483 MHz, 0x0000000000000000, 72, 44.16 W
2026/09/15 15:05:30.795, 2483 MHz, 0x0000000000000000, 72, 44.24 W
2026/09/15 15:05:31.796, 2483 MHz, 0x0000000000000000, 72, 44.32 W
2026/09/15 15:05:32.797, 2483 MHz, 0x0000000000000000, 72, 44.39 W
2026/09/15 15:05:33.797, 2483 MHz, 0x0000000000000000, 72, 44.55 W
2026/09/15 15:05:34.798, 2483 MHz, 0x0000000000000000, 72, 44.54 W
2026/09/15 15:05:35.799, 2483 MHz, 0x0000000000000000, 72, 44.64 W
2026/09/15 15:05:36.799, 2483 MHz, 0x0000000000000000, 73, 44.70 W
2026/09/15 15:05:37.800, 2483 MHz, 0x0000000000000000, 73, 44.56 W
2026/09/15 15:05:38.800, 2483 MHz, 0x0000000000000000, 73, 44.66 W
2026/09/15 15:05:39.801, 2483 MHz, 0x0000000000000000, 73, 44.51 W
2026/09/15 15:05:40.801, 2483 MHz, 0x0000000000000000, 73, 44.53 W
2026/09/15 15:05:41.802, 2483 MHz, 0x0000000000000000, 73, 44.55 W
2026/09/15 15:05:42.803, 2483 MHz, 0x0000000000000000, 73, 44.51 W
2026/09/15 15:05:43.803, 2483 MHz, 0x0000000000000000, 73, 43.85 W
2026/09/15 15:05:44.804, 2483 MHz, 0x0000000000000000, 73, 44.08 W
2026/09/15 15:05:45.805, 2483 MHz, 0x0000000000000000, 73, 44.53 W
2026/09/15 15:05:46.805, 2483 MHz, 0x0000000000000000, 73, 44.42 W
2026/09/15 15:05:47.806, 2483 MHz, 0x0000000000000000, 73, 44.08 W
2026/09/15 15:05:48.807, 2483 MHz, 0x0000000000000000, 73, 44.11 W
2026/09/15 15:05:49.807, 2483 MHz, 0x0000000000000000, 73, 44.08 W
2026/09/15 15:05:50.808, 2483 MHz, 0x0000000000000000, 73, 44.19 W
2026/09/15 15:05:51.809, 2483 MHz, 0x0000000000000000, 73, 44.26 W
2026/09/15 15:05:52.809, 2483 MHz, 0x0000000000000000, 73, 44.28 W
2026/09/15 15:05:53.810, 2483 MHz, 0x0000000000000000, 73, 44.19 W
2026/09/15 15:05:54.810, 2411 MHz, 0x0000000000000000, 68, 20.71 W
2026/09/15 15:05:55.811, 2411 MHz, 0x0000000000000000, 67, 14.87 W
2026/09/15 15:05:56.811, 2470 MHz, 0x0000000000000000, 76, 57.81 W
2026/09/15 15:05:57.812, 2463 MHz, 0x0000000000000000, 77, 55.66 W
2026/09/15 15:05:58.812, 2470 MHz, 0x0000000000000000, 76, 60.78 W
2026/09/15 15:05:59.813, 2470 MHz, 0x0000000000000000, 77, 63.28 W
2026/09/15 15:06:00.813, 2483 MHz, 0x0000000000000000, 74, 50.66 W
2026/09/15 15:06:01.814, 2483 MHz, 0x0000000000000000, 73, 42.54 W
2026/09/15 15:06:02.814, 2483 MHz, 0x0000000000000000, 73, 42.55 W
2026/09/15 15:06:03.815, 2483 MHz, 0x0000000000000000, 73, 42.38 W
2026/09/15 15:06:04.816, 2483 MHz, 0x0000000000000000, 73, 42.56 W
2026/09/15 15:06:05.816, 2483 MHz, 0x0000000000000000, 73, 42.42 W
2026/09/15 15:06:06.817, 2483 MHz, 0x0000000000000000, 73, 42.59 W
2026/09/15 15:06:07.818, 2483 MHz, 0x0000000000000000, 73, 42.59 W
2026/09/15 15:06:08.818, 2483 MHz, 0x0000000000000000, 73, 42.50 W
2026/09/15 15:06:09.819, 2483 MHz, 0x0000000000000000, 73, 42.70 W
2026/09/15 15:06:10.819, 2483 MHz, 0x0000000000000000, 73, 42.25 W
2026/09/15 15:06:11.820, 2483 MHz, 0x0000000000000000, 73, 41.81 W
2026/09/15 15:06:12.820, 2483 MHz, 0x0000000000000000, 73, 41.94 W
2026/09/15 15:06:13.821, 2483 MHz, 0x0000000000000000, 73, 41.63 W
2026/09/15 15:06:14.822, 2483 MHz, 0x0000000000000000, 73, 42.15 W
2026/09/15 15:06:15.822, 2483 MHz, 0x0000000000000000, 74, 42.78 W
2026/09/15 15:06:16.823, 2483 MHz, 0x0000000000000000, 74, 42.63 W
2026/09/15 15:06:17.824, 2483 MHz, 0x0000000000000000, 73, 42.42 W
2026/09/15 15:06:18.824, 2483 MHz, 0x0000000000000000, 73, 42.35 W
2026/09/15 15:06:19.825, 2483 MHz, 0x0000000000000000, 73, 42.24 W
2026/09/15 15:06:20.825, 2483 MHz, 0x0000000000000000, 73, 42.10 W
2026/09/15 15:06:21.826, 2483 MHz, 0x0000000000000000, 73, 41.82 W
2026/09/15 15:06:22.826, 2483 MHz, 0x0000000000000000, 73, 41.74 W
2026/09/15 15:06:23.827, 2483 MHz, 0x0000000000000000, 73, 42.03 W
2026/09/15 15:06:24.828, 2483 MHz, 0x0000000000000000, 73, 42.06 W
2026/09/15 15:06:25.828, 2483 MHz, 0x0000000000000000, 73, 42.19 W
2026/09/15 15:06:26.829, 2483 MHz, 0x0000000000000000, 73, 42.17 W
2026/09/15 15:06:27.830, 2483 MHz, 0x0000000000000000, 74, 42.10 W
2026/09/15 15:06:28.831, 2483 MHz, 0x0000000000000000, 74, 42.12 W
2026/09/15 15:06:29.832, 2483 MHz, 0x0000000000000000, 74, 42.36 W
2026/09/15 15:06:30.832, 2483 MHz, 0x0000000000000000, 74, 42.17 W
2026/09/15 15:06:31.833, 2483 MHz, 0x0000000000000000, 73, 42.31 W
2026/09/15 15:06:32.833, 2483 MHz, 0x0000000000000000, 73, 42.27 W
2026/09/15 15:06:33.834, 2483 MHz, 0x0000000000000000, 74, 42.53 W
2026/09/15 15:06:34.834, 2411 MHz, 0x0000000000000000, 69, 24.55 W
2026/09/15 15:06:35.834, 2411 MHz, 0x0000000000000000, 68, 15.13 W
2026/09/15 15:06:36.835, 2470 MHz, 0x0000000000000000, 76, 49.56 W
2026/09/15 15:06:37.836, 2450 MHz, 0x0000000000000000, 76, 55.82 W
2026/09/15 15:06:38.836, 2470 MHz, 0x0000000000000000, 76, 61.96 W
2026/09/15 15:06:39.837, 2470 MHz, 0x0000000000000000, 79, 62.77 W
2026/09/15 15:06:40.838, 2470 MHz, 0x0000000000000000, 78, 63.65 W
2026/09/15 15:06:41.839, 2470 MHz, 0x0000000000000000, 78, 63.31 W
2026/09/15 15:06:42.840, 2463 MHz, 0x0000000000000000, 77, 62.55 W
2026/09/15 15:06:43.840, 2483 MHz, 0x0000000000000000, 75, 49.69 W
2026/09/15 15:06:44.841, 2483 MHz, 0x0000000000000000, 75, 45.14 W
2026/09/15 15:06:45.841, 2483 MHz, 0x0000000000000000, 75, 44.66 W
2026/09/15 15:06:46.842, 2483 MHz, 0x0000000000000000, 75, 44.51 W
2026/09/15 15:06:47.842, 2483 MHz, 0x0000000000000000, 75, 44.80 W
2026/09/15 15:06:48.842, 2483 MHz, 0x0000000000000000, 75, 45.17 W
2026/09/15 15:06:49.842, 2483 MHz, 0x0000000000000000, 75, 45.17 W
2026/09/15 15:06:50.843, 2483 MHz, 0x0000000000000000, 75, 45.10 W
2026/09/15 15:06:51.843, 2483 MHz, 0x0000000000000000, 75, 45.19 W
2026/09/15 15:06:52.843, 2483 MHz, 0x0000000000000000, 75, 45.72 W
2026/09/15 15:06:53.844, 2483 MHz, 0x0000000000000000, 75, 45.57 W
2026/09/15 15:06:54.844, 2483 MHz, 0x0000000000000000, 75, 45.35 W
2026/09/15 15:06:55.844, 2483 MHz, 0x0000000000000000, 75, 45.15 W
2026/09/15 15:06:56.844, 2483 MHz, 0x0000000000000000, 75, 45.32 W
2026/09/15 15:06:57.845, 2483 MHz, 0x0000000000000000, 75, 45.24 W
2026/09/15 15:06:58.845, 2483 MHz, 0x0000000000000000, 75, 45.36 W
2026/09/15 15:06:59.846, 2483 MHz, 0x0000000000000000, 75, 45.35 W
2026/09/15 15:07:00.846, 2483 MHz, 0x0000000000000000, 75, 45.11 W
2026/09/15 15:07:01.847, 2483 MHz, 0x0000000000000000, 75, 45.00 W
2026/09/15 15:07:02.847, 2483 MHz, 0x0000000000000000, 75, 45.26 W
2026/09/15 15:07:03.847, 2483 MHz, 0x0000000000000000, 76, 45.36 W
2026/09/15 15:07:04.847, 2483 MHz, 0x0000000000000000, 76, 45.55 W
2026/09/15 15:07:05.847, 2483 MHz, 0x0000000000000000, 75, 45.45 W
2026/09/15 15:07:06.848, 2483 MHz, 0x0000000000000000, 76, 45.64 W
2026/09/15 15:07:07.848, 2483 MHz, 0x0000000000000000, 76, 45.62 W
2026/09/15 15:07:08.849, 2483 MHz, 0x0000000000000000, 76, 45.85 W
2026/09/15 15:07:09.849, 2483 MHz, 0x0000000000000000, 76, 45.85 W
2026/09/15 15:07:10.849, 2483 MHz, 0x0000000000000000, 76, 45.46 W
2026/09/15 15:07:11.850, 2483 MHz, 0x0000000000000000, 75, 45.26 W
2026/09/15 15:07:12.850, 2483 MHz, 0x0000000000000000, 75, 45.77 W
2026/09/15 15:07:13.850, 2483 MHz, 0x0000000000000000, 76, 45.66 W
2026/09/15 15:07:14.851, 2483 MHz, 0x0000000000000000, 76, 45.85 W
2026/09/15 15:07:15.852, 2483 MHz, 0x0000000000000000, 76, 45.60 W
2026/09/15 15:07:16.852, 2405 MHz, 0x0000000000000000, 70, 31.08 W
2026/09/15 15:07:17.852, 2411 MHz, 0x0000000000000000, 69, 15.98 W
2026/09/15 15:07:18.853, 2470 MHz, 0x0000000000000000, 77, 39.81 W
2026/09/15 15:07:19.853, 2470 MHz, 0x0000000000000000, 80, 65.45 W
2026/09/15 15:07:20.854, 2470 MHz, 0x0000000000000000, 79, 56.21 W
2026/09/15 15:07:21.854, 2470 MHz, 0x0000000000000000, 80, 65.29 W
2026/09/15 15:07:22.855, 2463 MHz, 0x0000000000000000, 79, 66.04 W
2026/09/15 15:07:23.856, 2463 MHz, 0x0000000000000000, 80, 65.18 W
2026/09/15 15:07:24.857, 2483 MHz, 0x0000000000000000, 76, 47.73 W
2026/09/15 15:07:25.857, 2483 MHz, 0x0000000000000000, 75, 43.61 W
2026/09/15 15:07:26.858, 2483 MHz, 0x0000000000000000, 75, 43.37 W
2026/09/15 15:07:27.858, 2483 MHz, 0x0000000000000000, 75, 43.61 W
2026/09/15 15:07:28.859, 2483 MHz, 0x0000000000000000, 75, 43.77 W
2026/09/15 15:07:29.860, 2483 MHz, 0x0000000000000000, 75, 43.55 W
2026/09/15 15:07:30.860, 2483 MHz, 0x0000000000000000, 75, 43.56 W
2026/09/15 15:07:31.860, 2483 MHz, 0x0000000000000000, 75, 43.85 W
2026/09/15 15:07:32.861, 2483 MHz, 0x0000000000000000, 75, 43.40 W
2026/09/15 15:07:33.861, 2483 MHz, 0x0000000000000000, 75, 43.00 W
2026/09/15 15:07:34.861, 2483 MHz, 0x0000000000000000, 75, 42.84 W
2026/09/15 15:07:35.862, 2483 MHz, 0x0000000000000000, 75, 42.91 W
2026/09/15 15:07:36.863, 2483 MHz, 0x0000000000000000, 75, 43.16 W
2026/09/15 15:07:37.863, 2483 MHz, 0x0000000000000000, 75, 43.81 W
2026/09/15 15:07:38.863, 2483 MHz, 0x0000000000000000, 75, 43.85 W
2026/09/15 15:07:39.864, 2483 MHz, 0x0000000000000000, 75, 43.62 W
2026/09/15 15:07:40.864, 2483 MHz, 0x0000000000000000, 75, 43.84 W
2026/09/15 15:07:41.864, 2483 MHz, 0x0000000000000000, 75, 43.72 W
2026/09/15 15:07:42.865, 2483 MHz, 0x0000000000000000, 75, 43.79 W
2026/09/15 15:07:43.865, 2483 MHz, 0x0000000000000000, 75, 43.67 W
2026/09/15 15:07:44.865, 2483 MHz, 0x0000000000000000, 75, 43.36 W
2026/09/15 15:07:45.866, 2483 MHz, 0x0000000000000000, 75, 43.06 W
2026/09/15 15:07:46.866, 2483 MHz, 0x0000000000000000, 75, 43.27 W
2026/09/15 15:07:47.866, 2483 MHz, 0x0000000000000000, 75, 43.06 W
2026/09/15 15:07:48.867, 2483 MHz, 0x0000000000000000, 75, 43.05 W
2026/09/15 15:07:49.867, 2483 MHz, 0x0000000000000000, 75, 43.79 W
2026/09/15 15:07:50.868, 2483 MHz, 0x0000000000000000, 75, 43.70 W
2026/09/15 15:07:51.868, 2483 MHz, 0x0000000000000000, 75, 43.41 W
2026/09/15 15:07:52.868, 2483 MHz, 0x0000000000000000, 75, 43.42 W
2026/09/15 15:07:53.869, 2483 MHz, 0x0000000000000000, 75, 43.67 W
2026/09/15 15:07:54.869, 2483 MHz, 0x0000000000000000, 75, 43.65 W
2026/09/15 15:07:55.869, 2483 MHz, 0x0000000000000000, 75, 44.00 W
2026/09/15 15:07:56.870, 2483 MHz, 0x0000000000000000, 75, 44.01 W
2026/09/15 15:07:57.870, 2483 MHz, 0x0000000000000000, 75, 43.86 W
2026/09/15 15:07:58.870, 2411 MHz, 0x0000000000000000, 70, 21.10 W
2026/09/15 15:07:59.871, 2411 MHz, 0x0000000000000000, 69, 15.49 W
2026/09/15 15:08:00.872, 2470 MHz, 0x0000000000000000, 78, 57.69 W
2026/09/15 15:08:01.872, 2470 MHz, 0x0000000000000000, 79, 63.96 W
2026/09/15 15:08:02.872, 2470 MHz, 0x0000000000000000, 81, 56.04 W
2026/09/15 15:08:03.873, 2470 MHz, 0x0000000000000000, 79, 64.70 W
2026/09/15 15:08:04.873, 2457 MHz, 0x0000000000000000, 81, 66.93 W
2026/09/15 15:08:05.874, 2463 MHz, 0x0000000000000000, 80, 64.14 W
2026/09/15 15:08:06.874, 2457 MHz, 0x0000000000000000, 81, 66.73 W
2026/09/15 15:08:07.874, 2463 MHz, 0x0000000000000000, 80, 65.39 W
2026/09/15 15:08:08.875, 2450 MHz, 0x0000000000000000, 80, 65.81 W
2026/09/15 15:08:09.875, 2476 MHz, 0x0000000000000000, 77, 56.79 W
2026/09/15 15:08:10.876, 2483 MHz, 0x0000000000000000, 77, 46.56 W
2026/09/15 15:08:11.876, 2483 MHz, 0x0000000000000000, 77, 46.16 W
2026/09/15 15:08:12.877, 2483 MHz, 0x0000000000000000, 77, 46.05 W
2026/09/15 15:08:13.878, 2483 MHz, 0x0000000000000000, 77, 46.30 W
2026/09/15 15:08:14.879, 2483 MHz, 0x0000000000000000, 77, 46.43 W
2026/09/15 15:08:15.879, 2483 MHz, 0x0000000000000000, 77, 46.54 W
2026/09/15 15:08:16.879, 2483 MHz, 0x0000000000000000, 77, 46.53 W
2026/09/15 15:08:17.880, 2483 MHz, 0x0000000000000000, 77, 46.69 W
2026/09/15 15:08:18.881, 2483 MHz, 0x0000000000000000, 77, 46.66 W
2026/09/15 15:08:19.882, 2483 MHz, 0x0000000000000000, 77, 46.78 W
2026/09/15 15:08:20.882, 2483 MHz, 0x0000000000000000, 77, 46.73 W
2026/09/15 15:08:21.883, 2483 MHz, 0x0000000000000000, 77, 46.99 W
2026/09/15 15:08:22.883, 2483 MHz, 0x0000000000000000, 77, 46.90 W
2026/09/15 15:08:23.883, 2483 MHz, 0x0000000000000000, 77, 47.05 W
2026/09/15 15:08:24.884, 2483 MHz, 0x0000000000000000, 77, 46.95 W
2026/09/15 15:08:25.885, 2483 MHz, 0x0000000000000000, 77, 46.83 W
2026/09/15 15:08:26.885, 2483 MHz, 0x0000000000000000, 77, 47.07 W
2026/09/15 15:08:27.886, 2483 MHz, 0x0000000000000000, 77, 46.71 W
2026/09/15 15:08:28.886, 2483 MHz, 0x0000000000000000, 77, 46.65 W
2026/09/15 15:08:29.887, 2483 MHz, 0x0000000000000000, 77, 46.25 W
2026/09/15 15:08:30.888, 2483 MHz, 0x0000000000000000, 77, 46.27 W
2026/09/15 15:08:31.888, 2483 MHz, 0x0000000000000000, 77, 45.85 W
2026/09/15 15:08:32.888, 2483 MHz, 0x0000000000000000, 77, 46.03 W
2026/09/15 15:08:33.889, 2483 MHz, 0x0000000000000000, 77, 46.75 W
2026/09/15 15:08:34.890, 2483 MHz, 0x0000000000000000, 77, 46.78 W
2026/09/15 15:08:35.890, 2483 MHz, 0x0000000000000000, 77, 46.76 W
2026/09/15 15:08:36.891, 2483 MHz, 0x0000000000000000, 77, 46.63 W
2026/09/15 15:08:37.892, 2483 MHz, 0x0000000000000000, 77, 46.72 W
2026/09/15 15:08:38.893, 2483 MHz, 0x0000000000000000, 77, 46.85 W
2026/09/15 15:08:39.893, 2483 MHz, 0x0000000000000000, 77, 46.89 W
2026/09/15 15:08:40.893, 2483 MHz, 0x0000000000000000, 77, 46.96 W
2026/09/15 15:08:41.894, 2483 MHz, 0x0000000000000000, 77, 46.99 W
2026/09/15 15:08:42.895, 2483 MHz, 0x0000000000000000, 77, 46.22 W
2026/09/15 15:08:43.895, 2411 MHz, 0x0000000000000000, 71, 16.58 W
2026/09/15 15:08:44.896, 2411 MHz, 0x0000000000000000, 70, 16.21 W
2026/09/15 15:08:45.896, 2457 MHz, 0x0000000000000000, 80, 67.43 W
2026/09/15 15:08:46.897, 2450 MHz, 0x0000000000000000, 82, 70.24 W
2026/09/15 15:08:47.897, 2444 MHz, 0x0000000000000000, 74, 57.77 W
2026/09/15 15:08:48.898, 2457 MHz, 0x0000000000000000, 80, 64.55 W
2026/09/15 15:08:49.899, 2444 MHz, 0x0000000000000000, 82, 70.93 W
2026/09/15 15:08:50.899, 2450 MHz, 0x0000000000000000, 82, 71.02 W
2026/09/15 15:08:51.900, 2444 MHz, 0x0000000000000000, 84, 71.80 W
2026/09/15 15:08:52.900, 2444 MHz, 0x0000000000000000, 82, 71.01 W
2026/09/15 15:08:53.901, 2483 MHz, 0x0000000000000000, 78, 57.41 W
2026/09/15 15:08:54.901, 2483 MHz, 0x0000000000000000, 78, 45.33 W
2026/09/15 15:08:55.901, 2483 MHz, 0x0000000000000000, 77, 45.29 W
2026/09/15 15:08:56.901, 2483 MHz, 0x0000000000000000, 77, 45.02 W
2026/09/15 15:08:57.902, 2483 MHz, 0x0000000000000000, 77, 45.19 W
2026/09/15 15:08:58.902, 2483 MHz, 0x0000000000000000, 77, 45.18 W
2026/09/15 15:08:59.903, 2483 MHz, 0x0000000000000000, 77, 45.30 W
2026/09/15 15:09:00.904, 2483 MHz, 0x0000000000000000, 77, 45.09 W
2026/09/15 15:09:01.904, 2483 MHz, 0x0000000000000000, 77, 44.78 W
2026/09/15 15:09:02.905, 2483 MHz, 0x0000000000000000, 76, 44.79 W
2026/09/15 15:09:03.905, 2483 MHz, 0x0000000000000000, 76, 44.81 W
2026/09/15 15:09:04.906, 2483 MHz, 0x0000000000000000, 76, 44.43 W
2026/09/15 15:09:05.907, 2483 MHz, 0x0000000000000000, 76, 44.43 W
2026/09/15 15:09:06.907, 2483 MHz, 0x0000000000000000, 76, 44.37 W
2026/09/15 15:09:07.908, 2483 MHz, 0x0000000000000000, 76, 44.46 W
2026/09/15 15:09:08.909, 2483 MHz, 0x0000000000000000, 76, 44.72 W
2026/09/15 15:09:09.909, 2483 MHz, 0x0000000000000000, 76, 44.56 W
2026/09/15 15:09:10.909, 2483 MHz, 0x0000000000000000, 75, 44.34 W
2026/09/15 15:09:11.910, 2483 MHz, 0x0000000000000000, 75, 44.44 W
2026/09/15 15:09:12.910, 2483 MHz, 0x0000000000000000, 75, 44.13 W
2026/09/15 15:09:13.911, 2483 MHz, 0x0000000000000000, 75, 44.02 W
2026/09/15 15:09:14.911, 2483 MHz, 0x0000000000000000, 75, 43.84 W
2026/09/15 15:09:15.911, 2483 MHz, 0x0000000000000000, 75, 44.02 W
2026/09/15 15:09:16.912, 2483 MHz, 0x0000000000000000, 75, 43.76 W
2026/09/15 15:09:17.912, 2483 MHz, 0x0000000000000000, 75, 43.99 W
2026/09/15 15:09:18.913, 2483 MHz, 0x0000000000000000, 75, 43.81 W
2026/09/15 15:09:19.913, 2483 MHz, 0x0000000000000000, 75, 43.97 W
2026/09/15 15:09:20.914, 2483 MHz, 0x0000000000000000, 75, 44.05 W
2026/09/15 15:09:21.914, 2483 MHz, 0x0000000000000000, 74, 43.96 W
2026/09/15 15:09:22.915, 2483 MHz, 0x0000000000000000, 75, 44.13 W
2026/09/15 15:09:23.916, 2483 MHz, 0x0000000000000000, 74, 43.97 W
2026/09/15 15:09:24.916, 2483 MHz, 0x0000000000000000, 74, 43.93 W
2026/09/15 15:09:25.917, 2483 MHz, 0x0000000000000000, 74, 44.02 W
2026/09/15 15:09:26.917, 2424 MHz, 0x0000000000000000, 69, 33.32 W
2026/09/15 15:09:27.917, 2411 MHz, 0x0000000000000000, 68, 15.15 W
2026/09/15 15:09:28.918, 2424 MHz, 0x0000000000000000, 76, 28.19 W
2026/09/15 15:09:29.919, 2470 MHz, 0x0000000000000000, 79, 71.70 W
2026/09/15 15:09:30.919, 2463 MHz, 0x0000000000000000, 81, 70.13 W
2026/09/15 15:09:31.920, 2411 MHz, 0x0000000000000000, 77, 48.15 W
2026/09/15 15:09:32.920, 2463 MHz, 0x0000000000000000, 79, 71.11 W
2026/09/15 15:09:33.921, 2463 MHz, 0x0000000000000000, 79, 70.27 W
2026/09/15 15:09:34.922, 2463 MHz, 0x0000000000000000, 81, 70.20 W
2026/09/15 15:09:35.922, 2463 MHz, 0x0000000000000000, 79, 69.70 W
2026/09/15 15:09:36.923, 2463 MHz, 0x0000000000000000, 80, 71.72 W
2026/09/15 15:09:37.923, 2463 MHz, 0x0000000000000000, 82, 70.77 W
2026/09/15 15:09:38.924, 2463 MHz, 0x0000000000000000, 79, 69.36 W
2026/09/15 15:09:39.924, 2457 MHz, 0x0000000000000000, 80, 70.54 W
2026/09/15 15:09:40.925, 2457 MHz, 0x0000000000000000, 82, 71.85 W
2026/09/15 15:09:41.925, 2450 MHz, 0x0000000000000000, 79, 69.92 W
2026/09/15 15:09:42.925, 2476 MHz, 0x0000000000000000, 77, 60.57 W
2026/09/15 15:09:43.926, 2483 MHz, 0x0000000000000000, 76, 47.66 W
2026/09/15 15:09:44.927, 2483 MHz, 0x0000000000000000, 76, 47.21 W
2026/09/15 15:09:45.927, 2483 MHz, 0x0000000000000000, 76, 46.81 W
2026/09/15 15:09:46.928, 2483 MHz, 0x0000000000000000, 76, 46.85 W
2026/09/15 15:09:47.928, 2483 MHz, 0x0000000000000000, 76, 47.21 W
2026/09/15 15:09:48.928, 2483 MHz, 0x0000000000000000, 76, 46.92 W
2026/09/15 15:09:49.929, 2483 MHz, 0x0000000000000000, 75, 47.25 W
2026/09/15 15:09:50.930, 2483 MHz, 0x0000000000000000, 75, 46.74 W
2026/09/15 15:09:51.930, 2483 MHz, 0x0000000000000000, 75, 47.34 W
2026/09/15 15:09:52.931, 2483 MHz, 0x0000000000000000, 75, 46.93 W
2026/09/15 15:09:53.931, 2483 MHz, 0x0000000000000000, 75, 46.95 W
2026/09/15 15:09:54.932, 2483 MHz, 0x0000000000000000, 75, 47.25 W
2026/09/15 15:09:55.933, 2483 MHz, 0x0000000000000000, 75, 46.88 W
2026/09/15 15:09:56.933, 2483 MHz, 0x0000000000000000, 75, 46.31 W
2026/09/15 15:09:57.934, 2483 MHz, 0x0000000000000000, 75, 46.00 W
2026/09/15 15:09:58.934, 2483 MHz, 0x0000000000000000, 75, 46.48 W
2026/09/15 15:09:59.935, 2483 MHz, 0x0000000000000000, 75, 46.29 W
2026/09/15 15:10:00.935, 2483 MHz, 0x0000000000000000, 75, 46.15 W
2026/09/15 15:10:01.936, 2483 MHz, 0x0000000000000000, 75, 45.51 W
2026/09/15 15:10:02.936, 2483 MHz, 0x0000000000000000, 74, 45.56 W
2026/09/15 15:10:03.937, 2483 MHz, 0x0000000000000000, 74, 45.53 W
2026/09/15 15:10:04.938, 2483 MHz, 0x0000000000000000, 74, 45.39 W
2026/09/15 15:10:05.939, 2483 MHz, 0x0000000000000000, 75, 45.92 W
2026/09/15 15:10:06.939, 2483 MHz, 0x0000000000000000, 74, 45.79 W
2026/09/15 15:10:07.939, 2483 MHz, 0x0000000000000000, 74, 45.62 W
2026/09/15 15:10:08.940, 2483 MHz, 0x0000000000000000, 74, 46.13 W
2026/09/15 15:10:09.940, 2483 MHz, 0x0000000000000000, 74, 45.75 W
2026/09/15 15:10:10.941, 2483 MHz, 0x0000000000000000, 74, 45.85 W
2026/09/15 15:10:11.941, 2483 MHz, 0x0000000000000000, 74, 45.99 W
2026/09/15 15:10:12.941, 2483 MHz, 0x0000000000000000, 74, 45.76 W
2026/09/15 15:10:13.942, 2483 MHz, 0x0000000000000000, 74, 45.66 W
2026/09/15 15:10:14.942, 2483 MHz, 0x0000000000000000, 74, 45.69 W
2026/09/15 15:10:15.943, 2483 MHz, 0x0000000000000000, 74, 45.71 W
2026/09/15 15:10:16.944, 2411 MHz, 0x0000000000000000, 68, 27.96 W
2026/09/15 15:10:17.944, 2411 MHz, 0x0000000000000000, 67, 15.03 W
2026/09/15 15:10:18.945, 2411 MHz, 0x0000000000000000, 67, 14.83 W
