timestamp, clocks.current.sm [MHz], clocks_event_reasons.active, temperature.gpu, power.draw [W]
2026/09/15 13:29:30.718, 2411 MHz, 0x0000000000000000, 51, 13.46 W
2026/09/15 13:29:31.726, 2411 MHz, 0x0000000000000000, 51, 13.47 W
2026/09/15 13:29:32.726, 2411 MHz, 0x0000000000000000, 51, 13.45 W
2026/09/15 13:29:33.727, 2411 MHz, 0x0000000000000000, 51, 13.44 W
2026/09/15 13:29:34.728, 2411 MHz, 0x0000000000000000, 51, 13.46 W
2026/09/15 13:29:35.728, 2411 MHz, 0x0000000000000000, 51, 13.42 W
2026/09/15 13:29:36.728, 2411 MHz, 0x0000000000000000, 51, 13.40 W
2026/09/15 13:29:37.728, 2411 MHz, 0x0000000000000000, 51, 13.40 W
2026/09/15 13:29:38.729, 2411 MHz, 0x0000000000000000, 51, 13.43 W
2026/09/15 13:29:39.729, 2411 MHz, 0x0000000000000000, 51, 13.41 W
2026/09/15 13:29:40.729, 2411 MHz, 0x0000000000000000, 51, 13.42 W
2026/09/15 13:29:41.730, 2411 MHz, 0x0000000000000000, 51, 13.47 W
2026/09/15 13:29:42.730, 2411 MHz, 0x0000000000000000, 51, 13.43 W
2026/09/15 13:29:43.731, 2411 MHz, 0x0000000000000000, 51, 13.42 W
2026/09/15 13:29:44.731, 2411 MHz, 0x0000000000000000, 51, 13.41 W
2026/09/15 13:29:45.732, 2411 MHz, 0x0000000000000000, 51, 13.48 W
2026/09/15 13:29:46.732, 2411 MHz, 0x0000000000000000, 51, 13.51 W
2026/09/15 13:29:47.732, 2411 MHz, 0x0000000000000000, 51, 13.46 W
2026/09/15 13:29:48.732, 2411 MHz, 0x0000000000000000, 51, 14.09 W
2026/09/15 13:29:49.732, 2411 MHz, 0x0000000000000000, 51, 14.36 W
2026/09/15 13:29:50.732, 2411 MHz, 0x0000000000000000, 51, 13.90 W
2026/09/15 13:29:51.733, 208 MHz, 0x0000000000000000, 50, 7.73 W
2026/09/15 13:29:52.733, 208 MHz, 0x0000000000000000, 50, 6.30 W
2026/09/15 13:29:53.733, 208 MHz, 0x0000000000000000, 50, 6.30 W
2026/09/15 13:29:54.733, 2411 MHz, 0x0000000000000000, 51, 9.79 W
2026/09/15 13:29:55.734, 2411 MHz, 0x0000000000000000, 51, 13.46 W
2026/09/15 13:29:56.734, 208 MHz, 0x0000000000000000, 50, 7.63 W
2026/09/15 13:29:57.734, 208 MHz, 0x0000000000000000, 50, 6.26 W
2026/09/15 13:29:58.735, 208 MHz, 0x0000000000000000, 50, 6.26 W
2026/09/15 13:29:59.735, 208 MHz, 0x0000000000000000, 50, 5.63 W
2026/09/15 13:30:00.736, 208 MHz, 0x0000000000000004, 50, 5.59 W
2026/09/15 13:30:01.736, 208 MHz, 0x0000000000000000, 50, 5.63 W
2026/09/15 13:30:02.736, 208 MHz, 0x0000000000000000, 50, 5.63 W
2026/09/15 13:30:03.737, 208 MHz, 0x0000000000000000, 50, 5.63 W
2026/09/15 13:30:04.738, 208 MHz, 0x0000000000000000, 50, 5.58 W
2026/09/15 13:30:05.738, 208 MHz, 0x0000000000000004, 50, 5.53 W
2026/09/15 13:30:06.738, 208 MHz, 0x0000000000000000, 50, 5.54 W
2026/09/15 13:30:07.739, 208 MHz, 0x0000000000000004, 50, 5.54 W
2026/09/15 13:30:08.740, 208 MHz, 0x0000000000000000, 50, 5.54 W
2026/09/15 13:30:09.741, 208 MHz, 0x0000000000000004, 50, 5.54 W
2026/09/15 13:30:10.741, 208 MHz, 0x0000000000000000, 50, 5.57 W
2026/09/15 13:30:11.742, 208 MHz, 0x0000000000000004, 50, 5.56 W
2026/09/15 13:30:12.742, 208 MHz, 0x0000000000000000, 50, 5.51 W
2026/09/15 13:30:13.743, 208 MHz, 0x0000000000000000, 50, 5.59 W
2026/09/15 13:30:14.743, 208 MHz, 0x0000000000000000, 50, 5.67 W
2026/09/15 13:30:15.743, 208 MHz, 0x0000000000000000, 50, 5.67 W
2026/09/15 13:30:16.744, 208 MHz, 0x0000000000000000, 50, 5.55 W
2026/09/15 13:30:17.744, 208 MHz, 0x0000000000000004, 50, 5.52 W
2026/09/15 13:30:18.744, 208 MHz, 0x0000000000000000, 50, 5.62 W
2026/09/15 13:30:19.745, 208 MHz, 0x0000000000000004, 50, 5.56 W
2026/09/15 13:30:20.745, 208 MHz, 0x0000000000000000, 50, 5.63 W
2026/09/15 13:30:21.745, 208 MHz, 0x0000000000000000, 50, 5.63 W
2026/09/15 13:30:22.746, 208 MHz, 0x0000000000000000, 50, 5.63 W
2026/09/15 13:30:23.746, 208 MHz, 0x0000000000000000, 50, 5.54 W
2026/09/15 13:30:24.747, 208 MHz, 0x0000000000000004, 50, 5.53 W
2026/09/15 13:30:25.747, 208 MHz, 0x0000000000000000, 50, 5.55 W
2026/09/15 13:30:26.747, 208 MHz, 0x0000000000000004, 50, 5.57 W
2026/09/15 13:30:27.748, 208 MHz, 0x0000000000000000, 50, 5.61 W
2026/09/15 13:30:28.748, 208 MHz, 0x0000000000000004, 50, 5.57 W
2026/09/15 13:30:29.749, 208 MHz, 0x0000000000000000, 50, 5.56 W
2026/09/15 13:30:30.749, 208 MHz, 0x0000000000000004, 50, 5.54 W
2026/09/15 13:30:31.750, 208 MHz, 0x0000000000000000, 50, 5.57 W
2026/09/15 13:30:32.750, 208 MHz, 0x0000000000000004, 50, 5.55 W
2026/09/15 13:30:33.750, 208 MHz, 0x0000000000000000, 50, 5.56 W
2026/09/15 13:30:34.751, 208 MHz, 0x0000000000000004, 50, 5.62 W
2026/09/15 13:30:35.752, 208 MHz, 0x0000000000000000, 50, 5.59 W
2026/09/15 13:30:36.752, 201 MHz, 0x0000000000000004, 50, 5.54 W
2026/09/15 13:30:37.753, 208 MHz, 0x0000000000000000, 50, 5.56 W
2026/09/15 13:30:38.753, 208 MHz, 0x0000000000000004, 50, 5.47 W
2026/09/15 13:30:39.753, 208 MHz, 0x0000000000000000, 50, 5.50 W
2026/09/15 13:30:40.754, 208 MHz, 0x0000000000000004, 50, 5.49 W
2026/09/15 13:30:41.755, 208 MHz, 0x0000000000000000, 50, 5.47 W
2026/09/15 13:30:42.756, 208 MHz, 0x0000000000000004, 50, 5.49 W
2026/09/15 13:30:43.757, 208 MHz, 0x0000000000000000, 50, 5.52 W
2026/09/15 13:30:44.757, 208 MHz, 0x0000000000000004, 50, 5.52 W
2026/09/15 13:30:45.758, 208 MHz, 0x0000000000000000, 50, 5.52 W
2026/09/15 13:30:46.758, 208 MHz, 0x0000000000000004, 50, 5.48 W
2026/09/15 13:30:47.759, 208 MHz, 0x0000000000000000, 50, 5.43 W
2026/09/15 13:30:48.759, 208 MHz, 0x0000000000000000, 51, 8.27 W
2026/09/15 13:30:49.760, 2418 MHz, 0x0000000000000000, 51, 13.64 W
2026/09/15 13:30:50.760, 2418 MHz, 0x0000000000000000, 51, 13.73 W
2026/09/15 13:30:51.760, 2411 MHz, 0x0000000000000000, 51, 13.53 W
2026/09/15 13:30:52.761, 2411 MHz, 0x0000000000000000, 51, 13.63 W
2026/09/15 13:30:53.761, 2411 MHz, 0x0000000000000000, 51, 13.66 W
2026/09/15 13:30:54.762, 2418 MHz, 0x0000000000000000, 51, 14.01 W
2026/09/15 13:30:55.762, 2418 MHz, 0x0000000000000000, 51, 13.97 W
2026/09/15 13:30:56.762, 2418 MHz, 0x0000000000000000, 51, 13.74 W
2026/09/15 13:30:57.763, 2411 MHz, 0x0000000000000000, 51, 13.60 W
2026/09/15 13:30:58.763, 2522 MHz, 0x0000000000000000, 53, 17.61 W
2026/09/15 13:30:59.764, 2457 MHz, 0x0000000000000000, 52, 17.48 W
2026/09/15 13:31:00.764, 2522 MHz, 0x0000000000000000, 53, 20.82 W
2026/09/15 13:31:01.764, 2522 MHz, 0x0000000000000000, 53, 22.06 W
2026/09/15 13:31:02.764, 2450 MHz, 0x0000000000000000, 53, 18.45 W
2026/09/15 13:31:03.764, 2444 MHz, 0x0000000000000000, 54, 19.91 W
2026/09/15 13:31:04.765, 2502 MHz, 0x0000000000000000, 55, 22.25 W
2026/09/15 13:31:05.765, 2502 MHz, 0x0000000000000000, 55, 20.26 W
2026/09/15 13:31:06.765, 2444 MHz, 0x0000000000000000, 55, 19.63 W
2026/09/15 13:31:07.765, 2502 MHz, 0x0000000000000000, 55, 21.93 W
2026/09/15 13:31:08.765, 2444 MHz, 0x0000000000000000, 55, 18.04 W
2026/09/15 13:31:09.765, 2437 MHz, 0x0000000000000000, 55, 17.94 W
2026/09/15 13:31:10.766, 2450 MHz, 0x0000000000000000, 55, 17.91 W
2026/09/15 13:31:11.766, 2437 MHz, 0x0000000000000000, 55, 16.79 W
2026/09/15 13:31:12.766, 2463 MHz, 0x0000000000000000, 55, 16.69 W
2026/09/15 13:31:13.766, 2437 MHz, 0x0000000000000000, 55, 17.09 W
2026/09/15 13:31:14.767, 2431 MHz, 0x0000000000000000, 55, 16.52 W
2026/09/15 13:31:15.767, 2437 MHz, 0x0000000000000000, 55, 17.33 W
2026/09/15 13:31:16.767, 2431 MHz, 0x0000000000000000, 55, 16.99 W
2026/09/15 13:31:17.768, 2463 MHz, 0x0000000000000000, 56, 16.73 W
2026/09/15 13:31:18.768, 2437 MHz, 0x0000000000000000, 56, 17.19 W
2026/09/15 13:31:19.768, 2437 MHz, 0x0000000000000000, 56, 16.51 W
2026/09/15 13:31:20.768, 2437 MHz, 0x0000000000000000, 56, 17.49 W
2026/09/15 13:31:21.769, 2424 MHz, 0x0000000000000000, 56, 16.49 W
2026/09/15 13:31:22.769, 2437 MHz, 0x0000000000000000, 56, 16.81 W
2026/09/15 13:31:23.769, 2463 MHz, 0x0000000000000000, 56, 18.67 W
2026/09/15 13:31:24.771, 2450 MHz, 0x0000000000000000, 57, 18.27 W
2026/09/15 13:31:25.771, 2437 MHz, 0x0000000000000000, 56, 17.56 W
2026/09/15 13:31:26.771, 2463 MHz, 0x0000000000000000, 57, 17.49 W
2026/09/15 13:31:27.772, 2444 MHz, 0x0000000000000000, 57, 17.85 W
2026/09/15 13:31:28.772, 2450 MHz, 0x0000000000000000, 57, 18.52 W
2026/09/15 13:31:29.772, 2470 MHz, 0x0000000000000000, 57, 18.12 W
2026/09/15 13:31:30.773, 2450 MHz, 0x0000000000000000, 57, 18.46 W
2026/09/15 13:31:31.773, 2444 MHz, 0x0000000000000000, 57, 17.82 W
2026/09/15 13:31:32.773, 2483 MHz, 0x0000000000000000, 58, 18.49 W
2026/09/15 13:31:33.773, 2450 MHz, 0x0000000000000000, 57, 18.68 W
2026/09/15 13:31:34.773, 2444 MHz, 0x0000000000000000, 58, 18.29 W
2026/09/15 13:31:35.774, 2418 MHz, 0x0000000000000000, 58, 17.50 W
2026/09/15 13:31:36.774, 2444 MHz, 0x0000000000000000, 58, 18.47 W
2026/09/15 13:31:37.774, 2444 MHz, 0x0000000000000000, 58, 18.04 W
2026/09/15 13:31:38.774, 2418 MHz, 0x0000000000000000, 58, 17.21 W
2026/09/15 13:31:39.775, 2437 MHz, 0x0000000000000000, 58, 17.66 W
2026/09/15 13:31:40.775, 2437 MHz, 0x0000000000000000, 58, 17.37 W
2026/09/15 13:31:41.775, 2450 MHz, 0x0000000000000000, 58, 18.35 W
2026/09/15 13:31:42.775, 2437 MHz, 0x0000000000000000, 58, 17.53 W
2026/09/15 13:31:43.775, 2444 MHz, 0x0000000000000000, 58, 17.81 W
2026/09/15 13:31:44.776, 2470 MHz, 0x0000000000000000, 58, 17.38 W
2026/09/15 13:31:45.776, 2437 MHz, 0x0000000000000000, 58, 17.89 W
2026/09/15 13:31:46.777, 2431 MHz, 0x0000000000000000, 58, 17.43 W
2026/09/15 13:31:47.777, 2437 MHz, 0x0000000000000000, 58, 16.47 W
2026/09/15 13:31:48.777, 2476 MHz, 0x0000000000000000, 59, 21.21 W
2026/09/15 13:31:49.778, 2444 MHz, 0x0000000000000000, 59, 18.96 W
2026/09/15 13:31:50.778, 2405 MHz, 0x0000000000000000, 58, 16.90 W
2026/09/15 13:31:51.779, 2405 MHz, 0x0000000000000000, 58, 15.79 W
2026/09/15 13:31:52.779, 2405 MHz, 0x0000000000000000, 58, 15.80 W
2026/09/15 13:31:53.780, 2483 MHz, 0x0000000000000000, 61, 19.75 W
2026/09/15 13:31:54.780, 2405 MHz, 0x0000000000000000, 58, 15.24 W
2026/09/15 13:31:55.781, 2405 MHz, 0x0000000000000000, 58, 15.13 W
2026/09/15 13:31:56.782, 2405 MHz, 0x0000000000000000, 58, 15.20 W
2026/09/15 13:31:57.782, 2450 MHz, 0x0000000000000000, 59, 16.88 W
2026/09/15 13:31:58.783, 2457 MHz, 0x0000000000000000, 60, 23.53 W
2026/09/15 13:31:59.784, 2405 MHz, 0x0000000000000000, 58, 19.07 W
2026/09/15 13:32:00.784, 2405 MHz, 0x0000000000000000, 58, 14.87 W
2026/09/15 13:32:01.785, 2405 MHz, 0x0000000000000000, 58, 14.82 W
2026/09/15 13:32:02.786, 2405 MHz, 0x0000000000000000, 57, 14.81 W
2026/09/15 13:32:03.786, 2405 MHz, 0x0000000000000000, 57, 14.80 W
2026/09/15 13:32:04.787, 2405 MHz, 0x0000000000000000, 57, 14.81 W
2026/09/15 13:32:05.788, 2405 MHz, 0x0000000000000000, 57, 14.97 W
2026/09/15 13:32:06.788, 2405 MHz, 0x0000000000000000, 57, 15.02 W
2026/09/15 13:32:07.789, 2405 MHz, 0x0000000000000000, 57, 15.56 W
2026/09/15 13:32:08.789, 2405 MHz, 0x0000000000000000, 57, 14.71 W
2026/09/15 13:32:09.790, 2405 MHz, 0x0000000000000000, 57, 14.71 W
2026/09/15 13:32:10.791, 2405 MHz, 0x0000000000000000, 57, 14.71 W
2026/09/15 13:32:11.791, 2405 MHz, 0x0000000000000000, 57, 14.70 W
2026/09/15 13:32:12.792, 2411 MHz, 0x0000000000000000, 57, 19.22 W
2026/09/15 13:32:13.792, 2418 MHz, 0x0000000000000000, 58, 43.08 W
2026/09/15 13:32:14.792, 2353 MHz, 0x0000000000000000, 71, 94.63 W
2026/09/15 13:32:15.793, 2392 MHz, 0x0000000000000000, 72, 91.78 W
2026/09/15 13:32:16.794, 2385 MHz, 0x0000000000000000, 72, 91.97 W
2026/09/15 13:32:17.795, 2333 MHz, 0x0000000000000000, 73, 91.46 W
2026/09/15 13:32:18.795, 2340 MHz, 0x0000000000000000, 74, 94.27 W
2026/09/15 13:32:19.796, 2379 MHz, 0x0000000000000000, 75, 92.08 W
2026/09/15 13:32:20.797, 2366 MHz, 0x0000000000000000, 70, 91.39 W
2026/09/15 13:32:21.798, 2314 MHz, 0x0000000000000000, 75, 93.44 W
2026/09/15 13:32:22.799, 2372 MHz, 0x0000000000000000, 76, 91.70 W
2026/09/15 13:32:23.799, 2411 MHz, 0x0000000000000000, 64, 54.88 W
2026/09/15 13:32:24.799, 2405 MHz, 0x0000000000000000, 62, 16.57 W
2026/09/15 13:32:25.800, 2405 MHz, 0x0000000000000000, 61, 15.88 W
2026/09/15 13:32:26.800, 2405 MHz, 0x0000000000000000, 61, 15.78 W
2026/09/15 13:32:27.800, 2405 MHz, 0x0000000000000000, 61, 15.54 W
2026/09/15 13:32:28.801, 2405 MHz, 0x0000000000000000, 60, 15.52 W
2026/09/15 13:32:29.801, 2405 MHz, 0x0000000000000000, 60, 15.46 W
2026/09/15 13:32:30.801, 2405 MHz, 0x0000000000000000, 60, 15.37 W
2026/09/15 13:32:31.802, 2405 MHz, 0x0000000000000000, 59, 15.28 W
2026/09/15 13:32:32.802, 2411 MHz, 0x0000000000000000, 59, 15.29 W
2026/09/15 13:32:33.802, 2444 MHz, 0x0000000000000000, 60, 20.47 W
2026/09/15 13:32:34.803, 2431 MHz, 0x0000000000000000, 60, 23.91 W
2026/09/15 13:32:35.803, 2405 MHz, 0x0000000000000000, 59, 17.45 W
2026/09/15 13:32:36.804, 2463 MHz, 0x0000000000000000, 60, 22.34 W
2026/09/15 13:32:37.804, 2457 MHz, 0x0000000000000000, 60, 23.39 W
2026/09/15 13:32:38.805, 2457 MHz, 0x0000000000000000, 59, 22.67 W
2026/09/15 13:32:39.805, 2405 MHz, 0x0000000000000000, 59, 19.67 W
2026/09/15 13:32:40.806, 2405 MHz, 0x0000000000000000, 58, 15.08 W
2026/09/15 13:32:41.806, 2437 MHz, 0x0000000000000000, 59, 24.12 W
2026/09/15 13:32:42.806, 2489 MHz, 0x0000000000000000, 60, 25.42 W
2026/09/15 13:32:43.807, 2405 MHz, 0x0000000000000000, 58, 17.83 W
2026/09/15 13:32:44.807, 2405 MHz, 0x0000000000000000, 58, 15.05 W
2026/09/15 13:32:45.808, 2405 MHz, 0x0000000000000000, 58, 15.26 W
2026/09/15 13:32:46.808, 2405 MHz, 0x0000000000000000, 58, 15.20 W
2026/09/15 13:32:47.809, 2405 MHz, 0x0000000000000000, 57, 15.17 W
2026/09/15 13:32:48.809, 2502 MHz, 0x0000000000000000, 58, 16.92 W
2026/09/15 13:32:49.810, 2502 MHz, 0x0000000000000000, 58, 22.21 W
2026/09/15 13:32:50.810, 2405 MHz, 0x0000000000000000, 57, 19.23 W
2026/09/15 13:32:51.811, 2405 MHz, 0x0000000000000000, 57, 16.38 W
2026/09/15 13:32:52.811, 2405 MHz, 0x0000000000000000, 57, 14.94 W
2026/09/15 13:32:53.811, 2405 MHz, 0x0000000000000000, 57, 14.81 W
2026/09/15 13:32:54.811, 2483 MHz, 0x0000000000000000, 57, 16.46 W
2026/09/15 13:32:55.812, 2450 MHz, 0x0000000000000000, 64, 39.01 W
2026/09/15 13:32:56.812, 2405 MHz, 0x0000000000000000, 57, 31.41 W
2026/09/15 13:32:57.813, 2431 MHz, 0x0000000000000000, 58, 17.08 W
2026/09/15 13:32:58.813, 2496 MHz, 0x0000000000000000, 60, 24.09 W
2026/09/15 13:32:59.814, 2489 MHz, 0x0000000000000000, 60, 30.75 W
2026/09/15 13:33:00.814, 2405 MHz, 0x0000000000000000, 57, 21.20 W
2026/09/15 13:33:01.815, 2405 MHz, 0x0000000000000000, 57, 24.65 W
2026/09/15 13:33:02.816, 2405 MHz, 0x0000000000000000, 57, 20.25 W
2026/09/15 13:33:03.816, 2405 MHz, 0x0000000000000000, 57, 14.82 W
2026/09/15 13:33:04.817, 2405 MHz, 0x0000000000000000, 56, 14.79 W
2026/09/15 13:33:05.817, 2405 MHz, 0x0000000000000000, 56, 15.49 W
2026/09/15 13:33:06.818, 2405 MHz, 0x0000000000000000, 56, 14.77 W
2026/09/15 13:33:07.818, 2405 MHz, 0x0000000000000000, 56, 14.80 W
2026/09/15 13:33:08.818, 2405 MHz, 0x0000000000000000, 56, 14.72 W
2026/09/15 13:33:09.818, 2405 MHz, 0x0000000000000000, 56, 14.71 W
2026/09/15 13:33:10.819, 2405 MHz, 0x0000000000000000, 56, 14.96 W
2026/09/15 13:33:11.820, 2405 MHz, 0x0000000000000000, 56, 14.82 W
2026/09/15 13:33:12.820, 2405 MHz, 0x0000000000000000, 55, 14.61 W
2026/09/15 13:33:13.821, 2405 MHz, 0x0000000000000000, 55, 14.63 W
2026/09/15 13:33:14.821, 2405 MHz, 0x0000000000000000, 55, 14.64 W
2026/09/15 13:33:15.822, 2405 MHz, 0x0000000000000000, 55, 14.62 W
2026/09/15 13:33:16.822, 2405 MHz, 0x0000000000000000, 55, 14.66 W
2026/09/15 13:33:17.822, 2405 MHz, 0x0000000000000000, 55, 14.90 W
2026/09/15 13:33:18.822, 2405 MHz, 0x0000000000000000, 55, 14.55 W
2026/09/15 13:33:19.823, 2405 MHz, 0x0000000000000000, 55, 14.65 W
2026/09/15 13:33:20.823, 2405 MHz, 0x0000000000000000, 55, 14.58 W
2026/09/15 13:33:21.824, 2405 MHz, 0x0000000000000000, 55, 14.59 W
2026/09/15 13:33:22.824, 2405 MHz, 0x0000000000000000, 55, 14.58 W
2026/09/15 13:33:23.825, 2405 MHz, 0x0000000000000000, 55, 14.66 W
2026/09/15 13:33:24.825, 2405 MHz, 0x0000000000000000, 55, 14.36 W
2026/09/15 13:33:25.825, 2405 MHz, 0x0000000000000000, 55, 14.40 W
2026/09/15 13:33:26.826, 2405 MHz, 0x0000000000000000, 54, 14.57 W
2026/09/15 13:33:27.826, 2405 MHz, 0x0000000000000000, 54, 14.36 W
2026/09/15 13:33:28.826, 2405 MHz, 0x0000000000000000, 54, 14.50 W
2026/09/15 13:33:29.827, 2405 MHz, 0x0000000000000000, 54, 14.32 W
2026/09/15 13:33:30.827, 2405 MHz, 0x0000000000000000, 54, 14.43 W
2026/09/15 13:33:31.828, 2444 MHz, 0x0000000000000000, 57, 28.13 W
2026/09/15 13:33:32.828, 2405 MHz, 0x0000000000000000, 54, 14.48 W
2026/09/15 13:33:33.828, 2405 MHz, 0x0000000000000000, 54, 14.43 W
2026/09/15 13:33:34.829, 2405 MHz, 0x0000000000000000, 54, 14.40 W
2026/09/15 13:33:35.829, 2405 MHz, 0x0000000000000000, 54, 14.39 W
2026/09/15 13:33:36.830, 2405 MHz, 0x0000000000000000, 54, 14.36 W
2026/09/15 13:33:37.830, 2405 MHz, 0x0000000000000000, 54, 14.41 W
2026/09/15 13:33:38.831, 2405 MHz, 0x0000000000000000, 54, 14.36 W
2026/09/15 13:33:39.831, 2405 MHz, 0x0000000000000000, 54, 14.37 W
2026/09/15 13:33:40.831, 2405 MHz, 0x0000000000000000, 54, 14.39 W
2026/09/15 13:33:41.832, 2405 MHz, 0x0000000000000000, 54, 14.38 W
2026/09/15 13:33:42.833, 2405 MHz, 0x0000000000000000, 54, 14.39 W
2026/09/15 13:33:43.833, 2405 MHz, 0x0000000000000000, 54, 14.44 W
2026/09/15 13:33:44.834, 2405 MHz, 0x0000000000000000, 54, 15.08 W
2026/09/15 13:33:45.834, 2405 MHz, 0x0000000000000000, 55, 22.15 W
2026/09/15 13:33:46.835, 2405 MHz, 0x0000000000000000, 55, 22.02 W
2026/09/15 13:33:47.836, 2405 MHz, 0x0000000000000000, 55, 21.97 W
2026/09/15 13:33:48.836, 2405 MHz, 0x0000000000000000, 54, 16.03 W
2026/09/15 13:33:49.836, 2405 MHz, 0x0000000000000000, 54, 14.56 W
2026/09/15 13:33:50.836, 2405 MHz, 0x0000000000000000, 54, 14.45 W
2026/09/15 13:33:51.837, 2405 MHz, 0x0000000000000000, 54, 14.39 W
2026/09/15 13:33:52.837, 2411 MHz, 0x0000000000000000, 54, 16.02 W
2026/09/15 13:33:53.837, 2411 MHz, 0x0000000000000000, 54, 16.30 W
2026/09/15 13:33:54.837, 2437 MHz, 0x0000000000000000, 54, 17.96 W
2026/09/15 13:33:55.838, 2405 MHz, 0x0000000000000000, 54, 15.69 W
2026/09/15 13:33:56.838, 2476 MHz, 0x0000000000000000, 54, 15.61 W
2026/09/15 13:33:57.838, 2418 MHz, 0x0000000000000000, 54, 15.45 W
2026/09/15 13:33:58.838, 2444 MHz, 0x0000000000000000, 55, 18.34 W
2026/09/15 13:33:59.838, 2424 MHz, 0x0000000000000000, 54, 15.01 W
2026/09/15 13:34:00.839, 2405 MHz, 0x0000000000000000, 54, 14.80 W
2026/09/15 13:34:01.839, 2405 MHz, 0x0000000000000000, 54, 15.00 W
2026/09/15 13:34:02.839, 2405 MHz, 0x0000000000000000, 54, 14.80 W
2026/09/15 13:34:03.840, 2405 MHz, 0x0000000000000000, 54, 14.48 W
2026/09/15 13:34:04.840, 2405 MHz, 0x0000000000000000, 54, 18.65 W
2026/09/15 13:34:05.840, 2411 MHz, 0x0000000000000000, 54, 14.42 W
2026/09/15 13:34:06.840, 2405 MHz, 0x0000000000000000, 54, 15.40 W
2026/09/15 13:34:07.841, 2405 MHz, 0x0000000000000000, 54, 14.44 W
2026/09/15 13:34:08.841, 2411 MHz, 0x0000000000000000, 54, 14.77 W
2026/09/15 13:34:09.841, 2405 MHz, 0x0000000000000000, 54, 14.76 W
2026/09/15 13:34:10.841, 2411 MHz, 0x0000000000000000, 54, 15.32 W
2026/09/15 13:34:11.842, 2405 MHz, 0x0000000000000000, 54, 15.15 W
2026/09/15 13:34:12.842, 2405 MHz, 0x0000000000000000, 54, 15.56 W
2026/09/15 13:34:13.843, 2405 MHz, 0x0000000000000000, 54, 29.90 W
2026/09/15 13:34:14.844, 2463 MHz, 0x0000000000000000, 54, 17.89 W
2026/09/15 13:34:15.844, 2450 MHz, 0x0000000000000000, 54, 18.54 W
2026/09/15 13:34:16.845, 2450 MHz, 0x0000000000000000, 54, 18.21 W
2026/09/15 13:34:17.845, 2463 MHz, 0x0000000000000000, 55, 17.97 W
2026/09/15 13:34:18.845, 2405 MHz, 0x0000000000000000, 54, 15.04 W
2026/09/15 13:34:19.846, 2405 MHz, 0x0000000000000000, 54, 15.80 W
2026/09/15 13:34:20.847, 2405 MHz, 0x0000000000000000, 54, 15.76 W
2026/09/15 13:34:21.847, 2405 MHz, 0x0000000000000000, 53, 14.35 W
2026/09/15 13:34:22.848, 2457 MHz, 0x0000000000000000, 55, 17.08 W
2026/09/15 13:34:23.848, 2405 MHz, 0x0000000000000000, 54, 17.57 W
2026/09/15 13:34:24.849, 2405 MHz, 0x0000000000000000, 53, 14.31 W
2026/09/15 13:34:25.849, 2405 MHz, 0x0000000000000000, 53, 14.31 W
2026/09/15 13:34:26.850, 2405 MHz, 0x0000000000000000, 53, 14.20 W
2026/09/15 13:34:27.850, 2405 MHz, 0x0000000000000000, 53, 14.23 W
2026/09/15 13:34:28.851, 2405 MHz, 0x0000000000000000, 53, 14.25 W
2026/09/15 13:34:29.851, 2405 MHz, 0x0000000000000000, 53, 14.20 W
2026/09/15 13:34:30.852, 2405 MHz, 0x0000000000000000, 53, 14.21 W
2026/09/15 13:34:31.852, 2405 MHz, 0x0000000000000000, 53, 14.20 W
2026/09/15 13:34:32.852, 2405 MHz, 0x0000000000000000, 53, 14.16 W
2026/09/15 13:34:33.853, 2405 MHz, 0x0000000000000000, 53, 14.17 W
2026/09/15 13:34:34.853, 2405 MHz, 0x0000000000000000, 53, 14.13 W
2026/09/15 13:34:35.854, 2405 MHz, 0x0000000000000000, 53, 14.18 W
2026/09/15 13:34:36.854, 2405 MHz, 0x0000000000000000, 53, 14.17 W
2026/09/15 13:34:37.855, 2405 MHz, 0x0000000000000000, 53, 14.16 W
2026/09/15 13:34:38.855, 2405 MHz, 0x0000000000000000, 53, 14.11 W
2026/09/15 13:34:39.855, 2405 MHz, 0x0000000000000000, 53, 14.16 W
2026/09/15 13:34:40.855, 2405 MHz, 0x0000000000000000, 53, 14.10 W
2026/09/15 13:34:41.856, 2405 MHz, 0x0000000000000000, 53, 14.07 W
2026/09/15 13:34:42.856, 2405 MHz, 0x0000000000000000, 53, 14.06 W
2026/09/15 13:34:43.857, 2405 MHz, 0x0000000000000000, 53, 14.08 W
2026/09/15 13:34:44.857, 2405 MHz, 0x0000000000000000, 53, 14.12 W
2026/09/15 13:34:45.858, 2405 MHz, 0x0000000000000000, 53, 14.17 W
2026/09/15 13:34:46.858, 2405 MHz, 0x0000000000000000, 53, 15.19 W
2026/09/15 13:34:47.859, 2405 MHz, 0x0000000000000000, 53, 14.73 W
2026/09/15 13:34:48.859, 2405 MHz, 0x0000000000000000, 53, 14.10 W
2026/09/15 13:34:49.860, 2405 MHz, 0x0000000000000000, 53, 14.08 W
2026/09/15 13:34:50.861, 2405 MHz, 0x0000000000000000, 53, 14.10 W
2026/09/15 13:34:51.862, 2411 MHz, 0x0000000000000000, 52, 14.03 W
2026/09/15 13:34:52.863, 2411 MHz, 0x0000000000000000, 52, 13.84 W
2026/09/15 13:34:53.863, 2411 MHz, 0x0000000000000000, 52, 13.84 W
2026/09/15 13:34:54.863, 2411 MHz, 0x0000000000000000, 52, 13.85 W
2026/09/15 13:34:55.864, 2411 MHz, 0x0000000000000000, 52, 13.85 W
2026/09/15 13:34:56.864, 2411 MHz, 0x0000000000000000, 52, 18.48 W
2026/09/15 13:34:57.865, 2411 MHz, 0x0000000000000000, 52, 13.93 W
2026/09/15 13:34:58.866, 2502 MHz, 0x0000000000000000, 55, 25.72 W
2026/09/15 13:34:59.866, 2502 MHz, 0x0000000000000000, 56, 36.62 W
2026/09/15 13:35:00.867, 2470 MHz, 0x0000000000000000, 56, 33.88 W
2026/09/15 13:35:01.867, 2502 MHz, 0x0000000000000000, 57, 36.87 W
2026/09/15 13:35:02.867, 2502 MHz, 0x0000000000000000, 58, 36.81 W
2026/09/15 13:35:03.867, 2502 MHz, 0x0000000000000000, 58, 37.00 W
2026/09/15 13:35:04.867, 2502 MHz, 0x0000000000000000, 58, 37.14 W
2026/09/15 13:35:05.868, 2502 MHz, 0x0000000000000000, 59, 37.45 W
2026/09/15 13:35:06.868, 2470 MHz, 0x0000000000000000, 59, 34.52 W
2026/09/15 13:35:07.868, 2502 MHz, 0x0000000000000000, 59, 35.75 W
2026/09/15 13:35:08.868, 2502 MHz, 0x0000000000000000, 60, 37.53 W
2026/09/15 13:35:09.869, 2470 MHz, 0x0000000000000000, 59, 38.33 W
2026/09/15 13:35:10.869, 2502 MHz, 0x0000000000000000, 61, 37.94 W
2026/09/15 13:35:11.870, 2405 MHz, 0x0000000000000000, 57, 22.92 W
2026/09/15 13:35:12.870, 2502 MHz, 0x0000000000000000, 60, 34.39 W
2026/09/15 13:35:13.870, 2502 MHz, 0x0000000000000000, 61, 37.73 W
2026/09/15 13:35:14.870, 2502 MHz, 0x0000000000000000, 61, 37.96 W
2026/09/15 13:35:15.871, 2502 MHz, 0x0000000000000000, 61, 37.02 W
2026/09/15 13:35:16.871, 2502 MHz, 0x0000000000000000, 61, 38.03 W
2026/09/15 13:35:17.871, 2502 MHz, 0x0000000000000000, 62, 37.75 W
2026/09/15 13:35:18.872, 2502 MHz, 0x0000000000000000, 62, 38.33 W
2026/09/15 13:35:19.872, 2502 MHz, 0x0000000000000000, 62, 38.37 W
2026/09/15 13:35:20.873, 2483 MHz, 0x0000000000000000, 62, 37.70 W
2026/09/15 13:35:21.873, 2483 MHz, 0x0000000000000000, 62, 38.27 W
2026/09/15 13:35:22.874, 2483 MHz, 0x0000000000000000, 63, 38.32 W
2026/09/15 13:35:23.874, 2483 MHz, 0x0000000000000000, 63, 40.90 W
2026/09/15 13:35:24.874, 2483 MHz, 0x0000000000000000, 63, 41.56 W
2026/09/15 13:35:25.875, 2483 MHz, 0x0000000000000000, 63, 38.28 W
2026/09/15 13:35:26.875, 2483 MHz, 0x0000000000000000, 64, 38.69 W
2026/09/15 13:35:27.876, 2483 MHz, 0x0000000000000000, 63, 38.63 W
2026/09/15 13:35:28.876, 2483 MHz, 0x0000000000000000, 64, 38.01 W
2026/09/15 13:35:29.877, 2483 MHz, 0x0000000000000000, 64, 38.70 W
2026/09/15 13:35:30.877, 2483 MHz, 0x0000000000000000, 64, 38.77 W
2026/09/15 13:35:31.878, 2483 MHz, 0x0000000000000000, 64, 38.80 W
2026/09/15 13:35:32.878, 2483 MHz, 0x0000000000000000, 64, 39.07 W
2026/09/15 13:35:33.878, 2483 MHz, 0x0000000000000000, 65, 38.31 W
2026/09/15 13:35:34.879, 2483 MHz, 0x0000000000000000, 65, 38.88 W
2026/09/15 13:35:35.879, 2483 MHz, 0x0000000000000000, 65, 39.06 W
2026/09/15 13:35:36.880, 2483 MHz, 0x0000000000000000, 65, 41.65 W
2026/09/15 13:35:37.880, 2476 MHz, 0x0000000000000000, 65, 42.22 W
2026/09/15 13:35:38.880, 2483 MHz, 0x0000000000000000, 65, 38.44 W
2026/09/15 13:35:39.881, 2405 MHz, 0x0000000000000000, 62, 25.90 W
2026/09/15 13:35:40.881, 2470 MHz, 0x0000000000000000, 66, 54.91 W
2026/09/15 13:35:41.882, 2470 MHz, 0x0000000000000000, 67, 56.23 W
2026/09/15 13:35:42.883, 2431 MHz, 0x0000000000000000, 68, 26.62 W
2026/09/15 13:35:43.883, 2463 MHz, 0x0000000000000000, 69, 58.73 W
2026/09/15 13:35:44.883, 2463 MHz, 0x0000000000000000, 69, 59.81 W
2026/09/15 13:35:45.884, 2463 MHz, 0x0000000000000000, 69, 60.29 W
2026/09/15 13:35:46.884, 2463 MHz, 0x0000000000000000, 70, 60.47 W
2026/09/15 13:35:47.885, 2463 MHz, 0x0000000000000000, 70, 60.93 W
2026/09/15 13:35:48.885, 2463 MHz, 0x0000000000000000, 70, 61.70 W
2026/09/15 13:35:49.885, 2463 MHz, 0x0000000000000000, 70, 61.79 W
2026/09/15 13:35:50.886, 2463 MHz, 0x0000000000000000, 72, 62.36 W
2026/09/15 13:35:51.886, 2463 MHz, 0x0000000000000000, 71, 62.54 W
2026/09/15 13:35:52.887, 2463 MHz, 0x0000000000000000, 69, 61.80 W
2026/09/15 13:35:53.887, 2457 MHz, 0x0000000000000000, 69, 63.42 W
2026/09/15 13:35:54.888, 2457 MHz, 0x0000000000000000, 71, 64.35 W
2026/09/15 13:35:55.888, 2450 MHz, 0x0000000000000000, 73, 64.22 W
2026/09/15 13:35:56.889, 2450 MHz, 0x0000000000000000, 72, 64.72 W
2026/09/15 13:35:57.889, 2450 MHz, 0x0000000000000000, 72, 64.91 W
2026/09/15 13:35:58.889, 2450 MHz, 0x0000000000000000, 73, 65.31 W
2026/09/15 13:35:59.890, 2450 MHz, 0x0000000000000000, 74, 65.06 W
2026/09/15 13:36:00.890, 2450 MHz, 0x0000000000000000, 73, 65.41 W
2026/09/15 13:36:01.891, 2450 MHz, 0x0000000000000000, 72, 66.28 W
2026/09/15 13:36:02.891, 2450 MHz, 0x0000000000000000, 74, 66.10 W
2026/09/15 13:36:03.891, 2450 MHz, 0x0000000000000000, 74, 66.38 W
2026/09/15 13:36:04.892, 2444 MHz, 0x0000000000000000, 73, 66.41 W
2026/09/15 13:36:05.892, 2444 MHz, 0x0000000000000000, 73, 67.21 W
2026/09/15 13:36:06.892, 2450 MHz, 0x0000000000000000, 75, 66.98 W
2026/09/15 13:36:07.893, 2450 MHz, 0x0000000000000000, 73, 67.57 W
2026/09/15 13:36:08.893, 2450 MHz, 0x0000000000000000, 74, 68.07 W
2026/09/15 13:36:09.894, 2450 MHz, 0x0000000000000000, 74, 68.95 W
2026/09/15 13:36:10.894, 2450 MHz, 0x0000000000000000, 74, 68.39 W
2026/09/15 13:36:11.894, 2450 MHz, 0x0000000000000000, 74, 68.93 W
2026/09/15 13:36:12.894, 2444 MHz, 0x0000000000000000, 74, 68.97 W
2026/09/15 13:36:13.895, 2444 MHz, 0x0000000000000000, 74, 69.15 W
2026/09/15 13:36:14.895, 2450 MHz, 0x0000000000000000, 74, 68.38 W
2026/09/15 13:36:15.896, 2450 MHz, 0x0000000000000000, 72, 69.91 W
2026/09/15 13:36:16.896, 2450 MHz, 0x0000000000000000, 75, 70.51 W
2026/09/15 13:36:17.897, 2450 MHz, 0x0000000000000000, 76, 69.77 W
2026/09/15 13:36:18.897, 2444 MHz, 0x0000000000000000, 75, 69.61 W
2026/09/15 13:36:19.897, 2450 MHz, 0x0000000000000000, 76, 69.72 W
2026/09/15 13:36:20.898, 2450 MHz, 0x0000000000000000, 74, 69.69 W
2026/09/15 13:36:21.898, 2450 MHz, 0x0000000000000000, 77, 72.15 W
2026/09/15 13:36:22.898, 2450 MHz, 0x0000000000000000, 75, 71.02 W
2026/09/15 13:36:23.898, 2450 MHz, 0x0000000000000000, 77, 70.48 W
2026/09/15 13:36:24.899, 2450 MHz, 0x0000000000000000, 77, 70.38 W
2026/09/15 13:36:25.899, 2450 MHz, 0x0000000000000000, 75, 70.66 W
2026/09/15 13:36:26.899, 2450 MHz, 0x0000000000000000, 75, 73.34 W
2026/09/15 13:36:27.900, 2450 MHz, 0x0000000000000000, 77, 71.34 W
2026/09/15 13:36:28.900, 2450 MHz, 0x0000000000000000, 76, 71.34 W
2026/09/15 13:36:29.900, 2450 MHz, 0x0000000000000000, 77, 71.37 W
2026/09/15 13:36:30.900, 2450 MHz, 0x0000000000000000, 75, 71.97 W
2026/09/15 13:36:31.901, 2450 MHz, 0x0000000000000000, 76, 74.14 W
2026/09/15 13:36:32.901, 2444 MHz, 0x0000000000000000, 77, 72.51 W
2026/09/15 13:36:33.901, 2444 MHz, 0x0000000000000000, 71, 59.35 W
2026/09/15 13:36:34.901, 2405 MHz, 0x0000000000000000, 68, 19.70 W
2026/09/15 13:36:35.901, 2450 MHz, 0x0000000000000000, 76, 45.03 W
2026/09/15 13:36:36.902, 2450 MHz, 0x0000000000000000, 75, 71.89 W
2026/09/15 13:36:37.902, 2450 MHz, 0x0000000000000000, 77, 73.72 W
2026/09/15 13:36:38.902, 2450 MHz, 0x0000000000000000, 76, 72.33 W
2026/09/15 13:36:39.903, 2450 MHz, 0x0000000000000000, 76, 72.75 W
2026/09/15 13:36:40.903, 2450 MHz, 0x0000000000000000, 76, 72.41 W
2026/09/15 13:36:41.904, 2450 MHz, 0x0000000000000000, 78, 74.12 W
2026/09/15 13:36:42.904, 2450 MHz, 0x0000000000000000, 76, 73.23 W
2026/09/15 13:36:43.905, 2450 MHz, 0x0000000000000000, 77, 73.00 W
2026/09/15 13:36:44.905, 2450 MHz, 0x0000000000000000, 76, 75.91 W
2026/09/15 13:36:45.905, 2450 MHz, 0x0000000000000000, 76, 73.67 W
2026/09/15 13:36:46.905, 2450 MHz, 0x0000000000000000, 77, 73.08 W
2026/09/15 13:36:47.905, 2450 MHz, 0x0000000000000000, 77, 75.66 W
2026/09/15 13:36:48.906, 2450 MHz, 0x0000000000000000, 77, 73.36 W
2026/09/15 13:36:49.906, 2450 MHz, 0x0000000000000000, 79, 73.09 W
2026/09/15 13:36:50.906, 2450 MHz, 0x0000000000000000, 79, 74.89 W
2026/09/15 13:36:51.907, 2450 MHz, 0x0000000000000000, 78, 74.46 W
2026/09/15 13:36:52.907, 2450 MHz, 0x0000000000000000, 77, 74.05 W
2026/09/15 13:36:53.907, 2450 MHz, 0x0000000000000000, 77, 74.31 W
2026/09/15 13:36:54.907, 2450 MHz, 0x0000000000000000, 80, 75.35 W
2026/09/15 13:36:55.908, 2450 MHz, 0x0000000000000000, 77, 74.72 W
2026/09/15 13:36:56.908, 2450 MHz, 0x0000000000000000, 75, 74.87 W
2026/09/15 13:36:57.908, 2444 MHz, 0x0000000000000000, 79, 75.61 W
2026/09/15 13:36:58.908, 2450 MHz, 0x0000000000000000, 77, 75.13 W
2026/09/15 13:36:59.909, 2450 MHz, 0x0000000000000000, 78, 74.87 W
2026/09/15 13:37:00.909, 2444 MHz, 0x0000000000000000, 80, 76.57 W
2026/09/15 13:37:01.909, 2450 MHz, 0x0000000000000000, 78, 74.98 W
2026/09/15 13:37:02.910, 2450 MHz, 0x0000000000000000, 80, 75.18 W
2026/09/15 13:37:03.910, 2444 MHz, 0x0000000000000000, 78, 76.28 W
2026/09/15 13:37:04.910, 2450 MHz, 0x0000000000000000, 78, 74.85 W
2026/09/15 13:37:05.910, 2450 MHz, 0x0000000000000000, 78, 77.23 W
2026/09/15 13:37:06.911, 2437 MHz, 0x0000000000000000, 78, 75.44 W
2026/09/15 13:37:07.911, 2450 MHz, 0x0000000000000000, 80, 74.93 W
2026/09/15 13:37:08.911, 2444 MHz, 0x0000000000000000, 79, 77.86 W
2026/09/15 13:37:09.911, 2437 MHz, 0x0000000000000000, 80, 75.58 W
2026/09/15 13:37:10.912, 2444 MHz, 0x0000000000000000, 80, 75.21 W
2026/09/15 13:37:11.912, 2437 MHz, 0x0000000000000000, 79, 77.67 W
2026/09/15 13:37:12.912, 2437 MHz, 0x0000000000000000, 78, 76.73 W
2026/09/15 13:37:13.913, 2444 MHz, 0x0000000000000000, 75, 76.02 W
2026/09/15 13:37:14.913, 2444 MHz, 0x0000000000000000, 80, 76.69 W
2026/09/15 13:37:15.913, 2444 MHz, 0x0000000000000000, 80, 75.95 W
2026/09/15 13:37:16.913, 2444 MHz, 0x0000000000000000, 80, 77.91 W
2026/09/15 13:37:17.913, 2431 MHz, 0x0000000000000000, 79, 76.80 W
2026/09/15 13:37:18.914, 2444 MHz, 0x0000000000000000, 80, 76.57 W
2026/09/15 13:37:19.914, 2444 MHz, 0x0000000000000000, 78, 78.94 W
2026/09/15 13:37:20.914, 2437 MHz, 0x0000000000000000, 79, 76.47 W
2026/09/15 13:37:21.915, 2444 MHz, 0x0000000000000000, 78, 76.64 W
2026/09/15 13:37:22.915, 2431 MHz, 0x0000000000000000, 79, 77.74 W
2026/09/15 13:37:23.915, 2444 MHz, 0x0000000000000000, 81, 76.47 W
2026/09/15 13:37:24.915, 2437 MHz, 0x0000000000000000, 81, 78.14 W
2026/09/15 13:37:25.916, 2431 MHz, 0x0000000000000000, 81, 76.79 W
2026/09/15 13:37:26.916, 2431 MHz, 0x0000000000000000, 80, 76.78 W
2026/09/15 13:37:27.917, 2424 MHz, 0x0000000000000000, 82, 78.51 W
2026/09/15 13:37:28.917, 2437 MHz, 0x0000000000000000, 79, 77.07 W
2026/09/15 13:37:29.917, 2437 MHz, 0x0000000000000000, 79, 78.43 W
2026/09/15 13:37:30.918, 2431 MHz, 0x0000000000000000, 80, 77.04 W
2026/09/15 13:37:31.918, 2424 MHz, 0x0000000000000000, 81, 76.39 W
2026/09/15 13:37:32.919, 2424 MHz, 0x0000000000000000, 81, 79.51 W
2026/09/15 13:37:33.920, 2431 MHz, 0x0000000000000000, 80, 76.56 W
2026/09/15 13:37:34.920, 2444 MHz, 0x0000000000000000, 79, 78.75 W
2026/09/15 13:37:35.920, 2424 MHz, 0x0000000000000000, 81, 77.28 W
2026/09/15 13:37:36.920, 2431 MHz, 0x0000000000000000, 79, 76.27 W
2026/09/15 13:37:37.921, 2424 MHz, 0x0000000000000000, 79, 78.89 W
2026/09/15 13:37:38.921, 2431 MHz, 0x0000000000000000, 80, 77.67 W
2026/09/15 13:37:39.922, 2431 MHz, 0x0000000000000000, 82, 78.73 W
2026/09/15 13:37:40.923, 2418 MHz, 0x0000000000000000, 79, 76.58 W
2026/09/15 13:37:41.923, 2431 MHz, 0x0000000000000000, 82, 78.48 W
2026/09/15 13:37:42.923, 2418 MHz, 0x0000000000000000, 81, 77.76 W
2026/09/15 13:37:43.924, 2437 MHz, 0x0000000000000000, 81, 77.99 W
2026/09/15 13:37:44.924, 2431 MHz, 0x0000000000000000, 80, 78.35 W
2026/09/15 13:37:45.925, 2418 MHz, 0x0000000000000000, 80, 77.75 W
2026/09/15 13:37:46.925, 2424 MHz, 0x0000000000000000, 81, 78.79 W
2026/09/15 13:37:47.925, 2418 MHz, 0x0000000000000000, 81, 77.42 W
2026/09/15 13:37:48.926, 2424 MHz, 0x0000000000000000, 78, 76.52 W
2026/09/15 13:37:49.926, 2450 MHz, 0x0000000000000000, 76, 43.69 W
2026/09/15 13:37:50.927, 2463 MHz, 0x0000000000000000, 75, 47.17 W
2026/09/15 13:37:51.927, 2463 MHz, 0x0000000000000000, 75, 47.45 W
2026/09/15 13:37:52.928, 2463 MHz, 0x0000000000000000, 75, 47.01 W
2026/09/15 13:37:53.928, 2463 MHz, 0x0000000000000000, 75, 47.14 W
2026/09/15 13:37:54.928, 2463 MHz, 0x0000000000000000, 75, 47.11 W
2026/09/15 13:37:55.929, 2463 MHz, 0x0000000000000000, 75, 47.35 W
2026/09/15 13:37:56.929, 2463 MHz, 0x0000000000000000, 75, 46.84 W
2026/09/15 13:37:57.930, 2463 MHz, 0x0000000000000000, 74, 46.59 W
2026/09/15 13:37:58.930, 2463 MHz, 0x0000000000000000, 74, 46.52 W
2026/09/15 13:37:59.931, 2463 MHz, 0x0000000000000000, 74, 46.30 W
2026/09/15 13:38:00.931, 2463 MHz, 0x0000000000000000, 74, 46.57 W
2026/09/15 13:38:01.931, 2463 MHz, 0x0000000000000000, 74, 46.74 W
2026/09/15 13:38:02.932, 2463 MHz, 0x0000000000000000, 74, 46.87 W
2026/09/15 13:38:03.932, 2463 MHz, 0x0000000000000000, 74, 46.98 W
2026/09/15 13:38:04.932, 2463 MHz, 0x0000000000000000, 74, 46.70 W
2026/09/15 13:38:05.933, 2463 MHz, 0x0000000000000000, 74, 44.44 W
2026/09/15 13:38:06.933, 2463 MHz, 0x0000000000000000, 73, 43.40 W
2026/09/15 13:38:07.933, 2463 MHz, 0x0000000000000000, 74, 45.82 W
2026/09/15 13:38:08.934, 2463 MHz, 0x0000000000000000, 74, 46.38 W
2026/09/15 13:38:09.935, 2463 MHz, 0x0000000000000000, 74, 46.63 W
2026/09/15 13:38:10.935, 2463 MHz, 0x0000000000000000, 73, 46.52 W
2026/09/15 13:38:11.935, 2463 MHz, 0x0000000000000000, 74, 46.45 W
2026/09/15 13:38:12.935, 2463 MHz, 0x0000000000000000, 73, 46.55 W
2026/09/15 13:38:13.936, 2463 MHz, 0x0000000000000000, 73, 46.29 W
2026/09/15 13:38:14.936, 2463 MHz, 0x0000000000000000, 73, 46.40 W
2026/09/15 13:38:15.937, 2463 MHz, 0x0000000000000000, 73, 46.26 W
2026/09/15 13:38:16.937, 2463 MHz, 0x0000000000000000, 73, 46.16 W
2026/09/15 13:38:17.937, 2463 MHz, 0x0000000000000000, 73, 46.40 W
2026/09/15 13:38:18.938, 2463 MHz, 0x0000000000000000, 73, 46.55 W
2026/09/15 13:38:19.938, 2463 MHz, 0x0000000000000000, 73, 46.33 W
2026/09/15 13:38:20.939, 2463 MHz, 0x0000000000000000, 73, 46.41 W
2026/09/15 13:38:21.939, 2463 MHz, 0x0000000000000000, 73, 46.62 W
2026/09/15 13:38:22.940, 2463 MHz, 0x0000000000000000, 73, 45.64 W
2026/09/15 13:38:23.940, 2463 MHz, 0x0000000000000000, 73, 45.12 W
2026/09/15 13:38:24.941, 2463 MHz, 0x0000000000000000, 74, 44.54 W
2026/09/15 13:38:25.941, 2463 MHz, 0x0000000000000000, 73, 46.83 W
2026/09/15 13:38:26.942, 2463 MHz, 0x0000000000000000, 73, 46.00 W
2026/09/15 13:38:27.942, 2463 MHz, 0x0000000000000000, 73, 46.46 W
2026/09/15 13:38:28.942, 2463 MHz, 0x0000000000000000, 73, 45.98 W
2026/09/15 13:38:29.942, 2463 MHz, 0x0000000000000000, 73, 46.42 W
2026/09/15 13:38:30.943, 2463 MHz, 0x0000000000000000, 73, 46.06 W
2026/09/15 13:38:31.943, 2463 MHz, 0x0000000000000000, 73, 46.18 W
2026/09/15 13:38:32.943, 2463 MHz, 0x0000000000000000, 73, 46.24 W
2026/09/15 13:38:33.944, 2463 MHz, 0x0000000000000000, 73, 46.15 W
2026/09/15 13:38:34.944, 2463 MHz, 0x0000000000000000, 73, 46.24 W
2026/09/15 13:38:35.945, 2463 MHz, 0x0000000000000000, 73, 46.30 W
2026/09/15 13:38:36.945, 2463 MHz, 0x0000000000000000, 73, 46.13 W
2026/09/15 13:38:37.946, 2463 MHz, 0x0000000000000000, 73, 46.07 W
2026/09/15 13:38:38.946, 2463 MHz, 0x0000000000000000, 72, 46.26 W
2026/09/15 13:38:39.946, 2463 MHz, 0x0000000000000000, 73, 46.25 W
2026/09/15 13:38:40.946, 2463 MHz, 0x0000000000000000, 72, 44.62 W
2026/09/15 13:38:41.947, 2463 MHz, 0x0000000000000000, 72, 43.75 W
2026/09/15 13:38:42.947, 2483 MHz, 0x0000000000000000, 71, 38.26 W
2026/09/15 13:38:43.947, 2483 MHz, 0x0000000000000000, 71, 41.03 W
2026/09/15 13:38:44.948, 2483 MHz, 0x0000000000000000, 72, 41.08 W
2026/09/15 13:38:45.948, 2483 MHz, 0x0000000000000000, 71, 40.92 W
2026/09/15 13:38:46.948, 2483 MHz, 0x0000000000000000, 71, 40.78 W
2026/09/15 13:38:47.948, 2483 MHz, 0x0000000000000000, 71, 39.34 W
2026/09/15 13:38:48.949, 2483 MHz, 0x0000000000000000, 71, 40.75 W
2026/09/15 13:38:49.949, 2483 MHz, 0x0000000000000000, 71, 40.91 W
2026/09/15 13:38:50.949, 2483 MHz, 0x0000000000000000, 71, 40.69 W
2026/09/15 13:38:51.949, 2476 MHz, 0x0000000000000000, 71, 39.55 W
2026/09/15 13:38:52.950, 2483 MHz, 0x0000000000000000, 71, 40.75 W
2026/09/15 13:38:53.950, 2483 MHz, 0x0000000000000000, 71, 40.64 W
2026/09/15 13:38:54.950, 2483 MHz, 0x0000000000000000, 71, 40.81 W
2026/09/15 13:38:55.950, 2483 MHz, 0x0000000000000000, 71, 40.69 W
2026/09/15 13:38:56.951, 2476 MHz, 0x0000000000000000, 70, 39.69 W
2026/09/15 13:38:57.951, 2483 MHz, 0x0000000000000000, 71, 42.53 W
2026/09/15 13:38:58.951, 2483 MHz, 0x0000000000000000, 71, 44.31 W
2026/09/15 13:38:59.952, 2483 MHz, 0x0000000000000000, 71, 44.40 W
2026/09/15 13:39:00.952, 2483 MHz, 0x0000000000000000, 71, 44.56 W
2026/09/15 13:39:01.952, 2483 MHz, 0x0000000000000000, 71, 44.42 W
2026/09/15 13:39:02.952, 2483 MHz, 0x0000000000000000, 71, 44.53 W
2026/09/15 13:39:03.953, 2483 MHz, 0x0000000000000000, 71, 43.74 W
2026/09/15 13:39:04.953, 2483 MHz, 0x0000000000000000, 71, 40.45 W
2026/09/15 13:39:05.953, 2483 MHz, 0x0000000000000000, 71, 44.37 W
2026/09/15 13:39:06.953, 2483 MHz, 0x0000000000000000, 71, 44.54 W
2026/09/15 13:39:07.954, 2483 MHz, 0x0000000000000000, 71, 44.45 W
2026/09/15 13:39:08.954, 2483 MHz, 0x0000000000000000, 71, 44.58 W
2026/09/15 13:39:09.954, 2483 MHz, 0x0000000000000000, 71, 44.78 W
2026/09/15 13:39:10.954, 2483 MHz, 0x0000000000000000, 71, 42.17 W
2026/09/15 13:39:11.955, 2483 MHz, 0x0000000000000000, 71, 43.40 W
2026/09/15 13:39:12.956, 2483 MHz, 0x0000000000000000, 71, 44.86 W
2026/09/15 13:39:13.956, 2483 MHz, 0x0000000000000000, 71, 44.80 W
2026/09/15 13:39:14.956, 2483 MHz, 0x0000000000000000, 71, 44.79 W
2026/09/15 13:39:15.956, 2483 MHz, 0x0000000000000000, 71, 44.81 W
2026/09/15 13:39:16.957, 2483 MHz, 0x0000000000000000, 71, 45.01 W
2026/09/15 13:39:17.957, 2483 MHz, 0x0000000000000000, 71, 42.12 W
2026/09/15 13:39:18.957, 2483 MHz, 0x0000000000000000, 71, 39.66 W
2026/09/15 13:39:19.958, 2483 MHz, 0x0000000000000000, 71, 40.90 W
2026/09/15 13:39:20.958, 2483 MHz, 0x0000000000000000, 71, 40.77 W
2026/09/15 13:39:21.958, 2483 MHz, 0x0000000000000000, 71, 40.83 W
2026/09/15 13:39:22.958, 2476 MHz, 0x0000000000000000, 70, 39.52 W
2026/09/15 13:39:23.959, 2483 MHz, 0x0000000000000000, 71, 40.68 W
2026/09/15 13:39:24.959, 2483 MHz, 0x0000000000000000, 71, 40.53 W
2026/09/15 13:39:25.959, 2483 MHz, 0x0000000000000000, 70, 40.51 W
2026/09/15 13:39:26.959, 2483 MHz, 0x0000000000000000, 71, 40.64 W
2026/09/15 13:39:27.960, 2483 MHz, 0x0000000000000000, 70, 39.28 W
2026/09/15 13:39:28.960, 2483 MHz, 0x0000000000000000, 70, 40.65 W
2026/09/15 13:39:29.960, 2483 MHz, 0x0000000000000000, 71, 40.76 W
2026/09/15 13:39:30.961, 2483 MHz, 0x0000000000000000, 70, 40.85 W
2026/09/15 13:39:31.961, 2483 MHz, 0x0000000000000000, 70, 40.89 W
2026/09/15 13:39:32.961, 2483 MHz, 0x0000000000000000, 71, 41.72 W
2026/09/15 13:39:33.961, 2483 MHz, 0x0000000000000000, 71, 43.14 W
2026/09/15 13:39:34.962, 2483 MHz, 0x0000000000000000, 71, 43.23 W
2026/09/15 13:39:35.962, 2483 MHz, 0x0000000000000000, 71, 43.31 W
2026/09/15 13:39:36.962, 2483 MHz, 0x0000000000000000, 71, 43.36 W
2026/09/15 13:39:37.962, 2483 MHz, 0x0000000000000000, 71, 41.15 W
2026/09/15 13:39:38.963, 2483 MHz, 0x0000000000000000, 71, 39.00 W
2026/09/15 13:39:39.963, 2483 MHz, 0x0000000000000000, 71, 43.53 W
2026/09/15 13:39:40.964, 2483 MHz, 0x0000000000000000, 71, 43.53 W
2026/09/15 13:39:41.964, 2483 MHz, 0x0000000000000000, 71, 43.74 W
2026/09/15 13:39:42.964, 2483 MHz, 0x0000000000000000, 71, 43.69 W
2026/09/15 13:39:43.964, 2483 MHz, 0x0000000000000000, 71, 41.34 W
2026/09/15 13:39:44.965, 2483 MHz, 0x0000000000000000, 71, 42.14 W
2026/09/15 13:39:45.965, 2483 MHz, 0x0000000000000000, 71, 43.43 W
2026/09/15 13:39:46.965, 2483 MHz, 0x0000000000000000, 71, 43.44 W
2026/09/15 13:39:47.965, 2483 MHz, 0x0000000000000000, 71, 43.36 W
2026/09/15 13:39:48.966, 2483 MHz, 0x0000000000000000, 71, 43.39 W
2026/09/15 13:39:49.966, 2483 MHz, 0x0000000000000000, 71, 42.10 W
2026/09/15 13:39:50.966, 2483 MHz, 0x0000000000000000, 71, 41.59 W
2026/09/15 13:39:51.967, 2483 MHz, 0x0000000000000000, 71, 45.94 W
2026/09/15 13:39:52.967, 2483 MHz, 0x0000000000000000, 71, 45.88 W
2026/09/15 13:39:53.967, 2483 MHz, 0x0000000000000000, 71, 46.11 W
2026/09/15 13:39:54.968, 2483 MHz, 0x0000000000000000, 71, 45.90 W
2026/09/15 13:39:55.968, 2483 MHz, 0x0000000000000000, 72, 46.03 W
2026/09/15 13:39:56.968, 2483 MHz, 0x0000000000000000, 71, 45.55 W
2026/09/15 13:39:57.969, 2483 MHz, 0x0000000000000000, 71, 44.03 W
2026/09/15 13:39:58.969, 2483 MHz, 0x0000000000000000, 72, 45.00 W
2026/09/15 13:39:59.969, 2483 MHz, 0x0000000000000000, 72, 45.98 W
2026/09/15 13:40:00.969, 2483 MHz, 0x0000000000000000, 72, 45.79 W
2026/09/15 13:40:01.970, 2483 MHz, 0x0000000000000000, 72, 46.09 W
2026/09/15 13:40:02.970, 2483 MHz, 0x0000000000000000, 72, 46.10 W
2026/09/15 13:40:03.970, 2483 MHz, 0x0000000000000000, 72, 46.19 W
2026/09/15 13:40:04.971, 2483 MHz, 0x0000000000000000, 72, 45.11 W
2026/09/15 13:40:05.971, 2483 MHz, 0x0000000000000000, 72, 44.36 W
2026/09/15 13:40:06.971, 2483 MHz, 0x0000000000000000, 72, 44.40 W
2026/09/15 13:40:07.971, 2483 MHz, 0x0000000000000000, 72, 46.00 W
2026/09/15 13:40:08.972, 2483 MHz, 0x0000000000000000, 72, 46.36 W
2026/09/15 13:40:09.972, 2483 MHz, 0x0000000000000000, 72, 46.05 W
2026/09/15 13:40:10.972, 2483 MHz, 0x0000000000000000, 72, 46.12 W
2026/09/15 13:40:11.973, 2463 MHz, 0x0000000000000000, 72, 46.17 W
2026/09/15 13:40:12.973, 2463 MHz, 0x0000000000000000, 72, 45.89 W
2026/09/15 13:40:13.973, 2463 MHz, 0x0000000000000000, 71, 43.70 W
2026/09/15 13:40:14.974, 2483 MHz, 0x0000000000000000, 71, 39.69 W
2026/09/15 13:40:15.974, 2483 MHz, 0x0000000000000000, 71, 40.96 W
2026/09/15 13:40:16.974, 2483 MHz, 0x0000000000000000, 71, 41.10 W
2026/09/15 13:40:17.975, 2483 MHz, 0x0000000000000000, 71, 41.10 W
2026/09/15 13:40:18.975, 2483 MHz, 0x0000000000000000, 71, 39.76 W
2026/09/15 13:40:19.975, 2483 MHz, 0x0000000000000000, 71, 40.85 W
2026/09/15 13:40:20.975, 2483 MHz, 0x0000000000000000, 71, 40.64 W
2026/09/15 13:40:21.976, 2483 MHz, 0x0000000000000000, 71, 40.85 W
2026/09/15 13:40:22.976, 2483 MHz, 0x0000000000000000, 71, 40.68 W
2026/09/15 13:40:23.976, 2483 MHz, 0x0000000000000000, 71, 39.71 W
2026/09/15 13:40:24.977, 2483 MHz, 0x0000000000000000, 71, 40.82 W
2026/09/15 13:40:25.977, 2483 MHz, 0x0000000000000000, 71, 40.94 W
2026/09/15 13:40:26.977, 2483 MHz, 0x0000000000000000, 71, 41.08 W
2026/09/15 13:40:27.977, 2483 MHz, 0x0000000000000000, 71, 40.86 W
2026/09/15 13:40:28.977, 2444 MHz, 0x0000000000000000, 74, 52.43 W
2026/09/15 13:40:29.978, 2444 MHz, 0x0000000000000000, 74, 61.07 W
2026/09/15 13:40:30.978, 2444 MHz, 0x0000000000000000, 74, 60.52 W
2026/09/15 13:40:31.978, 2444 MHz, 0x0000000000000000, 74, 61.06 W
2026/09/15 13:40:32.979, 2450 MHz, 0x0000000000000000, 75, 62.39 W
2026/09/15 13:40:33.979, 2450 MHz, 0x0000000000000000, 76, 63.27 W
2026/09/15 13:40:34.979, 2450 MHz, 0x0000000000000000, 75, 63.58 W
2026/09/15 13:40:35.980, 2450 MHz, 0x0000000000000000, 75, 64.02 W
2026/09/15 13:40:36.981, 2450 MHz, 0x0000000000000000, 76, 64.26 W
2026/09/15 13:40:37.981, 2450 MHz, 0x0000000000000000, 76, 64.47 W
2026/09/15 13:40:38.981, 2444 MHz, 0x0000000000000000, 73, 60.12 W
2026/09/15 13:40:39.981, 2444 MHz, 0x0000000000000000, 75, 63.54 W
2026/09/15 13:40:40.981, 2405 MHz, 0x0000000000000000, 69, 31.45 W
2026/09/15 13:40:41.982, 2457 MHz, 0x0000000000000000, 75, 35.76 W
2026/09/15 13:40:42.982, 2450 MHz, 0x0000000000000000, 73, 62.50 W
2026/09/15 13:40:43.982, 2444 MHz, 0x0000000000000000, 76, 62.27 W
2026/09/15 13:40:44.982, 2405 MHz, 0x0000000000000000, 69, 37.32 W
2026/09/15 13:40:45.983, 2476 MHz, 0x0000000000000000, 71, 25.94 W
2026/09/15 13:40:46.983, 2483 MHz, 0x0000000000000000, 71, 41.11 W
2026/09/15 13:40:47.983, 2483 MHz, 0x0000000000000000, 71, 40.98 W
2026/09/15 13:40:48.983, 2483 MHz, 0x0000000000000000, 71, 40.92 W
2026/09/15 13:40:49.984, 2483 MHz, 0x0000000000000000, 72, 41.21 W
2026/09/15 13:40:50.984, 2483 MHz, 0x0000000000000000, 71, 44.53 W
2026/09/15 13:40:51.984, 2483 MHz, 0x0000000000000000, 72, 45.38 W
2026/09/15 13:40:52.985, 2483 MHz, 0x0000000000000000, 72, 45.05 W
2026/09/15 13:40:53.985, 2483 MHz, 0x0000000000000000, 72, 45.48 W
2026/09/15 13:40:54.985, 2483 MHz, 0x0000000000000000, 72, 45.35 W
2026/09/15 13:40:55.985, 2483 MHz, 0x0000000000000000, 71, 42.98 W
2026/09/15 13:40:56.986, 2483 MHz, 0x0000000000000000, 72, 43.56 W
2026/09/15 13:40:57.986, 2483 MHz, 0x0000000000000000, 72, 44.93 W
2026/09/15 13:40:58.986, 2483 MHz, 0x0000000000000000, 72, 45.21 W
2026/09/15 13:40:59.987, 2483 MHz, 0x0000000000000000, 72, 45.00 W
2026/09/15 13:41:00.987, 2483 MHz, 0x0000000000000000, 72, 45.47 W
2026/09/15 13:41:01.988, 2483 MHz, 0x0000000000000000, 71, 44.44 W
2026/09/15 13:41:02.988, 2483 MHz, 0x0000000000000000, 72, 43.08 W
2026/09/15 13:41:03.988, 2483 MHz, 0x0000000000000000, 72, 44.56 W
2026/09/15 13:41:04.988, 2483 MHz, 0x0000000000000000, 72, 45.20 W
2026/09/15 13:41:05.989, 2483 MHz, 0x0000000000000000, 72, 45.37 W
2026/09/15 13:41:06.989, 2483 MHz, 0x0000000000000000, 72, 45.65 W
2026/09/15 13:41:07.989, 2483 MHz, 0x0000000000000000, 72, 45.20 W
2026/09/15 13:41:08.989, 2483 MHz, 0x0000000000000000, 71, 39.96 W
2026/09/15 13:41:09.990, 2483 MHz, 0x0000000000000000, 71, 41.07 W
2026/09/15 13:41:10.990, 2483 MHz, 0x0000000000000000, 71, 41.15 W
2026/09/15 13:41:11.990, 2483 MHz, 0x0000000000000000, 71, 41.06 W
2026/09/15 13:41:12.990, 2483 MHz, 0x0000000000000000, 71, 39.17 W
2026/09/15 13:41:13.991, 2483 MHz, 0x0000000000000000, 72, 44.49 W
2026/09/15 13:41:14.991, 2483 MHz, 0x0000000000000000, 72, 44.69 W
2026/09/15 13:41:15.991, 2483 MHz, 0x0000000000000000, 71, 45.28 W
2026/09/15 13:41:16.991, 2483 MHz, 0x0000000000000000, 72, 45.39 W
2026/09/15 13:41:17.992, 2483 MHz, 0x0000000000000000, 72, 45.15 W
2026/09/15 13:41:18.992, 2470 MHz, 0x0000000000000000, 74, 48.03 W
2026/09/15 13:41:19.992, 2483 MHz, 0x0000000000000000, 72, 43.75 W
2026/09/15 13:41:20.992, 2476 MHz, 0x0000000000000000, 72, 45.03 W
2026/09/15 13:41:21.993, 2463 MHz, 0x0000000000000000, 72, 45.22 W
2026/09/15 13:41:22.993, 2463 MHz, 0x0000000000000000, 72, 45.09 W
2026/09/15 13:41:23.993, 2463 MHz, 0x0000000000000000, 72, 44.97 W
2026/09/15 13:41:24.993, 2463 MHz, 0x0000000000000000, 72, 43.90 W
2026/09/15 13:41:25.994, 2483 MHz, 0x0000000000000000, 72, 41.66 W
2026/09/15 13:41:26.994, 2483 MHz, 0x0000000000000000, 72, 44.76 W
2026/09/15 13:41:27.994, 2483 MHz, 0x0000000000000000, 72, 45.05 W
2026/09/15 13:41:28.995, 2483 MHz, 0x0000000000000000, 72, 45.23 W
2026/09/15 13:41:29.995, 2483 MHz, 0x0000000000000000, 72, 45.27 W
2026/09/15 13:41:30.995, 2483 MHz, 0x0000000000000000, 72, 44.53 W
2026/09/15 13:41:31.995, 2483 MHz, 0x0000000000000000, 72, 43.38 W
2026/09/15 13:41:32.996, 2483 MHz, 0x0000000000000000, 72, 44.47 W
2026/09/15 13:41:33.996, 2483 MHz, 0x0000000000000000, 72, 45.01 W
2026/09/15 13:41:34.996, 2483 MHz, 0x0000000000000000, 72, 44.88 W
2026/09/15 13:41:35.996, 2483 MHz, 0x0000000000000000, 72, 45.15 W
2026/09/15 13:41:36.996, 2483 MHz, 0x0000000000000000, 72, 44.84 W
2026/09/15 13:41:37.997, 2483 MHz, 0x0000000000000000, 72, 40.25 W
2026/09/15 13:41:38.997, 2483 MHz, 0x0000000000000000, 72, 44.09 W
2026/09/15 13:41:39.997, 2483 MHz, 0x0000000000000000, 72, 44.25 W
2026/09/15 13:41:40.997, 2483 MHz, 0x0000000000000000, 72, 45.34 W
2026/09/15 13:41:41.998, 2483 MHz, 0x0000000000000000, 72, 45.27 W
2026/09/15 13:41:42.998, 2483 MHz, 0x0000000000000000, 72, 45.09 W
2026/09/15 13:41:43.998, 2483 MHz, 0x0000000000000000, 71, 38.90 W
2026/09/15 13:41:44.998, 2463 MHz, 0x0000000000000000, 71, 39.30 W
2026/09/15 13:41:45.999, 2483 MHz, 0x0000000000000000, 71, 43.22 W
2026/09/15 13:41:46.999, 2483 MHz, 0x0000000000000000, 72, 41.95 W
2026/09/15 13:41:48.000, 2483 MHz, 0x0000000000000000, 72, 43.89 W
2026/09/15 13:41:49.000, 2483 MHz, 0x0000000000000000, 71, 43.56 W
2026/09/15 13:41:50.000, 2483 MHz, 0x0000000000000000, 72, 41.81 W
2026/09/15 13:41:51.000, 2483 MHz, 0x0000000000000000, 72, 44.04 W
2026/09/15 13:41:52.001, 2483 MHz, 0x0000000000000000, 71, 43.38 W
2026/09/15 13:41:53.001, 2483 MHz, 0x0000000000000000, 71, 41.75 W
2026/09/15 13:41:54.001, 2483 MHz, 0x0000000000000000, 71, 44.08 W
2026/09/15 13:41:55.001, 2483 MHz, 0x0000000000000000, 71, 43.55 W
2026/09/15 13:41:56.001, 2483 MHz, 0x0000000000000000, 71, 43.32 W
2026/09/15 13:41:57.002, 2483 MHz, 0x0000000000000000, 71, 43.39 W
2026/09/15 13:41:58.002, 2483 MHz, 0x0000000000000000, 71, 43.29 W
2026/09/15 13:41:59.002, 2483 MHz, 0x0000000000000000, 72, 43.37 W
2026/09/15 13:42:00.002, 2411 MHz, 0x0000000000000000, 68, 31.82 W
2026/09/15 13:42:01.002, 2450 MHz, 0x0000000000000000, 74, 49.74 W
2026/09/15 13:42:02.002, 2450 MHz, 0x0000000000000000, 74, 60.54 W
2026/09/15 13:42:03.003, 2450 MHz, 0x0000000000000000, 75, 56.92 W
2026/09/15 13:42:04.003, 2450 MHz, 0x0000000000000000, 76, 60.21 W
2026/09/15 13:42:05.003, 2450 MHz, 0x0000000000000000, 72, 57.40 W
2026/09/15 13:42:06.003, 2483 MHz, 0x0000000000000000, 71, 40.88 W
2026/09/15 13:42:07.003, 2450 MHz, 0x0000000000000000, 74, 60.45 W
2026/09/15 13:42:08.004, 2450 MHz, 0x0000000000000000, 75, 61.63 W
2026/09/15 13:42:09.004, 2457 MHz, 0x0000000000000000, 70, 52.84 W
2026/09/15 13:42:10.004, 2444 MHz, 0x0000000000000000, 72, 58.76 W
2026/09/15 13:42:11.004, 2450 MHz, 0x0000000000000000, 74, 61.47 W
2026/09/15 13:42:12.005, 2450 MHz, 0x0000000000000000, 72, 56.69 W
2026/09/15 13:42:13.005, 2450 MHz, 0x0000000000000000, 75, 38.15 W
2026/09/15 13:42:14.005, 2444 MHz, 0x0000000000000000, 75, 61.24 W
2026/09/15 13:42:15.006, 2450 MHz, 0x0000000000000000, 75, 61.78 W
2026/09/15 13:42:16.006, 2444 MHz, 0x0000000000000000, 75, 61.78 W
2026/09/15 13:42:17.006, 2450 MHz, 0x0000000000000000, 76, 62.57 W
2026/09/15 13:42:18.006, 2450 MHz, 0x0000000000000000, 76, 63.06 W
2026/09/15 13:42:19.006, 2450 MHz, 0x0000000000000000, 76, 63.12 W
2026/09/15 13:42:20.007, 2450 MHz, 0x0000000000000000, 76, 63.50 W
2026/09/15 13:42:21.007, 2450 MHz, 0x0000000000000000, 76, 63.99 W
2026/09/15 13:42:22.008, 2450 MHz, 0x0000000000000000, 76, 64.33 W
2026/09/15 13:42:23.008, 2450 MHz, 0x0000000000000000, 78, 64.13 W
2026/09/15 13:42:24.009, 2450 MHz, 0x0000000000000000, 76, 65.07 W
2026/09/15 13:42:25.009, 2450 MHz, 0x0000000000000000, 77, 65.18 W
2026/09/15 13:42:26.010, 2450 MHz, 0x0000000000000000, 77, 65.24 W
2026/09/15 13:42:27.010, 2450 MHz, 0x0000000000000000, 78, 65.78 W
2026/09/15 13:42:28.011, 2450 MHz, 0x0000000000000000, 77, 66.29 W
2026/09/15 13:42:29.011, 2450 MHz, 0x0000000000000000, 77, 65.97 W
2026/09/15 13:42:30.011, 2450 MHz, 0x0000000000000000, 76, 66.58 W
2026/09/15 13:42:31.011, 2450 MHz, 0x0000000000000000, 77, 67.01 W
2026/09/15 13:42:32.012, 2450 MHz, 0x0000000000000000, 78, 68.25 W
2026/09/15 13:42:33.012, 2450 MHz, 0x0000000000000000, 77, 67.36 W
2026/09/15 13:42:34.012, 2450 MHz, 0x0000000000000000, 77, 67.14 W
2026/09/15 13:42:35.012, 2450 MHz, 0x0000000000000000, 80, 67.14 W
2026/09/15 13:42:36.013, 2450 MHz, 0x0000000000000000, 78, 67.98 W
2026/09/15 13:42:37.013, 2450 MHz, 0x0000000000000000, 78, 68.22 W
2026/09/15 13:42:38.013, 2450 MHz, 0x0000000000000000, 78, 67.98 W
2026/09/15 13:42:39.013, 2450 MHz, 0x0000000000000000, 78, 70.18 W
2026/09/15 13:42:40.014, 2450 MHz, 0x0000000000000000, 77, 69.10 W
2026/09/15 13:42:41.014, 2450 MHz, 0x0000000000000000, 80, 69.09 W
2026/09/15 13:42:42.014, 2450 MHz, 0x0000000000000000, 78, 68.75 W
2026/09/15 13:42:43.015, 2450 MHz, 0x0000000000000000, 80, 69.20 W
2026/09/15 13:42:44.015, 2450 MHz, 0x0000000000000000, 78, 70.34 W
2026/09/15 13:42:45.016, 2450 MHz, 0x0000000000000000, 80, 69.61 W
2026/09/15 13:42:46.017, 2444 MHz, 0x0000000000000000, 79, 70.19 W
2026/09/15 13:42:47.017, 2450 MHz, 0x0000000000000000, 79, 69.71 W
2026/09/15 13:42:48.018, 2444 MHz, 0x0000000000000000, 78, 69.78 W
2026/09/15 13:42:49.018, 2444 MHz, 0x0000000000000000, 80, 71.49 W
2026/09/15 13:42:50.018, 2444 MHz, 0x0000000000000000, 81, 70.62 W
2026/09/15 13:42:51.018, 2444 MHz, 0x0000000000000000, 81, 71.27 W
2026/09/15 13:42:52.018, 2444 MHz, 0x0000000000000000, 81, 70.56 W
2026/09/15 13:42:53.019, 2444 MHz, 0x0000000000000000, 81, 71.22 W
2026/09/15 13:42:54.019, 2437 MHz, 0x0000000000000000, 81, 72.63 W
2026/09/15 13:42:55.019, 2437 MHz, 0x0000000000000000, 80, 71.21 W
2026/09/15 13:42:56.019, 2444 MHz, 0x0000000000000000, 81, 71.33 W
2026/09/15 13:42:57.019, 2437 MHz, 0x0000000000000000, 76, 71.57 W
2026/09/15 13:42:58.020, 2444 MHz, 0x0000000000000000, 80, 73.53 W
2026/09/15 13:42:59.020, 2437 MHz, 0x0000000000000000, 81, 71.79 W
2026/09/15 13:43:00.020, 2444 MHz, 0x0000000000000000, 79, 71.34 W
2026/09/15 13:43:01.020, 2444 MHz, 0x0000000000000000, 78, 72.70 W
2026/09/15 13:43:02.020, 2437 MHz, 0x0000000000000000, 81, 73.24 W
2026/09/15 13:43:03.021, 2444 MHz, 0x0000000000000000, 79, 72.49 W
2026/09/15 13:43:04.021, 2444 MHz, 0x0000000000000000, 82, 72.15 W
2026/09/15 13:43:05.021, 2437 MHz, 0x0000000000000000, 81, 73.14 W
2026/09/15 13:43:06.022, 2444 MHz, 0x0000000000000000, 82, 54.16 W
2026/09/15 13:43:07.022, 2444 MHz, 0x0000000000000000, 79, 72.03 W
2026/09/15 13:43:08.023, 2444 MHz, 0x0000000000000000, 78, 73.44 W
2026/09/15 13:43:09.023, 2463 MHz, 0x0000000000000000, 76, 45.24 W
2026/09/15 13:43:10.023, 2463 MHz, 0x0000000000000000, 75, 43.35 W
2026/09/15 13:43:11.024, 2463 MHz, 0x0000000000000000, 75, 43.30 W
2026/09/15 13:43:12.024, 2463 MHz, 0x0000000000000000, 75, 42.89 W
2026/09/15 13:43:13.025, 2463 MHz, 0x0000000000000000, 75, 42.75 W
2026/09/15 13:43:14.025, 2463 MHz, 0x0000000000000000, 74, 43.05 W
2026/09/15 13:43:15.025, 2424 MHz, 0x0000000000000000, 71, 38.33 W
2026/09/15 13:43:16.026, 2405 MHz, 0x0000000000000000, 70, 18.15 W
2026/09/15 13:43:17.026, 2470 MHz, 0x0000000000000000, 72, 23.71 W
2026/09/15 13:43:18.026, 2463 MHz, 0x0000000000000000, 73, 41.54 W
2026/09/15 13:43:19.027, 2463 MHz, 0x0000000000000000, 73, 41.55 W
2026/09/15 13:43:20.027, 2463 MHz, 0x0000000000000000, 73, 41.49 W
2026/09/15 13:43:21.027, 2463 MHz, 0x0000000000000000, 73, 41.54 W
2026/09/15 13:43:22.027, 2463 MHz, 0x0000000000000000, 73, 41.56 W
2026/09/15 13:43:23.028, 2463 MHz, 0x0000000000000000, 73, 41.42 W
2026/09/15 13:43:24.028, 2463 MHz, 0x0000000000000000, 73, 41.43 W
2026/09/15 13:43:25.028, 2463 MHz, 0x0000000000000000, 73, 41.28 W
2026/09/15 13:43:26.028, 2463 MHz, 0x0000000000000000, 72, 41.10 W
2026/09/15 13:43:27.028, 2463 MHz, 0x0000000000000000, 72, 41.19 W
2026/09/15 13:43:28.029, 2463 MHz, 0x0000000000000000, 72, 41.09 W
2026/09/15 13:43:29.029, 2463 MHz, 0x0000000000000000, 72, 40.98 W
2026/09/15 13:43:30.029, 2463 MHz, 0x0000000000000000, 72, 40.94 W
2026/09/15 13:43:31.029, 2463 MHz, 0x0000000000000000, 72, 40.96 W
2026/09/15 13:43:32.030, 2463 MHz, 0x0000000000000000, 72, 41.04 W
2026/09/15 13:43:33.030, 2463 MHz, 0x0000000000000000, 72, 41.01 W
2026/09/15 13:43:34.030, 2463 MHz, 0x0000000000000000, 72, 41.15 W
2026/09/15 13:43:35.031, 2463 MHz, 0x0000000000000000, 72, 41.17 W
2026/09/15 13:43:36.031, 2463 MHz, 0x0000000000000000, 72, 41.04 W
2026/09/15 13:43:37.031, 2463 MHz, 0x0000000000000000, 72, 40.99 W
2026/09/15 13:43:38.032, 2463 MHz, 0x0000000000000000, 72, 41.16 W
2026/09/15 13:43:39.032, 2463 MHz, 0x0000000000000000, 72, 40.95 W
2026/09/15 13:43:40.032, 2463 MHz, 0x0000000000000000, 72, 41.17 W
2026/09/15 13:43:41.032, 2463 MHz, 0x0000000000000000, 72, 40.93 W
2026/09/15 13:43:42.032, 2463 MHz, 0x0000000000000000, 72, 41.28 W
2026/09/15 13:43:43.033, 2463 MHz, 0x0000000000000000, 72, 41.18 W
2026/09/15 13:43:44.033, 2463 MHz, 0x0000000000000000, 72, 41.14 W
2026/09/15 13:43:45.033, 2463 MHz, 0x0000000000000000, 72, 41.06 W
2026/09/15 13:43:46.033, 2463 MHz, 0x0000000000000000, 72, 41.23 W
2026/09/15 13:43:47.033, 2463 MHz, 0x0000000000000000, 72, 41.30 W
2026/09/15 13:43:48.033, 2463 MHz, 0x0000000000000000, 71, 41.03 W
2026/09/15 13:43:49.033, 2463 MHz, 0x0000000000000000, 72, 41.22 W
2026/09/15 13:43:50.034, 2463 MHz, 0x0000000000000000, 72, 41.21 W
2026/09/15 13:43:51.034, 2463 MHz, 0x0000000000000000, 72, 41.23 W
2026/09/15 13:43:52.035, 2463 MHz, 0x0000000000000000, 72, 41.17 W
2026/09/15 13:43:53.035, 2405 MHz, 0x0000000000000000, 68, 27.17 W
2026/09/15 13:43:54.036, 2405 MHz, 0x0000000000000000, 67, 17.25 W
2026/09/15 13:43:55.036, 2405 MHz, 0x0000000000000000, 67, 17.10 W
2026/09/15 13:43:56.036, 2450 MHz, 0x0000000000000000, 73, 43.27 W
2026/09/15 13:43:57.037, 2450 MHz, 0x0000000000000000, 74, 60.66 W
2026/09/15 13:43:58.037, 2450 MHz, 0x0000000000000000, 73, 61.17 W
2026/09/15 13:43:59.037, 2444 MHz, 0x0000000000000000, 74, 61.55 W
2026/09/15 13:44:00.037, 2450 MHz, 0x0000000000000000, 75, 62.11 W
2026/09/15 13:44:01.038, 2450 MHz, 0x0000000000000000, 73, 35.89 W
2026/09/15 13:44:02.038, 2405 MHz, 0x0000000000000000, 68, 37.53 W
2026/09/15 13:44:03.038, 2405 MHz, 0x0000000000000000, 67, 17.20 W
2026/09/15 13:44:04.039, 2405 MHz, 0x0000000000000000, 66, 17.59 W
2026/09/15 13:44:05.039, 2450 MHz, 0x0000000000000000, 73, 35.81 W
2026/09/15 13:44:06.039, 2457 MHz, 0x0000000000000000, 73, 61.34 W
2026/09/15 13:44:07.040, 2483 MHz, 0x0000000000000000, 70, 46.01 W
2026/09/15 13:44:08.040, 2483 MHz, 0x0000000000000000, 70, 40.81 W
2026/09/15 13:44:09.040, 2483 MHz, 0x0000000000000000, 70, 40.78 W
2026/09/15 13:44:10.041, 2483 MHz, 0x0000000000000000, 70, 40.89 W
2026/09/15 13:44:11.041, 2483 MHz, 0x0000000000000000, 70, 40.84 W
2026/09/15 13:44:12.041, 2483 MHz, 0x0000000000000000, 70, 40.58 W
2026/09/15 13:44:13.041, 2483 MHz, 0x0000000000000000, 70, 40.44 W
2026/09/15 13:44:14.041, 2483 MHz, 0x0000000000000000, 70, 40.50 W
2026/09/15 13:44:15.041, 2483 MHz, 0x0000000000000000, 70, 40.42 W
2026/09/15 13:44:16.041, 2483 MHz, 0x0000000000000000, 70, 40.41 W
2026/09/15 13:44:17.042, 2483 MHz, 0x0000000000000000, 70, 40.84 W
2026/09/15 13:44:18.042, 2483 MHz, 0x0000000000000000, 70, 40.84 W
2026/09/15 13:44:19.042, 2483 MHz, 0x0000000000000000, 70, 40.65 W
2026/09/15 13:44:20.042, 2483 MHz, 0x0000000000000000, 70, 40.61 W
2026/09/15 13:44:21.043, 2483 MHz, 0x0000000000000000, 70, 40.53 W
2026/09/15 13:44:22.043, 2483 MHz, 0x0000000000000000, 70, 40.46 W
2026/09/15 13:44:23.043, 2483 MHz, 0x0000000000000000, 70, 40.58 W
2026/09/15 13:44:24.044, 2483 MHz, 0x0000000000000000, 70, 40.30 W
2026/09/15 13:44:25.044, 2483 MHz, 0x0000000000000000, 70, 40.46 W
2026/09/15 13:44:26.044, 2483 MHz, 0x0000000000000000, 70, 40.40 W
2026/09/15 13:44:27.044, 2483 MHz, 0x0000000000000000, 70, 40.46 W
2026/09/15 13:44:28.044, 2483 MHz, 0x0000000000000000, 70, 40.46 W
2026/09/15 13:44:29.045, 2483 MHz, 0x0000000000000000, 70, 40.53 W
2026/09/15 13:44:30.045, 2483 MHz, 0x0000000000000000, 70, 40.27 W
2026/09/15 13:44:31.045, 2483 MHz, 0x0000000000000000, 70, 40.40 W
2026/09/15 13:44:32.045, 2483 MHz, 0x0000000000000000, 70, 40.56 W
2026/09/15 13:44:33.045, 2483 MHz, 0x0000000000000000, 70, 40.45 W
2026/09/15 13:44:34.046, 2483 MHz, 0x0000000000000000, 70, 40.47 W
2026/09/15 13:44:35.046, 2483 MHz, 0x0000000000000000, 70, 40.64 W
2026/09/15 13:44:36.046, 2483 MHz, 0x0000000000000000, 70, 40.74 W
2026/09/15 13:44:37.046, 2483 MHz, 0x0000000000000000, 70, 40.76 W
2026/09/15 13:44:38.046, 2483 MHz, 0x0000000000000000, 70, 40.75 W
2026/09/15 13:44:39.047, 2483 MHz, 0x0000000000000000, 70, 40.87 W
2026/09/15 13:44:40.047, 2483 MHz, 0x0000000000000000, 70, 40.79 W
2026/09/15 13:44:41.047, 2405 MHz, 0x0000000000000000, 67, 21.83 W
2026/09/15 13:44:42.047, 2405 MHz, 0x0000000000000000, 66, 16.96 W
2026/09/15 13:44:43.048, 2405 MHz, 0x0000000000000000, 65, 16.79 W
2026/09/15 13:44:44.049, 2450 MHz, 0x0000000000000000, 72, 51.17 W
2026/09/15 13:44:45.049, 2450 MHz, 0x0000000000000000, 72, 60.62 W
2026/09/15 13:44:46.049, 2450 MHz, 0x0000000000000000, 72, 59.84 W
2026/09/15 13:44:47.050, 2450 MHz, 0x0000000000000000, 73, 60.67 W
2026/09/15 13:44:48.050, 2450 MHz, 0x0000000000000000, 72, 61.51 W
2026/09/15 13:44:49.050, 2450 MHz, 0x0000000000000000, 73, 62.18 W
2026/09/15 13:44:50.050, 2450 MHz, 0x0000000000000000, 73, 62.54 W
2026/09/15 13:44:51.051, 2450 MHz, 0x0000000000000000, 73, 63.12 W
2026/09/15 13:44:52.051, 2450 MHz, 0x0000000000000000, 73, 63.35 W
2026/09/15 13:44:53.052, 2450 MHz, 0x0000000000000000, 75, 63.65 W
2026/09/15 13:44:54.052, 2450 MHz, 0x0000000000000000, 72, 64.25 W
2026/09/15 13:44:55.052, 2405 MHz, 0x0000000000000000, 68, 36.33 W
2026/09/15 13:44:56.052, 2411 MHz, 0x0000000000000000, 69, 18.71 W
2026/09/15 13:44:57.052, 2450 MHz, 0x0000000000000000, 74, 63.59 W
2026/09/15 13:44:58.052, 2483 MHz, 0x0000000000000000, 71, 48.46 W
2026/09/15 13:44:59.053, 2483 MHz, 0x0000000000000000, 71, 41.10 W
2026/09/15 13:45:00.053, 2483 MHz, 0x0000000000000000, 71, 41.14 W
2026/09/15 13:45:01.053, 2483 MHz, 0x0000000000000000, 71, 41.09 W
2026/09/15 13:45:02.053, 2483 MHz, 0x0000000000000000, 71, 41.23 W
2026/09/15 13:45:03.054, 2483 MHz, 0x0000000000000000, 71, 41.13 W
2026/09/15 13:45:04.054, 2483 MHz, 0x0000000000000000, 71, 40.87 W
2026/09/15 13:45:05.054, 2483 MHz, 0x0000000000000000, 71, 40.81 W
2026/09/15 13:45:06.054, 2483 MHz, 0x0000000000000000, 71, 40.82 W
2026/09/15 13:45:07.054, 2483 MHz, 0x0000000000000000, 71, 40.62 W
2026/09/15 13:45:08.054, 2483 MHz, 0x0000000000000000, 71, 41.06 W
2026/09/15 13:45:09.055, 2483 MHz, 0x0000000000000000, 71, 40.60 W
2026/09/15 13:45:10.055, 2483 MHz, 0x0000000000000000, 71, 40.46 W
2026/09/15 13:45:11.055, 2483 MHz, 0x0000000000000000, 71, 40.50 W
2026/09/15 13:45:12.055, 2483 MHz, 0x0000000000000000, 71, 40.62 W
2026/09/15 13:45:13.055, 2483 MHz, 0x0000000000000000, 71, 40.93 W
2026/09/15 13:45:14.056, 2483 MHz, 0x0000000000000000, 71, 40.99 W
2026/09/15 13:45:15.056, 2483 MHz, 0x0000000000000000, 71, 40.87 W
2026/09/15 13:45:16.056, 2483 MHz, 0x0000000000000000, 71, 40.91 W
2026/09/15 13:45:17.057, 2483 MHz, 0x0000000000000000, 71, 41.08 W
2026/09/15 13:45:18.057, 2483 MHz, 0x0000000000000000, 71, 41.01 W
2026/09/15 13:45:19.057, 2483 MHz, 0x0000000000000000, 71, 40.94 W
2026/09/15 13:45:20.057, 2483 MHz, 0x0000000000000000, 71, 41.13 W
2026/09/15 13:45:21.058, 2483 MHz, 0x0000000000000000, 71, 40.84 W
2026/09/15 13:45:22.058, 2483 MHz, 0x0000000000000000, 71, 40.86 W
2026/09/15 13:45:23.058, 2483 MHz, 0x0000000000000000, 71, 41.17 W
2026/09/15 13:45:24.058, 2483 MHz, 0x0000000000000000, 71, 41.15 W
2026/09/15 13:45:25.058, 2483 MHz, 0x0000000000000000, 71, 41.00 W
2026/09/15 13:45:26.059, 2483 MHz, 0x0000000000000000, 71, 40.95 W
2026/09/15 13:45:27.059, 2483 MHz, 0x0000000000000000, 71, 41.02 W
2026/09/15 13:45:28.059, 2483 MHz, 0x0000000000000000, 71, 41.15 W
2026/09/15 13:45:29.059, 2483 MHz, 0x0000000000000000, 71, 41.14 W
2026/09/15 13:45:30.059, 2483 MHz, 0x0000000000000000, 71, 41.01 W
2026/09/15 13:45:31.059, 2405 MHz, 0x0000000000000000, 67, 30.97 W
2026/09/15 13:45:32.060, 2405 MHz, 0x0000000000000000, 67, 17.08 W
2026/09/15 13:45:33.061, 2405 MHz, 0x0000000000000000, 66, 16.92 W
2026/09/15 13:45:34.062, 2463 MHz, 0x0000000000000000, 72, 31.72 W
2026/09/15 13:45:35.062, 2444 MHz, 0x0000000000000000, 72, 59.82 W
2026/09/15 13:45:36.063, 2444 MHz, 0x0000000000000000, 73, 60.70 W
2026/09/15 13:45:37.063, 2450 MHz, 0x0000000000000000, 73, 61.20 W
2026/09/15 13:45:38.063, 2450 MHz, 0x0000000000000000, 74, 61.44 W
2026/09/15 13:45:39.064, 2450 MHz, 0x0000000000000000, 74, 61.72 W
2026/09/15 13:45:40.064, 2450 MHz, 0x0000000000000000, 74, 62.42 W
2026/09/15 13:45:41.064, 2450 MHz, 0x0000000000000000, 75, 63.08 W
2026/09/15 13:45:42.065, 2450 MHz, 0x0000000000000000, 74, 62.91 W
2026/09/15 13:45:43.065, 2450 MHz, 0x0000000000000000, 76, 63.45 W
2026/09/15 13:45:44.066, 2450 MHz, 0x0000000000000000, 74, 63.82 W
2026/09/15 13:45:45.066, 2450 MHz, 0x0000000000000000, 75, 63.83 W
2026/09/15 13:45:46.066, 2450 MHz, 0x0000000000000000, 76, 64.33 W
2026/09/15 13:45:47.066, 2450 MHz, 0x0000000000000000, 76, 64.71 W
2026/09/15 13:45:48.066, 2450 MHz, 0x0000000000000000, 77, 65.13 W
2026/09/15 13:45:49.067, 2450 MHz, 0x0000000000000000, 77, 65.51 W
2026/09/15 13:45:50.067, 2450 MHz, 0x0000000000000000, 75, 65.67 W
2026/09/15 13:45:51.068, 2450 MHz, 0x0000000000000000, 74, 66.29 W
2026/09/15 13:45:52.068, 2450 MHz, 0x0000000000000000, 76, 67.22 W
2026/09/15 13:45:53.068, 2450 MHz, 0x0000000000000000, 76, 66.63 W
2026/09/15 13:45:54.069, 2450 MHz, 0x0000000000000000, 78, 66.43 W
2026/09/15 13:45:55.069, 2450 MHz, 0x0000000000000000, 77, 67.27 W
2026/09/15 13:45:56.069, 2450 MHz, 0x0000000000000000, 77, 66.85 W
2026/09/15 13:45:57.070, 2450 MHz, 0x0000000000000000, 78, 66.20 W
2026/09/15 13:45:58.070, 2405 MHz, 0x0000000000000000, 70, 36.69 W
2026/09/15 13:45:59.070, 2405 MHz, 0x0000000000000000, 69, 17.58 W
2026/09/15 13:46:00.070, 2450 MHz, 0x0000000000000000, 75, 62.38 W
2026/09/15 13:46:01.070, 2450 MHz, 0x0000000000000000, 74, 62.96 W
2026/09/15 13:46:02.070, 2463 MHz, 0x0000000000000000, 72, 41.66 W
2026/09/15 13:46:03.071, 2463 MHz, 0x0000000000000000, 72, 41.50 W
2026/09/15 13:46:04.071, 2463 MHz, 0x0000000000000000, 72, 41.29 W
2026/09/15 13:46:05.072, 2463 MHz, 0x0000000000000000, 72, 41.04 W
2026/09/15 13:46:06.072, 2463 MHz, 0x0000000000000000, 72, 41.31 W
2026/09/15 13:46:07.073, 2463 MHz, 0x0000000000000000, 72, 41.43 W
2026/09/15 13:46:08.073, 2463 MHz, 0x0000000000000000, 72, 41.34 W
2026/09/15 13:46:09.073, 2463 MHz, 0x0000000000000000, 72, 41.30 W
2026/09/15 13:46:10.073, 2463 MHz, 0x0000000000000000, 72, 41.21 W
2026/09/15 13:46:11.074, 2463 MHz, 0x0000000000000000, 72, 41.24 W
2026/09/15 13:46:12.074, 2463 MHz, 0x0000000000000000, 72, 41.35 W
2026/09/15 13:46:13.074, 2463 MHz, 0x0000000000000000, 72, 41.33 W
2026/09/15 13:46:14.074, 2463 MHz, 0x0000000000000000, 72, 41.35 W
2026/09/15 13:46:15.075, 2463 MHz, 0x0000000000000000, 71, 41.23 W
2026/09/15 13:46:16.075, 2463 MHz, 0x0000000000000000, 72, 41.20 W
2026/09/15 13:46:17.075, 2463 MHz, 0x0000000000000000, 72, 41.08 W
2026/09/15 13:46:18.075, 2463 MHz, 0x0000000000000000, 72, 41.19 W
2026/09/15 13:46:19.075, 2463 MHz, 0x0000000000000000, 71, 41.14 W
2026/09/15 13:46:20.076, 2463 MHz, 0x0000000000000000, 71, 40.99 W
2026/09/15 13:46:21.076, 2463 MHz, 0x0000000000000000, 71, 41.19 W
2026/09/15 13:46:22.076, 2463 MHz, 0x0000000000000000, 71, 41.14 W
2026/09/15 13:46:23.076, 2463 MHz, 0x0000000000000000, 71, 41.02 W
2026/09/15 13:46:24.077, 2483 MHz, 0x0000000000000000, 71, 40.86 W
2026/09/15 13:46:25.077, 2483 MHz, 0x0000000000000000, 71, 41.06 W
2026/09/15 13:46:26.077, 2483 MHz, 0x0000000000000000, 71, 41.17 W
2026/09/15 13:46:27.078, 2483 MHz, 0x0000000000000000, 71, 41.22 W
2026/09/15 13:46:28.078, 2483 MHz, 0x0000000000000000, 71, 40.92 W
2026/09/15 13:46:29.078, 2483 MHz, 0x0000000000000000, 71, 41.04 W
2026/09/15 13:46:30.078, 2483 MHz, 0x0000000000000000, 71, 41.05 W
2026/09/15 13:46:31.078, 2483 MHz, 0x0000000000000000, 71, 41.08 W
2026/09/15 13:46:32.078, 2483 MHz, 0x0000000000000000, 71, 40.96 W
2026/09/15 13:46:33.078, 2483 MHz, 0x0000000000000000, 71, 41.12 W
2026/09/15 13:46:34.079, 2483 MHz, 0x0000000000000000, 71, 41.28 W
2026/09/15 13:46:35.079, 2405 MHz, 0x0000000000000000, 68, 33.45 W
2026/09/15 13:46:36.080, 2405 MHz, 0x0000000000000000, 67, 17.22 W
2026/09/15 13:46:37.080, 2405 MHz, 0x0000000000000000, 66, 16.99 W
2026/09/15 13:46:38.081, 2431 MHz, 0x0000000000000000, 71, 21.87 W
2026/09/15 13:46:39.081, 2450 MHz, 0x0000000000000000, 73, 59.97 W
2026/09/15 13:46:40.082, 2450 MHz, 0x0000000000000000, 73, 60.71 W
2026/09/15 13:46:41.082, 2444 MHz, 0x0000000000000000, 74, 61.31 W
2026/09/15 13:46:42.082, 2450 MHz, 0x0000000000000000, 74, 61.58 W
2026/09/15 13:46:43.083, 2450 MHz, 0x0000000000000000, 75, 62.31 W
2026/09/15 13:46:44.083, 2450 MHz, 0x0000000000000000, 74, 62.83 W
2026/09/15 13:46:45.084, 2450 MHz, 0x0000000000000000, 74, 62.85 W
2026/09/15 13:46:46.084, 2450 MHz, 0x0000000000000000, 75, 63.20 W
2026/09/15 13:46:47.085, 2450 MHz, 0x0000000000000000, 76, 63.37 W
2026/09/15 13:46:48.085, 2444 MHz, 0x0000000000000000, 75, 63.89 W
2026/09/15 13:46:49.085, 2450 MHz, 0x0000000000000000, 76, 64.05 W
2026/09/15 13:46:50.085, 2450 MHz, 0x0000000000000000, 75, 64.70 W
2026/09/15 13:46:51.086, 2450 MHz, 0x0000000000000000, 76, 64.95 W
2026/09/15 13:46:52.086, 2450 MHz, 0x0000000000000000, 77, 64.99 W
2026/09/15 13:46:53.086, 2450 MHz, 0x0000000000000000, 74, 65.85 W
2026/09/15 13:46:54.087, 2450 MHz, 0x0000000000000000, 77, 66.75 W
2026/09/15 13:46:55.087, 2450 MHz, 0x0000000000000000, 76, 65.97 W
2026/09/15 13:46:56.087, 2450 MHz, 0x0000000000000000, 77, 65.98 W
2026/09/15 13:46:57.087, 2450 MHz, 0x0000000000000000, 76, 66.49 W
2026/09/15 13:46:58.087, 2450 MHz, 0x0000000000000000, 77, 66.28 W
2026/09/15 13:46:59.088, 2450 MHz, 0x0000000000000000, 77, 67.15 W
2026/09/15 13:47:00.088, 2450 MHz, 0x0000000000000000, 78, 67.03 W
2026/09/15 13:47:01.088, 2450 MHz, 0x0000000000000000, 77, 66.98 W
2026/09/15 13:47:02.088, 2450 MHz, 0x0000000000000000, 78, 69.61 W
2026/09/15 13:47:03.088, 2450 MHz, 0x0000000000000000, 78, 67.93 W
2026/09/15 13:47:04.088, 2450 MHz, 0x0000000000000000, 78, 68.35 W
2026/09/15 13:47:05.088, 2450 MHz, 0x0000000000000000, 78, 68.54 W
2026/09/15 13:47:06.089, 2450 MHz, 0x0000000000000000, 78, 68.19 W
2026/09/15 13:47:07.089, 2450 MHz, 0x0000000000000000, 75, 69.19 W
2026/09/15 13:47:08.089, 2450 MHz, 0x0000000000000000, 78, 69.78 W
2026/09/15 13:47:09.090, 2450 MHz, 0x0000000000000000, 78, 69.69 W
2026/09/15 13:47:10.090, 2444 MHz, 0x0000000000000000, 80, 69.21 W
2026/09/15 13:47:11.090, 2450 MHz, 0x0000000000000000, 80, 69.09 W
2026/09/15 13:47:12.091, 2450 MHz, 0x0000000000000000, 75, 70.45 W
2026/09/15 13:47:13.091, 2450 MHz, 0x0000000000000000, 80, 70.95 W
2026/09/15 13:47:14.091, 2450 MHz, 0x0000000000000000, 80, 69.98 W
2026/09/15 13:47:15.092, 2444 MHz, 0x0000000000000000, 81, 70.04 W
2026/09/15 13:47:16.092, 2444 MHz, 0x0000000000000000, 80, 70.10 W
2026/09/15 13:47:17.093, 2444 MHz, 0x0000000000000000, 80, 72.57 W
2026/09/15 13:47:18.093, 2444 MHz, 0x0000000000000000, 79, 70.85 W
2026/09/15 13:47:19.093, 2444 MHz, 0x0000000000000000, 79, 71.12 W
2026/09/15 13:47:20.094, 2444 MHz, 0x0000000000000000, 81, 70.78 W
2026/09/15 13:47:21.094, 2444 MHz, 0x0000000000000000, 81, 71.58 W
2026/09/15 13:47:22.094, 2444 MHz, 0x0000000000000000, 79, 71.96 W
2026/09/15 13:47:23.095, 2444 MHz, 0x0000000000000000, 79, 71.72 W
2026/09/15 13:47:24.095, 2444 MHz, 0x0000000000000000, 82, 71.26 W
2026/09/15 13:47:25.095, 2444 MHz, 0x0000000000000000, 81, 72.33 W
2026/09/15 13:47:26.095, 2444 MHz, 0x0000000000000000, 80, 72.55 W
2026/09/15 13:47:27.096, 2437 MHz, 0x0000000000000000, 81, 71.34 W
2026/09/15 13:47:28.096, 2437 MHz, 0x0000000000000000, 79, 72.67 W
2026/09/15 13:47:29.096, 2437 MHz, 0x0000000000000000, 81, 73.33 W
2026/09/15 13:47:30.096, 2444 MHz, 0x0000000000000000, 82, 72.56 W
2026/09/15 13:47:31.097, 2405 MHz, 0x0000000000000000, 72, 44.96 W
2026/09/15 13:47:32.097, 2444 MHz, 0x0000000000000000, 79, 31.66 W
2026/09/15 13:47:33.098, 2444 MHz, 0x0000000000000000, 78, 73.82 W
2026/09/15 13:47:34.098, 2444 MHz, 0x0000000000000000, 79, 72.05 W
2026/09/15 13:47:35.098, 2463 MHz, 0x0000000000000000, 75, 55.01 W
2026/09/15 13:47:36.098, 2463 MHz, 0x0000000000000000, 75, 43.12 W
2026/09/15 13:47:37.098, 2463 MHz, 0x0000000000000000, 75, 43.03 W
2026/09/15 13:47:38.099, 2463 MHz, 0x0000000000000000, 75, 43.02 W
2026/09/15 13:47:39.099, 2463 MHz, 0x0000000000000000, 74, 43.03 W
2026/09/15 13:47:40.099, 2463 MHz, 0x0000000000000000, 74, 42.89 W
2026/09/15 13:47:41.099, 2463 MHz, 0x0000000000000000, 74, 42.91 W
2026/09/15 13:47:42.099, 2463 MHz, 0x0000000000000000, 74, 42.84 W
2026/09/15 13:47:43.099, 2463 MHz, 0x0000000000000000, 74, 42.78 W
2026/09/15 13:47:44.099, 2463 MHz, 0x0000000000000000, 74, 42.64 W
2026/09/15 13:47:45.100, 2463 MHz, 0x0000000000000000, 74, 42.48 W
2026/09/15 13:47:46.100, 2463 MHz, 0x0000000000000000, 74, 42.48 W
2026/09/15 13:47:47.100, 2463 MHz, 0x0000000000000000, 74, 42.61 W
2026/09/15 13:47:48.100, 2463 MHz, 0x0000000000000000, 73, 42.25 W
2026/09/15 13:47:49.100, 2463 MHz, 0x0000000000000000, 73, 42.27 W
2026/09/15 13:47:50.100, 2463 MHz, 0x0000000000000000, 73, 42.48 W
2026/09/15 13:47:51.101, 2463 MHz, 0x0000000000000000, 73, 42.22 W
2026/09/15 13:47:52.101, 2463 MHz, 0x0000000000000000, 73, 42.28 W
2026/09/15 13:47:53.101, 2463 MHz, 0x0000000000000000, 73, 42.16 W
2026/09/15 13:47:54.102, 2463 MHz, 0x0000000000000000, 73, 41.94 W
2026/09/15 13:47:55.102, 2463 MHz, 0x0000000000000000, 73, 42.10 W
2026/09/15 13:47:56.102, 2463 MHz, 0x0000000000000000, 73, 41.85 W
2026/09/15 13:47:57.102, 2463 MHz, 0x0000000000000000, 73, 42.10 W
2026/09/15 13:47:58.102, 2463 MHz, 0x0000000000000000, 73, 42.15 W
2026/09/15 13:47:59.103, 2463 MHz, 0x0000000000000000, 73, 42.09 W
2026/09/15 13:48:00.103, 2463 MHz, 0x0000000000000000, 73, 41.85 W
2026/09/15 13:48:01.103, 2463 MHz, 0x0000000000000000, 73, 41.96 W
2026/09/15 13:48:02.103, 2463 MHz, 0x0000000000000000, 72, 41.88 W
2026/09/15 13:48:03.104, 2463 MHz, 0x0000000000000000, 72, 41.94 W
2026/09/15 13:48:04.104, 2463 MHz, 0x0000000000000000, 72, 42.01 W
2026/09/15 13:48:05.105, 2463 MHz, 0x0000000000000000, 72, 41.97 W
2026/09/15 13:48:06.105, 2463 MHz, 0x0000000000000000, 72, 41.99 W
2026/09/15 13:48:07.105, 2463 MHz, 0x0000000000000000, 72, 42.03 W
2026/09/15 13:48:08.105, 2463 MHz, 0x0000000000000000, 72, 41.88 W
2026/09/15 13:48:09.106, 2405 MHz, 0x0000000000000000, 68, 22.38 W
2026/09/15 13:48:10.106, 2405 MHz, 0x0000000000000000, 68, 17.30 W
2026/09/15 13:48:11.106, 2483 MHz, 0x0000000000000000, 71, 40.07 W
2026/09/15 13:48:12.107, 2483 MHz, 0x0000000000000000, 72, 43.58 W
2026/09/15 13:48:13.107, 2483 MHz, 0x0000000000000000, 72, 43.24 W
2026/09/15 13:48:14.107, 2483 MHz, 0x0000000000000000, 71, 43.65 W
2026/09/15 13:48:15.107, 2483 MHz, 0x0000000000000000, 72, 43.55 W
2026/09/15 13:48:16.108, 2463 MHz, 0x0000000000000000, 72, 43.55 W
2026/09/15 13:48:17.108, 2463 MHz, 0x0000000000000000, 72, 43.70 W
2026/09/15 13:48:18.108, 2463 MHz, 0x0000000000000000, 72, 43.52 W
2026/09/15 13:48:19.108, 2463 MHz, 0x0000000000000000, 72, 43.70 W
2026/09/15 13:48:20.108, 2463 MHz, 0x0000000000000000, 72, 43.35 W
2026/09/15 13:48:21.108, 2463 MHz, 0x0000000000000000, 72, 43.19 W
2026/09/15 13:48:22.109, 2463 MHz, 0x0000000000000000, 72, 43.03 W
2026/09/15 13:48:23.109, 2463 MHz, 0x0000000000000000, 72, 43.36 W
2026/09/15 13:48:24.109, 2463 MHz, 0x0000000000000000, 72, 42.74 W
2026/09/15 13:48:25.109, 2463 MHz, 0x0000000000000000, 72, 43.29 W
2026/09/15 13:48:26.110, 2463 MHz, 0x0000000000000000, 72, 43.53 W
2026/09/15 13:48:27.110, 2463 MHz, 0x0000000000000000, 72, 43.30 W
2026/09/15 13:48:28.110, 2463 MHz, 0x0000000000000000, 72, 43.63 W
2026/09/15 13:48:29.110, 2463 MHz, 0x0000000000000000, 72, 43.79 W
2026/09/15 13:48:30.110, 2463 MHz, 0x0000000000000000, 72, 43.60 W
2026/09/15 13:48:31.110, 2463 MHz, 0x0000000000000000, 72, 43.74 W
2026/09/15 13:48:32.110, 2463 MHz, 0x0000000000000000, 72, 43.60 W
2026/09/15 13:48:33.111, 2463 MHz, 0x0000000000000000, 72, 43.61 W
2026/09/15 13:48:34.111, 2463 MHz, 0x0000000000000000, 72, 43.65 W
2026/09/15 13:48:35.111, 2463 MHz, 0x0000000000000000, 72, 43.42 W
2026/09/15 13:48:36.112, 2463 MHz, 0x0000000000000000, 72, 43.37 W
2026/09/15 13:48:37.112, 2463 MHz, 0x0000000000000000, 72, 43.42 W
2026/09/15 13:48:38.112, 2463 MHz, 0x0000000000000000, 72, 43.38 W
2026/09/15 13:48:39.112, 2463 MHz, 0x0000000000000000, 72, 43.57 W
2026/09/15 13:48:40.112, 2463 MHz, 0x0000000000000000, 72, 43.60 W
2026/09/15 13:48:41.113, 2463 MHz, 0x0000000000000000, 72, 43.71 W
2026/09/15 13:48:42.113, 2463 MHz, 0x0000000000000000, 72, 43.45 W
2026/09/15 13:48:43.113, 2463 MHz, 0x0000000000000000, 72, 43.59 W
2026/09/15 13:48:44.114, 2463 MHz, 0x0000000000000000, 72, 43.55 W
2026/09/15 13:48:45.114, 2463 MHz, 0x0000000000000000, 72, 43.67 W
2026/09/15 13:48:46.114, 2437 MHz, 0x0000000000000000, 69, 38.59 W
2026/09/15 13:48:47.115, 2405 MHz, 0x0000000000000000, 68, 17.30 W
2026/09/15 13:48:48.115, 2470 MHz, 0x0000000000000000, 71, 24.12 W
2026/09/15 13:48:49.115, 2483 MHz, 0x0000000000000000, 71, 44.65 W
2026/09/15 13:48:50.116, 2483 MHz, 0x0000000000000000, 71, 45.15 W
2026/09/15 13:48:51.116, 2483 MHz, 0x0000000000000000, 72, 44.79 W
2026/09/15 13:48:52.117, 2463 MHz, 0x0000000000000000, 72, 45.17 W
2026/09/15 13:48:53.117, 2463 MHz, 0x0000000000000000, 72, 45.22 W
2026/09/15 13:48:54.118, 2463 MHz, 0x0000000000000000, 72, 45.53 W
2026/09/15 13:48:55.118, 2463 MHz, 0x0000000000000000, 72, 45.82 W
2026/09/15 13:48:56.118, 2463 MHz, 0x0000000000000000, 72, 45.72 W
2026/09/15 13:48:57.118, 2463 MHz, 0x0000000000000000, 72, 45.23 W
2026/09/15 13:48:58.119, 2463 MHz, 0x0000000000000000, 72, 45.33 W
2026/09/15 13:48:59.119, 2463 MHz, 0x0000000000000000, 72, 45.88 W
2026/09/15 13:49:00.119, 2463 MHz, 0x0000000000000000, 72, 46.12 W
2026/09/15 13:49:01.119, 2463 MHz, 0x0000000000000000, 72, 45.34 W
2026/09/15 13:49:02.120, 2463 MHz, 0x0000000000000000, 72, 45.12 W
2026/09/15 13:49:03.120, 2463 MHz, 0x0000000000000000, 72, 44.59 W
2026/09/15 13:49:04.120, 2463 MHz, 0x0000000000000000, 72, 44.78 W
2026/09/15 13:49:05.120, 2463 MHz, 0x0000000000000000, 72, 45.26 W
2026/09/15 13:49:06.120, 2463 MHz, 0x0000000000000000, 73, 45.51 W
2026/09/15 13:49:07.120, 2463 MHz, 0x0000000000000000, 72, 44.76 W
2026/09/15 13:49:08.121, 2463 MHz, 0x0000000000000000, 72, 44.71 W
2026/09/15 13:49:09.121, 2463 MHz, 0x0000000000000000, 73, 44.65 W
2026/09/15 13:49:10.121, 2463 MHz, 0x0000000000000000, 72, 43.72 W
2026/09/15 13:49:11.122, 2463 MHz, 0x0000000000000000, 72, 44.74 W
2026/09/15 13:49:12.122, 2463 MHz, 0x0000000000000000, 73, 44.55 W
2026/09/15 13:49:13.122, 2463 MHz, 0x0000000000000000, 72, 45.12 W
2026/09/15 13:49:14.122, 2463 MHz, 0x0000000000000000, 72, 45.07 W
2026/09/15 13:49:15.122, 2463 MHz, 0x0000000000000000, 73, 45.75 W
2026/09/15 13:49:16.123, 2463 MHz, 0x0000000000000000, 73, 45.48 W
2026/09/15 13:49:17.123, 2463 MHz, 0x0000000000000000, 73, 45.28 W
2026/09/15 13:49:18.123, 2463 MHz, 0x0000000000000000, 73, 45.48 W
2026/09/15 13:49:19.123, 2463 MHz, 0x0000000000000000, 73, 45.99 W
2026/09/15 13:49:20.123, 2463 MHz, 0x0000000000000000, 73, 45.74 W
2026/09/15 13:49:21.124, 2463 MHz, 0x0000000000000000, 73, 45.91 W
2026/09/15 13:49:22.124, 2463 MHz, 0x0000000000000000, 73, 45.11 W
2026/09/15 13:49:23.124, 2463 MHz, 0x0000000000000000, 73, 44.67 W
2026/09/15 13:49:24.124, 2405 MHz, 0x0000000000000000, 69, 29.91 W
2026/09/15 13:49:25.124, 2405 MHz, 0x0000000000000000, 68, 17.51 W
2026/09/15 13:49:26.125, 2450 MHz, 0x0000000000000000, 74, 45.83 W
2026/09/15 13:49:27.125, 2457 MHz, 0x0000000000000000, 74, 59.89 W
2026/09/15 13:49:28.125, 2450 MHz, 0x0000000000000000, 74, 49.49 W
2026/09/15 13:49:29.125, 2450 MHz, 0x0000000000000000, 75, 59.88 W
2026/09/15 13:49:30.126, 2450 MHz, 0x0000000000000000, 76, 61.50 W
2026/09/15 13:49:31.126, 2457 MHz, 0x0000000000000000, 73, 57.71 W
2026/09/15 13:49:32.126, 2463 MHz, 0x0000000000000000, 73, 44.26 W
2026/09/15 13:49:33.126, 2463 MHz, 0x0000000000000000, 73, 44.47 W
2026/09/15 13:49:34.126, 2463 MHz, 0x0000000000000000, 73, 44.26 W
2026/09/15 13:49:35.126, 2463 MHz, 0x0000000000000000, 73, 44.49 W
2026/09/15 13:49:36.127, 2463 MHz, 0x0000000000000000, 73, 43.80 W
2026/09/15 13:49:37.127, 2463 MHz, 0x0000000000000000, 72, 44.01 W
2026/09/15 13:49:38.127, 2463 MHz, 0x0000000000000000, 72, 42.95 W
2026/09/15 13:49:39.127, 2463 MHz, 0x0000000000000000, 72, 42.75 W
2026/09/15 13:49:40.128, 2463 MHz, 0x0000000000000000, 72, 43.67 W
2026/09/15 13:49:41.128, 2463 MHz, 0x0000000000000000, 72, 43.49 W
2026/09/15 13:49:42.128, 2463 MHz, 0x0000000000000000, 72, 43.27 W
2026/09/15 13:49:43.128, 2463 MHz, 0x0000000000000000, 73, 43.67 W
2026/09/15 13:49:44.128, 2463 MHz, 0x0000000000000000, 72, 43.43 W
2026/09/15 13:49:45.129, 2463 MHz, 0x0000000000000000, 72, 43.31 W
2026/09/15 13:49:46.129, 2463 MHz, 0x0000000000000000, 72, 43.58 W
2026/09/15 13:49:47.129, 2463 MHz, 0x0000000000000000, 72, 43.80 W
2026/09/15 13:49:48.129, 2463 MHz, 0x0000000000000000, 72, 43.80 W
2026/09/15 13:49:49.129, 2463 MHz, 0x0000000000000000, 72, 43.79 W
2026/09/15 13:49:50.130, 2463 MHz, 0x0000000000000000, 72, 43.85 W
2026/09/15 13:49:51.130, 2463 MHz, 0x0000000000000000, 72, 44.06 W
2026/09/15 13:49:52.130, 2463 MHz, 0x0000000000000000, 72, 43.90 W
2026/09/15 13:49:53.130, 2463 MHz, 0x0000000000000000, 72, 43.67 W
2026/09/15 13:49:54.130, 2463 MHz, 0x0000000000000000, 72, 44.03 W
2026/09/15 13:49:55.131, 2463 MHz, 0x0000000000000000, 72, 43.85 W
2026/09/15 13:49:56.131, 2463 MHz, 0x0000000000000000, 72, 43.65 W
2026/09/15 13:49:57.131, 2463 MHz, 0x0000000000000000, 72, 43.76 W
2026/09/15 13:49:58.131, 2463 MHz, 0x0000000000000000, 72, 43.64 W
2026/09/15 13:49:59.131, 2463 MHz, 0x0000000000000000, 72, 43.67 W
2026/09/15 13:50:00.132, 2463 MHz, 0x0000000000000000, 72, 43.58 W
2026/09/15 13:50:01.132, 2463 MHz, 0x0000000000000000, 72, 43.85 W
2026/09/15 13:50:02.133, 2463 MHz, 0x0000000000000000, 73, 43.99 W
2026/09/15 13:50:03.133, 2463 MHz, 0x0000000000000000, 73, 44.05 W
2026/09/15 13:50:04.133, 2463 MHz, 0x0000000000000000, 73, 44.03 W
2026/09/15 13:50:05.134, 2405 MHz, 0x0000000000000000, 68, 19.59 W
2026/09/15 13:50:06.134, 2405 MHz, 0x0000000000000000, 67, 17.21 W
2026/09/15 13:50:07.135, 2450 MHz, 0x0000000000000000, 75, 60.67 W
2026/09/15 13:50:08.135, 2418 MHz, 0x0000000000000000, 68, 49.29 W
2026/09/15 13:50:09.136, 2450 MHz, 0x0000000000000000, 72, 59.90 W
2026/09/15 13:50:10.136, 2450 MHz, 0x0000000000000000, 75, 61.83 W
2026/09/15 13:50:11.136, 2450 MHz, 0x0000000000000000, 75, 61.89 W
2026/09/15 13:50:12.137, 2450 MHz, 0x0000000000000000, 76, 62.32 W
2026/09/15 13:50:13.137, 2450 MHz, 0x0000000000000000, 75, 61.92 W
2026/09/15 13:50:14.137, 2450 MHz, 0x0000000000000000, 76, 62.42 W
2026/09/15 13:50:15.138, 2457 MHz, 0x0000000000000000, 74, 58.57 W
2026/09/15 13:50:16.138, 2463 MHz, 0x0000000000000000, 73, 46.46 W
2026/09/15 13:50:17.138, 2463 MHz, 0x0000000000000000, 73, 46.09 W
2026/09/15 13:50:18.139, 2463 MHz, 0x0000000000000000, 73, 45.75 W
2026/09/15 13:50:19.139, 2463 MHz, 0x0000000000000000, 73, 46.10 W
2026/09/15 13:50:20.140, 2463 MHz, 0x0000000000000000, 73, 46.00 W
2026/09/15 13:50:21.140, 2463 MHz, 0x0000000000000000, 73, 46.15 W
2026/09/15 13:50:22.140, 2463 MHz, 0x0000000000000000, 73, 46.36 W
2026/09/15 13:50:23.140, 2463 MHz, 0x0000000000000000, 73, 46.13 W
2026/09/15 13:50:24.140, 2463 MHz, 0x0000000000000000, 73, 46.48 W
2026/09/15 13:50:25.141, 2463 MHz, 0x0000000000000000, 73, 46.66 W
2026/09/15 13:50:26.141, 2463 MHz, 0x0000000000000000, 73, 46.12 W
2026/09/15 13:50:27.141, 2463 MHz, 0x0000000000000000, 73, 46.38 W
2026/09/15 13:50:28.142, 2463 MHz, 0x0000000000000000, 73, 46.59 W
2026/09/15 13:50:29.142, 2463 MHz, 0x0000000000000000, 73, 46.75 W
2026/09/15 13:50:30.142, 2463 MHz, 0x0000000000000000, 73, 46.61 W
2026/09/15 13:50:31.142, 2463 MHz, 0x0000000000000000, 73, 46.72 W
2026/09/15 13:50:32.143, 2463 MHz, 0x0000000000000000, 73, 46.70 W
2026/09/15 13:50:33.143, 2463 MHz, 0x0000000000000000, 73, 46.84 W
2026/09/15 13:50:34.143, 2463 MHz, 0x0000000000000000, 73, 46.40 W
2026/09/15 13:50:35.144, 2463 MHz, 0x0000000000000000, 73, 46.59 W
2026/09/15 13:50:36.144, 2463 MHz, 0x0000000000000000, 73, 46.42 W
2026/09/15 13:50:37.145, 2463 MHz, 0x0000000000000000, 73, 46.37 W
2026/09/15 13:50:38.145, 2463 MHz, 0x0000000000000000, 73, 46.41 W
2026/09/15 13:50:39.145, 2463 MHz, 0x0000000000000000, 73, 46.58 W
2026/09/15 13:50:40.146, 2463 MHz, 0x0000000000000000, 73, 46.44 W
2026/09/15 13:50:41.146, 2463 MHz, 0x0000000000000000, 73, 46.31 W
2026/09/15 13:50:42.146, 2463 MHz, 0x0000000000000000, 73, 46.46 W
2026/09/15 13:50:43.147, 2463 MHz, 0x0000000000000000, 74, 46.43 W
2026/09/15 13:50:44.147, 2463 MHz, 0x0000000000000000, 73, 46.30 W
2026/09/15 13:50:45.148, 2463 MHz, 0x0000000000000000, 73, 46.44 W
2026/09/15 13:50:46.148, 2463 MHz, 0x0000000000000000, 73, 46.31 W
2026/09/15 13:50:47.148, 2463 MHz, 0x0000000000000000, 73, 46.28 W
2026/09/15 13:50:48.149, 2463 MHz, 0x0000000000000000, 73, 46.11 W
2026/09/15 13:50:49.149, 2437 MHz, 0x0000000000000000, 70, 40.05 W
2026/09/15 13:50:50.149, 2405 MHz, 0x0000000000000000, 69, 17.50 W
2026/09/15 13:50:51.150, 2437 MHz, 0x0000000000000000, 75, 29.61 W
2026/09/15 13:50:52.150, 2450 MHz, 0x0000000000000000, 74, 62.45 W
2026/09/15 13:50:53.151, 2450 MHz, 0x0000000000000000, 75, 59.90 W
2026/09/15 13:50:54.151, 2450 MHz, 0x0000000000000000, 75, 61.66 W
2026/09/15 13:50:55.152, 2450 MHz, 0x0000000000000000, 75, 62.62 W
2026/09/15 13:50:56.153, 2463 MHz, 0x0000000000000000, 73, 47.03 W
2026/09/15 13:50:57.153, 2463 MHz, 0x0000000000000000, 73, 44.64 W
2026/09/15 13:50:58.153, 2463 MHz, 0x0000000000000000, 73, 44.33 W
2026/09/15 13:50:59.153, 2463 MHz, 0x0000000000000000, 73, 44.16 W
2026/09/15 13:51:00.154, 2463 MHz, 0x0000000000000000, 73, 44.42 W
2026/09/15 13:51:01.154, 2463 MHz, 0x0000000000000000, 73, 44.48 W
2026/09/15 13:51:02.155, 2463 MHz, 0x0000000000000000, 73, 44.34 W
2026/09/15 13:51:03.155, 2463 MHz, 0x0000000000000000, 72, 44.11 W
2026/09/15 13:51:04.156, 2463 MHz, 0x0000000000000000, 73, 43.65 W
2026/09/15 13:51:05.156, 2463 MHz, 0x0000000000000000, 73, 44.41 W
2026/09/15 13:51:06.156, 2463 MHz, 0x0000000000000000, 73, 44.58 W
2026/09/15 13:51:07.157, 2463 MHz, 0x0000000000000000, 73, 44.55 W
2026/09/15 13:51:08.157, 2463 MHz, 0x0000000000000000, 73, 44.49 W
2026/09/15 13:51:09.158, 2463 MHz, 0x0000000000000000, 73, 44.49 W
2026/09/15 13:51:10.158, 2463 MHz, 0x0000000000000000, 73, 44.42 W
2026/09/15 13:51:11.158, 2463 MHz, 0x0000000000000000, 73, 44.42 W
2026/09/15 13:51:12.159, 2463 MHz, 0x0000000000000000, 73, 44.36 W
2026/09/15 13:51:13.159, 2463 MHz, 0x0000000000000000, 72, 43.98 W
2026/09/15 13:51:14.159, 2463 MHz, 0x0000000000000000, 73, 44.29 W
2026/09/15 13:51:15.160, 2463 MHz, 0x0000000000000000, 73, 44.56 W
2026/09/15 13:51:16.160, 2463 MHz, 0x0000000000000000, 73, 44.50 W
2026/09/15 13:51:17.161, 2463 MHz, 0x0000000000000000, 73, 43.99 W
2026/09/15 13:51:18.161, 2463 MHz, 0x0000000000000000, 72, 44.23 W
2026/09/15 13:51:19.161, 2463 MHz, 0x0000000000000000, 73, 44.47 W
2026/09/15 13:51:20.162, 2463 MHz, 0x0000000000000000, 73, 44.52 W
2026/09/15 13:51:21.162, 2463 MHz, 0x0000000000000000, 73, 44.24 W
2026/09/15 13:51:22.163, 2463 MHz, 0x0000000000000000, 73, 44.26 W
2026/09/15 13:51:23.163, 2463 MHz, 0x0000000000000000, 72, 43.91 W
2026/09/15 13:51:24.163, 2463 MHz, 0x0000000000000000, 72, 43.56 W
2026/09/15 13:51:25.164, 2463 MHz, 0x0000000000000000, 72, 43.47 W
2026/09/15 13:51:26.164, 2463 MHz, 0x0000000000000000, 72, 43.43 W
2026/09/15 13:51:27.164, 2463 MHz, 0x0000000000000000, 72, 43.75 W
2026/09/15 13:51:28.165, 2463 MHz, 0x0000000000000000, 72, 43.55 W
2026/09/15 13:51:29.165, 2463 MHz, 0x0000000000000000, 70, 41.65 W
2026/09/15 13:51:30.166, 2405 MHz, 0x0000000000000000, 68, 17.45 W
2026/09/15 13:51:31.166, 2405 MHz, 0x0000000000000000, 73, 21.96 W
2026/09/15 13:51:32.167, 2450 MHz, 0x0000000000000000, 74, 63.00 W
2026/09/15 13:51:33.167, 2450 MHz, 0x0000000000000000, 76, 58.85 W
2026/09/15 13:51:34.167, 2450 MHz, 0x0000000000000000, 75, 61.15 W
2026/09/15 13:51:35.168, 2450 MHz, 0x0000000000000000, 74, 63.67 W
2026/09/15 13:51:36.168, 2450 MHz, 0x0000000000000000, 77, 66.27 W
2026/09/15 13:51:37.168, 2450 MHz, 0x0000000000000000, 76, 64.01 W
2026/09/15 13:51:38.168, 2450 MHz, 0x0000000000000000, 74, 59.99 W
2026/09/15 13:51:39.168, 2463 MHz, 0x0000000000000000, 73, 46.28 W
2026/09/15 13:51:40.169, 2463 MHz, 0x0000000000000000, 73, 46.23 W
2026/09/15 13:51:41.169, 2463 MHz, 0x0000000000000000, 73, 46.03 W
2026/09/15 13:51:42.169, 2463 MHz, 0x0000000000000000, 73, 45.88 W
2026/09/15 13:51:43.169, 2463 MHz, 0x0000000000000000, 73, 46.35 W
2026/09/15 13:51:44.169, 2463 MHz, 0x0000000000000000, 73, 46.32 W
2026/09/15 13:51:45.169, 2463 MHz, 0x0000000000000000, 73, 46.17 W
2026/09/15 13:51:46.170, 2463 MHz, 0x0000000000000000, 73, 46.21 W
2026/09/15 13:51:47.170, 2463 MHz, 0x0000000000000000, 73, 46.32 W
2026/09/15 13:51:48.170, 2463 MHz, 0x0000000000000000, 73, 46.27 W
2026/09/15 13:51:49.171, 2463 MHz, 0x0000000000000000, 73, 46.53 W
2026/09/15 13:51:50.171, 2463 MHz, 0x0000000000000000, 73, 45.97 W
2026/09/15 13:51:51.171, 2463 MHz, 0x0000000000000000, 73, 45.36 W
2026/09/15 13:51:52.171, 2463 MHz, 0x0000000000000000, 73, 45.93 W
2026/09/15 13:51:53.171, 2463 MHz, 0x0000000000000000, 73, 46.60 W
2026/09/15 13:51:54.172, 2463 MHz, 0x0000000000000000, 73, 46.90 W
2026/09/15 13:51:55.172, 2463 MHz, 0x0000000000000000, 73, 46.83 W
2026/09/15 13:51:56.172, 2463 MHz, 0x0000000000000000, 73, 46.77 W
2026/09/15 13:51:57.172, 2463 MHz, 0x0000000000000000, 73, 46.75 W
2026/09/15 13:51:58.172, 2463 MHz, 0x0000000000000000, 73, 46.75 W
2026/09/15 13:51:59.172, 2463 MHz, 0x0000000000000000, 73, 46.71 W
2026/09/15 13:52:00.173, 2463 MHz, 0x0000000000000000, 73, 46.63 W
2026/09/15 13:52:01.173, 2463 MHz, 0x0000000000000000, 73, 46.56 W
2026/09/15 13:52:02.173, 2463 MHz, 0x0000000000000000, 73, 46.64 W
2026/09/15 13:52:03.173, 2463 MHz, 0x0000000000000000, 73, 46.46 W
2026/09/15 13:52:04.173, 2463 MHz, 0x0000000000000000, 73, 46.50 W
2026/09/15 13:52:05.174, 2463 MHz, 0x0000000000000000, 73, 46.67 W
2026/09/15 13:52:06.174, 2463 MHz, 0x0000000000000000, 73, 46.50 W
2026/09/15 13:52:07.174, 2463 MHz, 0x0000000000000000, 73, 46.40 W
2026/09/15 13:52:08.174, 2463 MHz, 0x0000000000000000, 73, 46.64 W
2026/09/15 13:52:09.174, 2463 MHz, 0x0000000000000000, 73, 46.33 W
2026/09/15 13:52:10.174, 2463 MHz, 0x0000000000000000, 73, 46.72 W
2026/09/15 13:52:11.175, 2463 MHz, 0x0000000000000000, 73, 46.44 W
2026/09/15 13:52:12.175, 2405 MHz, 0x0000000000000000, 69, 23.26 W
2026/09/15 13:52:13.176, 2405 MHz, 0x0000000000000000, 68, 17.33 W
2026/09/15 13:52:14.176, 2450 MHz, 0x0000000000000000, 75, 58.81 W
2026/09/15 13:52:15.176, 2450 MHz, 0x0000000000000000, 73, 64.20 W
2026/09/15 13:52:16.176, 2450 MHz, 0x0000000000000000, 76, 56.79 W
2026/09/15 13:52:17.176, 2450 MHz, 0x0000000000000000, 77, 64.89 W
2026/09/15 13:52:18.177, 2450 MHz, 0x0000000000000000, 76, 67.30 W
2026/09/15 13:52:19.177, 2450 MHz, 0x0000000000000000, 73, 62.04 W
2026/09/15 13:52:20.178, 2463 MHz, 0x0000000000000000, 73, 44.79 W
2026/09/15 13:52:21.178, 2463 MHz, 0x0000000000000000, 73, 44.38 W
2026/09/15 13:52:22.178, 2463 MHz, 0x0000000000000000, 72, 44.52 W
2026/09/15 13:52:23.179, 2463 MHz, 0x0000000000000000, 73, 44.54 W
2026/09/15 13:52:24.179, 2463 MHz, 0x0000000000000000, 73, 44.40 W
2026/09/15 13:52:25.179, 2463 MHz, 0x0000000000000000, 73, 44.53 W
2026/09/15 13:52:26.179, 2463 MHz, 0x0000000000000000, 73, 44.61 W
2026/09/15 13:52:27.179, 2463 MHz, 0x0000000000000000, 73, 44.95 W
2026/09/15 13:52:28.180, 2463 MHz, 0x0000000000000000, 73, 44.77 W
2026/09/15 13:52:29.180, 2463 MHz, 0x0000000000000000, 72, 44.80 W
2026/09/15 13:52:30.180, 2463 MHz, 0x0000000000000000, 73, 44.58 W
2026/09/15 13:52:31.180, 2463 MHz, 0x0000000000000000, 73, 44.77 W
2026/09/15 13:52:32.180, 2463 MHz, 0x0000000000000000, 73, 44.49 W
2026/09/15 13:52:33.181, 2463 MHz, 0x0000000000000000, 72, 44.77 W
2026/09/15 13:52:34.181, 2463 MHz, 0x0000000000000000, 72, 44.82 W
2026/09/15 13:52:35.181, 2463 MHz, 0x0000000000000000, 72, 43.70 W
2026/09/15 13:52:36.181, 2463 MHz, 0x0000000000000000, 72, 43.74 W
2026/09/15 13:52:37.182, 2463 MHz, 0x0000000000000000, 72, 44.63 W
2026/09/15 13:52:38.182, 2463 MHz, 0x0000000000000000, 72, 44.62 W
2026/09/15 13:52:39.182, 2463 MHz, 0x0000000000000000, 72, 44.88 W
2026/09/15 13:52:40.182, 2463 MHz, 0x0000000000000000, 73, 44.84 W
2026/09/15 13:52:41.183, 2463 MHz, 0x0000000000000000, 72, 44.67 W
2026/09/15 13:52:42.183, 2463 MHz, 0x0000000000000000, 72, 44.43 W
2026/09/15 13:52:43.183, 2463 MHz, 0x0000000000000000, 72, 44.08 W
2026/09/15 13:52:44.183, 2463 MHz, 0x0000000000000000, 72, 44.01 W
2026/09/15 13:52:45.183, 2463 MHz, 0x0000000000000000, 72, 43.87 W
2026/09/15 13:52:46.183, 2463 MHz, 0x0000000000000000, 72, 43.94 W
2026/09/15 13:52:47.184, 2463 MHz, 0x0000000000000000, 72, 44.27 W
2026/09/15 13:52:48.184, 2463 MHz, 0x0000000000000000, 72, 43.94 W
2026/09/15 13:52:49.184, 2463 MHz, 0x0000000000000000, 72, 43.86 W
2026/09/15 13:52:50.184, 2463 MHz, 0x0000000000000000, 72, 43.95 W
2026/09/15 13:52:51.184, 2463 MHz, 0x0000000000000000, 72, 43.86 W
2026/09/15 13:52:52.185, 2463 MHz, 0x0000000000000000, 72, 43.99 W
2026/09/15 13:52:53.185, 2457 MHz, 0x0000000000000000, 69, 39.21 W
2026/09/15 13:52:54.186, 2405 MHz, 0x0000000000000000, 68, 17.43 W
2026/09/15 13:52:55.186, 2411 MHz, 0x0000000000000000, 73, 24.08 W
2026/09/15 13:52:56.187, 2450 MHz, 0x0000000000000000, 72, 66.74 W
2026/09/15 13:52:57.187, 2418 MHz, 0x0000000000000000, 73, 54.37 W
2026/09/15 13:52:58.187, 2450 MHz, 0x0000000000000000, 75, 66.62 W
2026/09/15 13:52:59.187, 2450 MHz, 0x0000000000000000, 75, 65.17 W
2026/09/15 13:53:00.187, 2444 MHz, 0x0000000000000000, 75, 66.06 W
2026/09/15 13:53:01.188, 2450 MHz, 0x0000000000000000, 76, 66.38 W
2026/09/15 13:53:02.188, 2450 MHz, 0x0000000000000000, 76, 65.94 W
2026/09/15 13:53:03.188, 2450 MHz, 0x0000000000000000, 77, 66.40 W
2026/09/15 13:53:04.188, 2450 MHz, 0x0000000000000000, 76, 65.67 W
2026/09/15 13:53:05.188, 2463 MHz, 0x0000000000000000, 74, 51.59 W
2026/09/15 13:53:06.188, 2463 MHz, 0x0000000000000000, 74, 47.13 W
2026/09/15 13:53:07.189, 2463 MHz, 0x0000000000000000, 74, 46.98 W
2026/09/15 13:53:08.189, 2463 MHz, 0x0000000000000000, 74, 47.11 W
2026/09/15 13:53:09.189, 2463 MHz, 0x0000000000000000, 73, 47.22 W
2026/09/15 13:53:10.189, 2463 MHz, 0x0000000000000000, 74, 47.09 W
2026/09/15 13:53:11.189, 2463 MHz, 0x0000000000000000, 74, 47.38 W
2026/09/15 13:53:12.189, 2463 MHz, 0x0000000000000000, 74, 47.30 W
2026/09/15 13:53:13.190, 2463 MHz, 0x0000000000000000, 74, 47.16 W
2026/09/15 13:53:14.190, 2463 MHz, 0x0000000000000000, 74, 47.30 W
2026/09/15 13:53:15.190, 2463 MHz, 0x0000000000000000, 74, 47.27 W
2026/09/15 13:53:16.190, 2463 MHz, 0x0000000000000000, 74, 47.19 W
2026/09/15 13:53:17.191, 2463 MHz, 0x0000000000000000, 73, 47.25 W
2026/09/15 13:53:18.191, 2463 MHz, 0x0000000000000000, 74, 47.59 W
2026/09/15 13:53:19.191, 2463 MHz, 0x0000000000000000, 74, 47.52 W
2026/09/15 13:53:20.192, 2463 MHz, 0x0000000000000000, 73, 46.99 W
2026/09/15 13:53:21.192, 2463 MHz, 0x0000000000000000, 74, 46.98 W
2026/09/15 13:53:22.192, 2463 MHz, 0x0000000000000000, 73, 47.01 W
2026/09/15 13:53:23.193, 2463 MHz, 0x0000000000000000, 74, 46.86 W
2026/09/15 13:53:24.193, 2463 MHz, 0x0000000000000000, 74, 47.03 W
2026/09/15 13:53:25.193, 2463 MHz, 0x0000000000000000, 74, 46.90 W
2026/09/15 13:53:26.193, 2463 MHz, 0x0000000000000000, 73, 46.90 W
2026/09/15 13:53:27.193, 2463 MHz, 0x0000000000000000, 74, 47.12 W
2026/09/15 13:53:28.193, 2463 MHz, 0x0000000000000000, 74, 47.04 W
2026/09/15 13:53:29.194, 2463 MHz, 0x0000000000000000, 74, 46.99 W
2026/09/15 13:53:30.194, 2463 MHz, 0x0000000000000000, 74, 47.20 W
2026/09/15 13:53:31.194, 2463 MHz, 0x0000000000000000, 74, 47.15 W
2026/09/15 13:53:32.194, 2463 MHz, 0x0000000000000000, 74, 46.95 W
2026/09/15 13:53:33.194, 2463 MHz, 0x0000000000000000, 73, 47.21 W
2026/09/15 13:53:34.194, 2463 MHz, 0x0000000000000000, 74, 47.13 W
2026/09/15 13:53:35.195, 2463 MHz, 0x0000000000000000, 74, 47.54 W
2026/09/15 13:53:36.195, 2463 MHz, 0x0000000000000000, 73, 47.28 W
2026/09/15 13:53:37.195, 2463 MHz, 0x0000000000000000, 74, 47.27 W
2026/09/15 13:53:38.195, 2411 MHz, 0x0000000000000000, 70, 36.42 W
2026/09/15 13:53:39.196, 2405 MHz, 0x0000000000000000, 69, 17.51 W
2026/09/15 13:53:40.196, 2437 MHz, 0x0000000000000000, 75, 32.64 W
2026/09/15 13:53:41.196, 2450 MHz, 0x0000000000000000, 77, 71.04 W
2026/09/15 13:53:42.196, 2444 MHz, 0x0000000000000000, 78, 70.75 W
2026/09/15 13:53:43.196, 2424 MHz, 0x0000000000000000, 76, 50.12 W
2026/09/15 13:53:44.196, 2450 MHz, 0x0000000000000000, 77, 72.04 W
2026/09/15 13:53:45.197, 2450 MHz, 0x0000000000000000, 78, 71.21 W
2026/09/15 13:53:46.197, 2450 MHz, 0x0000000000000000, 78, 71.11 W
2026/09/15 13:53:47.197, 2450 MHz, 0x0000000000000000, 79, 70.55 W
2026/09/15 13:53:48.198, 2450 MHz, 0x0000000000000000, 79, 72.91 W
2026/09/15 13:53:49.198, 2463 MHz, 0x0000000000000000, 74, 49.46 W
2026/09/15 13:53:50.198, 2463 MHz, 0x0000000000000000, 74, 45.62 W
2026/09/15 13:53:51.198, 2463 MHz, 0x0000000000000000, 74, 45.71 W
2026/09/15 13:53:52.198, 2463 MHz, 0x0000000000000000, 74, 45.66 W
2026/09/15 13:53:53.199, 2463 MHz, 0x0000000000000000, 74, 45.73 W
2026/09/15 13:53:54.199, 2463 MHz, 0x0000000000000000, 74, 45.69 W
2026/09/15 13:53:55.199, 2463 MHz, 0x0000000000000000, 74, 45.81 W
2026/09/15 13:53:56.200, 2463 MHz, 0x0000000000000000, 74, 45.85 W
2026/09/15 13:53:57.200, 2463 MHz, 0x0000000000000000, 74, 45.80 W
2026/09/15 13:53:58.200, 2463 MHz, 0x0000000000000000, 74, 45.77 W
2026/09/15 13:53:59.200, 2463 MHz, 0x0000000000000000, 74, 45.79 W
2026/09/15 13:54:00.201, 2463 MHz, 0x0000000000000000, 73, 45.20 W
2026/09/15 13:54:01.201, 2463 MHz, 0x0000000000000000, 74, 45.19 W
2026/09/15 13:54:02.201, 2463 MHz, 0x0000000000000000, 73, 44.67 W
2026/09/15 13:54:03.201, 2463 MHz, 0x0000000000000000, 73, 45.02 W
2026/09/15 13:54:04.201, 2463 MHz, 0x0000000000000000, 73, 44.87 W
2026/09/15 13:54:05.202, 2463 MHz, 0x0000000000000000, 73, 44.90 W
2026/09/15 13:54:06.202, 2463 MHz, 0x0000000000000000, 73, 44.71 W
2026/09/15 13:54:07.202, 2463 MHz, 0x0000000000000000, 73, 44.74 W
2026/09/15 13:54:08.203, 2463 MHz, 0x0000000000000000, 73, 44.53 W
2026/09/15 13:54:09.203, 2463 MHz, 0x0000000000000000, 73, 44.64 W
2026/09/15 13:54:10.204, 2463 MHz, 0x0000000000000000, 73, 44.92 W
2026/09/15 13:54:11.204, 2463 MHz, 0x0000000000000000, 73, 45.03 W
2026/09/15 13:54:12.204, 2463 MHz, 0x0000000000000000, 73, 45.05 W
2026/09/15 13:54:13.204, 2463 MHz, 0x0000000000000000, 73, 44.84 W
2026/09/15 13:54:14.205, 2463 MHz, 0x0000000000000000, 73, 44.66 W
2026/09/15 13:54:15.205, 2463 MHz, 0x0000000000000000, 73, 44.73 W
2026/09/15 13:54:16.205, 2463 MHz, 0x0000000000000000, 73, 44.57 W
2026/09/15 13:54:17.206, 2463 MHz, 0x0000000000000000, 73, 44.41 W
2026/09/15 13:54:18.206, 2463 MHz, 0x0000000000000000, 73, 44.49 W
2026/09/15 13:54:19.206, 2463 MHz, 0x0000000000000000, 73, 44.44 W
2026/09/15 13:54:20.206, 2463 MHz, 0x0000000000000000, 73, 44.78 W
2026/09/15 13:54:21.206, 2463 MHz, 0x0000000000000000, 73, 45.14 W
2026/09/15 13:54:22.206, 2405 MHz, 0x0000000000000000, 69, 25.89 W
2026/09/15 13:54:23.207, 2405 MHz, 0x0000000000000000, 68, 17.42 W
2026/09/15 13:54:24.207, 2450 MHz, 0x0000000000000000, 77, 47.93 W
2026/09/15 13:54:25.207, 2450 MHz, 0x0000000000000000, 76, 71.06 W
2026/09/15 13:54:26.208, 2450 MHz, 0x0000000000000000, 76, 72.96 W
2026/09/15 13:54:27.208, 2450 MHz, 0x0000000000000000, 75, 50.27 W
2026/09/15 13:54:28.208, 2450 MHz, 0x0000000000000000, 75, 70.80 W
2026/09/15 13:54:29.208, 2450 MHz, 0x0000000000000000, 76, 72.82 W
2026/09/15 13:54:30.208, 2450 MHz, 0x0000000000000000, 77, 70.79 W
2026/09/15 13:54:31.208, 2450 MHz, 0x0000000000000000, 77, 71.39 W
2026/09/15 13:54:32.209, 2450 MHz, 0x0000000000000000, 79, 71.46 W
2026/09/15 13:54:33.209, 2450 MHz, 0x0000000000000000, 79, 72.23 W
2026/09/15 13:54:34.209, 2450 MHz, 0x0000000000000000, 77, 71.76 W
2026/09/15 13:54:35.210, 2450 MHz, 0x0000000000000000, 78, 71.14 W
2026/09/15 13:54:36.210, 2450 MHz, 0x0000000000000000, 75, 71.95 W
2026/09/15 13:54:37.210, 2450 MHz, 0x0000000000000000, 77, 73.03 W
2026/09/15 13:54:38.210, 2463 MHz, 0x0000000000000000, 75, 54.85 W
2026/09/15 13:54:39.210, 2463 MHz, 0x0000000000000000, 75, 48.27 W
2026/09/15 13:54:40.211, 2463 MHz, 0x0000000000000000, 75, 47.64 W
2026/09/15 13:54:41.211, 2463 MHz, 0x0000000000000000, 75, 48.06 W
2026/09/15 13:54:42.211, 2463 MHz, 0x0000000000000000, 75, 48.07 W
2026/09/15 13:54:43.211, 2463 MHz, 0x0000000000000000, 75, 48.37 W
2026/09/15 13:54:44.212, 2463 MHz, 0x0000000000000000, 75, 48.65 W
2026/09/15 13:54:45.212, 2463 MHz, 0x0000000000000000, 75, 48.45 W
2026/09/15 13:54:46.212, 2463 MHz, 0x0000000000000000, 75, 48.29 W
2026/09/15 13:54:47.212, 2463 MHz, 0x0000000000000000, 74, 48.41 W
2026/09/15 13:54:48.212, 2463 MHz, 0x0000000000000000, 75, 48.63 W
2026/09/15 13:54:49.213, 2463 MHz, 0x0000000000000000, 75, 48.42 W
2026/09/15 13:54:50.213, 2463 MHz, 0x0000000000000000, 74, 48.01 W
2026/09/15 13:54:51.213, 2463 MHz, 0x0000000000000000, 74, 48.01 W
2026/09/15 13:54:52.213, 2463 MHz, 0x0000000000000000, 74, 48.67 W
2026/09/15 13:54:53.213, 2463 MHz, 0x0000000000000000, 74, 48.66 W
2026/09/15 13:54:54.214, 2463 MHz, 0x0000000000000000, 75, 48.78 W
2026/09/15 13:54:55.214, 2463 MHz, 0x0000000000000000, 74, 48.38 W
2026/09/15 13:54:56.215, 2463 MHz, 0x0000000000000000, 74, 48.28 W
2026/09/15 13:54:57.215, 2463 MHz, 0x0000000000000000, 74, 48.36 W
2026/09/15 13:54:58.216, 2463 MHz, 0x0000000000000000, 74, 48.24 W
2026/09/15 13:54:59.216, 2463 MHz, 0x0000000000000000, 74, 48.00 W
2026/09/15 13:55:00.217, 2463 MHz, 0x0000000000000000, 74, 47.75 W
2026/09/15 13:55:01.217, 2463 MHz, 0x0000000000000000, 74, 48.49 W
2026/09/15 13:55:02.217, 2463 MHz, 0x0000000000000000, 74, 48.51 W
2026/09/15 13:55:03.218, 2463 MHz, 0x0000000000000000, 74, 48.28 W
2026/09/15 13:55:04.219, 2463 MHz, 0x0000000000000000, 74, 48.16 W
2026/09/15 13:55:05.219, 2463 MHz, 0x0000000000000000, 74, 48.07 W
2026/09/15 13:55:06.219, 2463 MHz, 0x0000000000000000, 74, 48.23 W
2026/09/15 13:55:07.219, 2463 MHz, 0x0000000000000000, 74, 48.32 W
2026/09/15 13:55:08.220, 2463 MHz, 0x0000000000000000, 74, 48.30 W
2026/09/15 13:55:09.220, 2463 MHz, 0x0000000000000000, 74, 48.26 W
2026/09/15 13:55:10.220, 2463 MHz, 0x0000000000000000, 74, 48.12 W
2026/09/15 13:55:11.220, 2463 MHz, 0x0000000000000000, 74, 47.74 W
2026/09/15 13:55:12.221, 2405 MHz, 0x0000000000000000, 69, 22.00 W
2026/09/15 13:55:13.221, 2405 MHz, 0x0000000000000000, 68, 17.53 W
2026/09/15 13:55:14.222, 2405 MHz, 0x0000000000000000, 68, 17.31 W
2026/09/15 13:55:15.223, 2405 MHz, 0x0000000000000000, 67, 17.13 W
2026/09/15 13:55:16.224, 2405 MHz, 0x0000000000000000, 67, 17.02 W
2026/09/15 13:55:17.225, 2405 MHz, 0x0000000000000000, 66, 16.90 W
2026/09/15 13:55:18.226, 2405 MHz, 0x0000000000000000, 66, 16.77 W
2026/09/15 13:55:19.226, 2405 MHz, 0x0000000000000000, 65, 16.69 W
2026/09/15 13:55:20.227, 2405 MHz, 0x0000000000000000, 65, 16.58 W
2026/09/15 13:55:21.228, 2405 MHz, 0x0000000000000000, 64, 16.48 W
2026/09/15 13:55:22.229, 2405 MHz, 0x0000000000000000, 64, 16.38 W
2026/09/15 13:55:23.230, 2405 MHz, 0x0000000000000000, 63, 16.37 W
2026/09/15 13:55:24.231, 2405 MHz, 0x0000000000000000, 63, 16.33 W
2026/09/15 13:55:25.231, 2405 MHz, 0x0000000000000000, 63, 16.25 W
2026/09/15 13:55:26.232, 2405 MHz, 0x0000000000000000, 63, 16.22 W
2026/09/15 13:55:27.233, 2405 MHz, 0x0000000000000000, 62, 16.16 W
2026/09/15 13:55:28.233, 2405 MHz, 0x0000000000000000, 62, 15.84 W
2026/09/15 13:55:29.234, 2405 MHz, 0x0000000000000000, 62, 15.86 W
2026/09/15 13:55:30.234, 2405 MHz, 0x0000000000000000, 61, 15.80 W
2026/09/15 13:55:31.234, 2405 MHz, 0x0000000000000000, 61, 15.85 W
2026/09/15 13:55:32.234, 2405 MHz, 0x0000000000000000, 61, 15.59 W
2026/09/15 13:55:33.235, 2405 MHz, 0x0000000000000000, 61, 16.43 W
2026/09/15 13:55:34.235, 2405 MHz, 0x0000000000000000, 61, 16.23 W
2026/09/15 13:55:35.236, 2405 MHz, 0x0000000000000000, 61, 15.60 W
2026/09/15 13:55:36.236, 208 MHz, 0x0000000000000000, 59, 7.25 W
2026/09/15 13:55:37.236, 208 MHz, 0x0000000000000000, 59, 7.18 W
2026/09/15 13:55:38.237, 208 MHz, 0x0000000000000004, 59, 6.64 W
2026/09/15 13:55:39.237, 2405 MHz, 0x0000000000000000, 60, 15.90 W
2026/09/15 13:55:40.238, 2405 MHz, 0x0000000000000000, 60, 15.27 W
2026/09/15 13:55:41.238, 208 MHz, 0x0000000000000000, 59, 7.19 W
2026/09/15 13:55:42.239, 208 MHz, 0x0000000000000000, 59, 7.07 W
2026/09/15 13:55:43.239, 208 MHz, 0x0000000000000000, 58, 6.54 W
2026/09/15 13:55:44.240, 208 MHz, 0x0000000000000004, 58, 6.31 W
2026/09/15 13:55:45.240, 208 MHz, 0x0000000000000000, 58, 6.15 W
2026/09/15 13:55:46.241, 208 MHz, 0x0000000000000004, 58, 6.18 W
2026/09/15 13:55:47.241, 208 MHz, 0x0000000000000000, 58, 6.17 W
2026/09/15 13:55:48.242, 208 MHz, 0x0000000000000000, 58, 6.33 W
2026/09/15 13:55:49.242, 208 MHz, 0x0000000000000000, 58, 6.21 W
2026/09/15 13:55:50.243, 208 MHz, 0x0000000000000000, 58, 6.10 W
2026/09/15 13:55:51.243, 208 MHz, 0x0000000000000004, 58, 6.11 W
2026/09/15 13:55:52.243, 214 MHz, 0x0000000000000000, 58, 6.19 W
2026/09/15 13:55:53.243, 208 MHz, 0x0000000000000004, 58, 6.16 W
2026/09/15 13:55:54.243, 208 MHz, 0x0000000000000000, 58, 6.12 W
2026/09/15 13:55:55.244, 208 MHz, 0x0000000000000004, 58, 6.12 W
2026/09/15 13:55:56.244, 208 MHz, 0x0000000000000000, 58, 6.12 W
2026/09/15 13:55:57.244, 208 MHz, 0x0000000000000004, 58, 6.14 W
2026/09/15 13:55:58.244, 208 MHz, 0x0000000000000000, 58, 6.15 W
2026/09/15 13:55:59.245, 208 MHz, 0x0000000000000004, 58, 6.12 W
2026/09/15 13:56:00.245, 208 MHz, 0x0000000000000000, 58, 6.16 W
2026/09/15 13:56:01.246, 208 MHz, 0x0000000000000004, 58, 6.13 W
2026/09/15 13:56:02.246, 208 MHz, 0x0000000000000000, 57, 6.06 W
2026/09/15 13:56:03.246, 208 MHz, 0x0000000000000004, 57, 6.08 W
2026/09/15 13:56:04.246, 208 MHz, 0x0000000000000000, 57, 6.00 W
2026/09/15 13:56:05.246, 208 MHz, 0x0000000000000004, 57, 6.00 W
2026/09/15 13:56:06.247, 208 MHz, 0x0000000000000000, 57, 6.02 W
2026/09/15 13:56:07.247, 208 MHz, 0x0000000000000004, 57, 6.05 W
2026/09/15 13:56:08.247, 208 MHz, 0x0000000000000000, 57, 5.99 W
2026/09/15 13:56:09.247, 208 MHz, 0x0000000000000004, 57, 6.03 W
2026/09/15 13:56:10.247, 208 MHz, 0x0000000000000000, 57, 6.02 W
2026/09/15 13:56:11.248, 208 MHz, 0x0000000000000004, 57, 6.01 W
2026/09/15 13:56:12.248, 208 MHz, 0x0000000000000000, 57, 6.04 W
2026/09/15 13:56:13.248, 208 MHz, 0x0000000000000004, 57, 6.10 W
2026/09/15 13:56:14.249, 208 MHz, 0x0000000000000000, 57, 6.11 W
2026/09/15 13:56:15.249, 208 MHz, 0x0000000000000004, 57, 6.09 W
2026/09/15 13:56:16.250, 208 MHz, 0x0000000000000000, 58, 7.41 W
2026/09/15 13:56:17.250, 2405 MHz, 0x0000000000000000, 58, 15.18 W
2026/09/15 13:56:18.250, 2411 MHz, 0x0000000000000000, 58, 15.21 W
2026/09/15 13:56:19.250, 2405 MHz, 0x0000000000000000, 58, 15.16 W
2026/09/15 13:56:20.250, 2405 MHz, 0x0000000000000000, 58, 15.15 W
2026/09/15 13:56:21.251, 2405 MHz, 0x0000000000000000, 58, 15.23 W
2026/09/15 13:56:22.251, 2405 MHz, 0x0000000000000000, 59, 15.39 W
2026/09/15 13:56:23.252, 2405 MHz, 0x0000000000000000, 58, 15.38 W
2026/09/15 13:56:24.252, 2411 MHz, 0x0000000000000000, 58, 15.40 W
2026/09/15 13:56:25.252, 2405 MHz, 0x0000000000000000, 58, 15.24 W
2026/09/15 13:56:26.252, 2405 MHz, 0x0000000000000000, 58, 15.14 W
2026/09/15 13:56:27.252, 2431 MHz, 0x0000000000000000, 58, 15.92 W
2026/09/15 13:56:28.253, 2444 MHz, 0x0000000000000000, 59, 19.00 W
2026/09/15 13:56:29.253, 2431 MHz, 0x0000000000000000, 59, 20.53 W
2026/09/15 13:56:30.253, 2444 MHz, 0x0000000000000000, 60, 21.60 W
2026/09/15 13:56:31.253, 2431 MHz, 0x0000000000000000, 60, 18.03 W
2026/09/15 13:56:32.253, 2431 MHz, 0x0000000000000000, 61, 20.77 W
2026/09/15 13:56:33.254, 2424 MHz, 0x0000000000000000, 60, 18.98 W
2026/09/15 13:56:34.254, 2431 MHz, 0x0000000000000000, 60, 17.82 W
2026/09/15 13:56:35.254, 2418 MHz, 0x0000000000000000, 60, 16.87 W
2026/09/15 13:56:36.254, 2424 MHz, 0x0000000000000000, 60, 17.42 W
2026/09/15 13:56:37.254, 2418 MHz, 0x0000000000000000, 60, 17.58 W
2026/09/15 13:56:38.254, 2424 MHz, 0x0000000000000000, 61, 17.60 W
2026/09/15 13:56:39.254, 2418 MHz, 0x0000000000000000, 61, 17.24 W
2026/09/15 13:56:40.254, 2437 MHz, 0x0000000000000000, 61, 18.42 W
2026/09/15 13:56:41.254, 2411 MHz, 0x0000000000000000, 61, 16.88 W
2026/09/15 13:56:42.255, 2431 MHz, 0x0000000000000000, 61, 18.22 W
2026/09/15 13:56:43.255, 2457 MHz, 0x0000000000000000, 61, 18.43 W
2026/09/15 13:56:44.255, 2463 MHz, 0x0000000000000000, 61, 17.99 W
2026/09/15 13:56:45.255, 2437 MHz, 0x0000000000000000, 62, 18.19 W
2026/09/15 13:56:46.255, 2418 MHz, 0x0000000000000000, 62, 17.63 W
2026/09/15 13:56:47.255, 2431 MHz, 0x0000000000000000, 62, 18.34 W
2026/09/15 13:56:48.255, 2437 MHz, 0x0000000000000000, 62, 18.16 W
2026/09/15 13:56:49.255, 2457 MHz, 0x0000000000000000, 62, 18.05 W
2026/09/15 13:56:50.256, 2437 MHz, 0x0000000000000000, 62, 18.45 W
2026/09/15 13:56:51.256, 2444 MHz, 0x0000000000000000, 62, 18.93 W
2026/09/15 13:56:52.256, 2450 MHz, 0x0000000000000000, 62, 19.17 W
2026/09/15 13:56:53.256, 2457 MHz, 0x0000000000000000, 62, 20.00 W
2026/09/15 13:56:54.256, 2431 MHz, 0x0000000000000000, 62, 19.57 W
2026/09/15 13:56:55.257, 2463 MHz, 0x0000000000000000, 62, 19.28 W
2026/09/15 13:56:56.257, 2437 MHz, 0x0000000000000000, 62, 19.51 W
2026/09/15 13:56:57.257, 2437 MHz, 0x0000000000000000, 62, 19.29 W
2026/09/15 13:56:58.257, 2450 MHz, 0x0000000000000000, 62, 19.27 W
2026/09/15 13:56:59.258, 2437 MHz, 0x0000000000000000, 62, 19.66 W
2026/09/15 13:57:00.258, 2437 MHz, 0x0000000000000000, 62, 19.11 W
2026/09/15 13:57:01.258, 2437 MHz, 0x0000000000000000, 62, 19.64 W
2026/09/15 13:57:02.258, 2437 MHz, 0x0000000000000000, 62, 19.49 W
2026/09/15 13:57:03.259, 2411 MHz, 0x0000000000000000, 62, 18.89 W
2026/09/15 13:57:04.259, 2437 MHz, 0x0000000000000000, 62, 19.71 W
2026/09/15 13:57:05.259, 2431 MHz, 0x0000000000000000, 62, 19.48 W
2026/09/15 13:57:06.260, 2418 MHz, 0x0000000000000000, 62, 18.61 W
2026/09/15 13:57:07.260, 2444 MHz, 0x0000000000000000, 62, 19.98 W
2026/09/15 13:57:08.260, 2444 MHz, 0x0000000000000000, 62, 19.95 W
2026/09/15 13:57:09.260, 2418 MHz, 0x0000000000000000, 62, 18.83 W
2026/09/15 13:57:10.261, 2431 MHz, 0x0000000000000000, 62, 18.94 W
2026/09/15 13:57:11.261, 2431 MHz, 0x0000000000000000, 62, 18.51 W
2026/09/15 13:57:12.262, 2450 MHz, 0x0000000000000000, 62, 18.34 W
2026/09/15 13:57:13.262, 2431 MHz, 0x0000000000000000, 62, 18.61 W
2026/09/15 13:57:14.262, 2411 MHz, 0x0000000000000000, 62, 18.19 W
2026/09/15 13:57:15.262, 2437 MHz, 0x0000000000000000, 62, 19.01 W
2026/09/15 13:57:16.262, 2444 MHz, 0x0000000000000000, 62, 19.01 W
2026/09/15 13:57:17.263, 2431 MHz, 0x0000000000000000, 62, 18.27 W
2026/09/15 13:57:18.263, 2457 MHz, 0x0000000000000000, 62, 20.67 W
2026/09/15 13:57:19.263, 2444 MHz, 0x0000000000000000, 62, 19.16 W
2026/09/15 13:57:20.263, 2405 MHz, 0x0000000000000000, 62, 16.77 W
2026/09/15 13:57:21.264, 2405 MHz, 0x0000000000000000, 62, 16.72 W
2026/09/15 13:57:22.264, 2405 MHz, 0x0000000000000000, 62, 16.63 W
2026/09/15 13:57:23.265, 2405 MHz, 0x0000000000000000, 62, 20.79 W
2026/09/15 13:57:24.265, 2405 MHz, 0x0000000000000000, 61, 15.65 W
2026/09/15 13:57:25.266, 2405 MHz, 0x0000000000000000, 61, 15.58 W
2026/09/15 13:57:26.266, 2405 MHz, 0x0000000000000000, 61, 15.49 W
2026/09/15 13:57:27.266, 2405 MHz, 0x0000000000000000, 61, 15.43 W
2026/09/15 13:57:28.266, 2405 MHz, 0x0000000000000000, 61, 15.44 W
2026/09/15 13:57:29.267, 2405 MHz, 0x0000000000000000, 60, 15.67 W
2026/09/15 13:57:30.268, 2405 MHz, 0x0000000000000000, 75, 27.78 W
2026/09/15 13:57:31.268, 2385 MHz, 0x0000000000000000, 69, 89.33 W
2026/09/15 13:57:32.268, 2372 MHz, 0x0000000000000000, 75, 92.74 W
2026/09/15 13:57:33.269, 2314 MHz, 0x0000000000000000, 75, 90.47 W
2026/09/15 13:57:34.270, 2346 MHz, 0x0000000000000000, 77, 90.39 W
2026/09/15 13:57:35.271, 2366 MHz, 0x0000000000000000, 75, 91.02 W
2026/09/15 13:57:36.271, 2327 MHz, 0x0000000000000000, 77, 91.34 W
2026/09/15 13:57:37.272, 2320 MHz, 0x0000000000000000, 77, 89.65 W
2026/09/15 13:57:38.272, 2359 MHz, 0x0000000000000000, 76, 88.52 W
2026/09/15 13:57:39.272, 2346 MHz, 0x0000000000000000, 79, 92.15 W
2026/09/15 13:57:40.273, 2288 MHz, 0x0000000000000000, 68, 78.59 W
2026/09/15 13:57:41.273, 2405 MHz, 0x0000000000000000, 65, 17.02 W
2026/09/15 13:57:42.274, 2405 MHz, 0x0000000000000000, 65, 16.83 W
2026/09/15 13:57:43.275, 2405 MHz, 0x0000000000000000, 64, 16.70 W
2026/09/15 13:57:44.275, 2405 MHz, 0x0000000000000000, 64, 16.55 W
2026/09/15 13:57:45.276, 2405 MHz, 0x0000000000000000, 63, 16.53 W
2026/09/15 13:57:46.276, 2405 MHz, 0x0000000000000000, 63, 16.43 W
2026/09/15 13:57:47.277, 2405 MHz, 0x0000000000000000, 63, 16.33 W
2026/09/15 13:57:48.277, 2405 MHz, 0x0000000000000000, 63, 16.30 W
2026/09/15 13:57:49.277, 2437 MHz, 0x0000000000000000, 64, 19.67 W
2026/09/15 13:57:50.278, 2463 MHz, 0x0000000000000000, 65, 24.93 W
2026/09/15 13:57:51.279, 2405 MHz, 0x0000000000000000, 62, 19.91 W
2026/09/15 13:57:52.279, 2470 MHz, 0x0000000000000000, 63, 26.47 W
2026/09/15 13:57:53.280, 2463 MHz, 0x0000000000000000, 65, 30.38 W
2026/09/15 13:57:54.280, 2483 MHz, 0x0000000000000000, 63, 27.77 W
2026/09/15 13:57:55.280, 2483 MHz, 0x0000000000000000, 63, 26.96 W
2026/09/15 13:57:56.281, 2405 MHz, 0x0000000000000000, 62, 16.04 W
2026/09/15 13:57:57.281, 2405 MHz, 0x0000000000000000, 62, 15.78 W
2026/09/15 13:57:58.282, 2405 MHz, 0x0000000000000000, 61, 15.88 W
2026/09/15 13:57:59.282, 2405 MHz, 0x0000000000000000, 61, 15.86 W
2026/09/15 13:58:00.283, 2502 MHz, 0x0000000000000000, 62, 21.20 W
2026/09/15 13:58:01.283, 2502 MHz, 0x0000000000000000, 62, 23.12 W
2026/09/15 13:58:02.283, 2450 MHz, 0x0000000000000000, 67, 37.51 W
2026/09/15 13:58:03.284, 2405 MHz, 0x0000000000000000, 62, 36.96 W
2026/09/15 13:58:04.284, 2437 MHz, 0x0000000000000000, 62, 23.83 W
2026/09/15 13:58:05.285, 2405 MHz, 0x0000000000000000, 61, 15.88 W
2026/09/15 13:58:06.285, 2411 MHz, 0x0000000000000000, 61, 15.83 W
2026/09/15 13:58:07.285, 2405 MHz, 0x0000000000000000, 61, 15.58 W
2026/09/15 13:58:08.286, 2431 MHz, 0x0000000000000000, 61, 16.93 W
2026/09/15 13:58:09.286, 2450 MHz, 0x0000000000000000, 61, 16.87 W
2026/09/15 13:58:10.286, 2476 MHz, 0x0000000000000000, 61, 19.20 W
2026/09/15 13:58:11.287, 2405 MHz, 0x0000000000000000, 60, 17.59 W
2026/09/15 13:58:12.287, 2405 MHz, 0x0000000000000000, 60, 15.45 W
2026/09/15 13:58:13.287, 2405 MHz, 0x0000000000000000, 61, 16.82 W
2026/09/15 13:58:14.287, 2405 MHz, 0x0000000000000000, 60, 19.09 W
2026/09/15 13:58:15.288, 2411 MHz, 0x0000000000000000, 60, 16.09 W
2026/09/15 13:58:16.288, 2405 MHz, 0x0000000000000000, 60, 16.50 W
2026/09/15 13:58:17.288, 2405 MHz, 0x0000000000000000, 60, 15.53 W
2026/09/15 13:58:18.288, 2405 MHz, 0x0000000000000000, 60, 16.24 W
2026/09/15 13:58:19.288, 2405 MHz, 0x0000000000000000, 60, 16.38 W
2026/09/15 13:58:20.289, 2411 MHz, 0x0000000000000000, 59, 16.25 W
2026/09/15 13:58:21.289, 2431 MHz, 0x0000000000000000, 60, 25.47 W
2026/09/15 13:58:22.289, 2450 MHz, 0x0000000000000000, 60, 17.73 W
2026/09/15 13:58:23.289, 2450 MHz, 0x0000000000000000, 59, 19.09 W
2026/09/15 13:58:24.289, 2405 MHz, 0x0000000000000000, 59, 17.51 W
2026/09/15 13:58:25.290, 2463 MHz, 0x0000000000000000, 59, 19.26 W
2026/09/15 13:58:26.290, 2405 MHz, 0x0000000000000000, 59, 15.21 W
2026/09/15 13:58:27.291, 2405 MHz, 0x0000000000000000, 59, 15.15 W
2026/09/15 13:58:28.291, 2405 MHz, 0x0000000000000000, 59, 15.11 W
2026/09/15 13:58:29.292, 2405 MHz, 0x0000000000000000, 59, 15.12 W
2026/09/15 13:58:30.292, 2405 MHz, 0x0000000000000000, 58, 15.07 W
2026/09/15 13:58:31.293, 2405 MHz, 0x0000000000000000, 58, 15.00 W
2026/09/15 13:58:32.293, 2405 MHz, 0x0000000000000000, 58, 15.04 W
2026/09/15 13:58:33.294, 2405 MHz, 0x0000000000000000, 58, 15.05 W
2026/09/15 13:58:34.295, 2405 MHz, 0x0000000000000000, 58, 15.07 W
2026/09/15 13:58:35.295, 2405 MHz, 0x0000000000000000, 58, 15.01 W
2026/09/15 13:58:36.296, 2405 MHz, 0x0000000000000000, 58, 15.03 W
2026/09/15 13:58:37.296, 2405 MHz, 0x0000000000000000, 58, 15.01 W
2026/09/15 13:58:38.297, 2405 MHz, 0x0000000000000000, 58, 14.98 W
2026/09/15 13:58:39.298, 2405 MHz, 0x0000000000000000, 58, 15.01 W
2026/09/15 13:58:40.298, 2405 MHz, 0x0000000000000000, 58, 14.96 W
2026/09/15 13:58:41.299, 2405 MHz, 0x0000000000000000, 58, 14.95 W
2026/09/15 13:58:42.299, 2405 MHz, 0x0000000000000000, 58, 14.93 W
2026/09/15 13:58:43.299, 2405 MHz, 0x0000000000000000, 58, 14.91 W
2026/09/15 13:58:44.300, 2405 MHz, 0x0000000000000000, 58, 14.93 W
2026/09/15 13:58:45.301, 2405 MHz, 0x0000000000000000, 57, 14.94 W
2026/09/15 13:58:46.301, 2405 MHz, 0x0000000000000000, 57, 14.91 W
2026/09/15 13:58:47.301, 2405 MHz, 0x0000000000000000, 57, 14.85 W
2026/09/15 13:58:48.302, 2405 MHz, 0x0000000000000000, 57, 14.83 W
2026/09/15 13:58:49.302, 2405 MHz, 0x0000000000000000, 57, 14.84 W
2026/09/15 13:58:50.303, 2405 MHz, 0x0000000000000000, 57, 14.78 W
2026/09/15 13:58:51.304, 2405 MHz, 0x0000000000000000, 56, 14.76 W
2026/09/15 13:58:52.304, 2405 MHz, 0x0000000000000000, 56, 14.78 W
2026/09/15 13:58:53.305, 2405 MHz, 0x0000000000000000, 56, 14.75 W
2026/09/15 13:58:54.305, 2405 MHz, 0x0000000000000000, 56, 14.80 W
2026/09/15 13:58:55.305, 2405 MHz, 0x0000000000000000, 56, 14.84 W
2026/09/15 13:58:56.306, 2405 MHz, 0x0000000000000000, 58, 18.26 W
2026/09/15 13:58:57.306, 2405 MHz, 0x0000000000000000, 56, 16.45 W
2026/09/15 13:58:58.307, 2450 MHz, 0x0000000000000000, 59, 21.30 W
2026/09/15 13:58:59.307, 2502 MHz, 0x0000000000000000, 60, 35.75 W
2026/09/15 13:59:00.307, 2418 MHz, 0x0000000000000000, 57, 17.95 W
2026/09/15 13:59:01.308, 2470 MHz, 0x0000000000000000, 63, 53.77 W
2026/09/15 13:59:02.308, 2470 MHz, 0x0000000000000000, 62, 52.41 W
2026/09/15 13:59:03.308, 2444 MHz, 0x0000000000000000, 64, 30.01 W
2026/09/15 13:59:04.309, 2463 MHz, 0x0000000000000000, 65, 59.96 W
2026/09/15 13:59:05.309, 2470 MHz, 0x0000000000000000, 66, 60.85 W
2026/09/15 13:59:06.309, 2470 MHz, 0x0000000000000000, 67, 61.36 W
2026/09/15 13:59:07.309, 2470 MHz, 0x0000000000000000, 68, 61.87 W
2026/09/15 13:59:08.310, 2463 MHz, 0x0000000000000000, 68, 62.64 W
2026/09/15 13:59:09.311, 2463 MHz, 0x0000000000000000, 69, 62.86 W
2026/09/15 13:59:10.311, 2470 MHz, 0x0000000000000000, 69, 63.17 W
2026/09/15 13:59:11.312, 2470 MHz, 0x0000000000000000, 69, 63.73 W
2026/09/15 13:59:12.312, 2463 MHz, 0x0000000000000000, 70, 64.52 W
2026/09/15 13:59:13.312, 2463 MHz, 0x0000000000000000, 71, 65.00 W
2026/09/15 13:59:14.312, 2463 MHz, 0x0000000000000000, 71, 64.84 W
2026/09/15 13:59:15.313, 2463 MHz, 0x0000000000000000, 71, 65.58 W
2026/09/15 13:59:16.313, 2450 MHz, 0x0000000000000000, 71, 65.84 W
2026/09/15 13:59:17.314, 2450 MHz, 0x0000000000000000, 72, 66.42 W
2026/09/15 13:59:18.314, 2450 MHz, 0x0000000000000000, 72, 66.71 W
2026/09/15 13:59:19.315, 2450 MHz, 0x0000000000000000, 73, 67.18 W
2026/09/15 13:59:20.315, 2450 MHz, 0x0000000000000000, 74, 67.30 W
2026/09/15 13:59:21.316, 2450 MHz, 0x0000000000000000, 73, 67.36 W
2026/09/15 13:59:22.316, 2450 MHz, 0x0000000000000000, 73, 68.27 W
2026/09/15 13:59:23.316, 2450 MHz, 0x0000000000000000, 74, 68.50 W
2026/09/15 13:59:24.317, 2450 MHz, 0x0000000000000000, 76, 68.84 W
2026/09/15 13:59:25.317, 2450 MHz, 0x0000000000000000, 76, 69.37 W
2026/09/15 13:59:26.318, 2450 MHz, 0x0000000000000000, 74, 69.56 W
2026/09/15 13:59:27.318, 2450 MHz, 0x0000000000000000, 75, 69.89 W
2026/09/15 13:59:28.319, 2450 MHz, 0x0000000000000000, 76, 70.36 W
2026/09/15 13:59:29.319, 2450 MHz, 0x0000000000000000, 75, 70.71 W
2026/09/15 13:59:30.319, 2450 MHz, 0x0000000000000000, 76, 70.41 W
2026/09/15 13:59:31.320, 2450 MHz, 0x0000000000000000, 76, 71.40 W
2026/09/15 13:59:32.320, 2450 MHz, 0x0000000000000000, 77, 71.30 W
2026/09/15 13:59:33.320, 2450 MHz, 0x0000000000000000, 78, 71.28 W
2026/09/15 13:59:34.321, 2450 MHz, 0x0000000000000000, 77, 71.68 W
2026/09/15 13:59:35.321, 2450 MHz, 0x0000000000000000, 77, 71.70 W
2026/09/15 13:59:36.322, 2450 MHz, 0x0000000000000000, 77, 72.17 W
2026/09/15 13:59:37.322, 2444 MHz, 0x0000000000000000, 78, 72.73 W
2026/09/15 13:59:38.322, 2450 MHz, 0x0000000000000000, 79, 72.77 W
2026/09/15 13:59:39.323, 2450 MHz, 0x0000000000000000, 77, 73.21 W
2026/09/15 13:59:40.323, 2450 MHz, 0x0000000000000000, 78, 73.23 W
2026/09/15 13:59:41.324, 2450 MHz, 0x0000000000000000, 78, 72.85 W
2026/09/15 13:59:42.324, 2450 MHz, 0x0000000000000000, 80, 74.27 W
2026/09/15 13:59:43.325, 2444 MHz, 0x0000000000000000, 78, 74.50 W
2026/09/15 13:59:44.325, 2444 MHz, 0x0000000000000000, 79, 73.76 W
2026/09/15 13:59:45.325, 2444 MHz, 0x0000000000000000, 79, 74.95 W
2026/09/15 13:59:46.326, 2444 MHz, 0x0000000000000000, 81, 73.96 W
2026/09/15 13:59:47.326, 2444 MHz, 0x0000000000000000, 79, 74.57 W
2026/09/15 13:59:48.327, 2437 MHz, 0x0000000000000000, 80, 75.13 W
2026/09/15 13:59:49.327, 2437 MHz, 0x0000000000000000, 74, 68.24 W
2026/09/15 13:59:50.328, 2457 MHz, 0x0000000000000000, 73, 30.41 W
2026/09/15 13:59:51.328, 2444 MHz, 0x0000000000000000, 79, 62.28 W
2026/09/15 13:59:52.328, 2444 MHz, 0x0000000000000000, 79, 64.77 W
2026/09/15 13:59:53.329, 2444 MHz, 0x0000000000000000, 79, 65.28 W
2026/09/15 13:59:54.329, 2444 MHz, 0x0000000000000000, 79, 65.79 W
2026/09/15 13:59:55.329, 2444 MHz, 0x0000000000000000, 79, 65.79 W
2026/09/15 13:59:56.330, 2450 MHz, 0x0000000000000000, 80, 66.70 W
2026/09/15 13:59:57.330, 2444 MHz, 0x0000000000000000, 79, 67.15 W
2026/09/15 13:59:58.330, 2444 MHz, 0x0000000000000000, 79, 67.37 W
2026/09/15 13:59:59.331, 2444 MHz, 0x0000000000000000, 79, 67.69 W
2026/09/15 14:00:00.331, 2463 MHz, 0x0000000000000000, 78, 57.71 W
2026/09/15 14:00:01.331, 2444 MHz, 0x0000000000000000, 79, 58.52 W
2026/09/15 14:00:02.332, 2444 MHz, 0x0000000000000000, 75, 54.17 W
2026/09/15 14:00:03.332, 2405 MHz, 0x0000000000000000, 71, 20.08 W
2026/09/15 14:00:04.333, 2405 MHz, 0x0000000000000000, 70, 17.77 W
2026/09/15 14:00:05.333, 2405 MHz, 0x0000000000000000, 69, 17.51 W
2026/09/15 14:00:06.334, 2405 MHz, 0x0000000000000000, 68, 17.38 W
2026/09/15 14:00:07.335, 2405 MHz, 0x0000000000000000, 67, 17.15 W
2026/09/15 14:00:08.335, 2405 MHz, 0x0000000000000000, 66, 17.05 W
2026/09/15 14:00:09.336, 2405 MHz, 0x0000000000000000, 66, 16.91 W
2026/09/15 14:00:10.337, 2405 MHz, 0x0000000000000000, 65, 16.81 W
2026/09/15 14:00:11.337, 2405 MHz, 0x0000000000000000, 65, 16.70 W
2026/09/15 14:00:12.338, 2405 MHz, 0x0000000000000000, 64, 16.55 W
2026/09/15 14:00:13.338, 2405 MHz, 0x0000000000000000, 64, 16.44 W
2026/09/15 14:00:14.338, 2405 MHz, 0x0000000000000000, 63, 16.37 W
2026/09/15 14:00:15.339, 2405 MHz, 0x0000000000000000, 63, 16.24 W
2026/09/15 14:00:16.339, 2405 MHz, 0x0000000000000000, 62, 16.13 W
2026/09/15 14:00:17.339, 2405 MHz, 0x0000000000000000, 62, 16.06 W
2026/09/15 14:00:18.340, 2405 MHz, 0x0000000000000000, 62, 15.84 W
2026/09/15 14:00:19.340, 2405 MHz, 0x0000000000000000, 61, 15.90 W
2026/09/15 14:00:20.341, 2405 MHz, 0x0000000000000000, 61, 15.78 W
2026/09/15 14:00:21.341, 2405 MHz, 0x0000000000000000, 61, 16.31 W
2026/09/15 14:00:22.342, 2405 MHz, 0x0000000000000000, 60, 16.19 W
2026/09/15 14:00:23.342, 2405 MHz, 0x0000000000000000, 60, 15.96 W
2026/09/15 14:00:24.343, 2405 MHz, 0x0000000000000000, 60, 15.04 W
2026/09/15 14:00:25.343, 208 MHz, 0x0000000000000000, 59, 7.14 W
2026/09/15 14:00:26.344, 208 MHz, 0x0000000000000000, 59, 9.23 W
2026/09/15 14:00:27.344, 2405 MHz, 0x0000000000000000, 59, 15.29 W
2026/09/15 14:00:28.345, 2405 MHz, 0x0000000000000000, 59, 14.82 W
2026/09/15 14:00:29.345, 208 MHz, 0x0000000000000000, 58, 7.06 W
2026/09/15 14:00:30.346, 208 MHz, 0x0000000000000000, 58, 6.99 W
2026/09/15 14:00:31.346, 208 MHz, 0x0000000000000000, 57, 6.12 W
2026/09/15 14:00:32.346, 208 MHz, 0x0000000000000004, 57, 6.05 W
2026/09/15 14:00:33.347, 214 MHz, 0x0000000000000000, 57, 6.20 W
2026/09/15 14:00:34.347, 208 MHz, 0x0000000000000000, 57, 6.04 W
2026/09/15 14:00:35.348, 208 MHz, 0x0000000000000000, 57, 6.04 W
2026/09/15 14:00:36.348, 208 MHz, 0x0000000000000000, 56, 5.92 W
2026/09/15 14:00:37.349, 208 MHz, 0x0000000000000004, 56, 5.92 W
2026/09/15 14:00:38.349, 208 MHz, 0x0000000000000000, 56, 5.88 W
2026/09/15 14:00:39.350, 208 MHz, 0x0000000000000004, 56, 5.88 W
2026/09/15 14:00:40.350, 208 MHz, 0x0000000000000000, 56, 5.90 W
2026/09/15 14:00:41.350, 208 MHz, 0x0000000000000004, 56, 5.87 W
2026/09/15 14:00:42.351, 208 MHz, 0x0000000000000000, 56, 5.94 W
2026/09/15 14:00:43.351, 208 MHz, 0x0000000000000004, 56, 5.92 W
2026/09/15 14:00:44.352, 208 MHz, 0x0000000000000000, 55, 5.86 W
2026/09/15 14:00:45.352, 208 MHz, 0x0000000000000004, 55, 5.88 W
2026/09/15 14:00:46.352, 208 MHz, 0x0000000000000000, 55, 5.91 W
2026/09/15 14:00:47.353, 208 MHz, 0x0000000000000004, 55, 5.89 W
2026/09/15 14:00:48.353, 208 MHz, 0x0000000000000000, 55, 5.86 W
2026/09/15 14:00:49.353, 208 MHz, 0x0000000000000004, 55, 5.79 W
2026/09/15 14:00:50.353, 208 MHz, 0x0000000000000000, 55, 5.80 W
2026/09/15 14:00:51.354, 208 MHz, 0x0000000000000004, 55, 5.82 W
2026/09/15 14:00:52.354, 208 MHz, 0x0000000000000000, 55, 5.84 W
2026/09/15 14:00:53.355, 208 MHz, 0x0000000000000004, 55, 5.82 W
2026/09/15 14:00:54.355, 208 MHz, 0x0000000000000000, 55, 5.78 W
2026/09/15 14:00:55.355, 208 MHz, 0x0000000000000004, 54, 5.77 W
2026/09/15 14:00:56.356, 208 MHz, 0x0000000000000000, 54, 5.79 W
2026/09/15 14:00:57.357, 208 MHz, 0x0000000000000004, 54, 5.80 W
2026/09/15 14:00:58.357, 208 MHz, 0x0000000000000000, 54, 5.86 W
2026/09/15 14:00:59.358, 208 MHz, 0x0000000000000004, 54, 5.82 W
2026/09/15 14:01:00.359, 208 MHz, 0x0000000000000000, 54, 5.80 W
2026/09/15 14:01:01.360, 208 MHz, 0x0000000000000004, 54, 5.82 W
2026/09/15 14:01:02.360, 208 MHz, 0x0000000000000004, 54, 5.78 W
2026/09/15 14:01:03.361, 208 MHz, 0x0000000000000000, 54, 5.76 W
2026/09/15 14:01:04.361, 208 MHz, 0x0000000000000004, 54, 5.76 W
2026/09/15 14:01:05.362, 208 MHz, 0x0000000000000000, 54, 5.78 W
2026/09/15 14:01:06.362, 578 MHz, 0x0000000000000000, 53, 6.11 W
2026/09/15 14:01:07.363, 2405 MHz, 0x0000000000000000, 54, 14.77 W
2026/09/15 14:01:08.363, 2405 MHz, 0x0000000000000000, 54, 14.67 W
2026/09/15 14:01:09.363, 2405 MHz, 0x0000000000000000, 55, 14.55 W
2026/09/15 14:01:10.364, 2405 MHz, 0x0000000000000000, 55, 14.59 W
2026/09/15 14:01:11.364, 2411 MHz, 0x0000000000000000, 55, 14.70 W
2026/09/15 14:01:12.365, 2411 MHz, 0x0000000000000000, 55, 14.91 W
2026/09/15 14:01:13.365, 2411 MHz, 0x0000000000000000, 55, 14.72 W
2026/09/15 14:01:14.366, 2405 MHz, 0x0000000000000000, 55, 14.70 W
2026/09/15 14:01:15.366, 2411 MHz, 0x0000000000000000, 55, 14.60 W
2026/09/15 14:01:16.367, 2405 MHz, 0x0000000000000000, 55, 14.51 W
2026/09/15 14:01:17.367, 2463 MHz, 0x0000000000000000, 56, 18.36 W
2026/09/15 14:01:18.367, 2444 MHz, 0x0000000000000000, 56, 18.09 W
2026/09/15 14:01:19.368, 2431 MHz, 0x0000000000000000, 56, 18.86 W
2026/09/15 14:01:20.368, 2444 MHz, 0x0000000000000000, 56, 20.69 W
2026/09/15 14:01:21.369, 2444 MHz, 0x0000000000000000, 57, 18.45 W
2026/09/15 14:01:22.369, 2444 MHz, 0x0000000000000000, 57, 19.16 W
2026/09/15 14:01:23.369, 2431 MHz, 0x0000000000000000, 57, 18.92 W
2026/09/15 14:01:24.369, 2437 MHz, 0x0000000000000000, 57, 18.22 W
2026/09/15 14:01:25.369, 2502 MHz, 0x0000000000000000, 58, 19.47 W
2026/09/15 14:01:26.370, 2457 MHz, 0x0000000000000000, 58, 21.86 W
2026/09/15 14:01:27.370, 2444 MHz, 0x0000000000000000, 57, 20.34 W
2026/09/15 14:01:28.370, 2457 MHz, 0x0000000000000000, 58, 18.69 W
2026/09/15 14:01:29.371, 2450 MHz, 0x0000000000000000, 58, 19.31 W
2026/09/15 14:01:30.371, 2444 MHz, 0x0000000000000000, 58, 18.31 W
2026/09/15 14:01:31.371, 2431 MHz, 0x0000000000000000, 58, 17.97 W
2026/09/15 14:01:32.371, 2463 MHz, 0x0000000000000000, 58, 17.45 W
2026/09/15 14:01:33.372, 2437 MHz, 0x0000000000000000, 58, 17.33 W
2026/09/15 14:01:34.372, 2431 MHz, 0x0000000000000000, 58, 17.34 W
2026/09/15 14:01:35.373, 2444 MHz, 0x0000000000000000, 58, 17.44 W
2026/09/15 14:01:36.373, 2444 MHz, 0x0000000000000000, 58, 17.94 W
2026/09/15 14:01:37.373, 2463 MHz, 0x0000000000000000, 58, 17.27 W
2026/09/15 14:01:38.374, 2424 MHz, 0x0000000000000000, 58, 17.28 W
2026/09/15 14:01:39.374, 2431 MHz, 0x0000000000000000, 58, 17.40 W
2026/09/15 14:01:40.374, 2444 MHz, 0x0000000000000000, 58, 17.64 W
2026/09/15 14:01:41.374, 2450 MHz, 0x0000000000000000, 59, 17.98 W
2026/09/15 14:01:42.375, 2444 MHz, 0x0000000000000000, 59, 18.14 W
2026/09/15 14:01:43.375, 2437 MHz, 0x0000000000000000, 59, 18.29 W
2026/09/15 14:01:44.375, 2437 MHz, 0x0000000000000000, 59, 17.96 W
2026/09/15 14:01:45.376, 2411 MHz, 0x0000000000000000, 59, 17.43 W
2026/09/15 14:01:46.376, 2444 MHz, 0x0000000000000000, 59, 18.65 W
2026/09/15 14:01:47.376, 2450 MHz, 0x0000000000000000, 59, 18.86 W
2026/09/15 14:01:48.377, 2463 MHz, 0x0000000000000000, 59, 18.18 W
2026/09/15 14:01:49.377, 2444 MHz, 0x0000000000000000, 59, 18.78 W
2026/09/15 14:01:50.377, 2457 MHz, 0x0000000000000000, 59, 19.04 W
2026/09/15 14:01:51.378, 2463 MHz, 0x0000000000000000, 59, 18.34 W
2026/09/15 14:01:52.378, 2457 MHz, 0x0000000000000000, 60, 18.57 W
2026/09/15 14:01:53.378, 2444 MHz, 0x0000000000000000, 59, 18.71 W
2026/09/15 14:01:54.378, 2470 MHz, 0x0000000000000000, 60, 18.34 W
2026/09/15 14:01:55.379, 2444 MHz, 0x0000000000000000, 59, 18.90 W
2026/09/15 14:01:56.379, 2431 MHz, 0x0000000000000000, 59, 18.23 W
2026/09/15 14:01:57.380, 2437 MHz, 0x0000000000000000, 59, 17.82 W
2026/09/15 14:01:58.380, 2457 MHz, 0x0000000000000000, 60, 19.00 W
2026/09/15 14:01:59.380, 2450 MHz, 0x0000000000000000, 60, 19.33 W
2026/09/15 14:02:00.380, 2450 MHz, 0x0000000000000000, 60, 18.43 W
2026/09/15 14:02:01.381, 2444 MHz, 0x0000000000000000, 60, 18.74 W
2026/09/15 14:02:02.381, 2411 MHz, 0x0000000000000000, 60, 17.99 W
2026/09/15 14:02:03.381, 2437 MHz, 0x0000000000000000, 60, 18.99 W
2026/09/15 14:02:04.381, 2444 MHz, 0x0000000000000000, 60, 17.68 W
2026/09/15 14:02:05.382, 2502 MHz, 0x0000000000000000, 60, 19.59 W
2026/09/15 14:02:06.382, 2502 MHz, 0x0000000000000000, 61, 23.50 W
2026/09/15 14:02:07.383, 2437 MHz, 0x0000000000000000, 60, 18.91 W
2026/09/15 14:02:08.383, 2405 MHz, 0x0000000000000000, 60, 17.28 W
2026/09/15 14:02:09.384, 2405 MHz, 0x0000000000000000, 60, 16.06 W
2026/09/15 14:02:10.384, 2405 MHz, 0x0000000000000000, 60, 16.00 W
2026/09/15 14:02:11.384, 2457 MHz, 0x0000000000000000, 60, 20.15 W
2026/09/15 14:02:12.384, 2405 MHz, 0x0000000000000000, 59, 15.48 W
2026/09/15 14:02:13.385, 2502 MHz, 0x0000000000000000, 61, 22.10 W
2026/09/15 14:02:14.385, 2437 MHz, 0x0000000000000000, 60, 22.98 W
2026/09/15 14:02:15.386, 2405 MHz, 0x0000000000000000, 59, 15.28 W
2026/09/15 14:02:16.386, 2405 MHz, 0x0000000000000000, 59, 15.09 W
2026/09/15 14:02:17.386, 2405 MHz, 0x0000000000000000, 59, 15.06 W
2026/09/15 14:02:18.387, 2405 MHz, 0x0000000000000000, 59, 15.00 W
2026/09/15 14:02:19.387, 2405 MHz, 0x0000000000000000, 58, 15.01 W
2026/09/15 14:02:20.388, 2405 MHz, 0x0000000000000000, 58, 15.26 W
2026/09/15 14:02:21.388, 2418 MHz, 0x0000000000000000, 59, 21.36 W
2026/09/15 14:02:22.389, 2346 MHz, 0x0000000000000000, 72, 94.13 W
2026/09/15 14:02:23.389, 2385 MHz, 0x0000000000000000, 74, 92.16 W
2026/09/15 14:02:24.389, 2385 MHz, 0x0000000000000000, 74, 92.19 W
2026/09/15 14:02:25.389, 2320 MHz, 0x0000000000000000, 74, 88.45 W
2026/09/15 14:02:26.390, 2353 MHz, 0x0000000000000000, 75, 94.27 W
2026/09/15 14:02:27.390, 2379 MHz, 0x0000000000000000, 77, 92.10 W
2026/09/15 14:02:28.390, 2346 MHz, 0x0000000000000000, 72, 91.63 W
2026/09/15 14:02:29.390, 2327 MHz, 0x0000000000000000, 76, 94.03 W
2026/09/15 14:02:30.390, 2372 MHz, 0x0000000000000000, 77, 92.01 W
2026/09/15 14:02:31.391, 2372 MHz, 0x0000000000000000, 71, 84.09 W
2026/09/15 14:02:32.391, 2411 MHz, 0x0000000000000000, 63, 17.09 W
2026/09/15 14:02:33.391, 2483 MHz, 0x0000000000000000, 64, 23.44 W
2026/09/15 14:02:34.392, 2450 MHz, 0x0000000000000000, 68, 35.04 W
2026/09/15 14:02:35.392, 2405 MHz, 0x0000000000000000, 63, 41.52 W
2026/09/15 14:02:36.393, 2411 MHz, 0x0000000000000000, 63, 16.35 W
2026/09/15 14:02:37.393, 2450 MHz, 0x0000000000000000, 65, 24.63 W
2026/09/15 14:02:38.393, 2463 MHz, 0x0000000000000000, 64, 31.34 W
2026/09/15 14:02:39.394, 2444 MHz, 0x0000000000000000, 64, 28.31 W
2026/09/15 14:02:40.395, 2437 MHz, 0x0000000000000000, 63, 26.87 W
2026/09/15 14:02:41.395, 2405 MHz, 0x0000000000000000, 62, 18.43 W
2026/09/15 14:02:42.396, 2411 MHz, 0x0000000000000000, 62, 30.95 W
2026/09/15 14:02:43.397, 2457 MHz, 0x0000000000000000, 62, 17.45 W
2026/09/15 14:02:44.397, 2463 MHz, 0x0000000000000000, 62, 20.10 W
2026/09/15 14:02:45.398, 2431 MHz, 0x0000000000000000, 61, 18.93 W
2026/09/15 14:02:46.398, 2431 MHz, 0x0000000000000000, 61, 20.03 W
2026/09/15 14:02:47.398, 2405 MHz, 0x0000000000000000, 61, 17.34 W
2026/09/15 14:02:48.398, 2405 MHz, 0x0000000000000000, 61, 15.51 W
2026/09/15 14:02:49.399, 2424 MHz, 0x0000000000000000, 61, 20.01 W
2026/09/15 14:02:50.399, 2405 MHz, 0x0000000000000000, 60, 15.39 W
2026/09/15 14:02:51.400, 2444 MHz, 0x0000000000000000, 61, 22.69 W
2026/09/15 14:02:52.400, 2470 MHz, 0x0000000000000000, 61, 31.34 W
2026/09/15 14:02:53.401, 2450 MHz, 0x0000000000000000, 61, 21.04 W
2026/09/15 14:02:54.401, 2457 MHz, 0x0000000000000000, 61, 19.54 W
2026/09/15 14:02:55.402, 2437 MHz, 0x0000000000000000, 61, 19.43 W
2026/09/15 14:02:56.403, 2437 MHz, 0x0000000000000000, 62, 20.97 W
2026/09/15 14:02:57.403, 2405 MHz, 0x0000000000000000, 60, 20.53 W
2026/09/15 14:02:58.404, 2405 MHz, 0x0000000000000000, 59, 15.27 W
2026/09/15 14:02:59.404, 2405 MHz, 0x0000000000000000, 59, 15.19 W
2026/09/15 14:03:00.404, 2405 MHz, 0x0000000000000000, 59, 15.14 W
2026/09/15 14:03:01.404, 2405 MHz, 0x0000000000000000, 59, 15.12 W
2026/09/15 14:03:02.405, 2405 MHz, 0x0000000000000000, 59, 15.07 W
2026/09/15 14:03:03.406, 2405 MHz, 0x0000000000000000, 59, 15.05 W
2026/09/15 14:03:04.406, 2405 MHz, 0x0000000000000000, 59, 15.04 W
2026/09/15 14:03:05.406, 2405 MHz, 0x0000000000000000, 59, 15.06 W
2026/09/15 14:03:06.407, 2405 MHz, 0x0000000000000000, 58, 15.01 W
2026/09/15 14:03:07.407, 2405 MHz, 0x0000000000000000, 58, 15.03 W
2026/09/15 14:03:08.408, 2405 MHz, 0x0000000000000000, 58, 15.00 W
2026/09/15 14:03:09.408, 2405 MHz, 0x0000000000000000, 58, 15.01 W
2026/09/15 14:03:10.409, 2405 MHz, 0x0000000000000000, 58, 14.96 W
2026/09/15 14:03:11.409, 2405 MHz, 0x0000000000000000, 58, 14.90 W
2026/09/15 14:03:12.410, 2405 MHz, 0x0000000000000000, 58, 14.91 W
2026/09/15 14:03:13.410, 2405 MHz, 0x0000000000000000, 58, 14.92 W
2026/09/15 14:03:14.411, 2405 MHz, 0x0000000000000000, 57, 14.85 W
2026/09/15 14:03:15.411, 2405 MHz, 0x0000000000000000, 57, 14.78 W
2026/09/15 14:03:16.412, 2405 MHz, 0x0000000000000000, 57, 14.81 W
2026/09/15 14:03:17.412, 2405 MHz, 0x0000000000000000, 57, 14.78 W
2026/09/15 14:03:18.412, 2405 MHz, 0x0000000000000000, 57, 14.71 W
2026/09/15 14:03:19.413, 2405 MHz, 0x0000000000000000, 57, 14.68 W
2026/09/15 14:03:20.413, 2405 MHz, 0x0000000000000000, 57, 19.38 W
2026/09/15 14:03:21.414, 2431 MHz, 0x0000000000000000, 57, 16.30 W
2026/09/15 14:03:22.414, 2502 MHz, 0x0000000000000000, 60, 36.76 W
2026/09/15 14:03:23.414, 2502 MHz, 0x0000000000000000, 61, 38.05 W
2026/09/15 14:03:24.415, 2502 MHz, 0x0000000000000000, 61, 35.93 W
2026/09/15 14:03:25.415, 2502 MHz, 0x0000000000000000, 62, 38.15 W
2026/09/15 14:03:26.415, 2502 MHz, 0x0000000000000000, 62, 38.08 W
2026/09/15 14:03:27.416, 2502 MHz, 0x0000000000000000, 63, 38.31 W
2026/09/15 14:03:28.416, 2502 MHz, 0x0000000000000000, 63, 38.44 W
2026/09/15 14:03:29.416, 2483 MHz, 0x0000000000000000, 62, 37.42 W
2026/09/15 14:03:30.417, 2483 MHz, 0x0000000000000000, 63, 37.63 W
2026/09/15 14:03:31.417, 2483 MHz, 0x0000000000000000, 64, 38.39 W
2026/09/15 14:03:32.418, 2476 MHz, 0x0000000000000000, 64, 40.47 W
2026/09/15 14:03:33.418, 2476 MHz, 0x0000000000000000, 66, 40.90 W
2026/09/15 14:03:34.418, 2483 MHz, 0x0000000000000000, 64, 38.59 W
2026/09/15 14:03:35.419, 2483 MHz, 0x0000000000000000, 65, 38.61 W
2026/09/15 14:03:36.419, 2483 MHz, 0x0000000000000000, 65, 38.85 W
2026/09/15 14:03:37.419, 2483 MHz, 0x0000000000000000, 65, 37.68 W
2026/09/15 14:03:38.420, 2483 MHz, 0x0000000000000000, 65, 38.85 W
2026/09/15 14:03:39.420, 2483 MHz, 0x0000000000000000, 65, 38.99 W
2026/09/15 14:03:40.420, 2483 MHz, 0x0000000000000000, 66, 38.82 W
2026/09/15 14:03:41.420, 2483 MHz, 0x0000000000000000, 66, 39.20 W
2026/09/15 14:03:42.421, 2483 MHz, 0x0000000000000000, 65, 37.94 W
2026/09/15 14:03:43.421, 2483 MHz, 0x0000000000000000, 66, 39.05 W
2026/09/15 14:03:44.421, 2483 MHz, 0x0000000000000000, 66, 39.03 W
2026/09/15 14:03:45.422, 2483 MHz, 0x0000000000000000, 66, 39.13 W
2026/09/15 14:03:46.422, 2483 MHz, 0x0000000000000000, 67, 41.82 W
2026/09/15 14:03:47.423, 2476 MHz, 0x0000000000000000, 67, 42.48 W
2026/09/15 14:03:48.423, 2483 MHz, 0x0000000000000000, 67, 38.79 W
2026/09/15 14:03:49.424, 2483 MHz, 0x0000000000000000, 67, 39.50 W
2026/09/15 14:03:50.424, 2483 MHz, 0x0000000000000000, 67, 38.22 W
2026/09/15 14:03:51.425, 2483 MHz, 0x0000000000000000, 67, 39.37 W
2026/09/15 14:03:52.425, 2483 MHz, 0x0000000000000000, 67, 39.48 W
2026/09/15 14:03:53.425, 2483 MHz, 0x0000000000000000, 68, 39.47 W
2026/09/15 14:03:54.425, 2483 MHz, 0x0000000000000000, 68, 39.59 W
2026/09/15 14:03:55.425, 2483 MHz, 0x0000000000000000, 67, 38.18 W
2026/09/15 14:03:56.426, 2483 MHz, 0x0000000000000000, 68, 40.09 W
2026/09/15 14:03:57.427, 2483 MHz, 0x0000000000000000, 68, 39.78 W
2026/09/15 14:03:58.427, 2483 MHz, 0x0000000000000000, 68, 39.83 W
2026/09/15 14:03:59.428, 2483 MHz, 0x0000000000000000, 68, 42.28 W
2026/09/15 14:04:00.428, 2476 MHz, 0x0000000000000000, 69, 43.10 W
2026/09/15 14:04:01.428, 2483 MHz, 0x0000000000000000, 69, 38.95 W
2026/09/15 14:04:02.429, 2444 MHz, 0x0000000000000000, 73, 48.74 W
2026/09/15 14:04:03.430, 2444 MHz, 0x0000000000000000, 72, 56.10 W
2026/09/15 14:04:04.430, 2405 MHz, 0x0000000000000000, 66, 42.29 W
2026/09/15 14:04:05.431, 2444 MHz, 0x0000000000000000, 72, 44.18 W
2026/09/15 14:04:06.431, 2450 MHz, 0x0000000000000000, 73, 60.34 W
2026/09/15 14:04:07.432, 2450 MHz, 0x0000000000000000, 74, 60.71 W
2026/09/15 14:04:08.432, 2450 MHz, 0x0000000000000000, 72, 59.77 W
2026/09/15 14:04:09.432, 2450 MHz, 0x0000000000000000, 74, 61.75 W
2026/09/15 14:04:10.433, 2450 MHz, 0x0000000000000000, 74, 62.40 W
2026/09/15 14:04:11.433, 2450 MHz, 0x0000000000000000, 75, 62.92 W
2026/09/15 14:04:12.434, 2450 MHz, 0x0000000000000000, 74, 63.08 W
2026/09/15 14:04:13.434, 2444 MHz, 0x0000000000000000, 76, 63.63 W
2026/09/15 14:04:14.434, 2444 MHz, 0x0000000000000000, 75, 63.77 W
2026/09/15 14:04:15.435, 2444 MHz, 0x0000000000000000, 75, 64.07 W
2026/09/15 14:04:16.435, 2444 MHz, 0x0000000000000000, 76, 64.82 W
2026/09/15 14:04:17.436, 2444 MHz, 0x0000000000000000, 78, 65.14 W
2026/09/15 14:04:18.436, 2450 MHz, 0x0000000000000000, 76, 65.54 W
2026/09/15 14:04:19.436, 2450 MHz, 0x0000000000000000, 78, 66.03 W
2026/09/15 14:04:20.437, 2450 MHz, 0x0000000000000000, 77, 65.62 W
2026/09/15 14:04:21.437, 2450 MHz, 0x0000000000000000, 76, 65.99 W
2026/09/15 14:04:22.438, 2450 MHz, 0x0000000000000000, 78, 67.20 W
2026/09/15 14:04:23.438, 2450 MHz, 0x0000000000000000, 75, 67.08 W
2026/09/15 14:04:24.439, 2450 MHz, 0x0000000000000000, 76, 67.73 W
2026/09/15 14:04:25.439, 2450 MHz, 0x0000000000000000, 78, 67.38 W
2026/09/15 14:04:26.439, 2450 MHz, 0x0000000000000000, 79, 67.56 W
2026/09/15 14:04:27.440, 2444 MHz, 0x0000000000000000, 77, 68.14 W
2026/09/15 14:04:28.440, 2444 MHz, 0x0000000000000000, 78, 68.05 W
2026/09/15 14:04:29.440, 2444 MHz, 0x0000000000000000, 77, 68.12 W
2026/09/15 14:04:30.441, 2444 MHz, 0x0000000000000000, 79, 69.13 W
2026/09/15 14:04:31.441, 2450 MHz, 0x0000000000000000, 78, 69.24 W
2026/09/15 14:04:32.442, 2450 MHz, 0x0000000000000000, 80, 69.98 W
2026/09/15 14:04:33.442, 2450 MHz, 0x0000000000000000, 81, 70.97 W
2026/09/15 14:04:34.442, 2444 MHz, 0x0000000000000000, 80, 69.93 W
2026/09/15 14:04:35.442, 2437 MHz, 0x0000000000000000, 81, 70.15 W
2026/09/15 14:04:36.443, 2444 MHz, 0x0000000000000000, 79, 69.82 W
2026/09/15 14:04:37.443, 2444 MHz, 0x0000000000000000, 79, 70.25 W
2026/09/15 14:04:38.444, 2437 MHz, 0x0000000000000000, 80, 70.92 W
2026/09/15 14:04:39.444, 2444 MHz, 0x0000000000000000, 80, 71.78 W
2026/09/15 14:04:40.445, 2437 MHz, 0x0000000000000000, 80, 71.13 W
2026/09/15 14:04:41.445, 2437 MHz, 0x0000000000000000, 81, 71.59 W
2026/09/15 14:04:42.446, 2437 MHz, 0x0000000000000000, 81, 70.83 W
2026/09/15 14:04:43.446, 2437 MHz, 0x0000000000000000, 79, 70.89 W
2026/09/15 14:04:44.446, 2437 MHz, 0x0000000000000000, 80, 73.78 W
2026/09/15 14:04:45.447, 2437 MHz, 0x0000000000000000, 80, 71.41 W
2026/09/15 14:04:46.447, 2431 MHz, 0x0000000000000000, 80, 71.97 W
2026/09/15 14:04:47.448, 2431 MHz, 0x0000000000000000, 81, 72.15 W
2026/09/15 14:04:48.448, 2431 MHz, 0x0000000000000000, 82, 72.84 W
2026/09/15 14:04:49.449, 2424 MHz, 0x0000000000000000, 81, 73.61 W
2026/09/15 14:04:50.449, 2424 MHz, 0x0000000000000000, 81, 72.45 W
2026/09/15 14:04:51.450, 2431 MHz, 0x0000000000000000, 80, 72.47 W
2026/09/15 14:04:52.450, 2431 MHz, 0x0000000000000000, 81, 72.83 W
2026/09/15 14:04:53.451, 2431 MHz, 0x0000000000000000, 81, 74.29 W
2026/09/15 14:04:54.451, 2424 MHz, 0x0000000000000000, 81, 73.15 W
2026/09/15 14:04:55.451, 2424 MHz, 0x0000000000000000, 83, 73.48 W
2026/09/15 14:04:56.452, 2450 MHz, 0x0000000000000000, 77, 66.70 W
2026/09/15 14:04:57.452, 2405 MHz, 0x0000000000000000, 73, 23.14 W
2026/09/15 14:04:58.453, 2437 MHz, 0x0000000000000000, 80, 45.20 W
2026/09/15 14:04:59.453, 2437 MHz, 0x0000000000000000, 79, 72.17 W
2026/09/15 14:05:00.454, 2431 MHz, 0x0000000000000000, 80, 75.50 W
2026/09/15 14:05:01.454, 2431 MHz, 0x0000000000000000, 82, 73.56 W
2026/09/15 14:05:02.454, 2437 MHz, 0x0000000000000000, 82, 73.13 W
2026/09/15 14:05:03.455, 2437 MHz, 0x0000000000000000, 78, 74.07 W
2026/09/15 14:05:04.455, 2431 MHz, 0x0000000000000000, 80, 73.65 W
2026/09/15 14:05:05.456, 2431 MHz, 0x0000000000000000, 80, 73.36 W
2026/09/15 14:05:06.456, 2431 MHz, 0x0000000000000000, 79, 73.66 W
2026/09/15 14:05:07.457, 2431 MHz, 0x0000000000000000, 80, 75.06 W
2026/09/15 14:05:08.457, 2437 MHz, 0x0000000000000000, 81, 73.80 W
2026/09/15 14:05:09.458, 2437 MHz, 0x0000000000000000, 82, 73.78 W
2026/09/15 14:05:10.458, 2424 MHz, 0x0000000000000000, 82, 75.74 W
2026/09/15 14:05:11.459, 2424 MHz, 0x0000000000000000, 83, 74.21 W
2026/09/15 14:05:12.459, 2437 MHz, 0x0000000000000000, 80, 73.52 W
2026/09/15 14:05:13.460, 2431 MHz, 0x0000000000000000, 81, 75.83 W
2026/09/15 14:05:14.461, 2431 MHz, 0x0000000000000000, 83, 74.45 W
2026/09/15 14:05:15.461, 2437 MHz, 0x0000000000000000, 80, 73.81 W
2026/09/15 14:05:16.461, 2431 MHz, 0x0000000000000000, 81, 75.96 W
2026/09/15 14:05:17.461, 2424 MHz, 0x0000000000000000, 82, 75.03 W
2026/09/15 14:05:18.462, 2437 MHz, 0x0000000000000000, 80, 73.68 W
2026/09/15 14:05:19.462, 2437 MHz, 0x0000000000000000, 82, 76.65 W
2026/09/15 14:05:20.463, 2424 MHz, 0x0000000000000000, 82, 75.40 W
2026/09/15 14:05:21.463, 2431 MHz, 0x0000000000000000, 83, 74.35 W
2026/09/15 14:05:22.464, 2431 MHz, 0x0000000000000000, 82, 76.96 W
2026/09/15 14:05:23.465, 2418 MHz, 0x0000000000000000, 81, 74.29 W
2026/09/15 14:05:24.465, 2431 MHz, 0x0000000000000000, 80, 75.01 W
2026/09/15 14:05:25.465, 2424 MHz, 0x0000000000000000, 82, 76.76 W
2026/09/15 14:05:26.465, 2418 MHz, 0x0000000000000000, 81, 74.70 W
2026/09/15 14:05:27.465, 2424 MHz, 0x0000000000000000, 82, 76.27 W
2026/09/15 14:05:28.466, 2418 MHz, 0x0000000000000000, 82, 75.89 W
2026/09/15 14:05:29.466, 2418 MHz, 0x0000000000000000, 81, 75.36 W
2026/09/15 14:05:30.467, 2424 MHz, 0x0000000000000000, 83, 77.43 W
2026/09/15 14:05:31.467, 2418 MHz, 0x0000000000000000, 81, 74.98 W
2026/09/15 14:05:32.468, 2431 MHz, 0x0000000000000000, 81, 75.49 W
2026/09/15 14:05:33.468, 2424 MHz, 0x0000000000000000, 81, 77.34 W
2026/09/15 14:05:34.469, 2411 MHz, 0x0000000000000000, 83, 76.47 W
2026/09/15 14:05:35.469, 2424 MHz, 0x0000000000000000, 82, 75.30 W
2026/09/15 14:05:36.470, 2418 MHz, 0x0000000000000000, 83, 76.88 W
2026/09/15 14:05:37.470, 2411 MHz, 0x0000000000000000, 83, 75.55 W
2026/09/15 14:05:38.471, 2424 MHz, 0x0000000000000000, 82, 76.20 W
2026/09/15 14:05:39.471, 2411 MHz, 0x0000000000000000, 82, 75.58 W
2026/09/15 14:05:40.471, 2424 MHz, 0x0000000000000000, 83, 76.18 W
2026/09/15 14:05:41.472, 2424 MHz, 0x0000000000000000, 82, 77.15 W
2026/09/15 14:05:42.472, 2411 MHz, 0x0000000000000000, 82, 75.90 W
2026/09/15 14:05:43.472, 2418 MHz, 0x0000000000000000, 83, 76.04 W
2026/09/15 14:05:44.472, 2411 MHz, 0x0000000000000000, 83, 77.53 W
2026/09/15 14:05:45.473, 2418 MHz, 0x0000000000000000, 83, 76.35 W
2026/09/15 14:05:46.473, 2424 MHz, 0x0000000000000000, 83, 77.73 W
2026/09/15 14:05:47.474, 2411 MHz, 0x0000000000000000, 83, 75.94 W
2026/09/15 14:05:48.474, 2424 MHz, 0x0000000000000000, 81, 76.19 W
2026/09/15 14:05:49.474, 2418 MHz, 0x0000000000000000, 82, 78.58 W
2026/09/15 14:05:50.475, 2411 MHz, 0x0000000000000000, 82, 75.95 W
2026/09/15 14:05:51.475, 2418 MHz, 0x0000000000000000, 83, 78.03 W
2026/09/15 14:05:52.475, 2405 MHz, 0x0000000000000000, 83, 76.69 W
2026/09/15 14:05:53.476, 2418 MHz, 0x0000000000000000, 81, 76.67 W
2026/09/15 14:05:54.476, 2418 MHz, 0x0000000000000000, 81, 77.85 W
2026/09/15 14:05:55.476, 2411 MHz, 0x0000000000000000, 83, 76.15 W
2026/09/15 14:05:56.477, 2418 MHz, 0x0000000000000000, 83, 78.21 W
2026/09/15 14:05:57.478, 2405 MHz, 0x0000000000000000, 82, 76.53 W
2026/09/15 14:05:58.478, 2418 MHz, 0x0000000000000000, 80, 76.01 W
2026/09/15 14:05:59.478, 2411 MHz, 0x0000000000000000, 84, 78.37 W
2026/09/15 14:06:00.478, 2411 MHz, 0x0000000000000000, 81, 76.32 W
2026/09/15 14:06:01.479, 2418 MHz, 0x0000000000000000, 83, 78.09 W
2026/09/15 14:06:02.479, 2405 MHz, 0x0000000000000000, 83, 76.86 W
2026/09/15 14:06:03.480, 2411 MHz, 0x0000000000000000, 82, 76.46 W
2026/09/15 14:06:04.480, 2398 MHz, 0x0000000000000000, 84, 78.81 W
2026/09/15 14:06:05.481, 2431 MHz, 0x0000000000000000, 82, 76.77 W
2026/09/15 14:06:06.481, 2418 MHz, 0x0000000000000000, 84, 79.08 W
2026/09/15 14:06:07.482, 2398 MHz, 0x0000000000000000, 82, 76.23 W
2026/09/15 14:06:08.482, 2418 MHz, 0x0000000000000000, 84, 79.33 W
2026/09/15 14:06:09.482, 2405 MHz, 0x0000000000000000, 82, 75.96 W
2026/09/15 14:06:10.483, 2405 MHz, 0x0000000000000000, 79, 78.06 W
2026/09/15 14:06:11.483, 2398 MHz, 0x0000000000000000, 84, 77.67 W
2026/09/15 14:06:12.483, 2444 MHz, 0x0000000000000000, 79, 70.79 W
2026/09/15 14:06:13.483, 2463 MHz, 0x0000000000000000, 78, 46.04 W
2026/09/15 14:06:14.484, 2463 MHz, 0x0000000000000000, 78, 47.98 W
2026/09/15 14:06:15.485, 2463 MHz, 0x0000000000000000, 78, 48.30 W
2026/09/15 14:06:16.485, 2463 MHz, 0x0000000000000000, 78, 48.10 W
2026/09/15 14:06:17.485, 2463 MHz, 0x0000000000000000, 77, 48.60 W
2026/09/15 14:06:18.486, 2463 MHz, 0x0000000000000000, 77, 48.27 W
2026/09/15 14:06:19.486, 2463 MHz, 0x0000000000000000, 77, 48.23 W
2026/09/15 14:06:20.487, 2463 MHz, 0x0000000000000000, 77, 48.08 W
2026/09/15 14:06:21.487, 2463 MHz, 0x0000000000000000, 77, 47.91 W
2026/09/15 14:06:22.487, 2463 MHz, 0x0000000000000000, 77, 47.98 W
2026/09/15 14:06:23.488, 2463 MHz, 0x0000000000000000, 77, 48.17 W
2026/09/15 14:06:24.488, 2463 MHz, 0x0000000000000000, 77, 48.16 W
2026/09/15 14:06:25.489, 2463 MHz, 0x0000000000000000, 77, 48.24 W
2026/09/15 14:06:26.489, 2463 MHz, 0x0000000000000000, 76, 47.78 W
2026/09/15 14:06:27.490, 2463 MHz, 0x0000000000000000, 76, 47.78 W
2026/09/15 14:06:28.490, 2463 MHz, 0x0000000000000000, 76, 47.05 W
2026/09/15 14:06:29.491, 2463 MHz, 0x0000000000000000, 76, 45.80 W
2026/09/15 14:06:30.491, 2463 MHz, 0x0000000000000000, 75, 43.68 W
2026/09/15 14:06:31.491, 2463 MHz, 0x0000000000000000, 76, 48.39 W
2026/09/15 14:06:32.491, 2463 MHz, 0x0000000000000000, 76, 47.28 W
2026/09/15 14:06:33.491, 2463 MHz, 0x0000000000000000, 76, 47.60 W
2026/09/15 14:06:34.492, 2463 MHz, 0x0000000000000000, 76, 47.39 W
2026/09/15 14:06:35.492, 2463 MHz, 0x0000000000000000, 76, 47.41 W
2026/09/15 14:06:36.492, 2463 MHz, 0x0000000000000000, 76, 47.40 W
2026/09/15 14:06:37.493, 2463 MHz, 0x0000000000000000, 76, 47.64 W
2026/09/15 14:06:38.493, 2463 MHz, 0x0000000000000000, 76, 47.32 W
2026/09/15 14:06:39.494, 2463 MHz, 0x0000000000000000, 76, 47.05 W
2026/09/15 14:06:40.494, 2463 MHz, 0x0000000000000000, 75, 47.21 W
2026/09/15 14:06:41.495, 2463 MHz, 0x0000000000000000, 76, 47.36 W
2026/09/15 14:06:42.495, 2463 MHz, 0x0000000000000000, 76, 47.49 W
2026/09/15 14:06:43.496, 2463 MHz, 0x0000000000000000, 75, 47.54 W
2026/09/15 14:06:44.496, 2463 MHz, 0x0000000000000000, 75, 47.41 W
2026/09/15 14:06:45.497, 2463 MHz, 0x0000000000000000, 75, 47.48 W
2026/09/15 14:06:46.497, 2463 MHz, 0x0000000000000000, 75, 45.32 W
2026/09/15 14:06:47.497, 2463 MHz, 0x0000000000000000, 75, 44.80 W
2026/09/15 14:06:48.498, 2463 MHz, 0x0000000000000000, 75, 46.56 W
2026/09/15 14:06:49.498, 2463 MHz, 0x0000000000000000, 75, 46.78 W
2026/09/15 14:06:50.499, 2463 MHz, 0x0000000000000000, 75, 47.25 W
2026/09/15 14:06:51.499, 2463 MHz, 0x0000000000000000, 75, 46.93 W
2026/09/15 14:06:52.500, 2463 MHz, 0x0000000000000000, 75, 47.12 W
2026/09/15 14:06:53.500, 2463 MHz, 0x0000000000000000, 75, 47.08 W
2026/09/15 14:06:54.501, 2463 MHz, 0x0000000000000000, 75, 47.15 W
2026/09/15 14:06:55.501, 2463 MHz, 0x0000000000000000, 75, 46.90 W
2026/09/15 14:06:56.501, 2463 MHz, 0x0000000000000000, 75, 47.00 W
2026/09/15 14:06:57.502, 2463 MHz, 0x0000000000000000, 75, 46.97 W
2026/09/15 14:06:58.502, 2463 MHz, 0x0000000000000000, 75, 47.06 W
2026/09/15 14:06:59.502, 2463 MHz, 0x0000000000000000, 75, 47.23 W
2026/09/15 14:07:00.503, 2463 MHz, 0x0000000000000000, 75, 47.33 W
2026/09/15 14:07:01.503, 2463 MHz, 0x0000000000000000, 75, 47.02 W
2026/09/15 14:07:02.504, 2463 MHz, 0x0000000000000000, 75, 47.00 W
2026/09/15 14:07:03.504, 2463 MHz, 0x0000000000000000, 75, 47.12 W
2026/09/15 14:07:04.505, 2463 MHz, 0x0000000000000000, 75, 46.27 W
2026/09/15 14:07:05.505, 2463 MHz, 0x0000000000000000, 74, 44.78 W
2026/09/15 14:07:06.505, 2450 MHz, 0x0000000000000000, 73, 40.17 W
2026/09/15 14:07:07.505, 2463 MHz, 0x0000000000000000, 74, 41.70 W
2026/09/15 14:07:08.506, 2463 MHz, 0x0000000000000000, 74, 41.94 W
2026/09/15 14:07:09.506, 2463 MHz, 0x0000000000000000, 74, 42.00 W
2026/09/15 14:07:10.506, 2463 MHz, 0x0000000000000000, 74, 41.86 W
2026/09/15 14:07:11.507, 2463 MHz, 0x0000000000000000, 73, 40.13 W
2026/09/15 14:07:12.508, 2463 MHz, 0x0000000000000000, 73, 41.61 W
2026/09/15 14:07:13.508, 2463 MHz, 0x0000000000000000, 73, 41.60 W
2026/09/15 14:07:14.508, 2463 MHz, 0x0000000000000000, 73, 41.53 W
2026/09/15 14:07:15.509, 2463 MHz, 0x0000000000000000, 73, 40.17 W
2026/09/15 14:07:16.510, 2463 MHz, 0x0000000000000000, 73, 41.60 W
2026/09/15 14:07:17.510, 2463 MHz, 0x0000000000000000, 73, 41.74 W
2026/09/15 14:07:18.511, 2463 MHz, 0x0000000000000000, 73, 41.81 W
2026/09/15 14:07:19.511, 2463 MHz, 0x0000000000000000, 73, 41.72 W
2026/09/15 14:07:20.511, 2463 MHz, 0x0000000000000000, 73, 42.07 W
2026/09/15 14:07:21.512, 2463 MHz, 0x0000000000000000, 74, 45.30 W
2026/09/15 14:07:22.512, 2463 MHz, 0x0000000000000000, 74, 45.29 W
2026/09/15 14:07:23.512, 2463 MHz, 0x0000000000000000, 73, 45.40 W
2026/09/15 14:07:24.513, 2463 MHz, 0x0000000000000000, 73, 45.28 W
2026/09/15 14:07:25.513, 2463 MHz, 0x0000000000000000, 73, 45.36 W
2026/09/15 14:07:26.514, 2463 MHz, 0x0000000000000000, 74, 45.43 W
2026/09/15 14:07:27.515, 2457 MHz, 0x0000000000000000, 72, 42.27 W
2026/09/15 14:07:28.515, 2463 MHz, 0x0000000000000000, 73, 44.15 W
2026/09/15 14:07:29.515, 2463 MHz, 0x0000000000000000, 73, 45.09 W
2026/09/15 14:07:30.515, 2463 MHz, 0x0000000000000000, 74, 45.43 W
2026/09/15 14:07:31.516, 2463 MHz, 0x0000000000000000, 73, 45.29 W
2026/09/15 14:07:32.517, 2463 MHz, 0x0000000000000000, 73, 45.38 W
2026/09/15 14:07:33.518, 2463 MHz, 0x0000000000000000, 73, 44.44 W
2026/09/15 14:07:34.518, 2463 MHz, 0x0000000000000000, 73, 41.98 W
2026/09/15 14:07:35.518, 2463 MHz, 0x0000000000000000, 73, 45.25 W
2026/09/15 14:07:36.519, 2463 MHz, 0x0000000000000000, 73, 45.56 W
2026/09/15 14:07:37.519, 2463 MHz, 0x0000000000000000, 73, 45.36 W
2026/09/15 14:07:38.520, 2463 MHz, 0x0000000000000000, 73, 45.51 W
2026/09/15 14:07:39.520, 2463 MHz, 0x0000000000000000, 73, 45.66 W
2026/09/15 14:07:40.521, 2463 MHz, 0x0000000000000000, 73, 44.76 W
2026/09/15 14:07:41.521, 2463 MHz, 0x0000000000000000, 72, 41.37 W
2026/09/15 14:07:42.521, 2463 MHz, 0x0000000000000000, 73, 41.42 W
2026/09/15 14:07:43.522, 2463 MHz, 0x0000000000000000, 73, 41.39 W
2026/09/15 14:07:44.522, 2463 MHz, 0x0000000000000000, 72, 41.46 W
2026/09/15 14:07:45.522, 2463 MHz, 0x0000000000000000, 72, 41.28 W
2026/09/15 14:07:46.522, 2483 MHz, 0x0000000000000000, 72, 40.15 W
2026/09/15 14:07:47.523, 2483 MHz, 0x0000000000000000, 72, 41.20 W
2026/09/15 14:07:48.523, 2483 MHz, 0x0000000000000000, 72, 41.00 W
2026/09/15 14:07:49.524, 2483 MHz, 0x0000000000000000, 72, 41.07 W
2026/09/15 14:07:50.524, 2483 MHz, 0x0000000000000000, 72, 41.07 W
2026/09/15 14:07:51.525, 2483 MHz, 0x0000000000000000, 72, 40.39 W
2026/09/15 14:07:52.525, 2483 MHz, 0x0000000000000000, 72, 41.20 W
2026/09/15 14:07:53.526, 2483 MHz, 0x0000000000000000, 72, 41.27 W
2026/09/15 14:07:54.526, 2483 MHz, 0x0000000000000000, 72, 41.33 W
2026/09/15 14:07:55.527, 2483 MHz, 0x0000000000000000, 72, 41.18 W
2026/09/15 14:07:56.527, 2483 MHz, 0x0000000000000000, 72, 41.90 W
2026/09/15 14:07:57.528, 2483 MHz, 0x0000000000000000, 72, 43.62 W
2026/09/15 14:07:58.529, 2483 MHz, 0x0000000000000000, 72, 43.77 W
2026/09/15 14:07:59.530, 2483 MHz, 0x0000000000000000, 72, 43.87 W
2026/09/15 14:08:00.530, 2483 MHz, 0x0000000000000000, 72, 43.69 W
2026/09/15 14:08:01.530, 2483 MHz, 0x0000000000000000, 72, 42.44 W
2026/09/15 14:08:02.530, 2483 MHz, 0x0000000000000000, 72, 43.82 W
2026/09/15 14:08:03.531, 2483 MHz, 0x0000000000000000, 72, 43.75 W
2026/09/15 14:08:04.532, 2483 MHz, 0x0000000000000000, 72, 43.93 W
2026/09/15 14:08:05.532, 2483 MHz, 0x0000000000000000, 72, 44.01 W
2026/09/15 14:08:06.533, 2483 MHz, 0x0000000000000000, 72, 42.60 W
2026/09/15 14:08:07.533, 2483 MHz, 0x0000000000000000, 72, 41.77 W
2026/09/15 14:08:08.533, 2483 MHz, 0x0000000000000000, 72, 43.52 W
2026/09/15 14:08:09.534, 2483 MHz, 0x0000000000000000, 72, 43.63 W
2026/09/15 14:08:10.534, 2483 MHz, 0x0000000000000000, 72, 43.69 W
2026/09/15 14:08:11.535, 2483 MHz, 0x0000000000000000, 72, 43.60 W
2026/09/15 14:08:12.536, 2483 MHz, 0x0000000000000000, 72, 43.80 W
2026/09/15 14:08:13.536, 2483 MHz, 0x0000000000000000, 72, 41.58 W
2026/09/15 14:08:14.536, 2463 MHz, 0x0000000000000000, 73, 46.20 W
2026/09/15 14:08:15.537, 2463 MHz, 0x0000000000000000, 73, 46.34 W
2026/09/15 14:08:16.537, 2463 MHz, 0x0000000000000000, 73, 46.35 W
2026/09/15 14:08:17.537, 2463 MHz, 0x0000000000000000, 73, 46.37 W
2026/09/15 14:08:18.538, 2463 MHz, 0x0000000000000000, 73, 46.48 W
2026/09/15 14:08:19.538, 2463 MHz, 0x0000000000000000, 73, 46.34 W
2026/09/15 14:08:20.539, 2463 MHz, 0x0000000000000000, 72, 45.07 W
2026/09/15 14:08:21.539, 2476 MHz, 0x0000000000000000, 72, 40.95 W
2026/09/15 14:08:22.539, 2463 MHz, 0x0000000000000000, 73, 45.98 W
2026/09/15 14:08:23.540, 2463 MHz, 0x0000000000000000, 73, 46.19 W
2026/09/15 14:08:24.541, 2463 MHz, 0x0000000000000000, 73, 46.07 W
2026/09/15 14:08:25.541, 2463 MHz, 0x0000000000000000, 73, 46.33 W
2026/09/15 14:08:26.541, 2463 MHz, 0x0000000000000000, 73, 46.06 W
2026/09/15 14:08:27.542, 2463 MHz, 0x0000000000000000, 73, 46.32 W
2026/09/15 14:08:28.542, 2463 MHz, 0x0000000000000000, 73, 45.31 W
2026/09/15 14:08:29.543, 2470 MHz, 0x0000000000000000, 72, 42.74 W
2026/09/15 14:08:30.543, 2463 MHz, 0x0000000000000000, 73, 45.00 W
2026/09/15 14:08:31.544, 2463 MHz, 0x0000000000000000, 73, 46.20 W
2026/09/15 14:08:32.544, 2463 MHz, 0x0000000000000000, 73, 46.16 W
2026/09/15 14:08:33.545, 2463 MHz, 0x0000000000000000, 73, 46.39 W
2026/09/15 14:08:34.545, 2463 MHz, 0x0000000000000000, 73, 46.34 W
2026/09/15 14:08:35.545, 2463 MHz, 0x0000000000000000, 73, 46.52 W
2026/09/15 14:08:36.546, 2463 MHz, 0x0000000000000000, 73, 46.28 W
2026/09/15 14:08:37.546, 2463 MHz, 0x0000000000000000, 71, 42.30 W
2026/09/15 14:08:38.547, 2463 MHz, 0x0000000000000000, 72, 41.04 W
2026/09/15 14:08:39.547, 2463 MHz, 0x0000000000000000, 72, 41.19 W
2026/09/15 14:08:40.548, 2463 MHz, 0x0000000000000000, 72, 41.08 W
2026/09/15 14:08:41.548, 2463 MHz, 0x0000000000000000, 72, 41.22 W
2026/09/15 14:08:42.549, 2457 MHz, 0x0000000000000000, 71, 40.08 W
2026/09/15 14:08:43.550, 2483 MHz, 0x0000000000000000, 72, 41.03 W
2026/09/15 14:08:44.550, 2463 MHz, 0x0000000000000000, 72, 40.88 W
2026/09/15 14:08:45.551, 2463 MHz, 0x0000000000000000, 72, 40.88 W
2026/09/15 14:08:46.551, 2463 MHz, 0x0000000000000000, 72, 40.87 W
2026/09/15 14:08:47.552, 2470 MHz, 0x0000000000000000, 72, 40.18 W
2026/09/15 14:08:48.553, 2483 MHz, 0x0000000000000000, 72, 40.90 W
2026/09/15 14:08:49.553, 2483 MHz, 0x0000000000000000, 72, 41.21 W
2026/09/15 14:08:50.554, 2483 MHz, 0x0000000000000000, 72, 41.10 W
2026/09/15 14:08:51.555, 2483 MHz, 0x0000000000000000, 71, 41.12 W
2026/09/15 14:08:52.555, 2444 MHz, 0x0000000000000000, 75, 48.31 W
2026/09/15 14:08:53.556, 2444 MHz, 0x0000000000000000, 75, 60.68 W
2026/09/15 14:08:54.557, 2444 MHz, 0x0000000000000000, 76, 61.92 W
2026/09/15 14:08:55.557, 2444 MHz, 0x0000000000000000, 76, 62.13 W
2026/09/15 14:08:56.558, 2450 MHz, 0x0000000000000000, 76, 62.54 W
2026/09/15 14:08:57.558, 2450 MHz, 0x0000000000000000, 74, 62.15 W
2026/09/15 14:08:58.559, 2450 MHz, 0x0000000000000000, 75, 62.57 W
2026/09/15 14:08:59.560, 2444 MHz, 0x0000000000000000, 75, 63.47 W
2026/09/15 14:09:00.560, 2450 MHz, 0x0000000000000000, 76, 64.29 W
2026/09/15 14:09:01.561, 2450 MHz, 0x0000000000000000, 76, 64.03 W
2026/09/15 14:09:02.562, 2450 MHz, 0x0000000000000000, 77, 64.37 W
2026/09/15 14:09:03.562, 2444 MHz, 0x0000000000000000, 76, 60.82 W
2026/09/15 14:09:04.563, 2450 MHz, 0x0000000000000000, 76, 57.76 W
2026/09/15 14:09:05.563, 2450 MHz, 0x0000000000000000, 76, 64.59 W
2026/09/15 14:09:06.564, 2444 MHz, 0x0000000000000000, 77, 61.06 W
2026/09/15 14:09:07.564, 2431 MHz, 0x0000000000000000, 70, 45.19 W
2026/09/15 14:09:08.564, 2411 MHz, 0x0000000000000000, 71, 20.89 W
2026/09/15 14:09:09.565, 2463 MHz, 0x0000000000000000, 72, 41.18 W
2026/09/15 14:09:10.565, 2463 MHz, 0x0000000000000000, 72, 41.31 W
2026/09/15 14:09:11.566, 2463 MHz, 0x0000000000000000, 72, 41.25 W
2026/09/15 14:09:12.566, 2463 MHz, 0x0000000000000000, 71, 39.83 W
2026/09/15 14:09:13.567, 2463 MHz, 0x0000000000000000, 73, 41.90 W
2026/09/15 14:09:14.567, 2463 MHz, 0x0000000000000000, 73, 45.26 W
2026/09/15 14:09:15.568, 2463 MHz, 0x0000000000000000, 73, 45.44 W
2026/09/15 14:09:16.568, 2463 MHz, 0x0000000000000000, 73, 45.34 W
2026/09/15 14:09:17.569, 2463 MHz, 0x0000000000000000, 73, 45.61 W
2026/09/15 14:09:18.569, 2463 MHz, 0x0000000000000000, 73, 45.74 W
2026/09/15 14:09:19.570, 2463 MHz, 0x0000000000000000, 72, 41.62 W
2026/09/15 14:09:20.570, 2463 MHz, 0x0000000000000000, 73, 44.37 W
2026/09/15 14:09:21.570, 2463 MHz, 0x0000000000000000, 73, 45.67 W
2026/09/15 14:09:22.571, 2463 MHz, 0x0000000000000000, 73, 45.38 W
2026/09/15 14:09:23.571, 2463 MHz, 0x0000000000000000, 73, 45.81 W
2026/09/15 14:09:24.572, 2463 MHz, 0x0000000000000000, 73, 45.84 W
2026/09/15 14:09:25.572, 2463 MHz, 0x0000000000000000, 71, 42.61 W
2026/09/15 14:09:26.572, 2463 MHz, 0x0000000000000000, 72, 39.98 W
2026/09/15 14:09:27.573, 2463 MHz, 0x0000000000000000, 73, 45.16 W
2026/09/15 14:09:28.573, 2463 MHz, 0x0000000000000000, 73, 45.81 W
2026/09/15 14:09:29.574, 2463 MHz, 0x0000000000000000, 73, 45.78 W
2026/09/15 14:09:30.574, 2463 MHz, 0x0000000000000000, 73, 45.96 W
2026/09/15 14:09:31.575, 2463 MHz, 0x0000000000000000, 73, 45.80 W
2026/09/15 14:09:32.575, 2470 MHz, 0x0000000000000000, 72, 40.49 W
2026/09/15 14:09:33.576, 2463 MHz, 0x0000000000000000, 72, 41.48 W
2026/09/15 14:09:34.576, 2463 MHz, 0x0000000000000000, 72, 41.49 W
2026/09/15 14:09:35.577, 2463 MHz, 0x0000000000000000, 72, 41.38 W
2026/09/15 14:09:36.577, 2463 MHz, 0x0000000000000000, 71, 39.99 W
2026/09/15 14:09:37.577, 2476 MHz, 0x0000000000000000, 72, 40.52 W
2026/09/15 14:09:38.578, 2463 MHz, 0x0000000000000000, 73, 44.68 W
2026/09/15 14:09:39.578, 2463 MHz, 0x0000000000000000, 72, 45.27 W
2026/09/15 14:09:40.579, 2463 MHz, 0x0000000000000000, 73, 45.29 W
2026/09/15 14:09:41.579, 2463 MHz, 0x0000000000000000, 73, 45.43 W
2026/09/15 14:09:42.580, 2463 MHz, 0x0000000000000000, 72, 44.17 W
2026/09/15 14:09:43.580, 2457 MHz, 0x0000000000000000, 73, 48.16 W
2026/09/15 14:09:44.581, 2463 MHz, 0x0000000000000000, 73, 45.16 W
2026/09/15 14:09:45.581, 2463 MHz, 0x0000000000000000, 73, 45.36 W
2026/09/15 14:09:46.581, 2463 MHz, 0x0000000000000000, 73, 45.44 W
2026/09/15 14:09:47.581, 2463 MHz, 0x0000000000000000, 73, 45.42 W
2026/09/15 14:09:48.582, 2463 MHz, 0x0000000000000000, 73, 45.46 W
2026/09/15 14:09:49.583, 2463 MHz, 0x0000000000000000, 72, 41.51 W
2026/09/15 14:09:50.583, 2463 MHz, 0x0000000000000000, 73, 44.37 W
2026/09/15 14:09:51.584, 2463 MHz, 0x0000000000000000, 72, 45.07 W
2026/09/15 14:09:52.584, 2463 MHz, 0x0000000000000000, 72, 45.24 W
2026/09/15 14:09:53.585, 2463 MHz, 0x0000000000000000, 73, 45.54 W
2026/09/15 14:09:54.586, 2463 MHz, 0x0000000000000000, 73, 45.30 W
2026/09/15 14:09:55.586, 2463 MHz, 0x0000000000000000, 72, 41.62 W
2026/09/15 14:09:56.587, 2463 MHz, 0x0000000000000000, 72, 44.35 W
2026/09/15 14:09:57.587, 2463 MHz, 0x0000000000000000, 73, 44.76 W
2026/09/15 14:09:58.588, 2463 MHz, 0x0000000000000000, 72, 45.37 W
2026/09/15 14:09:59.588, 2463 MHz, 0x0000000000000000, 73, 45.55 W
2026/09/15 14:10:00.589, 2463 MHz, 0x0000000000000000, 72, 45.15 W
2026/09/15 14:10:01.590, 2463 MHz, 0x0000000000000000, 71, 42.05 W
2026/09/15 14:10:02.590, 2463 MHz, 0x0000000000000000, 72, 40.16 W
2026/09/15 14:10:03.591, 2463 MHz, 0x0000000000000000, 72, 44.12 W
2026/09/15 14:10:04.591, 2463 MHz, 0x0000000000000000, 72, 44.52 W
2026/09/15 14:10:05.591, 2463 MHz, 0x0000000000000000, 72, 45.16 W
2026/09/15 14:10:06.592, 2463 MHz, 0x0000000000000000, 72, 44.94 W
2026/09/15 14:10:07.593, 2463 MHz, 0x0000000000000000, 70, 42.01 W
2026/09/15 14:10:08.593, 2483 MHz, 0x0000000000000000, 72, 39.77 W
2026/09/15 14:10:09.594, 2476 MHz, 0x0000000000000000, 72, 39.58 W
2026/09/15 14:10:10.594, 2483 MHz, 0x0000000000000000, 72, 42.89 W
2026/09/15 14:10:11.595, 2483 MHz, 0x0000000000000000, 72, 42.36 W
2026/09/15 14:10:12.596, 2483 MHz, 0x0000000000000000, 72, 44.26 W
2026/09/15 14:10:13.596, 2483 MHz, 0x0000000000000000, 72, 43.64 W
2026/09/15 14:10:14.596, 2483 MHz, 0x0000000000000000, 72, 42.44 W
2026/09/15 14:10:15.597, 2483 MHz, 0x0000000000000000, 72, 44.51 W
2026/09/15 14:10:16.598, 2483 MHz, 0x0000000000000000, 72, 43.32 W
2026/09/15 14:10:17.599, 2483 MHz, 0x0000000000000000, 72, 42.32 W
2026/09/15 14:10:18.599, 2483 MHz, 0x0000000000000000, 72, 44.18 W
2026/09/15 14:10:19.600, 2483 MHz, 0x0000000000000000, 72, 43.06 W
2026/09/15 14:10:20.601, 2483 MHz, 0x0000000000000000, 72, 43.37 W
2026/09/15 14:10:21.601, 2483 MHz, 0x0000000000000000, 72, 43.29 W
2026/09/15 14:10:22.601, 2483 MHz, 0x0000000000000000, 72, 43.28 W
2026/09/15 14:10:23.602, 2483 MHz, 0x0000000000000000, 72, 43.44 W
2026/09/15 14:10:24.603, 2483 MHz, 0x0000000000000000, 72, 41.94 W
2026/09/15 14:10:25.603, 2418 MHz, 0x0000000000000000, 70, 22.20 W
2026/09/15 14:10:26.603, 2476 MHz, 0x0000000000000000, 74, 44.34 W
2026/09/15 14:10:27.604, 2450 MHz, 0x0000000000000000, 75, 60.54 W
2026/09/15 14:10:28.604, 2450 MHz, 0x0000000000000000, 75, 61.34 W
2026/09/15 14:10:29.605, 2431 MHz, 0x0000000000000000, 74, 51.53 W
2026/09/15 14:10:30.605, 2450 MHz, 0x0000000000000000, 75, 60.65 W
2026/09/15 14:10:31.605, 2450 MHz, 0x0000000000000000, 75, 61.21 W
2026/09/15 14:10:32.605, 2444 MHz, 0x0000000000000000, 69, 46.68 W
2026/09/15 14:10:33.605, 2450 MHz, 0x0000000000000000, 75, 47.80 W
2026/09/15 14:10:34.606, 2450 MHz, 0x0000000000000000, 76, 60.93 W
2026/09/15 14:10:35.607, 2450 MHz, 0x0000000000000000, 75, 61.70 W
2026/09/15 14:10:36.607, 2450 MHz, 0x0000000000000000, 75, 61.97 W
2026/09/15 14:10:37.608, 2450 MHz, 0x0000000000000000, 76, 62.08 W
2026/09/15 14:10:38.609, 2450 MHz, 0x0000000000000000, 76, 62.98 W
2026/09/15 14:10:39.610, 2450 MHz, 0x0000000000000000, 76, 63.28 W
2026/09/15 14:10:40.611, 2450 MHz, 0x0000000000000000, 76, 63.06 W
2026/09/15 14:10:41.611, 2450 MHz, 0x0000000000000000, 76, 63.76 W
2026/09/15 14:10:42.612, 2450 MHz, 0x0000000000000000, 77, 63.78 W
2026/09/15 14:10:43.613, 2450 MHz, 0x0000000000000000, 76, 63.89 W
2026/09/15 14:10:44.614, 2450 MHz, 0x0000000000000000, 77, 64.22 W
2026/09/15 14:10:45.614, 2450 MHz, 0x0000000000000000, 77, 64.69 W
2026/09/15 14:10:46.615, 2450 MHz, 0x0000000000000000, 77, 65.15 W
2026/09/15 14:10:47.615, 2450 MHz, 0x0000000000000000, 78, 65.34 W
2026/09/15 14:10:48.616, 2450 MHz, 0x0000000000000000, 77, 65.79 W
2026/09/15 14:10:49.617, 2450 MHz, 0x0000000000000000, 77, 65.78 W
2026/09/15 14:10:50.617, 2450 MHz, 0x0000000000000000, 79, 66.34 W
2026/09/15 14:10:51.618, 2450 MHz, 0x0000000000000000, 76, 66.01 W
2026/09/15 14:10:52.619, 2450 MHz, 0x0000000000000000, 79, 68.20 W
2026/09/15 14:10:53.619, 2450 MHz, 0x0000000000000000, 77, 66.69 W
2026/09/15 14:10:54.620, 2450 MHz, 0x0000000000000000, 78, 66.84 W
2026/09/15 14:10:55.621, 2450 MHz, 0x0000000000000000, 78, 67.50 W
2026/09/15 14:10:56.622, 2450 MHz, 0x0000000000000000, 77, 67.74 W
2026/09/15 14:10:57.622, 2450 MHz, 0x0000000000000000, 78, 67.28 W
2026/09/15 14:10:58.622, 2450 MHz, 0x0000000000000000, 77, 67.77 W
2026/09/15 14:10:59.623, 2450 MHz, 0x0000000000000000, 80, 70.00 W
2026/09/15 14:11:00.624, 2450 MHz, 0x0000000000000000, 78, 68.21 W
2026/09/15 14:11:01.624, 2450 MHz, 0x0000000000000000, 80, 68.72 W
2026/09/15 14:11:02.624, 2450 MHz, 0x0000000000000000, 78, 68.18 W
2026/09/15 14:11:03.625, 2450 MHz, 0x0000000000000000, 77, 69.27 W
2026/09/15 14:11:04.626, 2450 MHz, 0x0000000000000000, 78, 70.57 W
2026/09/15 14:11:05.627, 2450 MHz, 0x0000000000000000, 78, 69.57 W
2026/09/15 14:11:06.627, 2450 MHz, 0x0000000000000000, 77, 69.64 W
2026/09/15 14:11:07.628, 2450 MHz, 0x0000000000000000, 77, 69.69 W
2026/09/15 14:11:08.629, 2450 MHz, 0x0000000000000000, 79, 69.39 W
2026/09/15 14:11:09.629, 2450 MHz, 0x0000000000000000, 78, 70.76 W
2026/09/15 14:11:10.630, 2450 MHz, 0x0000000000000000, 78, 70.03 W
2026/09/15 14:11:11.631, 2444 MHz, 0x0000000000000000, 79, 70.03 W
2026/09/15 14:11:12.631, 2450 MHz, 0x0000000000000000, 80, 70.00 W
2026/09/15 14:11:13.632, 2450 MHz, 0x0000000000000000, 80, 71.66 W
2026/09/15 14:11:14.632, 2450 MHz, 0x0000000000000000, 79, 70.71 W
2026/09/15 14:11:15.633, 2450 MHz, 0x0000000000000000, 78, 70.65 W
2026/09/15 14:11:16.633, 2450 MHz, 0x0000000000000000, 77, 70.04 W
2026/09/15 14:11:17.633, 2450 MHz, 0x0000000000000000, 78, 72.03 W
2026/09/15 14:11:18.634, 2450 MHz, 0x0000000000000000, 79, 71.23 W
2026/09/15 14:11:19.635, 2450 MHz, 0x0000000000000000, 78, 70.58 W
2026/09/15 14:11:20.635, 2450 MHz, 0x0000000000000000, 79, 71.18 W
2026/09/15 14:11:21.635, 2450 MHz, 0x0000000000000000, 78, 73.16 W
2026/09/15 14:11:22.636, 2450 MHz, 0x0000000000000000, 80, 71.36 W
2026/09/15 14:11:23.636, 2450 MHz, 0x0000000000000000, 77, 71.53 W
2026/09/15 14:11:24.636, 2450 MHz, 0x0000000000000000, 79, 71.35 W
2026/09/15 14:11:25.637, 2450 MHz, 0x0000000000000000, 78, 72.89 W
2026/09/15 14:11:26.637, 2424 MHz, 0x0000000000000000, 77, 49.96 W
2026/09/15 14:11:27.638, 2450 MHz, 0x0000000000000000, 79, 72.76 W
2026/09/15 14:11:28.639, 2450 MHz, 0x0000000000000000, 77, 71.55 W
2026/09/15 14:11:29.639, 2463 MHz, 0x0000000000000000, 74, 54.97 W
2026/09/15 14:11:30.639, 2463 MHz, 0x0000000000000000, 73, 42.76 W
2026/09/15 14:11:31.640, 2463 MHz, 0x0000000000000000, 73, 42.36 W
2026/09/15 14:11:32.640, 2463 MHz, 0x0000000000000000, 73, 42.23 W
2026/09/15 14:11:33.641, 2463 MHz, 0x0000000000000000, 72, 42.20 W
2026/09/15 14:11:34.641, 2463 MHz, 0x0000000000000000, 72, 42.27 W
2026/09/15 14:11:35.642, 2463 MHz, 0x0000000000000000, 72, 41.88 W
2026/09/15 14:11:36.642, 2405 MHz, 0x0000000000000000, 68, 21.93 W
2026/09/15 14:11:37.642, 2405 MHz, 0x0000000000000000, 67, 17.21 W
2026/09/15 14:11:38.643, 2483 MHz, 0x0000000000000000, 70, 38.21 W
2026/09/15 14:11:39.643, 2483 MHz, 0x0000000000000000, 70, 40.44 W
2026/09/15 14:11:40.643, 2483 MHz, 0x0000000000000000, 70, 40.49 W
2026/09/15 14:11:41.644, 2483 MHz, 0x0000000000000000, 70, 40.61 W
2026/09/15 14:11:42.644, 2483 MHz, 0x0000000000000000, 70, 40.47 W
2026/09/15 14:11:43.644, 2483 MHz, 0x0000000000000000, 70, 40.68 W
2026/09/15 14:11:44.645, 2483 MHz, 0x0000000000000000, 70, 40.59 W
2026/09/15 14:11:45.645, 2483 MHz, 0x0000000000000000, 70, 40.57 W
2026/09/15 14:11:46.646, 2483 MHz, 0x0000000000000000, 70, 40.61 W
2026/09/15 14:11:47.646, 2483 MHz, 0x0000000000000000, 70, 40.50 W
2026/09/15 14:11:48.646, 2483 MHz, 0x0000000000000000, 70, 40.31 W
2026/09/15 14:11:49.647, 2483 MHz, 0x0000000000000000, 70, 40.47 W
2026/09/15 14:11:50.647, 2483 MHz, 0x0000000000000000, 70, 40.50 W
2026/09/15 14:11:51.647, 2483 MHz, 0x0000000000000000, 70, 40.31 W
2026/09/15 14:11:52.648, 2483 MHz, 0x0000000000000000, 70, 40.24 W
2026/09/15 14:11:53.648, 2483 MHz, 0x0000000000000000, 70, 40.15 W
2026/09/15 14:11:54.649, 2483 MHz, 0x0000000000000000, 70, 40.15 W
2026/09/15 14:11:55.649, 2483 MHz, 0x0000000000000000, 70, 40.28 W
2026/09/15 14:11:56.650, 2483 MHz, 0x0000000000000000, 70, 39.95 W
2026/09/15 14:11:57.650, 2483 MHz, 0x0000000000000000, 70, 39.84 W
2026/09/15 14:11:58.650, 2483 MHz, 0x0000000000000000, 70, 39.99 W
2026/09/15 14:11:59.651, 2483 MHz, 0x0000000000000000, 69, 40.09 W
2026/09/15 14:12:00.651, 2483 MHz, 0x0000000000000000, 70, 40.44 W
2026/09/15 14:12:01.651, 2483 MHz, 0x0000000000000000, 70, 40.12 W
2026/09/15 14:12:02.652, 2483 MHz, 0x0000000000000000, 70, 39.91 W
2026/09/15 14:12:03.653, 2483 MHz, 0x0000000000000000, 70, 39.96 W
2026/09/15 14:12:04.653, 2483 MHz, 0x0000000000000000, 70, 39.98 W
2026/09/15 14:12:05.653, 2483 MHz, 0x0000000000000000, 70, 40.08 W
2026/09/15 14:12:06.653, 2483 MHz, 0x0000000000000000, 70, 40.10 W
2026/09/15 14:12:07.654, 2483 MHz, 0x0000000000000000, 70, 40.16 W
2026/09/15 14:12:08.654, 2483 MHz, 0x0000000000000000, 70, 40.06 W
2026/09/15 14:12:09.655, 2483 MHz, 0x0000000000000000, 70, 40.00 W
2026/09/15 14:12:10.655, 2483 MHz, 0x0000000000000000, 70, 40.08 W
2026/09/15 14:12:11.656, 2483 MHz, 0x0000000000000000, 70, 40.31 W
2026/09/15 14:12:12.656, 2483 MHz, 0x0000000000000000, 70, 40.23 W
2026/09/15 14:12:13.657, 2463 MHz, 0x0000000000000000, 67, 34.51 W
2026/09/15 14:12:14.658, 2405 MHz, 0x0000000000000000, 66, 16.92 W
2026/09/15 14:12:15.659, 2405 MHz, 0x0000000000000000, 65, 16.79 W
2026/09/15 14:12:16.660, 2411 MHz, 0x0000000000000000, 71, 25.19 W
2026/09/15 14:12:17.660, 2463 MHz, 0x0000000000000000, 72, 59.54 W
2026/09/15 14:12:18.661, 2457 MHz, 0x0000000000000000, 72, 60.52 W
2026/09/15 14:12:19.662, 2457 MHz, 0x0000000000000000, 73, 60.97 W
2026/09/15 14:12:20.662, 2450 MHz, 0x0000000000000000, 73, 61.20 W
2026/09/15 14:12:21.663, 2457 MHz, 0x0000000000000000, 73, 60.82 W
2026/09/15 14:12:22.663, 2405 MHz, 0x0000000000000000, 66, 31.21 W
2026/09/15 14:12:23.664, 2457 MHz, 0x0000000000000000, 72, 41.33 W
2026/09/15 14:12:24.664, 2457 MHz, 0x0000000000000000, 73, 60.95 W
2026/09/15 14:12:25.665, 2483 MHz, 0x0000000000000000, 70, 43.28 W
2026/09/15 14:12:26.665, 2483 MHz, 0x0000000000000000, 70, 40.53 W
2026/09/15 14:12:27.665, 2483 MHz, 0x0000000000000000, 70, 40.23 W
2026/09/15 14:12:28.666, 2483 MHz, 0x0000000000000000, 70, 40.32 W
2026/09/15 14:12:29.666, 2483 MHz, 0x0000000000000000, 70, 40.33 W
2026/09/15 14:12:30.667, 2483 MHz, 0x0000000000000000, 70, 40.61 W
2026/09/15 14:12:31.668, 2483 MHz, 0x0000000000000000, 70, 40.42 W
2026/09/15 14:12:32.669, 2483 MHz, 0x0000000000000000, 70, 40.14 W
2026/09/15 14:12:33.669, 2483 MHz, 0x0000000000000000, 70, 40.41 W
2026/09/15 14:12:34.670, 2483 MHz, 0x0000000000000000, 70, 40.44 W
2026/09/15 14:12:35.671, 2483 MHz, 0x0000000000000000, 70, 40.46 W
2026/09/15 14:12:36.671, 2483 MHz, 0x0000000000000000, 70, 40.41 W
2026/09/15 14:12:37.671, 2483 MHz, 0x0000000000000000, 70, 40.51 W
2026/09/15 14:12:38.672, 2483 MHz, 0x0000000000000000, 70, 40.33 W
2026/09/15 14:12:39.672, 2483 MHz, 0x0000000000000000, 70, 40.26 W
2026/09/15 14:12:40.673, 2483 MHz, 0x0000000000000000, 70, 40.15 W
2026/09/15 14:12:41.673, 2483 MHz, 0x0000000000000000, 70, 40.06 W
2026/09/15 14:12:42.674, 2483 MHz, 0x0000000000000000, 70, 40.29 W
2026/09/15 14:12:43.674, 2483 MHz, 0x0000000000000000, 70, 40.25 W
2026/09/15 14:12:44.675, 2483 MHz, 0x0000000000000000, 70, 40.26 W
2026/09/15 14:12:45.675, 2483 MHz, 0x0000000000000000, 70, 40.31 W
2026/09/15 14:12:46.675, 2483 MHz, 0x0000000000000000, 70, 40.27 W
2026/09/15 14:12:47.676, 2483 MHz, 0x0000000000000000, 70, 40.34 W
2026/09/15 14:12:48.676, 2483 MHz, 0x0000000000000000, 70, 40.34 W
2026/09/15 14:12:49.676, 2483 MHz, 0x0000000000000000, 70, 40.35 W
2026/09/15 14:12:50.677, 2483 MHz, 0x0000000000000000, 70, 40.36 W
2026/09/15 14:12:51.677, 2483 MHz, 0x0000000000000000, 70, 40.30 W
2026/09/15 14:12:52.678, 2483 MHz, 0x0000000000000000, 70, 40.41 W
2026/09/15 14:12:53.678, 2483 MHz, 0x0000000000000000, 70, 40.48 W
2026/09/15 14:12:54.678, 2483 MHz, 0x0000000000000000, 70, 40.54 W
2026/09/15 14:12:55.679, 2483 MHz, 0x0000000000000000, 70, 40.39 W
2026/09/15 14:12:56.679, 2483 MHz, 0x0000000000000000, 70, 40.40 W
2026/09/15 14:12:57.680, 2483 MHz, 0x0000000000000000, 70, 40.38 W
2026/09/15 14:12:58.680, 2483 MHz, 0x0000000000000000, 70, 40.51 W
2026/09/15 14:12:59.681, 2405 MHz, 0x0000000000000000, 67, 19.90 W
2026/09/15 14:13:00.682, 2405 MHz, 0x0000000000000000, 66, 16.90 W
2026/09/15 14:13:01.683, 2405 MHz, 0x0000000000000000, 65, 16.77 W
2026/09/15 14:13:02.683, 2457 MHz, 0x0000000000000000, 72, 54.07 W
2026/09/15 14:13:03.684, 2450 MHz, 0x0000000000000000, 72, 59.16 W
2026/09/15 14:13:04.685, 2450 MHz, 0x0000000000000000, 73, 59.97 W
2026/09/15 14:13:05.685, 2450 MHz, 0x0000000000000000, 71, 60.75 W
2026/09/15 14:13:06.686, 2450 MHz, 0x0000000000000000, 73, 61.56 W
2026/09/15 14:13:07.686, 2450 MHz, 0x0000000000000000, 72, 62.01 W
2026/09/15 14:13:08.687, 2450 MHz, 0x0000000000000000, 75, 62.28 W
2026/09/15 14:13:09.687, 2450 MHz, 0x0000000000000000, 74, 62.58 W
2026/09/15 14:13:10.688, 2450 MHz, 0x0000000000000000, 72, 62.96 W
2026/09/15 14:13:11.688, 2450 MHz, 0x0000000000000000, 74, 63.78 W
2026/09/15 14:13:12.689, 2450 MHz, 0x0000000000000000, 76, 63.59 W
2026/09/15 14:13:13.690, 2405 MHz, 0x0000000000000000, 68, 36.92 W
2026/09/15 14:13:14.690, 2405 MHz, 0x0000000000000000, 67, 19.60 W
2026/09/15 14:13:15.690, 2450 MHz, 0x0000000000000000, 72, 63.19 W
2026/09/15 14:13:16.690, 2483 MHz, 0x0000000000000000, 71, 48.20 W
2026/09/15 14:13:17.691, 2483 MHz, 0x0000000000000000, 71, 40.93 W
2026/09/15 14:13:18.692, 2483 MHz, 0x0000000000000000, 71, 41.03 W
2026/09/15 14:13:19.692, 2483 MHz, 0x0000000000000000, 71, 40.88 W
2026/09/15 14:13:20.692, 2483 MHz, 0x0000000000000000, 71, 41.01 W
2026/09/15 14:13:21.693, 2483 MHz, 0x0000000000000000, 71, 41.01 W
2026/09/15 14:13:22.693, 2483 MHz, 0x0000000000000000, 71, 40.78 W
2026/09/15 14:13:23.693, 2483 MHz, 0x0000000000000000, 71, 40.80 W
2026/09/15 14:13:24.694, 2483 MHz, 0x0000000000000000, 71, 40.65 W
2026/09/15 14:13:25.695, 2483 MHz, 0x0000000000000000, 71, 40.63 W
2026/09/15 14:13:26.695, 2483 MHz, 0x0000000000000000, 71, 40.82 W
2026/09/15 14:13:27.695, 2483 MHz, 0x0000000000000000, 71, 40.82 W
2026/09/15 14:13:28.696, 2483 MHz, 0x0000000000000000, 71, 40.60 W
2026/09/15 14:13:29.696, 2483 MHz, 0x0000000000000000, 71, 40.60 W
2026/09/15 14:13:30.697, 2483 MHz, 0x0000000000000000, 71, 40.51 W
2026/09/15 14:13:31.697, 2483 MHz, 0x0000000000000000, 71, 40.53 W
2026/09/15 14:13:32.698, 2483 MHz, 0x0000000000000000, 71, 40.82 W
2026/09/15 14:13:33.699, 2483 MHz, 0x0000000000000000, 71, 40.25 W
2026/09/15 14:13:34.700, 2483 MHz, 0x0000000000000000, 71, 40.32 W
2026/09/15 14:13:35.700, 2483 MHz, 0x0000000000000000, 71, 40.55 W
2026/09/15 14:13:36.700, 2483 MHz, 0x0000000000000000, 71, 40.60 W
2026/09/15 14:13:37.700, 2483 MHz, 0x0000000000000000, 71, 40.56 W
2026/09/15 14:13:38.701, 2483 MHz, 0x0000000000000000, 71, 40.50 W
2026/09/15 14:13:39.701, 2483 MHz, 0x0000000000000000, 71, 40.69 W
2026/09/15 14:13:40.702, 2483 MHz, 0x0000000000000000, 71, 40.68 W
2026/09/15 14:13:41.702, 2483 MHz, 0x0000000000000000, 71, 40.43 W
2026/09/15 14:13:42.703, 2483 MHz, 0x0000000000000000, 71, 40.62 W
2026/09/15 14:13:43.703, 2483 MHz, 0x0000000000000000, 71, 40.57 W
2026/09/15 14:13:44.704, 2483 MHz, 0x0000000000000000, 71, 40.73 W
2026/09/15 14:13:45.705, 2483 MHz, 0x0000000000000000, 71, 40.76 W
2026/09/15 14:13:46.706, 2483 MHz, 0x0000000000000000, 71, 40.73 W
2026/09/15 14:13:47.706, 2483 MHz, 0x0000000000000000, 71, 40.73 W
2026/09/15 14:13:48.706, 2483 MHz, 0x0000000000000000, 71, 40.76 W
2026/09/15 14:13:49.706, 2411 MHz, 0x0000000000000000, 68, 30.36 W
2026/09/15 14:13:50.707, 2405 MHz, 0x0000000000000000, 67, 17.13 W
2026/09/15 14:13:51.708, 2405 MHz, 0x0000000000000000, 66, 16.98 W
2026/09/15 14:13:52.709, 2444 MHz, 0x0000000000000000, 72, 32.84 W
2026/09/15 14:13:53.709, 2457 MHz, 0x0000000000000000, 73, 59.92 W
2026/09/15 14:13:54.710, 2450 MHz, 0x0000000000000000, 73, 60.54 W
2026/09/15 14:13:55.710, 2450 MHz, 0x0000000000000000, 74, 61.17 W
2026/09/15 14:13:56.711, 2450 MHz, 0x0000000000000000, 74, 61.27 W
2026/09/15 14:13:57.712, 2450 MHz, 0x0000000000000000, 74, 61.83 W
2026/09/15 14:13:58.712, 2450 MHz, 0x0000000000000000, 74, 62.18 W
2026/09/15 14:13:59.713, 2450 MHz, 0x0000000000000000, 75, 62.83 W
2026/09/15 14:14:00.713, 2450 MHz, 0x0000000000000000, 76, 62.91 W
2026/09/15 14:14:01.714, 2450 MHz, 0x0000000000000000, 76, 63.06 W
2026/09/15 14:14:02.714, 2450 MHz, 0x0000000000000000, 75, 63.53 W
2026/09/15 14:14:03.715, 2450 MHz, 0x0000000000000000, 75, 63.76 W
2026/09/15 14:14:04.715, 2450 MHz, 0x0000000000000000, 76, 64.18 W
2026/09/15 14:14:05.716, 2450 MHz, 0x0000000000000000, 77, 64.61 W
2026/09/15 14:14:06.716, 2450 MHz, 0x0000000000000000, 76, 64.62 W
2026/09/15 14:14:07.717, 2450 MHz, 0x0000000000000000, 77, 65.10 W
2026/09/15 14:14:08.718, 2450 MHz, 0x0000000000000000, 78, 65.67 W
2026/09/15 14:14:09.718, 2450 MHz, 0x0000000000000000, 76, 66.70 W
2026/09/15 14:14:10.719, 2450 MHz, 0x0000000000000000, 78, 66.37 W
2026/09/15 14:14:11.719, 2450 MHz, 0x0000000000000000, 77, 65.89 W
2026/09/15 14:14:12.720, 2450 MHz, 0x0000000000000000, 76, 65.94 W
2026/09/15 14:14:13.721, 2450 MHz, 0x0000000000000000, 78, 66.62 W
2026/09/15 14:14:14.721, 2450 MHz, 0x0000000000000000, 78, 66.56 W
2026/09/15 14:14:15.722, 2450 MHz, 0x0000000000000000, 79, 66.68 W
2026/09/15 14:14:16.722, 2405 MHz, 0x0000000000000000, 70, 44.97 W
2026/09/15 14:14:17.723, 2405 MHz, 0x0000000000000000, 69, 17.76 W
2026/09/15 14:14:18.724, 2450 MHz, 0x0000000000000000, 76, 63.21 W
2026/09/15 14:14:19.725, 2450 MHz, 0x0000000000000000, 74, 62.90 W
2026/09/15 14:14:20.725, 2463 MHz, 0x0000000000000000, 73, 41.46 W
2026/09/15 14:14:21.726, 2463 MHz, 0x0000000000000000, 73, 41.72 W
2026/09/15 14:14:22.726, 2463 MHz, 0x0000000000000000, 73, 41.62 W
2026/09/15 14:14:23.727, 2463 MHz, 0x0000000000000000, 73, 41.49 W
2026/09/15 14:14:24.727, 2463 MHz, 0x0000000000000000, 72, 41.58 W
2026/09/15 14:14:25.728, 2463 MHz, 0x0000000000000000, 72, 41.25 W
2026/09/15 14:14:26.728, 2463 MHz, 0x0000000000000000, 72, 41.51 W
2026/09/15 14:14:27.729, 2463 MHz, 0x0000000000000000, 72, 41.31 W
2026/09/15 14:14:28.729, 2463 MHz, 0x0000000000000000, 72, 41.47 W
2026/09/15 14:14:29.730, 2463 MHz, 0x0000000000000000, 72, 41.24 W
2026/09/15 14:14:30.730, 2463 MHz, 0x0000000000000000, 72, 41.26 W
2026/09/15 14:14:31.730, 2463 MHz, 0x0000000000000000, 72, 41.35 W
2026/09/15 14:14:32.731, 2463 MHz, 0x0000000000000000, 72, 41.16 W
2026/09/15 14:14:33.731, 2463 MHz, 0x0000000000000000, 72, 41.14 W
2026/09/15 14:14:34.731, 2463 MHz, 0x0000000000000000, 72, 41.16 W
2026/09/15 14:14:35.732, 2463 MHz, 0x0000000000000000, 72, 41.00 W
2026/09/15 14:14:36.732, 2463 MHz, 0x0000000000000000, 72, 41.10 W
2026/09/15 14:14:37.733, 2463 MHz, 0x0000000000000000, 72, 40.99 W
2026/09/15 14:14:38.733, 2463 MHz, 0x0000000000000000, 72, 40.92 W
2026/09/15 14:14:39.733, 2470 MHz, 0x0000000000000000, 72, 40.95 W
2026/09/15 14:14:40.734, 2483 MHz, 0x0000000000000000, 72, 41.04 W
2026/09/15 14:14:41.734, 2483 MHz, 0x0000000000000000, 72, 41.02 W
2026/09/15 14:14:42.735, 2483 MHz, 0x0000000000000000, 72, 41.09 W
2026/09/15 14:14:43.735, 2483 MHz, 0x0000000000000000, 72, 40.91 W
2026/09/15 14:14:44.735, 2483 MHz, 0x0000000000000000, 72, 41.14 W
2026/09/15 14:14:45.736, 2483 MHz, 0x0000000000000000, 72, 40.91 W
2026/09/15 14:14:46.736, 2483 MHz, 0x0000000000000000, 72, 41.00 W
2026/09/15 14:14:47.737, 2483 MHz, 0x0000000000000000, 72, 41.18 W
2026/09/15 14:14:48.738, 2483 MHz, 0x0000000000000000, 72, 41.10 W
2026/09/15 14:14:49.738, 2483 MHz, 0x0000000000000000, 71, 40.96 W
2026/09/15 14:14:50.739, 2483 MHz, 0x0000000000000000, 72, 41.01 W
2026/09/15 14:14:51.739, 2483 MHz, 0x0000000000000000, 72, 41.08 W
2026/09/15 14:14:52.740, 2483 MHz, 0x0000000000000000, 72, 40.99 W
2026/09/15 14:14:53.741, 2405 MHz, 0x0000000000000000, 68, 32.85 W
2026/09/15 14:14:54.741, 2405 MHz, 0x0000000000000000, 67, 17.32 W
2026/09/15 14:14:55.741, 2405 MHz, 0x0000000000000000, 67, 17.14 W
2026/09/15 14:14:56.741, 2450 MHz, 0x0000000000000000, 72, 23.84 W
2026/09/15 14:14:57.742, 2450 MHz, 0x0000000000000000, 74, 59.82 W
2026/09/15 14:14:58.742, 2444 MHz, 0x0000000000000000, 74, 60.73 W
2026/09/15 14:14:59.743, 2450 MHz, 0x0000000000000000, 74, 61.27 W
2026/09/15 14:15:00.743, 2444 MHz, 0x0000000000000000, 74, 61.54 W
2026/09/15 14:15:01.744, 2450 MHz, 0x0000000000000000, 75, 61.59 W
2026/09/15 14:15:02.744, 2450 MHz, 0x0000000000000000, 74, 62.11 W
2026/09/15 14:15:03.744, 2450 MHz, 0x0000000000000000, 75, 62.81 W
2026/09/15 14:15:04.745, 2450 MHz, 0x0000000000000000, 75, 63.08 W
2026/09/15 14:15:05.745, 2450 MHz, 0x0000000000000000, 76, 63.41 W
2026/09/15 14:15:06.746, 2450 MHz, 0x0000000000000000, 75, 63.14 W
2026/09/15 14:15:07.747, 2450 MHz, 0x0000000000000000, 76, 63.88 W
2026/09/15 14:15:08.747, 2450 MHz, 0x0000000000000000, 76, 63.62 W
2026/09/15 14:15:09.747, 2450 MHz, 0x0000000000000000, 76, 64.56 W
2026/09/15 14:15:10.748, 2450 MHz, 0x0000000000000000, 74, 65.18 W
2026/09/15 14:15:11.749, 2450 MHz, 0x0000000000000000, 77, 66.44 W
2026/09/15 14:15:12.750, 2450 MHz, 0x0000000000000000, 77, 65.58 W
2026/09/15 14:15:13.750, 2450 MHz, 0x0000000000000000, 77, 65.62 W
2026/09/15 14:15:14.751, 2450 MHz, 0x0000000000000000, 77, 66.21 W
2026/09/15 14:15:15.751, 2450 MHz, 0x0000000000000000, 77, 65.76 W
2026/09/15 14:15:16.751, 2450 MHz, 0x0000000000000000, 78, 66.74 W
2026/09/15 14:15:17.752, 2450 MHz, 0x0000000000000000, 78, 66.65 W
2026/09/15 14:15:18.753, 2450 MHz, 0x0000000000000000, 77, 66.69 W
2026/09/15 14:15:19.753, 2450 MHz, 0x0000000000000000, 77, 68.50 W
2026/09/15 14:15:20.753, 2450 MHz, 0x0000000000000000, 77, 67.77 W
2026/09/15 14:15:21.754, 2450 MHz, 0x0000000000000000, 78, 67.61 W
2026/09/15 14:15:22.755, 2450 MHz, 0x0000000000000000, 79, 68.11 W
2026/09/15 14:15:23.756, 2450 MHz, 0x0000000000000000, 77, 68.26 W
2026/09/15 14:15:24.756, 2450 MHz, 0x0000000000000000, 79, 68.09 W
2026/09/15 14:15:25.757, 2450 MHz, 0x0000000000000000, 79, 70.19 W
2026/09/15 14:15:26.758, 2450 MHz, 0x0000000000000000, 79, 69.08 W
2026/09/15 14:15:27.758, 2444 MHz, 0x0000000000000000, 79, 68.47 W
2026/09/15 14:15:28.759, 2444 MHz, 0x0000000000000000, 78, 69.41 W
2026/09/15 14:15:29.759, 2450 MHz, 0x0000000000000000, 80, 69.69 W
2026/09/15 14:15:30.760, 2444 MHz, 0x0000000000000000, 79, 70.82 W
2026/09/15 14:15:31.760, 2444 MHz, 0x0000000000000000, 80, 69.38 W
2026/09/15 14:15:32.761, 2444 MHz, 0x0000000000000000, 79, 69.49 W
2026/09/15 14:15:33.762, 2450 MHz, 0x0000000000000000, 80, 69.86 W
2026/09/15 14:15:34.762, 2444 MHz, 0x0000000000000000, 78, 71.84 W
2026/09/15 14:15:35.763, 2437 MHz, 0x0000000000000000, 79, 70.47 W
2026/09/15 14:15:36.764, 2444 MHz, 0x0000000000000000, 80, 70.68 W
2026/09/15 14:15:37.764, 2444 MHz, 0x0000000000000000, 80, 70.67 W
2026/09/15 14:15:38.765, 2437 MHz, 0x0000000000000000, 80, 71.54 W
2026/09/15 14:15:39.766, 2437 MHz, 0x0000000000000000, 81, 71.81 W
2026/09/15 14:15:40.766, 2437 MHz, 0x0000000000000000, 79, 70.99 W
2026/09/15 14:15:41.767, 2437 MHz, 0x0000000000000000, 79, 71.14 W
2026/09/15 14:15:42.768, 2444 MHz, 0x0000000000000000, 82, 72.94 W
2026/09/15 14:15:43.768, 2437 MHz, 0x0000000000000000, 79, 71.52 W
2026/09/15 14:15:44.769, 2437 MHz, 0x0000000000000000, 81, 71.28 W
2026/09/15 14:15:45.769, 2437 MHz, 0x0000000000000000, 80, 71.75 W
2026/09/15 14:15:46.769, 2437 MHz, 0x0000000000000000, 80, 73.18 W
2026/09/15 14:15:47.770, 2444 MHz, 0x0000000000000000, 81, 72.71 W
2026/09/15 14:15:48.771, 2437 MHz, 0x0000000000000000, 80, 71.57 W
2026/09/15 14:15:49.771, 2431 MHz, 0x0000000000000000, 75, 66.81 W
2026/09/15 14:15:50.772, 2405 MHz, 0x0000000000000000, 72, 19.43 W
2026/09/15 14:15:51.772, 2444 MHz, 0x0000000000000000, 79, 57.28 W
2026/09/15 14:15:52.773, 2444 MHz, 0x0000000000000000, 81, 72.01 W
2026/09/15 14:15:53.773, 2444 MHz, 0x0000000000000000, 81, 72.32 W
2026/09/15 14:15:54.773, 2463 MHz, 0x0000000000000000, 75, 43.27 W
2026/09/15 14:15:55.774, 2463 MHz, 0x0000000000000000, 75, 42.78 W
2026/09/15 14:15:56.774, 2463 MHz, 0x0000000000000000, 75, 42.66 W
2026/09/15 14:15:57.775, 2463 MHz, 0x0000000000000000, 75, 42.73 W
2026/09/15 14:15:58.775, 2463 MHz, 0x0000000000000000, 74, 42.69 W
2026/09/15 14:15:59.775, 2463 MHz, 0x0000000000000000, 74, 42.33 W
2026/09/15 14:16:00.776, 2463 MHz, 0x0000000000000000, 74, 42.15 W
2026/09/15 14:16:01.776, 2463 MHz, 0x0000000000000000, 74, 42.13 W
2026/09/15 14:16:02.777, 2463 MHz, 0x0000000000000000, 74, 42.19 W
2026/09/15 14:16:03.777, 2463 MHz, 0x0000000000000000, 74, 42.28 W
2026/09/15 14:16:04.778, 2463 MHz, 0x0000000000000000, 74, 42.13 W
2026/09/15 14:16:05.778, 2463 MHz, 0x0000000000000000, 74, 42.11 W
2026/09/15 14:16:06.779, 2463 MHz, 0x0000000000000000, 74, 42.24 W
2026/09/15 14:16:07.779, 2463 MHz, 0x0000000000000000, 74, 42.36 W
2026/09/15 14:16:08.779, 2463 MHz, 0x0000000000000000, 74, 42.30 W
2026/09/15 14:16:09.780, 2463 MHz, 0x0000000000000000, 74, 42.13 W
2026/09/15 14:16:10.780, 2463 MHz, 0x0000000000000000, 73, 42.13 W
2026/09/15 14:16:11.781, 2463 MHz, 0x0000000000000000, 74, 42.28 W
2026/09/15 14:16:12.782, 2463 MHz, 0x0000000000000000, 73, 42.09 W
2026/09/15 14:16:13.782, 2463 MHz, 0x0000000000000000, 73, 42.01 W
2026/09/15 14:16:14.783, 2463 MHz, 0x0000000000000000, 73, 42.07 W
2026/09/15 14:16:15.783, 2463 MHz, 0x0000000000000000, 73, 42.12 W
2026/09/15 14:16:16.783, 2463 MHz, 0x0000000000000000, 73, 42.21 W
2026/09/15 14:16:17.784, 2463 MHz, 0x0000000000000000, 73, 42.10 W
2026/09/15 14:16:18.784, 2463 MHz, 0x0000000000000000, 73, 42.02 W
2026/09/15 14:16:19.785, 2463 MHz, 0x0000000000000000, 73, 42.16 W
2026/09/15 14:16:20.785, 2463 MHz, 0x0000000000000000, 73, 41.97 W
2026/09/15 14:16:21.785, 2463 MHz, 0x0000000000000000, 73, 42.06 W
2026/09/15 14:16:22.786, 2463 MHz, 0x0000000000000000, 73, 42.11 W
2026/09/15 14:16:23.786, 2463 MHz, 0x0000000000000000, 73, 42.05 W
2026/09/15 14:16:24.787, 2463 MHz, 0x0000000000000000, 73, 41.95 W
2026/09/15 14:16:25.788, 2463 MHz, 0x0000000000000000, 73, 41.86 W
2026/09/15 14:16:26.789, 2463 MHz, 0x0000000000000000, 73, 42.03 W
2026/09/15 14:16:27.789, 2411 MHz, 0x0000000000000000, 70, 35.64 W
2026/09/15 14:16:28.790, 2405 MHz, 0x0000000000000000, 69, 17.53 W
2026/09/15 14:16:29.791, 2470 MHz, 0x0000000000000000, 71, 26.32 W
2026/09/15 14:16:30.791, 2463 MHz, 0x0000000000000000, 72, 43.04 W
2026/09/15 14:16:31.792, 2463 MHz, 0x0000000000000000, 72, 43.20 W
2026/09/15 14:16:32.792, 2463 MHz, 0x0000000000000000, 72, 43.22 W
2026/09/15 14:16:33.793, 2463 MHz, 0x0000000000000000, 72, 43.38 W
2026/09/15 14:16:34.793, 2463 MHz, 0x0000000000000000, 72, 43.23 W
2026/09/15 14:16:35.793, 2463 MHz, 0x0000000000000000, 72, 43.53 W
2026/09/15 14:16:36.794, 2463 MHz, 0x0000000000000000, 72, 43.75 W
2026/09/15 14:16:37.794, 2463 MHz, 0x0000000000000000, 72, 43.32 W
2026/09/15 14:16:38.795, 2463 MHz, 0x0000000000000000, 72, 43.11 W
2026/09/15 14:16:39.795, 2463 MHz, 0x0000000000000000, 72, 42.99 W
2026/09/15 14:16:40.796, 2463 MHz, 0x0000000000000000, 72, 43.23 W
2026/09/15 14:16:41.797, 2463 MHz, 0x0000000000000000, 72, 43.42 W
2026/09/15 14:16:42.797, 2463 MHz, 0x0000000000000000, 72, 43.39 W
2026/09/15 14:16:43.797, 2463 MHz, 0x0000000000000000, 72, 43.57 W
2026/09/15 14:16:44.798, 2463 MHz, 0x0000000000000000, 72, 43.55 W
2026/09/15 14:16:45.798, 2463 MHz, 0x0000000000000000, 73, 43.49 W
2026/09/15 14:16:46.799, 2463 MHz, 0x0000000000000000, 73, 43.64 W
2026/09/15 14:16:47.799, 2463 MHz, 0x0000000000000000, 72, 43.76 W
2026/09/15 14:16:48.799, 2463 MHz, 0x0000000000000000, 73, 43.84 W
2026/09/15 14:16:49.800, 2463 MHz, 0x0000000000000000, 72, 43.84 W
2026/09/15 14:16:50.801, 2463 MHz, 0x0000000000000000, 73, 43.86 W
2026/09/15 14:16:51.801, 2463 MHz, 0x0000000000000000, 73, 43.79 W
2026/09/15 14:16:52.802, 2463 MHz, 0x0000000000000000, 73, 43.89 W
2026/09/15 14:16:53.802, 2463 MHz, 0x0000000000000000, 73, 43.73 W
2026/09/15 14:16:54.803, 2463 MHz, 0x0000000000000000, 73, 43.77 W
2026/09/15 14:16:55.804, 2463 MHz, 0x0000000000000000, 72, 43.70 W
2026/09/15 14:16:56.804, 2463 MHz, 0x0000000000000000, 73, 43.74 W
2026/09/15 14:16:57.805, 2463 MHz, 0x0000000000000000, 73, 43.76 W
2026/09/15 14:16:58.805, 2463 MHz, 0x0000000000000000, 72, 43.76 W
2026/09/15 14:16:59.805, 2463 MHz, 0x0000000000000000, 73, 43.88 W
2026/09/15 14:17:00.806, 2463 MHz, 0x0000000000000000, 73, 43.92 W
2026/09/15 14:17:01.806, 2463 MHz, 0x0000000000000000, 73, 43.90 W
2026/09/15 14:17:02.807, 2463 MHz, 0x0000000000000000, 73, 43.91 W
2026/09/15 14:17:03.807, 2463 MHz, 0x0000000000000000, 73, 43.80 W
2026/09/15 14:17:04.808, 2463 MHz, 0x0000000000000000, 73, 43.88 W
2026/09/15 14:17:05.809, 2405 MHz, 0x0000000000000000, 69, 26.70 W
2026/09/15 14:17:06.809, 2405 MHz, 0x0000000000000000, 68, 17.37 W
2026/09/15 14:17:07.810, 2483 MHz, 0x0000000000000000, 72, 38.10 W
2026/09/15 14:17:08.810, 2483 MHz, 0x0000000000000000, 72, 45.15 W
2026/09/15 14:17:09.810, 2483 MHz, 0x0000000000000000, 72, 44.91 W
2026/09/15 14:17:10.811, 2483 MHz, 0x0000000000000000, 72, 45.20 W
2026/09/15 14:17:11.812, 2483 MHz, 0x0000000000000000, 72, 45.31 W
2026/09/15 14:17:12.812, 2483 MHz, 0x0000000000000000, 72, 45.30 W
2026/09/15 14:17:13.812, 2483 MHz, 0x0000000000000000, 72, 45.29 W
2026/09/15 14:17:14.813, 2483 MHz, 0x0000000000000000, 72, 45.52 W
2026/09/15 14:17:15.813, 2483 MHz, 0x0000000000000000, 72, 45.66 W
2026/09/15 14:17:16.813, 2483 MHz, 0x0000000000000000, 73, 45.70 W
2026/09/15 14:17:17.814, 2483 MHz, 0x0000000000000000, 72, 45.84 W
2026/09/15 14:17:18.814, 2483 MHz, 0x0000000000000000, 73, 45.42 W
2026/09/15 14:17:19.815, 2483 MHz, 0x0000000000000000, 73, 45.26 W
2026/09/15 14:17:20.815, 2463 MHz, 0x0000000000000000, 72, 45.49 W
2026/09/15 14:17:21.816, 2463 MHz, 0x0000000000000000, 73, 45.38 W
2026/09/15 14:17:22.816, 2463 MHz, 0x0000000000000000, 72, 45.37 W
2026/09/15 14:17:23.816, 2463 MHz, 0x0000000000000000, 73, 45.52 W
2026/09/15 14:17:24.817, 2463 MHz, 0x0000000000000000, 73, 45.48 W
2026/09/15 14:17:25.818, 2463 MHz, 0x0000000000000000, 73, 45.49 W
2026/09/15 14:17:26.818, 2463 MHz, 0x0000000000000000, 73, 45.87 W
2026/09/15 14:17:27.819, 2463 MHz, 0x0000000000000000, 72, 46.01 W
2026/09/15 14:17:28.819, 2463 MHz, 0x0000000000000000, 73, 45.95 W
2026/09/15 14:17:29.820, 2463 MHz, 0x0000000000000000, 73, 45.79 W
2026/09/15 14:17:30.821, 2463 MHz, 0x0000000000000000, 73, 45.77 W
2026/09/15 14:17:31.821, 2463 MHz, 0x0000000000000000, 73, 45.80 W
2026/09/15 14:17:32.821, 2463 MHz, 0x0000000000000000, 73, 45.76 W
2026/09/15 14:17:33.821, 2463 MHz, 0x0000000000000000, 73, 45.82 W
2026/09/15 14:17:34.822, 2463 MHz, 0x0000000000000000, 73, 45.72 W
2026/09/15 14:17:35.822, 2463 MHz, 0x0000000000000000, 73, 45.71 W
2026/09/15 14:17:36.823, 2463 MHz, 0x0000000000000000, 73, 45.49 W
2026/09/15 14:17:37.824, 2463 MHz, 0x0000000000000000, 73, 45.23 W
2026/09/15 14:17:38.824, 2463 MHz, 0x0000000000000000, 73, 45.67 W
2026/09/15 14:17:39.825, 2463 MHz, 0x0000000000000000, 73, 45.41 W
2026/09/15 14:17:40.826, 2463 MHz, 0x0000000000000000, 73, 45.42 W
2026/09/15 14:17:41.826, 2463 MHz, 0x0000000000000000, 73, 45.55 W
2026/09/15 14:17:42.827, 2463 MHz, 0x0000000000000000, 73, 45.20 W
2026/09/15 14:17:43.828, 2405 MHz, 0x0000000000000000, 68, 17.66 W
2026/09/15 14:17:44.828, 2418 MHz, 0x0000000000000000, 72, 21.10 W
2026/09/15 14:17:45.829, 2450 MHz, 0x0000000000000000, 74, 61.51 W
2026/09/15 14:17:46.830, 2411 MHz, 0x0000000000000000, 69, 46.97 W
2026/09/15 14:17:47.831, 2450 MHz, 0x0000000000000000, 74, 61.92 W
2026/09/15 14:17:48.831, 2450 MHz, 0x0000000000000000, 75, 61.80 W
2026/09/15 14:17:49.831, 2450 MHz, 0x0000000000000000, 75, 61.61 W
2026/09/15 14:17:50.832, 2463 MHz, 0x0000000000000000, 72, 49.49 W
2026/09/15 14:17:51.832, 2463 MHz, 0x0000000000000000, 72, 43.48 W
2026/09/15 14:17:52.833, 2463 MHz, 0x0000000000000000, 72, 43.46 W
2026/09/15 14:17:53.834, 2463 MHz, 0x0000000000000000, 72, 43.85 W
2026/09/15 14:17:54.834, 2463 MHz, 0x0000000000000000, 72, 43.87 W
2026/09/15 14:17:55.835, 2463 MHz, 0x0000000000000000, 72, 43.85 W
2026/09/15 14:17:56.836, 2463 MHz, 0x0000000000000000, 72, 43.58 W
2026/09/15 14:17:57.836, 2463 MHz, 0x0000000000000000, 72, 43.85 W
2026/09/15 14:17:58.836, 2463 MHz, 0x0000000000000000, 72, 43.52 W
2026/09/15 14:17:59.837, 2463 MHz, 0x0000000000000000, 72, 42.70 W
2026/09/15 14:18:00.837, 2463 MHz, 0x0000000000000000, 72, 43.18 W
2026/09/15 14:18:01.838, 2463 MHz, 0x0000000000000000, 72, 42.90 W
2026/09/15 14:18:02.839, 2463 MHz, 0x0000000000000000, 72, 43.58 W
2026/09/15 14:18:03.839, 2463 MHz, 0x0000000000000000, 72, 43.87 W
2026/09/15 14:18:04.839, 2463 MHz, 0x0000000000000000, 72, 43.76 W
2026/09/15 14:18:05.840, 2463 MHz, 0x0000000000000000, 72, 43.71 W
2026/09/15 14:18:06.840, 2463 MHz, 0x0000000000000000, 72, 43.65 W
2026/09/15 14:18:07.841, 2463 MHz, 0x0000000000000000, 72, 43.75 W
2026/09/15 14:18:08.842, 2463 MHz, 0x0000000000000000, 72, 43.81 W
2026/09/15 14:18:09.842, 2463 MHz, 0x0000000000000000, 72, 44.07 W
2026/09/15 14:18:10.843, 2463 MHz, 0x0000000000000000, 72, 43.43 W
2026/09/15 14:18:11.843, 2463 MHz, 0x0000000000000000, 72, 43.33 W
2026/09/15 14:18:12.844, 2463 MHz, 0x0000000000000000, 72, 43.14 W
2026/09/15 14:18:13.845, 2463 MHz, 0x0000000000000000, 72, 43.40 W
2026/09/15 14:18:14.846, 2463 MHz, 0x0000000000000000, 72, 43.05 W
2026/09/15 14:18:15.846, 2463 MHz, 0x0000000000000000, 72, 43.16 W
2026/09/15 14:18:16.847, 2463 MHz, 0x0000000000000000, 72, 43.02 W
2026/09/15 14:18:17.848, 2463 MHz, 0x0000000000000000, 72, 43.06 W
2026/09/15 14:18:18.848, 2463 MHz, 0x0000000000000000, 72, 42.96 W
2026/09/15 14:18:19.849, 2463 MHz, 0x0000000000000000, 72, 43.04 W
2026/09/15 14:18:20.849, 2463 MHz, 0x0000000000000000, 72, 42.98 W
2026/09/15 14:18:21.850, 2463 MHz, 0x0000000000000000, 72, 42.87 W
2026/09/15 14:18:22.850, 2463 MHz, 0x0000000000000000, 72, 43.04 W
2026/09/15 14:18:23.851, 2405 MHz, 0x0000000000000000, 68, 33.29 W
2026/09/15 14:18:24.852, 2405 MHz, 0x0000000000000000, 67, 17.33 W
2026/09/15 14:18:25.852, 2450 MHz, 0x0000000000000000, 73, 37.17 W
2026/09/15 14:18:26.853, 2450 MHz, 0x0000000000000000, 74, 61.11 W
2026/09/15 14:18:27.854, 2450 MHz, 0x0000000000000000, 74, 46.75 W
2026/09/15 14:18:28.855, 2450 MHz, 0x0000000000000000, 74, 61.37 W
2026/09/15 14:18:29.855, 2450 MHz, 0x0000000000000000, 74, 62.09 W
2026/09/15 14:18:30.856, 2450 MHz, 0x0000000000000000, 75, 60.66 W
2026/09/15 14:18:31.857, 2450 MHz, 0x0000000000000000, 73, 61.73 W
2026/09/15 14:18:32.857, 2450 MHz, 0x0000000000000000, 75, 61.23 W
2026/09/15 14:18:33.858, 2450 MHz, 0x0000000000000000, 75, 61.47 W
2026/09/15 14:18:34.858, 2463 MHz, 0x0000000000000000, 73, 53.00 W
2026/09/15 14:18:35.859, 2463 MHz, 0x0000000000000000, 73, 45.84 W
2026/09/15 14:18:36.859, 2463 MHz, 0x0000000000000000, 73, 45.71 W
2026/09/15 14:18:37.859, 2463 MHz, 0x0000000000000000, 73, 45.62 W
2026/09/15 14:18:38.860, 2463 MHz, 0x0000000000000000, 73, 45.37 W
2026/09/15 14:18:39.861, 2463 MHz, 0x0000000000000000, 73, 45.28 W
2026/09/15 14:18:40.862, 2463 MHz, 0x0000000000000000, 73, 45.49 W
2026/09/15 14:18:41.862, 2463 MHz, 0x0000000000000000, 73, 45.80 W
2026/09/15 14:18:42.863, 2463 MHz, 0x0000000000000000, 73, 45.91 W
2026/09/15 14:18:43.863, 2463 MHz, 0x0000000000000000, 73, 46.00 W
2026/09/15 14:18:44.863, 2463 MHz, 0x0000000000000000, 73, 45.89 W
2026/09/15 14:18:45.864, 2463 MHz, 0x0000000000000000, 73, 45.15 W
2026/09/15 14:18:46.864, 2463 MHz, 0x0000000000000000, 73, 45.25 W
2026/09/15 14:18:47.865, 2463 MHz, 0x0000000000000000, 73, 45.36 W
2026/09/15 14:18:48.866, 2463 MHz, 0x0000000000000000, 73, 45.28 W
2026/09/15 14:18:49.867, 2463 MHz, 0x0000000000000000, 72, 45.33 W
2026/09/15 14:18:50.867, 2463 MHz, 0x0000000000000000, 72, 45.40 W
2026/09/15 14:18:51.867, 2463 MHz, 0x0000000000000000, 73, 45.26 W
2026/09/15 14:18:52.868, 2463 MHz, 0x0000000000000000, 73, 45.83 W
2026/09/15 14:18:53.868, 2463 MHz, 0x0000000000000000, 73, 46.01 W
2026/09/15 14:18:54.869, 2463 MHz, 0x0000000000000000, 73, 46.00 W
2026/09/15 14:18:55.869, 2463 MHz, 0x0000000000000000, 73, 45.99 W
2026/09/15 14:18:56.870, 2463 MHz, 0x0000000000000000, 73, 46.04 W
2026/09/15 14:18:57.870, 2463 MHz, 0x0000000000000000, 73, 46.02 W
2026/09/15 14:18:58.871, 2463 MHz, 0x0000000000000000, 73, 45.66 W
2026/09/15 14:18:59.871, 2463 MHz, 0x0000000000000000, 73, 45.63 W
2026/09/15 14:19:00.872, 2463 MHz, 0x0000000000000000, 73, 45.46 W
2026/09/15 14:19:01.872, 2463 MHz, 0x0000000000000000, 73, 45.64 W
2026/09/15 14:19:02.872, 2463 MHz, 0x0000000000000000, 73, 45.17 W
2026/09/15 14:19:03.873, 2463 MHz, 0x0000000000000000, 73, 45.33 W
2026/09/15 14:19:04.874, 2463 MHz, 0x0000000000000000, 73, 44.93 W
2026/09/15 14:19:05.874, 2463 MHz, 0x0000000000000000, 73, 45.11 W
2026/09/15 14:19:06.874, 2463 MHz, 0x0000000000000000, 73, 45.22 W
2026/09/15 14:19:07.875, 2463 MHz, 0x0000000000000000, 73, 45.33 W
2026/09/15 14:19:08.875, 2405 MHz, 0x0000000000000000, 69, 26.76 W
2026/09/15 14:19:09.876, 2405 MHz, 0x0000000000000000, 68, 17.37 W
2026/09/15 14:19:10.877, 2450 MHz, 0x0000000000000000, 74, 51.92 W
2026/09/15 14:19:11.878, 2437 MHz, 0x0000000000000000, 74, 57.42 W
2026/09/15 14:19:12.878, 2450 MHz, 0x0000000000000000, 74, 62.71 W
2026/09/15 14:19:13.878, 2450 MHz, 0x0000000000000000, 75, 63.20 W
2026/09/15 14:19:14.878, 2463 MHz, 0x0000000000000000, 72, 55.28 W
2026/09/15 14:19:15.879, 2463 MHz, 0x0000000000000000, 72, 44.18 W
2026/09/15 14:19:16.879, 2463 MHz, 0x0000000000000000, 72, 43.95 W
2026/09/15 14:19:17.879, 2463 MHz, 0x0000000000000000, 72, 44.05 W
2026/09/15 14:19:18.879, 2463 MHz, 0x0000000000000000, 72, 43.80 W
2026/09/15 14:19:19.880, 2463 MHz, 0x0000000000000000, 72, 44.31 W
2026/09/15 14:19:20.880, 2463 MHz, 0x0000000000000000, 72, 43.90 W
2026/09/15 14:19:21.881, 2463 MHz, 0x0000000000000000, 72, 43.88 W
2026/09/15 14:19:22.881, 2463 MHz, 0x0000000000000000, 72, 43.98 W
2026/09/15 14:19:23.881, 2463 MHz, 0x0000000000000000, 72, 44.23 W
2026/09/15 14:19:24.882, 2463 MHz, 0x0000000000000000, 72, 44.11 W
2026/09/15 14:19:25.882, 2463 MHz, 0x0000000000000000, 72, 44.21 W
2026/09/15 14:19:26.883, 2463 MHz, 0x0000000000000000, 72, 44.16 W
2026/09/15 14:19:27.883, 2463 MHz, 0x0000000000000000, 72, 44.22 W
2026/09/15 14:19:28.884, 2463 MHz, 0x0000000000000000, 72, 44.05 W
2026/09/15 14:19:29.884, 2463 MHz, 0x0000000000000000, 72, 43.92 W
2026/09/15 14:19:30.885, 2463 MHz, 0x0000000000000000, 72, 44.08 W
2026/09/15 14:19:31.885, 2463 MHz, 0x0000000000000000, 72, 43.97 W
2026/09/15 14:19:32.885, 2463 MHz, 0x0000000000000000, 72, 43.63 W
2026/09/15 14:19:33.886, 2463 MHz, 0x0000000000000000, 72, 43.50 W
2026/09/15 14:19:34.886, 2463 MHz, 0x0000000000000000, 72, 43.49 W
2026/09/15 14:19:35.886, 2463 MHz, 0x0000000000000000, 72, 43.70 W
2026/09/15 14:19:36.886, 2463 MHz, 0x0000000000000000, 72, 43.58 W
2026/09/15 14:19:37.887, 2463 MHz, 0x0000000000000000, 72, 43.67 W
2026/09/15 14:19:38.887, 2463 MHz, 0x0000000000000000, 72, 43.75 W
2026/09/15 14:19:39.888, 2463 MHz, 0x0000000000000000, 72, 43.65 W
2026/09/15 14:19:40.888, 2463 MHz, 0x0000000000000000, 72, 43.58 W
2026/09/15 14:19:41.889, 2463 MHz, 0x0000000000000000, 72, 43.37 W
2026/09/15 14:19:42.889, 2463 MHz, 0x0000000000000000, 72, 43.61 W
2026/09/15 14:19:43.889, 2463 MHz, 0x0000000000000000, 72, 43.66 W
2026/09/15 14:19:44.890, 2463 MHz, 0x0000000000000000, 72, 43.66 W
2026/09/15 14:19:45.890, 2463 MHz, 0x0000000000000000, 72, 43.92 W
2026/09/15 14:19:46.890, 2463 MHz, 0x0000000000000000, 72, 43.60 W
2026/09/15 14:19:47.891, 2463 MHz, 0x0000000000000000, 72, 43.59 W
2026/09/15 14:19:48.892, 2405 MHz, 0x0000000000000000, 68, 28.14 W
2026/09/15 14:19:49.892, 2405 MHz, 0x0000000000000000, 68, 17.37 W
2026/09/15 14:19:50.892, 2450 MHz, 0x0000000000000000, 74, 46.38 W
2026/09/15 14:19:51.892, 2437 MHz, 0x0000000000000000, 69, 53.39 W
2026/09/15 14:19:52.893, 2450 MHz, 0x0000000000000000, 74, 44.60 W
2026/09/15 14:19:53.893, 2450 MHz, 0x0000000000000000, 74, 60.86 W
2026/09/15 14:19:54.893, 2450 MHz, 0x0000000000000000, 74, 63.32 W
2026/09/15 14:19:55.894, 2450 MHz, 0x0000000000000000, 75, 65.85 W
2026/09/15 14:19:56.894, 2450 MHz, 0x0000000000000000, 76, 63.82 W
2026/09/15 14:19:57.894, 2450 MHz, 0x0000000000000000, 75, 60.60 W
2026/09/15 14:19:58.895, 2463 MHz, 0x0000000000000000, 73, 46.27 W
2026/09/15 14:19:59.895, 2463 MHz, 0x0000000000000000, 73, 46.07 W
2026/09/15 14:20:00.896, 2463 MHz, 0x0000000000000000, 73, 45.88 W
2026/09/15 14:20:01.896, 2463 MHz, 0x0000000000000000, 73, 46.21 W
2026/09/15 14:20:02.897, 2463 MHz, 0x0000000000000000, 73, 46.04 W
2026/09/15 14:20:03.897, 2463 MHz, 0x0000000000000000, 73, 46.35 W
2026/09/15 14:20:04.897, 2463 MHz, 0x0000000000000000, 73, 46.52 W
2026/09/15 14:20:05.897, 2463 MHz, 0x0000000000000000, 73, 46.25 W
2026/09/15 14:20:06.898, 2463 MHz, 0x0000000000000000, 73, 45.86 W
2026/09/15 14:20:07.898, 2463 MHz, 0x0000000000000000, 73, 46.01 W
2026/09/15 14:20:08.899, 2463 MHz, 0x0000000000000000, 73, 46.13 W
2026/09/15 14:20:09.900, 2463 MHz, 0x0000000000000000, 73, 46.27 W
2026/09/15 14:20:10.900, 2463 MHz, 0x0000000000000000, 73, 46.42 W
2026/09/15 14:20:11.901, 2463 MHz, 0x0000000000000000, 73, 46.65 W
2026/09/15 14:20:12.901, 2463 MHz, 0x0000000000000000, 73, 46.59 W
2026/09/15 14:20:13.901, 2463 MHz, 0x0000000000000000, 73, 46.61 W
2026/09/15 14:20:14.902, 2463 MHz, 0x0000000000000000, 73, 46.71 W
2026/09/15 14:20:15.903, 2463 MHz, 0x0000000000000000, 73, 46.74 W
2026/09/15 14:20:16.903, 2463 MHz, 0x0000000000000000, 73, 46.48 W
2026/09/15 14:20:17.904, 2463 MHz, 0x0000000000000000, 73, 46.54 W
2026/09/15 14:20:18.904, 2463 MHz, 0x0000000000000000, 73, 46.89 W
2026/09/15 14:20:19.904, 2463 MHz, 0x0000000000000000, 73, 46.89 W
2026/09/15 14:20:20.905, 2463 MHz, 0x0000000000000000, 73, 46.87 W
2026/09/15 14:20:21.905, 2463 MHz, 0x0000000000000000, 73, 46.77 W
2026/09/15 14:20:22.906, 2463 MHz, 0x0000000000000000, 73, 46.91 W
2026/09/15 14:20:23.906, 2463 MHz, 0x0000000000000000, 73, 46.91 W
2026/09/15 14:20:24.907, 2463 MHz, 0x0000000000000000, 73, 47.03 W
2026/09/15 14:20:25.907, 2463 MHz, 0x0000000000000000, 73, 46.88 W
2026/09/15 14:20:26.908, 2463 MHz, 0x0000000000000000, 73, 46.73 W
2026/09/15 14:20:27.908, 2463 MHz, 0x0000000000000000, 73, 46.49 W
2026/09/15 14:20:28.908, 2463 MHz, 0x0000000000000000, 73, 46.03 W
2026/09/15 14:20:29.909, 2463 MHz, 0x0000000000000000, 73, 45.88 W
2026/09/15 14:20:30.909, 2463 MHz, 0x0000000000000000, 73, 46.44 W
2026/09/15 14:20:31.910, 2463 MHz, 0x0000000000000000, 73, 46.15 W
2026/09/15 14:20:32.910, 2405 MHz, 0x0000000000000000, 69, 20.83 W
2026/09/15 14:20:33.910, 2405 MHz, 0x0000000000000000, 68, 17.46 W
2026/09/15 14:20:34.911, 2450 MHz, 0x0000000000000000, 75, 62.93 W
2026/09/15 14:20:35.911, 2450 MHz, 0x0000000000000000, 74, 60.78 W
2026/09/15 14:20:36.912, 2450 MHz, 0x0000000000000000, 76, 61.64 W
2026/09/15 14:20:37.912, 2450 MHz, 0x0000000000000000, 75, 64.10 W
2026/09/15 14:20:38.912, 2450 MHz, 0x0000000000000000, 76, 67.74 W
2026/09/15 14:20:39.913, 2457 MHz, 0x0000000000000000, 74, 60.48 W
2026/09/15 14:20:40.913, 2463 MHz, 0x0000000000000000, 73, 44.99 W
2026/09/15 14:20:41.913, 2463 MHz, 0x0000000000000000, 73, 44.49 W
2026/09/15 14:20:42.913, 2463 MHz, 0x0000000000000000, 73, 44.44 W
2026/09/15 14:20:43.914, 2463 MHz, 0x0000000000000000, 73, 44.84 W
2026/09/15 14:20:44.915, 2463 MHz, 0x0000000000000000, 73, 44.84 W
2026/09/15 14:20:45.915, 2463 MHz, 0x0000000000000000, 73, 44.56 W
2026/09/15 14:20:46.915, 2463 MHz, 0x0000000000000000, 73, 44.64 W
2026/09/15 14:20:47.916, 2463 MHz, 0x0000000000000000, 73, 44.66 W
2026/09/15 14:20:48.917, 2463 MHz, 0x0000000000000000, 73, 44.86 W
2026/09/15 14:20:49.917, 2463 MHz, 0x0000000000000000, 73, 44.65 W
2026/09/15 14:20:50.917, 2463 MHz, 0x0000000000000000, 73, 44.09 W
2026/09/15 14:20:51.918, 2463 MHz, 0x0000000000000000, 73, 44.28 W
2026/09/15 14:20:52.918, 2463 MHz, 0x0000000000000000, 73, 44.67 W
2026/09/15 14:20:53.919, 2463 MHz, 0x0000000000000000, 73, 44.30 W
2026/09/15 14:20:54.919, 2463 MHz, 0x0000000000000000, 73, 44.62 W
2026/09/15 14:20:55.919, 2463 MHz, 0x0000000000000000, 73, 44.62 W
2026/09/15 14:20:56.919, 2463 MHz, 0x0000000000000000, 73, 44.79 W
2026/09/15 14:20:57.920, 2463 MHz, 0x0000000000000000, 73, 44.72 W
2026/09/15 14:20:58.920, 2463 MHz, 0x0000000000000000, 73, 44.28 W
2026/09/15 14:20:59.921, 2463 MHz, 0x0000000000000000, 73, 44.05 W
2026/09/15 14:21:00.921, 2463 MHz, 0x0000000000000000, 73, 43.94 W
2026/09/15 14:21:01.922, 2463 MHz, 0x0000000000000000, 73, 44.14 W
2026/09/15 14:21:02.922, 2463 MHz, 0x0000000000000000, 73, 44.20 W
2026/09/15 14:21:03.922, 2463 MHz, 0x0000000000000000, 73, 44.06 W
2026/09/15 14:21:04.923, 2463 MHz, 0x0000000000000000, 73, 44.12 W
2026/09/15 14:21:05.923, 2463 MHz, 0x0000000000000000, 73, 44.26 W
2026/09/15 14:21:06.924, 2463 MHz, 0x0000000000000000, 73, 44.37 W
2026/09/15 14:21:07.924, 2463 MHz, 0x0000000000000000, 73, 44.00 W
2026/09/15 14:21:08.925, 2463 MHz, 0x0000000000000000, 73, 44.28 W
2026/09/15 14:21:09.925, 2463 MHz, 0x0000000000000000, 73, 44.31 W
2026/09/15 14:21:10.925, 2463 MHz, 0x0000000000000000, 73, 45.06 W
2026/09/15 14:21:11.926, 2463 MHz, 0x0000000000000000, 73, 45.17 W
2026/09/15 14:21:12.926, 2463 MHz, 0x0000000000000000, 73, 44.96 W
2026/09/15 14:21:13.927, 2418 MHz, 0x0000000000000000, 69, 37.21 W
2026/09/15 14:21:14.927, 2405 MHz, 0x0000000000000000, 68, 17.50 W
2026/09/15 14:21:15.928, 2437 MHz, 0x0000000000000000, 75, 30.90 W
2026/09/15 14:21:16.928, 2457 MHz, 0x0000000000000000, 76, 65.94 W
2026/09/15 14:21:17.928, 2431 MHz, 0x0000000000000000, 75, 55.34 W
2026/09/15 14:21:18.929, 2450 MHz, 0x0000000000000000, 76, 66.48 W
2026/09/15 14:21:19.929, 2450 MHz, 0x0000000000000000, 76, 65.84 W
2026/09/15 14:21:20.930, 2450 MHz, 0x0000000000000000, 76, 66.09 W
2026/09/15 14:21:21.930, 2450 MHz, 0x0000000000000000, 77, 66.58 W
2026/09/15 14:21:22.930, 2450 MHz, 0x0000000000000000, 76, 65.33 W
2026/09/15 14:21:23.930, 2450 MHz, 0x0000000000000000, 77, 65.29 W
2026/09/15 14:21:24.931, 2450 MHz, 0x0000000000000000, 77, 65.65 W
2026/09/15 14:21:25.931, 2463 MHz, 0x0000000000000000, 74, 50.82 W
2026/09/15 14:21:26.932, 2463 MHz, 0x0000000000000000, 74, 47.06 W
2026/09/15 14:21:27.933, 2463 MHz, 0x0000000000000000, 74, 46.98 W
2026/09/15 14:21:28.933, 2463 MHz, 0x0000000000000000, 74, 46.99 W
2026/09/15 14:21:29.933, 2463 MHz, 0x0000000000000000, 73, 47.13 W
2026/09/15 14:21:30.934, 2463 MHz, 0x0000000000000000, 74, 47.33 W
2026/09/15 14:21:31.934, 2463 MHz, 0x0000000000000000, 74, 47.06 W
2026/09/15 14:21:32.934, 2463 MHz, 0x0000000000000000, 73, 47.26 W
2026/09/15 14:21:33.934, 2463 MHz, 0x0000000000000000, 74, 46.99 W
2026/09/15 14:21:34.935, 2463 MHz, 0x0000000000000000, 73, 46.87 W
2026/09/15 14:21:35.935, 2463 MHz, 0x0000000000000000, 73, 47.11 W
2026/09/15 14:21:36.935, 2463 MHz, 0x0000000000000000, 73, 47.19 W
2026/09/15 14:21:37.935, 2463 MHz, 0x0000000000000000, 74, 46.77 W
2026/09/15 14:21:38.935, 2463 MHz, 0x0000000000000000, 73, 46.37 W
2026/09/15 14:21:39.936, 2463 MHz, 0x0000000000000000, 73, 46.16 W
2026/09/15 14:21:40.937, 2463 MHz, 0x0000000000000000, 73, 46.60 W
2026/09/15 14:21:41.937, 2463 MHz, 0x0000000000000000, 74, 46.96 W
2026/09/15 14:21:42.937, 2463 MHz, 0x0000000000000000, 73, 46.81 W
2026/09/15 14:21:43.937, 2463 MHz, 0x0000000000000000, 73, 46.71 W
2026/09/15 14:21:44.938, 2463 MHz, 0x0000000000000000, 73, 47.25 W
2026/09/15 14:21:45.938, 2463 MHz, 0x0000000000000000, 73, 47.16 W
2026/09/15 14:21:46.938, 2463 MHz, 0x0000000000000000, 73, 47.08 W
2026/09/15 14:21:47.939, 2463 MHz, 0x0000000000000000, 73, 47.14 W
2026/09/15 14:21:48.939, 2463 MHz, 0x0000000000000000, 74, 47.34 W
2026/09/15 14:21:49.939, 2463 MHz, 0x0000000000000000, 74, 47.44 W
2026/09/15 14:21:50.940, 2463 MHz, 0x0000000000000000, 73, 47.21 W
2026/09/15 14:21:51.940, 2463 MHz, 0x0000000000000000, 73, 47.37 W
2026/09/15 14:21:52.940, 2463 MHz, 0x0000000000000000, 73, 47.08 W
2026/09/15 14:21:53.941, 2463 MHz, 0x0000000000000000, 73, 47.18 W
2026/09/15 14:21:54.941, 2463 MHz, 0x0000000000000000, 73, 47.06 W
2026/09/15 14:21:55.942, 2463 MHz, 0x0000000000000000, 74, 47.59 W
2026/09/15 14:21:56.942, 2463 MHz, 0x0000000000000000, 74, 47.35 W
2026/09/15 14:21:57.943, 2463 MHz, 0x0000000000000000, 73, 46.97 W
2026/09/15 14:21:58.943, 2405 MHz, 0x0000000000000000, 69, 31.83 W
2026/09/15 14:21:59.943, 2405 MHz, 0x0000000000000000, 68, 17.50 W
2026/09/15 14:22:00.944, 2450 MHz, 0x0000000000000000, 76, 40.16 W
2026/09/15 14:22:01.944, 2450 MHz, 0x0000000000000000, 75, 70.06 W
2026/09/15 14:22:02.944, 2450 MHz, 0x0000000000000000, 76, 72.28 W
2026/09/15 14:22:03.945, 2450 MHz, 0x0000000000000000, 75, 51.30 W
2026/09/15 14:22:04.945, 2450 MHz, 0x0000000000000000, 77, 71.43 W
2026/09/15 14:22:05.945, 2450 MHz, 0x0000000000000000, 76, 71.86 W
2026/09/15 14:22:06.946, 2450 MHz, 0x0000000000000000, 77, 71.60 W
2026/09/15 14:22:07.946, 2450 MHz, 0x0000000000000000, 78, 70.85 W
2026/09/15 14:22:08.946, 2450 MHz, 0x0000000000000000, 74, 71.39 W
2026/09/15 14:22:09.947, 2463 MHz, 0x0000000000000000, 74, 47.28 W
2026/09/15 14:22:10.947, 2463 MHz, 0x0000000000000000, 73, 45.39 W
2026/09/15 14:22:11.947, 2463 MHz, 0x0000000000000000, 74, 45.33 W
2026/09/15 14:22:12.948, 2463 MHz, 0x0000000000000000, 73, 45.36 W
2026/09/15 14:22:13.948, 2463 MHz, 0x0000000000000000, 73, 45.47 W
2026/09/15 14:22:14.948, 2463 MHz, 0x0000000000000000, 73, 45.39 W
2026/09/15 14:22:15.948, 2463 MHz, 0x0000000000000000, 73, 45.14 W
2026/09/15 14:22:16.948, 2463 MHz, 0x0000000000000000, 73, 45.40 W
2026/09/15 14:22:17.949, 2463 MHz, 0x0000000000000000, 73, 45.45 W
2026/09/15 14:22:18.949, 2463 MHz, 0x0000000000000000, 73, 44.81 W
2026/09/15 14:22:19.950, 2463 MHz, 0x0000000000000000, 73, 44.79 W
2026/09/15 14:22:20.950, 2463 MHz, 0x0000000000000000, 73, 45.62 W
2026/09/15 14:22:21.950, 2463 MHz, 0x0000000000000000, 73, 44.69 W
2026/09/15 14:22:22.950, 2463 MHz, 0x0000000000000000, 73, 45.29 W
2026/09/15 14:22:23.951, 2463 MHz, 0x0000000000000000, 73, 45.26 W
2026/09/15 14:22:24.951, 2463 MHz, 0x0000000000000000, 73, 45.58 W
2026/09/15 14:22:25.951, 2463 MHz, 0x0000000000000000, 73, 45.08 W
2026/09/15 14:22:26.951, 2463 MHz, 0x0000000000000000, 73, 45.12 W
2026/09/15 14:22:27.952, 2463 MHz, 0x0000000000000000, 73, 45.05 W
2026/09/15 14:22:28.952, 2463 MHz, 0x0000000000000000, 73, 44.81 W
2026/09/15 14:22:29.953, 2463 MHz, 0x0000000000000000, 73, 44.98 W
2026/09/15 14:22:30.953, 2463 MHz, 0x0000000000000000, 73, 44.68 W
2026/09/15 14:22:31.953, 2463 MHz, 0x0000000000000000, 73, 44.56 W
2026/09/15 14:22:32.953, 2463 MHz, 0x0000000000000000, 73, 44.60 W
2026/09/15 14:22:33.954, 2463 MHz, 0x0000000000000000, 73, 44.73 W
2026/09/15 14:22:34.954, 2463 MHz, 0x0000000000000000, 73, 44.34 W
2026/09/15 14:22:35.954, 2463 MHz, 0x0000000000000000, 73, 44.23 W
2026/09/15 14:22:36.955, 2463 MHz, 0x0000000000000000, 73, 43.97 W
2026/09/15 14:22:37.955, 2463 MHz, 0x0000000000000000, 73, 44.13 W
2026/09/15 14:22:38.955, 2463 MHz, 0x0000000000000000, 73, 44.94 W
2026/09/15 14:22:39.956, 2463 MHz, 0x0000000000000000, 72, 45.11 W
2026/09/15 14:22:40.956, 2463 MHz, 0x0000000000000000, 73, 45.13 W
2026/09/15 14:22:41.956, 2463 MHz, 0x0000000000000000, 73, 45.14 W
2026/09/15 14:22:42.956, 2405 MHz, 0x0000000000000000, 68, 23.00 W
2026/09/15 14:22:43.956, 2405 MHz, 0x0000000000000000, 68, 17.35 W
2026/09/15 14:22:44.957, 2450 MHz, 0x0000000000000000, 75, 53.53 W
2026/09/15 14:22:45.957, 2450 MHz, 0x0000000000000000, 77, 70.91 W
2026/09/15 14:22:46.958, 2450 MHz, 0x0000000000000000, 73, 70.92 W
2026/09/15 14:22:47.958, 2450 MHz, 0x0000000000000000, 75, 52.53 W
2026/09/15 14:22:48.958, 2450 MHz, 0x0000000000000000, 77, 70.47 W
2026/09/15 14:22:49.959, 2450 MHz, 0x0000000000000000, 78, 72.23 W
2026/09/15 14:22:50.959, 2450 MHz, 0x0000000000000000, 76, 70.57 W
2026/09/15 14:22:51.959, 2450 MHz, 0x0000000000000000, 79, 71.24 W
2026/09/15 14:22:52.960, 2450 MHz, 0x0000000000000000, 77, 70.71 W
2026/09/15 14:22:53.960, 2450 MHz, 0x0000000000000000, 79, 72.75 W
2026/09/15 14:22:54.960, 2450 MHz, 0x0000000000000000, 80, 71.79 W
2026/09/15 14:22:55.960, 2450 MHz, 0x0000000000000000, 78, 70.76 W
2026/09/15 14:22:56.961, 2450 MHz, 0x0000000000000000, 77, 70.68 W
2026/09/15 14:22:57.961, 2450 MHz, 0x0000000000000000, 78, 72.68 W
2026/09/15 14:22:58.962, 2463 MHz, 0x0000000000000000, 74, 54.15 W
2026/09/15 14:22:59.962, 2463 MHz, 0x0000000000000000, 75, 48.14 W
2026/09/15 14:23:00.963, 2463 MHz, 0x0000000000000000, 75, 48.17 W
2026/09/15 14:23:01.963, 2463 MHz, 0x0000000000000000, 74, 47.91 W
2026/09/15 14:23:02.963, 2463 MHz, 0x0000000000000000, 74, 47.82 W
2026/09/15 14:23:03.964, 2463 MHz, 0x0000000000000000, 74, 48.13 W
2026/09/15 14:23:04.964, 2463 MHz, 0x0000000000000000, 74, 48.10 W
2026/09/15 14:23:05.964, 2463 MHz, 0x0000000000000000, 74, 47.97 W
2026/09/15 14:23:06.965, 2463 MHz, 0x0000000000000000, 74, 48.22 W
2026/09/15 14:23:07.965, 2463 MHz, 0x0000000000000000, 74, 48.27 W
2026/09/15 14:23:08.965, 2463 MHz, 0x0000000000000000, 74, 48.12 W
2026/09/15 14:23:09.966, 2463 MHz, 0x0000000000000000, 74, 48.41 W
2026/09/15 14:23:10.966, 2463 MHz, 0x0000000000000000, 74, 47.77 W
2026/09/15 14:23:11.967, 2463 MHz, 0x0000000000000000, 74, 47.95 W
2026/09/15 14:23:12.968, 2463 MHz, 0x0000000000000000, 74, 47.93 W
2026/09/15 14:23:13.968, 2463 MHz, 0x0000000000000000, 74, 48.38 W
2026/09/15 14:23:14.968, 2463 MHz, 0x0000000000000000, 74, 47.89 W
2026/09/15 14:23:15.969, 2463 MHz, 0x0000000000000000, 74, 47.83 W
2026/09/15 14:23:16.969, 2463 MHz, 0x0000000000000000, 74, 47.94 W
2026/09/15 14:23:17.970, 2463 MHz, 0x0000000000000000, 74, 47.88 W
2026/09/15 14:23:18.970, 2463 MHz, 0x0000000000000000, 74, 47.93 W
2026/09/15 14:23:19.970, 2463 MHz, 0x0000000000000000, 74, 48.22 W
2026/09/15 14:23:20.971, 2463 MHz, 0x0000000000000000, 74, 48.06 W
2026/09/15 14:23:21.971, 2463 MHz, 0x0000000000000000, 74, 48.14 W
2026/09/15 14:23:22.972, 2463 MHz, 0x0000000000000000, 74, 48.03 W
2026/09/15 14:23:23.972, 2463 MHz, 0x0000000000000000, 74, 48.20 W
2026/09/15 14:23:24.973, 2463 MHz, 0x0000000000000000, 74, 47.82 W
2026/09/15 14:23:25.973, 2463 MHz, 0x0000000000000000, 74, 47.84 W
2026/09/15 14:23:26.974, 2463 MHz, 0x0000000000000000, 74, 47.99 W
2026/09/15 14:23:27.974, 2463 MHz, 0x0000000000000000, 74, 48.12 W
2026/09/15 14:23:28.974, 2463 MHz, 0x0000000000000000, 74, 47.82 W
2026/09/15 14:23:29.975, 2463 MHz, 0x0000000000000000, 74, 48.09 W
2026/09/15 14:23:30.975, 2463 MHz, 0x0000000000000000, 74, 48.14 W
2026/09/15 14:23:31.976, 2463 MHz, 0x0000000000000000, 74, 48.08 W
2026/09/15 14:23:32.976, 2405 MHz, 0x0000000000000000, 69, 20.72 W
2026/09/15 14:23:33.977, 2405 MHz, 0x0000000000000000, 68, 17.58 W
