timestamp, clocks.current.sm [MHz], clocks_event_reasons.active, temperature.gpu, power.draw [W]
2026/09/15 13:29:30.736, 2398 MHz, 0x0000000000000000, 50, 11.12 W
2026/09/15 13:29:31.745, 2398 MHz, 0x0000000000000000, 50, 11.00 W
2026/09/15 13:29:32.746, 2398 MHz, 0x0000000000000000, 50, 10.94 W
2026/09/15 13:29:33.747, 2398 MHz, 0x0000000000000000, 50, 10.92 W
2026/09/15 13:29:34.747, 2398 MHz, 0x0000000000000000, 50, 10.96 W
2026/09/15 13:29:35.747, 2398 MHz, 0x0000000000000000, 50, 10.94 W
2026/09/15 13:29:36.747, 2398 MHz, 0x0000000000000000, 50, 10.92 W
2026/09/15 13:29:37.747, 2398 MHz, 0x0000000000000000, 50, 10.95 W
2026/09/15 13:29:38.748, 2398 MHz, 0x0000000000000000, 50, 10.95 W
2026/09/15 13:29:39.748, 2398 MHz, 0x0000000000000000, 50, 10.93 W
2026/09/15 13:29:40.748, 2398 MHz, 0x0000000000000000, 50, 11.10 W
2026/09/15 13:29:41.749, 2398 MHz, 0x0000000000000000, 50, 11.22 W
2026/09/15 13:29:42.749, 2398 MHz, 0x0000000000000000, 50, 12.14 W
2026/09/15 13:29:43.750, 2398 MHz, 0x0000000000000000, 50, 11.59 W
2026/09/15 13:29:44.750, 208 MHz, 0x0000000000000000, 49, 5.26 W
2026/09/15 13:29:45.751, 208 MHz, 0x0000000000000000, 49, 4.40 W
2026/09/15 13:29:46.751, 208 MHz, 0x0000000000000000, 49, 4.38 W
2026/09/15 13:29:47.752, 208 MHz, 0x0000000000000000, 49, 3.70 W
2026/09/15 13:29:48.753, 208 MHz, 0x0000000000000004, 49, 3.63 W
2026/09/15 13:29:49.753, 208 MHz, 0x0000000000000000, 49, 3.53 W
2026/09/15 13:29:50.753, 208 MHz, 0x0000000000000004, 49, 3.55 W
2026/09/15 13:29:51.753, 208 MHz, 0x0000000000000000, 48, 3.53 W
2026/09/15 13:29:52.754, 208 MHz, 0x0000000000000004, 48, 3.65 W
2026/09/15 13:29:53.754, 2398 MHz, 0x0000000000000000, 50, 9.38 W
2026/09/15 13:29:54.755, 2262 MHz, 0x0000000000000000, 49, 10.41 W
2026/09/15 13:29:55.756, 208 MHz, 0x0000000000000000, 49, 4.89 W
2026/09/15 13:29:56.756, 208 MHz, 0x0000000000000000, 49, 4.46 W
2026/09/15 13:29:57.757, 208 MHz, 0x0000000000000000, 49, 4.46 W
2026/09/15 13:29:58.757, 208 MHz, 0x0000000000000000, 48, 3.85 W
2026/09/15 13:29:59.758, 208 MHz, 0x0000000000000004, 48, 3.69 W
2026/09/15 13:30:00.758, 208 MHz, 0x0000000000000000, 48, 3.72 W
2026/09/15 13:30:01.758, 208 MHz, 0x0000000000000000, 48, 3.84 W
2026/09/15 13:30:02.759, 214 MHz, 0x0000000000000000, 48, 3.80 W
2026/09/15 13:30:03.759, 208 MHz, 0x0000000000000000, 48, 3.62 W
2026/09/15 13:30:04.759, 208 MHz, 0x0000000000000000, 48, 3.68 W
2026/09/15 13:30:05.759, 208 MHz, 0x0000000000000004, 48, 3.72 W
2026/09/15 13:30:06.760, 201 MHz, 0x0000000000000000, 48, 3.76 W
2026/09/15 13:30:07.760, 214 MHz, 0x0000000000000000, 48, 3.80 W
2026/09/15 13:30:08.761, 208 MHz, 0x0000000000000004, 48, 3.84 W
2026/09/15 13:30:09.761, 208 MHz, 0x0000000000000000, 48, 3.80 W
2026/09/15 13:30:10.762, 208 MHz, 0x0000000000000004, 48, 3.72 W
2026/09/15 13:30:11.762, 208 MHz, 0x0000000000000000, 48, 3.84 W
2026/09/15 13:30:12.763, 214 MHz, 0x0000000000000000, 48, 3.87 W
2026/09/15 13:30:13.763, 208 MHz, 0x0000000000000000, 48, 3.93 W
2026/09/15 13:30:14.764, 208 MHz, 0x0000000000000000, 48, 3.93 W
2026/09/15 13:30:15.764, 208 MHz, 0x0000000000000000, 48, 3.85 W
2026/09/15 13:30:16.765, 208 MHz, 0x0000000000000004, 49, 3.83 W
2026/09/15 13:30:17.765, 208 MHz, 0x0000000000000000, 48, 3.83 W
2026/09/15 13:30:18.766, 208 MHz, 0x0000000000000004, 48, 3.70 W
2026/09/15 13:30:19.766, 208 MHz, 0x0000000000000000, 48, 3.78 W
2026/09/15 13:30:20.767, 208 MHz, 0x0000000000000000, 49, 3.89 W
2026/09/15 13:30:21.767, 208 MHz, 0x0000000000000000, 49, 3.84 W
2026/09/15 13:30:22.767, 208 MHz, 0x0000000000000000, 49, 3.80 W
2026/09/15 13:30:23.768, 208 MHz, 0x0000000000000000, 49, 3.77 W
2026/09/15 13:30:24.768, 208 MHz, 0x0000000000000004, 48, 3.80 W
2026/09/15 13:30:25.769, 208 MHz, 0x0000000000000000, 48, 3.75 W
2026/09/15 13:30:26.769, 208 MHz, 0x0000000000000004, 48, 3.78 W
2026/09/15 13:30:27.770, 208 MHz, 0x0000000000000000, 49, 3.85 W
2026/09/15 13:30:28.771, 208 MHz, 0x0000000000000004, 49, 3.65 W
2026/09/15 13:30:29.772, 208 MHz, 0x0000000000000000, 48, 3.45 W
2026/09/15 13:30:30.772, 208 MHz, 0x0000000000000004, 48, 3.45 W
2026/09/15 13:30:31.773, 208 MHz, 0x0000000000000000, 48, 3.48 W
2026/09/15 13:30:32.774, 208 MHz, 0x0000000000000004, 48, 3.48 W
2026/09/15 13:30:33.775, 208 MHz, 0x0000000000000000, 48, 3.48 W
2026/09/15 13:30:34.776, 214 MHz, 0x0000000000000000, 48, 3.45 W
2026/09/15 13:30:35.776, 208 MHz, 0x0000000000000004, 48, 3.46 W
2026/09/15 13:30:36.777, 208 MHz, 0x0000000000000000, 48, 3.48 W
2026/09/15 13:30:37.778, 208 MHz, 0x0000000000000004, 48, 3.48 W
2026/09/15 13:30:38.778, 208 MHz, 0x0000000000000000, 48, 3.56 W
2026/09/15 13:30:39.779, 208 MHz, 0x0000000000000004, 48, 3.51 W
2026/09/15 13:30:40.779, 208 MHz, 0x0000000000000000, 48, 3.49 W
2026/09/15 13:30:41.780, 208 MHz, 0x0000000000000004, 48, 3.49 W
2026/09/15 13:30:42.780, 208 MHz, 0x0000000000000000, 48, 3.49 W
2026/09/15 13:30:43.781, 208 MHz, 0x0000000000000004, 47, 3.48 W
2026/09/15 13:30:44.782, 208 MHz, 0x0000000000000000, 47, 3.45 W
2026/09/15 13:30:45.783, 208 MHz, 0x0000000000000004, 47, 3.46 W
2026/09/15 13:30:46.783, 208 MHz, 0x0000000000000000, 47, 3.44 W
2026/09/15 13:30:47.784, 201 MHz, 0x0000000000000004, 47, 3.44 W
2026/09/15 13:30:48.784, 728 MHz, 0x0000000000000000, 49, 6.49 W
2026/09/15 13:30:49.784, 2405 MHz, 0x0000000000000000, 49, 11.18 W
2026/09/15 13:30:50.785, 2405 MHz, 0x0000000000000000, 49, 11.30 W
2026/09/15 13:30:51.785, 2405 MHz, 0x0000000000000000, 49, 11.17 W
2026/09/15 13:30:52.785, 2398 MHz, 0x0000000000000000, 49, 11.26 W
2026/09/15 13:30:53.786, 2398 MHz, 0x0000000000000000, 49, 11.34 W
2026/09/15 13:30:54.786, 2405 MHz, 0x0000000000000000, 49, 11.62 W
2026/09/15 13:30:55.787, 2411 MHz, 0x0000000000000000, 49, 11.55 W
2026/09/15 13:30:56.787, 2405 MHz, 0x0000000000000000, 49, 11.33 W
2026/09/15 13:30:57.787, 2398 MHz, 0x0000000000000000, 49, 11.21 W
2026/09/15 13:30:58.788, 2431 MHz, 0x0000000000000000, 50, 13.05 W
2026/09/15 13:30:59.788, 2463 MHz, 0x0000000000000000, 51, 15.98 W
2026/09/15 13:31:00.788, 2457 MHz, 0x0000000000000000, 51, 16.31 W
2026/09/15 13:31:01.789, 2496 MHz, 0x0000000000000000, 52, 15.63 W
2026/09/15 13:31:02.789, 2541 MHz, 0x0000000000000000, 53, 19.91 W
2026/09/15 13:31:03.789, 2528 MHz, 0x0000000000000000, 52, 18.84 W
2026/09/15 13:31:04.789, 2476 MHz, 0x0000000000000000, 52, 16.69 W
2026/09/15 13:31:05.790, 2457 MHz, 0x0000000000000000, 53, 17.42 W
2026/09/15 13:31:06.790, 2502 MHz, 0x0000000000000000, 53, 19.07 W
2026/09/15 13:31:07.790, 2470 MHz, 0x0000000000000000, 53, 17.00 W
2026/09/15 13:31:08.791, 2476 MHz, 0x0000000000000000, 53, 18.24 W
2026/09/15 13:31:09.791, 2418 MHz, 0x0000000000000000, 53, 15.23 W
2026/09/15 13:31:10.791, 2431 MHz, 0x0000000000000000, 53, 14.51 W
2026/09/15 13:31:11.792, 2444 MHz, 0x0000000000000000, 53, 14.94 W
2026/09/15 13:31:12.792, 2476 MHz, 0x0000000000000000, 53, 14.81 W
2026/09/15 13:31:13.792, 2437 MHz, 0x0000000000000000, 54, 14.89 W
2026/09/15 13:31:14.793, 2418 MHz, 0x0000000000000000, 54, 14.56 W
2026/09/15 13:31:15.793, 2437 MHz, 0x0000000000000000, 54, 15.20 W
2026/09/15 13:31:16.793, 2437 MHz, 0x0000000000000000, 54, 14.68 W
2026/09/15 13:31:17.793, 2470 MHz, 0x0000000000000000, 54, 14.87 W
2026/09/15 13:31:18.793, 2437 MHz, 0x0000000000000000, 54, 14.80 W
2026/09/15 13:31:19.794, 2411 MHz, 0x0000000000000000, 54, 14.78 W
2026/09/15 13:31:20.794, 2437 MHz, 0x0000000000000000, 54, 15.46 W
2026/09/15 13:31:21.794, 2437 MHz, 0x0000000000000000, 54, 14.75 W
2026/09/15 13:31:22.794, 2405 MHz, 0x0000000000000000, 54, 14.84 W
2026/09/15 13:31:23.795, 2444 MHz, 0x0000000000000000, 55, 15.67 W
2026/09/15 13:31:24.795, 2444 MHz, 0x0000000000000000, 55, 15.72 W
2026/09/15 13:31:25.795, 2463 MHz, 0x0000000000000000, 55, 16.97 W
2026/09/15 13:31:26.796, 2476 MHz, 0x0000000000000000, 55, 16.10 W
2026/09/15 13:31:27.796, 2457 MHz, 0x0000000000000000, 55, 16.66 W
2026/09/15 13:31:28.796, 2450 MHz, 0x0000000000000000, 55, 16.13 W
2026/09/15 13:31:29.796, 2470 MHz, 0x0000000000000000, 55, 15.94 W
2026/09/15 13:31:30.797, 2450 MHz, 0x0000000000000000, 55, 16.46 W
2026/09/15 13:31:31.797, 2450 MHz, 0x0000000000000000, 55, 16.19 W
2026/09/15 13:31:32.797, 2463 MHz, 0x0000000000000000, 56, 15.13 W
2026/09/15 13:31:33.797, 2444 MHz, 0x0000000000000000, 56, 15.39 W
2026/09/15 13:31:34.797, 2444 MHz, 0x0000000000000000, 56, 15.52 W
2026/09/15 13:31:35.798, 2450 MHz, 0x0000000000000000, 56, 15.61 W
2026/09/15 13:31:36.798, 2444 MHz, 0x0000000000000000, 56, 15.99 W
2026/09/15 13:31:37.798, 2450 MHz, 0x0000000000000000, 56, 15.87 W
2026/09/15 13:31:38.798, 2418 MHz, 0x0000000000000000, 56, 14.66 W
2026/09/15 13:31:39.798, 2431 MHz, 0x0000000000000000, 56, 15.03 W
2026/09/15 13:31:40.798, 2431 MHz, 0x0000000000000000, 56, 14.51 W
2026/09/15 13:31:41.799, 2431 MHz, 0x0000000000000000, 56, 14.61 W
2026/09/15 13:31:42.799, 2444 MHz, 0x0000000000000000, 56, 15.75 W
2026/09/15 13:31:43.799, 2444 MHz, 0x0000000000000000, 56, 15.43 W
2026/09/15 13:31:44.799, 2470 MHz, 0x0000000000000000, 56, 15.15 W
2026/09/15 13:31:45.800, 2444 MHz, 0x0000000000000000, 56, 15.69 W
2026/09/15 13:31:46.800, 2463 MHz, 0x0000000000000000, 56, 16.75 W
2026/09/15 13:31:47.800, 2502 MHz, 0x0000000000000000, 57, 16.82 W
2026/09/15 13:31:48.801, 2470 MHz, 0x0000000000000000, 57, 17.56 W
2026/09/15 13:31:49.801, 2437 MHz, 0x0000000000000000, 57, 15.20 W
2026/09/15 13:31:50.801, 2405 MHz, 0x0000000000000000, 56, 13.90 W
2026/09/15 13:31:51.802, 2405 MHz, 0x0000000000000000, 56, 13.38 W
2026/09/15 13:31:52.802, 2405 MHz, 0x0000000000000000, 56, 13.47 W
2026/09/15 13:31:53.802, 2489 MHz, 0x0000000000000000, 57, 17.29 W
2026/09/15 13:31:54.803, 2398 MHz, 0x0000000000000000, 56, 12.56 W
2026/09/15 13:31:55.804, 2398 MHz, 0x0000000000000000, 56, 12.52 W
2026/09/15 13:31:56.805, 2398 MHz, 0x0000000000000000, 56, 12.47 W
2026/09/15 13:31:57.805, 2457 MHz, 0x0000000000000000, 57, 16.72 W
2026/09/15 13:31:58.806, 2470 MHz, 0x0000000000000000, 59, 22.30 W
2026/09/15 13:31:59.806, 2398 MHz, 0x0000000000000000, 56, 15.25 W
2026/09/15 13:32:00.807, 2398 MHz, 0x0000000000000000, 56, 12.22 W
2026/09/15 13:32:01.807, 2398 MHz, 0x0000000000000000, 56, 12.22 W
2026/09/15 13:32:02.808, 2398 MHz, 0x0000000000000000, 55, 12.15 W
2026/09/15 13:32:03.809, 2398 MHz, 0x0000000000000000, 55, 12.18 W
2026/09/15 13:32:04.809, 2398 MHz, 0x0000000000000000, 55, 12.26 W
2026/09/15 13:32:05.810, 2522 MHz, 0x0000000000000000, 57, 20.10 W
2026/09/15 13:32:06.811, 2522 MHz, 0x0000000000000000, 57, 20.17 W
2026/09/15 13:32:07.812, 2522 MHz, 0x0000000000000000, 57, 20.18 W
2026/09/15 13:32:08.812, 2522 MHz, 0x0000000000000000, 57, 20.15 W
2026/09/15 13:32:09.813, 2522 MHz, 0x0000000000000000, 57, 20.18 W
2026/09/15 13:32:10.814, 2522 MHz, 0x0000000000000000, 57, 20.24 W
2026/09/15 13:32:11.815, 2522 MHz, 0x0000000000000000, 57, 20.26 W
2026/09/15 13:32:12.815, 2522 MHz, 0x0000000000000000, 57, 20.22 W
2026/09/15 13:32:13.816, 2522 MHz, 0x0000000000000000, 57, 20.19 W
2026/09/15 13:32:14.817, 2522 MHz, 0x0000000000000000, 57, 20.22 W
2026/09/15 13:32:15.818, 2522 MHz, 0x0000000000000000, 57, 20.24 W
2026/09/15 13:32:16.818, 2522 MHz, 0x0000000000000000, 57, 20.30 W
2026/09/15 13:32:17.819, 2522 MHz, 0x0000000000000000, 57, 20.28 W
2026/09/15 13:32:18.820, 2522 MHz, 0x0000000000000000, 57, 20.27 W
2026/09/15 13:32:19.820, 2522 MHz, 0x0000000000000000, 57, 20.24 W
2026/09/15 13:32:20.821, 2522 MHz, 0x0000000000000000, 57, 20.22 W
2026/09/15 13:32:21.822, 2522 MHz, 0x0000000000000000, 57, 20.25 W
2026/09/15 13:32:22.822, 2522 MHz, 0x0000000000000000, 57, 20.26 W
2026/09/15 13:32:23.823, 2522 MHz, 0x0000000000000000, 58, 20.27 W
2026/09/15 13:32:24.823, 2398 MHz, 0x0000000000000000, 56, 14.32 W
2026/09/15 13:32:25.823, 2398 MHz, 0x0000000000000000, 56, 12.12 W
2026/09/15 13:32:26.824, 2398 MHz, 0x0000000000000000, 56, 12.31 W
2026/09/15 13:32:27.824, 2398 MHz, 0x0000000000000000, 56, 12.30 W
2026/09/15 13:32:28.825, 2398 MHz, 0x0000000000000000, 55, 12.26 W
2026/09/15 13:32:29.825, 2398 MHz, 0x0000000000000000, 55, 12.22 W
2026/09/15 13:32:30.825, 2398 MHz, 0x0000000000000000, 55, 12.26 W
2026/09/15 13:32:31.826, 2398 MHz, 0x0000000000000000, 55, 12.27 W
2026/09/15 13:32:32.826, 2398 MHz, 0x0000000000000000, 55, 12.18 W
2026/09/15 13:32:33.827, 2405 MHz, 0x0000000000000000, 55, 12.19 W
2026/09/15 13:32:34.827, 2450 MHz, 0x0000000000000000, 56, 17.62 W
2026/09/15 13:32:35.827, 2437 MHz, 0x0000000000000000, 58, 22.57 W
2026/09/15 13:32:36.828, 2398 MHz, 0x0000000000000000, 55, 12.44 W
2026/09/15 13:32:37.829, 2489 MHz, 0x0000000000000000, 57, 21.12 W
2026/09/15 13:32:38.830, 2450 MHz, 0x0000000000000000, 56, 19.14 W
2026/09/15 13:32:39.830, 2463 MHz, 0x0000000000000000, 57, 20.11 W
2026/09/15 13:32:40.830, 2398 MHz, 0x0000000000000000, 56, 16.46 W
2026/09/15 13:32:41.831, 2470 MHz, 0x0000000000000000, 58, 17.14 W
2026/09/15 13:32:42.831, 2483 MHz, 0x0000000000000000, 59, 23.22 W
2026/09/15 13:32:43.832, 2398 MHz, 0x0000000000000000, 56, 18.39 W
2026/09/15 13:32:44.833, 2398 MHz, 0x0000000000000000, 55, 13.07 W
2026/09/15 13:32:45.833, 2398 MHz, 0x0000000000000000, 55, 12.09 W
2026/09/15 13:32:46.834, 2398 MHz, 0x0000000000000000, 55, 12.36 W
2026/09/15 13:32:47.834, 2398 MHz, 0x0000000000000000, 55, 12.30 W
2026/09/15 13:32:48.835, 2405 MHz, 0x0000000000000000, 55, 12.16 W
2026/09/15 13:32:49.836, 2405 MHz, 0x0000000000000000, 55, 12.17 W
2026/09/15 13:32:50.837, 2405 MHz, 0x0000000000000000, 55, 12.25 W
2026/09/15 13:32:51.837, 2398 MHz, 0x0000000000000000, 55, 13.54 W
2026/09/15 13:32:52.838, 2398 MHz, 0x0000000000000000, 55, 12.08 W
2026/09/15 13:32:53.839, 2398 MHz, 0x0000000000000000, 55, 12.03 W
2026/09/15 13:32:54.840, 2405 MHz, 0x0000000000000000, 55, 14.21 W
2026/09/15 13:32:55.840, 2476 MHz, 0x0000000000000000, 62, 37.62 W
2026/09/15 13:32:56.841, 2398 MHz, 0x0000000000000000, 56, 25.50 W
2026/09/15 13:32:57.842, 2424 MHz, 0x0000000000000000, 58, 14.82 W
2026/09/15 13:32:58.843, 2502 MHz, 0x0000000000000000, 59, 22.40 W
2026/09/15 13:32:59.844, 2515 MHz, 0x0000000000000000, 58, 28.96 W
2026/09/15 13:33:00.844, 2405 MHz, 0x0000000000000000, 56, 17.87 W
2026/09/15 13:33:01.845, 2398 MHz, 0x0000000000000000, 56, 23.51 W
2026/09/15 13:33:02.845, 2405 MHz, 0x0000000000000000, 56, 16.93 W
2026/09/15 13:33:03.846, 2398 MHz, 0x0000000000000000, 55, 12.14 W
2026/09/15 13:33:04.846, 2398 MHz, 0x0000000000000000, 55, 12.10 W
2026/09/15 13:33:05.847, 2405 MHz, 0x0000000000000000, 55, 12.66 W
2026/09/15 13:33:06.848, 2405 MHz, 0x0000000000000000, 55, 12.07 W
2026/09/15 13:33:07.848, 2398 MHz, 0x0000000000000000, 55, 12.41 W
2026/09/15 13:33:08.849, 2398 MHz, 0x0000000000000000, 55, 12.14 W
2026/09/15 13:33:09.850, 2405 MHz, 0x0000000000000000, 55, 12.05 W
2026/09/15 13:33:10.851, 2405 MHz, 0x0000000000000000, 55, 12.27 W
2026/09/15 13:33:11.851, 2405 MHz, 0x0000000000000000, 55, 12.18 W
2026/09/15 13:33:12.851, 2405 MHz, 0x0000000000000000, 55, 12.23 W
2026/09/15 13:33:13.852, 2398 MHz, 0x0000000000000000, 55, 12.03 W
2026/09/15 13:33:14.852, 2405 MHz, 0x0000000000000000, 55, 12.05 W
2026/09/15 13:33:15.853, 2398 MHz, 0x0000000000000000, 55, 12.04 W
2026/09/15 13:33:16.853, 2405 MHz, 0x0000000000000000, 54, 12.03 W
2026/09/15 13:33:17.854, 2398 MHz, 0x0000000000000000, 54, 12.00 W
2026/09/15 13:33:18.854, 2405 MHz, 0x0000000000000000, 54, 12.07 W
2026/09/15 13:33:19.854, 2405 MHz, 0x0000000000000000, 54, 12.04 W
2026/09/15 13:33:20.855, 2398 MHz, 0x0000000000000000, 54, 12.26 W
2026/09/15 13:33:21.855, 2405 MHz, 0x0000000000000000, 54, 12.01 W
2026/09/15 13:33:22.856, 2405 MHz, 0x0000000000000000, 54, 12.03 W
2026/09/15 13:33:23.856, 2405 MHz, 0x0000000000000000, 54, 12.01 W
2026/09/15 13:33:24.857, 2405 MHz, 0x0000000000000000, 54, 12.03 W
2026/09/15 13:33:25.857, 2405 MHz, 0x0000000000000000, 54, 11.97 W
2026/09/15 13:33:26.858, 2398 MHz, 0x0000000000000000, 54, 12.09 W
2026/09/15 13:33:27.858, 2398 MHz, 0x0000000000000000, 54, 11.85 W
2026/09/15 13:33:28.859, 2398 MHz, 0x0000000000000000, 54, 12.07 W
2026/09/15 13:33:29.860, 2398 MHz, 0x0000000000000000, 54, 11.90 W
2026/09/15 13:33:30.861, 2398 MHz, 0x0000000000000000, 54, 11.86 W
2026/09/15 13:33:31.861, 2398 MHz, 0x0000000000000000, 54, 12.05 W
2026/09/15 13:33:32.862, 2398 MHz, 0x0000000000000000, 54, 11.93 W
2026/09/15 13:33:33.862, 2405 MHz, 0x0000000000000000, 54, 11.97 W
2026/09/15 13:33:34.863, 2444 MHz, 0x0000000000000000, 56, 25.93 W
2026/09/15 13:33:35.863, 2398 MHz, 0x0000000000000000, 54, 12.04 W
2026/09/15 13:33:36.864, 2398 MHz, 0x0000000000000000, 54, 11.98 W
2026/09/15 13:33:37.865, 2398 MHz, 0x0000000000000000, 54, 11.90 W
2026/09/15 13:33:38.865, 2398 MHz, 0x0000000000000000, 54, 11.91 W
2026/09/15 13:33:39.866, 2398 MHz, 0x0000000000000000, 54, 11.91 W
2026/09/15 13:33:40.866, 2398 MHz, 0x0000000000000000, 54, 11.93 W
2026/09/15 13:33:41.867, 2398 MHz, 0x0000000000000000, 54, 11.88 W
2026/09/15 13:33:42.868, 2398 MHz, 0x0000000000000000, 54, 11.91 W
2026/09/15 13:33:43.868, 2398 MHz, 0x0000000000000000, 54, 11.90 W
2026/09/15 13:33:44.869, 2398 MHz, 0x0000000000000000, 54, 11.92 W
2026/09/15 13:33:45.870, 2405 MHz, 0x0000000000000000, 54, 11.99 W
2026/09/15 13:33:46.870, 2405 MHz, 0x0000000000000000, 54, 12.04 W
2026/09/15 13:33:47.871, 2398 MHz, 0x0000000000000000, 54, 12.01 W
2026/09/15 13:33:48.871, 2405 MHz, 0x0000000000000000, 54, 12.08 W
2026/09/15 13:33:49.872, 2405 MHz, 0x0000000000000000, 54, 12.22 W
2026/09/15 13:33:50.872, 2405 MHz, 0x0000000000000000, 54, 12.01 W
2026/09/15 13:33:51.872, 2398 MHz, 0x0000000000000000, 54, 11.94 W
2026/09/15 13:33:52.873, 2418 MHz, 0x0000000000000000, 54, 14.56 W
2026/09/15 13:33:53.873, 2418 MHz, 0x0000000000000000, 54, 13.90 W
2026/09/15 13:33:54.874, 2457 MHz, 0x0000000000000000, 54, 15.40 W
2026/09/15 13:33:55.874, 2398 MHz, 0x0000000000000000, 54, 13.24 W
2026/09/15 13:33:56.874, 2483 MHz, 0x0000000000000000, 54, 13.38 W
2026/09/15 13:33:57.875, 2411 MHz, 0x0000000000000000, 55, 12.96 W
2026/09/15 13:33:58.875, 2470 MHz, 0x0000000000000000, 54, 15.55 W
2026/09/15 13:33:59.875, 2424 MHz, 0x0000000000000000, 54, 12.81 W
2026/09/15 13:34:00.876, 2405 MHz, 0x0000000000000000, 54, 12.06 W
2026/09/15 13:34:01.876, 2398 MHz, 0x0000000000000000, 54, 12.57 W
2026/09/15 13:34:02.876, 2405 MHz, 0x0000000000000000, 54, 12.43 W
2026/09/15 13:34:03.877, 2398 MHz, 0x0000000000000000, 54, 12.28 W
2026/09/15 13:34:04.877, 2398 MHz, 0x0000000000000000, 54, 16.60 W
2026/09/15 13:34:05.877, 2405 MHz, 0x0000000000000000, 54, 12.18 W
2026/09/15 13:34:06.877, 2405 MHz, 0x0000000000000000, 54, 13.20 W
2026/09/15 13:34:07.878, 2398 MHz, 0x0000000000000000, 54, 11.99 W
2026/09/15 13:34:08.878, 2411 MHz, 0x0000000000000000, 54, 12.37 W
2026/09/15 13:34:09.879, 2405 MHz, 0x0000000000000000, 54, 12.65 W
2026/09/15 13:34:10.879, 2411 MHz, 0x0000000000000000, 54, 12.93 W
2026/09/15 13:34:11.879, 2405 MHz, 0x0000000000000000, 54, 12.84 W
2026/09/15 13:34:12.879, 2405 MHz, 0x0000000000000000, 54, 13.26 W
2026/09/15 13:34:13.880, 2405 MHz, 0x0000000000000000, 54, 28.13 W
2026/09/15 13:34:14.880, 2476 MHz, 0x0000000000000000, 55, 18.21 W
2026/09/15 13:34:15.881, 2489 MHz, 0x0000000000000000, 55, 16.17 W
2026/09/15 13:34:16.881, 2470 MHz, 0x0000000000000000, 54, 16.31 W
2026/09/15 13:34:17.882, 2470 MHz, 0x0000000000000000, 55, 15.78 W
2026/09/15 13:34:18.883, 2405 MHz, 0x0000000000000000, 55, 13.69 W
2026/09/15 13:34:19.883, 2405 MHz, 0x0000000000000000, 55, 12.52 W
2026/09/15 13:34:20.883, 2398 MHz, 0x0000000000000000, 54, 13.89 W
2026/09/15 13:34:21.884, 2398 MHz, 0x0000000000000000, 54, 11.91 W
2026/09/15 13:34:22.884, 2463 MHz, 0x0000000000000000, 56, 14.80 W
2026/09/15 13:34:23.885, 2411 MHz, 0x0000000000000000, 54, 15.25 W
2026/09/15 13:34:24.885, 2398 MHz, 0x0000000000000000, 54, 12.03 W
2026/09/15 13:34:25.885, 2398 MHz, 0x0000000000000000, 54, 12.03 W
2026/09/15 13:34:26.886, 2405 MHz, 0x0000000000000000, 54, 11.98 W
2026/09/15 13:34:27.886, 2398 MHz, 0x0000000000000000, 54, 11.91 W
2026/09/15 13:34:28.887, 2398 MHz, 0x0000000000000000, 54, 11.95 W
2026/09/15 13:34:29.888, 2398 MHz, 0x0000000000000000, 54, 11.77 W
2026/09/15 13:34:30.889, 2398 MHz, 0x0000000000000000, 54, 11.73 W
2026/09/15 13:34:31.890, 2398 MHz, 0x0000000000000000, 54, 11.76 W
2026/09/15 13:34:32.891, 2398 MHz, 0x0000000000000000, 54, 11.67 W
2026/09/15 13:34:33.891, 2398 MHz, 0x0000000000000000, 54, 11.64 W
2026/09/15 13:34:34.892, 2398 MHz, 0x0000000000000000, 53, 11.69 W
2026/09/15 13:34:35.892, 2398 MHz, 0x0000000000000000, 53, 11.64 W
2026/09/15 13:34:36.893, 2398 MHz, 0x0000000000000000, 53, 11.66 W
2026/09/15 13:34:37.893, 2398 MHz, 0x0000000000000000, 53, 11.64 W
2026/09/15 13:34:38.894, 2398 MHz, 0x0000000000000000, 53, 11.67 W
2026/09/15 13:34:39.894, 2398 MHz, 0x0000000000000000, 53, 11.62 W
2026/09/15 13:34:40.894, 2398 MHz, 0x0000000000000000, 53, 11.61 W
2026/09/15 13:34:41.895, 2398 MHz, 0x0000000000000000, 53, 11.63 W
2026/09/15 13:34:42.896, 2398 MHz, 0x0000000000000000, 53, 11.64 W
2026/09/15 13:34:43.897, 2398 MHz, 0x0000000000000000, 53, 11.50 W
2026/09/15 13:34:44.897, 2398 MHz, 0x0000000000000000, 53, 11.46 W
2026/09/15 13:34:45.898, 2398 MHz, 0x0000000000000000, 53, 11.50 W
2026/09/15 13:34:46.899, 2398 MHz, 0x0000000000000000, 53, 11.48 W
2026/09/15 13:34:47.899, 2398 MHz, 0x0000000000000000, 53, 11.46 W
2026/09/15 13:34:48.900, 2398 MHz, 0x0000000000000000, 53, 11.43 W
2026/09/15 13:34:49.901, 2398 MHz, 0x0000000000000000, 53, 11.42 W
2026/09/15 13:34:50.901, 2398 MHz, 0x0000000000000000, 52, 11.40 W
2026/09/15 13:34:51.902, 2398 MHz, 0x0000000000000000, 52, 11.44 W
2026/09/15 13:34:52.903, 2398 MHz, 0x0000000000000000, 52, 11.45 W
2026/09/15 13:34:53.904, 2398 MHz, 0x0000000000000000, 52, 11.42 W
2026/09/15 13:34:54.905, 2398 MHz, 0x0000000000000000, 52, 11.39 W
2026/09/15 13:34:55.905, 2398 MHz, 0x0000000000000000, 52, 11.44 W
2026/09/15 13:34:56.906, 2405 MHz, 0x0000000000000000, 53, 16.35 W
2026/09/15 13:34:57.907, 2398 MHz, 0x0000000000000000, 52, 11.55 W
2026/09/15 13:34:58.907, 2522 MHz, 0x0000000000000000, 57, 25.19 W
2026/09/15 13:34:59.908, 2522 MHz, 0x0000000000000000, 57, 35.51 W
2026/09/15 13:35:00.908, 2489 MHz, 0x0000000000000000, 57, 32.04 W
2026/09/15 13:35:01.909, 2522 MHz, 0x0000000000000000, 58, 35.68 W
2026/09/15 13:35:02.910, 2522 MHz, 0x0000000000000000, 58, 35.42 W
2026/09/15 13:35:03.910, 2522 MHz, 0x0000000000000000, 59, 35.69 W
2026/09/15 13:35:04.911, 2522 MHz, 0x0000000000000000, 59, 35.86 W
2026/09/15 13:35:05.912, 2522 MHz, 0x0000000000000000, 60, 36.13 W
2026/09/15 13:35:06.912, 2522 MHz, 0x0000000000000000, 60, 32.72 W
2026/09/15 13:35:07.914, 2522 MHz, 0x0000000000000000, 60, 34.19 W
2026/09/15 13:35:08.914, 2522 MHz, 0x0000000000000000, 60, 36.11 W
2026/09/15 13:35:09.915, 2483 MHz, 0x0000000000000000, 60, 36.89 W
2026/09/15 13:35:10.915, 2522 MHz, 0x0000000000000000, 63, 37.39 W
2026/09/15 13:35:11.916, 2398 MHz, 0x0000000000000000, 57, 18.64 W
2026/09/15 13:35:12.917, 2522 MHz, 0x0000000000000000, 61, 33.88 W
2026/09/15 13:35:13.917, 2522 MHz, 0x0000000000000000, 61, 36.31 W
2026/09/15 13:35:14.918, 2522 MHz, 0x0000000000000000, 62, 36.12 W
2026/09/15 13:35:15.919, 2522 MHz, 0x0000000000000000, 62, 35.66 W
2026/09/15 13:35:16.920, 2522 MHz, 0x0000000000000000, 62, 36.68 W
2026/09/15 13:35:17.920, 2522 MHz, 0x0000000000000000, 62, 36.15 W
2026/09/15 13:35:18.921, 2522 MHz, 0x0000000000000000, 63, 36.86 W
2026/09/15 13:35:19.921, 2522 MHz, 0x0000000000000000, 63, 37.02 W
2026/09/15 13:35:20.922, 2509 MHz, 0x0000000000000000, 63, 36.05 W
2026/09/15 13:35:21.922, 2502 MHz, 0x0000000000000000, 63, 36.80 W
2026/09/15 13:35:22.923, 2502 MHz, 0x0000000000000000, 63, 36.91 W
2026/09/15 13:35:23.923, 2502 MHz, 0x0000000000000000, 64, 39.46 W
2026/09/15 13:35:24.924, 2496 MHz, 0x0000000000000000, 64, 40.27 W
2026/09/15 13:35:25.924, 2502 MHz, 0x0000000000000000, 64, 36.81 W
2026/09/15 13:35:26.925, 2502 MHz, 0x0000000000000000, 64, 37.36 W
2026/09/15 13:35:27.925, 2502 MHz, 0x0000000000000000, 63, 36.66 W
2026/09/15 13:35:28.926, 2502 MHz, 0x0000000000000000, 64, 36.94 W
2026/09/15 13:35:29.927, 2502 MHz, 0x0000000000000000, 64, 37.24 W
2026/09/15 13:35:30.927, 2502 MHz, 0x0000000000000000, 64, 37.14 W
2026/09/15 13:35:31.928, 2502 MHz, 0x0000000000000000, 65, 37.41 W
2026/09/15 13:35:32.929, 2502 MHz, 0x0000000000000000, 65, 37.69 W
2026/09/15 13:35:33.930, 2502 MHz, 0x0000000000000000, 65, 36.52 W
2026/09/15 13:35:34.930, 2502 MHz, 0x0000000000000000, 65, 37.51 W
2026/09/15 13:35:35.931, 2502 MHz, 0x0000000000000000, 65, 37.58 W
2026/09/15 13:35:36.932, 2502 MHz, 0x0000000000000000, 65, 40.19 W
2026/09/15 13:35:37.932, 2496 MHz, 0x0000000000000000, 66, 40.87 W
2026/09/15 13:35:38.933, 2502 MHz, 0x0000000000000000, 66, 36.85 W
2026/09/15 13:35:39.934, 2405 MHz, 0x0000000000000000, 63, 23.25 W
2026/09/15 13:35:40.934, 2483 MHz, 0x0000000000000000, 67, 54.40 W
2026/09/15 13:35:41.935, 2489 MHz, 0x0000000000000000, 67, 54.80 W
2026/09/15 13:35:42.935, 2437 MHz, 0x0000000000000000, 69, 26.44 W
2026/09/15 13:35:43.936, 2483 MHz, 0x0000000000000000, 70, 57.67 W
2026/09/15 13:35:44.936, 2483 MHz, 0x0000000000000000, 71, 58.64 W
2026/09/15 13:35:45.937, 2476 MHz, 0x0000000000000000, 71, 58.99 W
2026/09/15 13:35:46.938, 2483 MHz, 0x0000000000000000, 72, 59.51 W
2026/09/15 13:35:47.938, 2470 MHz, 0x0000000000000000, 73, 60.16 W
2026/09/15 13:35:48.939, 2470 MHz, 0x0000000000000000, 74, 60.66 W
2026/09/15 13:35:49.939, 2470 MHz, 0x0000000000000000, 73, 60.98 W
2026/09/15 13:35:50.940, 2470 MHz, 0x0000000000000000, 72, 60.96 W
2026/09/15 13:35:51.940, 2470 MHz, 0x0000000000000000, 74, 60.91 W
2026/09/15 13:35:52.941, 2470 MHz, 0x0000000000000000, 73, 61.81 W
2026/09/15 13:35:53.941, 2470 MHz, 0x0000000000000000, 72, 62.76 W
2026/09/15 13:35:54.941, 2470 MHz, 0x0000000000000000, 74, 63.16 W
2026/09/15 13:35:55.942, 2470 MHz, 0x0000000000000000, 75, 63.67 W
2026/09/15 13:35:56.943, 2470 MHz, 0x0000000000000000, 72, 63.56 W
2026/09/15 13:35:57.943, 2470 MHz, 0x0000000000000000, 75, 64.51 W
2026/09/15 13:35:58.943, 2470 MHz, 0x0000000000000000, 75, 65.00 W
2026/09/15 13:35:59.944, 2470 MHz, 0x0000000000000000, 77, 64.72 W
2026/09/15 13:36:00.944, 2470 MHz, 0x0000000000000000, 76, 65.07 W
2026/09/15 13:36:01.945, 2470 MHz, 0x0000000000000000, 76, 65.59 W
2026/09/15 13:36:02.946, 2470 MHz, 0x0000000000000000, 77, 65.72 W
2026/09/15 13:36:03.946, 2470 MHz, 0x0000000000000000, 78, 65.89 W
2026/09/15 13:36:04.947, 2470 MHz, 0x0000000000000000, 77, 66.01 W
2026/09/15 13:36:05.947, 2470 MHz, 0x0000000000000000, 77, 66.72 W
2026/09/15 13:36:06.948, 2470 MHz, 0x0000000000000000, 79, 67.17 W
2026/09/15 13:36:07.948, 2470 MHz, 0x0000000000000000, 77, 66.83 W
2026/09/15 13:36:08.949, 2470 MHz, 0x0000000000000000, 76, 67.46 W
2026/09/15 13:36:09.949, 2470 MHz, 0x0000000000000000, 78, 68.86 W
2026/09/15 13:36:10.950, 2470 MHz, 0x0000000000000000, 78, 67.72 W
2026/09/15 13:36:11.950, 2470 MHz, 0x0000000000000000, 77, 67.94 W
2026/09/15 13:36:12.950, 2470 MHz, 0x0000000000000000, 78, 68.32 W
2026/09/15 13:36:13.951, 2470 MHz, 0x0000000000000000, 78, 68.41 W
2026/09/15 13:36:14.951, 2470 MHz, 0x0000000000000000, 79, 68.68 W
2026/09/15 13:36:15.952, 2470 MHz, 0x0000000000000000, 77, 69.07 W
2026/09/15 13:36:16.952, 2470 MHz, 0x0000000000000000, 80, 70.59 W
2026/09/15 13:36:17.953, 2470 MHz, 0x0000000000000000, 78, 69.17 W
2026/09/15 13:36:18.953, 2463 MHz, 0x0000000000000000, 79, 68.92 W
2026/09/15 13:36:19.953, 2463 MHz, 0x0000000000000000, 79, 69.82 W
2026/09/15 13:36:20.954, 2463 MHz, 0x0000000000000000, 80, 69.36 W
2026/09/15 13:36:21.954, 2463 MHz, 0x0000000000000000, 81, 71.78 W
2026/09/15 13:36:22.955, 2457 MHz, 0x0000000000000000, 79, 69.72 W
2026/09/15 13:36:23.955, 2457 MHz, 0x0000000000000000, 81, 71.00 W
2026/09/15 13:36:24.956, 2463 MHz, 0x0000000000000000, 82, 69.88 W
2026/09/15 13:36:25.957, 2457 MHz, 0x0000000000000000, 81, 70.13 W
2026/09/15 13:36:26.957, 2463 MHz, 0x0000000000000000, 80, 72.60 W
2026/09/15 13:36:27.958, 2450 MHz, 0x0000000000000000, 81, 71.19 W
2026/09/15 13:36:28.958, 2457 MHz, 0x0000000000000000, 82, 70.97 W
2026/09/15 13:36:29.958, 2457 MHz, 0x0000000000000000, 83, 71.07 W
2026/09/15 13:36:30.959, 2450 MHz, 0x0000000000000000, 81, 71.18 W
2026/09/15 13:36:31.960, 2444 MHz, 0x0000000000000000, 81, 72.75 W
2026/09/15 13:36:32.960, 2444 MHz, 0x0000000000000000, 81, 71.70 W
2026/09/15 13:36:33.961, 2463 MHz, 0x0000000000000000, 75, 56.24 W
2026/09/15 13:36:34.962, 2411 MHz, 0x0000000000000000, 70, 16.57 W
2026/09/15 13:36:35.962, 2470 MHz, 0x0000000000000000, 79, 49.03 W
2026/09/15 13:36:36.962, 2470 MHz, 0x0000000000000000, 79, 71.25 W
2026/09/15 13:36:37.963, 2457 MHz, 0x0000000000000000, 81, 73.16 W
2026/09/15 13:36:38.963, 2457 MHz, 0x0000000000000000, 81, 71.06 W
2026/09/15 13:36:39.964, 2457 MHz, 0x0000000000000000, 81, 71.46 W
2026/09/15 13:36:40.964, 2450 MHz, 0x0000000000000000, 80, 71.92 W
2026/09/15 13:36:41.965, 2450 MHz, 0x0000000000000000, 81, 74.03 W
2026/09/15 13:36:42.965, 2450 MHz, 0x0000000000000000, 82, 71.83 W
2026/09/15 13:36:43.965, 2457 MHz, 0x0000000000000000, 82, 71.68 W
2026/09/15 13:36:44.966, 2457 MHz, 0x0000000000000000, 81, 73.72 W
2026/09/15 13:36:45.966, 2457 MHz, 0x0000000000000000, 81, 72.36 W
2026/09/15 13:36:46.966, 2463 MHz, 0x0000000000000000, 82, 72.25 W
2026/09/15 13:36:47.967, 2450 MHz, 0x0000000000000000, 82, 73.19 W
2026/09/15 13:36:48.967, 2457 MHz, 0x0000000000000000, 83, 72.96 W
2026/09/15 13:36:49.968, 2450 MHz, 0x0000000000000000, 83, 72.82 W
2026/09/15 13:36:50.968, 2450 MHz, 0x0000000000000000, 78, 73.16 W
2026/09/15 13:36:51.969, 2444 MHz, 0x0000000000000000, 80, 74.12 W
2026/09/15 13:36:52.969, 2457 MHz, 0x0000000000000000, 82, 72.96 W
2026/09/15 13:36:53.970, 2450 MHz, 0x0000000000000000, 82, 73.57 W
2026/09/15 13:36:54.970, 2450 MHz, 0x0000000000000000, 80, 74.71 W
2026/09/15 13:36:55.970, 2457 MHz, 0x0000000000000000, 82, 72.72 W
2026/09/15 13:36:56.971, 2450 MHz, 0x0000000000000000, 82, 73.71 W
2026/09/15 13:36:57.971, 2444 MHz, 0x0000000000000000, 82, 75.81 W
2026/09/15 13:36:58.971, 2444 MHz, 0x0000000000000000, 81, 73.02 W
2026/09/15 13:36:59.971, 2444 MHz, 0x0000000000000000, 82, 73.90 W
2026/09/15 13:37:00.972, 2450 MHz, 0x0000000000000000, 81, 75.35 W
2026/09/15 13:37:01.972, 2450 MHz, 0x0000000000000000, 83, 73.50 W
2026/09/15 13:37:02.972, 2450 MHz, 0x0000000000000000, 79, 74.10 W
2026/09/15 13:37:03.973, 2444 MHz, 0x0000000000000000, 83, 75.53 W
2026/09/15 13:37:04.973, 2457 MHz, 0x0000000000000000, 81, 73.81 W
2026/09/15 13:37:05.974, 2444 MHz, 0x0000000000000000, 83, 74.98 W
2026/09/15 13:37:06.974, 2444 MHz, 0x0000000000000000, 82, 74.93 W
2026/09/15 13:37:07.974, 2450 MHz, 0x0000000000000000, 81, 74.94 W
2026/09/15 13:37:08.975, 2444 MHz, 0x0000000000000000, 83, 75.65 W
2026/09/15 13:37:09.975, 2444 MHz, 0x0000000000000000, 82, 75.35 W
2026/09/15 13:37:10.975, 2450 MHz, 0x0000000000000000, 81, 74.68 W
2026/09/15 13:37:11.976, 2444 MHz, 0x0000000000000000, 83, 76.75 W
2026/09/15 13:37:12.976, 2444 MHz, 0x0000000000000000, 84, 74.44 W
2026/09/15 13:37:13.977, 2444 MHz, 0x0000000000000000, 83, 74.64 W
2026/09/15 13:37:14.977, 2444 MHz, 0x0000000000000000, 82, 77.79 W
2026/09/15 13:37:15.977, 2450 MHz, 0x0000000000000000, 81, 75.26 W
2026/09/15 13:37:16.978, 2444 MHz, 0x0000000000000000, 83, 76.74 W
2026/09/15 13:37:17.979, 2444 MHz, 0x0000000000000000, 84, 75.17 W
2026/09/15 13:37:18.979, 2450 MHz, 0x0000000000000000, 83, 75.23 W
2026/09/15 13:37:19.980, 2444 MHz, 0x0000000000000000, 83, 76.83 W
2026/09/15 13:37:20.980, 2444 MHz, 0x0000000000000000, 84, 75.69 W
2026/09/15 13:37:21.981, 2444 MHz, 0x0000000000000000, 83, 75.50 W
2026/09/15 13:37:22.981, 2444 MHz, 0x0000000000000000, 84, 77.24 W
2026/09/15 13:37:23.981, 2450 MHz, 0x0000000000000000, 84, 75.86 W
2026/09/15 13:37:24.982, 2444 MHz, 0x0000000000000000, 84, 77.42 W
2026/09/15 13:37:25.983, 2444 MHz, 0x0000000000000000, 84, 76.22 W
2026/09/15 13:37:26.983, 2444 MHz, 0x0000000000000000, 81, 76.44 W
2026/09/15 13:37:27.983, 2444 MHz, 0x0000000000000000, 82, 78.47 W
2026/09/15 13:37:28.984, 2444 MHz, 0x0000000000000000, 83, 76.10 W
2026/09/15 13:37:29.984, 2444 MHz, 0x0000000000000000, 84, 78.30 W
2026/09/15 13:37:30.984, 2444 MHz, 0x0000000000000000, 83, 77.09 W
2026/09/15 13:37:31.985, 2444 MHz, 0x0000000000000000, 83, 76.47 W
2026/09/15 13:37:32.985, 2444 MHz, 0x0000000000000000, 84, 79.25 W
2026/09/15 13:37:33.986, 2444 MHz, 0x0000000000000000, 82, 77.22 W
2026/09/15 13:37:34.986, 2444 MHz, 0x0000000000000000, 83, 78.79 W
2026/09/15 13:37:35.987, 2444 MHz, 0x0000000000000000, 85, 77.10 W
2026/09/15 13:37:36.987, 2444 MHz, 0x0000000000000000, 81, 76.98 W
2026/09/15 13:37:37.988, 2444 MHz, 0x0000000000000000, 82, 79.47 W
2026/09/15 13:37:38.988, 2444 MHz, 0x0000000000000000, 85, 76.15 W
2026/09/15 13:37:39.988, 2444 MHz, 0x0000000000000000, 84, 79.38 W
2026/09/15 13:37:40.989, 2444 MHz, 0x0000000000000000, 83, 78.14 W
2026/09/15 13:37:41.989, 2444 MHz, 0x0000000000000000, 84, 76.14 W
2026/09/15 13:37:42.990, 2444 MHz, 0x0000000000000000, 83, 79.95 W
2026/09/15 13:37:43.990, 2444 MHz, 0x0000000000000000, 85, 76.37 W
2026/09/15 13:37:44.991, 2444 MHz, 0x0000000000000000, 83, 80.12 W
2026/09/15 13:37:45.991, 2444 MHz, 0x0000000000000000, 86, 77.04 W
2026/09/15 13:37:46.991, 2444 MHz, 0x0000000000000000, 81, 79.19 W
2026/09/15 13:37:47.992, 2444 MHz, 0x0000000000000000, 85, 77.54 W
2026/09/15 13:37:48.992, 2463 MHz, 0x0000000000000000, 79, 73.65 W
2026/09/15 13:37:49.993, 2483 MHz, 0x0000000000000000, 77, 42.79 W
2026/09/15 13:37:50.994, 2483 MHz, 0x0000000000000000, 77, 46.02 W
2026/09/15 13:37:51.995, 2483 MHz, 0x0000000000000000, 77, 46.11 W
2026/09/15 13:37:52.995, 2483 MHz, 0x0000000000000000, 77, 45.76 W
2026/09/15 13:37:53.996, 2483 MHz, 0x0000000000000000, 76, 45.70 W
2026/09/15 13:37:54.996, 2483 MHz, 0x0000000000000000, 76, 45.78 W
2026/09/15 13:37:55.997, 2483 MHz, 0x0000000000000000, 76, 45.80 W
2026/09/15 13:37:56.998, 2483 MHz, 0x0000000000000000, 76, 45.43 W
2026/09/15 13:37:57.998, 2483 MHz, 0x0000000000000000, 75, 45.10 W
2026/09/15 13:37:58.999, 2483 MHz, 0x0000000000000000, 75, 45.11 W
2026/09/15 13:38:00.000, 2483 MHz, 0x0000000000000000, 75, 44.86 W
2026/09/15 13:38:01.001, 2483 MHz, 0x0000000000000000, 75, 45.06 W
2026/09/15 13:38:02.001, 2483 MHz, 0x0000000000000000, 75, 45.22 W
2026/09/15 13:38:03.002, 2483 MHz, 0x0000000000000000, 75, 45.55 W
2026/09/15 13:38:04.002, 2483 MHz, 0x0000000000000000, 75, 45.50 W
2026/09/15 13:38:05.003, 2483 MHz, 0x0000000000000000, 74, 45.13 W
2026/09/15 13:38:06.003, 2483 MHz, 0x0000000000000000, 74, 42.92 W
2026/09/15 13:38:07.004, 2483 MHz, 0x0000000000000000, 74, 41.63 W
2026/09/15 13:38:08.004, 2483 MHz, 0x0000000000000000, 74, 44.84 W
2026/09/15 13:38:09.005, 2483 MHz, 0x0000000000000000, 74, 44.93 W
2026/09/15 13:38:10.006, 2483 MHz, 0x0000000000000000, 74, 45.06 W
2026/09/15 13:38:11.006, 2483 MHz, 0x0000000000000000, 74, 45.06 W
2026/09/15 13:38:12.007, 2483 MHz, 0x0000000000000000, 74, 44.89 W
2026/09/15 13:38:13.008, 2483 MHz, 0x0000000000000000, 74, 44.93 W
2026/09/15 13:38:14.008, 2483 MHz, 0x0000000000000000, 74, 44.77 W
2026/09/15 13:38:15.009, 2483 MHz, 0x0000000000000000, 74, 44.79 W
2026/09/15 13:38:16.009, 2483 MHz, 0x0000000000000000, 74, 44.66 W
2026/09/15 13:38:17.010, 2483 MHz, 0x0000000000000000, 73, 44.47 W
2026/09/15 13:38:18.011, 2483 MHz, 0x0000000000000000, 73, 44.76 W
2026/09/15 13:38:19.012, 2483 MHz, 0x0000000000000000, 73, 44.83 W
2026/09/15 13:38:20.012, 2483 MHz, 0x0000000000000000, 73, 44.66 W
2026/09/15 13:38:21.013, 2483 MHz, 0x0000000000000000, 73, 44.85 W
2026/09/15 13:38:22.014, 2483 MHz, 0x0000000000000000, 73, 45.02 W
2026/09/15 13:38:23.014, 2483 MHz, 0x0000000000000000, 73, 43.79 W
2026/09/15 13:38:24.015, 2483 MHz, 0x0000000000000000, 73, 43.52 W
2026/09/15 13:38:25.015, 2476 MHz, 0x0000000000000000, 74, 43.55 W
2026/09/15 13:38:26.016, 2483 MHz, 0x0000000000000000, 73, 44.42 W
2026/09/15 13:38:27.017, 2483 MHz, 0x0000000000000000, 73, 44.34 W
2026/09/15 13:38:28.017, 2483 MHz, 0x0000000000000000, 73, 44.74 W
2026/09/15 13:38:29.018, 2483 MHz, 0x0000000000000000, 73, 44.29 W
2026/09/15 13:38:30.019, 2483 MHz, 0x0000000000000000, 73, 44.57 W
2026/09/15 13:38:31.019, 2483 MHz, 0x0000000000000000, 73, 44.34 W
2026/09/15 13:38:32.020, 2483 MHz, 0x0000000000000000, 73, 44.44 W
2026/09/15 13:38:33.020, 2483 MHz, 0x0000000000000000, 73, 44.43 W
2026/09/15 13:38:34.021, 2483 MHz, 0x0000000000000000, 72, 44.37 W
2026/09/15 13:38:35.022, 2483 MHz, 0x0000000000000000, 73, 44.56 W
2026/09/15 13:38:36.022, 2483 MHz, 0x0000000000000000, 73, 44.50 W
2026/09/15 13:38:37.023, 2483 MHz, 0x0000000000000000, 72, 44.35 W
2026/09/15 13:38:38.024, 2483 MHz, 0x0000000000000000, 72, 44.29 W
2026/09/15 13:38:39.024, 2483 MHz, 0x0000000000000000, 72, 44.50 W
2026/09/15 13:38:40.025, 2483 MHz, 0x0000000000000000, 72, 44.33 W
2026/09/15 13:38:41.025, 2483 MHz, 0x0000000000000000, 72, 42.67 W
2026/09/15 13:38:42.026, 2483 MHz, 0x0000000000000000, 71, 41.89 W
2026/09/15 13:38:43.026, 2502 MHz, 0x0000000000000000, 71, 36.47 W
2026/09/15 13:38:44.027, 2502 MHz, 0x0000000000000000, 71, 39.19 W
2026/09/15 13:38:45.027, 2502 MHz, 0x0000000000000000, 71, 39.36 W
2026/09/15 13:38:46.028, 2502 MHz, 0x0000000000000000, 71, 39.14 W
2026/09/15 13:38:47.029, 2496 MHz, 0x0000000000000000, 70, 38.28 W
2026/09/15 13:38:48.029, 2502 MHz, 0x0000000000000000, 71, 38.64 W
2026/09/15 13:38:49.030, 2502 MHz, 0x0000000000000000, 71, 38.90 W
2026/09/15 13:38:50.031, 2502 MHz, 0x0000000000000000, 70, 39.00 W
2026/09/15 13:38:51.031, 2502 MHz, 0x0000000000000000, 70, 38.83 W
2026/09/15 13:38:52.032, 2496 MHz, 0x0000000000000000, 70, 37.87 W
2026/09/15 13:38:53.033, 2502 MHz, 0x0000000000000000, 70, 38.89 W
2026/09/15 13:38:54.034, 2502 MHz, 0x0000000000000000, 70, 38.81 W
2026/09/15 13:38:55.034, 2502 MHz, 0x0000000000000000, 70, 38.89 W
2026/09/15 13:38:56.035, 2502 MHz, 0x0000000000000000, 70, 38.89 W
2026/09/15 13:38:57.035, 2502 MHz, 0x0000000000000000, 70, 37.66 W
2026/09/15 13:38:58.036, 2502 MHz, 0x0000000000000000, 71, 41.48 W
2026/09/15 13:38:59.036, 2502 MHz, 0x0000000000000000, 71, 42.65 W
2026/09/15 13:39:00.036, 2502 MHz, 0x0000000000000000, 71, 42.70 W
2026/09/15 13:39:01.037, 2502 MHz, 0x0000000000000000, 71, 42.83 W
2026/09/15 13:39:02.037, 2502 MHz, 0x0000000000000000, 71, 42.75 W
2026/09/15 13:39:03.038, 2502 MHz, 0x0000000000000000, 71, 42.81 W
2026/09/15 13:39:04.038, 2502 MHz, 0x0000000000000000, 70, 40.95 W
2026/09/15 13:39:05.039, 2502 MHz, 0x0000000000000000, 71, 40.20 W
2026/09/15 13:39:06.039, 2502 MHz, 0x0000000000000000, 71, 42.72 W
2026/09/15 13:39:07.040, 2502 MHz, 0x0000000000000000, 71, 42.81 W
2026/09/15 13:39:08.040, 2502 MHz, 0x0000000000000000, 71, 42.67 W
2026/09/15 13:39:09.041, 2502 MHz, 0x0000000000000000, 71, 42.90 W
2026/09/15 13:39:10.041, 2502 MHz, 0x0000000000000000, 71, 42.87 W
2026/09/15 13:39:11.041, 2502 MHz, 0x0000000000000000, 70, 40.19 W
2026/09/15 13:39:12.042, 2502 MHz, 0x0000000000000000, 71, 41.96 W
2026/09/15 13:39:13.042, 2502 MHz, 0x0000000000000000, 71, 42.98 W
2026/09/15 13:39:14.043, 2502 MHz, 0x0000000000000000, 71, 42.94 W
2026/09/15 13:39:15.043, 2502 MHz, 0x0000000000000000, 71, 43.04 W
2026/09/15 13:39:16.044, 2502 MHz, 0x0000000000000000, 71, 43.13 W
2026/09/15 13:39:17.045, 2502 MHz, 0x0000000000000000, 71, 43.15 W
2026/09/15 13:39:18.045, 2502 MHz, 0x0000000000000000, 70, 40.03 W
2026/09/15 13:39:19.045, 2502 MHz, 0x0000000000000000, 70, 37.89 W
2026/09/15 13:39:20.046, 2502 MHz, 0x0000000000000000, 70, 39.05 W
2026/09/15 13:39:21.046, 2502 MHz, 0x0000000000000000, 70, 38.89 W
2026/09/15 13:39:22.047, 2502 MHz, 0x0000000000000000, 70, 38.85 W
2026/09/15 13:39:23.047, 2502 MHz, 0x0000000000000000, 70, 37.49 W
2026/09/15 13:39:24.047, 2502 MHz, 0x0000000000000000, 70, 38.72 W
2026/09/15 13:39:25.048, 2502 MHz, 0x0000000000000000, 70, 38.57 W
2026/09/15 13:39:26.048, 2502 MHz, 0x0000000000000000, 70, 38.49 W
2026/09/15 13:39:27.048, 2502 MHz, 0x0000000000000000, 70, 38.69 W
2026/09/15 13:39:28.049, 2502 MHz, 0x0000000000000000, 69, 37.53 W
2026/09/15 13:39:29.049, 2502 MHz, 0x0000000000000000, 70, 38.67 W
2026/09/15 13:39:30.050, 2502 MHz, 0x0000000000000000, 70, 38.80 W
2026/09/15 13:39:31.050, 2502 MHz, 0x0000000000000000, 69, 38.79 W
2026/09/15 13:39:32.050, 2502 MHz, 0x0000000000000000, 70, 38.81 W
2026/09/15 13:39:33.051, 2502 MHz, 0x0000000000000000, 70, 39.80 W
2026/09/15 13:39:34.051, 2502 MHz, 0x0000000000000000, 70, 41.06 W
2026/09/15 13:39:35.052, 2502 MHz, 0x0000000000000000, 70, 41.23 W
2026/09/15 13:39:36.052, 2502 MHz, 0x0000000000000000, 70, 41.30 W
2026/09/15 13:39:37.053, 2502 MHz, 0x0000000000000000, 70, 41.32 W
2026/09/15 13:39:38.054, 2502 MHz, 0x0000000000000000, 69, 38.77 W
2026/09/15 13:39:39.054, 2502 MHz, 0x0000000000000000, 70, 37.94 W
2026/09/15 13:39:40.055, 2502 MHz, 0x0000000000000000, 70, 41.39 W
2026/09/15 13:39:41.055, 2502 MHz, 0x0000000000000000, 70, 41.53 W
2026/09/15 13:39:42.056, 2502 MHz, 0x0000000000000000, 70, 41.62 W
2026/09/15 13:39:43.056, 2502 MHz, 0x0000000000000000, 70, 41.62 W
2026/09/15 13:39:44.057, 2502 MHz, 0x0000000000000000, 69, 39.02 W
2026/09/15 13:39:45.057, 2502 MHz, 0x0000000000000000, 70, 40.21 W
2026/09/15 13:39:46.058, 2502 MHz, 0x0000000000000000, 70, 41.31 W
2026/09/15 13:39:47.058, 2502 MHz, 0x0000000000000000, 70, 41.23 W
2026/09/15 13:39:48.059, 2502 MHz, 0x0000000000000000, 70, 41.24 W
2026/09/15 13:39:49.059, 2502 MHz, 0x0000000000000000, 70, 41.37 W
2026/09/15 13:39:50.060, 2502 MHz, 0x0000000000000000, 69, 39.37 W
2026/09/15 13:39:51.060, 2502 MHz, 0x0000000000000000, 70, 40.73 W
2026/09/15 13:39:52.061, 2502 MHz, 0x0000000000000000, 70, 43.78 W
2026/09/15 13:39:53.061, 2502 MHz, 0x0000000000000000, 70, 43.85 W
2026/09/15 13:39:54.062, 2502 MHz, 0x0000000000000000, 70, 44.03 W
2026/09/15 13:39:55.062, 2502 MHz, 0x0000000000000000, 70, 43.78 W
2026/09/15 13:39:56.063, 2502 MHz, 0x0000000000000000, 70, 43.94 W
2026/09/15 13:39:57.063, 2502 MHz, 0x0000000000000000, 70, 43.31 W
2026/09/15 13:39:58.064, 2502 MHz, 0x0000000000000000, 70, 41.77 W
2026/09/15 13:39:59.064, 2502 MHz, 0x0000000000000000, 70, 42.99 W
2026/09/15 13:40:00.064, 2502 MHz, 0x0000000000000000, 70, 43.94 W
2026/09/15 13:40:01.065, 2502 MHz, 0x0000000000000000, 70, 43.74 W
2026/09/15 13:40:02.065, 2502 MHz, 0x0000000000000000, 70, 43.96 W
2026/09/15 13:40:03.065, 2502 MHz, 0x0000000000000000, 71, 44.00 W
2026/09/15 13:40:04.066, 2502 MHz, 0x0000000000000000, 71, 43.96 W
2026/09/15 13:40:05.066, 2502 MHz, 0x0000000000000000, 70, 42.92 W
2026/09/15 13:40:06.067, 2502 MHz, 0x0000000000000000, 70, 42.20 W
2026/09/15 13:40:07.067, 2502 MHz, 0x0000000000000000, 71, 42.38 W
2026/09/15 13:40:08.068, 2502 MHz, 0x0000000000000000, 70, 43.88 W
2026/09/15 13:40:09.068, 2502 MHz, 0x0000000000000000, 71, 44.08 W
2026/09/15 13:40:10.069, 2502 MHz, 0x0000000000000000, 71, 43.82 W
2026/09/15 13:40:11.069, 2502 MHz, 0x0000000000000000, 71, 44.01 W
2026/09/15 13:40:12.069, 2502 MHz, 0x0000000000000000, 71, 43.96 W
2026/09/15 13:40:13.070, 2502 MHz, 0x0000000000000000, 70, 43.69 W
2026/09/15 13:40:14.071, 2502 MHz, 0x0000000000000000, 70, 41.47 W
2026/09/15 13:40:15.071, 2502 MHz, 0x0000000000000000, 70, 37.52 W
2026/09/15 13:40:16.072, 2502 MHz, 0x0000000000000000, 69, 38.78 W
2026/09/15 13:40:17.072, 2502 MHz, 0x0000000000000000, 69, 38.88 W
2026/09/15 13:40:18.073, 2502 MHz, 0x0000000000000000, 69, 38.98 W
2026/09/15 13:40:19.073, 2502 MHz, 0x0000000000000000, 69, 37.65 W
2026/09/15 13:40:20.073, 2502 MHz, 0x0000000000000000, 69, 38.51 W
2026/09/15 13:40:21.074, 2502 MHz, 0x0000000000000000, 69, 38.43 W
2026/09/15 13:40:22.074, 2502 MHz, 0x0000000000000000, 69, 38.63 W
2026/09/15 13:40:23.074, 2502 MHz, 0x0000000000000000, 69, 38.49 W
2026/09/15 13:40:24.074, 2502 MHz, 0x0000000000000000, 69, 37.61 W
2026/09/15 13:40:25.075, 2502 MHz, 0x0000000000000000, 69, 38.65 W
2026/09/15 13:40:26.075, 2502 MHz, 0x0000000000000000, 69, 38.82 W
2026/09/15 13:40:27.076, 2502 MHz, 0x0000000000000000, 69, 38.86 W
2026/09/15 13:40:28.076, 2502 MHz, 0x0000000000000000, 69, 38.57 W
2026/09/15 13:40:29.077, 2470 MHz, 0x0000000000000000, 73, 52.22 W
2026/09/15 13:40:30.078, 2470 MHz, 0x0000000000000000, 74, 58.96 W
2026/09/15 13:40:31.078, 2470 MHz, 0x0000000000000000, 73, 58.05 W
2026/09/15 13:40:32.079, 2470 MHz, 0x0000000000000000, 74, 60.08 W
2026/09/15 13:40:33.079, 2470 MHz, 0x0000000000000000, 74, 60.56 W
2026/09/15 13:40:34.080, 2470 MHz, 0x0000000000000000, 75, 61.26 W
2026/09/15 13:40:35.080, 2470 MHz, 0x0000000000000000, 75, 61.60 W
2026/09/15 13:40:36.081, 2470 MHz, 0x0000000000000000, 76, 62.07 W
2026/09/15 13:40:37.081, 2463 MHz, 0x0000000000000000, 75, 62.44 W
2026/09/15 13:40:38.082, 2470 MHz, 0x0000000000000000, 77, 62.76 W
2026/09/15 13:40:39.082, 2470 MHz, 0x0000000000000000, 72, 56.10 W
2026/09/15 13:40:40.082, 2470 MHz, 0x0000000000000000, 75, 62.75 W
2026/09/15 13:40:41.083, 2411 MHz, 0x0000000000000000, 67, 24.79 W
2026/09/15 13:40:42.083, 2470 MHz, 0x0000000000000000, 76, 37.91 W
2026/09/15 13:40:43.084, 2476 MHz, 0x0000000000000000, 72, 58.12 W
2026/09/15 13:40:44.084, 2470 MHz, 0x0000000000000000, 72, 61.56 W
2026/09/15 13:40:45.084, 2411 MHz, 0x0000000000000000, 66, 32.33 W
2026/09/15 13:40:46.084, 2502 MHz, 0x0000000000000000, 69, 25.37 W
2026/09/15 13:40:47.085, 2502 MHz, 0x0000000000000000, 70, 38.88 W
2026/09/15 13:40:48.086, 2502 MHz, 0x0000000000000000, 70, 38.89 W
2026/09/15 13:40:49.086, 2502 MHz, 0x0000000000000000, 70, 38.73 W
2026/09/15 13:40:50.086, 2502 MHz, 0x0000000000000000, 70, 39.37 W
2026/09/15 13:40:51.087, 2502 MHz, 0x0000000000000000, 70, 42.42 W
2026/09/15 13:40:52.087, 2502 MHz, 0x0000000000000000, 70, 43.24 W
2026/09/15 13:40:53.088, 2502 MHz, 0x0000000000000000, 70, 42.87 W
2026/09/15 13:40:54.088, 2502 MHz, 0x0000000000000000, 71, 43.26 W
2026/09/15 13:40:55.089, 2502 MHz, 0x0000000000000000, 71, 43.29 W
2026/09/15 13:40:56.089, 2502 MHz, 0x0000000000000000, 69, 39.98 W
2026/09/15 13:40:57.090, 2502 MHz, 0x0000000000000000, 70, 41.97 W
2026/09/15 13:40:58.090, 2502 MHz, 0x0000000000000000, 71, 42.83 W
2026/09/15 13:40:59.091, 2502 MHz, 0x0000000000000000, 71, 43.08 W
2026/09/15 13:41:00.091, 2502 MHz, 0x0000000000000000, 71, 43.00 W
2026/09/15 13:41:01.092, 2502 MHz, 0x0000000000000000, 71, 43.33 W
2026/09/15 13:41:02.092, 2502 MHz, 0x0000000000000000, 69, 41.63 W
2026/09/15 13:41:03.092, 2502 MHz, 0x0000000000000000, 70, 41.25 W
2026/09/15 13:41:04.093, 2502 MHz, 0x0000000000000000, 70, 42.53 W
2026/09/15 13:41:05.093, 2502 MHz, 0x0000000000000000, 70, 42.99 W
2026/09/15 13:41:06.093, 2502 MHz, 0x0000000000000000, 70, 43.25 W
2026/09/15 13:41:07.094, 2502 MHz, 0x0000000000000000, 70, 43.42 W
2026/09/15 13:41:08.094, 2502 MHz, 0x0000000000000000, 70, 42.77 W
2026/09/15 13:41:09.095, 2502 MHz, 0x0000000000000000, 70, 37.72 W
2026/09/15 13:41:10.095, 2502 MHz, 0x0000000000000000, 70, 38.83 W
2026/09/15 13:41:11.096, 2502 MHz, 0x0000000000000000, 69, 38.87 W
2026/09/15 13:41:12.096, 2502 MHz, 0x0000000000000000, 69, 38.84 W
2026/09/15 13:41:13.097, 2502 MHz, 0x0000000000000000, 70, 37.34 W
2026/09/15 13:41:14.098, 2502 MHz, 0x0000000000000000, 70, 42.28 W
2026/09/15 13:41:15.098, 2502 MHz, 0x0000000000000000, 70, 42.50 W
2026/09/15 13:41:16.099, 2502 MHz, 0x0000000000000000, 70, 43.01 W
2026/09/15 13:41:17.099, 2502 MHz, 0x0000000000000000, 70, 43.20 W
2026/09/15 13:41:18.099, 2502 MHz, 0x0000000000000000, 70, 42.73 W
2026/09/15 13:41:19.100, 2470 MHz, 0x0000000000000000, 73, 46.70 W
2026/09/15 13:41:20.100, 2502 MHz, 0x0000000000000000, 70, 40.84 W
2026/09/15 13:41:21.101, 2502 MHz, 0x0000000000000000, 70, 42.87 W
2026/09/15 13:41:22.102, 2502 MHz, 0x0000000000000000, 70, 43.07 W
2026/09/15 13:41:23.102, 2502 MHz, 0x0000000000000000, 70, 42.96 W
2026/09/15 13:41:24.103, 2502 MHz, 0x0000000000000000, 70, 42.61 W
2026/09/15 13:41:25.103, 2502 MHz, 0x0000000000000000, 69, 40.63 W
2026/09/15 13:41:26.104, 2502 MHz, 0x0000000000000000, 70, 40.29 W
2026/09/15 13:41:27.104, 2502 MHz, 0x0000000000000000, 70, 42.51 W
2026/09/15 13:41:28.105, 2502 MHz, 0x0000000000000000, 70, 42.80 W
2026/09/15 13:41:29.105, 2502 MHz, 0x0000000000000000, 70, 42.90 W
2026/09/15 13:41:30.106, 2502 MHz, 0x0000000000000000, 70, 42.93 W
2026/09/15 13:41:31.106, 2502 MHz, 0x0000000000000000, 70, 42.07 W
2026/09/15 13:41:32.107, 2502 MHz, 0x0000000000000000, 70, 40.98 W
2026/09/15 13:41:33.107, 2502 MHz, 0x0000000000000000, 70, 42.12 W
2026/09/15 13:41:34.107, 2502 MHz, 0x0000000000000000, 70, 42.54 W
2026/09/15 13:41:35.108, 2502 MHz, 0x0000000000000000, 70, 42.56 W
2026/09/15 13:41:36.108, 2502 MHz, 0x0000000000000000, 70, 42.87 W
2026/09/15 13:41:37.109, 2502 MHz, 0x0000000000000000, 70, 42.22 W
2026/09/15 13:41:38.109, 2502 MHz, 0x0000000000000000, 70, 38.11 W
2026/09/15 13:41:39.110, 2502 MHz, 0x0000000000000000, 70, 41.88 W
2026/09/15 13:41:40.110, 2502 MHz, 0x0000000000000000, 70, 41.90 W
2026/09/15 13:41:41.111, 2502 MHz, 0x0000000000000000, 70, 42.99 W
2026/09/15 13:41:42.111, 2502 MHz, 0x0000000000000000, 70, 42.97 W
2026/09/15 13:41:43.112, 2502 MHz, 0x0000000000000000, 70, 42.75 W
2026/09/15 13:41:44.112, 2502 MHz, 0x0000000000000000, 69, 36.05 W
2026/09/15 13:41:45.112, 2502 MHz, 0x0000000000000000, 69, 36.77 W
2026/09/15 13:41:46.113, 2502 MHz, 0x0000000000000000, 69, 40.90 W
2026/09/15 13:41:47.113, 2502 MHz, 0x0000000000000000, 70, 39.83 W
2026/09/15 13:41:48.113, 2502 MHz, 0x0000000000000000, 70, 41.59 W
2026/09/15 13:41:49.114, 2502 MHz, 0x0000000000000000, 70, 41.15 W
2026/09/15 13:41:50.114, 2502 MHz, 0x0000000000000000, 69, 39.75 W
2026/09/15 13:41:51.115, 2502 MHz, 0x0000000000000000, 70, 41.79 W
2026/09/15 13:41:52.115, 2502 MHz, 0x0000000000000000, 70, 40.97 W
2026/09/15 13:41:53.116, 2502 MHz, 0x0000000000000000, 70, 39.71 W
2026/09/15 13:41:54.116, 2502 MHz, 0x0000000000000000, 70, 41.75 W
2026/09/15 13:41:55.117, 2502 MHz, 0x0000000000000000, 70, 41.18 W
2026/09/15 13:41:56.117, 2502 MHz, 0x0000000000000000, 70, 40.92 W
2026/09/15 13:41:57.118, 2502 MHz, 0x0000000000000000, 70, 41.14 W
2026/09/15 13:41:58.118, 2502 MHz, 0x0000000000000000, 70, 40.99 W
2026/09/15 13:41:59.119, 2502 MHz, 0x0000000000000000, 69, 41.02 W
2026/09/15 13:42:00.119, 2411 MHz, 0x0000000000000000, 65, 27.31 W
2026/09/15 13:42:01.120, 2470 MHz, 0x0000000000000000, 73, 50.19 W
2026/09/15 13:42:02.120, 2470 MHz, 0x0000000000000000, 71, 56.76 W
2026/09/15 13:42:03.121, 2470 MHz, 0x0000000000000000, 72, 55.16 W
2026/09/15 13:42:04.121, 2470 MHz, 0x0000000000000000, 74, 58.92 W
2026/09/15 13:42:05.122, 2483 MHz, 0x0000000000000000, 70, 54.39 W
2026/09/15 13:42:06.122, 2502 MHz, 0x0000000000000000, 71, 40.01 W
2026/09/15 13:42:07.123, 2470 MHz, 0x0000000000000000, 74, 58.35 W
2026/09/15 13:42:08.123, 2476 MHz, 0x0000000000000000, 74, 59.53 W
2026/09/15 13:42:09.124, 2437 MHz, 0x0000000000000000, 67, 48.62 W
2026/09/15 13:42:10.125, 2470 MHz, 0x0000000000000000, 73, 58.42 W
2026/09/15 13:42:11.125, 2470 MHz, 0x0000000000000000, 74, 59.38 W
2026/09/15 13:42:12.126, 2476 MHz, 0x0000000000000000, 69, 50.71 W
2026/09/15 13:42:13.127, 2470 MHz, 0x0000000000000000, 74, 39.21 W
2026/09/15 13:42:14.127, 2470 MHz, 0x0000000000000000, 74, 59.23 W
2026/09/15 13:42:15.127, 2470 MHz, 0x0000000000000000, 75, 59.66 W
2026/09/15 13:42:16.128, 2470 MHz, 0x0000000000000000, 76, 59.73 W
2026/09/15 13:42:17.128, 2470 MHz, 0x0000000000000000, 75, 60.48 W
2026/09/15 13:42:18.129, 2470 MHz, 0x0000000000000000, 75, 60.78 W
2026/09/15 13:42:19.129, 2470 MHz, 0x0000000000000000, 75, 61.12 W
2026/09/15 13:42:20.130, 2470 MHz, 0x0000000000000000, 76, 61.54 W
2026/09/15 13:42:21.130, 2470 MHz, 0x0000000000000000, 76, 61.95 W
2026/09/15 13:42:22.131, 2470 MHz, 0x0000000000000000, 76, 62.31 W
2026/09/15 13:42:23.132, 2470 MHz, 0x0000000000000000, 77, 62.28 W
2026/09/15 13:42:24.132, 2470 MHz, 0x0000000000000000, 76, 62.86 W
2026/09/15 13:42:25.133, 2470 MHz, 0x0000000000000000, 76, 63.21 W
2026/09/15 13:42:26.133, 2470 MHz, 0x0000000000000000, 77, 63.23 W
2026/09/15 13:42:27.134, 2470 MHz, 0x0000000000000000, 77, 63.71 W
2026/09/15 13:42:28.134, 2470 MHz, 0x0000000000000000, 78, 64.33 W
2026/09/15 13:42:29.134, 2470 MHz, 0x0000000000000000, 78, 64.02 W
2026/09/15 13:42:30.135, 2470 MHz, 0x0000000000000000, 77, 64.66 W
2026/09/15 13:42:31.135, 2470 MHz, 0x0000000000000000, 75, 64.25 W
2026/09/15 13:42:32.136, 2470 MHz, 0x0000000000000000, 77, 65.82 W
2026/09/15 13:42:33.136, 2470 MHz, 0x0000000000000000, 78, 65.67 W
2026/09/15 13:42:34.137, 2470 MHz, 0x0000000000000000, 78, 65.16 W
2026/09/15 13:42:35.137, 2470 MHz, 0x0000000000000000, 78, 65.50 W
2026/09/15 13:42:36.138, 2470 MHz, 0x0000000000000000, 78, 65.57 W
2026/09/15 13:42:37.138, 2470 MHz, 0x0000000000000000, 79, 66.12 W
2026/09/15 13:42:38.139, 2470 MHz, 0x0000000000000000, 77, 66.41 W
2026/09/15 13:42:39.139, 2470 MHz, 0x0000000000000000, 78, 67.81 W
2026/09/15 13:42:40.139, 2470 MHz, 0x0000000000000000, 78, 67.02 W
2026/09/15 13:42:41.139, 2470 MHz, 0x0000000000000000, 80, 66.64 W
2026/09/15 13:42:42.140, 2470 MHz, 0x0000000000000000, 79, 67.57 W
2026/09/15 13:42:43.141, 2470 MHz, 0x0000000000000000, 81, 66.97 W
2026/09/15 13:42:44.141, 2470 MHz, 0x0000000000000000, 76, 67.97 W
2026/09/15 13:42:45.141, 2470 MHz, 0x0000000000000000, 79, 68.61 W
2026/09/15 13:42:46.142, 2470 MHz, 0x0000000000000000, 81, 67.55 W
2026/09/15 13:42:47.142, 2463 MHz, 0x0000000000000000, 79, 68.66 W
2026/09/15 13:42:48.143, 2470 MHz, 0x0000000000000000, 79, 68.55 W
2026/09/15 13:42:49.143, 2463 MHz, 0x0000000000000000, 80, 68.52 W
2026/09/15 13:42:50.144, 2463 MHz, 0x0000000000000000, 81, 68.86 W
2026/09/15 13:42:51.144, 2463 MHz, 0x0000000000000000, 81, 68.91 W
2026/09/15 13:42:52.145, 2463 MHz, 0x0000000000000000, 81, 68.79 W
2026/09/15 13:42:53.146, 2457 MHz, 0x0000000000000000, 80, 68.66 W
2026/09/15 13:42:54.146, 2463 MHz, 0x0000000000000000, 81, 70.68 W
2026/09/15 13:42:55.147, 2457 MHz, 0x0000000000000000, 79, 69.48 W
2026/09/15 13:42:56.147, 2457 MHz, 0x0000000000000000, 80, 69.83 W
2026/09/15 13:42:57.147, 2463 MHz, 0x0000000000000000, 81, 69.58 W
2026/09/15 13:42:58.148, 2463 MHz, 0x0000000000000000, 80, 71.58 W
2026/09/15 13:42:59.148, 2457 MHz, 0x0000000000000000, 82, 69.27 W
2026/09/15 13:43:00.149, 2457 MHz, 0x0000000000000000, 80, 70.31 W
2026/09/15 13:43:01.149, 2457 MHz, 0x0000000000000000, 80, 69.63 W
2026/09/15 13:43:02.150, 2463 MHz, 0x0000000000000000, 80, 71.83 W
2026/09/15 13:43:03.150, 2450 MHz, 0x0000000000000000, 80, 71.04 W
2026/09/15 13:43:04.151, 2457 MHz, 0x0000000000000000, 82, 69.77 W
2026/09/15 13:43:05.151, 2450 MHz, 0x0000000000000000, 81, 69.27 W
2026/09/15 13:43:06.152, 2463 MHz, 0x0000000000000000, 81, 52.68 W
2026/09/15 13:43:07.152, 2457 MHz, 0x0000000000000000, 81, 70.50 W
2026/09/15 13:43:08.153, 2457 MHz, 0x0000000000000000, 81, 70.65 W
2026/09/15 13:43:09.153, 2483 MHz, 0x0000000000000000, 75, 42.26 W
2026/09/15 13:43:10.154, 2483 MHz, 0x0000000000000000, 75, 41.30 W
2026/09/15 13:43:11.154, 2483 MHz, 0x0000000000000000, 74, 41.14 W
2026/09/15 13:43:12.154, 2483 MHz, 0x0000000000000000, 74, 40.86 W
2026/09/15 13:43:13.155, 2483 MHz, 0x0000000000000000, 74, 40.73 W
2026/09/15 13:43:14.155, 2483 MHz, 0x0000000000000000, 74, 40.94 W
2026/09/15 13:43:15.156, 2431 MHz, 0x0000000000000000, 70, 34.75 W
2026/09/15 13:43:16.157, 2411 MHz, 0x0000000000000000, 68, 15.29 W
2026/09/15 13:43:17.157, 2496 MHz, 0x0000000000000000, 71, 22.59 W
2026/09/15 13:43:18.157, 2502 MHz, 0x0000000000000000, 72, 39.48 W
2026/09/15 13:43:19.158, 2502 MHz, 0x0000000000000000, 72, 39.51 W
2026/09/15 13:43:20.159, 2502 MHz, 0x0000000000000000, 72, 39.49 W
2026/09/15 13:43:21.159, 2502 MHz, 0x0000000000000000, 72, 39.44 W
2026/09/15 13:43:22.159, 2502 MHz, 0x0000000000000000, 72, 39.49 W
2026/09/15 13:43:23.160, 2502 MHz, 0x0000000000000000, 72, 39.28 W
2026/09/15 13:43:24.160, 2502 MHz, 0x0000000000000000, 71, 39.33 W
2026/09/15 13:43:25.161, 2502 MHz, 0x0000000000000000, 71, 39.26 W
2026/09/15 13:43:26.161, 2502 MHz, 0x0000000000000000, 71, 39.03 W
2026/09/15 13:43:27.162, 2502 MHz, 0x0000000000000000, 71, 39.14 W
2026/09/15 13:43:28.162, 2502 MHz, 0x0000000000000000, 71, 39.01 W
2026/09/15 13:43:29.162, 2502 MHz, 0x0000000000000000, 71, 38.89 W
2026/09/15 13:43:30.163, 2502 MHz, 0x0000000000000000, 71, 38.92 W
2026/09/15 13:43:31.163, 2502 MHz, 0x0000000000000000, 71, 38.85 W
2026/09/15 13:43:32.163, 2502 MHz, 0x0000000000000000, 71, 38.85 W
2026/09/15 13:43:33.163, 2502 MHz, 0x0000000000000000, 71, 38.83 W
2026/09/15 13:43:34.164, 2502 MHz, 0x0000000000000000, 71, 39.05 W
2026/09/15 13:43:35.165, 2502 MHz, 0x0000000000000000, 71, 39.02 W
2026/09/15 13:43:36.166, 2502 MHz, 0x0000000000000000, 71, 38.94 W
2026/09/15 13:43:37.166, 2502 MHz, 0x0000000000000000, 70, 38.84 W
2026/09/15 13:43:38.167, 2502 MHz, 0x0000000000000000, 70, 39.00 W
2026/09/15 13:43:39.167, 2502 MHz, 0x0000000000000000, 70, 38.82 W
2026/09/15 13:43:40.168, 2502 MHz, 0x0000000000000000, 70, 38.97 W
2026/09/15 13:43:41.169, 2502 MHz, 0x0000000000000000, 70, 38.80 W
2026/09/15 13:43:42.170, 2502 MHz, 0x0000000000000000, 70, 39.15 W
2026/09/15 13:43:43.171, 2502 MHz, 0x0000000000000000, 70, 39.01 W
2026/09/15 13:43:44.172, 2502 MHz, 0x0000000000000000, 70, 39.01 W
2026/09/15 13:43:45.173, 2502 MHz, 0x0000000000000000, 70, 38.96 W
2026/09/15 13:43:46.173, 2502 MHz, 0x0000000000000000, 70, 39.09 W
2026/09/15 13:43:47.174, 2502 MHz, 0x0000000000000000, 70, 39.20 W
2026/09/15 13:43:48.174, 2502 MHz, 0x0000000000000000, 70, 38.87 W
2026/09/15 13:43:49.175, 2502 MHz, 0x0000000000000000, 70, 39.00 W
2026/09/15 13:43:50.175, 2502 MHz, 0x0000000000000000, 70, 38.96 W
2026/09/15 13:43:51.176, 2502 MHz, 0x0000000000000000, 70, 38.94 W
2026/09/15 13:43:52.177, 2502 MHz, 0x0000000000000000, 70, 39.03 W
2026/09/15 13:43:53.178, 2411 MHz, 0x0000000000000000, 65, 23.07 W
2026/09/15 13:43:54.178, 2411 MHz, 0x0000000000000000, 64, 14.38 W
2026/09/15 13:43:55.179, 2411 MHz, 0x0000000000000000, 64, 14.28 W
2026/09/15 13:43:56.179, 2476 MHz, 0x0000000000000000, 72, 43.13 W
2026/09/15 13:43:57.180, 2470 MHz, 0x0000000000000000, 72, 58.58 W
2026/09/15 13:43:58.180, 2470 MHz, 0x0000000000000000, 73, 59.12 W
2026/09/15 13:43:59.181, 2470 MHz, 0x0000000000000000, 73, 59.68 W
2026/09/15 13:44:00.181, 2470 MHz, 0x0000000000000000, 73, 60.01 W
2026/09/15 13:44:01.182, 2476 MHz, 0x0000000000000000, 72, 34.38 W
2026/09/15 13:44:02.182, 2411 MHz, 0x0000000000000000, 65, 32.36 W
2026/09/15 13:44:03.183, 2411 MHz, 0x0000000000000000, 64, 15.18 W
2026/09/15 13:44:04.184, 2411 MHz, 0x0000000000000000, 64, 14.29 W
2026/09/15 13:44:05.185, 2476 MHz, 0x0000000000000000, 71, 36.61 W
2026/09/15 13:44:06.185, 2476 MHz, 0x0000000000000000, 73, 59.28 W
2026/09/15 13:44:07.186, 2502 MHz, 0x0000000000000000, 69, 42.32 W
2026/09/15 13:44:08.186, 2502 MHz, 0x0000000000000000, 69, 38.69 W
2026/09/15 13:44:09.187, 2502 MHz, 0x0000000000000000, 69, 38.78 W
2026/09/15 13:44:10.188, 2502 MHz, 0x0000000000000000, 69, 38.86 W
2026/09/15 13:44:11.189, 2502 MHz, 0x0000000000000000, 69, 38.81 W
2026/09/15 13:44:12.189, 2502 MHz, 0x0000000000000000, 69, 38.61 W
2026/09/15 13:44:13.190, 2502 MHz, 0x0000000000000000, 69, 38.43 W
2026/09/15 13:44:14.191, 2502 MHz, 0x0000000000000000, 69, 38.44 W
2026/09/15 13:44:15.191, 2502 MHz, 0x0000000000000000, 69, 38.42 W
2026/09/15 13:44:16.192, 2502 MHz, 0x0000000000000000, 69, 38.44 W
2026/09/15 13:44:17.192, 2502 MHz, 0x0000000000000000, 69, 38.90 W
2026/09/15 13:44:18.193, 2502 MHz, 0x0000000000000000, 70, 38.87 W
2026/09/15 13:44:19.194, 2502 MHz, 0x0000000000000000, 70, 38.82 W
2026/09/15 13:44:20.194, 2502 MHz, 0x0000000000000000, 70, 38.71 W
2026/09/15 13:44:21.195, 2502 MHz, 0x0000000000000000, 70, 38.67 W
2026/09/15 13:44:22.196, 2502 MHz, 0x0000000000000000, 70, 38.68 W
2026/09/15 13:44:23.196, 2502 MHz, 0x0000000000000000, 70, 38.74 W
2026/09/15 13:44:24.196, 2502 MHz, 0x0000000000000000, 70, 38.63 W
2026/09/15 13:44:25.197, 2502 MHz, 0x0000000000000000, 70, 38.74 W
2026/09/15 13:44:26.197, 2502 MHz, 0x0000000000000000, 70, 38.81 W
2026/09/15 13:44:27.197, 2502 MHz, 0x0000000000000000, 71, 38.93 W
2026/09/15 13:44:28.197, 2502 MHz, 0x0000000000000000, 71, 38.90 W
2026/09/15 13:44:29.197, 2502 MHz, 0x0000000000000000, 71, 39.02 W
2026/09/15 13:44:30.198, 2502 MHz, 0x0000000000000000, 71, 38.82 W
2026/09/15 13:44:31.199, 2502 MHz, 0x0000000000000000, 71, 38.90 W
2026/09/15 13:44:32.199, 2502 MHz, 0x0000000000000000, 71, 39.13 W
2026/09/15 13:44:33.200, 2502 MHz, 0x0000000000000000, 71, 38.98 W
2026/09/15 13:44:34.200, 2502 MHz, 0x0000000000000000, 71, 39.04 W
2026/09/15 13:44:35.201, 2502 MHz, 0x0000000000000000, 71, 39.23 W
2026/09/15 13:44:36.201, 2502 MHz, 0x0000000000000000, 71, 39.30 W
2026/09/15 13:44:37.201, 2502 MHz, 0x0000000000000000, 71, 39.38 W
2026/09/15 13:44:38.202, 2502 MHz, 0x0000000000000000, 71, 39.40 W
2026/09/15 13:44:39.202, 2502 MHz, 0x0000000000000000, 71, 39.43 W
2026/09/15 13:44:40.203, 2502 MHz, 0x0000000000000000, 71, 39.43 W
2026/09/15 13:44:41.203, 2411 MHz, 0x0000000000000000, 66, 18.35 W
2026/09/15 13:44:42.205, 2411 MHz, 0x0000000000000000, 66, 14.69 W
2026/09/15 13:44:43.205, 2411 MHz, 0x0000000000000000, 65, 14.56 W
2026/09/15 13:44:44.206, 2470 MHz, 0x0000000000000000, 74, 52.58 W
2026/09/15 13:44:45.206, 2470 MHz, 0x0000000000000000, 72, 58.43 W
2026/09/15 13:44:46.207, 2470 MHz, 0x0000000000000000, 73, 59.54 W
2026/09/15 13:44:47.207, 2470 MHz, 0x0000000000000000, 75, 60.26 W
2026/09/15 13:44:48.208, 2470 MHz, 0x0000000000000000, 76, 60.92 W
2026/09/15 13:44:49.208, 2470 MHz, 0x0000000000000000, 76, 61.51 W
2026/09/15 13:44:50.209, 2470 MHz, 0x0000000000000000, 76, 61.50 W
2026/09/15 13:44:51.209, 2470 MHz, 0x0000000000000000, 76, 62.17 W
2026/09/15 13:44:52.210, 2470 MHz, 0x0000000000000000, 77, 62.42 W
2026/09/15 13:44:53.210, 2470 MHz, 0x0000000000000000, 77, 62.66 W
2026/09/15 13:44:54.211, 2470 MHz, 0x0000000000000000, 76, 62.75 W
2026/09/15 13:44:55.211, 2411 MHz, 0x0000000000000000, 69, 32.17 W
2026/09/15 13:44:56.211, 2411 MHz, 0x0000000000000000, 74, 19.76 W
2026/09/15 13:44:57.212, 2470 MHz, 0x0000000000000000, 76, 62.13 W
2026/09/15 13:44:58.213, 2483 MHz, 0x0000000000000000, 73, 46.53 W
2026/09/15 13:44:59.213, 2483 MHz, 0x0000000000000000, 72, 39.88 W
2026/09/15 13:45:00.214, 2483 MHz, 0x0000000000000000, 72, 39.80 W
2026/09/15 13:45:01.214, 2483 MHz, 0x0000000000000000, 72, 39.84 W
2026/09/15 13:45:02.215, 2483 MHz, 0x0000000000000000, 72, 39.98 W
2026/09/15 13:45:03.215, 2483 MHz, 0x0000000000000000, 72, 39.82 W
2026/09/15 13:45:04.216, 2483 MHz, 0x0000000000000000, 72, 39.54 W
2026/09/15 13:45:05.216, 2483 MHz, 0x0000000000000000, 72, 39.60 W
2026/09/15 13:45:06.217, 2483 MHz, 0x0000000000000000, 72, 39.65 W
2026/09/15 13:45:07.217, 2483 MHz, 0x0000000000000000, 72, 39.42 W
2026/09/15 13:45:08.218, 2483 MHz, 0x0000000000000000, 72, 39.88 W
2026/09/15 13:45:09.219, 2483 MHz, 0x0000000000000000, 72, 39.33 W
2026/09/15 13:45:10.219, 2483 MHz, 0x0000000000000000, 72, 39.29 W
2026/09/15 13:45:11.220, 2483 MHz, 0x0000000000000000, 72, 39.24 W
2026/09/15 13:45:12.220, 2502 MHz, 0x0000000000000000, 72, 39.45 W
2026/09/15 13:45:13.221, 2502 MHz, 0x0000000000000000, 72, 39.75 W
2026/09/15 13:45:14.221, 2502 MHz, 0x0000000000000000, 72, 39.88 W
2026/09/15 13:45:15.221, 2502 MHz, 0x0000000000000000, 72, 39.71 W
2026/09/15 13:45:16.222, 2502 MHz, 0x0000000000000000, 72, 39.79 W
2026/09/15 13:45:17.223, 2502 MHz, 0x0000000000000000, 72, 39.90 W
2026/09/15 13:45:18.223, 2502 MHz, 0x0000000000000000, 72, 39.83 W
2026/09/15 13:45:19.224, 2502 MHz, 0x0000000000000000, 72, 39.80 W
2026/09/15 13:45:20.225, 2502 MHz, 0x0000000000000000, 72, 39.94 W
2026/09/15 13:45:21.225, 2502 MHz, 0x0000000000000000, 72, 39.75 W
2026/09/15 13:45:22.226, 2502 MHz, 0x0000000000000000, 72, 39.67 W
2026/09/15 13:45:23.227, 2502 MHz, 0x0000000000000000, 72, 39.99 W
2026/09/15 13:45:24.227, 2502 MHz, 0x0000000000000000, 72, 39.87 W
2026/09/15 13:45:25.228, 2502 MHz, 0x0000000000000000, 72, 39.80 W
2026/09/15 13:45:26.228, 2502 MHz, 0x0000000000000000, 72, 39.77 W
2026/09/15 13:45:27.229, 2502 MHz, 0x0000000000000000, 72, 39.95 W
2026/09/15 13:45:28.229, 2502 MHz, 0x0000000000000000, 72, 39.88 W
2026/09/15 13:45:29.230, 2502 MHz, 0x0000000000000000, 72, 39.94 W
2026/09/15 13:45:30.230, 2502 MHz, 0x0000000000000000, 72, 39.81 W
2026/09/15 13:45:31.231, 2411 MHz, 0x0000000000000000, 68, 27.73 W
2026/09/15 13:45:32.232, 2411 MHz, 0x0000000000000000, 67, 14.90 W
2026/09/15 13:45:33.232, 2411 MHz, 0x0000000000000000, 66, 14.78 W
2026/09/15 13:45:34.233, 2476 MHz, 0x0000000000000000, 74, 33.12 W
2026/09/15 13:45:35.233, 2470 MHz, 0x0000000000000000, 75, 59.09 W
2026/09/15 13:45:36.233, 2470 MHz, 0x0000000000000000, 76, 59.97 W
2026/09/15 13:45:37.234, 2470 MHz, 0x0000000000000000, 77, 60.52 W
2026/09/15 13:45:38.235, 2470 MHz, 0x0000000000000000, 77, 60.77 W
2026/09/15 13:45:39.235, 2470 MHz, 0x0000000000000000, 77, 61.16 W
2026/09/15 13:45:40.235, 2470 MHz, 0x0000000000000000, 77, 61.85 W
2026/09/15 13:45:41.236, 2470 MHz, 0x0000000000000000, 77, 62.25 W
2026/09/15 13:45:42.236, 2470 MHz, 0x0000000000000000, 78, 62.27 W
2026/09/15 13:45:43.237, 2470 MHz, 0x0000000000000000, 78, 62.89 W
2026/09/15 13:45:44.237, 2470 MHz, 0x0000000000000000, 79, 63.12 W
2026/09/15 13:45:45.238, 2470 MHz, 0x0000000000000000, 79, 63.41 W
2026/09/15 13:45:46.238, 2470 MHz, 0x0000000000000000, 79, 63.96 W
2026/09/15 13:45:47.239, 2470 MHz, 0x0000000000000000, 79, 64.44 W
2026/09/15 13:45:48.239, 2463 MHz, 0x0000000000000000, 81, 64.70 W
2026/09/15 13:45:49.240, 2463 MHz, 0x0000000000000000, 80, 64.82 W
2026/09/15 13:45:50.240, 2463 MHz, 0x0000000000000000, 79, 65.03 W
2026/09/15 13:45:51.241, 2470 MHz, 0x0000000000000000, 79, 65.35 W
2026/09/15 13:45:52.241, 2463 MHz, 0x0000000000000000, 80, 66.90 W
2026/09/15 13:45:53.242, 2463 MHz, 0x0000000000000000, 79, 65.96 W
2026/09/15 13:45:54.243, 2463 MHz, 0x0000000000000000, 82, 66.09 W
2026/09/15 13:45:55.243, 2457 MHz, 0x0000000000000000, 81, 65.95 W
2026/09/15 13:45:56.243, 2450 MHz, 0x0000000000000000, 80, 66.55 W
2026/09/15 13:45:57.244, 2463 MHz, 0x0000000000000000, 81, 66.19 W
2026/09/15 13:45:58.244, 2398 MHz, 0x0000000000000000, 72, 32.68 W
2026/09/15 13:45:59.245, 2411 MHz, 0x0000000000000000, 70, 16.43 W
2026/09/15 13:46:00.245, 2463 MHz, 0x0000000000000000, 80, 65.10 W
2026/09/15 13:46:01.246, 2470 MHz, 0x0000000000000000, 76, 60.68 W
2026/09/15 13:46:02.246, 2483 MHz, 0x0000000000000000, 75, 41.03 W
2026/09/15 13:46:03.247, 2483 MHz, 0x0000000000000000, 75, 40.82 W
2026/09/15 13:46:04.248, 2483 MHz, 0x0000000000000000, 75, 40.62 W
2026/09/15 13:46:05.248, 2483 MHz, 0x0000000000000000, 75, 40.32 W
2026/09/15 13:46:06.248, 2483 MHz, 0x0000000000000000, 75, 40.60 W
2026/09/15 13:46:07.249, 2483 MHz, 0x0000000000000000, 75, 40.67 W
2026/09/15 13:46:08.250, 2483 MHz, 0x0000000000000000, 75, 40.58 W
2026/09/15 13:46:09.250, 2483 MHz, 0x0000000000000000, 75, 40.52 W
2026/09/15 13:46:10.251, 2483 MHz, 0x0000000000000000, 74, 40.41 W
2026/09/15 13:46:11.252, 2483 MHz, 0x0000000000000000, 74, 40.49 W
2026/09/15 13:46:12.252, 2483 MHz, 0x0000000000000000, 74, 40.60 W
2026/09/15 13:46:13.253, 2483 MHz, 0x0000000000000000, 74, 40.42 W
2026/09/15 13:46:14.253, 2483 MHz, 0x0000000000000000, 74, 40.60 W
2026/09/15 13:46:15.254, 2483 MHz, 0x0000000000000000, 74, 40.47 W
2026/09/15 13:46:16.255, 2483 MHz, 0x0000000000000000, 74, 40.33 W
2026/09/15 13:46:17.256, 2483 MHz, 0x0000000000000000, 74, 40.40 W
2026/09/15 13:46:18.256, 2483 MHz, 0x0000000000000000, 74, 40.49 W
2026/09/15 13:46:19.257, 2483 MHz, 0x0000000000000000, 74, 40.37 W
2026/09/15 13:46:20.258, 2483 MHz, 0x0000000000000000, 74, 40.20 W
2026/09/15 13:46:21.258, 2483 MHz, 0x0000000000000000, 74, 40.34 W
2026/09/15 13:46:22.259, 2483 MHz, 0x0000000000000000, 74, 40.29 W
2026/09/15 13:46:23.260, 2483 MHz, 0x0000000000000000, 74, 40.30 W
2026/09/15 13:46:24.261, 2483 MHz, 0x0000000000000000, 74, 39.99 W
2026/09/15 13:46:25.262, 2483 MHz, 0x0000000000000000, 74, 40.20 W
2026/09/15 13:46:26.262, 2483 MHz, 0x0000000000000000, 74, 40.33 W
2026/09/15 13:46:27.263, 2483 MHz, 0x0000000000000000, 74, 40.33 W
2026/09/15 13:46:28.264, 2483 MHz, 0x0000000000000000, 74, 40.14 W
2026/09/15 13:46:29.264, 2483 MHz, 0x0000000000000000, 74, 40.17 W
2026/09/15 13:46:30.265, 2483 MHz, 0x0000000000000000, 74, 40.27 W
2026/09/15 13:46:31.265, 2483 MHz, 0x0000000000000000, 74, 40.18 W
2026/09/15 13:46:32.265, 2483 MHz, 0x0000000000000000, 74, 40.19 W
2026/09/15 13:46:33.266, 2483 MHz, 0x0000000000000000, 74, 40.18 W
2026/09/15 13:46:34.267, 2483 MHz, 0x0000000000000000, 74, 40.32 W
2026/09/15 13:46:35.267, 2411 MHz, 0x0000000000000000, 69, 30.92 W
2026/09/15 13:46:36.268, 2411 MHz, 0x0000000000000000, 68, 15.31 W
2026/09/15 13:46:37.268, 2411 MHz, 0x0000000000000000, 68, 15.20 W
2026/09/15 13:46:38.269, 2431 MHz, 0x0000000000000000, 74, 23.14 W
2026/09/15 13:46:39.269, 2470 MHz, 0x0000000000000000, 76, 59.59 W
2026/09/15 13:46:40.270, 2470 MHz, 0x0000000000000000, 78, 60.39 W
2026/09/15 13:46:41.270, 2470 MHz, 0x0000000000000000, 77, 61.03 W
2026/09/15 13:46:42.271, 2470 MHz, 0x0000000000000000, 79, 61.28 W
2026/09/15 13:46:43.271, 2470 MHz, 0x0000000000000000, 78, 61.81 W
2026/09/15 13:46:44.272, 2470 MHz, 0x0000000000000000, 78, 62.73 W
2026/09/15 13:46:45.272, 2470 MHz, 0x0000000000000000, 79, 62.55 W
2026/09/15 13:46:46.273, 2470 MHz, 0x0000000000000000, 79, 62.93 W
2026/09/15 13:46:47.273, 2470 MHz, 0x0000000000000000, 79, 63.18 W
2026/09/15 13:46:48.273, 2463 MHz, 0x0000000000000000, 80, 63.51 W
2026/09/15 13:46:49.274, 2463 MHz, 0x0000000000000000, 79, 63.87 W
2026/09/15 13:46:50.274, 2463 MHz, 0x0000000000000000, 80, 64.50 W
2026/09/15 13:46:51.274, 2463 MHz, 0x0000000000000000, 80, 64.99 W
2026/09/15 13:46:52.275, 2457 MHz, 0x0000000000000000, 80, 65.13 W
2026/09/15 13:46:53.275, 2463 MHz, 0x0000000000000000, 80, 64.65 W
2026/09/15 13:46:54.276, 2444 MHz, 0x0000000000000000, 81, 65.65 W
2026/09/15 13:46:55.276, 2457 MHz, 0x0000000000000000, 81, 66.46 W
2026/09/15 13:46:56.277, 2444 MHz, 0x0000000000000000, 82, 65.25 W
2026/09/15 13:46:57.277, 2450 MHz, 0x0000000000000000, 81, 66.06 W
2026/09/15 13:46:58.278, 2444 MHz, 0x0000000000000000, 82, 65.68 W
2026/09/15 13:46:59.278, 2450 MHz, 0x0000000000000000, 82, 66.53 W
2026/09/15 13:47:00.279, 2457 MHz, 0x0000000000000000, 83, 66.41 W
2026/09/15 13:47:01.279, 2444 MHz, 0x0000000000000000, 83, 66.33 W
2026/09/15 13:47:02.280, 2444 MHz, 0x0000000000000000, 80, 67.45 W
2026/09/15 13:47:03.280, 2444 MHz, 0x0000000000000000, 83, 68.31 W
2026/09/15 13:47:04.281, 2444 MHz, 0x0000000000000000, 82, 67.81 W
2026/09/15 13:47:05.281, 2444 MHz, 0x0000000000000000, 82, 67.98 W
2026/09/15 13:47:06.282, 2450 MHz, 0x0000000000000000, 84, 68.04 W
2026/09/15 13:47:07.282, 2444 MHz, 0x0000000000000000, 82, 68.10 W
2026/09/15 13:47:08.282, 2444 MHz, 0x0000000000000000, 84, 69.56 W
2026/09/15 13:47:09.283, 2444 MHz, 0x0000000000000000, 82, 68.78 W
2026/09/15 13:47:10.283, 2444 MHz, 0x0000000000000000, 82, 68.41 W
2026/09/15 13:47:11.284, 2450 MHz, 0x0000000000000000, 84, 68.55 W
2026/09/15 13:47:12.284, 2444 MHz, 0x0000000000000000, 82, 68.59 W
2026/09/15 13:47:13.285, 2444 MHz, 0x0000000000000000, 83, 71.19 W
2026/09/15 13:47:14.285, 2444 MHz, 0x0000000000000000, 83, 69.33 W
2026/09/15 13:47:15.286, 2444 MHz, 0x0000000000000000, 84, 69.42 W
2026/09/15 13:47:16.286, 2450 MHz, 0x0000000000000000, 84, 69.32 W
2026/09/15 13:47:17.287, 2444 MHz, 0x0000000000000000, 85, 70.41 W
2026/09/15 13:47:18.288, 2444 MHz, 0x0000000000000000, 85, 70.27 W
2026/09/15 13:47:19.288, 2444 MHz, 0x0000000000000000, 85, 70.15 W
2026/09/15 13:47:20.288, 2450 MHz, 0x0000000000000000, 85, 70.33 W
2026/09/15 13:47:21.289, 2444 MHz, 0x0000000000000000, 83, 70.56 W
2026/09/15 13:47:22.289, 2444 MHz, 0x0000000000000000, 83, 71.79 W
2026/09/15 13:47:23.290, 2444 MHz, 0x0000000000000000, 84, 70.21 W
2026/09/15 13:47:24.290, 2444 MHz, 0x0000000000000000, 85, 71.02 W
2026/09/15 13:47:25.291, 2444 MHz, 0x0000000000000000, 80, 71.24 W
2026/09/15 13:47:26.291, 2444 MHz, 0x0000000000000000, 83, 71.90 W
2026/09/15 13:47:27.291, 2444 MHz, 0x0000000000000000, 85, 70.69 W
2026/09/15 13:47:28.292, 2450 MHz, 0x0000000000000000, 83, 71.67 W
2026/09/15 13:47:29.292, 2444 MHz, 0x0000000000000000, 85, 71.20 W
2026/09/15 13:47:30.293, 2444 MHz, 0x0000000000000000, 82, 71.93 W
2026/09/15 13:47:31.294, 2398 MHz, 0x0000000000000000, 74, 38.63 W
2026/09/15 13:47:32.294, 2444 MHz, 0x0000000000000000, 80, 34.60 W
2026/09/15 13:47:33.295, 2444 MHz, 0x0000000000000000, 81, 70.71 W
2026/09/15 13:47:34.295, 2444 MHz, 0x0000000000000000, 83, 72.62 W
2026/09/15 13:47:35.296, 2483 MHz, 0x0000000000000000, 77, 52.00 W
2026/09/15 13:47:36.296, 2483 MHz, 0x0000000000000000, 77, 42.10 W
2026/09/15 13:47:37.297, 2483 MHz, 0x0000000000000000, 76, 42.03 W
2026/09/15 13:47:38.298, 2483 MHz, 0x0000000000000000, 76, 41.93 W
2026/09/15 13:47:39.299, 2483 MHz, 0x0000000000000000, 76, 41.89 W
2026/09/15 13:47:40.299, 2483 MHz, 0x0000000000000000, 76, 41.73 W
2026/09/15 13:47:41.300, 2483 MHz, 0x0000000000000000, 76, 41.71 W
2026/09/15 13:47:42.301, 2483 MHz, 0x0000000000000000, 75, 41.65 W
2026/09/15 13:47:43.301, 2483 MHz, 0x0000000000000000, 75, 41.60 W
2026/09/15 13:47:44.303, 2483 MHz, 0x0000000000000000, 75, 41.45 W
2026/09/15 13:47:45.303, 2483 MHz, 0x0000000000000000, 75, 41.24 W
2026/09/15 13:47:46.303, 2483 MHz, 0x0000000000000000, 75, 41.23 W
2026/09/15 13:47:47.304, 2483 MHz, 0x0000000000000000, 75, 41.27 W
2026/09/15 13:47:48.304, 2483 MHz, 0x0000000000000000, 74, 41.00 W
2026/09/15 13:47:49.305, 2483 MHz, 0x0000000000000000, 74, 40.94 W
2026/09/15 13:47:50.305, 2483 MHz, 0x0000000000000000, 74, 41.14 W
2026/09/15 13:47:51.306, 2483 MHz, 0x0000000000000000, 74, 40.84 W
2026/09/15 13:47:52.307, 2483 MHz, 0x0000000000000000, 74, 40.90 W
2026/09/15 13:47:53.307, 2483 MHz, 0x0000000000000000, 74, 40.75 W
2026/09/15 13:47:54.308, 2483 MHz, 0x0000000000000000, 74, 40.60 W
2026/09/15 13:47:55.309, 2483 MHz, 0x0000000000000000, 74, 40.75 W
2026/09/15 13:47:56.309, 2483 MHz, 0x0000000000000000, 73, 40.43 W
2026/09/15 13:47:57.310, 2483 MHz, 0x0000000000000000, 73, 40.60 W
2026/09/15 13:47:58.310, 2483 MHz, 0x0000000000000000, 73, 40.70 W
2026/09/15 13:47:59.310, 2483 MHz, 0x0000000000000000, 73, 40.60 W
2026/09/15 13:48:00.311, 2483 MHz, 0x0000000000000000, 73, 40.29 W
2026/09/15 13:48:01.312, 2483 MHz, 0x0000000000000000, 73, 40.51 W
2026/09/15 13:48:02.312, 2483 MHz, 0x0000000000000000, 73, 40.40 W
2026/09/15 13:48:03.313, 2483 MHz, 0x0000000000000000, 73, 40.44 W
2026/09/15 13:48:04.313, 2483 MHz, 0x0000000000000000, 73, 40.46 W
2026/09/15 13:48:05.314, 2483 MHz, 0x0000000000000000, 73, 40.42 W
2026/09/15 13:48:06.315, 2483 MHz, 0x0000000000000000, 73, 40.50 W
2026/09/15 13:48:07.316, 2483 MHz, 0x0000000000000000, 73, 40.36 W
2026/09/15 13:48:08.316, 2483 MHz, 0x0000000000000000, 72, 40.34 W
2026/09/15 13:48:09.317, 2411 MHz, 0x0000000000000000, 67, 18.46 W
2026/09/15 13:48:10.317, 2411 MHz, 0x0000000000000000, 67, 14.89 W
2026/09/15 13:48:11.318, 2502 MHz, 0x0000000000000000, 71, 40.07 W
2026/09/15 13:48:12.319, 2502 MHz, 0x0000000000000000, 72, 42.07 W
2026/09/15 13:48:13.320, 2502 MHz, 0x0000000000000000, 72, 41.67 W
2026/09/15 13:48:14.320, 2502 MHz, 0x0000000000000000, 72, 41.91 W
2026/09/15 13:48:15.321, 2502 MHz, 0x0000000000000000, 72, 41.86 W
2026/09/15 13:48:16.322, 2502 MHz, 0x0000000000000000, 72, 42.00 W
2026/09/15 13:48:17.323, 2502 MHz, 0x0000000000000000, 72, 42.05 W
2026/09/15 13:48:18.323, 2502 MHz, 0x0000000000000000, 72, 42.06 W
2026/09/15 13:48:19.323, 2502 MHz, 0x0000000000000000, 72, 42.12 W
2026/09/15 13:48:20.323, 2502 MHz, 0x0000000000000000, 72, 41.62 W
2026/09/15 13:48:21.324, 2502 MHz, 0x0000000000000000, 72, 41.46 W
2026/09/15 13:48:22.325, 2502 MHz, 0x0000000000000000, 72, 41.55 W
2026/09/15 13:48:23.325, 2502 MHz, 0x0000000000000000, 72, 41.69 W
2026/09/15 13:48:24.326, 2502 MHz, 0x0000000000000000, 72, 41.09 W
2026/09/15 13:48:25.327, 2502 MHz, 0x0000000000000000, 72, 41.58 W
2026/09/15 13:48:26.327, 2502 MHz, 0x0000000000000000, 72, 41.79 W
2026/09/15 13:48:27.328, 2502 MHz, 0x0000000000000000, 72, 41.62 W
2026/09/15 13:48:28.328, 2502 MHz, 0x0000000000000000, 72, 41.97 W
2026/09/15 13:48:29.329, 2502 MHz, 0x0000000000000000, 72, 42.00 W
2026/09/15 13:48:30.330, 2502 MHz, 0x0000000000000000, 72, 41.77 W
2026/09/15 13:48:31.330, 2502 MHz, 0x0000000000000000, 72, 41.90 W
2026/09/15 13:48:32.331, 2502 MHz, 0x0000000000000000, 72, 41.71 W
2026/09/15 13:48:33.332, 2502 MHz, 0x0000000000000000, 72, 41.78 W
2026/09/15 13:48:34.332, 2502 MHz, 0x0000000000000000, 72, 41.77 W
2026/09/15 13:48:35.333, 2502 MHz, 0x0000000000000000, 71, 41.60 W
2026/09/15 13:48:36.333, 2502 MHz, 0x0000000000000000, 72, 41.39 W
2026/09/15 13:48:37.334, 2502 MHz, 0x0000000000000000, 72, 41.68 W
2026/09/15 13:48:38.334, 2502 MHz, 0x0000000000000000, 71, 41.55 W
2026/09/15 13:48:39.334, 2502 MHz, 0x0000000000000000, 71, 41.75 W
2026/09/15 13:48:40.335, 2502 MHz, 0x0000000000000000, 72, 41.76 W
2026/09/15 13:48:41.336, 2502 MHz, 0x0000000000000000, 71, 41.80 W
2026/09/15 13:48:42.336, 2502 MHz, 0x0000000000000000, 71, 41.55 W
2026/09/15 13:48:43.337, 2502 MHz, 0x0000000000000000, 71, 41.58 W
2026/09/15 13:48:44.337, 2502 MHz, 0x0000000000000000, 71, 41.68 W
2026/09/15 13:48:45.338, 2502 MHz, 0x0000000000000000, 71, 41.87 W
2026/09/15 13:48:46.338, 2463 MHz, 0x0000000000000000, 67, 34.97 W
2026/09/15 13:48:47.339, 2411 MHz, 0x0000000000000000, 66, 14.67 W
2026/09/15 13:48:48.339, 2476 MHz, 0x0000000000000000, 69, 23.28 W
2026/09/15 13:48:49.340, 2502 MHz, 0x0000000000000000, 70, 42.74 W
2026/09/15 13:48:50.341, 2502 MHz, 0x0000000000000000, 71, 43.33 W
2026/09/15 13:48:51.341, 2502 MHz, 0x0000000000000000, 71, 43.05 W
2026/09/15 13:48:52.342, 2502 MHz, 0x0000000000000000, 71, 43.31 W
2026/09/15 13:48:53.343, 2502 MHz, 0x0000000000000000, 71, 43.42 W
2026/09/15 13:48:54.344, 2502 MHz, 0x0000000000000000, 71, 43.75 W
2026/09/15 13:48:55.345, 2502 MHz, 0x0000000000000000, 71, 43.93 W
2026/09/15 13:48:56.345, 2502 MHz, 0x0000000000000000, 71, 43.86 W
2026/09/15 13:48:57.346, 2502 MHz, 0x0000000000000000, 71, 43.37 W
2026/09/15 13:48:58.346, 2502 MHz, 0x0000000000000000, 71, 43.44 W
2026/09/15 13:48:59.347, 2502 MHz, 0x0000000000000000, 72, 44.10 W
2026/09/15 13:49:00.347, 2502 MHz, 0x0000000000000000, 72, 44.06 W
2026/09/15 13:49:01.348, 2502 MHz, 0x0000000000000000, 72, 43.47 W
2026/09/15 13:49:02.348, 2502 MHz, 0x0000000000000000, 72, 43.29 W
2026/09/15 13:49:03.348, 2502 MHz, 0x0000000000000000, 72, 42.71 W
2026/09/15 13:49:04.348, 2502 MHz, 0x0000000000000000, 72, 43.00 W
2026/09/15 13:49:05.349, 2502 MHz, 0x0000000000000000, 71, 43.48 W
2026/09/15 13:49:06.349, 2502 MHz, 0x0000000000000000, 72, 43.79 W
2026/09/15 13:49:07.350, 2502 MHz, 0x0000000000000000, 72, 42.93 W
2026/09/15 13:49:08.350, 2502 MHz, 0x0000000000000000, 71, 42.79 W
2026/09/15 13:49:09.350, 2502 MHz, 0x0000000000000000, 72, 42.92 W
2026/09/15 13:49:10.350, 2502 MHz, 0x0000000000000000, 72, 41.92 W
2026/09/15 13:49:11.351, 2502 MHz, 0x0000000000000000, 72, 42.91 W
2026/09/15 13:49:12.351, 2502 MHz, 0x0000000000000000, 72, 42.77 W
2026/09/15 13:49:13.352, 2502 MHz, 0x0000000000000000, 71, 43.25 W
2026/09/15 13:49:14.352, 2502 MHz, 0x0000000000000000, 72, 43.17 W
2026/09/15 13:49:15.353, 2502 MHz, 0x0000000000000000, 72, 43.65 W
2026/09/15 13:49:16.353, 2502 MHz, 0x0000000000000000, 72, 43.74 W
2026/09/15 13:49:17.354, 2502 MHz, 0x0000000000000000, 72, 43.35 W
2026/09/15 13:49:18.354, 2502 MHz, 0x0000000000000000, 72, 43.49 W
2026/09/15 13:49:19.354, 2502 MHz, 0x0000000000000000, 72, 44.22 W
2026/09/15 13:49:20.354, 2502 MHz, 0x0000000000000000, 72, 43.90 W
2026/09/15 13:49:21.355, 2502 MHz, 0x0000000000000000, 72, 44.05 W
2026/09/15 13:49:22.355, 2502 MHz, 0x0000000000000000, 72, 43.26 W
2026/09/15 13:49:23.355, 2502 MHz, 0x0000000000000000, 72, 42.85 W
2026/09/15 13:49:24.356, 2411 MHz, 0x0000000000000000, 67, 25.33 W
2026/09/15 13:49:25.356, 2411 MHz, 0x0000000000000000, 66, 14.98 W
2026/09/15 13:49:26.356, 2424 MHz, 0x0000000000000000, 75, 47.55 W
2026/09/15 13:49:27.357, 2476 MHz, 0x0000000000000000, 75, 57.44 W
2026/09/15 13:49:28.357, 2470 MHz, 0x0000000000000000, 76, 48.05 W
2026/09/15 13:49:29.357, 2476 MHz, 0x0000000000000000, 75, 58.11 W
2026/09/15 13:49:30.358, 2476 MHz, 0x0000000000000000, 74, 59.51 W
2026/09/15 13:49:31.359, 2476 MHz, 0x0000000000000000, 72, 55.02 W
2026/09/15 13:49:32.359, 2483 MHz, 0x0000000000000000, 72, 42.49 W
2026/09/15 13:49:33.359, 2483 MHz, 0x0000000000000000, 72, 42.56 W
2026/09/15 13:49:34.359, 2483 MHz, 0x0000000000000000, 72, 42.34 W
2026/09/15 13:49:35.359, 2483 MHz, 0x0000000000000000, 72, 42.55 W
2026/09/15 13:49:36.360, 2502 MHz, 0x0000000000000000, 72, 41.87 W
2026/09/15 13:49:37.360, 2502 MHz, 0x0000000000000000, 72, 41.99 W
2026/09/15 13:49:38.361, 2502 MHz, 0x0000000000000000, 71, 40.86 W
2026/09/15 13:49:39.361, 2502 MHz, 0x0000000000000000, 71, 41.18 W
2026/09/15 13:49:40.361, 2502 MHz, 0x0000000000000000, 71, 41.67 W
2026/09/15 13:49:41.361, 2502 MHz, 0x0000000000000000, 71, 41.55 W
2026/09/15 13:49:42.361, 2502 MHz, 0x0000000000000000, 71, 41.40 W
2026/09/15 13:49:43.362, 2502 MHz, 0x0000000000000000, 72, 41.80 W
2026/09/15 13:49:44.362, 2502 MHz, 0x0000000000000000, 72, 41.57 W
2026/09/15 13:49:45.362, 2502 MHz, 0x0000000000000000, 71, 41.37 W
2026/09/15 13:49:46.363, 2502 MHz, 0x0000000000000000, 71, 41.70 W
2026/09/15 13:49:47.363, 2502 MHz, 0x0000000000000000, 71, 41.67 W
2026/09/15 13:49:48.364, 2502 MHz, 0x0000000000000000, 71, 41.87 W
2026/09/15 13:49:49.365, 2502 MHz, 0x0000000000000000, 71, 41.86 W
2026/09/15 13:49:50.365, 2502 MHz, 0x0000000000000000, 71, 41.86 W
2026/09/15 13:49:51.365, 2502 MHz, 0x0000000000000000, 71, 42.17 W
2026/09/15 13:49:52.365, 2502 MHz, 0x0000000000000000, 71, 41.84 W
2026/09/15 13:49:53.366, 2502 MHz, 0x0000000000000000, 71, 41.60 W
2026/09/15 13:49:54.366, 2502 MHz, 0x0000000000000000, 71, 42.08 W
2026/09/15 13:49:55.367, 2502 MHz, 0x0000000000000000, 71, 41.81 W
2026/09/15 13:49:56.367, 2502 MHz, 0x0000000000000000, 71, 41.60 W
2026/09/15 13:49:57.368, 2502 MHz, 0x0000000000000000, 71, 41.75 W
2026/09/15 13:49:58.368, 2502 MHz, 0x0000000000000000, 71, 41.59 W
2026/09/15 13:49:59.369, 2502 MHz, 0x0000000000000000, 71, 41.69 W
2026/09/15 13:50:00.369, 2502 MHz, 0x0000000000000000, 71, 41.63 W
2026/09/15 13:50:01.370, 2502 MHz, 0x0000000000000000, 71, 41.91 W
2026/09/15 13:50:02.371, 2502 MHz, 0x0000000000000000, 71, 41.94 W
2026/09/15 13:50:03.371, 2502 MHz, 0x0000000000000000, 71, 42.07 W
2026/09/15 13:50:04.372, 2502 MHz, 0x0000000000000000, 71, 41.81 W
2026/09/15 13:50:05.373, 2411 MHz, 0x0000000000000000, 66, 14.83 W
2026/09/15 13:50:06.374, 2411 MHz, 0x0000000000000000, 65, 15.99 W
2026/09/15 13:50:07.374, 2470 MHz, 0x0000000000000000, 73, 59.80 W
2026/09/15 13:50:08.375, 2431 MHz, 0x0000000000000000, 66, 45.04 W
2026/09/15 13:50:09.375, 2470 MHz, 0x0000000000000000, 72, 59.82 W
2026/09/15 13:50:10.376, 2470 MHz, 0x0000000000000000, 75, 60.21 W
2026/09/15 13:50:11.376, 2470 MHz, 0x0000000000000000, 74, 59.73 W
2026/09/15 13:50:12.377, 2470 MHz, 0x0000000000000000, 75, 60.43 W
2026/09/15 13:50:13.377, 2476 MHz, 0x0000000000000000, 75, 59.84 W
2026/09/15 13:50:14.377, 2470 MHz, 0x0000000000000000, 73, 59.68 W
2026/09/15 13:50:15.378, 2476 MHz, 0x0000000000000000, 72, 55.37 W
2026/09/15 13:50:16.378, 2483 MHz, 0x0000000000000000, 72, 44.42 W
2026/09/15 13:50:17.379, 2483 MHz, 0x0000000000000000, 72, 43.90 W
2026/09/15 13:50:18.379, 2483 MHz, 0x0000000000000000, 72, 43.53 W
2026/09/15 13:50:19.380, 2483 MHz, 0x0000000000000000, 72, 43.91 W
2026/09/15 13:50:20.381, 2483 MHz, 0x0000000000000000, 72, 43.75 W
2026/09/15 13:50:21.382, 2483 MHz, 0x0000000000000000, 71, 44.05 W
2026/09/15 13:50:22.382, 2483 MHz, 0x0000000000000000, 72, 44.22 W
2026/09/15 13:50:23.383, 2496 MHz, 0x0000000000000000, 72, 44.08 W
2026/09/15 13:50:24.383, 2502 MHz, 0x0000000000000000, 72, 44.38 W
2026/09/15 13:50:25.384, 2502 MHz, 0x0000000000000000, 72, 44.58 W
2026/09/15 13:50:26.385, 2502 MHz, 0x0000000000000000, 72, 43.94 W
2026/09/15 13:50:27.386, 2502 MHz, 0x0000000000000000, 72, 44.19 W
2026/09/15 13:50:28.386, 2502 MHz, 0x0000000000000000, 72, 44.43 W
2026/09/15 13:50:29.387, 2502 MHz, 0x0000000000000000, 71, 44.55 W
2026/09/15 13:50:30.388, 2502 MHz, 0x0000000000000000, 72, 44.40 W
2026/09/15 13:50:31.389, 2502 MHz, 0x0000000000000000, 72, 44.55 W
2026/09/15 13:50:32.389, 2502 MHz, 0x0000000000000000, 72, 44.43 W
2026/09/15 13:50:33.390, 2502 MHz, 0x0000000000000000, 72, 44.63 W
2026/09/15 13:50:34.391, 2502 MHz, 0x0000000000000000, 71, 44.15 W
2026/09/15 13:50:35.392, 2502 MHz, 0x0000000000000000, 72, 44.31 W
2026/09/15 13:50:36.392, 2502 MHz, 0x0000000000000000, 71, 44.12 W
2026/09/15 13:50:37.392, 2502 MHz, 0x0000000000000000, 71, 44.07 W
2026/09/15 13:50:38.392, 2502 MHz, 0x0000000000000000, 71, 44.15 W
2026/09/15 13:50:39.393, 2502 MHz, 0x0000000000000000, 71, 44.37 W
2026/09/15 13:50:40.394, 2502 MHz, 0x0000000000000000, 71, 44.15 W
2026/09/15 13:50:41.394, 2502 MHz, 0x0000000000000000, 71, 44.10 W
2026/09/15 13:50:42.394, 2502 MHz, 0x0000000000000000, 72, 44.17 W
2026/09/15 13:50:43.395, 2502 MHz, 0x0000000000000000, 71, 44.09 W
2026/09/15 13:50:44.395, 2502 MHz, 0x0000000000000000, 71, 44.03 W
2026/09/15 13:50:45.395, 2502 MHz, 0x0000000000000000, 71, 44.16 W
2026/09/15 13:50:46.396, 2502 MHz, 0x0000000000000000, 71, 44.07 W
2026/09/15 13:50:47.397, 2502 MHz, 0x0000000000000000, 71, 44.03 W
2026/09/15 13:50:48.398, 2502 MHz, 0x0000000000000000, 71, 43.81 W
2026/09/15 13:50:49.398, 2463 MHz, 0x0000000000000000, 67, 35.28 W
2026/09/15 13:50:50.399, 2411 MHz, 0x0000000000000000, 65, 14.55 W
2026/09/15 13:50:51.399, 2457 MHz, 0x0000000000000000, 73, 30.87 W
2026/09/15 13:50:52.400, 2476 MHz, 0x0000000000000000, 73, 59.76 W
2026/09/15 13:50:53.400, 2470 MHz, 0x0000000000000000, 75, 58.05 W
2026/09/15 13:50:54.400, 2470 MHz, 0x0000000000000000, 76, 59.85 W
2026/09/15 13:50:55.401, 2470 MHz, 0x0000000000000000, 74, 59.74 W
2026/09/15 13:50:56.402, 2502 MHz, 0x0000000000000000, 71, 43.57 W
2026/09/15 13:50:57.402, 2502 MHz, 0x0000000000000000, 71, 42.31 W
2026/09/15 13:50:58.403, 2502 MHz, 0x0000000000000000, 71, 42.08 W
2026/09/15 13:50:59.404, 2502 MHz, 0x0000000000000000, 71, 41.80 W
2026/09/15 13:51:00.405, 2502 MHz, 0x0000000000000000, 71, 42.13 W
2026/09/15 13:51:01.405, 2502 MHz, 0x0000000000000000, 71, 42.29 W
2026/09/15 13:51:02.406, 2502 MHz, 0x0000000000000000, 71, 42.00 W
2026/09/15 13:51:03.407, 2502 MHz, 0x0000000000000000, 71, 41.86 W
2026/09/15 13:51:04.408, 2502 MHz, 0x0000000000000000, 70, 41.34 W
2026/09/15 13:51:05.409, 2502 MHz, 0x0000000000000000, 70, 42.04 W
2026/09/15 13:51:06.410, 2502 MHz, 0x0000000000000000, 71, 42.25 W
2026/09/15 13:51:07.411, 2502 MHz, 0x0000000000000000, 71, 42.25 W
2026/09/15 13:51:08.412, 2502 MHz, 0x0000000000000000, 70, 42.24 W
2026/09/15 13:51:09.412, 2502 MHz, 0x0000000000000000, 70, 42.12 W
2026/09/15 13:51:10.413, 2502 MHz, 0x0000000000000000, 70, 42.14 W
2026/09/15 13:51:11.414, 2502 MHz, 0x0000000000000000, 70, 42.13 W
2026/09/15 13:51:12.414, 2502 MHz, 0x0000000000000000, 70, 42.08 W
2026/09/15 13:51:13.415, 2502 MHz, 0x0000000000000000, 70, 41.75 W
2026/09/15 13:51:14.415, 2502 MHz, 0x0000000000000000, 70, 41.99 W
2026/09/15 13:51:15.416, 2502 MHz, 0x0000000000000000, 70, 42.23 W
2026/09/15 13:51:16.416, 2502 MHz, 0x0000000000000000, 70, 42.15 W
2026/09/15 13:51:17.417, 2502 MHz, 0x0000000000000000, 70, 41.76 W
2026/09/15 13:51:18.417, 2502 MHz, 0x0000000000000000, 70, 42.05 W
2026/09/15 13:51:19.417, 2502 MHz, 0x0000000000000000, 70, 42.24 W
2026/09/15 13:51:20.417, 2502 MHz, 0x0000000000000000, 70, 42.12 W
2026/09/15 13:51:21.418, 2502 MHz, 0x0000000000000000, 70, 41.88 W
2026/09/15 13:51:22.419, 2502 MHz, 0x0000000000000000, 70, 41.82 W
2026/09/15 13:51:23.420, 2502 MHz, 0x0000000000000000, 70, 41.57 W
2026/09/15 13:51:24.420, 2502 MHz, 0x0000000000000000, 70, 41.12 W
2026/09/15 13:51:25.421, 2502 MHz, 0x0000000000000000, 70, 41.08 W
2026/09/15 13:51:26.422, 2502 MHz, 0x0000000000000000, 70, 41.21 W
2026/09/15 13:51:27.422, 2502 MHz, 0x0000000000000000, 70, 41.45 W
2026/09/15 13:51:28.422, 2502 MHz, 0x0000000000000000, 70, 41.15 W
2026/09/15 13:51:29.423, 2502 MHz, 0x0000000000000000, 66, 37.08 W
2026/09/15 13:51:30.424, 2411 MHz, 0x0000000000000000, 65, 14.41 W
2026/09/15 13:51:31.424, 2411 MHz, 0x0000000000000000, 71, 23.08 W
2026/09/15 13:51:32.424, 2470 MHz, 0x0000000000000000, 72, 60.12 W
2026/09/15 13:51:33.425, 2470 MHz, 0x0000000000000000, 74, 56.97 W
2026/09/15 13:51:34.425, 2470 MHz, 0x0000000000000000, 74, 59.03 W
2026/09/15 13:51:35.425, 2470 MHz, 0x0000000000000000, 73, 61.26 W
2026/09/15 13:51:36.425, 2470 MHz, 0x0000000000000000, 76, 64.59 W
2026/09/15 13:51:37.426, 2470 MHz, 0x0000000000000000, 75, 61.93 W
2026/09/15 13:51:38.426, 2470 MHz, 0x0000000000000000, 72, 56.60 W
2026/09/15 13:51:39.427, 2496 MHz, 0x0000000000000000, 71, 44.02 W
2026/09/15 13:51:40.427, 2502 MHz, 0x0000000000000000, 71, 43.87 W
2026/09/15 13:51:41.428, 2502 MHz, 0x0000000000000000, 71, 43.69 W
2026/09/15 13:51:42.428, 2502 MHz, 0x0000000000000000, 71, 43.69 W
2026/09/15 13:51:43.429, 2502 MHz, 0x0000000000000000, 71, 44.05 W
2026/09/15 13:51:44.429, 2502 MHz, 0x0000000000000000, 71, 43.94 W
2026/09/15 13:51:45.430, 2502 MHz, 0x0000000000000000, 71, 43.80 W
2026/09/15 13:51:46.430, 2502 MHz, 0x0000000000000000, 71, 43.89 W
2026/09/15 13:51:47.431, 2502 MHz, 0x0000000000000000, 71, 43.94 W
2026/09/15 13:51:48.431, 2502 MHz, 0x0000000000000000, 71, 43.89 W
2026/09/15 13:51:49.432, 2502 MHz, 0x0000000000000000, 71, 44.10 W
2026/09/15 13:51:50.432, 2502 MHz, 0x0000000000000000, 71, 43.60 W
2026/09/15 13:51:51.433, 2502 MHz, 0x0000000000000000, 71, 42.95 W
2026/09/15 13:51:52.434, 2502 MHz, 0x0000000000000000, 71, 43.56 W
2026/09/15 13:51:53.435, 2502 MHz, 0x0000000000000000, 71, 44.23 W
2026/09/15 13:51:54.435, 2502 MHz, 0x0000000000000000, 71, 44.54 W
2026/09/15 13:51:55.436, 2502 MHz, 0x0000000000000000, 71, 44.41 W
2026/09/15 13:51:56.436, 2502 MHz, 0x0000000000000000, 71, 44.38 W
2026/09/15 13:51:57.436, 2502 MHz, 0x0000000000000000, 71, 44.37 W
2026/09/15 13:51:58.437, 2502 MHz, 0x0000000000000000, 71, 44.26 W
2026/09/15 13:51:59.438, 2502 MHz, 0x0000000000000000, 71, 44.36 W
2026/09/15 13:52:00.438, 2502 MHz, 0x0000000000000000, 71, 44.25 W
2026/09/15 13:52:01.439, 2502 MHz, 0x0000000000000000, 71, 44.10 W
2026/09/15 13:52:02.439, 2502 MHz, 0x0000000000000000, 71, 44.09 W
2026/09/15 13:52:03.440, 2502 MHz, 0x0000000000000000, 71, 44.16 W
2026/09/15 13:52:04.440, 2502 MHz, 0x0000000000000000, 71, 44.10 W
2026/09/15 13:52:05.441, 2502 MHz, 0x0000000000000000, 71, 44.38 W
2026/09/15 13:52:06.441, 2502 MHz, 0x0000000000000000, 71, 44.13 W
2026/09/15 13:52:07.442, 2502 MHz, 0x0000000000000000, 71, 44.14 W
2026/09/15 13:52:08.443, 2502 MHz, 0x0000000000000000, 71, 44.16 W
2026/09/15 13:52:09.443, 2502 MHz, 0x0000000000000000, 71, 43.99 W
2026/09/15 13:52:10.444, 2502 MHz, 0x0000000000000000, 71, 44.29 W
2026/09/15 13:52:11.445, 2502 MHz, 0x0000000000000000, 71, 43.99 W
2026/09/15 13:52:12.445, 2411 MHz, 0x0000000000000000, 65, 17.93 W
2026/09/15 13:52:13.446, 2411 MHz, 0x0000000000000000, 64, 14.37 W
2026/09/15 13:52:14.446, 2470 MHz, 0x0000000000000000, 73, 59.73 W
2026/09/15 13:52:15.446, 2470 MHz, 0x0000000000000000, 69, 57.77 W
2026/09/15 13:52:16.446, 2470 MHz, 0x0000000000000000, 74, 58.08 W
2026/09/15 13:52:17.447, 2470 MHz, 0x0000000000000000, 73, 61.82 W
2026/09/15 13:52:18.447, 2470 MHz, 0x0000000000000000, 74, 66.04 W
2026/09/15 13:52:19.448, 2470 MHz, 0x0000000000000000, 71, 57.40 W
2026/09/15 13:52:20.448, 2502 MHz, 0x0000000000000000, 71, 42.51 W
2026/09/15 13:52:21.449, 2502 MHz, 0x0000000000000000, 71, 42.06 W
2026/09/15 13:52:22.450, 2502 MHz, 0x0000000000000000, 71, 42.16 W
2026/09/15 13:52:23.450, 2502 MHz, 0x0000000000000000, 70, 42.21 W
2026/09/15 13:52:24.451, 2502 MHz, 0x0000000000000000, 70, 42.12 W
2026/09/15 13:52:25.452, 2502 MHz, 0x0000000000000000, 70, 42.19 W
2026/09/15 13:52:26.453, 2502 MHz, 0x0000000000000000, 70, 42.37 W
2026/09/15 13:52:27.453, 2502 MHz, 0x0000000000000000, 70, 42.54 W
2026/09/15 13:52:28.454, 2502 MHz, 0x0000000000000000, 70, 42.48 W
2026/09/15 13:52:29.454, 2502 MHz, 0x0000000000000000, 70, 42.46 W
2026/09/15 13:52:30.455, 2502 MHz, 0x0000000000000000, 70, 42.21 W
2026/09/15 13:52:31.455, 2502 MHz, 0x0000000000000000, 70, 42.35 W
2026/09/15 13:52:32.456, 2502 MHz, 0x0000000000000000, 70, 42.12 W
2026/09/15 13:52:33.457, 2502 MHz, 0x0000000000000000, 70, 42.43 W
2026/09/15 13:52:34.457, 2502 MHz, 0x0000000000000000, 70, 42.48 W
2026/09/15 13:52:35.458, 2502 MHz, 0x0000000000000000, 70, 41.21 W
2026/09/15 13:52:36.458, 2502 MHz, 0x0000000000000000, 70, 41.34 W
2026/09/15 13:52:37.459, 2502 MHz, 0x0000000000000000, 70, 42.34 W
2026/09/15 13:52:38.459, 2502 MHz, 0x0000000000000000, 70, 42.16 W
2026/09/15 13:52:39.460, 2502 MHz, 0x0000000000000000, 70, 42.41 W
2026/09/15 13:52:40.461, 2502 MHz, 0x0000000000000000, 70, 42.43 W
2026/09/15 13:52:41.461, 2502 MHz, 0x0000000000000000, 70, 42.19 W
2026/09/15 13:52:42.462, 2502 MHz, 0x0000000000000000, 70, 41.89 W
2026/09/15 13:52:43.462, 2502 MHz, 0x0000000000000000, 70, 41.73 W
2026/09/15 13:52:44.463, 2502 MHz, 0x0000000000000000, 70, 41.60 W
2026/09/15 13:52:45.463, 2502 MHz, 0x0000000000000000, 70, 41.36 W
2026/09/15 13:52:46.464, 2502 MHz, 0x0000000000000000, 70, 41.52 W
2026/09/15 13:52:47.464, 2502 MHz, 0x0000000000000000, 70, 41.83 W
2026/09/15 13:52:48.465, 2502 MHz, 0x0000000000000000, 70, 41.36 W
2026/09/15 13:52:49.465, 2502 MHz, 0x0000000000000000, 70, 41.40 W
2026/09/15 13:52:50.466, 2502 MHz, 0x0000000000000000, 70, 41.44 W
2026/09/15 13:52:51.466, 2502 MHz, 0x0000000000000000, 70, 41.36 W
2026/09/15 13:52:52.466, 2502 MHz, 0x0000000000000000, 70, 41.48 W
2026/09/15 13:52:53.467, 2489 MHz, 0x0000000000000000, 66, 34.94 W
2026/09/15 13:52:54.468, 2411 MHz, 0x0000000000000000, 64, 14.41 W
2026/09/15 13:52:55.468, 2411 MHz, 0x0000000000000000, 72, 25.57 W
2026/09/15 13:52:56.468, 2470 MHz, 0x0000000000000000, 73, 63.67 W
2026/09/15 13:52:57.469, 2431 MHz, 0x0000000000000000, 72, 52.68 W
2026/09/15 13:52:58.469, 2470 MHz, 0x0000000000000000, 75, 63.65 W
2026/09/15 13:52:59.469, 2470 MHz, 0x0000000000000000, 73, 63.81 W
2026/09/15 13:53:00.469, 2470 MHz, 0x0000000000000000, 75, 63.62 W
2026/09/15 13:53:01.470, 2470 MHz, 0x0000000000000000, 75, 64.39 W
2026/09/15 13:53:02.470, 2470 MHz, 0x0000000000000000, 76, 63.37 W
2026/09/15 13:53:03.470, 2470 MHz, 0x0000000000000000, 76, 64.54 W
2026/09/15 13:53:04.471, 2470 MHz, 0x0000000000000000, 75, 63.22 W
2026/09/15 13:53:05.471, 2483 MHz, 0x0000000000000000, 72, 47.39 W
2026/09/15 13:53:06.472, 2502 MHz, 0x0000000000000000, 72, 44.80 W
2026/09/15 13:53:07.472, 2502 MHz, 0x0000000000000000, 72, 44.69 W
2026/09/15 13:53:08.472, 2502 MHz, 0x0000000000000000, 72, 44.86 W
2026/09/15 13:53:09.473, 2502 MHz, 0x0000000000000000, 72, 44.85 W
2026/09/15 13:53:10.474, 2502 MHz, 0x0000000000000000, 72, 44.87 W
2026/09/15 13:53:11.474, 2502 MHz, 0x0000000000000000, 72, 45.16 W
2026/09/15 13:53:12.475, 2502 MHz, 0x0000000000000000, 72, 45.16 W
2026/09/15 13:53:13.475, 2502 MHz, 0x0000000000000000, 72, 45.01 W
2026/09/15 13:53:14.476, 2502 MHz, 0x0000000000000000, 72, 45.09 W
2026/09/15 13:53:15.476, 2502 MHz, 0x0000000000000000, 72, 45.29 W
2026/09/15 13:53:16.477, 2502 MHz, 0x0000000000000000, 72, 45.04 W
2026/09/15 13:53:17.477, 2502 MHz, 0x0000000000000000, 72, 45.14 W
2026/09/15 13:53:18.478, 2502 MHz, 0x0000000000000000, 72, 45.56 W
2026/09/15 13:53:19.479, 2502 MHz, 0x0000000000000000, 72, 45.34 W
2026/09/15 13:53:20.479, 2502 MHz, 0x0000000000000000, 72, 44.83 W
2026/09/15 13:53:21.480, 2502 MHz, 0x0000000000000000, 72, 44.86 W
2026/09/15 13:53:22.481, 2502 MHz, 0x0000000000000000, 72, 44.85 W
2026/09/15 13:53:23.481, 2483 MHz, 0x0000000000000000, 72, 44.92 W
2026/09/15 13:53:24.482, 2483 MHz, 0x0000000000000000, 72, 45.00 W
2026/09/15 13:53:25.482, 2483 MHz, 0x0000000000000000, 72, 44.82 W
2026/09/15 13:53:26.483, 2483 MHz, 0x0000000000000000, 72, 44.86 W
2026/09/15 13:53:27.484, 2483 MHz, 0x0000000000000000, 73, 45.19 W
2026/09/15 13:53:28.485, 2483 MHz, 0x0000000000000000, 73, 44.97 W
2026/09/15 13:53:29.486, 2483 MHz, 0x0000000000000000, 73, 44.90 W
2026/09/15 13:53:30.486, 2483 MHz, 0x0000000000000000, 73, 45.27 W
2026/09/15 13:53:31.487, 2483 MHz, 0x0000000000000000, 73, 45.14 W
2026/09/15 13:53:32.488, 2483 MHz, 0x0000000000000000, 73, 44.84 W
2026/09/15 13:53:33.489, 2483 MHz, 0x0000000000000000, 73, 45.22 W
2026/09/15 13:53:34.490, 2483 MHz, 0x0000000000000000, 73, 45.19 W
2026/09/15 13:53:35.491, 2483 MHz, 0x0000000000000000, 73, 45.47 W
2026/09/15 13:53:36.491, 2483 MHz, 0x0000000000000000, 73, 45.35 W
2026/09/15 13:53:37.492, 2483 MHz, 0x0000000000000000, 73, 45.40 W
2026/09/15 13:53:38.493, 2411 MHz, 0x0000000000000000, 68, 31.69 W
2026/09/15 13:53:39.494, 2411 MHz, 0x0000000000000000, 67, 14.87 W
2026/09/15 13:53:40.494, 2450 MHz, 0x0000000000000000, 75, 34.09 W
2026/09/15 13:53:41.495, 2470 MHz, 0x0000000000000000, 78, 69.73 W
2026/09/15 13:53:42.496, 2470 MHz, 0x0000000000000000, 77, 70.46 W
2026/09/15 13:53:43.496, 2431 MHz, 0x0000000000000000, 76, 49.12 W
2026/09/15 13:53:44.496, 2470 MHz, 0x0000000000000000, 78, 69.05 W
2026/09/15 13:53:45.497, 2470 MHz, 0x0000000000000000, 80, 70.47 W
2026/09/15 13:53:46.498, 2470 MHz, 0x0000000000000000, 78, 69.63 W
2026/09/15 13:53:47.498, 2470 MHz, 0x0000000000000000, 81, 69.27 W
2026/09/15 13:53:48.498, 2470 MHz, 0x0000000000000000, 81, 70.44 W
2026/09/15 13:53:49.499, 2483 MHz, 0x0000000000000000, 74, 45.61 W
2026/09/15 13:53:50.500, 2483 MHz, 0x0000000000000000, 74, 43.97 W
2026/09/15 13:53:51.501, 2483 MHz, 0x0000000000000000, 74, 44.00 W
2026/09/15 13:53:52.502, 2483 MHz, 0x0000000000000000, 74, 44.06 W
2026/09/15 13:53:53.503, 2483 MHz, 0x0000000000000000, 74, 44.06 W
2026/09/15 13:53:54.503, 2483 MHz, 0x0000000000000000, 74, 44.06 W
2026/09/15 13:53:55.503, 2483 MHz, 0x0000000000000000, 74, 44.30 W
2026/09/15 13:53:56.504, 2483 MHz, 0x0000000000000000, 74, 44.21 W
2026/09/15 13:53:57.504, 2483 MHz, 0x0000000000000000, 74, 44.11 W
2026/09/15 13:53:58.505, 2483 MHz, 0x0000000000000000, 74, 44.25 W
2026/09/15 13:53:59.505, 2483 MHz, 0x0000000000000000, 74, 44.11 W
2026/09/15 13:54:00.506, 2483 MHz, 0x0000000000000000, 74, 43.63 W
2026/09/15 13:54:01.506, 2483 MHz, 0x0000000000000000, 74, 43.47 W
2026/09/15 13:54:02.506, 2483 MHz, 0x0000000000000000, 74, 43.12 W
2026/09/15 13:54:03.507, 2483 MHz, 0x0000000000000000, 74, 43.46 W
2026/09/15 13:54:04.507, 2483 MHz, 0x0000000000000000, 74, 43.39 W
2026/09/15 13:54:05.508, 2483 MHz, 0x0000000000000000, 74, 43.17 W
2026/09/15 13:54:06.509, 2483 MHz, 0x0000000000000000, 74, 43.25 W
2026/09/15 13:54:07.509, 2483 MHz, 0x0000000000000000, 74, 43.10 W
2026/09/15 13:54:08.509, 2483 MHz, 0x0000000000000000, 74, 42.98 W
2026/09/15 13:54:09.509, 2483 MHz, 0x0000000000000000, 74, 43.12 W
2026/09/15 13:54:10.510, 2483 MHz, 0x0000000000000000, 74, 43.44 W
2026/09/15 13:54:11.510, 2483 MHz, 0x0000000000000000, 74, 43.51 W
2026/09/15 13:54:12.511, 2483 MHz, 0x0000000000000000, 74, 43.49 W
2026/09/15 13:54:13.511, 2483 MHz, 0x0000000000000000, 74, 43.29 W
2026/09/15 13:54:14.512, 2483 MHz, 0x0000000000000000, 74, 43.14 W
2026/09/15 13:54:15.512, 2483 MHz, 0x0000000000000000, 74, 43.26 W
2026/09/15 13:54:16.512, 2483 MHz, 0x0000000000000000, 74, 43.10 W
2026/09/15 13:54:17.512, 2483 MHz, 0x0000000000000000, 74, 42.88 W
2026/09/15 13:54:18.513, 2483 MHz, 0x0000000000000000, 74, 43.12 W
2026/09/15 13:54:19.513, 2483 MHz, 0x0000000000000000, 74, 43.10 W
2026/09/15 13:54:20.513, 2483 MHz, 0x0000000000000000, 74, 43.25 W
2026/09/15 13:54:21.514, 2483 MHz, 0x0000000000000000, 74, 43.72 W
2026/09/15 13:54:22.515, 2411 MHz, 0x0000000000000000, 69, 21.19 W
2026/09/15 13:54:23.515, 2411 MHz, 0x0000000000000000, 68, 15.11 W
2026/09/15 13:54:24.516, 2470 MHz, 0x0000000000000000, 78, 51.12 W
2026/09/15 13:54:25.516, 2470 MHz, 0x0000000000000000, 78, 69.63 W
2026/09/15 13:54:26.517, 2463 MHz, 0x0000000000000000, 79, 70.25 W
2026/09/15 13:54:27.517, 2470 MHz, 0x0000000000000000, 79, 50.78 W
2026/09/15 13:54:28.518, 2470 MHz, 0x0000000000000000, 78, 70.08 W
2026/09/15 13:54:29.519, 2463 MHz, 0x0000000000000000, 79, 71.27 W
2026/09/15 13:54:30.519, 2457 MHz, 0x0000000000000000, 82, 69.69 W
2026/09/15 13:54:31.519, 2463 MHz, 0x0000000000000000, 79, 70.28 W
2026/09/15 13:54:32.520, 2457 MHz, 0x0000000000000000, 80, 70.62 W
2026/09/15 13:54:33.520, 2457 MHz, 0x0000000000000000, 80, 70.97 W
2026/09/15 13:54:34.521, 2450 MHz, 0x0000000000000000, 80, 70.74 W
2026/09/15 13:54:35.522, 2444 MHz, 0x0000000000000000, 83, 69.98 W
2026/09/15 13:54:36.522, 2457 MHz, 0x0000000000000000, 80, 70.43 W
2026/09/15 13:54:37.523, 2450 MHz, 0x0000000000000000, 82, 72.12 W
2026/09/15 13:54:38.523, 2483 MHz, 0x0000000000000000, 77, 51.18 W
2026/09/15 13:54:39.524, 2483 MHz, 0x0000000000000000, 77, 47.22 W
2026/09/15 13:54:40.524, 2483 MHz, 0x0000000000000000, 76, 46.44 W
2026/09/15 13:54:41.524, 2483 MHz, 0x0000000000000000, 76, 46.98 W
2026/09/15 13:54:42.525, 2483 MHz, 0x0000000000000000, 76, 46.91 W
2026/09/15 13:54:43.525, 2483 MHz, 0x0000000000000000, 76, 47.10 W
2026/09/15 13:54:44.525, 2483 MHz, 0x0000000000000000, 76, 47.41 W
2026/09/15 13:54:45.526, 2483 MHz, 0x0000000000000000, 76, 47.27 W
2026/09/15 13:54:46.526, 2483 MHz, 0x0000000000000000, 76, 47.12 W
2026/09/15 13:54:47.526, 2483 MHz, 0x0000000000000000, 76, 47.13 W
2026/09/15 13:54:48.527, 2483 MHz, 0x0000000000000000, 76, 47.36 W
2026/09/15 13:54:49.527, 2483 MHz, 0x0000000000000000, 76, 47.00 W
2026/09/15 13:54:50.528, 2483 MHz, 0x0000000000000000, 75, 46.72 W
2026/09/15 13:54:51.529, 2483 MHz, 0x0000000000000000, 75, 46.67 W
2026/09/15 13:54:52.529, 2483 MHz, 0x0000000000000000, 75, 47.28 W
2026/09/15 13:54:53.530, 2483 MHz, 0x0000000000000000, 75, 47.27 W
2026/09/15 13:54:54.530, 2483 MHz, 0x0000000000000000, 75, 47.24 W
2026/09/15 13:54:55.531, 2483 MHz, 0x0000000000000000, 75, 46.83 W
2026/09/15 13:54:56.531, 2483 MHz, 0x0000000000000000, 75, 46.85 W
2026/09/15 13:54:57.532, 2483 MHz, 0x0000000000000000, 75, 46.81 W
2026/09/15 13:54:58.532, 2483 MHz, 0x0000000000000000, 75, 46.70 W
2026/09/15 13:54:59.533, 2483 MHz, 0x0000000000000000, 74, 46.44 W
2026/09/15 13:55:00.533, 2483 MHz, 0x0000000000000000, 74, 46.23 W
2026/09/15 13:55:01.533, 2483 MHz, 0x0000000000000000, 75, 46.94 W
2026/09/15 13:55:02.534, 2483 MHz, 0x0000000000000000, 74, 46.95 W
2026/09/15 13:55:03.535, 2483 MHz, 0x0000000000000000, 74, 46.54 W
2026/09/15 13:55:04.535, 2483 MHz, 0x0000000000000000, 74, 46.51 W
2026/09/15 13:55:05.535, 2483 MHz, 0x0000000000000000, 74, 46.52 W
2026/09/15 13:55:06.536, 2483 MHz, 0x0000000000000000, 74, 46.69 W
2026/09/15 13:55:07.536, 2483 MHz, 0x0000000000000000, 74, 46.68 W
2026/09/15 13:55:08.537, 2483 MHz, 0x0000000000000000, 74, 46.61 W
2026/09/15 13:55:09.538, 2483 MHz, 0x0000000000000000, 74, 46.55 W
2026/09/15 13:55:10.538, 2483 MHz, 0x0000000000000000, 74, 46.26 W
2026/09/15 13:55:11.539, 2483 MHz, 0x0000000000000000, 74, 45.94 W
2026/09/15 13:55:12.539, 2411 MHz, 0x0000000000000000, 68, 16.47 W
2026/09/15 13:55:13.540, 2411 MHz, 0x0000000000000000, 67, 15.11 W
2026/09/15 13:55:14.540, 2411 MHz, 0x0000000000000000, 66, 14.98 W
2026/09/15 13:55:15.540, 2411 MHz, 0x0000000000000000, 66, 14.87 W
2026/09/15 13:55:16.541, 2411 MHz, 0x0000000000000000, 65, 14.61 W
2026/09/15 13:55:17.541, 2411 MHz, 0x0000000000000000, 65, 14.47 W
2026/09/15 13:55:18.541, 2411 MHz, 0x0000000000000000, 64, 14.44 W
2026/09/15 13:55:19.542, 2411 MHz, 0x0000000000000000, 64, 14.27 W
2026/09/15 13:55:20.542, 2411 MHz, 0x0000000000000000, 64, 14.23 W
2026/09/15 13:55:21.542, 2411 MHz, 0x0000000000000000, 63, 14.14 W
2026/09/15 13:55:22.543, 2411 MHz, 0x0000000000000000, 63, 14.08 W
2026/09/15 13:55:23.543, 2411 MHz, 0x0000000000000000, 62, 14.01 W
2026/09/15 13:55:24.543, 2411 MHz, 0x0000000000000000, 62, 14.03 W
2026/09/15 13:55:25.543, 2405 MHz, 0x0000000000000000, 62, 13.94 W
2026/09/15 13:55:26.543, 2398 MHz, 0x0000000000000000, 62, 13.53 W
2026/09/15 13:55:27.544, 2398 MHz, 0x0000000000000000, 62, 14.80 W
2026/09/15 13:55:28.544, 2398 MHz, 0x0000000000000000, 61, 13.98 W
2026/09/15 13:55:29.544, 2320 MHz, 0x0000000000000000, 61, 13.14 W
2026/09/15 13:55:30.545, 208 MHz, 0x0000000000000000, 60, 5.44 W
2026/09/15 13:55:31.545, 208 MHz, 0x0000000000000000, 59, 5.13 W
2026/09/15 13:55:32.546, 208 MHz, 0x0000000000000000, 59, 5.13 W
2026/09/15 13:55:33.546, 208 MHz, 0x0000000000000000, 59, 4.27 W
2026/09/15 13:55:34.547, 208 MHz, 0x0000000000000004, 58, 4.26 W
2026/09/15 13:55:35.547, 208 MHz, 0x0000000000000004, 58, 4.17 W
2026/09/15 13:55:36.548, 208 MHz, 0x0000000000000000, 58, 4.25 W
2026/09/15 13:55:37.548, 2398 MHz, 0x0000000000000000, 59, 10.29 W
2026/09/15 13:55:38.548, 2385 MHz, 0x0000000000000000, 59, 12.70 W
2026/09/15 13:55:39.549, 208 MHz, 0x0000000000000000, 58, 5.68 W
2026/09/15 13:55:40.549, 208 MHz, 0x0000000000000000, 58, 5.25 W
2026/09/15 13:55:41.550, 208 MHz, 0x0000000000000000, 58, 5.25 W
2026/09/15 13:55:42.551, 208 MHz, 0x0000000000000000, 57, 4.43 W
2026/09/15 13:55:43.551, 208 MHz, 0x0000000000000004, 57, 4.29 W
2026/09/15 13:55:44.552, 208 MHz, 0x0000000000000000, 57, 4.51 W
2026/09/15 13:55:45.552, 208 MHz, 0x0000000000000000, 57, 4.36 W
2026/09/15 13:55:46.552, 208 MHz, 0x0000000000000000, 57, 4.20 W
2026/09/15 13:55:47.553, 208 MHz, 0x0000000000000004, 57, 4.27 W
2026/09/15 13:55:48.553, 208 MHz, 0x0000000000000000, 57, 4.28 W
2026/09/15 13:55:49.554, 208 MHz, 0x0000000000000004, 57, 4.25 W
2026/09/15 13:55:50.554, 208 MHz, 0x0000000000000000, 57, 4.44 W
2026/09/15 13:55:51.554, 208 MHz, 0x0000000000000004, 57, 4.43 W
2026/09/15 13:55:52.554, 208 MHz, 0x0000000000000000, 57, 4.26 W
2026/09/15 13:55:53.554, 208 MHz, 0x0000000000000004, 57, 4.26 W
2026/09/15 13:55:54.555, 208 MHz, 0x0000000000000000, 57, 4.34 W
2026/09/15 13:55:55.555, 208 MHz, 0x0000000000000004, 57, 4.29 W
2026/09/15 13:55:56.555, 208 MHz, 0x0000000000000000, 56, 4.38 W
2026/09/15 13:55:57.556, 208 MHz, 0x0000000000000004, 56, 4.42 W
2026/09/15 13:55:58.557, 208 MHz, 0x0000000000000000, 56, 4.14 W
2026/09/15 13:55:59.558, 208 MHz, 0x0000000000000004, 56, 4.01 W
2026/09/15 13:56:00.559, 208 MHz, 0x0000000000000000, 56, 4.02 W
2026/09/15 13:56:01.559, 208 MHz, 0x0000000000000004, 56, 4.09 W
2026/09/15 13:56:02.560, 208 MHz, 0x0000000000000000, 56, 4.04 W
2026/09/15 13:56:03.561, 208 MHz, 0x0000000000000004, 56, 4.00 W
2026/09/15 13:56:04.561, 208 MHz, 0x0000000000000000, 56, 4.04 W
2026/09/15 13:56:05.562, 208 MHz, 0x0000000000000004, 56, 4.03 W
2026/09/15 13:56:06.563, 208 MHz, 0x0000000000000000, 55, 4.01 W
2026/09/15 13:56:07.564, 208 MHz, 0x0000000000000004, 55, 3.97 W
2026/09/15 13:56:08.565, 208 MHz, 0x0000000000000000, 55, 3.94 W
2026/09/15 13:56:09.566, 208 MHz, 0x0000000000000004, 55, 3.94 W
2026/09/15 13:56:10.566, 208 MHz, 0x0000000000000000, 55, 3.94 W
2026/09/15 13:56:11.567, 208 MHz, 0x0000000000000004, 55, 3.96 W
2026/09/15 13:56:12.567, 208 MHz, 0x0000000000000000, 55, 3.89 W
2026/09/15 13:56:13.568, 208 MHz, 0x0000000000000004, 55, 3.89 W
2026/09/15 13:56:14.569, 208 MHz, 0x0000000000000000, 55, 3.94 W
2026/09/15 13:56:15.569, 208 MHz, 0x0000000000000004, 55, 4.00 W
2026/09/15 13:56:16.570, 2158 MHz, 0x0000000000000000, 56, 5.92 W
2026/09/15 13:56:17.570, 2405 MHz, 0x0000000000000000, 56, 12.64 W
2026/09/15 13:56:18.570, 2418 MHz, 0x0000000000000000, 56, 12.57 W
2026/09/15 13:56:19.570, 2405 MHz, 0x0000000000000000, 56, 12.47 W
2026/09/15 13:56:20.571, 2398 MHz, 0x0000000000000000, 56, 12.52 W
2026/09/15 13:56:21.571, 2405 MHz, 0x0000000000000000, 56, 12.64 W
2026/09/15 13:56:22.572, 2411 MHz, 0x0000000000000000, 56, 12.95 W
2026/09/15 13:56:23.572, 2405 MHz, 0x0000000000000000, 56, 12.72 W
2026/09/15 13:56:24.572, 2398 MHz, 0x0000000000000000, 56, 12.66 W
2026/09/15 13:56:25.572, 2405 MHz, 0x0000000000000000, 56, 12.62 W
2026/09/15 13:56:26.572, 2398 MHz, 0x0000000000000000, 56, 12.52 W
2026/09/15 13:56:27.573, 2483 MHz, 0x0000000000000000, 57, 16.75 W
2026/09/15 13:56:28.573, 2483 MHz, 0x0000000000000000, 58, 18.30 W
2026/09/15 13:56:29.574, 2522 MHz, 0x0000000000000000, 59, 22.19 W
2026/09/15 13:56:30.574, 2522 MHz, 0x0000000000000000, 59, 19.27 W
2026/09/15 13:56:31.574, 2515 MHz, 0x0000000000000000, 60, 21.82 W
2026/09/15 13:56:32.574, 2444 MHz, 0x0000000000000000, 59, 19.45 W
2026/09/15 13:56:33.574, 2522 MHz, 0x0000000000000000, 60, 22.27 W
2026/09/15 13:56:34.575, 2522 MHz, 0x0000000000000000, 61, 23.05 W
2026/09/15 13:56:35.575, 2522 MHz, 0x0000000000000000, 61, 22.76 W
2026/09/15 13:56:36.576, 2522 MHz, 0x0000000000000000, 61, 23.01 W
2026/09/15 13:56:37.576, 2522 MHz, 0x0000000000000000, 61, 23.02 W
2026/09/15 13:56:38.576, 2522 MHz, 0x0000000000000000, 62, 23.24 W
2026/09/15 13:56:39.576, 2522 MHz, 0x0000000000000000, 62, 22.78 W
2026/09/15 13:56:40.577, 2476 MHz, 0x0000000000000000, 61, 19.71 W
2026/09/15 13:56:41.577, 2437 MHz, 0x0000000000000000, 61, 19.43 W
2026/09/15 13:56:42.578, 2450 MHz, 0x0000000000000000, 61, 17.25 W
2026/09/15 13:56:43.578, 2457 MHz, 0x0000000000000000, 61, 16.59 W
2026/09/15 13:56:44.578, 2457 MHz, 0x0000000000000000, 61, 16.58 W
2026/09/15 13:56:45.578, 2450 MHz, 0x0000000000000000, 61, 16.75 W
2026/09/15 13:56:46.578, 2444 MHz, 0x0000000000000000, 61, 16.34 W
2026/09/15 13:56:47.579, 2450 MHz, 0x0000000000000000, 61, 17.00 W
2026/09/15 13:56:48.579, 2444 MHz, 0x0000000000000000, 61, 16.67 W
2026/09/15 13:56:49.579, 2457 MHz, 0x0000000000000000, 61, 16.61 W
2026/09/15 13:56:50.579, 2431 MHz, 0x0000000000000000, 61, 16.19 W
2026/09/15 13:56:51.580, 2418 MHz, 0x0000000000000000, 61, 15.61 W
2026/09/15 13:56:52.580, 2431 MHz, 0x0000000000000000, 61, 16.50 W
2026/09/15 13:56:53.580, 2424 MHz, 0x0000000000000000, 61, 15.41 W
2026/09/15 13:56:54.581, 2470 MHz, 0x0000000000000000, 62, 17.86 W
2026/09/15 13:56:55.581, 2470 MHz, 0x0000000000000000, 62, 17.53 W
2026/09/15 13:56:56.581, 2457 MHz, 0x0000000000000000, 62, 18.16 W
2026/09/15 13:56:57.581, 2437 MHz, 0x0000000000000000, 62, 17.74 W
2026/09/15 13:56:58.582, 2457 MHz, 0x0000000000000000, 62, 18.00 W
2026/09/15 13:56:59.582, 2457 MHz, 0x0000000000000000, 62, 18.01 W
2026/09/15 13:57:00.583, 2418 MHz, 0x0000000000000000, 62, 17.39 W
2026/09/15 13:57:01.583, 2463 MHz, 0x0000000000000000, 63, 18.51 W
2026/09/15 13:57:02.583, 2463 MHz, 0x0000000000000000, 63, 18.15 W
2026/09/15 13:57:03.583, 2476 MHz, 0x0000000000000000, 63, 17.60 W
2026/09/15 13:57:04.583, 2457 MHz, 0x0000000000000000, 63, 18.18 W
2026/09/15 13:57:05.583, 2457 MHz, 0x0000000000000000, 63, 18.37 W
2026/09/15 13:57:06.584, 2483 MHz, 0x0000000000000000, 63, 17.56 W
2026/09/15 13:57:07.584, 2444 MHz, 0x0000000000000000, 63, 17.85 W
2026/09/15 13:57:08.584, 2431 MHz, 0x0000000000000000, 62, 16.67 W
2026/09/15 13:57:09.584, 2450 MHz, 0x0000000000000000, 62, 15.94 W
2026/09/15 13:57:10.585, 2437 MHz, 0x0000000000000000, 63, 16.90 W
2026/09/15 13:57:11.585, 2444 MHz, 0x0000000000000000, 63, 16.91 W
2026/09/15 13:57:12.586, 2463 MHz, 0x0000000000000000, 63, 17.27 W
2026/09/15 13:57:13.586, 2444 MHz, 0x0000000000000000, 63, 17.31 W
2026/09/15 13:57:14.586, 2457 MHz, 0x0000000000000000, 63, 17.00 W
2026/09/15 13:57:15.586, 2437 MHz, 0x0000000000000000, 63, 17.25 W
2026/09/15 13:57:16.587, 2437 MHz, 0x0000000000000000, 63, 17.88 W
2026/09/15 13:57:17.587, 2502 MHz, 0x0000000000000000, 64, 19.83 W
2026/09/15 13:57:18.587, 2444 MHz, 0x0000000000000000, 63, 19.44 W
2026/09/15 13:57:19.588, 2431 MHz, 0x0000000000000000, 63, 16.71 W
2026/09/15 13:57:20.588, 2411 MHz, 0x0000000000000000, 63, 15.30 W
2026/09/15 13:57:21.588, 2411 MHz, 0x0000000000000000, 63, 15.30 W
2026/09/15 13:57:22.589, 2418 MHz, 0x0000000000000000, 63, 15.38 W
2026/09/15 13:57:23.589, 2411 MHz, 0x0000000000000000, 62, 18.63 W
2026/09/15 13:57:24.590, 2398 MHz, 0x0000000000000000, 62, 13.57 W
2026/09/15 13:57:25.590, 2398 MHz, 0x0000000000000000, 62, 13.52 W
2026/09/15 13:57:26.591, 2398 MHz, 0x0000000000000000, 61, 13.43 W
2026/09/15 13:57:27.591, 2398 MHz, 0x0000000000000000, 61, 13.51 W
2026/09/15 13:57:28.591, 2398 MHz, 0x0000000000000000, 61, 13.42 W
2026/09/15 13:57:29.592, 2522 MHz, 0x0000000000000000, 62, 19.57 W
2026/09/15 13:57:30.592, 2522 MHz, 0x0000000000000000, 62, 21.44 W
2026/09/15 13:57:31.593, 2522 MHz, 0x0000000000000000, 62, 21.44 W
2026/09/15 13:57:32.593, 2522 MHz, 0x0000000000000000, 62, 21.41 W
2026/09/15 13:57:33.593, 2522 MHz, 0x0000000000000000, 62, 21.41 W
2026/09/15 13:57:34.594, 2522 MHz, 0x0000000000000000, 62, 21.43 W
2026/09/15 13:57:35.594, 2522 MHz, 0x0000000000000000, 62, 21.43 W
2026/09/15 13:57:36.594, 2522 MHz, 0x0000000000000000, 62, 21.42 W
2026/09/15 13:57:37.595, 2522 MHz, 0x0000000000000000, 62, 21.36 W
2026/09/15 13:57:38.595, 2522 MHz, 0x0000000000000000, 62, 21.36 W
2026/09/15 13:57:39.595, 2522 MHz, 0x0000000000000000, 62, 21.33 W
2026/09/15 13:57:40.596, 2457 MHz, 0x0000000000000000, 61, 19.70 W
2026/09/15 13:57:41.596, 2398 MHz, 0x0000000000000000, 60, 13.04 W
2026/09/15 13:57:42.596, 2398 MHz, 0x0000000000000000, 60, 13.01 W
2026/09/15 13:57:43.597, 2398 MHz, 0x0000000000000000, 60, 13.13 W
2026/09/15 13:57:44.597, 2398 MHz, 0x0000000000000000, 60, 13.11 W
2026/09/15 13:57:45.598, 2398 MHz, 0x0000000000000000, 59, 13.05 W
2026/09/15 13:57:46.598, 2398 MHz, 0x0000000000000000, 59, 12.96 W
2026/09/15 13:57:47.599, 2398 MHz, 0x0000000000000000, 59, 12.91 W
2026/09/15 13:57:48.599, 2398 MHz, 0x0000000000000000, 59, 12.95 W
2026/09/15 13:57:49.599, 2398 MHz, 0x0000000000000000, 59, 12.90 W
2026/09/15 13:57:50.599, 2398 MHz, 0x0000000000000000, 59, 12.81 W
2026/09/15 13:57:51.600, 2444 MHz, 0x0000000000000000, 59, 16.60 W
2026/09/15 13:57:52.600, 2470 MHz, 0x0000000000000000, 62, 24.92 W
2026/09/15 13:57:53.601, 2405 MHz, 0x0000000000000000, 61, 15.04 W
2026/09/15 13:57:54.601, 2496 MHz, 0x0000000000000000, 62, 28.99 W
2026/09/15 13:57:55.602, 2411 MHz, 0x0000000000000000, 61, 25.79 W
2026/09/15 13:57:56.602, 2515 MHz, 0x0000000000000000, 62, 27.33 W
2026/09/15 13:57:57.602, 2405 MHz, 0x0000000000000000, 59, 18.30 W
2026/09/15 13:57:58.602, 2398 MHz, 0x0000000000000000, 59, 12.89 W
2026/09/15 13:57:59.602, 2398 MHz, 0x0000000000000000, 59, 13.02 W
2026/09/15 13:58:00.602, 2398 MHz, 0x0000000000000000, 59, 13.13 W
2026/09/15 13:58:01.603, 2405 MHz, 0x0000000000000000, 59, 13.34 W
2026/09/15 13:58:02.603, 2470 MHz, 0x0000000000000000, 66, 38.42 W
2026/09/15 13:58:03.604, 2398 MHz, 0x0000000000000000, 59, 31.27 W
2026/09/15 13:58:04.604, 2405 MHz, 0x0000000000000000, 59, 21.30 W
2026/09/15 13:58:05.605, 2405 MHz, 0x0000000000000000, 59, 13.12 W
2026/09/15 13:58:06.606, 2418 MHz, 0x0000000000000000, 59, 15.58 W
2026/09/15 13:58:07.606, 2398 MHz, 0x0000000000000000, 58, 12.88 W
2026/09/15 13:58:08.606, 2405 MHz, 0x0000000000000000, 58, 15.72 W
2026/09/15 13:58:09.606, 2444 MHz, 0x0000000000000000, 59, 15.47 W
2026/09/15 13:58:10.607, 2444 MHz, 0x0000000000000000, 59, 17.04 W
2026/09/15 13:58:11.607, 2398 MHz, 0x0000000000000000, 58, 14.51 W
2026/09/15 13:58:12.607, 2398 MHz, 0x0000000000000000, 58, 12.93 W
2026/09/15 13:58:13.608, 2522 MHz, 0x0000000000000000, 59, 17.75 W
2026/09/15 13:58:14.609, 2398 MHz, 0x0000000000000000, 58, 12.85 W
2026/09/15 13:58:15.609, 2411 MHz, 0x0000000000000000, 58, 13.91 W
2026/09/15 13:58:16.610, 2398 MHz, 0x0000000000000000, 58, 12.80 W
2026/09/15 13:58:17.611, 2398 MHz, 0x0000000000000000, 58, 12.81 W
2026/09/15 13:58:18.611, 2405 MHz, 0x0000000000000000, 58, 13.61 W
2026/09/15 13:58:19.612, 2405 MHz, 0x0000000000000000, 58, 13.73 W
2026/09/15 13:58:20.612, 2405 MHz, 0x0000000000000000, 57, 13.55 W
2026/09/15 13:58:21.613, 2398 MHz, 0x0000000000000000, 58, 22.95 W
2026/09/15 13:58:22.613, 2476 MHz, 0x0000000000000000, 58, 16.58 W
2026/09/15 13:58:23.613, 2463 MHz, 0x0000000000000000, 58, 16.87 W
2026/09/15 13:58:24.614, 2405 MHz, 0x0000000000000000, 57, 14.53 W
2026/09/15 13:58:25.614, 2411 MHz, 0x0000000000000000, 57, 16.60 W
2026/09/15 13:58:26.615, 2398 MHz, 0x0000000000000000, 57, 12.49 W
2026/09/15 13:58:27.616, 2398 MHz, 0x0000000000000000, 57, 12.33 W
2026/09/15 13:58:28.617, 2398 MHz, 0x0000000000000000, 57, 12.30 W
2026/09/15 13:58:29.617, 2398 MHz, 0x0000000000000000, 57, 12.32 W
2026/09/15 13:58:30.618, 2398 MHz, 0x0000000000000000, 56, 12.23 W
2026/09/15 13:58:31.619, 2398 MHz, 0x0000000000000000, 56, 12.26 W
2026/09/15 13:58:32.620, 2398 MHz, 0x0000000000000000, 56, 12.39 W
2026/09/15 13:58:33.620, 2398 MHz, 0x0000000000000000, 56, 12.23 W
2026/09/15 13:58:34.621, 2398 MHz, 0x0000000000000000, 56, 12.16 W
2026/09/15 13:58:35.622, 2398 MHz, 0x0000000000000000, 56, 12.16 W
2026/09/15 13:58:36.623, 2398 MHz, 0x0000000000000000, 56, 12.09 W
2026/09/15 13:58:37.623, 2398 MHz, 0x0000000000000000, 55, 12.05 W
2026/09/15 13:58:38.624, 2398 MHz, 0x0000000000000000, 55, 12.04 W
2026/09/15 13:58:39.624, 2398 MHz, 0x0000000000000000, 55, 11.97 W
2026/09/15 13:58:40.625, 2398 MHz, 0x0000000000000000, 55, 11.97 W
2026/09/15 13:58:41.626, 2398 MHz, 0x0000000000000000, 55, 11.97 W
2026/09/15 13:58:42.626, 2398 MHz, 0x0000000000000000, 55, 11.91 W
2026/09/15 13:58:43.626, 2398 MHz, 0x0000000000000000, 55, 11.98 W
2026/09/15 13:58:44.627, 2398 MHz, 0x0000000000000000, 55, 11.94 W
2026/09/15 13:58:45.628, 2398 MHz, 0x0000000000000000, 55, 11.97 W
2026/09/15 13:58:46.628, 2398 MHz, 0x0000000000000000, 55, 11.94 W
2026/09/15 13:58:47.629, 2398 MHz, 0x0000000000000000, 54, 11.89 W
2026/09/15 13:58:48.630, 2398 MHz, 0x0000000000000000, 54, 11.86 W
2026/09/15 13:58:49.631, 2398 MHz, 0x0000000000000000, 54, 11.85 W
2026/09/15 13:58:50.631, 2398 MHz, 0x0000000000000000, 54, 11.87 W
2026/09/15 13:58:51.632, 2398 MHz, 0x0000000000000000, 54, 11.85 W
2026/09/15 13:58:52.632, 2398 MHz, 0x0000000000000000, 54, 11.90 W
2026/09/15 13:58:53.632, 2398 MHz, 0x0000000000000000, 54, 11.82 W
2026/09/15 13:58:54.633, 2398 MHz, 0x0000000000000000, 54, 12.06 W
2026/09/15 13:58:55.633, 2405 MHz, 0x0000000000000000, 54, 12.17 W
2026/09/15 13:58:56.634, 2489 MHz, 0x0000000000000000, 58, 17.54 W
2026/09/15 13:58:57.634, 2398 MHz, 0x0000000000000000, 54, 11.98 W
2026/09/15 13:58:58.634, 2522 MHz, 0x0000000000000000, 58, 21.30 W
2026/09/15 13:58:59.635, 2509 MHz, 0x0000000000000000, 56, 31.67 W
2026/09/15 13:59:00.635, 2418 MHz, 0x0000000000000000, 60, 19.84 W
2026/09/15 13:59:01.635, 2515 MHz, 0x0000000000000000, 63, 52.42 W
2026/09/15 13:59:02.636, 2502 MHz, 0x0000000000000000, 58, 46.30 W
2026/09/15 13:59:03.637, 2489 MHz, 0x0000000000000000, 64, 32.27 W
2026/09/15 13:59:04.637, 2489 MHz, 0x0000000000000000, 65, 58.45 W
2026/09/15 13:59:05.638, 2489 MHz, 0x0000000000000000, 65, 59.07 W
2026/09/15 13:59:06.638, 2489 MHz, 0x0000000000000000, 67, 59.84 W
2026/09/15 13:59:07.638, 2489 MHz, 0x0000000000000000, 67, 60.20 W
2026/09/15 13:59:08.639, 2489 MHz, 0x0000000000000000, 69, 60.82 W
2026/09/15 13:59:09.640, 2489 MHz, 0x0000000000000000, 68, 61.10 W
2026/09/15 13:59:10.640, 2489 MHz, 0x0000000000000000, 69, 61.73 W
2026/09/15 13:59:11.641, 2489 MHz, 0x0000000000000000, 70, 61.99 W
2026/09/15 13:59:12.641, 2489 MHz, 0x0000000000000000, 70, 62.76 W
2026/09/15 13:59:13.642, 2483 MHz, 0x0000000000000000, 71, 62.89 W
2026/09/15 13:59:14.642, 2476 MHz, 0x0000000000000000, 71, 62.81 W
2026/09/15 13:59:15.643, 2483 MHz, 0x0000000000000000, 71, 64.08 W
2026/09/15 13:59:16.643, 2483 MHz, 0x0000000000000000, 71, 64.01 W
2026/09/15 13:59:17.643, 2470 MHz, 0x0000000000000000, 71, 64.74 W
2026/09/15 13:59:18.644, 2470 MHz, 0x0000000000000000, 71, 64.43 W
2026/09/15 13:59:19.644, 2470 MHz, 0x0000000000000000, 73, 65.24 W
2026/09/15 13:59:20.644, 2470 MHz, 0x0000000000000000, 72, 65.72 W
2026/09/15 13:59:21.645, 2470 MHz, 0x0000000000000000, 72, 65.94 W
2026/09/15 13:59:22.646, 2470 MHz, 0x0000000000000000, 75, 65.87 W
2026/09/15 13:59:23.646, 2470 MHz, 0x0000000000000000, 74, 66.44 W
2026/09/15 13:59:24.647, 2470 MHz, 0x0000000000000000, 74, 66.92 W
2026/09/15 13:59:25.647, 2470 MHz, 0x0000000000000000, 76, 67.54 W
2026/09/15 13:59:26.648, 2470 MHz, 0x0000000000000000, 74, 67.83 W
2026/09/15 13:59:27.648, 2470 MHz, 0x0000000000000000, 75, 68.03 W
2026/09/15 13:59:28.648, 2470 MHz, 0x0000000000000000, 75, 67.73 W
2026/09/15 13:59:29.649, 2470 MHz, 0x0000000000000000, 75, 69.01 W
2026/09/15 13:59:30.649, 2470 MHz, 0x0000000000000000, 77, 68.26 W
2026/09/15 13:59:31.650, 2470 MHz, 0x0000000000000000, 75, 69.06 W
2026/09/15 13:59:32.650, 2470 MHz, 0x0000000000000000, 77, 69.68 W
2026/09/15 13:59:33.650, 2470 MHz, 0x0000000000000000, 78, 69.46 W
2026/09/15 13:59:34.650, 2470 MHz, 0x0000000000000000, 78, 69.39 W
2026/09/15 13:59:35.650, 2470 MHz, 0x0000000000000000, 77, 69.88 W
2026/09/15 13:59:36.651, 2470 MHz, 0x0000000000000000, 77, 70.07 W
2026/09/15 13:59:37.652, 2470 MHz, 0x0000000000000000, 78, 70.59 W
2026/09/15 13:59:38.652, 2470 MHz, 0x0000000000000000, 79, 70.64 W
2026/09/15 13:59:39.653, 2470 MHz, 0x0000000000000000, 77, 71.13 W
2026/09/15 13:59:40.653, 2470 MHz, 0x0000000000000000, 78, 71.10 W
2026/09/15 13:59:41.653, 2470 MHz, 0x0000000000000000, 80, 70.75 W
2026/09/15 13:59:42.654, 2470 MHz, 0x0000000000000000, 79, 71.97 W
2026/09/15 13:59:43.654, 2470 MHz, 0x0000000000000000, 78, 72.71 W
2026/09/15 13:59:44.655, 2470 MHz, 0x0000000000000000, 80, 72.10 W
2026/09/15 13:59:45.656, 2470 MHz, 0x0000000000000000, 78, 72.65 W
2026/09/15 13:59:46.656, 2463 MHz, 0x0000000000000000, 81, 71.82 W
2026/09/15 13:59:47.657, 2457 MHz, 0x0000000000000000, 80, 73.33 W
2026/09/15 13:59:48.657, 2457 MHz, 0x0000000000000000, 79, 73.01 W
2026/09/15 13:59:49.658, 2431 MHz, 0x0000000000000000, 72, 60.40 W
2026/09/15 13:59:50.658, 2457 MHz, 0x0000000000000000, 73, 31.36 W
2026/09/15 13:59:51.659, 2470 MHz, 0x0000000000000000, 78, 61.51 W
2026/09/15 13:59:52.659, 2463 MHz, 0x0000000000000000, 78, 62.53 W
2026/09/15 13:59:53.660, 2470 MHz, 0x0000000000000000, 77, 63.30 W
2026/09/15 13:59:54.661, 2470 MHz, 0x0000000000000000, 78, 63.51 W
2026/09/15 13:59:55.661, 2470 MHz, 0x0000000000000000, 78, 64.00 W
2026/09/15 13:59:56.662, 2470 MHz, 0x0000000000000000, 78, 64.81 W
2026/09/15 13:59:57.662, 2470 MHz, 0x0000000000000000, 79, 64.97 W
2026/09/15 13:59:58.663, 2470 MHz, 0x0000000000000000, 79, 65.50 W
2026/09/15 13:59:59.663, 2470 MHz, 0x0000000000000000, 79, 64.77 W
2026/09/15 14:00:00.663, 2450 MHz, 0x0000000000000000, 78, 56.49 W
2026/09/15 14:00:01.664, 2470 MHz, 0x0000000000000000, 79, 55.68 W
2026/09/15 14:00:02.664, 2476 MHz, 0x0000000000000000, 75, 48.61 W
2026/09/15 14:00:03.665, 2411 MHz, 0x0000000000000000, 69, 16.09 W
2026/09/15 14:00:04.665, 2411 MHz, 0x0000000000000000, 68, 15.22 W
2026/09/15 14:00:05.666, 2411 MHz, 0x0000000000000000, 68, 15.07 W
2026/09/15 14:00:06.666, 2411 MHz, 0x0000000000000000, 67, 14.89 W
2026/09/15 14:00:07.667, 2411 MHz, 0x0000000000000000, 67, 14.78 W
2026/09/15 14:00:08.667, 2411 MHz, 0x0000000000000000, 66, 14.71 W
2026/09/15 14:00:09.667, 2411 MHz, 0x0000000000000000, 66, 14.60 W
2026/09/15 14:00:10.668, 2411 MHz, 0x0000000000000000, 65, 14.51 W
2026/09/15 14:00:11.669, 2411 MHz, 0x0000000000000000, 65, 14.41 W
2026/09/15 14:00:12.669, 2411 MHz, 0x0000000000000000, 64, 14.41 W
2026/09/15 14:00:13.670, 2411 MHz, 0x0000000000000000, 64, 14.49 W
2026/09/15 14:00:14.670, 2411 MHz, 0x0000000000000000, 64, 14.95 W
2026/09/15 14:00:15.670, 2411 MHz, 0x0000000000000000, 64, 15.22 W
2026/09/15 14:00:16.671, 2411 MHz, 0x0000000000000000, 63, 13.73 W
2026/09/15 14:00:17.671, 208 MHz, 0x0000000000000000, 62, 5.68 W
2026/09/15 14:00:18.672, 208 MHz, 0x0000000000000000, 61, 5.43 W
2026/09/15 14:00:19.673, 208 MHz, 0x0000000000000000, 61, 5.43 W
2026/09/15 14:00:20.674, 208 MHz, 0x0000000000000000, 61, 4.48 W
2026/09/15 14:00:21.674, 208 MHz, 0x0000000000000004, 60, 4.35 W
2026/09/15 14:00:22.675, 208 MHz, 0x0000000000000000, 60, 4.38 W
2026/09/15 14:00:23.675, 208 MHz, 0x0000000000000004, 60, 4.34 W
2026/09/15 14:00:24.675, 208 MHz, 0x0000000000000000, 59, 4.55 W
2026/09/15 14:00:25.675, 2398 MHz, 0x0000000000000000, 60, 9.84 W
2026/09/15 14:00:26.676, 2398 MHz, 0x0000000000000000, 60, 12.86 W
2026/09/15 14:00:27.676, 208 MHz, 0x0000000000000000, 59, 6.44 W
2026/09/15 14:00:28.676, 208 MHz, 0x0000000000000000, 59, 5.34 W
2026/09/15 14:00:29.677, 208 MHz, 0x0000000000000000, 59, 5.34 W
2026/09/15 14:00:30.677, 208 MHz, 0x0000000000000000, 58, 4.46 W
2026/09/15 14:00:31.677, 208 MHz, 0x0000000000000004, 58, 4.49 W
2026/09/15 14:00:32.677, 208 MHz, 0x0000000000000000, 58, 4.55 W
2026/09/15 14:00:33.677, 208 MHz, 0x0000000000000000, 58, 4.47 W
2026/09/15 14:00:34.678, 208 MHz, 0x0000000000000000, 57, 4.35 W
2026/09/15 14:00:35.679, 208 MHz, 0x0000000000000004, 57, 4.44 W
2026/09/15 14:00:36.679, 208 MHz, 0x0000000000000000, 57, 4.39 W
2026/09/15 14:00:37.680, 208 MHz, 0x0000000000000004, 57, 4.37 W
2026/09/15 14:00:38.680, 208 MHz, 0x0000000000000000, 57, 4.55 W
2026/09/15 14:00:39.680, 208 MHz, 0x0000000000000004, 57, 4.40 W
2026/09/15 14:00:40.680, 208 MHz, 0x0000000000000000, 56, 4.36 W
2026/09/15 14:00:41.680, 208 MHz, 0x0000000000000004, 56, 4.36 W
2026/09/15 14:00:42.681, 214 MHz, 0x0000000000000000, 56, 4.38 W
2026/09/15 14:00:43.681, 208 MHz, 0x0000000000000004, 56, 4.34 W
2026/09/15 14:00:44.681, 208 MHz, 0x0000000000000000, 56, 4.42 W
2026/09/15 14:00:45.682, 208 MHz, 0x0000000000000004, 56, 4.40 W
2026/09/15 14:00:46.683, 214 MHz, 0x0000000000000000, 56, 4.06 W
2026/09/15 14:00:47.683, 208 MHz, 0x0000000000000004, 56, 4.01 W
2026/09/15 14:00:48.683, 208 MHz, 0x0000000000000000, 55, 4.09 W
2026/09/15 14:00:49.684, 208 MHz, 0x0000000000000004, 55, 3.94 W
2026/09/15 14:00:50.684, 208 MHz, 0x0000000000000000, 55, 3.97 W
2026/09/15 14:00:51.685, 208 MHz, 0x0000000000000004, 55, 3.96 W
2026/09/15 14:00:52.685, 208 MHz, 0x0000000000000000, 55, 3.95 W
2026/09/15 14:00:53.686, 208 MHz, 0x0000000000000004, 54, 3.99 W
2026/09/15 14:00:54.686, 208 MHz, 0x0000000000000000, 54, 3.93 W
2026/09/15 14:00:55.687, 208 MHz, 0x0000000000000004, 54, 3.93 W
2026/09/15 14:00:56.687, 208 MHz, 0x0000000000000000, 54, 3.93 W
2026/09/15 14:00:57.688, 208 MHz, 0x0000000000000004, 54, 3.89 W
2026/09/15 14:00:58.688, 208 MHz, 0x0000000000000000, 54, 3.87 W
2026/09/15 14:00:59.689, 208 MHz, 0x0000000000000004, 53, 3.89 W
2026/09/15 14:01:00.690, 208 MHz, 0x0000000000000000, 53, 3.97 W
2026/09/15 14:01:01.690, 208 MHz, 0x0000000000000004, 53, 3.87 W
2026/09/15 14:01:02.690, 208 MHz, 0x0000000000000000, 53, 3.85 W
2026/09/15 14:01:03.691, 208 MHz, 0x0000000000000004, 53, 3.85 W
2026/09/15 14:01:04.691, 208 MHz, 0x0000000000000000, 53, 3.89 W
2026/09/15 14:01:05.691, 208 MHz, 0x0000000000000004, 53, 3.88 W
2026/09/15 14:01:06.691, 429 MHz, 0x0000000000000004, 53, 4.85 W
2026/09/15 14:01:07.692, 2405 MHz, 0x0000000000000000, 54, 12.19 W
2026/09/15 14:01:08.692, 2405 MHz, 0x0000000000000000, 54, 12.19 W
2026/09/15 14:01:09.692, 2398 MHz, 0x0000000000000000, 54, 12.14 W
2026/09/15 14:01:10.692, 2398 MHz, 0x0000000000000000, 54, 12.12 W
2026/09/15 14:01:11.692, 2405 MHz, 0x0000000000000000, 54, 12.22 W
2026/09/15 14:01:12.693, 2411 MHz, 0x0000000000000000, 54, 12.56 W
2026/09/15 14:01:13.693, 2405 MHz, 0x0000000000000000, 54, 12.35 W
2026/09/15 14:01:14.693, 2398 MHz, 0x0000000000000000, 54, 12.33 W
2026/09/15 14:01:15.693, 2405 MHz, 0x0000000000000000, 54, 12.30 W
2026/09/15 14:01:16.694, 2398 MHz, 0x0000000000000000, 54, 12.10 W
2026/09/15 14:01:17.694, 2489 MHz, 0x0000000000000000, 55, 15.99 W
2026/09/15 14:01:18.694, 2515 MHz, 0x0000000000000000, 56, 18.52 W
2026/09/15 14:01:19.694, 2522 MHz, 0x0000000000000000, 57, 21.58 W
2026/09/15 14:01:20.695, 2483 MHz, 0x0000000000000000, 57, 19.56 W
2026/09/15 14:01:21.695, 2522 MHz, 0x0000000000000000, 57, 20.99 W
2026/09/15 14:01:22.695, 2483 MHz, 0x0000000000000000, 57, 18.86 W
2026/09/15 14:01:23.695, 2522 MHz, 0x0000000000000000, 58, 21.24 W
2026/09/15 14:01:24.696, 2450 MHz, 0x0000000000000000, 57, 18.88 W
2026/09/15 14:01:25.696, 2450 MHz, 0x0000000000000000, 57, 19.06 W
2026/09/15 14:01:26.697, 2502 MHz, 0x0000000000000000, 57, 17.90 W
2026/09/15 14:01:27.697, 2476 MHz, 0x0000000000000000, 58, 18.85 W
2026/09/15 14:01:28.697, 2444 MHz, 0x0000000000000000, 57, 17.70 W
2026/09/15 14:01:29.698, 2463 MHz, 0x0000000000000000, 57, 15.15 W
2026/09/15 14:01:30.698, 2431 MHz, 0x0000000000000000, 57, 15.11 W
2026/09/15 14:01:31.699, 2457 MHz, 0x0000000000000000, 57, 15.80 W
2026/09/15 14:01:32.699, 2476 MHz, 0x0000000000000000, 57, 15.71 W
2026/09/15 14:01:33.699, 2431 MHz, 0x0000000000000000, 57, 15.61 W
2026/09/15 14:01:34.700, 2444 MHz, 0x0000000000000000, 57, 15.09 W
2026/09/15 14:01:35.700, 2457 MHz, 0x0000000000000000, 57, 15.81 W
2026/09/15 14:01:36.700, 2444 MHz, 0x0000000000000000, 58, 15.61 W
2026/09/15 14:01:37.700, 2476 MHz, 0x0000000000000000, 58, 15.59 W
2026/09/15 14:01:38.701, 2450 MHz, 0x0000000000000000, 58, 16.55 W
2026/09/15 14:01:39.701, 2450 MHz, 0x0000000000000000, 58, 16.04 W
2026/09/15 14:01:40.702, 2450 MHz, 0x0000000000000000, 58, 15.95 W
2026/09/15 14:01:41.702, 2444 MHz, 0x0000000000000000, 58, 16.02 W
2026/09/15 14:01:42.702, 2444 MHz, 0x0000000000000000, 58, 17.12 W
2026/09/15 14:01:43.702, 2470 MHz, 0x0000000000000000, 58, 17.69 W
2026/09/15 14:01:44.703, 2463 MHz, 0x0000000000000000, 58, 17.47 W
2026/09/15 14:01:45.703, 2411 MHz, 0x0000000000000000, 58, 16.66 W
2026/09/15 14:01:46.704, 2457 MHz, 0x0000000000000000, 59, 17.75 W
2026/09/15 14:01:47.704, 2450 MHz, 0x0000000000000000, 59, 17.07 W
2026/09/15 14:01:48.704, 2476 MHz, 0x0000000000000000, 58, 16.68 W
2026/09/15 14:01:49.705, 2457 MHz, 0x0000000000000000, 59, 17.42 W
2026/09/15 14:01:50.705, 2450 MHz, 0x0000000000000000, 58, 16.92 W
2026/09/15 14:01:51.705, 2489 MHz, 0x0000000000000000, 59, 16.68 W
2026/09/15 14:01:52.705, 2457 MHz, 0x0000000000000000, 59, 17.47 W
2026/09/15 14:01:53.705, 2450 MHz, 0x0000000000000000, 59, 17.18 W
2026/09/15 14:01:54.706, 2483 MHz, 0x0000000000000000, 59, 16.69 W
2026/09/15 14:01:55.706, 2463 MHz, 0x0000000000000000, 59, 17.61 W
2026/09/15 14:01:56.706, 2444 MHz, 0x0000000000000000, 59, 16.30 W
2026/09/15 14:01:57.706, 2444 MHz, 0x0000000000000000, 59, 16.03 W
2026/09/15 14:01:58.706, 2424 MHz, 0x0000000000000000, 58, 14.84 W
2026/09/15 14:01:59.707, 2424 MHz, 0x0000000000000000, 58, 14.65 W
2026/09/15 14:02:00.707, 2431 MHz, 0x0000000000000000, 59, 15.90 W
2026/09/15 14:02:01.707, 2437 MHz, 0x0000000000000000, 59, 15.36 W
2026/09/15 14:02:02.707, 2405 MHz, 0x0000000000000000, 59, 15.16 W
2026/09/15 14:02:03.708, 2450 MHz, 0x0000000000000000, 59, 16.50 W
2026/09/15 14:02:04.708, 2463 MHz, 0x0000000000000000, 59, 17.27 W
2026/09/15 14:02:05.708, 2398 MHz, 0x0000000000000000, 58, 15.95 W
2026/09/15 14:02:06.709, 2444 MHz, 0x0000000000000000, 59, 17.10 W
2026/09/15 14:02:07.709, 2444 MHz, 0x0000000000000000, 59, 16.57 W
2026/09/15 14:02:08.709, 2405 MHz, 0x0000000000000000, 59, 14.59 W
2026/09/15 14:02:09.710, 2405 MHz, 0x0000000000000000, 59, 13.98 W
2026/09/15 14:02:10.710, 2405 MHz, 0x0000000000000000, 59, 13.98 W
2026/09/15 14:02:11.710, 2444 MHz, 0x0000000000000000, 59, 17.92 W
2026/09/15 14:02:12.710, 2411 MHz, 0x0000000000000000, 59, 13.81 W
2026/09/15 14:02:13.711, 2522 MHz, 0x0000000000000000, 60, 20.86 W
2026/09/15 14:02:14.711, 2457 MHz, 0x0000000000000000, 59, 20.60 W
2026/09/15 14:02:15.711, 2398 MHz, 0x0000000000000000, 58, 12.87 W
2026/09/15 14:02:16.711, 2398 MHz, 0x0000000000000000, 58, 12.69 W
2026/09/15 14:02:17.712, 2398 MHz, 0x0000000000000000, 58, 12.68 W
2026/09/15 14:02:18.712, 2398 MHz, 0x0000000000000000, 57, 12.72 W
2026/09/15 14:02:19.712, 2398 MHz, 0x0000000000000000, 57, 12.61 W
2026/09/15 14:02:20.713, 2522 MHz, 0x0000000000000000, 59, 16.84 W
2026/09/15 14:02:21.713, 2522 MHz, 0x0000000000000000, 59, 20.85 W
2026/09/15 14:02:22.713, 2522 MHz, 0x0000000000000000, 59, 20.83 W
2026/09/15 14:02:23.714, 2522 MHz, 0x0000000000000000, 59, 20.79 W
2026/09/15 14:02:24.714, 2522 MHz, 0x0000000000000000, 59, 20.78 W
2026/09/15 14:02:25.715, 2522 MHz, 0x0000000000000000, 59, 20.81 W
2026/09/15 14:02:26.715, 2522 MHz, 0x0000000000000000, 59, 20.77 W
2026/09/15 14:02:27.715, 2522 MHz, 0x0000000000000000, 59, 20.70 W
2026/09/15 14:02:28.716, 2522 MHz, 0x0000000000000000, 59, 20.80 W
2026/09/15 14:02:29.716, 2522 MHz, 0x0000000000000000, 59, 20.81 W
2026/09/15 14:02:30.716, 2522 MHz, 0x0000000000000000, 59, 20.77 W
2026/09/15 14:02:31.717, 2515 MHz, 0x0000000000000000, 58, 19.54 W
2026/09/15 14:02:32.717, 2405 MHz, 0x0000000000000000, 57, 12.59 W
2026/09/15 14:02:33.717, 2398 MHz, 0x0000000000000000, 57, 12.60 W
2026/09/15 14:02:34.717, 2470 MHz, 0x0000000000000000, 64, 32.81 W
2026/09/15 14:02:35.718, 2398 MHz, 0x0000000000000000, 58, 35.20 W
2026/09/15 14:02:36.718, 2405 MHz, 0x0000000000000000, 57, 12.87 W
2026/09/15 14:02:37.719, 2483 MHz, 0x0000000000000000, 61, 24.11 W
2026/09/15 14:02:38.719, 2489 MHz, 0x0000000000000000, 61, 28.45 W
2026/09/15 14:02:39.720, 2476 MHz, 0x0000000000000000, 61, 26.17 W
2026/09/15 14:02:40.721, 2437 MHz, 0x0000000000000000, 59, 22.48 W
2026/09/15 14:02:41.721, 2398 MHz, 0x0000000000000000, 58, 14.77 W
2026/09/15 14:02:42.721, 2411 MHz, 0x0000000000000000, 58, 27.84 W
2026/09/15 14:02:43.722, 2476 MHz, 0x0000000000000000, 58, 14.49 W
2026/09/15 14:02:44.723, 2476 MHz, 0x0000000000000000, 58, 17.68 W
2026/09/15 14:02:45.723, 2437 MHz, 0x0000000000000000, 58, 16.94 W
2026/09/15 14:02:46.724, 2457 MHz, 0x0000000000000000, 58, 17.05 W
2026/09/15 14:02:47.724, 2405 MHz, 0x0000000000000000, 57, 14.05 W
2026/09/15 14:02:48.725, 2398 MHz, 0x0000000000000000, 57, 12.79 W
2026/09/15 14:02:49.726, 2398 MHz, 0x0000000000000000, 57, 17.22 W
2026/09/15 14:02:50.726, 2405 MHz, 0x0000000000000000, 57, 12.63 W
2026/09/15 14:02:51.727, 2470 MHz, 0x0000000000000000, 67, 34.09 W
2026/09/15 14:02:52.727, 2450 MHz, 0x0000000000000000, 58, 16.51 W
2026/09/15 14:02:53.727, 2489 MHz, 0x0000000000000000, 57, 17.53 W
2026/09/15 14:02:54.727, 2489 MHz, 0x0000000000000000, 57, 16.89 W
2026/09/15 14:02:55.728, 2476 MHz, 0x0000000000000000, 57, 16.55 W
2026/09/15 14:02:56.728, 2450 MHz, 0x0000000000000000, 59, 20.30 W
2026/09/15 14:02:57.729, 2398 MHz, 0x0000000000000000, 57, 16.64 W
2026/09/15 14:02:58.730, 2398 MHz, 0x0000000000000000, 56, 12.33 W
2026/09/15 14:02:59.730, 2398 MHz, 0x0000000000000000, 56, 12.15 W
2026/09/15 14:03:00.731, 2398 MHz, 0x0000000000000000, 56, 12.12 W
2026/09/15 14:03:01.731, 2398 MHz, 0x0000000000000000, 56, 12.15 W
2026/09/15 14:03:02.732, 2398 MHz, 0x0000000000000000, 55, 12.08 W
2026/09/15 14:03:03.732, 2398 MHz, 0x0000000000000000, 55, 12.03 W
2026/09/15 14:03:04.732, 2398 MHz, 0x0000000000000000, 55, 12.00 W
2026/09/15 14:03:05.732, 2398 MHz, 0x0000000000000000, 55, 11.98 W
2026/09/15 14:03:06.733, 2398 MHz, 0x0000000000000000, 55, 11.93 W
2026/09/15 14:03:07.733, 2398 MHz, 0x0000000000000000, 55, 11.93 W
2026/09/15 14:03:08.733, 2398 MHz, 0x0000000000000000, 55, 12.01 W
2026/09/15 14:03:09.734, 2398 MHz, 0x0000000000000000, 55, 11.90 W
2026/09/15 14:03:10.735, 2398 MHz, 0x0000000000000000, 54, 11.83 W
2026/09/15 14:03:11.735, 2398 MHz, 0x0000000000000000, 54, 11.85 W
2026/09/15 14:03:12.735, 2398 MHz, 0x0000000000000000, 54, 11.83 W
2026/09/15 14:03:13.736, 2398 MHz, 0x0000000000000000, 54, 11.82 W
2026/09/15 14:03:14.737, 2398 MHz, 0x0000000000000000, 54, 11.80 W
2026/09/15 14:03:15.738, 2398 MHz, 0x0000000000000000, 54, 11.77 W
2026/09/15 14:03:16.738, 2398 MHz, 0x0000000000000000, 54, 11.74 W
2026/09/15 14:03:17.738, 2398 MHz, 0x0000000000000000, 54, 11.74 W
2026/09/15 14:03:18.739, 2398 MHz, 0x0000000000000000, 54, 11.73 W
2026/09/15 14:03:19.739, 2398 MHz, 0x0000000000000000, 54, 12.15 W
2026/09/15 14:03:20.740, 2398 MHz, 0x0000000000000000, 54, 16.56 W
2026/09/15 14:03:21.740, 2431 MHz, 0x0000000000000000, 57, 15.95 W
2026/09/15 14:03:22.740, 2522 MHz, 0x0000000000000000, 58, 35.10 W
2026/09/15 14:03:23.740, 2522 MHz, 0x0000000000000000, 59, 35.93 W
2026/09/15 14:03:24.740, 2522 MHz, 0x0000000000000000, 59, 34.05 W
2026/09/15 14:03:25.741, 2522 MHz, 0x0000000000000000, 60, 36.08 W
2026/09/15 14:03:26.741, 2522 MHz, 0x0000000000000000, 60, 35.87 W
2026/09/15 14:03:27.741, 2522 MHz, 0x0000000000000000, 60, 36.37 W
2026/09/15 14:03:28.741, 2522 MHz, 0x0000000000000000, 60, 36.23 W
2026/09/15 14:03:29.742, 2515 MHz, 0x0000000000000000, 60, 35.35 W
2026/09/15 14:03:30.742, 2522 MHz, 0x0000000000000000, 61, 35.66 W
2026/09/15 14:03:31.742, 2522 MHz, 0x0000000000000000, 61, 36.32 W
2026/09/15 14:03:32.743, 2502 MHz, 0x0000000000000000, 62, 38.30 W
2026/09/15 14:03:33.743, 2515 MHz, 0x0000000000000000, 62, 39.23 W
2026/09/15 14:03:34.744, 2522 MHz, 0x0000000000000000, 62, 35.98 W
2026/09/15 14:03:35.744, 2522 MHz, 0x0000000000000000, 62, 36.58 W
2026/09/15 14:03:36.744, 2522 MHz, 0x0000000000000000, 62, 36.64 W
2026/09/15 14:03:37.744, 2522 MHz, 0x0000000000000000, 62, 35.73 W
2026/09/15 14:03:38.745, 2522 MHz, 0x0000000000000000, 63, 36.65 W
2026/09/15 14:03:39.745, 2502 MHz, 0x0000000000000000, 63, 36.63 W
2026/09/15 14:03:40.745, 2502 MHz, 0x0000000000000000, 63, 36.69 W
2026/09/15 14:03:41.746, 2502 MHz, 0x0000000000000000, 63, 36.80 W
2026/09/15 14:03:42.746, 2502 MHz, 0x0000000000000000, 63, 35.41 W
2026/09/15 14:03:43.747, 2502 MHz, 0x0000000000000000, 63, 37.16 W
2026/09/15 14:03:44.748, 2502 MHz, 0x0000000000000000, 63, 36.78 W
2026/09/15 14:03:45.748, 2502 MHz, 0x0000000000000000, 63, 36.76 W
2026/09/15 14:03:46.748, 2502 MHz, 0x0000000000000000, 64, 39.40 W
2026/09/15 14:03:47.748, 2496 MHz, 0x0000000000000000, 64, 40.25 W
2026/09/15 14:03:48.749, 2502 MHz, 0x0000000000000000, 64, 36.52 W
2026/09/15 14:03:49.749, 2502 MHz, 0x0000000000000000, 64, 37.09 W
2026/09/15 14:03:50.750, 2496 MHz, 0x0000000000000000, 64, 36.08 W
2026/09/15 14:03:51.751, 2502 MHz, 0x0000000000000000, 64, 36.94 W
2026/09/15 14:03:52.751, 2502 MHz, 0x0000000000000000, 64, 36.96 W
2026/09/15 14:03:53.752, 2502 MHz, 0x0000000000000000, 64, 37.11 W
2026/09/15 14:03:54.753, 2502 MHz, 0x0000000000000000, 65, 37.12 W
2026/09/15 14:03:55.753, 2489 MHz, 0x0000000000000000, 64, 36.10 W
2026/09/15 14:03:56.754, 2502 MHz, 0x0000000000000000, 65, 37.56 W
2026/09/15 14:03:57.754, 2502 MHz, 0x0000000000000000, 65, 37.16 W
2026/09/15 14:03:58.754, 2502 MHz, 0x0000000000000000, 65, 37.27 W
2026/09/15 14:03:59.755, 2502 MHz, 0x0000000000000000, 65, 39.64 W
2026/09/15 14:04:00.756, 2496 MHz, 0x0000000000000000, 65, 40.51 W
2026/09/15 14:04:01.756, 2502 MHz, 0x0000000000000000, 65, 36.55 W
2026/09/15 14:04:02.756, 2489 MHz, 0x0000000000000000, 70, 48.60 W
2026/09/15 14:04:03.756, 2489 MHz, 0x0000000000000000, 70, 53.77 W
2026/09/15 14:04:04.757, 2411 MHz, 0x0000000000000000, 62, 35.02 W
2026/09/15 14:04:05.758, 2489 MHz, 0x0000000000000000, 70, 46.21 W
2026/09/15 14:04:06.758, 2489 MHz, 0x0000000000000000, 71, 57.30 W
2026/09/15 14:04:07.758, 2483 MHz, 0x0000000000000000, 69, 57.66 W
2026/09/15 14:04:08.759, 2483 MHz, 0x0000000000000000, 71, 58.72 W
2026/09/15 14:04:09.759, 2483 MHz, 0x0000000000000000, 71, 59.35 W
2026/09/15 14:04:10.760, 2476 MHz, 0x0000000000000000, 72, 59.60 W
2026/09/15 14:04:11.760, 2476 MHz, 0x0000000000000000, 72, 60.22 W
2026/09/15 14:04:12.761, 2470 MHz, 0x0000000000000000, 72, 60.57 W
2026/09/15 14:04:13.762, 2470 MHz, 0x0000000000000000, 73, 60.69 W
2026/09/15 14:04:14.762, 2470 MHz, 0x0000000000000000, 73, 61.52 W
2026/09/15 14:04:15.763, 2470 MHz, 0x0000000000000000, 74, 61.78 W
2026/09/15 14:04:16.763, 2470 MHz, 0x0000000000000000, 73, 62.06 W
2026/09/15 14:04:17.763, 2470 MHz, 0x0000000000000000, 75, 62.38 W
2026/09/15 14:04:18.764, 2470 MHz, 0x0000000000000000, 73, 62.90 W
2026/09/15 14:04:19.765, 2470 MHz, 0x0000000000000000, 75, 63.00 W
2026/09/15 14:04:20.765, 2470 MHz, 0x0000000000000000, 74, 63.03 W
2026/09/15 14:04:21.766, 2463 MHz, 0x0000000000000000, 75, 63.95 W
2026/09/15 14:04:22.766, 2470 MHz, 0x0000000000000000, 76, 64.19 W
2026/09/15 14:04:23.767, 2470 MHz, 0x0000000000000000, 75, 63.99 W
2026/09/15 14:04:24.767, 2470 MHz, 0x0000000000000000, 73, 64.58 W
2026/09/15 14:04:25.768, 2470 MHz, 0x0000000000000000, 74, 65.44 W
2026/09/15 14:04:26.768, 2470 MHz, 0x0000000000000000, 77, 65.47 W
2026/09/15 14:04:27.768, 2470 MHz, 0x0000000000000000, 76, 65.48 W
2026/09/15 14:04:28.769, 2470 MHz, 0x0000000000000000, 76, 65.29 W
2026/09/15 14:04:29.769, 2470 MHz, 0x0000000000000000, 76, 66.13 W
2026/09/15 14:04:30.769, 2470 MHz, 0x0000000000000000, 76, 66.23 W
2026/09/15 14:04:31.770, 2470 MHz, 0x0000000000000000, 77, 66.08 W
2026/09/15 14:04:32.770, 2470 MHz, 0x0000000000000000, 76, 66.61 W
2026/09/15 14:04:33.771, 2470 MHz, 0x0000000000000000, 79, 67.71 W
2026/09/15 14:04:34.771, 2470 MHz, 0x0000000000000000, 78, 68.16 W
2026/09/15 14:04:35.772, 2470 MHz, 0x0000000000000000, 80, 67.44 W
2026/09/15 14:04:36.772, 2470 MHz, 0x0000000000000000, 78, 67.42 W
2026/09/15 14:04:37.772, 2470 MHz, 0x0000000000000000, 78, 67.22 W
2026/09/15 14:04:38.773, 2470 MHz, 0x0000000000000000, 79, 67.93 W
2026/09/15 14:04:39.773, 2470 MHz, 0x0000000000000000, 78, 70.11 W
2026/09/15 14:04:40.774, 2470 MHz, 0x0000000000000000, 79, 68.14 W
2026/09/15 14:04:41.774, 2463 MHz, 0x0000000000000000, 79, 69.10 W
2026/09/15 14:04:42.775, 2470 MHz, 0x0000000000000000, 79, 68.37 W
2026/09/15 14:04:43.775, 2463 MHz, 0x0000000000000000, 78, 69.33 W
2026/09/15 14:04:44.776, 2470 MHz, 0x0000000000000000, 80, 69.57 W
2026/09/15 14:04:45.776, 2463 MHz, 0x0000000000000004, 79, 69.83 W
2026/09/15 14:04:46.777, 2463 MHz, 0x0000000000000000, 79, 70.04 W
2026/09/15 14:04:47.777, 2463 MHz, 0x0000000000000000, 79, 69.34 W
2026/09/15 14:04:48.777, 2457 MHz, 0x0000000000000000, 79, 69.07 W
2026/09/15 14:04:49.778, 2450 MHz, 0x0000000000000000, 80, 71.46 W
2026/09/15 14:04:50.778, 2457 MHz, 0x0000000000000000, 81, 70.07 W
2026/09/15 14:04:51.778, 2450 MHz, 0x0000000000000000, 80, 69.99 W
2026/09/15 14:04:52.779, 2450 MHz, 0x0000000000000000, 82, 70.32 W
2026/09/15 14:04:53.779, 2457 MHz, 0x0000000000000000, 80, 71.18 W
2026/09/15 14:04:54.780, 2450 MHz, 0x0000000000000000, 82, 71.41 W
2026/09/15 14:04:55.781, 2450 MHz, 0x0000000000000000, 83, 70.94 W
2026/09/15 14:04:56.781, 2463 MHz, 0x0000000000000000, 75, 61.14 W
2026/09/15 14:04:57.781, 2411 MHz, 0x0000000000000000, 70, 18.15 W
2026/09/15 14:04:58.781, 2470 MHz, 0x0000000000000000, 79, 49.15 W
2026/09/15 14:04:59.782, 2463 MHz, 0x0000000000000000, 81, 70.13 W
2026/09/15 14:05:00.783, 2457 MHz, 0x0000000000000004, 80, 73.62 W
2026/09/15 14:05:01.783, 2450 MHz, 0x0000000000000000, 80, 71.33 W
2026/09/15 14:05:02.783, 2457 MHz, 0x0000000000000000, 82, 70.88 W
2026/09/15 14:05:03.784, 2450 MHz, 0x0000000000000000, 82, 70.99 W
2026/09/15 14:05:04.784, 2450 MHz, 0x0000000000000000, 81, 73.11 W
2026/09/15 14:05:05.784, 2444 MHz, 0x0000000000000000, 81, 71.45 W
2026/09/15 14:05:06.785, 2450 MHz, 0x0000000000000000, 83, 71.82 W
2026/09/15 14:05:07.785, 2450 MHz, 0x0000000000000000, 83, 73.29 W
2026/09/15 14:05:08.786, 2444 MHz, 0x0000000000000000, 83, 72.01 W
2026/09/15 14:05:09.786, 2450 MHz, 0x0000000000000000, 83, 72.00 W
2026/09/15 14:05:10.786, 2450 MHz, 0x0000000000000000, 83, 73.91 W
2026/09/15 14:05:11.787, 2444 MHz, 0x0000000000000000, 81, 72.44 W
2026/09/15 14:05:12.787, 2450 MHz, 0x0000000000000000, 83, 72.01 W
2026/09/15 14:05:13.787, 2444 MHz, 0x0000000000000000, 83, 74.22 W
2026/09/15 14:05:14.788, 2444 MHz, 0x0000000000000000, 83, 73.29 W
2026/09/15 14:05:15.789, 2450 MHz, 0x0000000000000000, 82, 72.03 W
2026/09/15 14:05:16.789, 2444 MHz, 0x0000000000000000, 82, 74.43 W
2026/09/15 14:05:17.790, 2444 MHz, 0x0000000000000000, 84, 73.51 W
2026/09/15 14:05:18.790, 2450 MHz, 0x0000000000000000, 82, 71.83 W
2026/09/15 14:05:19.791, 2444 MHz, 0x0000000000000000, 83, 75.35 W
2026/09/15 14:05:20.791, 2444 MHz, 0x0000000000000000, 81, 73.68 W
2026/09/15 14:05:21.792, 2444 MHz, 0x0000000000000000, 84, 72.89 W
2026/09/15 14:05:22.792, 2444 MHz, 0x0000000000000000, 81, 75.48 W
2026/09/15 14:05:23.793, 2444 MHz, 0x0000000000000000, 83, 73.08 W
2026/09/15 14:05:24.793, 2444 MHz, 0x0000000000000000, 82, 73.24 W
2026/09/15 14:05:25.793, 2444 MHz, 0x0000000000000000, 84, 75.50 W
2026/09/15 14:05:26.794, 2444 MHz, 0x0000000000000000, 82, 72.90 W
2026/09/15 14:05:27.794, 2444 MHz, 0x0000000000000004, 81, 74.09 W
2026/09/15 14:05:28.794, 2444 MHz, 0x0000000000000000, 84, 76.69 W
2026/09/15 14:05:29.795, 2444 MHz, 0x0000000000000000, 83, 73.92 W
2026/09/15 14:05:30.795, 2450 MHz, 0x0000000000000000, 82, 75.67 W
2026/09/15 14:05:31.795, 2444 MHz, 0x0000000000000000, 84, 75.52 W
2026/09/15 14:05:32.795, 2444 MHz, 0x0000000000000000, 85, 73.80 W
2026/09/15 14:05:33.795, 2444 MHz, 0x0000000000000000, 82, 76.96 W
2026/09/15 14:05:34.795, 2444 MHz, 0x0000000000000000, 82, 75.69 W
2026/09/15 14:05:35.796, 2444 MHz, 0x0000000000000000, 81, 74.03 W
2026/09/15 14:05:36.796, 2444 MHz, 0x0000000000000000, 82, 76.14 W
2026/09/15 14:05:37.796, 2444 MHz, 0x0000000000000000, 84, 74.54 W
2026/09/15 14:05:38.796, 2444 MHz, 0x0000000000000000, 83, 74.39 W
2026/09/15 14:05:39.797, 2444 MHz, 0x0000000000000000, 85, 76.54 W
2026/09/15 14:05:40.797, 2444 MHz, 0x0000000000000000, 84, 74.59 W
2026/09/15 14:05:41.797, 2444 MHz, 0x0000000000000000, 85, 76.64 W
2026/09/15 14:05:42.797, 2444 MHz, 0x0000000000000000, 85, 75.50 W
2026/09/15 14:05:43.797, 2450 MHz, 0x0000000000000000, 83, 74.96 W
2026/09/15 14:05:44.797, 2444 MHz, 0x0000000000000000, 85, 77.49 W
2026/09/15 14:05:45.798, 2444 MHz, 0x0000000000000000, 84, 75.41 W
2026/09/15 14:05:46.798, 2444 MHz, 0x0000000000000000, 82, 77.06 W
2026/09/15 14:05:47.799, 2444 MHz, 0x0000000000000000, 83, 76.15 W
2026/09/15 14:05:48.799, 2444 MHz, 0x0000000000000000, 84, 75.23 W
2026/09/15 14:05:49.799, 2444 MHz, 0x0000000000000000, 85, 77.85 W
2026/09/15 14:05:50.800, 2444 MHz, 0x0000000000000000, 85, 75.99 W
2026/09/15 14:05:51.800, 2444 MHz, 0x0000000000000000, 85, 77.01 W
2026/09/15 14:05:52.800, 2444 MHz, 0x0000000000000000, 84, 77.01 W
2026/09/15 14:05:53.800, 2444 MHz, 0x0000000000000000, 83, 76.02 W
2026/09/15 14:05:54.801, 2444 MHz, 0x0000000000000000, 85, 78.36 W
2026/09/15 14:05:55.802, 2444 MHz, 0x0000000000000000, 85, 76.21 W
2026/09/15 14:05:56.802, 2444 MHz, 0x0000000000000000, 82, 78.74 W
2026/09/15 14:05:57.803, 2444 MHz, 0x0000000000000000, 84, 77.27 W
2026/09/15 14:05:58.803, 2450 MHz, 0x0000000000000000, 85, 75.28 W
2026/09/15 14:05:59.803, 2444 MHz, 0x0000000000000000, 83, 79.15 W
2026/09/15 14:06:00.803, 2444 MHz, 0x0000000000000000, 86, 76.00 W
2026/09/15 14:06:01.803, 2444 MHz, 0x0000000000000000, 85, 78.57 W
2026/09/15 14:06:02.804, 2444 MHz, 0x0000000000000000, 83, 77.64 W
2026/09/15 14:06:03.804, 2444 MHz, 0x0000000000000000, 85, 76.58 W
2026/09/15 14:06:04.804, 2444 MHz, 0x0000000000000000, 83, 80.06 W
2026/09/15 14:06:05.804, 2444 MHz, 0x0000000000000000, 86, 76.21 W
2026/09/15 14:06:06.804, 2444 MHz, 0x0000000000000000, 83, 79.77 W
2026/09/15 14:06:07.805, 2444 MHz, 0x0000000000000000, 86, 76.71 W
2026/09/15 14:06:08.805, 2444 MHz, 0x0000000000000000, 83, 79.96 W
2026/09/15 14:06:09.805, 2444 MHz, 0x0000000000000000, 85, 76.63 W
2026/09/15 14:06:10.805, 2444 MHz, 0x0000000000000000, 84, 77.34 W
2026/09/15 14:06:11.805, 2444 MHz, 0x0000000000000000, 85, 79.79 W
2026/09/15 14:06:12.806, 2450 MHz, 0x0000000000000000, 78, 64.54 W
2026/09/15 14:06:13.806, 2483 MHz, 0x0000000000000000, 78, 45.59 W
2026/09/15 14:06:14.806, 2483 MHz, 0x0000000000000000, 78, 46.02 W
2026/09/15 14:06:15.806, 2483 MHz, 0x0000000000000000, 77, 46.28 W
2026/09/15 14:06:16.807, 2483 MHz, 0x0000000000000000, 77, 46.01 W
2026/09/15 14:06:17.807, 2483 MHz, 0x0000000000000000, 77, 46.53 W
2026/09/15 14:06:18.807, 2483 MHz, 0x0000000000000000, 77, 46.25 W
2026/09/15 14:06:19.807, 2483 MHz, 0x0000000000000000, 77, 46.03 W
2026/09/15 14:06:20.807, 2483 MHz, 0x0000000000000000, 77, 45.96 W
2026/09/15 14:06:21.808, 2483 MHz, 0x0000000000000000, 76, 45.80 W
2026/09/15 14:06:22.808, 2483 MHz, 0x0000000000000000, 76, 45.91 W
2026/09/15 14:06:23.808, 2483 MHz, 0x0000000000000000, 76, 46.03 W
2026/09/15 14:06:24.809, 2483 MHz, 0x0000000000000000, 76, 45.95 W
2026/09/15 14:06:25.809, 2483 MHz, 0x0000000000000000, 76, 45.90 W
2026/09/15 14:06:26.810, 2483 MHz, 0x0000000000000000, 76, 45.59 W
2026/09/15 14:06:27.810, 2483 MHz, 0x0000000000000000, 76, 45.47 W
2026/09/15 14:06:28.810, 2483 MHz, 0x0000000000000000, 75, 44.87 W
2026/09/15 14:06:29.811, 2483 MHz, 0x0000000000000000, 75, 43.39 W
2026/09/15 14:06:30.811, 2483 MHz, 0x0000000000000000, 75, 42.40 W
2026/09/15 14:06:31.811, 2483 MHz, 0x0000000000000000, 75, 45.82 W
2026/09/15 14:06:32.812, 2483 MHz, 0x0000000000000000, 75, 45.13 W
2026/09/15 14:06:33.812, 2483 MHz, 0x0000000000000000, 75, 45.25 W
2026/09/15 14:06:34.813, 2483 MHz, 0x0000000000000000, 75, 45.12 W
2026/09/15 14:06:35.813, 2483 MHz, 0x0000000000000000, 75, 45.34 W
2026/09/15 14:06:36.813, 2483 MHz, 0x0000000000000000, 75, 45.12 W
2026/09/15 14:06:37.814, 2483 MHz, 0x0000000000000000, 75, 45.54 W
2026/09/15 14:06:38.815, 2483 MHz, 0x0000000000000000, 74, 45.06 W
2026/09/15 14:06:39.815, 2483 MHz, 0x0000000000000000, 74, 44.86 W
2026/09/15 14:06:40.815, 2483 MHz, 0x0000000000000000, 74, 45.04 W
2026/09/15 14:06:41.816, 2483 MHz, 0x0000000000000000, 74, 45.28 W
2026/09/15 14:06:42.817, 2483 MHz, 0x0000000000000000, 74, 45.14 W
2026/09/15 14:06:43.817, 2483 MHz, 0x0000000000000000, 74, 45.27 W
2026/09/15 14:06:44.817, 2483 MHz, 0x0000000000000000, 74, 45.22 W
2026/09/15 14:06:45.818, 2483 MHz, 0x0000000000000000, 74, 45.06 W
2026/09/15 14:06:46.818, 2483 MHz, 0x0000000000000000, 73, 42.99 W
2026/09/15 14:06:47.818, 2483 MHz, 0x0000000000000000, 73, 42.57 W
2026/09/15 14:06:48.819, 2483 MHz, 0x0000000000000000, 74, 44.52 W
2026/09/15 14:06:49.819, 2483 MHz, 0x0000000000000000, 74, 44.49 W
2026/09/15 14:06:50.820, 2483 MHz, 0x0000000000000000, 74, 44.89 W
2026/09/15 14:06:51.820, 2483 MHz, 0x0000000000000000, 74, 44.68 W
2026/09/15 14:06:52.821, 2483 MHz, 0x0000000000000000, 73, 44.78 W
2026/09/15 14:06:53.821, 2483 MHz, 0x0000000000000000, 73, 44.85 W
2026/09/15 14:06:54.821, 2483 MHz, 0x0000000000000000, 73, 44.77 W
2026/09/15 14:06:55.822, 2483 MHz, 0x0000000000000000, 73, 44.52 W
2026/09/15 14:06:56.822, 2483 MHz, 0x0000000000000000, 73, 44.85 W
2026/09/15 14:06:57.823, 2483 MHz, 0x0000000000000000, 73, 44.56 W
2026/09/15 14:06:58.823, 2483 MHz, 0x0000000000000000, 73, 44.81 W
2026/09/15 14:06:59.824, 2483 MHz, 0x0000000000000000, 73, 44.82 W
2026/09/15 14:07:00.825, 2483 MHz, 0x0000000000000000, 73, 44.91 W
2026/09/15 14:07:01.825, 2483 MHz, 0x0000000000000000, 73, 44.78 W
2026/09/15 14:07:02.825, 2483 MHz, 0x0000000000000000, 73, 44.55 W
2026/09/15 14:07:03.826, 2483 MHz, 0x0000000000000000, 73, 44.74 W
2026/09/15 14:07:04.826, 2483 MHz, 0x0000000000000000, 73, 43.51 W
2026/09/15 14:07:05.826, 2483 MHz, 0x0000000000000000, 72, 42.20 W
2026/09/15 14:07:06.827, 2463 MHz, 0x0000000000000000, 72, 38.00 W
2026/09/15 14:07:07.827, 2502 MHz, 0x0000000000000000, 72, 39.54 W
2026/09/15 14:07:08.827, 2502 MHz, 0x0000000000000000, 72, 39.58 W
2026/09/15 14:07:09.827, 2502 MHz, 0x0000000000000000, 72, 39.61 W
2026/09/15 14:07:10.827, 2502 MHz, 0x0000000000000000, 71, 39.22 W
2026/09/15 14:07:11.828, 2502 MHz, 0x0000000000000000, 71, 38.58 W
2026/09/15 14:07:12.828, 2502 MHz, 0x0000000000000000, 71, 39.15 W
2026/09/15 14:07:13.828, 2502 MHz, 0x0000000000000000, 71, 39.26 W
2026/09/15 14:07:14.829, 2502 MHz, 0x0000000000000000, 71, 39.18 W
2026/09/15 14:07:15.829, 2502 MHz, 0x0000000000000000, 71, 38.27 W
2026/09/15 14:07:16.829, 2502 MHz, 0x0000000000000000, 71, 39.34 W
2026/09/15 14:07:17.829, 2502 MHz, 0x0000000000000000, 71, 39.45 W
2026/09/15 14:07:18.829, 2502 MHz, 0x0000000000000000, 71, 39.45 W
2026/09/15 14:07:19.829, 2502 MHz, 0x0000000000000000, 71, 39.34 W
2026/09/15 14:07:20.830, 2502 MHz, 0x0000000000000000, 71, 39.81 W
2026/09/15 14:07:21.830, 2502 MHz, 0x0000000000000000, 71, 42.92 W
2026/09/15 14:07:22.831, 2502 MHz, 0x0000000000000000, 71, 43.03 W
2026/09/15 14:07:23.831, 2502 MHz, 0x0000000000000000, 71, 43.05 W
2026/09/15 14:07:24.832, 2502 MHz, 0x0000000000000000, 71, 42.97 W
2026/09/15 14:07:25.832, 2502 MHz, 0x0000000000000000, 71, 42.99 W
2026/09/15 14:07:26.832, 2502 MHz, 0x0000000000000000, 72, 43.21 W
2026/09/15 14:07:27.833, 2502 MHz, 0x0000000000000000, 70, 38.54 W
2026/09/15 14:07:28.834, 2502 MHz, 0x0000000000000000, 71, 42.51 W
2026/09/15 14:07:29.834, 2502 MHz, 0x0000000000000000, 72, 42.85 W
2026/09/15 14:07:30.835, 2502 MHz, 0x0000000000000000, 72, 43.20 W
2026/09/15 14:07:31.835, 2502 MHz, 0x0000000000000000, 72, 42.95 W
2026/09/15 14:07:32.835, 2502 MHz, 0x0000000000000000, 72, 43.18 W
2026/09/15 14:07:33.836, 2502 MHz, 0x0000000000000000, 71, 41.94 W
2026/09/15 14:07:34.836, 2502 MHz, 0x0000000000000000, 71, 39.63 W
2026/09/15 14:07:35.836, 2502 MHz, 0x0000000000000000, 71, 43.03 W
2026/09/15 14:07:36.837, 2502 MHz, 0x0000000000000000, 71, 43.37 W
2026/09/15 14:07:37.837, 2502 MHz, 0x0000000000000000, 71, 43.20 W
2026/09/15 14:07:38.837, 2502 MHz, 0x0000000000000000, 72, 43.39 W
2026/09/15 14:07:39.837, 2502 MHz, 0x0000000000000000, 72, 43.39 W
2026/09/15 14:07:40.838, 2502 MHz, 0x0000000000000000, 71, 42.31 W
2026/09/15 14:07:41.838, 2502 MHz, 0x0000000000000000, 70, 38.31 W
2026/09/15 14:07:42.838, 2502 MHz, 0x0000000000000000, 70, 39.13 W
2026/09/15 14:07:43.838, 2502 MHz, 0x0000000000000000, 71, 39.17 W
2026/09/15 14:07:44.839, 2502 MHz, 0x0000000000000000, 70, 39.22 W
2026/09/15 14:07:45.839, 2502 MHz, 0x0000000000000000, 70, 39.06 W
2026/09/15 14:07:46.840, 2502 MHz, 0x0000000000000000, 70, 37.27 W
2026/09/15 14:07:47.840, 2502 MHz, 0x0000000000000000, 70, 38.80 W
2026/09/15 14:07:48.840, 2502 MHz, 0x0000000000000000, 70, 38.75 W
2026/09/15 14:07:49.841, 2502 MHz, 0x0000000000000000, 70, 38.81 W
2026/09/15 14:07:50.841, 2502 MHz, 0x0000000000000000, 69, 37.91 W
2026/09/15 14:07:51.841, 2502 MHz, 0x0000000000000000, 70, 38.33 W
2026/09/15 14:07:52.842, 2502 MHz, 0x0000000000000000, 70, 39.02 W
2026/09/15 14:07:53.842, 2502 MHz, 0x0000000000000000, 70, 39.01 W
2026/09/15 14:07:54.843, 2502 MHz, 0x0000000000000000, 70, 39.10 W
2026/09/15 14:07:55.843, 2496 MHz, 0x0000000000000000, 69, 38.12 W
2026/09/15 14:07:56.844, 2502 MHz, 0x0000000000000000, 70, 40.43 W
2026/09/15 14:07:57.844, 2502 MHz, 0x0000000000000000, 70, 41.31 W
2026/09/15 14:07:58.845, 2502 MHz, 0x0000000000000000, 70, 41.51 W
2026/09/15 14:07:59.845, 2502 MHz, 0x0000000000000000, 70, 41.56 W
2026/09/15 14:08:00.845, 2502 MHz, 0x0000000000000000, 70, 41.40 W
2026/09/15 14:08:01.846, 2502 MHz, 0x0000000000000000, 70, 39.91 W
2026/09/15 14:08:02.846, 2502 MHz, 0x0000000000000000, 70, 41.58 W
2026/09/15 14:08:03.846, 2502 MHz, 0x0000000000000000, 70, 41.44 W
2026/09/15 14:08:04.847, 2502 MHz, 0x0000000000000000, 70, 41.68 W
2026/09/15 14:08:05.847, 2502 MHz, 0x0000000000000000, 70, 41.81 W
2026/09/15 14:08:06.847, 2502 MHz, 0x0000000000000000, 70, 40.03 W
2026/09/15 14:08:07.847, 2502 MHz, 0x0000000000000000, 70, 39.53 W
2026/09/15 14:08:08.848, 2502 MHz, 0x0000000000000000, 70, 41.27 W
2026/09/15 14:08:09.848, 2502 MHz, 0x0000000000000000, 70, 41.20 W
2026/09/15 14:08:10.848, 2502 MHz, 0x0000000000000000, 70, 41.31 W
2026/09/15 14:08:11.848, 2502 MHz, 0x0000000000000000, 70, 41.21 W
2026/09/15 14:08:12.849, 2502 MHz, 0x0000000000000000, 70, 41.26 W
2026/09/15 14:08:13.849, 2502 MHz, 0x0000000000000000, 70, 39.16 W
2026/09/15 14:08:14.849, 2502 MHz, 0x0000000000000000, 70, 43.70 W
2026/09/15 14:08:15.850, 2502 MHz, 0x0000000000000000, 70, 43.90 W
2026/09/15 14:08:16.850, 2502 MHz, 0x0000000000000000, 71, 43.90 W
2026/09/15 14:08:17.850, 2502 MHz, 0x0000000000000000, 71, 44.07 W
2026/09/15 14:08:18.851, 2502 MHz, 0x0000000000000000, 71, 44.01 W
2026/09/15 14:08:19.851, 2502 MHz, 0x0000000000000000, 70, 43.81 W
2026/09/15 14:08:20.852, 2502 MHz, 0x0000000000000000, 70, 42.64 W
2026/09/15 14:08:21.852, 2502 MHz, 0x0000000000000000, 70, 38.04 W
2026/09/15 14:08:22.852, 2502 MHz, 0x0000000000000000, 71, 43.85 W
2026/09/15 14:08:23.853, 2502 MHz, 0x0000000000000000, 71, 43.94 W
2026/09/15 14:08:24.853, 2502 MHz, 0x0000000000000000, 71, 43.68 W
2026/09/15 14:08:25.853, 2502 MHz, 0x0000000000000000, 70, 43.84 W
2026/09/15 14:08:26.854, 2502 MHz, 0x0000000000000000, 71, 43.69 W
2026/09/15 14:08:27.855, 2502 MHz, 0x0000000000000000, 71, 43.99 W
2026/09/15 14:08:28.855, 2502 MHz, 0x0000000000000000, 71, 42.87 W
2026/09/15 14:08:29.855, 2502 MHz, 0x0000000000000000, 70, 39.67 W
2026/09/15 14:08:30.855, 2502 MHz, 0x0000000000000000, 71, 43.15 W
2026/09/15 14:08:31.856, 2502 MHz, 0x0000000000000000, 71, 43.81 W
2026/09/15 14:08:32.856, 2502 MHz, 0x0000000000000000, 71, 43.74 W
2026/09/15 14:08:33.857, 2502 MHz, 0x0000000000000000, 71, 44.03 W
2026/09/15 14:08:34.857, 2502 MHz, 0x0000000000000000, 71, 44.04 W
2026/09/15 14:08:35.858, 2502 MHz, 0x0000000000000000, 71, 43.99 W
2026/09/15 14:08:36.858, 2502 MHz, 0x0000000000000000, 71, 43.70 W
2026/09/15 14:08:37.859, 2502 MHz, 0x0000000000000000, 69, 39.18 W
2026/09/15 14:08:38.859, 2502 MHz, 0x0000000000000000, 70, 38.87 W
2026/09/15 14:08:39.859, 2502 MHz, 0x0000000000000000, 70, 38.76 W
2026/09/15 14:08:40.859, 2502 MHz, 0x0000000000000000, 69, 38.81 W
2026/09/15 14:08:41.860, 2502 MHz, 0x0000000000000000, 69, 38.83 W
2026/09/15 14:08:42.860, 2502 MHz, 0x0000000000000000, 69, 37.12 W
2026/09/15 14:08:43.860, 2502 MHz, 0x0000000000000000, 69, 38.62 W
2026/09/15 14:08:44.860, 2502 MHz, 0x0000000000000000, 69, 38.47 W
2026/09/15 14:08:45.860, 2502 MHz, 0x0000000000000000, 69, 38.54 W
2026/09/15 14:08:46.861, 2502 MHz, 0x0000000000000000, 69, 38.58 W
2026/09/15 14:08:47.861, 2502 MHz, 0x0000000000000000, 69, 37.31 W
2026/09/15 14:08:48.861, 2502 MHz, 0x0000000000000000, 69, 38.52 W
2026/09/15 14:08:49.861, 2502 MHz, 0x0000000000000000, 69, 38.84 W
2026/09/15 14:08:50.861, 2502 MHz, 0x0000000000000000, 69, 38.69 W
2026/09/15 14:08:51.862, 2502 MHz, 0x0000000000000000, 69, 38.82 W
2026/09/15 14:08:52.862, 2470 MHz, 0x0000000000000000, 74, 48.56 W
2026/09/15 14:08:53.862, 2470 MHz, 0x0000000000000000, 73, 58.41 W
2026/09/15 14:08:54.862, 2470 MHz, 0x0000000000000000, 74, 59.60 W
2026/09/15 14:08:55.862, 2470 MHz, 0x0000000000000000, 74, 59.56 W
2026/09/15 14:08:56.862, 2463 MHz, 0x0000000000000000, 72, 58.96 W
2026/09/15 14:08:57.863, 2470 MHz, 0x0000000000000000, 75, 60.33 W
2026/09/15 14:08:58.863, 2463 MHz, 0x0000000000000000, 74, 61.05 W
2026/09/15 14:08:59.863, 2470 MHz, 0x0000000000000000, 76, 61.44 W
2026/09/15 14:09:00.863, 2470 MHz, 0x0000000000000000, 75, 61.75 W
2026/09/15 14:09:01.864, 2470 MHz, 0x0000000000000000, 75, 61.93 W
2026/09/15 14:09:02.864, 2470 MHz, 0x0000000000000000, 75, 61.64 W
2026/09/15 14:09:03.864, 2470 MHz, 0x0000000000000000, 76, 58.53 W
2026/09/15 14:09:04.864, 2470 MHz, 0x0000000000000000, 76, 55.66 W
2026/09/15 14:09:05.865, 2470 MHz, 0x0000000000000000, 73, 60.70 W
2026/09/15 14:09:06.865, 2470 MHz, 0x0000000000000000, 75, 60.22 W
2026/09/15 14:09:07.865, 2411 MHz, 0x0000000000000000, 67, 37.88 W
2026/09/15 14:09:08.865, 2502 MHz, 0x0000000000000000, 69, 20.08 W
2026/09/15 14:09:09.865, 2502 MHz, 0x0000000000000000, 70, 38.98 W
2026/09/15 14:09:10.866, 2502 MHz, 0x0000000000000000, 70, 39.07 W
2026/09/15 14:09:11.866, 2502 MHz, 0x0000000000000000, 70, 38.93 W
2026/09/15 14:09:12.867, 2502 MHz, 0x0000000000000000, 69, 36.26 W
2026/09/15 14:09:13.867, 2502 MHz, 0x0000000000000000, 71, 39.96 W
2026/09/15 14:09:14.867, 2502 MHz, 0x0000000000000000, 71, 42.95 W
2026/09/15 14:09:15.868, 2502 MHz, 0x0000000000000000, 71, 43.08 W
2026/09/15 14:09:16.868, 2502 MHz, 0x0000000000000000, 71, 42.92 W
2026/09/15 14:09:17.869, 2502 MHz, 0x0000000000000000, 71, 43.26 W
2026/09/15 14:09:18.869, 2502 MHz, 0x0000000000000000, 71, 43.39 W
2026/09/15 14:09:19.869, 2502 MHz, 0x0000000000000000, 70, 39.12 W
2026/09/15 14:09:20.870, 2502 MHz, 0x0000000000000000, 71, 42.27 W
2026/09/15 14:09:21.870, 2502 MHz, 0x0000000000000000, 71, 43.29 W
2026/09/15 14:09:22.870, 2502 MHz, 0x0000000000000000, 71, 42.94 W
2026/09/15 14:09:23.871, 2502 MHz, 0x0000000000000000, 71, 43.38 W
2026/09/15 14:09:24.871, 2502 MHz, 0x0000000000000000, 71, 43.45 W
2026/09/15 14:09:25.871, 2489 MHz, 0x0000000000000000, 69, 39.42 W
2026/09/15 14:09:26.872, 2502 MHz, 0x0000000000000000, 70, 39.46 W
2026/09/15 14:09:27.872, 2502 MHz, 0x0000000000000000, 71, 42.90 W
2026/09/15 14:09:28.872, 2502 MHz, 0x0000000000000000, 71, 43.30 W
2026/09/15 14:09:29.872, 2502 MHz, 0x0000000000000000, 71, 43.45 W
2026/09/15 14:09:30.873, 2502 MHz, 0x0000000000000000, 71, 43.38 W
2026/09/15 14:09:31.873, 2502 MHz, 0x0000000000000000, 70, 43.24 W
2026/09/15 14:09:32.873, 2502 MHz, 0x0000000000000000, 70, 38.16 W
2026/09/15 14:09:33.873, 2502 MHz, 0x0000000000000000, 70, 39.08 W
2026/09/15 14:09:34.874, 2502 MHz, 0x0000000000000000, 70, 39.10 W
2026/09/15 14:09:35.874, 2502 MHz, 0x0000000000000000, 70, 39.04 W
2026/09/15 14:09:36.874, 2496 MHz, 0x0000000000000000, 68, 36.43 W
2026/09/15 14:09:37.875, 2502 MHz, 0x0000000000000000, 70, 38.98 W
2026/09/15 14:09:38.875, 2502 MHz, 0x0000000000000000, 70, 42.29 W
2026/09/15 14:09:39.875, 2502 MHz, 0x0000000000000000, 70, 42.81 W
2026/09/15 14:09:40.876, 2502 MHz, 0x0000000000000000, 70, 42.87 W
2026/09/15 14:09:41.876, 2502 MHz, 0x0000000000000000, 70, 42.92 W
2026/09/15 14:09:42.877, 2502 MHz, 0x0000000000000000, 70, 41.22 W
2026/09/15 14:09:43.877, 2496 MHz, 0x0000000000000000, 71, 46.20 W
2026/09/15 14:09:44.878, 2502 MHz, 0x0000000000000000, 70, 42.72 W
2026/09/15 14:09:45.878, 2502 MHz, 0x0000000000000000, 70, 42.94 W
2026/09/15 14:09:46.879, 2502 MHz, 0x0000000000000000, 70, 43.00 W
2026/09/15 14:09:47.879, 2502 MHz, 0x0000000000000000, 70, 43.01 W
2026/09/15 14:09:48.880, 2502 MHz, 0x0000000000000000, 70, 43.06 W
2026/09/15 14:09:49.880, 2502 MHz, 0x0000000000000000, 70, 38.52 W
2026/09/15 14:09:50.880, 2502 MHz, 0x0000000000000000, 70, 42.14 W
2026/09/15 14:09:51.881, 2502 MHz, 0x0000000000000000, 70, 42.58 W
2026/09/15 14:09:52.881, 2502 MHz, 0x0000000000000000, 70, 42.83 W
2026/09/15 14:09:53.882, 2502 MHz, 0x0000000000000000, 70, 43.12 W
2026/09/15 14:09:54.882, 2502 MHz, 0x0000000000000000, 70, 42.90 W
2026/09/15 14:09:55.883, 2502 MHz, 0x0000000000000000, 70, 38.53 W
2026/09/15 14:09:56.883, 2502 MHz, 0x0000000000000000, 70, 42.08 W
2026/09/15 14:09:57.884, 2502 MHz, 0x0000000000000000, 70, 42.51 W
2026/09/15 14:09:58.885, 2502 MHz, 0x0000000000000000, 70, 42.96 W
2026/09/15 14:09:59.885, 2502 MHz, 0x0000000000000000, 70, 43.09 W
2026/09/15 14:10:00.885, 2502 MHz, 0x0000000000000000, 70, 42.78 W
2026/09/15 14:10:01.885, 2502 MHz, 0x0000000000000000, 68, 38.30 W
2026/09/15 14:10:02.886, 2502 MHz, 0x0000000000000000, 70, 38.41 W
2026/09/15 14:10:03.886, 2502 MHz, 0x0000000000000000, 70, 41.75 W
2026/09/15 14:10:04.887, 2502 MHz, 0x0000000000000000, 70, 42.37 W
2026/09/15 14:10:05.887, 2502 MHz, 0x0000000000000000, 70, 42.72 W
2026/09/15 14:10:06.888, 2502 MHz, 0x0000000000000000, 70, 42.72 W
2026/09/15 14:10:07.888, 2483 MHz, 0x0000000000000000, 68, 38.04 W
2026/09/15 14:10:08.888, 2502 MHz, 0x0000000000000000, 69, 38.24 W
2026/09/15 14:10:09.889, 2502 MHz, 0x0000000000000000, 69, 36.44 W
2026/09/15 14:10:10.889, 2502 MHz, 0x0000000000000000, 69, 40.37 W
2026/09/15 14:10:11.890, 2502 MHz, 0x0000000000000000, 70, 39.95 W
2026/09/15 14:10:12.890, 2502 MHz, 0x0000000000000000, 70, 41.93 W
2026/09/15 14:10:13.890, 2502 MHz, 0x0000000000000000, 70, 41.17 W
2026/09/15 14:10:14.890, 2502 MHz, 0x0000000000000000, 70, 39.87 W
2026/09/15 14:10:15.890, 2502 MHz, 0x0000000000000000, 70, 41.99 W
2026/09/15 14:10:16.891, 2502 MHz, 0x0000000000000000, 69, 40.77 W
2026/09/15 14:10:17.891, 2502 MHz, 0x0000000000000000, 70, 39.85 W
2026/09/15 14:10:18.892, 2502 MHz, 0x0000000000000000, 70, 41.85 W
2026/09/15 14:10:19.892, 2502 MHz, 0x0000000000000000, 70, 40.65 W
2026/09/15 14:10:20.892, 2502 MHz, 0x0000000000000000, 70, 41.00 W
2026/09/15 14:10:21.892, 2502 MHz, 0x0000000000000000, 70, 40.94 W
2026/09/15 14:10:22.893, 2502 MHz, 0x0000000000000000, 70, 40.83 W
2026/09/15 14:10:23.893, 2502 MHz, 0x0000000000000000, 70, 41.02 W
2026/09/15 14:10:24.893, 2483 MHz, 0x0000000000000000, 67, 37.21 W
2026/09/15 14:10:25.894, 2502 MHz, 0x0000000000000000, 68, 20.61 W
2026/09/15 14:10:26.894, 2476 MHz, 0x0000000000000000, 72, 44.86 W
2026/09/15 14:10:27.894, 2470 MHz, 0x0000000000000000, 74, 58.38 W
2026/09/15 14:10:28.895, 2470 MHz, 0x0000000000000000, 74, 59.19 W
2026/09/15 14:10:29.895, 2483 MHz, 0x0000000000000000, 73, 49.09 W
2026/09/15 14:10:30.895, 2470 MHz, 0x0000000000000000, 74, 58.49 W
2026/09/15 14:10:31.895, 2470 MHz, 0x0000000000000000, 74, 58.87 W
2026/09/15 14:10:32.896, 2411 MHz, 0x0000000000000000, 66, 38.37 W
2026/09/15 14:10:33.896, 2470 MHz, 0x0000000000000000, 73, 51.10 W
2026/09/15 14:10:34.896, 2470 MHz, 0x0000000000000000, 74, 58.81 W
2026/09/15 14:10:35.896, 2470 MHz, 0x0000000000000000, 75, 58.31 W
2026/09/15 14:10:36.897, 2470 MHz, 0x0000000000000000, 73, 59.19 W
2026/09/15 14:10:37.897, 2470 MHz, 0x0000000000000000, 72, 59.63 W
2026/09/15 14:10:38.897, 2463 MHz, 0x0000000000000000, 72, 60.62 W
2026/09/15 14:10:39.898, 2470 MHz, 0x0000000000000000, 72, 60.86 W
2026/09/15 14:10:40.898, 2470 MHz, 0x0000000000000000, 73, 61.09 W
2026/09/15 14:10:41.898, 2470 MHz, 0x0000000000000000, 73, 61.81 W
2026/09/15 14:10:42.899, 2470 MHz, 0x0000000000000000, 77, 61.40 W
2026/09/15 14:10:43.900, 2470 MHz, 0x0000000000000000, 76, 62.50 W
2026/09/15 14:10:44.900, 2470 MHz, 0x0000000000000000, 76, 62.07 W
2026/09/15 14:10:45.901, 2470 MHz, 0x0000000000000000, 76, 62.71 W
2026/09/15 14:10:46.901, 2470 MHz, 0x0000000000000000, 76, 62.93 W
2026/09/15 14:10:47.902, 2470 MHz, 0x0000000000000000, 78, 63.35 W
2026/09/15 14:10:48.902, 2470 MHz, 0x0000000000000000, 78, 63.67 W
2026/09/15 14:10:49.903, 2470 MHz, 0x0000000000000000, 76, 63.75 W
2026/09/15 14:10:50.903, 2470 MHz, 0x0000000000000000, 78, 64.21 W
2026/09/15 14:10:51.904, 2470 MHz, 0x0000000000000000, 77, 64.03 W
2026/09/15 14:10:52.904, 2470 MHz, 0x0000000000000000, 77, 63.86 W
2026/09/15 14:10:53.904, 2470 MHz, 0x0000000000000000, 77, 66.54 W
2026/09/15 14:10:54.905, 2470 MHz, 0x0000000000000000, 77, 64.78 W
2026/09/15 14:10:55.906, 2470 MHz, 0x0000000000000000, 77, 64.85 W
2026/09/15 14:10:56.906, 2470 MHz, 0x0000000000000000, 77, 64.95 W
2026/09/15 14:10:57.907, 2470 MHz, 0x0000000000000000, 77, 65.40 W
2026/09/15 14:10:58.907, 2470 MHz, 0x0000000000000000, 78, 66.07 W
2026/09/15 14:10:59.908, 2470 MHz, 0x0000000000000000, 80, 66.64 W
2026/09/15 14:11:00.909, 2470 MHz, 0x0000000000000000, 78, 67.12 W
2026/09/15 14:11:01.909, 2470 MHz, 0x0000000000000000, 80, 66.60 W
2026/09/15 14:11:02.910, 2470 MHz, 0x0000000000000004, 78, 66.52 W
2026/09/15 14:11:03.910, 2470 MHz, 0x0000000000000000, 78, 66.48 W
2026/09/15 14:11:04.911, 2470 MHz, 0x0000000000000000, 79, 67.62 W
2026/09/15 14:11:05.911, 2463 MHz, 0x0000000000000004, 78, 68.28 W
2026/09/15 14:11:06.912, 2470 MHz, 0x0000000000000000, 78, 67.18 W
2026/09/15 14:11:07.912, 2463 MHz, 0x0000000000000000, 79, 67.18 W
2026/09/15 14:11:08.912, 2463 MHz, 0x0000000000000000, 78, 67.10 W
2026/09/15 14:11:09.913, 2463 MHz, 0x0000000000000000, 81, 69.32 W
2026/09/15 14:11:10.913, 2463 MHz, 0x0000000000000000, 81, 68.74 W
2026/09/15 14:11:11.913, 2463 MHz, 0x0000000000000000, 81, 68.08 W
2026/09/15 14:11:12.914, 2463 MHz, 0x0000000000000000, 80, 68.21 W
2026/09/15 14:11:13.914, 2463 MHz, 0x0000000000000000, 81, 68.90 W
2026/09/15 14:11:14.915, 2457 MHz, 0x0000000000000000, 79, 69.75 W
2026/09/15 14:11:15.915, 2463 MHz, 0x0000000000000000, 79, 69.05 W
2026/09/15 14:11:16.916, 2463 MHz, 0x0000000000000000, 80, 68.97 W
2026/09/15 14:11:17.916, 2463 MHz, 0x0000000000000000, 82, 68.83 W
2026/09/15 14:11:18.917, 2457 MHz, 0x0000000000000004, 79, 70.20 W
2026/09/15 14:11:19.917, 2457 MHz, 0x0000000000000000, 80, 69.66 W
2026/09/15 14:11:20.918, 2463 MHz, 0x0000000000000000, 79, 68.78 W
2026/09/15 14:11:21.918, 2457 MHz, 0x0000000000000000, 78, 70.76 W
2026/09/15 14:11:22.918, 2457 MHz, 0x0000000000000000, 81, 70.02 W
2026/09/15 14:11:23.919, 2457 MHz, 0x0000000000000004, 80, 70.24 W
2026/09/15 14:11:24.919, 2463 MHz, 0x0000000000000000, 80, 69.52 W
2026/09/15 14:11:25.920, 2450 MHz, 0x0000000000000000, 80, 71.24 W
2026/09/15 14:11:26.921, 2463 MHz, 0x0000000000000000, 80, 48.72 W
2026/09/15 14:11:27.921, 2457 MHz, 0x0000000000000000, 79, 69.17 W
2026/09/15 14:11:28.922, 2457 MHz, 0x0000000000000000, 80, 71.58 W
2026/09/15 14:11:29.922, 2483 MHz, 0x0000000000000000, 75, 49.08 W
2026/09/15 14:11:30.922, 2483 MHz, 0x0000000000000000, 74, 41.35 W
2026/09/15 14:11:31.922, 2483 MHz, 0x0000000000000000, 74, 41.09 W
2026/09/15 14:11:32.922, 2483 MHz, 0x0000000000000000, 74, 40.94 W
2026/09/15 14:11:33.923, 2483 MHz, 0x0000000000000000, 74, 41.05 W
2026/09/15 14:11:34.923, 2483 MHz, 0x0000000000000000, 73, 40.86 W
2026/09/15 14:11:35.924, 2483 MHz, 0x0000000000000000, 73, 40.69 W
2026/09/15 14:11:36.925, 2411 MHz, 0x0000000000000000, 68, 16.32 W
2026/09/15 14:11:37.925, 2411 MHz, 0x0000000000000000, 69, 16.05 W
2026/09/15 14:11:38.925, 2502 MHz, 0x0000000000000000, 72, 39.33 W
2026/09/15 14:11:39.926, 2502 MHz, 0x0000000000000000, 72, 39.09 W
2026/09/15 14:11:40.927, 2502 MHz, 0x0000000000000000, 72, 39.44 W
2026/09/15 14:11:41.927, 2502 MHz, 0x0000000000000000, 72, 39.36 W
2026/09/15 14:11:42.927, 2502 MHz, 0x0000000000000000, 72, 39.30 W
2026/09/15 14:11:43.928, 2502 MHz, 0x0000000000000000, 72, 39.43 W
2026/09/15 14:11:44.929, 2502 MHz, 0x0000000000000000, 71, 39.24 W
2026/09/15 14:11:45.929, 2502 MHz, 0x0000000000000000, 71, 39.37 W
2026/09/15 14:11:46.930, 2502 MHz, 0x0000000000000000, 71, 39.35 W
2026/09/15 14:11:47.930, 2502 MHz, 0x0000000000000000, 71, 39.30 W
2026/09/15 14:11:48.930, 2502 MHz, 0x0000000000000000, 71, 39.07 W
2026/09/15 14:11:49.931, 2502 MHz, 0x0000000000000000, 71, 39.18 W
2026/09/15 14:11:50.932, 2502 MHz, 0x0000000000000000, 71, 39.14 W
2026/09/15 14:11:51.932, 2502 MHz, 0x0000000000000000, 71, 39.04 W
2026/09/15 14:11:52.933, 2502 MHz, 0x0000000000000000, 71, 38.98 W
2026/09/15 14:11:53.933, 2502 MHz, 0x0000000000000000, 71, 38.91 W
2026/09/15 14:11:54.934, 2502 MHz, 0x0000000000000000, 71, 38.90 W
2026/09/15 14:11:55.934, 2502 MHz, 0x0000000000000000, 71, 38.92 W
2026/09/15 14:11:56.934, 2502 MHz, 0x0000000000000000, 71, 38.49 W
2026/09/15 14:11:57.935, 2502 MHz, 0x0000000000000000, 71, 38.49 W
2026/09/15 14:11:58.936, 2502 MHz, 0x0000000000000000, 70, 38.73 W
2026/09/15 14:11:59.937, 2502 MHz, 0x0000000000000000, 70, 38.83 W
2026/09/15 14:12:00.937, 2502 MHz, 0x0000000000000000, 70, 38.99 W
2026/09/15 14:12:01.938, 2502 MHz, 0x0000000000000000, 70, 38.71 W
2026/09/15 14:12:02.939, 2502 MHz, 0x0000000000000000, 70, 38.47 W
2026/09/15 14:12:03.940, 2502 MHz, 0x0000000000000000, 70, 38.49 W
2026/09/15 14:12:04.940, 2502 MHz, 0x0000000000000000, 70, 38.51 W
2026/09/15 14:12:05.941, 2502 MHz, 0x0000000000000000, 70, 38.65 W
2026/09/15 14:12:06.941, 2502 MHz, 0x0000000000000000, 70, 38.55 W
2026/09/15 14:12:07.942, 2502 MHz, 0x0000000000000000, 70, 38.61 W
2026/09/15 14:12:08.942, 2502 MHz, 0x0000000000000000, 70, 38.64 W
2026/09/15 14:12:09.943, 2502 MHz, 0x0000000000000000, 70, 38.47 W
2026/09/15 14:12:10.943, 2502 MHz, 0x0000000000000000, 70, 38.58 W
2026/09/15 14:12:11.944, 2502 MHz, 0x0000000000000000, 70, 38.69 W
2026/09/15 14:12:12.944, 2502 MHz, 0x0000000000000000, 70, 38.65 W
2026/09/15 14:12:13.945, 2411 MHz, 0x0000000000000000, 66, 29.14 W
2026/09/15 14:12:14.945, 2411 MHz, 0x0000000000000000, 65, 14.46 W
2026/09/15 14:12:15.946, 2411 MHz, 0x0000000000000000, 64, 14.33 W
2026/09/15 14:12:16.946, 2489 MHz, 0x0000000000000000, 72, 29.59 W
2026/09/15 14:12:17.947, 2476 MHz, 0x0000000000000000, 73, 58.18 W
2026/09/15 14:12:18.947, 2470 MHz, 0x0000000000000000, 73, 59.13 W
2026/09/15 14:12:19.948, 2470 MHz, 0x0000000000000000, 74, 59.49 W
2026/09/15 14:12:20.948, 2470 MHz, 0x0000000000000000, 74, 59.41 W
2026/09/15 14:12:21.949, 2476 MHz, 0x0000000000000000, 74, 59.33 W
2026/09/15 14:12:22.949, 2411 MHz, 0x0000000000000000, 65, 22.47 W
2026/09/15 14:12:23.950, 2470 MHz, 0x0000000000000000, 73, 46.21 W
2026/09/15 14:12:24.950, 2476 MHz, 0x0000000000000000, 71, 58.58 W
2026/09/15 14:12:25.951, 2502 MHz, 0x0000000000000000, 70, 39.33 W
2026/09/15 14:12:26.951, 2502 MHz, 0x0000000000000000, 70, 38.72 W
2026/09/15 14:12:27.952, 2502 MHz, 0x0000000000000000, 69, 38.45 W
2026/09/15 14:12:28.952, 2502 MHz, 0x0000000000000000, 70, 38.72 W
2026/09/15 14:12:29.952, 2502 MHz, 0x0000000000000000, 70, 38.54 W
2026/09/15 14:12:30.952, 2502 MHz, 0x0000000000000000, 69, 38.88 W
2026/09/15 14:12:31.952, 2502 MHz, 0x0000000000000000, 69, 38.72 W
2026/09/15 14:12:32.953, 2502 MHz, 0x0000000000000000, 69, 38.39 W
2026/09/15 14:12:33.954, 2502 MHz, 0x0000000000000000, 69, 38.69 W
2026/09/15 14:12:34.954, 2502 MHz, 0x0000000000000000, 69, 38.76 W
2026/09/15 14:12:35.955, 2502 MHz, 0x0000000000000000, 69, 38.60 W
2026/09/15 14:12:36.955, 2502 MHz, 0x0000000000000000, 69, 38.73 W
2026/09/15 14:12:37.956, 2502 MHz, 0x0000000000000000, 69, 38.78 W
2026/09/15 14:12:38.956, 2502 MHz, 0x0000000000000000, 69, 38.45 W
2026/09/15 14:12:39.956, 2502 MHz, 0x0000000000000000, 69, 38.39 W
2026/09/15 14:12:40.957, 2502 MHz, 0x0000000000000000, 69, 38.32 W
2026/09/15 14:12:41.957, 2502 MHz, 0x0000000000000000, 69, 38.14 W
2026/09/15 14:12:42.957, 2502 MHz, 0x0000000000000000, 69, 38.46 W
2026/09/15 14:12:43.958, 2502 MHz, 0x0000000000000000, 69, 38.31 W
2026/09/15 14:12:44.958, 2502 MHz, 0x0000000000000000, 69, 38.25 W
2026/09/15 14:12:45.959, 2502 MHz, 0x0000000000000000, 69, 38.36 W
2026/09/15 14:12:46.959, 2502 MHz, 0x0000000000000000, 69, 38.30 W
2026/09/15 14:12:47.959, 2502 MHz, 0x0000000000000000, 69, 38.30 W
2026/09/15 14:12:48.960, 2502 MHz, 0x0000000000000000, 69, 38.35 W
2026/09/15 14:12:49.960, 2502 MHz, 0x0000000000000000, 69, 38.31 W
2026/09/15 14:12:50.961, 2502 MHz, 0x0000000000000000, 69, 38.26 W
2026/09/15 14:12:51.961, 2502 MHz, 0x0000000000000000, 69, 38.27 W
2026/09/15 14:12:52.962, 2502 MHz, 0x0000000000000000, 69, 38.28 W
2026/09/15 14:12:53.962, 2502 MHz, 0x0000000000000000, 69, 38.51 W
2026/09/15 14:12:54.962, 2502 MHz, 0x0000000000000000, 69, 38.34 W
2026/09/15 14:12:55.962, 2502 MHz, 0x0000000000000000, 69, 38.25 W
2026/09/15 14:12:56.963, 2502 MHz, 0x0000000000000000, 69, 38.42 W
2026/09/15 14:12:57.963, 2502 MHz, 0x0000000000000000, 69, 38.32 W
2026/09/15 14:12:58.963, 2502 MHz, 0x0000000000000000, 67, 37.26 W
2026/09/15 14:12:59.964, 2411 MHz, 0x0000000000000000, 64, 14.31 W
2026/09/15 14:13:00.965, 2411 MHz, 0x0000000000000000, 63, 14.08 W
2026/09/15 14:13:01.965, 2411 MHz, 0x0000000000000000, 63, 13.96 W
2026/09/15 14:13:02.965, 2470 MHz, 0x0000000000000000, 72, 56.89 W
2026/09/15 14:13:03.966, 2470 MHz, 0x0000000000000000, 72, 58.37 W
2026/09/15 14:13:04.966, 2470 MHz, 0x0000000000000000, 72, 58.99 W
2026/09/15 14:13:05.966, 2470 MHz, 0x0000000000000000, 74, 59.21 W
2026/09/15 14:13:06.966, 2470 MHz, 0x0000000000000000, 74, 59.63 W
2026/09/15 14:13:07.967, 2470 MHz, 0x0000000000000000, 74, 60.02 W
2026/09/15 14:13:08.967, 2470 MHz, 0x0000000000000000, 73, 60.24 W
2026/09/15 14:13:09.967, 2470 MHz, 0x0000000000000000, 74, 60.73 W
2026/09/15 14:13:10.967, 2470 MHz, 0x0000000000000000, 74, 60.98 W
2026/09/15 14:13:11.968, 2470 MHz, 0x0000000000000000, 74, 61.18 W
2026/09/15 14:13:12.968, 2470 MHz, 0x0000000000000000, 74, 61.08 W
2026/09/15 14:13:13.968, 2411 MHz, 0x0000000000000000, 66, 28.89 W
2026/09/15 14:13:14.968, 2437 MHz, 0x0000000000000000, 72, 24.13 W
2026/09/15 14:13:15.969, 2470 MHz, 0x0000000000000000, 73, 60.31 W
2026/09/15 14:13:16.969, 2502 MHz, 0x0000000000000000, 70, 43.64 W
2026/09/15 14:13:17.969, 2502 MHz, 0x0000000000000000, 69, 38.75 W
2026/09/15 14:13:18.970, 2502 MHz, 0x0000000000000000, 69, 38.98 W
2026/09/15 14:13:19.970, 2502 MHz, 0x0000000000000000, 69, 38.69 W
2026/09/15 14:13:20.970, 2502 MHz, 0x0000000000000000, 69, 38.76 W
2026/09/15 14:13:21.971, 2502 MHz, 0x0000000000000000, 69, 38.71 W
2026/09/15 14:13:22.971, 2502 MHz, 0x0000000000000000, 69, 38.51 W
2026/09/15 14:13:23.971, 2502 MHz, 0x0000000000000000, 69, 38.63 W
2026/09/15 14:13:24.972, 2502 MHz, 0x0000000000000000, 69, 38.34 W
2026/09/15 14:13:25.972, 2502 MHz, 0x0000000000000000, 69, 38.37 W
2026/09/15 14:13:26.972, 2502 MHz, 0x0000000000000000, 69, 38.47 W
2026/09/15 14:13:27.973, 2502 MHz, 0x0000000000000000, 69, 38.55 W
2026/09/15 14:13:28.973, 2502 MHz, 0x0000000000000000, 69, 38.21 W
2026/09/15 14:13:29.974, 2502 MHz, 0x0000000000000000, 69, 38.29 W
2026/09/15 14:13:30.974, 2502 MHz, 0x0000000000000000, 69, 38.13 W
2026/09/15 14:13:31.974, 2502 MHz, 0x0000000000000000, 69, 38.17 W
2026/09/15 14:13:32.975, 2502 MHz, 0x0000000000000000, 69, 38.49 W
2026/09/15 14:13:33.975, 2502 MHz, 0x0000000000000000, 69, 37.88 W
2026/09/15 14:13:34.976, 2502 MHz, 0x0000000000000000, 69, 38.01 W
2026/09/15 14:13:35.976, 2502 MHz, 0x0000000000000000, 69, 38.18 W
2026/09/15 14:13:36.977, 2502 MHz, 0x0000000000000000, 69, 38.12 W
2026/09/15 14:13:37.977, 2502 MHz, 0x0000000000000000, 69, 38.10 W
2026/09/15 14:13:38.978, 2502 MHz, 0x0000000000000000, 69, 38.17 W
2026/09/15 14:13:39.978, 2502 MHz, 0x0000000000000000, 69, 38.29 W
2026/09/15 14:13:40.979, 2502 MHz, 0x0000000000000000, 69, 38.42 W
2026/09/15 14:13:41.979, 2502 MHz, 0x0000000000000000, 69, 38.13 W
2026/09/15 14:13:42.979, 2502 MHz, 0x0000000000000000, 69, 38.31 W
2026/09/15 14:13:43.979, 2502 MHz, 0x0000000000000000, 69, 38.26 W
2026/09/15 14:13:44.980, 2502 MHz, 0x0000000000000000, 69, 38.41 W
2026/09/15 14:13:45.980, 2502 MHz, 0x0000000000000000, 69, 38.44 W
2026/09/15 14:13:46.981, 2502 MHz, 0x0000000000000000, 69, 38.34 W
2026/09/15 14:13:47.982, 2502 MHz, 0x0000000000000000, 69, 38.25 W
2026/09/15 14:13:48.982, 2502 MHz, 0x0000000000000000, 69, 38.46 W
2026/09/15 14:13:49.983, 2411 MHz, 0x0000000000000000, 64, 24.37 W
2026/09/15 14:13:50.983, 2411 MHz, 0x0000000000000000, 63, 14.12 W
2026/09/15 14:13:51.984, 2411 MHz, 0x0000000000000000, 63, 13.96 W
2026/09/15 14:13:52.984, 2489 MHz, 0x0000000000000000, 70, 35.52 W
2026/09/15 14:13:53.984, 2489 MHz, 0x0000000000000000, 72, 57.78 W
2026/09/15 14:13:54.985, 2476 MHz, 0x0000000000000000, 72, 58.36 W
2026/09/15 14:13:55.985, 2470 MHz, 0x0000000000000000, 72, 58.74 W
2026/09/15 14:13:56.985, 2470 MHz, 0x0000000000000000, 73, 59.21 W
2026/09/15 14:13:57.985, 2470 MHz, 0x0000000000000000, 74, 59.49 W
2026/09/15 14:13:58.985, 2470 MHz, 0x0000000000000000, 74, 60.16 W
2026/09/15 14:13:59.986, 2470 MHz, 0x0000000000000000, 74, 60.58 W
2026/09/15 14:14:00.986, 2470 MHz, 0x0000000000000000, 74, 60.70 W
2026/09/15 14:14:01.986, 2470 MHz, 0x0000000000000000, 75, 60.70 W
2026/09/15 14:14:02.987, 2470 MHz, 0x0000000000000000, 75, 61.48 W
2026/09/15 14:14:03.987, 2470 MHz, 0x0000000000000000, 76, 61.96 W
2026/09/15 14:14:04.987, 2470 MHz, 0x0000000000000000, 76, 62.15 W
2026/09/15 14:14:05.987, 2470 MHz, 0x0000000000000000, 75, 62.44 W
2026/09/15 14:14:06.988, 2470 MHz, 0x0000000000000000, 75, 62.78 W
2026/09/15 14:14:07.988, 2463 MHz, 0x0000000000000000, 76, 63.01 W
2026/09/15 14:14:08.989, 2470 MHz, 0x0000000000000000, 75, 63.48 W
2026/09/15 14:14:09.989, 2470 MHz, 0x0000000000000000, 73, 64.04 W
2026/09/15 14:14:10.989, 2470 MHz, 0x0000000000000000, 77, 64.95 W
2026/09/15 14:14:11.989, 2470 MHz, 0x0000000000000000, 77, 64.59 W
2026/09/15 14:14:12.990, 2470 MHz, 0x0000000000000000, 77, 64.73 W
2026/09/15 14:14:13.990, 2470 MHz, 0x0000000000000000, 79, 64.41 W
2026/09/15 14:14:14.990, 2470 MHz, 0x0000000000000000, 78, 64.86 W
2026/09/15 14:14:15.990, 2470 MHz, 0x0000000000000000, 77, 64.75 W
2026/09/15 14:14:16.991, 2411 MHz, 0x0000000000000000, 69, 36.84 W
2026/09/15 14:14:17.991, 2411 MHz, 0x0000000000000000, 68, 16.48 W
2026/09/15 14:14:18.991, 2470 MHz, 0x0000000000000000, 77, 66.10 W
2026/09/15 14:14:19.991, 2470 MHz, 0x0000000000000000, 73, 57.86 W
2026/09/15 14:14:20.992, 2483 MHz, 0x0000000000000000, 72, 39.67 W
2026/09/15 14:14:21.992, 2483 MHz, 0x0000000000000000, 72, 39.89 W
2026/09/15 14:14:22.993, 2483 MHz, 0x0000000000000000, 72, 39.88 W
2026/09/15 14:14:23.993, 2483 MHz, 0x0000000000000000, 72, 39.69 W
2026/09/15 14:14:24.993, 2483 MHz, 0x0000000000000000, 72, 39.78 W
2026/09/15 14:14:25.994, 2483 MHz, 0x0000000000000000, 72, 39.43 W
2026/09/15 14:14:26.994, 2483 MHz, 0x0000000000000000, 72, 39.84 W
2026/09/15 14:14:27.995, 2483 MHz, 0x0000000000000000, 72, 39.46 W
2026/09/15 14:14:28.995, 2483 MHz, 0x0000000000000000, 72, 39.62 W
2026/09/15 14:14:29.996, 2483 MHz, 0x0000000000000000, 72, 39.47 W
2026/09/15 14:14:30.996, 2483 MHz, 0x0000000000000000, 72, 39.49 W
2026/09/15 14:14:31.996, 2483 MHz, 0x0000000000000000, 72, 39.61 W
2026/09/15 14:14:32.997, 2483 MHz, 0x0000000000000000, 72, 39.32 W
2026/09/15 14:14:33.997, 2483 MHz, 0x0000000000000000, 72, 39.46 W
2026/09/15 14:14:34.997, 2483 MHz, 0x0000000000000000, 72, 39.39 W
2026/09/15 14:14:35.998, 2483 MHz, 0x0000000000000000, 72, 39.20 W
2026/09/15 14:14:36.998, 2483 MHz, 0x0000000000000000, 72, 39.38 W
2026/09/15 14:14:37.999, 2483 MHz, 0x0000000000000000, 72, 39.29 W
2026/09/15 14:14:38.999, 2483 MHz, 0x0000000000000000, 72, 39.31 W
2026/09/15 14:14:39.999, 2483 MHz, 0x0000000000000000, 72, 39.21 W
2026/09/15 14:14:41.000, 2483 MHz, 0x0000000000000000, 72, 39.38 W
2026/09/15 14:14:42.000, 2483 MHz, 0x0000000000000000, 72, 39.38 W
2026/09/15 14:14:43.000, 2483 MHz, 0x0000000000000000, 72, 39.33 W
2026/09/15 14:14:44.001, 2483 MHz, 0x0000000000000000, 72, 39.28 W
2026/09/15 14:14:45.001, 2483 MHz, 0x0000000000000000, 72, 39.46 W
2026/09/15 14:14:46.002, 2483 MHz, 0x0000000000000000, 72, 39.27 W
2026/09/15 14:14:47.002, 2483 MHz, 0x0000000000000000, 72, 39.33 W
2026/09/15 14:14:48.002, 2483 MHz, 0x0000000000000000, 72, 39.50 W
2026/09/15 14:14:49.003, 2483 MHz, 0x0000000000000000, 72, 39.55 W
2026/09/15 14:14:50.003, 2483 MHz, 0x0000000000000000, 72, 39.28 W
2026/09/15 14:14:51.004, 2483 MHz, 0x0000000000000000, 72, 39.36 W
2026/09/15 14:14:52.005, 2483 MHz, 0x0000000000000000, 72, 39.43 W
2026/09/15 14:14:53.005, 2483 MHz, 0x0000000000000000, 72, 39.30 W
2026/09/15 14:14:54.006, 2411 MHz, 0x0000000000000000, 68, 27.81 W
2026/09/15 14:14:55.006, 2411 MHz, 0x0000000000000000, 67, 14.79 W
2026/09/15 14:14:56.007, 2411 MHz, 0x0000000000000000, 66, 14.65 W
2026/09/15 14:14:57.008, 2457 MHz, 0x0000000000000000, 74, 27.30 W
2026/09/15 14:14:58.008, 2470 MHz, 0x0000000000000000, 74, 58.64 W
2026/09/15 14:14:59.009, 2470 MHz, 0x0000000000000000, 76, 59.67 W
2026/09/15 14:15:00.009, 2470 MHz, 0x0000000000000000, 76, 60.22 W
2026/09/15 14:15:01.009, 2470 MHz, 0x0000000000000000, 76, 60.21 W
2026/09/15 14:15:02.009, 2470 MHz, 0x0000000000000000, 76, 60.38 W
2026/09/15 14:15:03.009, 2470 MHz, 0x0000000000000000, 77, 61.05 W
2026/09/15 14:15:04.010, 2470 MHz, 0x0000000000000000, 77, 61.58 W
2026/09/15 14:15:05.010, 2470 MHz, 0x0000000000000000, 77, 62.10 W
2026/09/15 14:15:06.010, 2470 MHz, 0x0000000000000000, 78, 62.30 W
2026/09/15 14:15:07.011, 2470 MHz, 0x0000000000000000, 78, 62.36 W
2026/09/15 14:15:08.011, 2470 MHz, 0x0000000000000000, 79, 62.79 W
2026/09/15 14:15:09.011, 2470 MHz, 0x0000000000000000, 78, 62.96 W
2026/09/15 14:15:10.012, 2470 MHz, 0x0000000000000000, 78, 63.74 W
2026/09/15 14:15:11.012, 2470 MHz, 0x0000000000000000, 78, 64.03 W
2026/09/15 14:15:12.013, 2470 MHz, 0x0000000000000000, 76, 64.18 W
2026/09/15 14:15:13.013, 2463 MHz, 0x0000000000000000, 79, 66.00 W
2026/09/15 14:15:14.013, 2470 MHz, 0x0000000000000000, 79, 65.08 W
2026/09/15 14:15:15.013, 2463 MHz, 0x0000000000000000, 79, 65.30 W
2026/09/15 14:15:16.014, 2457 MHz, 0x0000000000000000, 80, 64.87 W
2026/09/15 14:15:17.014, 2463 MHz, 0x0000000000000000, 81, 65.11 W
2026/09/15 14:15:18.014, 2457 MHz, 0x0000000000000000, 81, 65.76 W
2026/09/15 14:15:19.015, 2457 MHz, 0x0000000000000004, 80, 65.68 W
2026/09/15 14:15:20.015, 2457 MHz, 0x0000000000000000, 77, 65.63 W
2026/09/15 14:15:21.016, 2457 MHz, 0x0000000000000000, 80, 67.57 W
2026/09/15 14:15:22.016, 2444 MHz, 0x0000000000000004, 81, 66.55 W
2026/09/15 14:15:23.016, 2444 MHz, 0x0000000000000000, 83, 66.28 W
2026/09/15 14:15:24.017, 2450 MHz, 0x0000000000000000, 81, 67.15 W
2026/09/15 14:15:25.017, 2450 MHz, 0x0000000000000000, 82, 66.56 W
2026/09/15 14:15:26.017, 2444 MHz, 0x0000000000000000, 81, 67.26 W
2026/09/15 14:15:27.018, 2444 MHz, 0x0000000000000000, 83, 67.77 W
2026/09/15 14:15:28.018, 2444 MHz, 0x0000000000000000, 82, 67.77 W
2026/09/15 14:15:29.019, 2444 MHz, 0x0000000000000000, 81, 67.60 W
2026/09/15 14:15:30.019, 2450 MHz, 0x0000000000000000, 81, 67.88 W
2026/09/15 14:15:31.019, 2444 MHz, 0x0000000000000000, 84, 70.18 W
2026/09/15 14:15:32.019, 2444 MHz, 0x0000000000000000, 83, 68.48 W
2026/09/15 14:15:33.020, 2444 MHz, 0x0000000000000000, 83, 68.33 W
2026/09/15 14:15:34.020, 2450 MHz, 0x0000000000000000, 82, 68.77 W
2026/09/15 14:15:35.020, 2444 MHz, 0x0000000000000000, 80, 68.81 W
2026/09/15 14:15:36.020, 2444 MHz, 0x0000000000000000, 82, 70.73 W
2026/09/15 14:15:37.021, 2444 MHz, 0x0000000000000000, 82, 69.55 W
2026/09/15 14:15:38.021, 2450 MHz, 0x0000000000000000, 84, 69.40 W
2026/09/15 14:15:39.021, 2444 MHz, 0x0000000000000000, 84, 69.10 W
2026/09/15 14:15:40.022, 2444 MHz, 0x0000000000000000, 84, 71.35 W
2026/09/15 14:15:41.022, 2444 MHz, 0x0000000000000000, 83, 69.99 W
2026/09/15 14:15:42.023, 2444 MHz, 0x0000000000000000, 83, 70.01 W
2026/09/15 14:15:43.023, 2444 MHz, 0x0000000000000000, 82, 69.28 W
2026/09/15 14:15:44.024, 2444 MHz, 0x0000000000000000, 82, 72.11 W
2026/09/15 14:15:45.024, 2444 MHz, 0x0000000000000000, 85, 70.68 W
2026/09/15 14:15:46.024, 2450 MHz, 0x0000000000000000, 83, 70.33 W
2026/09/15 14:15:47.024, 2444 MHz, 0x0000000000000000, 84, 71.26 W
2026/09/15 14:15:48.025, 2444 MHz, 0x0000000000000000, 83, 71.78 W
2026/09/15 14:15:49.025, 2444 MHz, 0x0000000000000000, 85, 70.96 W
2026/09/15 14:15:50.025, 2437 MHz, 0x0000000000000000, 75, 56.31 W
2026/09/15 14:15:51.026, 2398 MHz, 0x0000000000000000, 72, 16.92 W
2026/09/15 14:15:52.026, 2444 MHz, 0x0000000000000000, 82, 64.43 W
2026/09/15 14:15:53.026, 2444 MHz, 0x0000000000000000, 84, 70.43 W
2026/09/15 14:15:54.026, 2444 MHz, 0x0000000000000000, 78, 65.84 W
2026/09/15 14:15:55.027, 2483 MHz, 0x0000000000000000, 77, 41.95 W
2026/09/15 14:15:56.027, 2483 MHz, 0x0000000000000000, 76, 41.60 W
2026/09/15 14:15:57.028, 2483 MHz, 0x0000000000000000, 76, 41.33 W
2026/09/15 14:15:58.028, 2483 MHz, 0x0000000000000000, 76, 41.43 W
2026/09/15 14:15:59.028, 2483 MHz, 0x0000000000000000, 76, 41.14 W
2026/09/15 14:16:00.029, 2483 MHz, 0x0000000000000000, 75, 40.96 W
2026/09/15 14:16:01.029, 2483 MHz, 0x0000000000000000, 75, 40.81 W
2026/09/15 14:16:02.030, 2483 MHz, 0x0000000000000000, 75, 40.77 W
2026/09/15 14:16:03.030, 2483 MHz, 0x0000000000000000, 75, 40.58 W
2026/09/15 14:16:04.030, 2483 MHz, 0x0000000000000000, 75, 40.81 W
2026/09/15 14:16:05.031, 2483 MHz, 0x0000000000000000, 75, 40.69 W
2026/09/15 14:16:06.031, 2483 MHz, 0x0000000000000000, 74, 40.59 W
2026/09/15 14:16:07.031, 2483 MHz, 0x0000000000000000, 74, 40.78 W
2026/09/15 14:16:08.031, 2483 MHz, 0x0000000000000000, 74, 40.76 W
2026/09/15 14:16:09.031, 2483 MHz, 0x0000000000000000, 74, 40.63 W
2026/09/15 14:16:10.032, 2483 MHz, 0x0000000000000000, 74, 40.49 W
2026/09/15 14:16:11.032, 2483 MHz, 0x0000000000000000, 74, 40.65 W
2026/09/15 14:16:12.032, 2483 MHz, 0x0000000000000000, 74, 40.55 W
2026/09/15 14:16:13.033, 2483 MHz, 0x0000000000000000, 74, 40.58 W
2026/09/15 14:16:14.033, 2483 MHz, 0x0000000000000000, 73, 40.33 W
2026/09/15 14:16:15.034, 2483 MHz, 0x0000000000000000, 73, 40.42 W
2026/09/15 14:16:16.034, 2483 MHz, 0x0000000000000000, 73, 40.44 W
2026/09/15 14:16:17.034, 2483 MHz, 0x0000000000000000, 73, 40.52 W
2026/09/15 14:16:18.034, 2483 MHz, 0x0000000000000000, 73, 40.40 W
2026/09/15 14:16:19.035, 2483 MHz, 0x0000000000000000, 73, 40.34 W
2026/09/15 14:16:20.036, 2483 MHz, 0x0000000000000000, 73, 40.35 W
2026/09/15 14:16:21.036, 2483 MHz, 0x0000000000000000, 73, 40.27 W
2026/09/15 14:16:22.036, 2483 MHz, 0x0000000000000000, 73, 40.47 W
2026/09/15 14:16:23.036, 2483 MHz, 0x0000000000000000, 72, 40.27 W
2026/09/15 14:16:24.037, 2483 MHz, 0x0000000000000000, 72, 40.33 W
2026/09/15 14:16:25.037, 2483 MHz, 0x0000000000000000, 72, 40.23 W
2026/09/15 14:16:26.037, 2483 MHz, 0x0000000000000000, 72, 40.00 W
2026/09/15 14:16:27.038, 2483 MHz, 0x0000000000000000, 72, 40.18 W
2026/09/15 14:16:28.039, 2418 MHz, 0x0000000000000000, 68, 29.97 W
2026/09/15 14:16:29.039, 2411 MHz, 0x0000000000000000, 67, 14.95 W
2026/09/15 14:16:30.040, 2502 MHz, 0x0000000000000000, 71, 27.75 W
2026/09/15 14:16:31.040, 2502 MHz, 0x0000000000000000, 71, 41.36 W
2026/09/15 14:16:32.040, 2502 MHz, 0x0000000000000000, 71, 41.40 W
2026/09/15 14:16:33.041, 2502 MHz, 0x0000000000000000, 71, 41.35 W
2026/09/15 14:16:34.041, 2502 MHz, 0x0000000000000000, 71, 41.54 W
2026/09/15 14:16:35.042, 2502 MHz, 0x0000000000000000, 72, 41.52 W
2026/09/15 14:16:36.042, 2502 MHz, 0x0000000000000000, 72, 41.78 W
2026/09/15 14:16:37.043, 2502 MHz, 0x0000000000000000, 72, 41.88 W
2026/09/15 14:16:38.043, 2502 MHz, 0x0000000000000000, 72, 41.51 W
2026/09/15 14:16:39.044, 2502 MHz, 0x0000000000000000, 71, 41.08 W
2026/09/15 14:16:40.044, 2502 MHz, 0x0000000000000000, 71, 41.23 W
2026/09/15 14:16:41.044, 2502 MHz, 0x0000000000000000, 72, 41.43 W
2026/09/15 14:16:42.045, 2502 MHz, 0x0000000000000000, 71, 41.54 W
2026/09/15 14:16:43.046, 2502 MHz, 0x0000000000000000, 72, 41.60 W
2026/09/15 14:16:44.046, 2502 MHz, 0x0000000000000000, 72, 41.72 W
2026/09/15 14:16:45.046, 2502 MHz, 0x0000000000000000, 72, 41.65 W
2026/09/15 14:16:46.047, 2502 MHz, 0x0000000000000000, 71, 41.54 W
2026/09/15 14:16:47.047, 2502 MHz, 0x0000000000000000, 71, 41.58 W
2026/09/15 14:16:48.048, 2502 MHz, 0x0000000000000000, 72, 41.93 W
2026/09/15 14:16:49.048, 2502 MHz, 0x0000000000000000, 71, 41.96 W
2026/09/15 14:16:50.048, 2502 MHz, 0x0000000000000000, 71, 41.97 W
2026/09/15 14:16:51.049, 2502 MHz, 0x0000000000000000, 71, 41.96 W
2026/09/15 14:16:52.049, 2502 MHz, 0x0000000000000000, 71, 41.99 W
2026/09/15 14:16:53.050, 2502 MHz, 0x0000000000000000, 71, 41.83 W
2026/09/15 14:16:54.050, 2502 MHz, 0x0000000000000000, 71, 41.78 W
2026/09/15 14:16:55.051, 2502 MHz, 0x0000000000000000, 71, 41.79 W
2026/09/15 14:16:56.051, 2502 MHz, 0x0000000000000000, 71, 41.72 W
2026/09/15 14:16:57.051, 2502 MHz, 0x0000000000000000, 71, 41.81 W
2026/09/15 14:16:58.052, 2502 MHz, 0x0000000000000000, 71, 41.88 W
2026/09/15 14:16:59.052, 2502 MHz, 0x0000000000000000, 71, 41.86 W
2026/09/15 14:17:00.052, 2502 MHz, 0x0000000000000000, 71, 41.81 W
2026/09/15 14:17:01.053, 2502 MHz, 0x0000000000000000, 71, 42.03 W
2026/09/15 14:17:02.053, 2502 MHz, 0x0000000000000000, 71, 41.89 W
2026/09/15 14:17:03.054, 2502 MHz, 0x0000000000000000, 71, 41.91 W
2026/09/15 14:17:04.055, 2502 MHz, 0x0000000000000000, 71, 41.78 W
2026/09/15 14:17:05.055, 2502 MHz, 0x0000000000000000, 71, 41.86 W
2026/09/15 14:17:06.056, 2411 MHz, 0x0000000000000000, 66, 20.29 W
2026/09/15 14:17:07.056, 2411 MHz, 0x0000000000000000, 65, 14.66 W
2026/09/15 14:17:08.056, 2502 MHz, 0x0000000000000000, 70, 39.82 W
2026/09/15 14:17:09.057, 2502 MHz, 0x0000000000000000, 70, 43.15 W
2026/09/15 14:17:10.057, 2502 MHz, 0x0000000000000000, 70, 42.75 W
2026/09/15 14:17:11.058, 2502 MHz, 0x0000000000000000, 71, 43.20 W
2026/09/15 14:17:12.058, 2502 MHz, 0x0000000000000000, 71, 43.23 W
2026/09/15 14:17:13.059, 2502 MHz, 0x0000000000000000, 71, 43.16 W
2026/09/15 14:17:14.059, 2502 MHz, 0x0000000000000000, 71, 43.26 W
2026/09/15 14:17:15.060, 2502 MHz, 0x0000000000000000, 71, 43.42 W
2026/09/15 14:17:16.060, 2502 MHz, 0x0000000000000000, 71, 43.55 W
2026/09/15 14:17:17.061, 2502 MHz, 0x0000000000000000, 71, 43.62 W
2026/09/15 14:17:18.061, 2502 MHz, 0x0000000000000000, 71, 43.57 W
2026/09/15 14:17:19.062, 2502 MHz, 0x0000000000000000, 71, 43.16 W
2026/09/15 14:17:20.062, 2502 MHz, 0x0000000000000000, 71, 43.18 W
2026/09/15 14:17:21.062, 2502 MHz, 0x0000000000000000, 71, 43.43 W
2026/09/15 14:17:22.062, 2502 MHz, 0x0000000000000000, 71, 43.31 W
2026/09/15 14:17:23.063, 2502 MHz, 0x0000000000000000, 71, 43.25 W
2026/09/15 14:17:24.063, 2502 MHz, 0x0000000000000000, 71, 43.39 W
2026/09/15 14:17:25.063, 2502 MHz, 0x0000000000000000, 71, 43.41 W
2026/09/15 14:17:26.064, 2502 MHz, 0x0000000000000000, 71, 43.23 W
2026/09/15 14:17:27.064, 2502 MHz, 0x0000000000000000, 71, 43.78 W
2026/09/15 14:17:28.064, 2502 MHz, 0x0000000000000000, 71, 43.85 W
2026/09/15 14:17:29.065, 2502 MHz, 0x0000000000000000, 71, 43.85 W
2026/09/15 14:17:30.065, 2502 MHz, 0x0000000000000000, 71, 43.68 W
2026/09/15 14:17:31.066, 2502 MHz, 0x0000000000000000, 71, 43.72 W
2026/09/15 14:17:32.066, 2502 MHz, 0x0000000000000000, 71, 43.70 W
2026/09/15 14:17:33.067, 2502 MHz, 0x0000000000000000, 71, 43.76 W
2026/09/15 14:17:34.067, 2502 MHz, 0x0000000000000000, 71, 43.80 W
2026/09/15 14:17:35.068, 2502 MHz, 0x0000000000000000, 71, 43.76 W
2026/09/15 14:17:36.068, 2502 MHz, 0x0000000000000000, 71, 43.67 W
2026/09/15 14:17:37.069, 2502 MHz, 0x0000000000000000, 71, 43.47 W
2026/09/15 14:17:38.069, 2502 MHz, 0x0000000000000000, 71, 43.26 W
2026/09/15 14:17:39.069, 2502 MHz, 0x0000000000000000, 71, 43.58 W
2026/09/15 14:17:40.070, 2502 MHz, 0x0000000000000000, 71, 43.33 W
2026/09/15 14:17:41.070, 2502 MHz, 0x0000000000000000, 71, 43.47 W
2026/09/15 14:17:42.071, 2502 MHz, 0x0000000000000000, 71, 43.56 W
2026/09/15 14:17:43.071, 2502 MHz, 0x0000000000000000, 67, 38.46 W
2026/09/15 14:17:44.072, 2411 MHz, 0x0000000000000000, 65, 14.81 W
2026/09/15 14:17:45.072, 2424 MHz, 0x0000000000000000, 72, 26.32 W
2026/09/15 14:17:46.072, 2470 MHz, 0x0000000000000000, 73, 59.37 W
2026/09/15 14:17:47.073, 2411 MHz, 0x0000000000000000, 73, 44.93 W
2026/09/15 14:17:48.073, 2470 MHz, 0x0000000000000000, 75, 59.81 W
2026/09/15 14:17:49.073, 2470 MHz, 0x0000000000000000, 74, 60.00 W
2026/09/15 14:17:50.074, 2476 MHz, 0x0000000000000000, 75, 59.69 W
2026/09/15 14:17:51.074, 2502 MHz, 0x0000000000000000, 71, 44.55 W
2026/09/15 14:17:52.075, 2502 MHz, 0x0000000000000000, 71, 41.34 W
2026/09/15 14:17:53.075, 2502 MHz, 0x0000000000000000, 71, 41.52 W
2026/09/15 14:17:54.075, 2502 MHz, 0x0000000000000000, 71, 41.79 W
2026/09/15 14:17:55.076, 2502 MHz, 0x0000000000000000, 71, 41.79 W
2026/09/15 14:17:56.076, 2502 MHz, 0x0000000000000000, 71, 41.70 W
2026/09/15 14:17:57.076, 2502 MHz, 0x0000000000000000, 71, 41.41 W
2026/09/15 14:17:58.077, 2502 MHz, 0x0000000000000000, 71, 41.71 W
2026/09/15 14:17:59.078, 2502 MHz, 0x0000000000000000, 71, 41.25 W
2026/09/15 14:18:00.078, 2502 MHz, 0x0000000000000000, 71, 40.64 W
2026/09/15 14:18:01.079, 2502 MHz, 0x0000000000000000, 70, 41.14 W
2026/09/15 14:18:02.079, 2502 MHz, 0x0000000000000000, 71, 40.83 W
2026/09/15 14:18:03.080, 2502 MHz, 0x0000000000000000, 71, 41.65 W
2026/09/15 14:18:04.080, 2502 MHz, 0x0000000000000000, 71, 41.72 W
2026/09/15 14:18:05.081, 2502 MHz, 0x0000000000000000, 71, 41.68 W
2026/09/15 14:18:06.081, 2502 MHz, 0x0000000000000000, 71, 41.55 W
2026/09/15 14:18:07.081, 2502 MHz, 0x0000000000000000, 71, 41.65 W
2026/09/15 14:18:08.082, 2502 MHz, 0x0000000000000000, 70, 41.71 W
2026/09/15 14:18:09.082, 2502 MHz, 0x0000000000000000, 71, 41.79 W
2026/09/15 14:18:10.083, 2502 MHz, 0x0000000000000000, 71, 41.92 W
2026/09/15 14:18:11.083, 2502 MHz, 0x0000000000000000, 70, 41.42 W
2026/09/15 14:18:12.084, 2502 MHz, 0x0000000000000000, 71, 41.14 W
2026/09/15 14:18:13.084, 2502 MHz, 0x0000000000000000, 70, 41.15 W
2026/09/15 14:18:14.084, 2502 MHz, 0x0000000000000000, 70, 41.28 W
2026/09/15 14:18:15.085, 2502 MHz, 0x0000000000000000, 70, 40.91 W
2026/09/15 14:18:16.086, 2502 MHz, 0x0000000000000000, 70, 41.09 W
2026/09/15 14:18:17.086, 2502 MHz, 0x0000000000000000, 70, 41.09 W
2026/09/15 14:18:18.087, 2502 MHz, 0x0000000000000000, 70, 40.92 W
2026/09/15 14:18:19.087, 2502 MHz, 0x0000000000000000, 70, 41.02 W
2026/09/15 14:18:20.088, 2502 MHz, 0x0000000000000000, 70, 40.97 W
2026/09/15 14:18:21.088, 2502 MHz, 0x0000000000000000, 70, 40.99 W
2026/09/15 14:18:22.088, 2502 MHz, 0x0000000000000000, 70, 40.80 W
2026/09/15 14:18:23.089, 2502 MHz, 0x0000000000000000, 70, 40.94 W
2026/09/15 14:18:24.089, 2411 MHz, 0x0000000000000000, 66, 27.04 W
2026/09/15 14:18:25.090, 2411 MHz, 0x0000000000000000, 65, 14.48 W
2026/09/15 14:18:26.090, 2476 MHz, 0x0000000000000000, 73, 42.00 W
2026/09/15 14:18:27.090, 2476 MHz, 0x0000000000000000, 73, 58.83 W
2026/09/15 14:18:28.091, 2476 MHz, 0x0000000000000000, 74, 44.57 W
2026/09/15 14:18:29.091, 2476 MHz, 0x0000000000000000, 74, 59.36 W
2026/09/15 14:18:30.091, 2470 MHz, 0x0000000000000000, 74, 59.96 W
2026/09/15 14:18:31.092, 2476 MHz, 0x0000000000000000, 74, 58.15 W
2026/09/15 14:18:32.093, 2470 MHz, 0x0000000000000000, 74, 59.55 W
2026/09/15 14:18:33.093, 2470 MHz, 0x0000000000000000, 75, 59.78 W
2026/09/15 14:18:34.094, 2470 MHz, 0x0000000000000000, 76, 59.37 W
2026/09/15 14:18:35.095, 2483 MHz, 0x0000000000000000, 72, 48.51 W
2026/09/15 14:18:36.095, 2483 MHz, 0x0000000000000000, 71, 43.73 W
2026/09/15 14:18:37.096, 2483 MHz, 0x0000000000000000, 71, 43.63 W
2026/09/15 14:18:38.096, 2502 MHz, 0x0000000000000000, 71, 43.47 W
2026/09/15 14:18:39.097, 2502 MHz, 0x0000000000000000, 71, 43.36 W
2026/09/15 14:18:40.097, 2502 MHz, 0x0000000000000000, 71, 43.22 W
2026/09/15 14:18:41.098, 2502 MHz, 0x0000000000000000, 72, 43.44 W
2026/09/15 14:18:42.099, 2502 MHz, 0x0000000000000000, 71, 43.80 W
2026/09/15 14:18:43.099, 2502 MHz, 0x0000000000000000, 71, 43.90 W
2026/09/15 14:18:44.100, 2502 MHz, 0x0000000000000000, 71, 44.00 W
2026/09/15 14:18:45.100, 2502 MHz, 0x0000000000000000, 71, 43.54 W
2026/09/15 14:18:46.100, 2502 MHz, 0x0000000000000000, 71, 43.02 W
2026/09/15 14:18:47.101, 2502 MHz, 0x0000000000000000, 71, 43.12 W
2026/09/15 14:18:48.101, 2502 MHz, 0x0000000000000000, 71, 43.33 W
2026/09/15 14:18:49.102, 2502 MHz, 0x0000000000000000, 71, 43.18 W
2026/09/15 14:18:50.102, 2502 MHz, 0x0000000000000000, 71, 43.33 W
2026/09/15 14:18:51.103, 2502 MHz, 0x0000000000000000, 71, 43.15 W
2026/09/15 14:18:52.103, 2502 MHz, 0x0000000000000000, 71, 43.18 W
2026/09/15 14:18:53.104, 2502 MHz, 0x0000000000000000, 71, 43.69 W
2026/09/15 14:18:54.104, 2502 MHz, 0x0000000000000000, 71, 43.87 W
2026/09/15 14:18:55.105, 2502 MHz, 0x0000000000000000, 71, 43.85 W
2026/09/15 14:18:56.105, 2502 MHz, 0x0000000000000000, 71, 43.88 W
2026/09/15 14:18:57.105, 2502 MHz, 0x0000000000000000, 71, 43.88 W
2026/09/15 14:18:58.106, 2502 MHz, 0x0000000000000000, 71, 43.75 W
2026/09/15 14:18:59.106, 2502 MHz, 0x0000000000000000, 71, 43.41 W
2026/09/15 14:19:00.107, 2502 MHz, 0x0000000000000000, 71, 43.36 W
2026/09/15 14:19:01.107, 2502 MHz, 0x0000000000000000, 71, 43.32 W
2026/09/15 14:19:02.108, 2502 MHz, 0x0000000000000000, 71, 43.25 W
2026/09/15 14:19:03.108, 2502 MHz, 0x0000000000000000, 71, 42.96 W
2026/09/15 14:19:04.108, 2502 MHz, 0x0000000000000000, 71, 43.02 W
2026/09/15 14:19:05.109, 2502 MHz, 0x0000000000000000, 71, 42.69 W
2026/09/15 14:19:06.110, 2502 MHz, 0x0000000000000000, 71, 42.99 W
2026/09/15 14:19:07.110, 2502 MHz, 0x0000000000000000, 71, 42.93 W
2026/09/15 14:19:08.111, 2502 MHz, 0x0000000000000000, 71, 43.17 W
2026/09/15 14:19:09.112, 2411 MHz, 0x0000000000000000, 65, 19.42 W
2026/09/15 14:19:10.112, 2411 MHz, 0x0000000000000000, 65, 14.59 W
2026/09/15 14:19:11.112, 2470 MHz, 0x0000000000000000, 74, 56.65 W
2026/09/15 14:19:12.113, 2457 MHz, 0x0000000000000000, 73, 55.48 W
2026/09/15 14:19:13.113, 2470 MHz, 0x0000000000000000, 73, 59.30 W
2026/09/15 14:19:14.114, 2470 MHz, 0x0000000000000000, 75, 62.00 W
2026/09/15 14:19:15.114, 2489 MHz, 0x0000000000000000, 71, 49.57 W
2026/09/15 14:19:16.114, 2502 MHz, 0x0000000000000000, 71, 42.02 W
2026/09/15 14:19:17.114, 2502 MHz, 0x0000000000000000, 70, 41.60 W
2026/09/15 14:19:18.115, 2502 MHz, 0x0000000000000000, 71, 41.91 W
2026/09/15 14:19:19.115, 2502 MHz, 0x0000000000000000, 70, 41.48 W
2026/09/15 14:19:20.115, 2502 MHz, 0x0000000000000000, 70, 41.96 W
2026/09/15 14:19:21.115, 2502 MHz, 0x0000000000000000, 70, 41.67 W
2026/09/15 14:19:22.115, 2502 MHz, 0x0000000000000000, 70, 41.55 W
2026/09/15 14:19:23.115, 2502 MHz, 0x0000000000000000, 70, 41.65 W
2026/09/15 14:19:24.116, 2502 MHz, 0x0000000000000000, 70, 41.82 W
2026/09/15 14:19:25.116, 2502 MHz, 0x0000000000000000, 70, 41.76 W
2026/09/15 14:19:26.116, 2502 MHz, 0x0000000000000000, 70, 41.94 W
2026/09/15 14:19:27.117, 2502 MHz, 0x0000000000000000, 70, 41.94 W
2026/09/15 14:19:28.117, 2502 MHz, 0x0000000000000000, 70, 41.88 W
2026/09/15 14:19:29.118, 2502 MHz, 0x0000000000000000, 70, 41.71 W
2026/09/15 14:19:30.118, 2502 MHz, 0x0000000000000000, 70, 41.69 W
2026/09/15 14:19:31.118, 2502 MHz, 0x0000000000000000, 70, 41.72 W
2026/09/15 14:19:32.119, 2502 MHz, 0x0000000000000000, 70, 41.51 W
2026/09/15 14:19:33.119, 2502 MHz, 0x0000000000000000, 70, 41.30 W
2026/09/15 14:19:34.119, 2502 MHz, 0x0000000000000000, 70, 41.13 W
2026/09/15 14:19:35.119, 2502 MHz, 0x0000000000000000, 70, 41.22 W
2026/09/15 14:19:36.120, 2502 MHz, 0x0000000000000000, 70, 41.21 W
2026/09/15 14:19:37.120, 2502 MHz, 0x0000000000000000, 70, 41.19 W
2026/09/15 14:19:38.120, 2502 MHz, 0x0000000000000000, 70, 41.28 W
2026/09/15 14:19:39.120, 2502 MHz, 0x0000000000000000, 70, 41.27 W
2026/09/15 14:19:40.120, 2502 MHz, 0x0000000000000000, 70, 41.22 W
2026/09/15 14:19:41.121, 2502 MHz, 0x0000000000000000, 70, 41.10 W
2026/09/15 14:19:42.121, 2502 MHz, 0x0000000000000000, 70, 41.01 W
2026/09/15 14:19:43.122, 2502 MHz, 0x0000000000000000, 70, 41.22 W
2026/09/15 14:19:44.122, 2502 MHz, 0x0000000000000000, 70, 41.28 W
2026/09/15 14:19:45.123, 2502 MHz, 0x0000000000000000, 70, 41.38 W
2026/09/15 14:19:46.123, 2502 MHz, 0x0000000000000000, 70, 41.37 W
2026/09/15 14:19:47.123, 2502 MHz, 0x0000000000000000, 70, 41.09 W
2026/09/15 14:19:48.124, 2502 MHz, 0x0000000000000000, 70, 41.16 W
2026/09/15 14:19:49.124, 2411 MHz, 0x0000000000000000, 65, 21.40 W
2026/09/15 14:19:50.125, 2411 MHz, 0x0000000000000000, 64, 14.34 W
2026/09/15 14:19:51.125, 2470 MHz, 0x0000000000000000, 72, 50.53 W
2026/09/15 14:19:52.125, 2457 MHz, 0x0000000000000000, 65, 44.27 W
2026/09/15 14:19:53.126, 2470 MHz, 0x0000000000000000, 72, 49.63 W
2026/09/15 14:19:54.127, 2470 MHz, 0x0000000000000000, 74, 58.56 W
2026/09/15 14:19:55.127, 2470 MHz, 0x0000000000000000, 74, 60.96 W
2026/09/15 14:19:56.127, 2470 MHz, 0x0000000000000000, 74, 62.17 W
2026/09/15 14:19:57.128, 2470 MHz, 0x0000000000000000, 74, 62.12 W
2026/09/15 14:19:58.128, 2470 MHz, 0x0000000000000000, 71, 54.87 W
2026/09/15 14:19:59.129, 2502 MHz, 0x0000000000000000, 71, 43.91 W
2026/09/15 14:20:00.129, 2502 MHz, 0x0000000000000000, 71, 43.58 W
2026/09/15 14:20:01.130, 2502 MHz, 0x0000000000000000, 71, 43.56 W
2026/09/15 14:20:02.131, 2502 MHz, 0x0000000000000000, 70, 43.73 W
2026/09/15 14:20:03.131, 2502 MHz, 0x0000000000000000, 71, 43.57 W
2026/09/15 14:20:04.132, 2502 MHz, 0x0000000000000000, 70, 44.01 W
2026/09/15 14:20:05.132, 2502 MHz, 0x0000000000000000, 70, 44.12 W
2026/09/15 14:20:06.133, 2502 MHz, 0x0000000000000000, 71, 43.71 W
2026/09/15 14:20:07.133, 2502 MHz, 0x0000000000000000, 70, 43.23 W
2026/09/15 14:20:08.133, 2502 MHz, 0x0000000000000000, 70, 43.61 W
2026/09/15 14:20:09.133, 2502 MHz, 0x0000000000000000, 70, 43.66 W
2026/09/15 14:20:10.134, 2502 MHz, 0x0000000000000000, 71, 43.77 W
2026/09/15 14:20:11.134, 2502 MHz, 0x0000000000000000, 71, 43.98 W
2026/09/15 14:20:12.135, 2502 MHz, 0x0000000000000000, 71, 44.18 W
2026/09/15 14:20:13.135, 2502 MHz, 0x0000000000000000, 71, 44.13 W
2026/09/15 14:20:14.135, 2502 MHz, 0x0000000000000000, 71, 44.16 W
2026/09/15 14:20:15.135, 2502 MHz, 0x0000000000000000, 71, 44.21 W
2026/09/15 14:20:16.136, 2502 MHz, 0x0000000000000000, 71, 44.26 W
2026/09/15 14:20:17.136, 2502 MHz, 0x0000000000000000, 71, 43.93 W
2026/09/15 14:20:18.137, 2502 MHz, 0x0000000000000000, 71, 44.03 W
2026/09/15 14:20:19.137, 2502 MHz, 0x0000000000000000, 71, 44.26 W
2026/09/15 14:20:20.138, 2502 MHz, 0x0000000000000000, 71, 44.31 W
2026/09/15 14:20:21.139, 2502 MHz, 0x0000000000000000, 71, 44.20 W
2026/09/15 14:20:22.139, 2502 MHz, 0x0000000000000000, 71, 44.35 W
2026/09/15 14:20:23.139, 2502 MHz, 0x0000000000000000, 71, 44.35 W
2026/09/15 14:20:24.140, 2502 MHz, 0x0000000000000000, 71, 44.39 W
2026/09/15 14:20:25.141, 2502 MHz, 0x0000000000000000, 71, 44.40 W
2026/09/15 14:20:26.141, 2502 MHz, 0x0000000000000000, 71, 44.33 W
2026/09/15 14:20:27.141, 2502 MHz, 0x0000000000000000, 71, 44.14 W
2026/09/15 14:20:28.141, 2502 MHz, 0x0000000000000000, 71, 43.96 W
2026/09/15 14:20:29.142, 2502 MHz, 0x0000000000000000, 70, 43.40 W
2026/09/15 14:20:30.143, 2502 MHz, 0x0000000000000000, 71, 43.48 W
2026/09/15 14:20:31.143, 2502 MHz, 0x0000000000000000, 71, 43.77 W
2026/09/15 14:20:32.144, 2502 MHz, 0x0000000000000000, 69, 41.32 W
2026/09/15 14:20:33.145, 2411 MHz, 0x0000000000000000, 65, 14.60 W
2026/09/15 14:20:34.145, 2411 MHz, 0x0000000000000000, 66, 18.50 W
2026/09/15 14:20:35.146, 2470 MHz, 0x0000000000000000, 73, 64.45 W
2026/09/15 14:20:36.146, 2470 MHz, 0x0000000000000000, 66, 51.79 W
2026/09/15 14:20:37.147, 2470 MHz, 0x0000000000000000, 75, 65.32 W
2026/09/15 14:20:38.147, 2470 MHz, 0x0000000000000000, 74, 61.65 W
2026/09/15 14:20:39.148, 2470 MHz, 0x0000000000000000, 76, 63.56 W
2026/09/15 14:20:40.148, 2502 MHz, 0x0000000000000000, 71, 55.53 W
2026/09/15 14:20:41.148, 2502 MHz, 0x0000000000000000, 70, 42.39 W
2026/09/15 14:20:42.148, 2502 MHz, 0x0000000000000000, 70, 41.99 W
2026/09/15 14:20:43.149, 2502 MHz, 0x0000000000000000, 70, 41.76 W
2026/09/15 14:20:44.149, 2502 MHz, 0x0000000000000000, 70, 42.42 W
2026/09/15 14:20:45.150, 2502 MHz, 0x0000000000000000, 70, 42.12 W
2026/09/15 14:20:46.150, 2502 MHz, 0x0000000000000000, 70, 42.01 W
2026/09/15 14:20:47.151, 2502 MHz, 0x0000000000000000, 70, 42.01 W
2026/09/15 14:20:48.151, 2502 MHz, 0x0000000000000000, 70, 42.11 W
2026/09/15 14:20:49.152, 2502 MHz, 0x0000000000000000, 70, 42.13 W
2026/09/15 14:20:50.152, 2502 MHz, 0x0000000000000000, 70, 41.97 W
2026/09/15 14:20:51.153, 2502 MHz, 0x0000000000000000, 70, 41.37 W
2026/09/15 14:20:52.153, 2502 MHz, 0x0000000000000000, 70, 41.76 W
2026/09/15 14:20:53.154, 2502 MHz, 0x0000000000000000, 70, 42.01 W
2026/09/15 14:20:54.154, 2502 MHz, 0x0000000000000000, 70, 41.63 W
2026/09/15 14:20:55.154, 2502 MHz, 0x0000000000000000, 70, 41.91 W
2026/09/15 14:20:56.155, 2502 MHz, 0x0000000000000000, 70, 41.96 W
2026/09/15 14:20:57.156, 2502 MHz, 0x0000000000000000, 70, 42.25 W
2026/09/15 14:20:58.156, 2502 MHz, 0x0000000000000000, 70, 41.93 W
2026/09/15 14:20:59.157, 2502 MHz, 0x0000000000000000, 70, 41.56 W
2026/09/15 14:21:00.157, 2502 MHz, 0x0000000000000000, 70, 41.42 W
2026/09/15 14:21:01.158, 2502 MHz, 0x0000000000000000, 70, 41.30 W
2026/09/15 14:21:02.158, 2502 MHz, 0x0000000000000000, 70, 41.38 W
2026/09/15 14:21:03.158, 2502 MHz, 0x0000000000000000, 70, 41.36 W
2026/09/15 14:21:04.159, 2502 MHz, 0x0000000000000000, 70, 41.30 W
2026/09/15 14:21:05.159, 2502 MHz, 0x0000000000000000, 70, 41.43 W
2026/09/15 14:21:06.160, 2502 MHz, 0x0000000000000000, 70, 41.49 W
2026/09/15 14:21:07.160, 2502 MHz, 0x0000000000000000, 70, 41.65 W
2026/09/15 14:21:08.160, 2502 MHz, 0x0000000000000000, 70, 41.27 W
2026/09/15 14:21:09.161, 2502 MHz, 0x0000000000000000, 70, 41.45 W
2026/09/15 14:21:10.161, 2502 MHz, 0x0000000000000000, 70, 41.81 W
2026/09/15 14:21:11.161, 2502 MHz, 0x0000000000000000, 70, 42.26 W
2026/09/15 14:21:12.162, 2502 MHz, 0x0000000000000000, 70, 42.49 W
2026/09/15 14:21:13.162, 2502 MHz, 0x0000000000000000, 70, 42.16 W
2026/09/15 14:21:14.163, 2411 MHz, 0x0000000000000000, 65, 30.16 W
2026/09/15 14:21:15.163, 2411 MHz, 0x0000000000000000, 64, 14.24 W
2026/09/15 14:21:16.163, 2470 MHz, 0x0000000000000000, 73, 35.06 W
2026/09/15 14:21:17.164, 2470 MHz, 0x0000000000000000, 73, 62.91 W
2026/09/15 14:21:18.165, 2470 MHz, 0x0000000000000000, 73, 52.83 W
2026/09/15 14:21:19.165, 2476 MHz, 0x0000000000000000, 75, 63.15 W
2026/09/15 14:21:20.166, 2470 MHz, 0x0000000000000000, 74, 63.72 W
2026/09/15 14:21:21.166, 2470 MHz, 0x0000000000000000, 75, 63.02 W
2026/09/15 14:21:22.167, 2470 MHz, 0x0000000000000000, 75, 64.14 W
2026/09/15 14:21:23.167, 2470 MHz, 0x0000000000000000, 74, 62.56 W
2026/09/15 14:21:24.168, 2470 MHz, 0x0000000000000000, 76, 63.29 W
2026/09/15 14:21:25.169, 2470 MHz, 0x0000000000000000, 76, 63.01 W
2026/09/15 14:21:26.169, 2502 MHz, 0x0000000000000000, 72, 45.23 W
2026/09/15 14:21:27.169, 2502 MHz, 0x0000000000000000, 71, 44.42 W
2026/09/15 14:21:28.170, 2502 MHz, 0x0000000000000000, 71, 44.29 W
2026/09/15 14:21:29.170, 2502 MHz, 0x0000000000000000, 71, 44.45 W
2026/09/15 14:21:30.171, 2502 MHz, 0x0000000000000000, 71, 44.40 W
2026/09/15 14:21:31.171, 2502 MHz, 0x0000000000000000, 71, 44.59 W
2026/09/15 14:21:32.172, 2502 MHz, 0x0000000000000000, 71, 44.56 W
2026/09/15 14:21:33.172, 2502 MHz, 0x0000000000000000, 71, 44.54 W
2026/09/15 14:21:34.173, 2502 MHz, 0x0000000000000000, 71, 44.33 W
2026/09/15 14:21:35.173, 2502 MHz, 0x0000000000000000, 71, 44.24 W
2026/09/15 14:21:36.174, 2502 MHz, 0x0000000000000000, 71, 44.47 W
2026/09/15 14:21:37.174, 2502 MHz, 0x0000000000000000, 71, 44.53 W
2026/09/15 14:21:38.175, 2502 MHz, 0x0000000000000000, 71, 44.02 W
2026/09/15 14:21:39.176, 2502 MHz, 0x0000000000000000, 71, 43.78 W
2026/09/15 14:21:40.176, 2502 MHz, 0x0000000000000000, 71, 43.52 W
2026/09/15 14:21:41.176, 2502 MHz, 0x0000000000000000, 71, 44.10 W
2026/09/15 14:21:42.177, 2502 MHz, 0x0000000000000000, 71, 44.31 W
2026/09/15 14:21:43.177, 2502 MHz, 0x0000000000000000, 71, 44.18 W
2026/09/15 14:21:44.178, 2502 MHz, 0x0000000000000000, 71, 44.07 W
2026/09/15 14:21:45.178, 2502 MHz, 0x0000000000000000, 71, 44.58 W
2026/09/15 14:21:46.179, 2502 MHz, 0x0000000000000000, 71, 44.49 W
2026/09/15 14:21:47.179, 2502 MHz, 0x0000000000000000, 71, 44.41 W
2026/09/15 14:21:48.179, 2502 MHz, 0x0000000000000000, 71, 44.45 W
2026/09/15 14:21:49.180, 2502 MHz, 0x0000000000000000, 71, 44.73 W
2026/09/15 14:21:50.180, 2502 MHz, 0x0000000000000000, 71, 44.69 W
2026/09/15 14:21:51.181, 2502 MHz, 0x0000000000000000, 71, 44.65 W
2026/09/15 14:21:52.181, 2502 MHz, 0x0000000000000000, 71, 44.76 W
2026/09/15 14:21:53.182, 2502 MHz, 0x0000000000000000, 71, 44.28 W
2026/09/15 14:21:54.182, 2502 MHz, 0x0000000000000000, 71, 44.58 W
2026/09/15 14:21:55.183, 2502 MHz, 0x0000000000000000, 71, 44.51 W
2026/09/15 14:21:56.183, 2502 MHz, 0x0000000000000000, 71, 44.99 W
2026/09/15 14:21:57.183, 2502 MHz, 0x0000000000000000, 71, 44.70 W
2026/09/15 14:21:58.184, 2502 MHz, 0x0000000000000000, 71, 44.31 W
2026/09/15 14:21:59.185, 2411 MHz, 0x0000000000000000, 65, 23.99 W
2026/09/15 14:22:00.185, 2411 MHz, 0x0000000000000000, 64, 14.31 W
2026/09/15 14:22:01.185, 2470 MHz, 0x0000000000000000, 76, 45.98 W
2026/09/15 14:22:02.185, 2470 MHz, 0x0000000000000000, 74, 68.24 W
2026/09/15 14:22:03.186, 2470 MHz, 0x0000000000000000, 75, 69.14 W
2026/09/15 14:22:04.186, 2470 MHz, 0x0000000000000000, 74, 48.40 W
2026/09/15 14:22:05.186, 2470 MHz, 0x0000000000000000, 74, 67.66 W
2026/09/15 14:22:06.187, 2470 MHz, 0x0000000000000000, 76, 70.00 W
2026/09/15 14:22:07.187, 2470 MHz, 0x0000000000000000, 77, 69.08 W
2026/09/15 14:22:08.187, 2470 MHz, 0x0000000000000000, 76, 67.97 W
2026/09/15 14:22:09.188, 2470 MHz, 0x0000000000000000, 74, 66.03 W
2026/09/15 14:22:10.188, 2483 MHz, 0x0000000000000000, 72, 43.02 W
2026/09/15 14:22:11.188, 2483 MHz, 0x0000000000000000, 72, 42.91 W
2026/09/15 14:22:12.188, 2502 MHz, 0x0000000000000000, 71, 42.89 W
2026/09/15 14:22:13.189, 2502 MHz, 0x0000000000000000, 71, 42.86 W
2026/09/15 14:22:14.189, 2502 MHz, 0x0000000000000000, 71, 42.97 W
2026/09/15 14:22:15.190, 2502 MHz, 0x0000000000000000, 72, 42.98 W
2026/09/15 14:22:16.190, 2502 MHz, 0x0000000000000000, 71, 42.72 W
2026/09/15 14:22:17.190, 2502 MHz, 0x0000000000000000, 71, 43.17 W
2026/09/15 14:22:18.191, 2502 MHz, 0x0000000000000000, 72, 42.97 W
2026/09/15 14:22:19.191, 2502 MHz, 0x0000000000000000, 71, 42.28 W
2026/09/15 14:22:20.191, 2502 MHz, 0x0000000000000000, 72, 42.81 W
2026/09/15 14:22:21.192, 2502 MHz, 0x0000000000000000, 72, 43.08 W
2026/09/15 14:22:22.192, 2502 MHz, 0x0000000000000000, 72, 42.53 W
2026/09/15 14:22:23.192, 2502 MHz, 0x0000000000000000, 72, 42.90 W
2026/09/15 14:22:24.193, 2502 MHz, 0x0000000000000000, 72, 43.24 W
2026/09/15 14:22:25.193, 2502 MHz, 0x0000000000000000, 72, 43.33 W
2026/09/15 14:22:26.193, 2502 MHz, 0x0000000000000000, 72, 42.97 W
2026/09/15 14:22:27.194, 2502 MHz, 0x0000000000000000, 72, 42.96 W
2026/09/15 14:22:28.194, 2502 MHz, 0x0000000000000000, 72, 42.89 W
2026/09/15 14:22:29.194, 2502 MHz, 0x0000000000000000, 72, 42.66 W
2026/09/15 14:22:30.194, 2483 MHz, 0x0000000000000000, 72, 42.91 W
2026/09/15 14:22:31.195, 2483 MHz, 0x0000000000000000, 72, 42.46 W
2026/09/15 14:22:32.195, 2483 MHz, 0x0000000000000000, 72, 42.46 W
2026/09/15 14:22:33.195, 2483 MHz, 0x0000000000000000, 72, 42.67 W
2026/09/15 14:22:34.196, 2483 MHz, 0x0000000000000000, 72, 42.65 W
2026/09/15 14:22:35.196, 2483 MHz, 0x0000000000000000, 72, 42.35 W
2026/09/15 14:22:36.197, 2483 MHz, 0x0000000000000000, 72, 42.23 W
2026/09/15 14:22:37.197, 2483 MHz, 0x0000000000000000, 72, 41.99 W
2026/09/15 14:22:38.198, 2483 MHz, 0x0000000000000000, 72, 42.40 W
2026/09/15 14:22:39.198, 2483 MHz, 0x0000000000000000, 72, 42.83 W
2026/09/15 14:22:40.198, 2483 MHz, 0x0000000000000000, 72, 43.14 W
2026/09/15 14:22:41.199, 2483 MHz, 0x0000000000000000, 73, 43.25 W
2026/09/15 14:22:42.200, 2483 MHz, 0x0000000000000000, 73, 43.09 W
2026/09/15 14:22:43.201, 2411 MHz, 0x0000000000000000, 67, 16.80 W
2026/09/15 14:22:44.201, 2411 MHz, 0x0000000000000000, 66, 14.66 W
2026/09/15 14:22:45.202, 2470 MHz, 0x0000000000000000, 76, 60.40 W
2026/09/15 14:22:46.202, 2470 MHz, 0x0000000000000000, 76, 68.25 W
2026/09/15 14:22:47.203, 2444 MHz, 0x0000000000000000, 73, 62.67 W
2026/09/15 14:22:48.203, 2470 MHz, 0x0000000000000000, 77, 56.46 W
2026/09/15 14:22:49.204, 2470 MHz, 0x0000000000000000, 80, 68.73 W
2026/09/15 14:22:50.204, 2470 MHz, 0x0000000000000000, 79, 68.98 W
2026/09/15 14:22:51.205, 2470 MHz, 0x0000000000000000, 78, 71.29 W
2026/09/15 14:22:52.206, 2463 MHz, 0x0000000000000000, 80, 68.78 W
2026/09/15 14:22:53.206, 2463 MHz, 0x0000000000000004, 79, 69.83 W
2026/09/15 14:22:54.207, 2450 MHz, 0x0000000000000000, 81, 69.85 W
2026/09/15 14:22:55.207, 2463 MHz, 0x0000000000000000, 80, 71.08 W
2026/09/15 14:22:56.207, 2463 MHz, 0x0000000000000000, 80, 69.92 W
2026/09/15 14:22:57.208, 2463 MHz, 0x0000000000000004, 79, 69.14 W
2026/09/15 14:22:58.208, 2463 MHz, 0x0000000000000000, 80, 71.10 W
2026/09/15 14:22:59.209, 2483 MHz, 0x0000000000000000, 76, 49.09 W
2026/09/15 14:23:00.209, 2483 MHz, 0x0000000000000000, 76, 46.59 W
2026/09/15 14:23:01.210, 2483 MHz, 0x0000000000000000, 76, 46.62 W
2026/09/15 14:23:02.210, 2483 MHz, 0x0000000000000000, 76, 46.33 W
2026/09/15 14:23:03.211, 2483 MHz, 0x0000000000000000, 75, 46.47 W
2026/09/15 14:23:04.211, 2483 MHz, 0x0000000000000000, 76, 46.60 W
2026/09/15 14:23:05.212, 2483 MHz, 0x0000000000000000, 75, 46.66 W
2026/09/15 14:23:06.212, 2483 MHz, 0x0000000000000000, 76, 46.51 W
2026/09/15 14:23:07.213, 2483 MHz, 0x0000000000000000, 75, 46.75 W
2026/09/15 14:23:08.213, 2483 MHz, 0x0000000000000000, 75, 46.90 W
2026/09/15 14:23:09.213, 2483 MHz, 0x0000000000000000, 76, 46.69 W
2026/09/15 14:23:10.214, 2483 MHz, 0x0000000000000000, 76, 46.87 W
2026/09/15 14:23:11.215, 2483 MHz, 0x0000000000000000, 75, 46.38 W
2026/09/15 14:23:12.215, 2483 MHz, 0x0000000000000000, 75, 46.59 W
2026/09/15 14:23:13.215, 2483 MHz, 0x0000000000000000, 76, 46.62 W
2026/09/15 14:23:14.216, 2483 MHz, 0x0000000000000000, 76, 46.71 W
2026/09/15 14:23:15.217, 2483 MHz, 0x0000000000000000, 75, 46.34 W
2026/09/15 14:23:16.217, 2483 MHz, 0x0000000000000000, 75, 46.68 W
2026/09/15 14:23:17.218, 2483 MHz, 0x0000000000000000, 76, 46.39 W
2026/09/15 14:23:18.218, 2483 MHz, 0x0000000000000000, 76, 46.55 W
2026/09/15 14:23:19.218, 2483 MHz, 0x0000000000000000, 76, 46.92 W
2026/09/15 14:23:20.219, 2483 MHz, 0x0000000000000000, 76, 46.61 W
2026/09/15 14:23:21.219, 2483 MHz, 0x0000000000000000, 76, 46.93 W
2026/09/15 14:23:22.220, 2483 MHz, 0x0000000000000000, 76, 46.94 W
2026/09/15 14:23:23.220, 2483 MHz, 0x0000000000000000, 76, 46.81 W
2026/09/15 14:23:24.221, 2483 MHz, 0x0000000000000000, 76, 46.62 W
2026/09/15 14:23:25.221, 2483 MHz, 0x0000000000000000, 76, 46.62 W
2026/09/15 14:23:26.222, 2483 MHz, 0x0000000000000000, 76, 46.61 W
2026/09/15 14:23:27.223, 2483 MHz, 0x0000000000000000, 76, 46.94 W
2026/09/15 14:23:28.223, 2483 MHz, 0x0000000000000000, 75, 46.52 W
2026/09/15 14:23:29.224, 2483 MHz, 0x0000000000000000, 76, 46.67 W
2026/09/15 14:23:30.224, 2483 MHz, 0x0000000000000000, 76, 46.96 W
2026/09/15 14:23:31.225, 2483 MHz, 0x0000000000000000, 76, 46.94 W
2026/09/15 14:23:32.225, 2411 MHz, 0x0000000000000000, 70, 29.04 W
2026/09/15 14:23:33.225, 2411 MHz, 0x0000000000000000, 69, 15.41 W
2026/09/15 14:23:34.226, 2411 MHz, 0x0000000000000000, 68, 15.23 W
