[1/3] STEP 1/6: FROM 0b15723cb87646bb4628c5cd67aa2a7c879ac5a27105109ea5db06c30113dc0b AS refreshed
[1/3] STEP 2/6: SHELL ["/bin/bash", "-o", "pipefail", "-c"]
--> 6810c1435e56
[1/3] STEP 3/6: COPY source.lock.json refresh_sources.py contracts.py verify_native.py native_reuse.py /build/r32/
--> 2bb8068e0312
[1/3] STEP 4/6: COPY patches /build/r32/patches
--> 9a8d34ae09e0
[1/3] STEP 5/6: RUN cp -a /opt/lmcache/source-r29 /opt/lmcache/source-r32     && python /build/r32/refresh_sources.py
R32 tracked source refresh and preserved products: PASS
--> 19c98a953a54
[1/3] STEP 6/6: RUN command -v uv
/opt/venv/bin/uv
--> 4f767ef26f47
[3/3] STEP 1/25: FROM 4f767ef26f47408d5b1163cf9cc28be0da22580750b1c39fb47739187f6fe617 AS runtime
[3/3] STEP 2/25: ARG CACHE_FINGERPRINT
--> 0c41d2dbc6ed
[3/3] STEP 3/25: ARG SOURCE_LOCK_SHA256
--> 7adbb244670b
[3/3] STEP 4/25: ARG RECIPE_SHA256
--> 5e74cf7a6ce7
[3/3] STEP 5/25: ARG RECIPE_COMMIT
--> 520d33cceae9
[3/3] STEP 6/25: ARG VLLM_VERSION
--> fe5f9660dc5e
[3/3] STEP 7/25: ARG FLASHKDA_SHA256
--> caf82e0ca12f
[3/3] STEP 8/25: ARG STABLE_NATIVE_SHA256
--> ee80e47dc55e
[3/3] STEP 9/25: ARG R32_GLM_LAUNCHER_SHA256
--> ef4875715a5d
[3/3] STEP 10/25: ARG RECIPE_DIRTY
--> 94fef98f7faa
[3/3] STEP 11/25: ENV LMCACHE_ENABLED=0 VLLM_PLUGINS=""     GLM_LAUNCHER_SHA256=${R32_GLM_LAUNCHER_SHA256}     LOCAL_INFERENCE_CACHE_FINGERPRINT=${CACHE_FINGERPRINT}     XDG_CACHE_HOME=/cache/jit/${CACHE_FINGERPRINT}     VLLM_CACHE_ROOT=/cache/jit/${CACHE_FINGERPRINT}/vllm     VLLM_CACHE_DIR=/cache/jit/${CACHE_FINGERPRINT}/vllm     TRITON_CACHE_DIR=/cache/jit/${CACHE_FINGERPRINT}/triton     TORCHINDUCTOR_CACHE_DIR=/cache/jit/${CACHE_FINGERPRINT}/torchinductor     CUTE_DSL_CACHE_DIR=/cache/jit/${CACHE_FINGERPRINT}/cute-dsl     B12X_CUTE_COMPILE_CACHE_DIR=/cache/jit/${CACHE_FINGERPRINT}/b12x/cute     B12X_COMPILE_CACHE_DIR=/cache/jit/${CACHE_FINGERPRINT}/b12x/compile     SPARKINFER_COMPILE_CACHE_DIR=/cache/jit/${CACHE_FINGERPRINT}/b12x/compile     TORCH_EXTENSIONS_DIR=/cache/jit/${CACHE_FINGERPRINT}/torch-extensions     VLLM_FLASHINFER_AUTOTUNE_CACHE_DIR=/cache/jit/${CACHE_FINGERPRINT}/flashinfer-autotune     FLASHINFER_WORKSPACE_BASE=/cache/jit/${CACHE_FINGERPRINT}/flashinfer     TVM_FFI_CACHE_DIR=/cache/jit/${CACHE_FINGERPRINT}/tvm-ffi     TVM_CACHE_DIR=/cache/jit/${CACHE_FINGERPRINT}/tvm     TILELANG_CACHE_DIR=/cache/jit/${CACHE_FINGERPRINT}/tilelang     DG_JIT_CACHE_DIR=/cache/jit/${CACHE_FINGERPRINT}/deep-gemm     NUMBA_CACHE_DIR=/cache/jit/${CACHE_FINGERPRINT}/numba     CUDA_CACHE_PATH=/cache/jit/${CACHE_FINGERPRINT}/cuda     CUPY_CACHE_DIR=/cache/jit/${CACHE_FINGERPRINT}/cupy     B12X_ROCE_CACHE_DIR=/opt/jovian-judgement/b12x-roce
--> 801b8c9f250e
[3/3] STEP 12/25: COPY --from=lmcache-builder /artifacts/ /opt/local-inference/r32-native/
[2/3] STEP 1/4: FROM 4f767ef26f47408d5b1163cf9cc28be0da22580750b1c39fb47739187f6fe617 AS lmcache-builder
[2/3] STEP 2/4: RUN mkdir /build/lmcache-python     && git -C /opt/lmcache/source-r32 archive "$(git -C /opt/lmcache/source-r32 write-tree)"        | tar -xf - -C /build/lmcache-python
--> 2c23d52fb1b9
[2/3] STEP 3/4: WORKDIR /build/lmcache-python
--> 447a998de9fe
[2/3] STEP 4/4: RUN NO_NATIVE_EXT=1 SETUPTOOLS_SCM_PRETEND_VERSION_FOR_LMCACHE=0.5.5.dev0+glm53checkpoints.35ad809f     uv build --offline --python /opt/venv/bin/python --wheel --no-build-isolation --out-dir /artifacts .     && python /build/r32/native_reuse.py pack     && cd /artifacts && sha256sum *.whl > lmcache-wheel.sha256
Building wheel...
running bdist_wheel
running build
running build_py
creating build/lib/lmcache
copying lmcache/banner.py -> build/lib/lmcache
copying lmcache/logging.py -> build/lib/lmcache
copying lmcache/connections.py -> build/lib/lmcache
copying lmcache/utils.py -> build/lib/lmcache
copying lmcache/__init__.py -> build/lib/lmcache
copying lmcache/observability.py -> build/lib/lmcache
copying lmcache/usage_context.py -> build/lib/lmcache
copying lmcache/_version.py -> build/lib/lmcache
creating build/lib/lmcache/v1
copying lmcache/v1/token_database.py -> build/lib/lmcache/v1
copying lmcache/v1/rpc_utils.py -> build/lib/lmcache/v1
copying lmcache/v1/config.py -> build/lib/lmcache/v1
copying lmcache/v1/pin_monitor.py -> build/lib/lmcache/v1
copying lmcache/v1/ec_engine.py -> build/lib/lmcache/v1
copying lmcache/v1/cache_interface.py -> build/lib/lmcache/v1
copying lmcache/v1/config_base.py -> build/lib/lmcache/v1
copying lmcache/v1/kv_layer_groups.py -> build/lib/lmcache/v1
copying lmcache/v1/hidden_state_store.py -> build/lib/lmcache/v1
copying lmcache/v1/periodic_thread.py -> build/lib/lmcache/v1
copying lmcache/v1/event_manager.py -> build/lib/lmcache/v1
copying lmcache/v1/metadata.py -> build/lib/lmcache/v1
copying lmcache/v1/cache_engine.py -> build/lib/lmcache/v1
copying lmcache/v1/protocol.py -> build/lib/lmcache/v1
copying lmcache/v1/__init__.py -> build/lib/lmcache/v1
copying lmcache/v1/system_detection.py -> build/lib/lmcache/v1
copying lmcache/v1/basic_check.py -> build/lib/lmcache/v1
copying lmcache/v1/manager.py -> build/lib/lmcache/v1
copying lmcache/v1/memory_management.py -> build/lib/lmcache/v1
creating build/lib/lmcache/usage_telemetry
copying lmcache/usage_telemetry/l2_usage.py -> build/lib/lmcache/usage_telemetry
copying lmcache/usage_telemetry/context.py -> build/lib/lmcache/usage_telemetry
copying lmcache/usage_telemetry/transport.py -> build/lib/lmcache/usage_telemetry
copying lmcache/usage_telemetry/metric_specs.py -> build/lib/lmcache/usage_telemetry
copying lmcache/usage_telemetry/messages.py -> build/lib/lmcache/usage_telemetry
copying lmcache/usage_telemetry/env_probe.py -> build/lib/lmcache/usage_telemetry
copying lmcache/usage_telemetry/guard.py -> build/lib/lmcache/usage_telemetry
copying lmcache/usage_telemetry/continuous.py -> build/lib/lmcache/usage_telemetry
copying lmcache/usage_telemetry/identity.py -> build/lib/lmcache/usage_telemetry
copying lmcache/usage_telemetry/flush.py -> build/lib/lmcache/usage_telemetry
copying lmcache/usage_telemetry/mp.py -> build/lib/lmcache/usage_telemetry
copying lmcache/usage_telemetry/__init__.py -> build/lib/lmcache/usage_telemetry
copying lmcache/usage_telemetry/mp_continuous.py -> build/lib/lmcache/usage_telemetry
copying lmcache/usage_telemetry/l1_usage.py -> build/lib/lmcache/usage_telemetry
creating build/lib/lmcache/lmcache_frontend
copying lmcache/lmcache_frontend/heartbeat.py -> build/lib/lmcache/lmcache_frontend
copying lmcache/lmcache_frontend/app.py -> build/lib/lmcache/lmcache_frontend
copying lmcache/lmcache_frontend/__init__.py -> build/lib/lmcache/lmcache_frontend
creating build/lib/lmcache/integration
copying lmcache/integration/__init__.py -> build/lib/lmcache/integration
copying lmcache/integration/base_service_factory.py -> build/lib/lmcache/integration
creating build/lib/lmcache/cli
copying lmcache/cli/main.py -> build/lib/lmcache/cli
copying lmcache/cli/profiling.py -> build/lib/lmcache/cli
copying lmcache/cli/__init__.py -> build/lib/lmcache/cli
creating build/lib/lmcache/sdk
copying lmcache/sdk/context.py -> build/lib/lmcache/sdk
copying lmcache/sdk/cache_kind.py -> build/lib/lmcache/sdk
copying lmcache/sdk/qringbuffer.py -> build/lib/lmcache/sdk
copying lmcache/sdk/kvcache.py -> build/lib/lmcache/sdk
copying lmcache/sdk/request.py -> build/lib/lmcache/sdk
copying lmcache/sdk/batch.py -> build/lib/lmcache/sdk
copying lmcache/sdk/__init__.py -> build/lib/lmcache/sdk
copying lmcache/sdk/qcache.py -> build/lib/lmcache/sdk
creating build/lib/lmcache/tools
copying lmcache/tools/simple_discover_service.py -> build/lib/lmcache/tools
copying lmcache/tools/__init__.py -> build/lib/lmcache/tools
creating build/lib/lmcache/v1/gpu_connector
copying lmcache/v1/gpu_connector/_cufile_async.py -> build/lib/lmcache/v1/gpu_connector
copying lmcache/v1/gpu_connector/_phx_async.py -> build/lib/lmcache/v1/gpu_connector
copying lmcache/v1/gpu_connector/mock_gpu_connector.py -> build/lib/lmcache/v1/gpu_connector
copying lmcache/v1/gpu_connector/hpu_connector.py -> build/lib/lmcache/v1/gpu_connector
copying lmcache/v1/gpu_connector/gpu_ops.py -> build/lib/lmcache/v1/gpu_connector
copying lmcache/v1/gpu_connector/_ugds_async.py -> build/lib/lmcache/v1/gpu_connector
copying lmcache/v1/gpu_connector/gds_context.py -> build/lib/lmcache/v1/gpu_connector
copying lmcache/v1/gpu_connector/_gds_async.py -> build/lib/lmcache/v1/gpu_connector
copying lmcache/v1/gpu_connector/gpu_connectors.py -> build/lib/lmcache/v1/gpu_connector
copying lmcache/v1/gpu_connector/xpu_connectors.py -> build/lib/lmcache/v1/gpu_connector
copying lmcache/v1/gpu_connector/utils.py -> build/lib/lmcache/v1/gpu_connector
copying lmcache/v1/gpu_connector/__init__.py -> build/lib/lmcache/v1/gpu_connector
copying lmcache/v1/gpu_connector/_hipfile_async.py -> build/lib/lmcache/v1/gpu_connector
copying lmcache/v1/gpu_connector/musa_connectors.py -> build/lib/lmcache/v1/gpu_connector
creating build/lib/lmcache/v1/transfer_channel
copying lmcache/v1/transfer_channel/transfer_utils.py -> build/lib/lmcache/v1/transfer_channel
copying lmcache/v1/transfer_channel/nixl_channel.py -> build/lib/lmcache/v1/transfer_channel
copying lmcache/v1/transfer_channel/mock_memory_channel.py -> build/lib/lmcache/v1/transfer_channel
copying lmcache/v1/transfer_channel/abstract.py -> build/lib/lmcache/v1/transfer_channel
copying lmcache/v1/transfer_channel/py_socket_channel.py -> build/lib/lmcache/v1/transfer_channel
copying lmcache/v1/transfer_channel/__init__.py -> build/lib/lmcache/v1/transfer_channel
creating build/lib/lmcache/v1/api_server
copying lmcache/v1/api_server/__main__.py -> build/lib/lmcache/v1/api_server
copying lmcache/v1/api_server/__init__.py -> build/lib/lmcache/v1/api_server
creating build/lib/lmcache/v1/utils
copying lmcache/v1/utils/subclass_discovery.py -> build/lib/lmcache/v1/utils
copying lmcache/v1/utils/bloom_filter.py -> build/lib/lmcache/v1/utils
copying lmcache/v1/utils/router_discovery.py -> build/lib/lmcache/v1/utils
copying lmcache/v1/utils/json_utils.py -> build/lib/lmcache/v1/utils
copying lmcache/v1/utils/cache_utils.py -> build/lib/lmcache/v1/utils
copying lmcache/v1/utils/__init__.py -> build/lib/lmcache/v1/utils
creating build/lib/lmcache/v1/mp_observability
copying lmcache/v1/mp_observability/config.py -> build/lib/lmcache/v1/mp_observability
copying lmcache/v1/mp_observability/errors.py -> build/lib/lmcache/v1/mp_observability
copying lmcache/v1/mp_observability/otel_init.py -> build/lib/lmcache/v1/mp_observability
copying lmcache/v1/mp_observability/gc_monitor.py -> build/lib/lmcache/v1/mp_observability
copying lmcache/v1/mp_observability/event.py -> build/lib/lmcache/v1/mp_observability
copying lmcache/v1/mp_observability/event_bus.py -> build/lib/lmcache/v1/mp_observability
creating build/lib/lmcache/v1/compute
copying lmcache/v1/compute/positional_encoding.py -> build/lib/lmcache/v1/compute
copying lmcache/v1/compute/__init__.py -> build/lib/lmcache/v1/compute
creating build/lib/lmcache/v1/kv_codec
copying lmcache/v1/kv_codec/asym_k16_v8.py -> build/lib/lmcache/v1/kv_codec
copying lmcache/v1/kv_codec/errors.py -> build/lib/lmcache/v1/kv_codec
copying lmcache/v1/kv_codec/__init__.py -> build/lib/lmcache/v1/kv_codec
copying lmcache/v1/kv_codec/encoded_kv.py -> build/lib/lmcache/v1/kv_codec
creating build/lib/lmcache/v1/plugin
copying lmcache/v1/plugin/runtime_plugin_launcher.py -> build/lib/lmcache/v1/plugin
copying lmcache/v1/plugin/__init__.py -> build/lib/lmcache/v1/plugin
creating build/lib/lmcache/v1/lookup_client
copying lmcache/v1/lookup_client/lmcache_async_lookup_client.py -> build/lib/lmcache/v1/lookup_client
copying lmcache/v1/lookup_client/abstract_client.py -> build/lib/lmcache/v1/lookup_client
copying lmcache/v1/lookup_client/async_lookup_message.py -> build/lib/lmcache/v1/lookup_client
copying lmcache/v1/lookup_client/lmcache_lookup_client.py -> build/lib/lmcache/v1/lookup_client
copying lmcache/v1/lookup_client/factory.py -> build/lib/lmcache/v1/lookup_client
copying lmcache/v1/lookup_client/hit_limit_lookup_client.py -> build/lib/lmcache/v1/lookup_client
copying lmcache/v1/lookup_client/mooncake_lookup_client.py -> build/lib/lmcache/v1/lookup_client
copying lmcache/v1/lookup_client/lmcache_lookup_client_bypass.py -> build/lib/lmcache/v1/lookup_client
copying lmcache/v1/lookup_client/__init__.py -> build/lib/lmcache/v1/lookup_client
copying lmcache/v1/lookup_client/chunk_statistics_lookup_client.py -> build/lib/lmcache/v1/lookup_client
creating build/lib/lmcache/v1/memory_allocators
copying lmcache/v1/memory_allocators/paged_cpu_gpu_memory_allocator.py -> build/lib/lmcache/v1/memory_allocators
copying lmcache/v1/memory_allocators/devdax_memory_allocator.py -> build/lib/lmcache/v1/memory_allocators
copying lmcache/v1/memory_allocators/paged_tensor_memory_allocator.py -> build/lib/lmcache/v1/memory_allocators
copying lmcache/v1/memory_allocators/tensor_memory_allocator.py -> build/lib/lmcache/v1/memory_allocators
copying lmcache/v1/memory_allocators/gpu_memory_allocator.py -> build/lib/lmcache/v1/memory_allocators
copying lmcache/v1/memory_allocators/mixed_memory_allocator.py -> build/lib/lmcache/v1/memory_allocators
copying lmcache/v1/memory_allocators/host_memory_allocator.py -> build/lib/lmcache/v1/memory_allocators
copying lmcache/v1/memory_allocators/cu_file_memory_allocator.py -> build/lib/lmcache/v1/memory_allocators
copying lmcache/v1/memory_allocators/lazy_memory_allocator.py -> build/lib/lmcache/v1/memory_allocators
copying lmcache/v1/memory_allocators/hip_file_memory_allocator.py -> build/lib/lmcache/v1/memory_allocators
copying lmcache/v1/memory_allocators/pin_memory_allocator.py -> build/lib/lmcache/v1/memory_allocators
copying lmcache/v1/memory_allocators/buffer_allocator.py -> build/lib/lmcache/v1/memory_allocators
copying lmcache/v1/memory_allocators/__init__.py -> build/lib/lmcache/v1/memory_allocators
copying lmcache/v1/memory_allocators/ad_hoc_memory_allocator.py -> build/lib/lmcache/v1/memory_allocators
creating build/lib/lmcache/v1/cache_controller
copying lmcache/v1/cache_controller/executor.py -> build/lib/lmcache/v1/cache_controller
copying lmcache/v1/cache_controller/message.py -> build/lib/lmcache/v1/cache_controller
copying lmcache/v1/cache_controller/config.py -> build/lib/lmcache/v1/cache_controller
copying lmcache/v1/cache_controller/locks.py -> build/lib/lmcache/v1/cache_controller
copying lmcache/v1/cache_controller/worker.py -> build/lib/lmcache/v1/cache_controller
copying lmcache/v1/cache_controller/full_sync_sender.py -> build/lib/lmcache/v1/cache_controller
copying lmcache/v1/cache_controller/controller_manager.py -> build/lib/lmcache/v1/cache_controller
copying lmcache/v1/cache_controller/utils.py -> build/lib/lmcache/v1/cache_controller
copying lmcache/v1/cache_controller/__init__.py -> build/lib/lmcache/v1/cache_controller
copying lmcache/v1/cache_controller/observability.py -> build/lib/lmcache/v1/cache_controller
creating build/lib/lmcache/v1/storage_backend
copying lmcache/v1/storage_backend/hipfile_shim.py -> build/lib/lmcache/v1/storage_backend
copying lmcache/v1/storage_backend/p2p_backend.py -> build/lib/lmcache/v1/storage_backend
copying lmcache/v1/storage_backend/storage_backend_listener.py -> build/lib/lmcache/v1/storage_backend
copying lmcache/v1/storage_backend/abstract_backend.py -> build/lib/lmcache/v1/storage_backend
copying lmcache/v1/storage_backend/local_cpu_backend.py -> build/lib/lmcache/v1/storage_backend
copying lmcache/v1/storage_backend/gds_backend.py -> build/lib/lmcache/v1/storage_backend
copying lmcache/v1/storage_backend/path_sharder.py -> build/lib/lmcache/v1/storage_backend
copying lmcache/v1/storage_backend/storage_manager.py -> build/lib/lmcache/v1/storage_backend
copying lmcache/v1/storage_backend/remote_backend.py -> build/lib/lmcache/v1/storage_backend
copying lmcache/v1/storage_backend/batched_message_sender.py -> build/lib/lmcache/v1/storage_backend
copying lmcache/v1/storage_backend/nixl_storage_backend.py -> build/lib/lmcache/v1/storage_backend
copying lmcache/v1/storage_backend/audit_backend.py -> build/lib/lmcache/v1/storage_backend
copying lmcache/v1/storage_backend/pd_backend_async.py -> build/lib/lmcache/v1/storage_backend
copying lmcache/v1/storage_backend/__init__.py -> build/lib/lmcache/v1/storage_backend
copying lmcache/v1/storage_backend/resp_client.py -> build/lib/lmcache/v1/storage_backend
copying lmcache/v1/storage_backend/local_disk_backend.py -> build/lib/lmcache/v1/storage_backend
copying lmcache/v1/storage_backend/maru_backend.py -> build/lib/lmcache/v1/storage_backend
copying lmcache/v1/storage_backend/pd_backend.py -> build/lib/lmcache/v1/storage_backend
creating build/lib/lmcache/v1/mp_coordinator
copying lmcache/v1/mp_coordinator/schemas.py -> build/lib/lmcache/v1/mp_coordinator
copying lmcache/v1/mp_coordinator/config.py -> build/lib/lmcache/v1/mp_coordinator
copying lmcache/v1/mp_coordinator/discovery.py -> build/lib/lmcache/v1/mp_coordinator
copying lmcache/v1/mp_coordinator/registrar.py -> build/lib/lmcache/v1/mp_coordinator
copying lmcache/v1/mp_coordinator/registry.py -> build/lib/lmcache/v1/mp_coordinator
copying lmcache/v1/mp_coordinator/blend_client.py -> build/lib/lmcache/v1/mp_coordinator
copying lmcache/v1/mp_coordinator/app.py -> build/lib/lmcache/v1/mp_coordinator
copying lmcache/v1/mp_coordinator/blend_index.py -> build/lib/lmcache/v1/mp_coordinator
copying lmcache/v1/mp_coordinator/api.py -> build/lib/lmcache/v1/mp_coordinator
copying lmcache/v1/mp_coordinator/__main__.py -> build/lib/lmcache/v1/mp_coordinator
copying lmcache/v1/mp_coordinator/__init__.py -> build/lib/lmcache/v1/mp_coordinator
copying lmcache/v1/mp_coordinator/cache_events.py -> build/lib/lmcache/v1/mp_coordinator
copying lmcache/v1/mp_coordinator/observability.py -> build/lib/lmcache/v1/mp_coordinator
creating build/lib/lmcache/v1/server
copying lmcache/v1/server/utils.py -> build/lib/lmcache/v1/server
copying lmcache/v1/server/__main__.py -> build/lib/lmcache/v1/server
copying lmcache/v1/server/__init__.py -> build/lib/lmcache/v1/server
creating build/lib/lmcache/v1/multiprocess
copying lmcache/v1/multiprocess/session.py -> build/lib/lmcache/v1/multiprocess
copying lmcache/v1/multiprocess/native_completion.py -> build/lib/lmcache/v1/multiprocess
copying lmcache/v1/multiprocess/checkpoint_transfer.py -> build/lib/lmcache/v1/multiprocess
copying lmcache/v1/multiprocess/server.py -> build/lib/lmcache/v1/multiprocess
copying lmcache/v1/multiprocess/mq.py -> build/lib/lmcache/v1/multiprocess
copying lmcache/v1/multiprocess/config.py -> build/lib/lmcache/v1/multiprocess
copying lmcache/v1/multiprocess/http_api_registry.py -> build/lib/lmcache/v1/multiprocess
copying lmcache/v1/multiprocess/checkpoint_identity.py -> build/lib/lmcache/v1/multiprocess
copying lmcache/v1/multiprocess/token_hasher.py -> build/lib/lmcache/v1/multiprocess
copying lmcache/v1/multiprocess/affinity_pool.py -> build/lib/lmcache/v1/multiprocess
copying lmcache/v1/multiprocess/engine_module.py -> build/lib/lmcache/v1/multiprocess
copying lmcache/v1/multiprocess/custom_types.py -> build/lib/lmcache/v1/multiprocess
copying lmcache/v1/multiprocess/mp_runtime_plugin_launcher.py -> build/lib/lmcache/v1/multiprocess
copying lmcache/v1/multiprocess/engine_context.py -> build/lib/lmcache/v1/multiprocess
copying lmcache/v1/multiprocess/http_server.py -> build/lib/lmcache/v1/multiprocess
copying lmcache/v1/multiprocess/posix_shm.py -> build/lib/lmcache/v1/multiprocess
copying lmcache/v1/multiprocess/protocol.py -> build/lib/lmcache/v1/multiprocess
copying lmcache/v1/multiprocess/checkpoint_index.py -> build/lib/lmcache/v1/multiprocess
copying lmcache/v1/multiprocess/__init__.py -> build/lib/lmcache/v1/multiprocess
copying lmcache/v1/multiprocess/group_view.py -> build/lib/lmcache/v1/multiprocess
copying lmcache/v1/multiprocess/warm_prefetch.py -> build/lib/lmcache/v1/multiprocess
copying lmcache/v1/multiprocess/checkpoint_storage.py -> build/lib/lmcache/v1/multiprocess
copying lmcache/v1/multiprocess/futures.py -> build/lib/lmcache/v1/multiprocess
creating build/lib/lmcache/v1/check
copying lmcache/v1/check/check_mode_test_remote.py -> build/lib/lmcache/v1/check
copying lmcache/v1/check/check_mode_test_l2_adapter.py -> build/lib/lmcache/v1/check
copying lmcache/v1/check/check_mode_gen.py -> build/lib/lmcache/v1/check
copying lmcache/v1/check/utils.py -> build/lib/lmcache/v1/check
copying lmcache/v1/check/__init__.py -> build/lib/lmcache/v1/check
copying lmcache/v1/check/check_mode_test_storage_manager.py -> build/lib/lmcache/v1/check
creating build/lib/lmcache/v1/exceptions
copying lmcache/v1/exceptions/__init__.py -> build/lib/lmcache/v1/exceptions
creating build/lib/lmcache/v1/platform
copying lmcache/v1/platform/_device_detect.py -> build/lib/lmcache/v1/platform
copying lmcache/v1/platform/event_notifier.py -> build/lib/lmcache/v1/platform
copying lmcache/v1/platform/ops_types.py -> build/lib/lmcache/v1/platform
copying lmcache/v1/platform/isolated_ipc.py -> build/lib/lmcache/v1/platform
copying lmcache/v1/platform/kv_wrap.py -> build/lib/lmcache/v1/platform
copying lmcache/v1/platform/torch_ops.py -> build/lib/lmcache/v1/platform
copying lmcache/v1/platform/cache_context.py -> build/lib/lmcache/v1/platform
copying lmcache/v1/platform/__init__.py -> build/lib/lmcache/v1/platform
creating build/lib/lmcache/v1/rpc
copying lmcache/v1/rpc/transport.py -> build/lib/lmcache/v1/rpc
copying lmcache/v1/rpc/zmq_transport.py -> build/lib/lmcache/v1/rpc
copying lmcache/v1/rpc/__init__.py -> build/lib/lmcache/v1/rpc
creating build/lib/lmcache/v1/internal_api_server
copying lmcache/v1/internal_api_server/api_server.py -> build/lib/lmcache/v1/internal_api_server
copying lmcache/v1/internal_api_server/utils.py -> build/lib/lmcache/v1/internal_api_server
copying lmcache/v1/internal_api_server/__init__.py -> build/lib/lmcache/v1/internal_api_server
copying lmcache/v1/internal_api_server/api_registry.py -> build/lib/lmcache/v1/internal_api_server
creating build/lib/lmcache/v1/standalone
copying lmcache/v1/standalone/standalone_service_factory.py -> build/lib/lmcache/v1/standalone
copying lmcache/v1/standalone/__main__.py -> build/lib/lmcache/v1/standalone
copying lmcache/v1/standalone/__init__.py -> build/lib/lmcache/v1/standalone
copying lmcache/v1/standalone/manager.py -> build/lib/lmcache/v1/standalone
creating build/lib/lmcache/v1/distributed
copying lmcache/v1/distributed/admission.py -> build/lib/lmcache/v1/distributed
copying lmcache/v1/distributed/eviction.py -> build/lib/lmcache/v1/distributed
copying lmcache/v1/distributed/config.py -> build/lib/lmcache/v1/distributed
copying lmcache/v1/distributed/storage_manager.py -> build/lib/lmcache/v1/distributed
copying lmcache/v1/distributed/l1_manager.py -> build/lib/lmcache/v1/distributed
copying lmcache/v1/distributed/internal_api.py -> build/lib/lmcache/v1/distributed
copying lmcache/v1/distributed/quota_manager.py -> build/lib/lmcache/v1/distributed
copying lmcache/v1/distributed/error.py -> build/lib/lmcache/v1/distributed
copying lmcache/v1/distributed/api.py -> build/lib/lmcache/v1/distributed
copying lmcache/v1/distributed/storage_controller.py -> build/lib/lmcache/v1/distributed
creating build/lib/lmcache/v1/health_monitor
copying lmcache/v1/health_monitor/base.py -> build/lib/lmcache/v1/health_monitor
copying lmcache/v1/health_monitor/constants.py -> build/lib/lmcache/v1/health_monitor
copying lmcache/v1/health_monitor/__init__.py -> build/lib/lmcache/v1/health_monitor
creating build/lib/lmcache/v1/offload_server
copying lmcache/v1/offload_server/message.py -> build/lib/lmcache/v1/offload_server
copying lmcache/v1/offload_server/abstract_server.py -> build/lib/lmcache/v1/offload_server
copying lmcache/v1/offload_server/__init__.py -> build/lib/lmcache/v1/offload_server
copying lmcache/v1/offload_server/zmq_server.py -> build/lib/lmcache/v1/offload_server
creating build/lib/lmcache/v1/gpu_connector/kv_format
copying lmcache/v1/gpu_connector/kv_format/types.py -> build/lib/lmcache/v1/gpu_connector/kv_format
copying lmcache/v1/gpu_connector/kv_format/detection.py -> build/lib/lmcache/v1/gpu_connector/kv_format
copying lmcache/v1/gpu_connector/kv_format/contiguity.py -> build/lib/lmcache/v1/gpu_connector/kv_format
copying lmcache/v1/gpu_connector/kv_format/__init__.py -> build/lib/lmcache/v1/gpu_connector/kv_format
creating build/lib/lmcache/v1/gpu_connector/kv_format/detectors
copying lmcache/v1/gpu_connector/kv_format/detectors/vllm.py -> build/lib/lmcache/v1/gpu_connector/kv_format/detectors
copying lmcache/v1/gpu_connector/kv_format/detectors/atom.py -> build/lib/lmcache/v1/gpu_connector/kv_format/detectors
copying lmcache/v1/gpu_connector/kv_format/detectors/trtllm.py -> build/lib/lmcache/v1/gpu_connector/kv_format/detectors
copying lmcache/v1/gpu_connector/kv_format/detectors/sglang.py -> build/lib/lmcache/v1/gpu_connector/kv_format/detectors
copying lmcache/v1/gpu_connector/kv_format/detectors/base.py -> build/lib/lmcache/v1/gpu_connector/kv_format/detectors
copying lmcache/v1/gpu_connector/kv_format/detectors/registry.py -> build/lib/lmcache/v1/gpu_connector/kv_format/detectors
copying lmcache/v1/gpu_connector/kv_format/detectors/__init__.py -> build/lib/lmcache/v1/gpu_connector/kv_format/detectors
creating build/lib/lmcache/v1/gpu_connector/kv_format/specs
copying lmcache/v1/gpu_connector/kv_format/specs/two_x_nl_x_nbbs_nh_hs.py -> build/lib/lmcache/v1/gpu_connector/kv_format/specs
copying lmcache/v1/gpu_connector/kv_format/specs/nl_x_nb_two_bs_nh_hs.py -> build/lib/lmcache/v1/gpu_connector/kv_format/specs
copying lmcache/v1/gpu_connector/kv_format/specs/two_x_nl_x_nb_bs_nh_hs.py -> build/lib/lmcache/v1/gpu_connector/kv_format/specs
copying lmcache/v1/gpu_connector/kv_format/specs/nb_nl_two_nh_bs_hs.py -> build/lib/lmcache/v1/gpu_connector/kv_format/specs
copying lmcache/v1/gpu_connector/kv_format/specs/base.py -> build/lib/lmcache/v1/gpu_connector/kv_format/specs
copying lmcache/v1/gpu_connector/kv_format/specs/nl_x_two_nb_nh_one_bs_hs.py -> build/lib/lmcache/v1/gpu_connector/kv_format/specs
copying lmcache/v1/gpu_connector/kv_format/specs/nl_x_two_nb_bs_nh_hs.py -> build/lib/lmcache/v1/gpu_connector/kv_format/specs
copying lmcache/v1/gpu_connector/kv_format/specs/registry.py -> build/lib/lmcache/v1/gpu_connector/kv_format/specs
copying lmcache/v1/gpu_connector/kv_format/specs/nl_x_nbbs_one_hs.py -> build/lib/lmcache/v1/gpu_connector/kv_format/specs
copying lmcache/v1/gpu_connector/kv_format/specs/nl_x_nb_nh_bs_two_hs.py -> build/lib/lmcache/v1/gpu_connector/kv_format/specs
copying lmcache/v1/gpu_connector/kv_format/specs/nl_x_nb_bs_hs.py -> build/lib/lmcache/v1/gpu_connector/kv_format/specs
copying lmcache/v1/gpu_connector/kv_format/specs/nl_x_nb_bsv_bss.py -> build/lib/lmcache/v1/gpu_connector/kv_format/specs
copying lmcache/v1/gpu_connector/kv_format/specs/nl_x_nb_two_nh_bs_hs.py -> build/lib/lmcache/v1/gpu_connector/kv_format/specs
copying lmcache/v1/gpu_connector/kv_format/specs/nl_x_nb_bs_nh_cs.py -> build/lib/lmcache/v1/gpu_connector/kv_format/specs
copying lmcache/v1/gpu_connector/kv_format/specs/__init__.py -> build/lib/lmcache/v1/gpu_connector/kv_format/specs
copying lmcache/v1/gpu_connector/kv_format/specs/nl_x_two_x_nb_bs_nh_hs.py -> build/lib/lmcache/v1/gpu_connector/kv_format/specs
copying lmcache/v1/gpu_connector/kv_format/specs/nl_x_nb_bs_nh_two_hs.py -> build/lib/lmcache/v1/gpu_connector/kv_format/specs
copying lmcache/v1/gpu_connector/kv_format/specs/nl_x_nb_nh_bs_cs.py -> build/lib/lmcache/v1/gpu_connector/kv_format/specs
copying lmcache/v1/gpu_connector/kv_format/specs/nl_x_two_nb_nh_bs_hs.py -> build/lib/lmcache/v1/gpu_connector/kv_format/specs
copying lmcache/v1/gpu_connector/kv_format/specs/nb_nl_two_bs_nh_hs.py -> build/lib/lmcache/v1/gpu_connector/kv_format/specs
creating build/lib/lmcache/v1/mp_observability/trace
copying lmcache/v1/mp_observability/trace/decorator.py -> build/lib/lmcache/v1/mp_observability/trace
copying lmcache/v1/mp_observability/trace/format.py -> build/lib/lmcache/v1/mp_observability/trace
copying lmcache/v1/mp_observability/trace/reader.py -> build/lib/lmcache/v1/mp_observability/trace
copying lmcache/v1/mp_observability/trace/codecs.py -> build/lib/lmcache/v1/mp_observability/trace
copying lmcache/v1/mp_observability/trace/recorder.py -> build/lib/lmcache/v1/mp_observability/trace
copying lmcache/v1/mp_observability/trace/__init__.py -> build/lib/lmcache/v1/mp_observability/trace
copying lmcache/v1/mp_observability/trace/lifecycle.py -> build/lib/lmcache/v1/mp_observability/trace
creating build/lib/lmcache/v1/mp_observability/subscribers
copying lmcache/v1/mp_observability/subscribers/__init__.py -> build/lib/lmcache/v1/mp_observability/subscribers
creating build/lib/lmcache/v1/mp_observability/subscribers/tracing
copying lmcache/v1/mp_observability/subscribers/tracing/cb_server.py -> build/lib/lmcache/v1/mp_observability/subscribers/tracing
copying lmcache/v1/mp_observability/subscribers/tracing/span_registry.py -> build/lib/lmcache/v1/mp_observability/subscribers/tracing
copying lmcache/v1/mp_observability/subscribers/tracing/mp_server.py -> build/lib/lmcache/v1/mp_observability/subscribers/tracing
copying lmcache/v1/mp_observability/subscribers/tracing/timeout.py -> build/lib/lmcache/v1/mp_observability/subscribers/tracing
copying lmcache/v1/mp_observability/subscribers/tracing/__init__.py -> build/lib/lmcache/v1/mp_observability/subscribers/tracing
creating build/lib/lmcache/v1/mp_observability/subscribers/metrics
copying lmcache/v1/mp_observability/subscribers/metrics/l0_l1_throughput.py -> build/lib/lmcache/v1/mp_observability/subscribers/metrics
copying lmcache/v1/mp_observability/subscribers/metrics/l1_failures.py -> build/lib/lmcache/v1/mp_observability/subscribers/metrics
copying lmcache/v1/mp_observability/subscribers/metrics/cb_server.py -> build/lib/lmcache/v1/mp_observability/subscribers/metrics
copying lmcache/v1/mp_observability/subscribers/metrics/l2.py -> build/lib/lmcache/v1/mp_observability/subscribers/metrics
copying lmcache/v1/mp_observability/subscribers/metrics/engine.py -> build/lib/lmcache/v1/mp_observability/subscribers/metrics
copying lmcache/v1/mp_observability/subscribers/metrics/l1.py -> build/lib/lmcache/v1/mp_observability/subscribers/metrics
copying lmcache/v1/mp_observability/subscribers/metrics/l0_lifecycle.py -> build/lib/lmcache/v1/mp_observability/subscribers/metrics
copying lmcache/v1/mp_observability/subscribers/metrics/mp_transfer.py -> build/lib/lmcache/v1/mp_observability/subscribers/metrics
copying lmcache/v1/mp_observability/subscribers/metrics/lookup.py -> build/lib/lmcache/v1/mp_observability/subscribers/metrics
copying lmcache/v1/mp_observability/subscribers/metrics/l1_eviction_loop.py -> build/lib/lmcache/v1/mp_observability/subscribers/metrics
copying lmcache/v1/mp_observability/subscribers/metrics/l2_failures.py -> build/lib/lmcache/v1/mp_observability/subscribers/metrics
copying lmcache/v1/mp_observability/subscribers/metrics/utils.py -> build/lib/lmcache/v1/mp_observability/subscribers/metrics
copying lmcache/v1/mp_observability/subscribers/metrics/timeout.py -> build/lib/lmcache/v1/mp_observability/subscribers/metrics
copying lmcache/v1/mp_observability/subscribers/metrics/__init__.py -> build/lib/lmcache/v1/mp_observability/subscribers/metrics
copying lmcache/v1/mp_observability/subscribers/metrics/l1_lifecycle.py -> build/lib/lmcache/v1/mp_observability/subscribers/metrics
copying lmcache/v1/mp_observability/subscribers/metrics/l2_throughput.py -> build/lib/lmcache/v1/mp_observability/subscribers/metrics
copying lmcache/v1/mp_observability/subscribers/metrics/event_bus.py -> build/lib/lmcache/v1/mp_observability/subscribers/metrics
copying lmcache/v1/mp_observability/subscribers/metrics/sm_lifecycle.py -> build/lib/lmcache/v1/mp_observability/subscribers/metrics
creating build/lib/lmcache/v1/mp_observability/subscribers/logging
copying lmcache/v1/mp_observability/subscribers/logging/cb_server.py -> build/lib/lmcache/v1/mp_observability/subscribers/logging
copying lmcache/v1/mp_observability/subscribers/logging/l2.py -> build/lib/lmcache/v1/mp_observability/subscribers/logging
copying lmcache/v1/mp_observability/subscribers/logging/lookup_hash.py -> build/lib/lmcache/v1/mp_observability/subscribers/logging
copying lmcache/v1/mp_observability/subscribers/logging/l1.py -> build/lib/lmcache/v1/mp_observability/subscribers/logging
copying lmcache/v1/mp_observability/subscribers/logging/mp_server.py -> build/lib/lmcache/v1/mp_observability/subscribers/logging
copying lmcache/v1/mp_observability/subscribers/logging/sm.py -> build/lib/lmcache/v1/mp_observability/subscribers/logging
copying lmcache/v1/mp_observability/subscribers/logging/extra_stats.py -> build/lib/lmcache/v1/mp_observability/subscribers/logging
copying lmcache/v1/mp_observability/subscribers/logging/timeout.py -> build/lib/lmcache/v1/mp_observability/subscribers/logging
copying lmcache/v1/mp_observability/subscribers/logging/__init__.py -> build/lib/lmcache/v1/mp_observability/subscribers/logging
creating build/lib/lmcache/v1/compute/attention
copying lmcache/v1/compute/attention/flash_attn.py -> build/lib/lmcache/v1/compute/attention
copying lmcache/v1/compute/attention/triton_sparse.py -> build/lib/lmcache/v1/compute/attention
copying lmcache/v1/compute/attention/abstract.py -> build/lib/lmcache/v1/compute/attention
copying lmcache/v1/compute/attention/metadata.py -> build/lib/lmcache/v1/compute/attention
copying lmcache/v1/compute/attention/flash_infer_sparse.py -> build/lib/lmcache/v1/compute/attention
copying lmcache/v1/compute/attention/utils.py -> build/lib/lmcache/v1/compute/attention
copying lmcache/v1/compute/attention/__init__.py -> build/lib/lmcache/v1/compute/attention
creating build/lib/lmcache/v1/compute/models
copying lmcache/v1/compute/models/base.py -> build/lib/lmcache/v1/compute/models
copying lmcache/v1/compute/models/llama.py -> build/lib/lmcache/v1/compute/models
copying lmcache/v1/compute/models/qwen3.py -> build/lib/lmcache/v1/compute/models
copying lmcache/v1/compute/models/utils.py -> build/lib/lmcache/v1/compute/models
copying lmcache/v1/compute/models/__init__.py -> build/lib/lmcache/v1/compute/models
creating build/lib/lmcache/v1/compute/blend
copying lmcache/v1/compute/blend/metadata.py -> build/lib/lmcache/v1/compute/blend
copying lmcache/v1/compute/blend/utils.py -> build/lib/lmcache/v1/compute/blend
copying lmcache/v1/compute/blend/__init__.py -> build/lib/lmcache/v1/compute/blend
copying lmcache/v1/compute/blend/blender.py -> build/lib/lmcache/v1/compute/blend
creating build/lib/lmcache/v1/compute/attention/triton_kernels
copying lmcache/v1/compute/attention/triton_kernels/block_sparse_attention.py -> build/lib/lmcache/v1/compute/attention/triton_kernels
copying lmcache/v1/compute/attention/triton_kernels/__init__.py -> build/lib/lmcache/v1/compute/attention/triton_kernels
creating build/lib/lmcache/v1/lookup_client/record_strategies
copying lmcache/v1/lookup_client/record_strategies/file_hash.py -> build/lib/lmcache/v1/lookup_client/record_strategies
copying lmcache/v1/lookup_client/record_strategies/base.py -> build/lib/lmcache/v1/lookup_client/record_strategies
copying lmcache/v1/lookup_client/record_strategies/memory_bloom_filter.py -> build/lib/lmcache/v1/lookup_client/record_strategies
copying lmcache/v1/lookup_client/record_strategies/__init__.py -> build/lib/lmcache/v1/lookup_client/record_strategies
creating build/lib/lmcache/v1/cache_controller/commands
copying lmcache/v1/cache_controller/commands/full_sync.py -> build/lib/lmcache/v1/cache_controller/commands
copying lmcache/v1/cache_controller/commands/base.py -> build/lib/lmcache/v1/cache_controller/commands
copying lmcache/v1/cache_controller/commands/__init__.py -> build/lib/lmcache/v1/cache_controller/commands
creating build/lib/lmcache/v1/cache_controller/controllers
copying lmcache/v1/cache_controller/controllers/full_sync_tracker.py -> build/lib/lmcache/v1/cache_controller/controllers
copying lmcache/v1/cache_controller/controllers/kv_controller.py -> build/lib/lmcache/v1/cache_controller/controllers
copying lmcache/v1/cache_controller/controllers/registration_controller.py -> build/lib/lmcache/v1/cache_controller/controllers
copying lmcache/v1/cache_controller/controllers/__init__.py -> build/lib/lmcache/v1/cache_controller/controllers
creating build/lib/lmcache/v1/storage_backend/plugins
copying lmcache/v1/storage_backend/plugins/rust_raw_block_backend.py -> build/lib/lmcache/v1/storage_backend/plugins
copying lmcache/v1/storage_backend/plugins/dax_backend.py -> build/lib/lmcache/v1/storage_backend/plugins
creating build/lib/lmcache/v1/storage_backend/dax
copying lmcache/v1/storage_backend/dax/core.py -> build/lib/lmcache/v1/storage_backend/dax
copying lmcache/v1/storage_backend/dax/__init__.py -> build/lib/lmcache/v1/storage_backend/dax
creating build/lib/lmcache/v1/storage_backend/native_clients
copying lmcache/v1/storage_backend/native_clients/aerospike_client.py -> build/lib/lmcache/v1/storage_backend/native_clients
copying lmcache/v1/storage_backend/native_clients/connector_client_base.py -> build/lib/lmcache/v1/storage_backend/native_clients
copying lmcache/v1/storage_backend/native_clients/resp_client.py -> build/lib/lmcache/v1/storage_backend/native_clients
creating build/lib/lmcache/v1/storage_backend/valkey
copying lmcache/v1/storage_backend/valkey/worker_pool.py -> build/lib/lmcache/v1/storage_backend/valkey
copying lmcache/v1/storage_backend/valkey/__init__.py -> build/lib/lmcache/v1/storage_backend/valkey
creating build/lib/lmcache/v1/storage_backend/job_executor
copying lmcache/v1/storage_backend/job_executor/base_executor.py -> build/lib/lmcache/v1/storage_backend/job_executor
copying lmcache/v1/storage_backend/job_executor/__init__.py -> build/lib/lmcache/v1/storage_backend/job_executor
copying lmcache/v1/storage_backend/job_executor/pq_executor.py -> build/lib/lmcache/v1/storage_backend/job_executor
creating build/lib/lmcache/v1/storage_backend/connector
copying lmcache/v1/storage_backend/connector/infinistore_connector.py -> build/lib/lmcache/v1/storage_backend/connector
copying lmcache/v1/storage_backend/connector/s3_connector.py -> build/lib/lmcache/v1/storage_backend/connector
copying lmcache/v1/storage_backend/connector/mock_adapter.py -> build/lib/lmcache/v1/storage_backend/connector
copying lmcache/v1/storage_backend/connector/hfbucket_connector.py -> build/lib/lmcache/v1/storage_backend/connector
copying lmcache/v1/storage_backend/connector/audit_adapter.py -> build/lib/lmcache/v1/storage_backend/connector
copying lmcache/v1/storage_backend/connector/lm_connector.py -> build/lib/lmcache/v1/storage_backend/connector
copying lmcache/v1/storage_backend/connector/eic_adapter.py -> build/lib/lmcache/v1/storage_backend/connector
copying lmcache/v1/storage_backend/connector/bigtable_schema.py -> build/lib/lmcache/v1/storage_backend/connector
copying lmcache/v1/storage_backend/connector/sagemaker_hyperpod_connector.py -> build/lib/lmcache/v1/storage_backend/connector
copying lmcache/v1/storage_backend/connector/bigtable_adapter.py -> build/lib/lmcache/v1/storage_backend/connector
copying lmcache/v1/storage_backend/connector/blackhole_connector.py -> build/lib/lmcache/v1/storage_backend/connector
copying lmcache/v1/storage_backend/connector/sagemaker_hyperpod_adapter.py -> build/lib/lmcache/v1/storage_backend/connector
copying lmcache/v1/storage_backend/connector/redis_connector.py -> build/lib/lmcache/v1/storage_backend/connector
copying lmcache/v1/storage_backend/connector/mooncakestore_adapter.py -> build/lib/lmcache/v1/storage_backend/connector
copying lmcache/v1/storage_backend/connector/hfbucket_adapter.py -> build/lib/lmcache/v1/storage_backend/connector
copying lmcache/v1/storage_backend/connector/eic_connector.py -> build/lib/lmcache/v1/storage_backend/connector
copying lmcache/v1/storage_backend/connector/lm_adapter.py -> build/lib/lmcache/v1/storage_backend/connector
copying lmcache/v1/storage_backend/connector/base_connector.py -> build/lib/lmcache/v1/storage_backend/connector
copying lmcache/v1/storage_backend/connector/hf3fs_connector.py -> build/lib/lmcache/v1/storage_backend/connector
copying lmcache/v1/storage_backend/connector/valkey_connector.py -> build/lib/lmcache/v1/storage_backend/connector
copying lmcache/v1/storage_backend/connector/infinistore_adapter.py -> build/lib/lmcache/v1/storage_backend/connector
copying lmcache/v1/storage_backend/connector/external_adapter.py -> build/lib/lmcache/v1/storage_backend/connector
copying lmcache/v1/storage_backend/connector/bigtable_connector.py -> build/lib/lmcache/v1/storage_backend/connector
copying lmcache/v1/storage_backend/connector/bigtable_config.py -> build/lib/lmcache/v1/storage_backend/connector
copying lmcache/v1/storage_backend/connector/valkey_adapter.py -> build/lib/lmcache/v1/storage_backend/connector
copying lmcache/v1/storage_backend/connector/hf3fs_adapter.py -> build/lib/lmcache/v1/storage_backend/connector
copying lmcache/v1/storage_backend/connector/s3_adapter.py -> build/lib/lmcache/v1/storage_backend/connector
copying lmcache/v1/storage_backend/connector/fs_adapter.py -> build/lib/lmcache/v1/storage_backend/connector
copying lmcache/v1/storage_backend/connector/fs_connector.py -> build/lib/lmcache/v1/storage_backend/connector
copying lmcache/v1/storage_backend/connector/azure_adapter.py -> build/lib/lmcache/v1/storage_backend/connector
copying lmcache/v1/storage_backend/connector/bigtable_sharder.py -> build/lib/lmcache/v1/storage_backend/connector
copying lmcache/v1/storage_backend/connector/instrumented_connector.py -> build/lib/lmcache/v1/storage_backend/connector
copying lmcache/v1/storage_backend/connector/__init__.py -> build/lib/lmcache/v1/storage_backend/connector
copying lmcache/v1/storage_backend/connector/redis_adapter.py -> build/lib/lmcache/v1/storage_backend/connector
copying lmcache/v1/storage_backend/connector/mooncakestore_connector.py -> build/lib/lmcache/v1/storage_backend/connector
copying lmcache/v1/storage_backend/connector/audit_connector.py -> build/lib/lmcache/v1/storage_backend/connector
copying lmcache/v1/storage_backend/connector/blackhole_adapter.py -> build/lib/lmcache/v1/storage_backend/connector
copying lmcache/v1/storage_backend/connector/azure_connector.py -> build/lib/lmcache/v1/storage_backend/connector
copying lmcache/v1/storage_backend/connector/mock_connector.py -> build/lib/lmcache/v1/storage_backend/connector
creating build/lib/lmcache/v1/storage_backend/raw_block
copying lmcache/v1/storage_backend/raw_block/core.py -> build/lib/lmcache/v1/storage_backend/raw_block
copying lmcache/v1/storage_backend/raw_block/key_codec.py -> build/lib/lmcache/v1/storage_backend/raw_block
copying lmcache/v1/storage_backend/raw_block/__init__.py -> build/lib/lmcache/v1/storage_backend/raw_block
creating build/lib/lmcache/v1/storage_backend/cache_policy
copying lmcache/v1/storage_backend/cache_policy/lfu.py -> build/lib/lmcache/v1/storage_backend/cache_policy
copying lmcache/v1/storage_backend/cache_policy/fifo.py -> build/lib/lmcache/v1/storage_backend/cache_policy
copying lmcache/v1/storage_backend/cache_policy/mru.py -> build/lib/lmcache/v1/storage_backend/cache_policy
copying lmcache/v1/storage_backend/cache_policy/lru.py -> build/lib/lmcache/v1/storage_backend/cache_policy
copying lmcache/v1/storage_backend/cache_policy/base_policy.py -> build/lib/lmcache/v1/storage_backend/cache_policy
copying lmcache/v1/storage_backend/cache_policy/__init__.py -> build/lib/lmcache/v1/storage_backend/cache_policy
creating build/lib/lmcache/v1/storage_backend/naive_serde
copying lmcache/v1/storage_backend/naive_serde/kivi_serde.py -> build/lib/lmcache/v1/storage_backend/naive_serde
copying lmcache/v1/storage_backend/naive_serde/naive_serde.py -> build/lib/lmcache/v1/storage_backend/naive_serde
copying lmcache/v1/storage_backend/naive_serde/cachegen_encoder.py -> build/lib/lmcache/v1/storage_backend/naive_serde
copying lmcache/v1/storage_backend/naive_serde/cachegen_basics.py -> build/lib/lmcache/v1/storage_backend/naive_serde
copying lmcache/v1/storage_backend/naive_serde/__init__.py -> build/lib/lmcache/v1/storage_backend/naive_serde
copying lmcache/v1/storage_backend/naive_serde/cachegen_decoder.py -> build/lib/lmcache/v1/storage_backend/naive_serde
copying lmcache/v1/storage_backend/naive_serde/serde.py -> build/lib/lmcache/v1/storage_backend/naive_serde
creating build/lib/lmcache/v1/mp_coordinator/http_apis
copying lmcache/v1/mp_coordinator/http_apis/dependencies.py -> build/lib/lmcache/v1/mp_coordinator/http_apis
copying lmcache/v1/mp_coordinator/http_apis/events_api.py -> build/lib/lmcache/v1/mp_coordinator/http_apis
copying lmcache/v1/mp_coordinator/http_apis/metrics_api.py -> build/lib/lmcache/v1/mp_coordinator/http_apis
copying lmcache/v1/mp_coordinator/http_apis/health_api.py -> build/lib/lmcache/v1/mp_coordinator/http_apis
copying lmcache/v1/mp_coordinator/http_apis/cache_api.py -> build/lib/lmcache/v1/mp_coordinator/http_apis
copying lmcache/v1/mp_coordinator/http_apis/directory_api.py -> build/lib/lmcache/v1/mp_coordinator/http_apis
copying lmcache/v1/mp_coordinator/http_apis/__init__.py -> build/lib/lmcache/v1/mp_coordinator/http_apis
copying lmcache/v1/mp_coordinator/http_apis/instances_api.py -> build/lib/lmcache/v1/mp_coordinator/http_apis
copying lmcache/v1/mp_coordinator/http_apis/quota_api.py -> build/lib/lmcache/v1/mp_coordinator/http_apis
copying lmcache/v1/mp_coordinator/http_apis/instances_usage_api.py -> build/lib/lmcache/v1/mp_coordinator/http_apis
creating build/lib/lmcache/v1/mp_coordinator/utils
copying lmcache/v1/mp_coordinator/utils/encoding.py -> build/lib/lmcache/v1/mp_coordinator/utils
copying lmcache/v1/mp_coordinator/utils/__init__.py -> build/lib/lmcache/v1/mp_coordinator/utils
creating build/lib/lmcache/v1/mp_coordinator/persistence
copying lmcache/v1/mp_coordinator/persistence/store.py -> build/lib/lmcache/v1/mp_coordinator/persistence
copying lmcache/v1/mp_coordinator/persistence/checkpoint.py -> build/lib/lmcache/v1/mp_coordinator/persistence
copying lmcache/v1/mp_coordinator/persistence/quiesce.py -> build/lib/lmcache/v1/mp_coordinator/persistence
copying lmcache/v1/mp_coordinator/persistence/metadata.py -> build/lib/lmcache/v1/mp_coordinator/persistence
copying lmcache/v1/mp_coordinator/persistence/durable_component.py -> build/lib/lmcache/v1/mp_coordinator/persistence
copying lmcache/v1/mp_coordinator/persistence/__init__.py -> build/lib/lmcache/v1/mp_coordinator/persistence
creating build/lib/lmcache/v1/mp_coordinator/ingest
copying lmcache/v1/mp_coordinator/ingest/event_gate.py -> build/lib/lmcache/v1/mp_coordinator/ingest
copying lmcache/v1/mp_coordinator/ingest/__init__.py -> build/lib/lmcache/v1/mp_coordinator/ingest
copying lmcache/v1/mp_coordinator/ingest/event_broadcaster.py -> build/lib/lmcache/v1/mp_coordinator/ingest
creating build/lib/lmcache/v1/mp_coordinator/controllers
copying lmcache/v1/mp_coordinator/controllers/eviction_controller.py -> build/lib/lmcache/v1/mp_coordinator/controllers
copying lmcache/v1/mp_coordinator/controllers/base.py -> build/lib/lmcache/v1/mp_coordinator/controllers
copying lmcache/v1/mp_coordinator/controllers/prefetch_manager.py -> build/lib/lmcache/v1/mp_coordinator/controllers
copying lmcache/v1/mp_coordinator/controllers/__init__.py -> build/lib/lmcache/v1/mp_coordinator/controllers
creating build/lib/lmcache/v1/mp_coordinator/views
copying lmcache/v1/mp_coordinator/views/base.py -> build/lib/lmcache/v1/mp_coordinator/views
copying lmcache/v1/mp_coordinator/views/key_directory.py -> build/lib/lmcache/v1/mp_coordinator/views
copying lmcache/v1/mp_coordinator/views/server_config.py -> build/lib/lmcache/v1/mp_coordinator/views
copying lmcache/v1/mp_coordinator/views/__init__.py -> build/lib/lmcache/v1/mp_coordinator/views
copying lmcache/v1/mp_coordinator/views/usage_manager.py -> build/lib/lmcache/v1/mp_coordinator/views
creating build/lib/lmcache/v1/server/storage_backend
copying lmcache/v1/server/storage_backend/abstract_backend.py -> build/lib/lmcache/v1/server/storage_backend
copying lmcache/v1/server/storage_backend/local_backend.py -> build/lib/lmcache/v1/server/storage_backend
copying lmcache/v1/server/storage_backend/__init__.py -> build/lib/lmcache/v1/server/storage_backend
creating build/lib/lmcache/v1/multiprocess/protocols
copying lmcache/v1/multiprocess/protocols/controller.py -> build/lib/lmcache/v1/multiprocess/protocols
copying lmcache/v1/multiprocess/protocols/blend.py -> build/lib/lmcache/v1/multiprocess/protocols
copying lmcache/v1/multiprocess/protocols/engine.py -> build/lib/lmcache/v1/multiprocess/protocols
copying lmcache/v1/multiprocess/protocols/base.py -> build/lib/lmcache/v1/multiprocess/protocols
copying lmcache/v1/multiprocess/protocols/checkpoint.py -> build/lib/lmcache/v1/multiprocess/protocols
copying lmcache/v1/multiprocess/protocols/debug.py -> build/lib/lmcache/v1/multiprocess/protocols
copying lmcache/v1/multiprocess/protocols/__init__.py -> build/lib/lmcache/v1/multiprocess/protocols
copying lmcache/v1/multiprocess/protocols/observability.py -> build/lib/lmcache/v1/multiprocess/protocols
copying lmcache/v1/multiprocess/protocols/p2p.py -> build/lib/lmcache/v1/multiprocess/protocols
creating build/lib/lmcache/v1/multiprocess/http_apis
copying lmcache/v1/multiprocess/http_apis/dependencies.py -> build/lib/lmcache/v1/multiprocess/http_apis
copying lmcache/v1/multiprocess/http_apis/schemas.py -> build/lib/lmcache/v1/multiprocess/http_apis
copying lmcache/v1/multiprocess/http_apis/info_api.py -> build/lib/lmcache/v1/multiprocess/http_apis
copying lmcache/v1/multiprocess/http_apis/error_handlers.py -> build/lib/lmcache/v1/multiprocess/http_apis
copying lmcache/v1/multiprocess/http_apis/reconfigure_api.py -> build/lib/lmcache/v1/multiprocess/http_apis
copying lmcache/v1/multiprocess/http_apis/common_api.py -> build/lib/lmcache/v1/multiprocess/http_apis
copying lmcache/v1/multiprocess/http_apis/config_api.py -> build/lib/lmcache/v1/multiprocess/http_apis
copying lmcache/v1/multiprocess/http_apis/cache_api.py -> build/lib/lmcache/v1/multiprocess/http_apis
copying lmcache/v1/multiprocess/http_apis/__init__.py -> build/lib/lmcache/v1/multiprocess/http_apis
copying lmcache/v1/multiprocess/http_apis/quota_api.py -> build/lib/lmcache/v1/multiprocess/http_apis
creating build/lib/lmcache/v1/multiprocess/transfer_context
copying lmcache/v1/multiprocess/transfer_context/worker_transfer.py -> build/lib/lmcache/v1/multiprocess/transfer_context
copying lmcache/v1/multiprocess/transfer_context/base.py -> build/lib/lmcache/v1/multiprocess/transfer_context
copying lmcache/v1/multiprocess/transfer_context/shm.py -> build/lib/lmcache/v1/multiprocess/transfer_context
copying lmcache/v1/multiprocess/transfer_context/pickle.py -> build/lib/lmcache/v1/multiprocess/transfer_context
copying lmcache/v1/multiprocess/transfer_context/__init__.py -> build/lib/lmcache/v1/multiprocess/transfer_context
copying lmcache/v1/multiprocess/transfer_context/async_engine_driven.py -> build/lib/lmcache/v1/multiprocess/transfer_context
creating build/lib/lmcache/v1/multiprocess/cache_control
copying lmcache/v1/multiprocess/cache_control/object_service.py -> build/lib/lmcache/v1/multiprocess/cache_control
copying lmcache/v1/multiprocess/cache_control/prefetch_service.py -> build/lib/lmcache/v1/multiprocess/cache_control
copying lmcache/v1/multiprocess/cache_control/key_resolver.py -> build/lib/lmcache/v1/multiprocess/cache_control
copying lmcache/v1/multiprocess/cache_control/errors.py -> build/lib/lmcache/v1/multiprocess/cache_control
copying lmcache/v1/multiprocess/cache_control/__init__.py -> build/lib/lmcache/v1/multiprocess/cache_control
creating build/lib/lmcache/v1/multiprocess/modules
copying lmcache/v1/multiprocess/modules/lmcache_driven_transfer.py -> build/lib/lmcache/v1/multiprocess/modules
copying lmcache/v1/multiprocess/modules/blend.py -> build/lib/lmcache/v1/multiprocess/modules
copying lmcache/v1/multiprocess/modules/management.py -> build/lib/lmcache/v1/multiprocess/modules
copying lmcache/v1/multiprocess/modules/checkpoint.py -> build/lib/lmcache/v1/multiprocess/modules
copying lmcache/v1/multiprocess/modules/p2p_controller.py -> build/lib/lmcache/v1/multiprocess/modules
copying lmcache/v1/multiprocess/modules/server_transfer.py -> build/lib/lmcache/v1/multiprocess/modules
copying lmcache/v1/multiprocess/modules/lookup.py -> build/lib/lmcache/v1/multiprocess/modules
copying lmcache/v1/multiprocess/modules/__init__.py -> build/lib/lmcache/v1/multiprocess/modules
copying lmcache/v1/multiprocess/modules/engine_driven_transfer.py -> build/lib/lmcache/v1/multiprocess/modules
creating build/lib/lmcache/v1/multiprocess/modules/experimental
copying lmcache/v1/multiprocess/modules/experimental/qstore.py -> build/lib/lmcache/v1/multiprocess/modules/experimental
copying lmcache/v1/multiprocess/modules/experimental/__init__.py -> build/lib/lmcache/v1/multiprocess/modules/experimental
creating build/lib/lmcache/v1/platform/cpu
copying lmcache/v1/platform/cpu/shm.py -> build/lib/lmcache/v1/platform/cpu
copying lmcache/v1/platform/cpu/stub_cpu_device.py -> build/lib/lmcache/v1/platform/cpu
copying lmcache/v1/platform/cpu/device_ops.py -> build/lib/lmcache/v1/platform/cpu
copying lmcache/v1/platform/cpu/cache_context.py -> build/lib/lmcache/v1/platform/cpu
copying lmcache/v1/platform/cpu/__init__.py -> build/lib/lmcache/v1/platform/cpu
creating build/lib/lmcache/v1/platform/base
copying lmcache/v1/platform/base/event_ipc.py -> build/lib/lmcache/v1/platform/base
copying lmcache/v1/platform/base/ipc_wrapper.py -> build/lib/lmcache/v1/platform/base
copying lmcache/v1/platform/base/pin_memory.py -> build/lib/lmcache/v1/platform/base
copying lmcache/v1/platform/base/device_ops.py -> build/lib/lmcache/v1/platform/base
copying lmcache/v1/platform/base/cache_context.py -> build/lib/lmcache/v1/platform/base
copying lmcache/v1/platform/base/__init__.py -> build/lib/lmcache/v1/platform/base
copying lmcache/v1/platform/base/device_spec.py -> build/lib/lmcache/v1/platform/base
creating build/lib/lmcache/v1/platform/rbln
copying lmcache/v1/platform/rbln/kv_layout.py -> build/lib/lmcache/v1/platform/rbln
copying lmcache/v1/platform/rbln/kv_ops.py -> build/lib/lmcache/v1/platform/rbln
copying lmcache/v1/platform/rbln/device_ops.py -> build/lib/lmcache/v1/platform/rbln
copying lmcache/v1/platform/rbln/__init__.py -> build/lib/lmcache/v1/platform/rbln
creating build/lib/lmcache/v1/platform/cuda
copying lmcache/v1/platform/cuda/cumem_ipc.py -> build/lib/lmcache/v1/platform/cuda
copying lmcache/v1/platform/cuda/ipc_wrapper.py -> build/lib/lmcache/v1/platform/cuda
copying lmcache/v1/platform/cuda/timeline_semaphore_event_ipc.py -> build/lib/lmcache/v1/platform/cuda
copying lmcache/v1/platform/cuda/pin_memory.py -> build/lib/lmcache/v1/platform/cuda
copying lmcache/v1/platform/cuda/device_ops.py -> build/lib/lmcache/v1/platform/cuda
copying lmcache/v1/platform/cuda/utils.py -> build/lib/lmcache/v1/platform/cuda
copying lmcache/v1/platform/cuda/cache_context.py -> build/lib/lmcache/v1/platform/cuda
copying lmcache/v1/platform/cuda/__init__.py -> build/lib/lmcache/v1/platform/cuda
creating build/lib/lmcache/v1/platform/rocm
copying lmcache/v1/platform/rocm/__init__.py -> build/lib/lmcache/v1/platform/rocm
creating build/lib/lmcache/v1/platform/hpu
copying lmcache/v1/platform/hpu/device_ops.py -> build/lib/lmcache/v1/platform/hpu
copying lmcache/v1/platform/hpu/__init__.py -> build/lib/lmcache/v1/platform/hpu
creating build/lib/lmcache/v1/platform/xpu
copying lmcache/v1/platform/xpu/device_ops.py -> build/lib/lmcache/v1/platform/xpu
copying lmcache/v1/platform/xpu/__init__.py -> build/lib/lmcache/v1/platform/xpu
creating build/lib/lmcache/v1/platform/musa
copying lmcache/v1/platform/musa/event_ipc.py -> build/lib/lmcache/v1/platform/musa
copying lmcache/v1/platform/musa/ipc_wrapper.py -> build/lib/lmcache/v1/platform/musa
copying lmcache/v1/platform/musa/pin_memory.py -> build/lib/lmcache/v1/platform/musa
copying lmcache/v1/platform/musa/device_ops.py -> build/lib/lmcache/v1/platform/musa
copying lmcache/v1/platform/musa/cache_context.py -> build/lib/lmcache/v1/platform/musa
copying lmcache/v1/platform/musa/__init__.py -> build/lib/lmcache/v1/platform/musa
copying lmcache/v1/platform/musa/tensor_from_ptr.py -> build/lib/lmcache/v1/platform/musa
copying lmcache/v1/platform/musa/native_kv_transfer.py -> build/lib/lmcache/v1/platform/musa
creating build/lib/lmcache/v1/platform/npu
copying lmcache/v1/platform/npu/device_ops.py -> build/lib/lmcache/v1/platform/npu
copying lmcache/v1/platform/npu/__init__.py -> build/lib/lmcache/v1/platform/npu
creating build/lib/lmcache/v1/platform/neuron
copying lmcache/v1/platform/neuron/__init__.py -> build/lib/lmcache/v1/platform/neuron
creating build/lib/lmcache/v1/internal_api_server/vllm
copying lmcache/v1/internal_api_server/vllm/bypass_api.py -> build/lib/lmcache/v1/internal_api_server/vllm
copying lmcache/v1/internal_api_server/vllm/inference_api.py -> build/lib/lmcache/v1/internal_api_server/vllm
copying lmcache/v1/internal_api_server/vllm/conf_api.py -> build/lib/lmcache/v1/internal_api_server/vllm
copying lmcache/v1/internal_api_server/vllm/freeze_api.py -> build/lib/lmcache/v1/internal_api_server/vllm
copying lmcache/v1/internal_api_server/vllm/load_fs_chunks_api.py -> build/lib/lmcache/v1/internal_api_server/vllm
copying lmcache/v1/internal_api_server/vllm/backend_api.py -> build/lib/lmcache/v1/internal_api_server/vllm
copying lmcache/v1/internal_api_server/vllm/hot_cache_api.py -> build/lib/lmcache/v1/internal_api_server/vllm
copying lmcache/v1/internal_api_server/vllm/lookup_api.py -> build/lib/lmcache/v1/internal_api_server/vllm
copying lmcache/v1/internal_api_server/vllm/cache_api.py -> build/lib/lmcache/v1/internal_api_server/vllm
copying lmcache/v1/internal_api_server/vllm/chunk_statistics_api.py -> build/lib/lmcache/v1/internal_api_server/vllm
copying lmcache/v1/internal_api_server/vllm/__init__.py -> build/lib/lmcache/v1/internal_api_server/vllm
copying lmcache/v1/internal_api_server/vllm/version_api.py -> build/lib/lmcache/v1/internal_api_server/vllm
creating build/lib/lmcache/v1/internal_api_server/common
copying lmcache/v1/internal_api_server/common/metrics_api.py -> build/lib/lmcache/v1/internal_api_server/common
copying lmcache/v1/internal_api_server/common/env_api.py -> build/lib/lmcache/v1/internal_api_server/common
copying lmcache/v1/internal_api_server/common/periodic_thread_api.py -> build/lib/lmcache/v1/internal_api_server/common
copying lmcache/v1/internal_api_server/common/thread_api.py -> build/lib/lmcache/v1/internal_api_server/common
copying lmcache/v1/internal_api_server/common/run_script_api.py -> build/lib/lmcache/v1/internal_api_server/common
copying lmcache/v1/internal_api_server/common/__init__.py -> build/lib/lmcache/v1/internal_api_server/common
copying lmcache/v1/internal_api_server/common/loglevel_api.py -> build/lib/lmcache/v1/internal_api_server/common
creating build/lib/lmcache/v1/internal_api_server/controller
copying lmcache/v1/internal_api_server/controller/worker_info_api.py -> build/lib/lmcache/v1/internal_api_server/controller
copying lmcache/v1/internal_api_server/controller/key_stats_api.py -> build/lib/lmcache/v1/internal_api_server/controller
copying lmcache/v1/internal_api_server/controller/__init__.py -> build/lib/lmcache/v1/internal_api_server/controller
creating build/lib/lmcache/v1/distributed/transfer_channel
copying lmcache/v1/distributed/transfer_channel/factory.py -> build/lib/lmcache/v1/distributed/transfer_channel
copying lmcache/v1/distributed/transfer_channel/abstract.py -> build/lib/lmcache/v1/distributed/transfer_channel
copying lmcache/v1/distributed/transfer_channel/api.py -> build/lib/lmcache/v1/distributed/transfer_channel
copying lmcache/v1/distributed/transfer_channel/__init__.py -> build/lib/lmcache/v1/distributed/transfer_channel
creating build/lib/lmcache/v1/distributed/bitmap_ops
copying lmcache/v1/distributed/bitmap_ops/fold.py -> build/lib/lmcache/v1/distributed/bitmap_ops
copying lmcache/v1/distributed/bitmap_ops/__init__.py -> build/lib/lmcache/v1/distributed/bitmap_ops
creating build/lib/lmcache/v1/distributed/memory_manager
copying lmcache/v1/distributed/memory_manager/gds_l1_memory_manager.py -> build/lib/lmcache/v1/distributed/memory_manager
copying lmcache/v1/distributed/memory_manager/l1_manager_protocol.py -> build/lib/lmcache/v1/distributed/memory_manager
copying lmcache/v1/distributed/memory_manager/__init__.py -> build/lib/lmcache/v1/distributed/memory_manager
copying lmcache/v1/distributed/memory_manager/l1_memory_manager.py -> build/lib/lmcache/v1/distributed/memory_manager
copying lmcache/v1/distributed/memory_manager/devdax_l1_memory_manager.py -> build/lib/lmcache/v1/distributed/memory_manager
creating build/lib/lmcache/v1/distributed/serde
copying lmcache/v1/distributed/serde/aesgcm.py -> build/lib/lmcache/v1/distributed/serde
copying lmcache/v1/distributed/serde/multi.py -> build/lib/lmcache/v1/distributed/serde
copying lmcache/v1/distributed/serde/asym_k16_v8.py -> build/lib/lmcache/v1/distributed/serde
copying lmcache/v1/distributed/serde/fp8.py -> build/lib/lmcache/v1/distributed/serde
copying lmcache/v1/distributed/serde/base.py -> build/lib/lmcache/v1/distributed/serde
copying lmcache/v1/distributed/serde/factory.py -> build/lib/lmcache/v1/distributed/serde
copying lmcache/v1/distributed/serde/key_provider.py -> build/lib/lmcache/v1/distributed/serde
copying lmcache/v1/distributed/serde/async_processor.py -> build/lib/lmcache/v1/distributed/serde
copying lmcache/v1/distributed/serde/utils.py -> build/lib/lmcache/v1/distributed/serde
copying lmcache/v1/distributed/serde/__init__.py -> build/lib/lmcache/v1/distributed/serde
creating build/lib/lmcache/v1/distributed/l2_adapters
copying lmcache/v1/distributed/l2_adapters/s3_l2_adapter.py -> build/lib/lmcache/v1/distributed/l2_adapters
copying lmcache/v1/distributed/l2_adapters/nixl_store_dynamic_l2_adapter.py -> build/lib/lmcache/v1/distributed/l2_adapters
copying lmcache/v1/distributed/l2_adapters/bigtable_key_encoder.py -> build/lib/lmcache/v1/distributed/l2_adapters
copying lmcache/v1/distributed/l2_adapters/plugin_l2_adapter.py -> build/lib/lmcache/v1/distributed/l2_adapters
copying lmcache/v1/distributed/l2_adapters/config.py -> build/lib/lmcache/v1/distributed/l2_adapters
copying lmcache/v1/distributed/l2_adapters/dax_l2_adapter.py -> build/lib/lmcache/v1/distributed/l2_adapters
copying lmcache/v1/distributed/l2_adapters/valkey_l2_adapter.py -> build/lib/lmcache/v1/distributed/l2_adapters
copying lmcache/v1/distributed/l2_adapters/resp_l2_adapter.py -> build/lib/lmcache/v1/distributed/l2_adapters
copying lmcache/v1/distributed/l2_adapters/nixl_store_l2_adapter.py -> build/lib/lmcache/v1/distributed/l2_adapters
copying lmcache/v1/distributed/l2_adapters/base.py -> build/lib/lmcache/v1/distributed/l2_adapters
copying lmcache/v1/distributed/l2_adapters/p2p_l2_adapter.py -> build/lib/lmcache/v1/distributed/l2_adapters
copying lmcache/v1/distributed/l2_adapters/fs_l2_adapter.py -> build/lib/lmcache/v1/distributed/l2_adapters
copying lmcache/v1/distributed/l2_adapters/factory.py -> build/lib/lmcache/v1/distributed/l2_adapters
copying lmcache/v1/distributed/l2_adapters/raw_block_l2_adapter.py -> build/lib/lmcache/v1/distributed/l2_adapters
copying lmcache/v1/distributed/l2_adapters/native_plugin_l2_adapter.py -> build/lib/lmcache/v1/distributed/l2_adapters
copying lmcache/v1/distributed/l2_adapters/native_connector_l2_adapter.py -> build/lib/lmcache/v1/distributed/l2_adapters
copying lmcache/v1/distributed/l2_adapters/fault_inject_l2_adapter.py -> build/lib/lmcache/v1/distributed/l2_adapters
copying lmcache/v1/distributed/l2_adapters/sagemaker_hyperpod_client.py -> build/lib/lmcache/v1/distributed/l2_adapters
copying lmcache/v1/distributed/l2_adapters/reconfiguration.py -> build/lib/lmcache/v1/distributed/l2_adapters
copying lmcache/v1/distributed/l2_adapters/mooncake_store_l2_adapter.py -> build/lib/lmcache/v1/distributed/l2_adapters
copying lmcache/v1/distributed/l2_adapters/fs_native_l2_adapter.py -> build/lib/lmcache/v1/distributed/l2_adapters
copying lmcache/v1/distributed/l2_adapters/__init__.py -> build/lib/lmcache/v1/distributed/l2_adapters
copying lmcache/v1/distributed/l2_adapters/mock_l2_adapter.py -> build/lib/lmcache/v1/distributed/l2_adapters
copying lmcache/v1/distributed/l2_adapters/sagemaker_hyperpod_l2_adapter.py -> build/lib/lmcache/v1/distributed/l2_adapters
copying lmcache/v1/distributed/l2_adapters/bigtable_l2_adapter.py -> build/lib/lmcache/v1/distributed/l2_adapters
copying lmcache/v1/distributed/l2_adapters/hfbucket_l2_adapter.py -> build/lib/lmcache/v1/distributed/l2_adapters
copying lmcache/v1/distributed/l2_adapters/serde_wrapper.py -> build/lib/lmcache/v1/distributed/l2_adapters
copying lmcache/v1/distributed/l2_adapters/aerospike_l2_adapter.py -> build/lib/lmcache/v1/distributed/l2_adapters
creating build/lib/lmcache/v1/distributed/storage_controllers
copying lmcache/v1/distributed/storage_controllers/prefetch_controller.py -> build/lib/lmcache/v1/distributed/storage_controllers
copying lmcache/v1/distributed/storage_controllers/adapter_lifecycle.py -> build/lib/lmcache/v1/distributed/storage_controllers
copying lmcache/v1/distributed/storage_controllers/eviction_controller.py -> build/lib/lmcache/v1/distributed/storage_controllers
copying lmcache/v1/distributed/storage_controllers/store_controller.py -> build/lib/lmcache/v1/distributed/storage_controllers
copying lmcache/v1/distributed/storage_controllers/prefetch_policy.py -> build/lib/lmcache/v1/distributed/storage_controllers
copying lmcache/v1/distributed/storage_controllers/__init__.py -> build/lib/lmcache/v1/distributed/storage_controllers
copying lmcache/v1/distributed/storage_controllers/store_policy.py -> build/lib/lmcache/v1/distributed/storage_controllers
creating build/lib/lmcache/v1/distributed/eviction_policy
copying lmcache/v1/distributed/eviction_policy/factory.py -> build/lib/lmcache/v1/distributed/eviction_policy
copying lmcache/v1/distributed/eviction_policy/lru.py -> build/lib/lmcache/v1/distributed/eviction_policy
copying lmcache/v1/distributed/eviction_policy/noop.py -> build/lib/lmcache/v1/distributed/eviction_policy
copying lmcache/v1/distributed/eviction_policy/isolated_lru.py -> build/lib/lmcache/v1/distributed/eviction_policy
copying lmcache/v1/distributed/eviction_policy/_selection.py -> build/lib/lmcache/v1/distributed/eviction_policy
copying lmcache/v1/distributed/eviction_policy/__init__.py -> build/lib/lmcache/v1/distributed/eviction_policy
creating build/lib/lmcache/v1/distributed/transfer_channel/impl
copying lmcache/v1/distributed/transfer_channel/impl/nixl_impl.py -> build/lib/lmcache/v1/distributed/transfer_channel/impl
copying lmcache/v1/distributed/transfer_channel/impl/mooncake_te_impl.py -> build/lib/lmcache/v1/distributed/transfer_channel/impl
copying lmcache/v1/distributed/transfer_channel/impl/__init__.py -> build/lib/lmcache/v1/distributed/transfer_channel/impl
creating build/lib/lmcache/v1/distributed/serde/turboquant
copying lmcache/v1/distributed/serde/turboquant/turboquant.py -> build/lib/lmcache/v1/distributed/serde/turboquant
copying lmcache/v1/distributed/serde/turboquant/decode_kernel.py -> build/lib/lmcache/v1/distributed/serde/turboquant
copying lmcache/v1/distributed/serde/turboquant/store_kernel.py -> build/lib/lmcache/v1/distributed/serde/turboquant
copying lmcache/v1/distributed/serde/turboquant/__init__.py -> build/lib/lmcache/v1/distributed/serde/turboquant
creating build/lib/lmcache/v1/distributed/l2_adapters/nixl_store_agents
copying lmcache/v1/distributed/l2_adapters/nixl_store_agents/dynamic_nixl_store_agent.py -> build/lib/lmcache/v1/distributed/l2_adapters/nixl_store_agents
copying lmcache/v1/distributed/l2_adapters/nixl_store_agents/file_dynamic_nixl_store_agent.py -> build/lib/lmcache/v1/distributed/l2_adapters/nixl_store_agents
copying lmcache/v1/distributed/l2_adapters/nixl_store_agents/__init__.py -> build/lib/lmcache/v1/distributed/l2_adapters/nixl_store_agents
creating build/lib/lmcache/v1/health_monitor/checks
copying lmcache/v1/health_monitor/checks/remote_backend_check.py -> build/lib/lmcache/v1/health_monitor/checks
copying lmcache/v1/health_monitor/checks/__init__.py -> build/lib/lmcache/v1/health_monitor/checks
creating build/lib/lmcache/lmcache_frontend/lmcache_mp_plugin
copying lmcache/lmcache_frontend/lmcache_mp_plugin/lmcache_mp_frontend_plugin.py -> build/lib/lmcache/lmcache_frontend/lmcache_mp_plugin
copying lmcache/lmcache_frontend/lmcache_mp_plugin/__init__.py -> build/lib/lmcache/lmcache_frontend/lmcache_mp_plugin
creating build/lib/lmcache/storage_backend/serde
copying lmcache/storage_backend/serde/cachegen_encoder.py -> build/lib/lmcache/storage_backend/serde
copying lmcache/storage_backend/serde/cachegen_basics.py -> build/lib/lmcache/storage_backend/serde
copying lmcache/storage_backend/serde/__init__.py -> build/lib/lmcache/storage_backend/serde
copying lmcache/storage_backend/serde/cachegen_decoder.py -> build/lib/lmcache/storage_backend/serde
copying lmcache/storage_backend/serde/serde.py -> build/lib/lmcache/storage_backend/serde
creating build/lib/lmcache/integration/vllm
copying lmcache/integration/vllm/kv_cache_groups.py -> build/lib/lmcache/integration/vllm
copying lmcache/integration/vllm/kv_cache_group_edits.py -> build/lib/lmcache/integration/vllm
copying lmcache/integration/vllm/lmcache_connector_v1.py -> build/lib/lmcache/integration/vllm
copying lmcache/integration/vllm/vllm_service_factory.py -> build/lib/lmcache/integration/vllm
copying lmcache/integration/vllm/checkpoint_scheduler.py -> build/lib/lmcache/integration/vllm
copying lmcache/integration/vllm/lmcache_mp_connector_0201.py -> build/lib/lmcache/integration/vllm
copying lmcache/integration/vllm/lmcache_mp_metadata.py -> build/lib/lmcache/integration/vllm
copying lmcache/integration/vllm/vllm_v1_adapter.py -> build/lib/lmcache/integration/vllm
copying lmcache/integration/vllm/lazy_offload_pending_store.py -> build/lib/lmcache/integration/vllm
copying lmcache/integration/vllm/vllm_ec_adapter.py -> build/lib/lmcache/integration/vllm
copying lmcache/integration/vllm/lmcache_mp_connector_0180.py -> build/lib/lmcache/integration/vllm
copying lmcache/integration/vllm/checkpoint_copy.py -> build/lib/lmcache/integration/vllm
copying lmcache/integration/vllm/lmcache_connector_v1_085.py -> build/lib/lmcache/integration/vllm
copying lmcache/integration/vllm/vllm_multi_process_adapter.py -> build/lib/lmcache/integration/vllm
copying lmcache/integration/vllm/recurrent_checkpoint_connector.py -> build/lib/lmcache/integration/vllm
copying lmcache/integration/vllm/utils.py -> build/lib/lmcache/integration/vllm
copying lmcache/integration/vllm/__init__.py -> build/lib/lmcache/integration/vllm
copying lmcache/integration/vllm/lmcache_mp_connector.py -> build/lib/lmcache/integration/vllm
creating build/lib/lmcache/integration/sglang
copying lmcache/integration/sglang/multi_process_adapter.py -> build/lib/lmcache/integration/sglang
copying lmcache/integration/sglang/utils.py -> build/lib/lmcache/integration/sglang
copying lmcache/integration/sglang/__init__.py -> build/lib/lmcache/integration/sglang
copying lmcache/integration/sglang/sglang_adapter.py -> build/lib/lmcache/integration/sglang
creating build/lib/lmcache/integration/request_telemetry
copying lmcache/integration/request_telemetry/fastapi.py -> build/lib/lmcache/integration/request_telemetry
copying lmcache/integration/request_telemetry/base.py -> build/lib/lmcache/integration/request_telemetry
copying lmcache/integration/request_telemetry/factory.py -> build/lib/lmcache/integration/request_telemetry
copying lmcache/integration/request_telemetry/noop.py -> build/lib/lmcache/integration/request_telemetry
copying lmcache/integration/request_telemetry/__init__.py -> build/lib/lmcache/integration/request_telemetry
creating build/lib/lmcache/integration/atom
copying lmcache/integration/atom/multi_process_adapter.py -> build/lib/lmcache/integration/atom
copying lmcache/integration/atom/__init__.py -> build/lib/lmcache/integration/atom
creating build/lib/lmcache/integration/tensorrt_llm
copying lmcache/integration/tensorrt_llm/tensorrt_mp_adapter.py -> build/lib/lmcache/integration/tensorrt_llm
copying lmcache/integration/tensorrt_llm/tensorrt_adapter.py -> build/lib/lmcache/integration/tensorrt_llm
copying lmcache/integration/tensorrt_llm/utils.py -> build/lib/lmcache/integration/tensorrt_llm
copying lmcache/integration/tensorrt_llm/__init__.py -> build/lib/lmcache/integration/tensorrt_llm
creating build/lib/lmcache/integration/vllm/lazy_offload_policy
copying lmcache/integration/vllm/lazy_offload_policy/fifo.py -> build/lib/lmcache/integration/vllm/lazy_offload_policy
copying lmcache/integration/vllm/lazy_offload_policy/base.py -> build/lib/lmcache/integration/vllm/lazy_offload_policy
copying lmcache/integration/vllm/lazy_offload_policy/__init__.py -> build/lib/lmcache/integration/vllm/lazy_offload_policy
creating build/lib/lmcache/integration/vllm/experimental
copying lmcache/integration/vllm/experimental/dispatcher.py -> build/lib/lmcache/integration/vllm/experimental
copying lmcache/integration/vllm/experimental/__init__.py -> build/lib/lmcache/integration/vllm/experimental
creating build/lib/lmcache/integration/vllm/tests
copying lmcache/integration/vllm/tests/test_mm_hash_utils.py -> build/lib/lmcache/integration/vllm/tests
creating build/lib/lmcache/cli/metrics
copying lmcache/cli/metrics/handler.py -> build/lib/lmcache/cli/metrics
copying lmcache/cli/metrics/section.py -> build/lib/lmcache/cli/metrics
copying lmcache/cli/metrics/metrics.py -> build/lib/lmcache/cli/metrics
copying lmcache/cli/metrics/formatter.py -> build/lib/lmcache/cli/metrics
copying lmcache/cli/metrics/__init__.py -> build/lib/lmcache/cli/metrics
creating build/lib/lmcache/cli/commands
copying lmcache/cli/commands/server.py -> build/lib/lmcache/cli/commands
copying lmcache/cli/commands/base.py -> build/lib/lmcache/cli/commands
copying lmcache/cli/commands/describe.py -> build/lib/lmcache/cli/commands
copying lmcache/cli/commands/kvcache.py -> build/lib/lmcache/cli/commands
copying lmcache/cli/commands/mock.py -> build/lib/lmcache/cli/commands
copying lmcache/cli/commands/ping.py -> build/lib/lmcache/cli/commands
copying lmcache/cli/commands/__init__.py -> build/lib/lmcache/cli/commands
copying lmcache/cli/commands/coordinator.py -> build/lib/lmcache/cli/commands
creating build/lib/lmcache/cli/commands/query
copying lmcache/cli/commands/query/kvcache_command.py -> build/lib/lmcache/cli/commands/query
copying lmcache/cli/commands/query/coordinator_command.py -> build/lib/lmcache/cli/commands/query
copying lmcache/cli/commands/query/_prompt.py -> build/lib/lmcache/cli/commands/query
copying lmcache/cli/commands/query/_request.py -> build/lib/lmcache/cli/commands/query
copying lmcache/cli/commands/query/_coordinator.py -> build/lib/lmcache/cli/commands/query
copying lmcache/cli/commands/query/__init__.py -> build/lib/lmcache/cli/commands/query
copying lmcache/cli/commands/query/engine_command.py -> build/lib/lmcache/cli/commands/query
creating build/lib/lmcache/cli/commands/tool
copying lmcache/cli/commands/tool/flamegraph.py -> build/lib/lmcache/cli/commands/tool
copying lmcache/cli/commands/tool/transfer_channel_benchmark.py -> build/lib/lmcache/cli/commands/tool
copying lmcache/cli/commands/tool/__init__.py -> build/lib/lmcache/cli/commands/tool
creating build/lib/lmcache/cli/commands/quota
copying lmcache/cli/commands/quota/list_command.py -> build/lib/lmcache/cli/commands/quota
copying lmcache/cli/commands/quota/delete_command.py -> build/lib/lmcache/cli/commands/quota
copying lmcache/cli/commands/quota/get_command.py -> build/lib/lmcache/cli/commands/quota
copying lmcache/cli/commands/quota/set_command.py -> build/lib/lmcache/cli/commands/quota
copying lmcache/cli/commands/quota/_helpers.py -> build/lib/lmcache/cli/commands/quota
copying lmcache/cli/commands/quota/__init__.py -> build/lib/lmcache/cli/commands/quota
creating build/lib/lmcache/cli/commands/trace
copying lmcache/cli/commands/trace/_stats.py -> build/lib/lmcache/cli/commands/trace
copying lmcache/cli/commands/trace/info_command.py -> build/lib/lmcache/cli/commands/trace
copying lmcache/cli/commands/trace/_driver.py -> build/lib/lmcache/cli/commands/trace
copying lmcache/cli/commands/trace/_dispatch.py -> build/lib/lmcache/cli/commands/trace
copying lmcache/cli/commands/trace/replay_command.py -> build/lib/lmcache/cli/commands/trace
copying lmcache/cli/commands/trace/__init__.py -> build/lib/lmcache/cli/commands/trace
creating build/lib/lmcache/cli/commands/bench
copying lmcache/cli/commands/bench/__init__.py -> build/lib/lmcache/cli/commands/bench
creating build/lib/lmcache/cli/commands/tool/cache_simulator
copying lmcache/cli/commands/tool/cache_simulator/simulate_command.py -> build/lib/lmcache/cli/commands/tool/cache_simulator
copying lmcache/cli/commands/tool/cache_simulator/__init__.py -> build/lib/lmcache/cli/commands/tool/cache_simulator
copying lmcache/cli/commands/tool/cache_simulator/gen_dataset_command.py -> build/lib/lmcache/cli/commands/tool/cache_simulator
copying lmcache/cli/commands/tool/cache_simulator/sweep_command.py -> build/lib/lmcache/cli/commands/tool/cache_simulator
creating build/lib/lmcache/cli/commands/bench/server_bench
copying lmcache/cli/commands/bench/server_bench/helpers.py -> build/lib/lmcache/cli/commands/bench/server_bench
copying lmcache/cli/commands/bench/server_bench/__init__.py -> build/lib/lmcache/cli/commands/bench/server_bench
copying lmcache/cli/commands/bench/server_bench/command.py -> build/lib/lmcache/cli/commands/bench/server_bench
creating build/lib/lmcache/cli/commands/bench/engine_bench
copying lmcache/cli/commands/bench/engine_bench/stats.py -> build/lib/lmcache/cli/commands/bench/engine_bench
copying lmcache/cli/commands/bench/engine_bench/progress.py -> build/lib/lmcache/cli/commands/bench/engine_bench
copying lmcache/cli/commands/bench/engine_bench/config.py -> build/lib/lmcache/cli/commands/bench/engine_bench
copying lmcache/cli/commands/bench/engine_bench/request_sender.py -> build/lib/lmcache/cli/commands/bench/engine_bench
copying lmcache/cli/commands/bench/engine_bench/tokenizers.py -> build/lib/lmcache/cli/commands/bench/engine_bench
copying lmcache/cli/commands/bench/engine_bench/__init__.py -> build/lib/lmcache/cli/commands/bench/engine_bench
copying lmcache/cli/commands/bench/engine_bench/command.py -> build/lib/lmcache/cli/commands/bench/engine_bench
creating build/lib/lmcache/cli/commands/bench/l2_adapter_bench
copying lmcache/cli/commands/bench/l2_adapter_bench/data.py -> build/lib/lmcache/cli/commands/bench/l2_adapter_bench
copying lmcache/cli/commands/bench/l2_adapter_bench/result.py -> build/lib/lmcache/cli/commands/bench/l2_adapter_bench
copying lmcache/cli/commands/bench/l2_adapter_bench/runner.py -> build/lib/lmcache/cli/commands/bench/l2_adapter_bench
copying lmcache/cli/commands/bench/l2_adapter_bench/__init__.py -> build/lib/lmcache/cli/commands/bench/l2_adapter_bench
copying lmcache/cli/commands/bench/l2_adapter_bench/command.py -> build/lib/lmcache/cli/commands/bench/l2_adapter_bench
creating build/lib/lmcache/cli/commands/bench/engine_bench/quality
copying lmcache/cli/commands/bench/engine_bench/quality/scoring.py -> build/lib/lmcache/cli/commands/bench/engine_bench/quality
copying lmcache/cli/commands/bench/engine_bench/quality/dataset.py -> build/lib/lmcache/cli/commands/bench/engine_bench/quality
copying lmcache/cli/commands/bench/engine_bench/quality/__init__.py -> build/lib/lmcache/cli/commands/bench/engine_bench/quality
creating build/lib/lmcache/cli/commands/bench/engine_bench/interactive
copying lmcache/cli/commands/bench/engine_bench/interactive/schema.py -> build/lib/lmcache/cli/commands/bench/engine_bench/interactive
copying lmcache/cli/commands/bench/engine_bench/interactive/state.py -> build/lib/lmcache/cli/commands/bench/engine_bench/interactive
copying lmcache/cli/commands/bench/engine_bench/interactive/__init__.py -> build/lib/lmcache/cli/commands/bench/engine_bench/interactive
copying lmcache/cli/commands/bench/engine_bench/interactive/terminal.py -> build/lib/lmcache/cli/commands/bench/engine_bench/interactive
creating build/lib/lmcache/cli/commands/bench/engine_bench/workloads
copying lmcache/cli/commands/bench/engine_bench/workloads/multi_round_chat.py -> build/lib/lmcache/cli/commands/bench/engine_bench/workloads
copying lmcache/cli/commands/bench/engine_bench/workloads/random_prefill.py -> build/lib/lmcache/cli/commands/bench/engine_bench/workloads
copying lmcache/cli/commands/bench/engine_bench/workloads/base.py -> build/lib/lmcache/cli/commands/bench/engine_bench/workloads
copying lmcache/cli/commands/bench/engine_bench/workloads/prefix_suffix_tuner.py -> build/lib/lmcache/cli/commands/bench/engine_bench/workloads
copying lmcache/cli/commands/bench/engine_bench/workloads/long_doc_qa.py -> build/lib/lmcache/cli/commands/bench/engine_bench/workloads
copying lmcache/cli/commands/bench/engine_bench/workloads/__init__.py -> build/lib/lmcache/cli/commands/bench/engine_bench/workloads
copying lmcache/cli/commands/bench/engine_bench/workloads/rag_qa_quality.py -> build/lib/lmcache/cli/commands/bench/engine_bench/workloads
copying lmcache/cli/commands/bench/engine_bench/workloads/long_doc_permutator.py -> build/lib/lmcache/cli/commands/bench/engine_bench/workloads
creating build/lib/lmcache/sdk/wrapper
copying lmcache/sdk/wrapper/contiguous.py -> build/lib/lmcache/sdk/wrapper
copying lmcache/sdk/wrapper/__init__.py -> build/lib/lmcache/sdk/wrapper
creating build/lib/lmcache/tools/mp_status_viewer
copying lmcache/tools/mp_status_viewer/__main__.py -> build/lib/lmcache/tools/mp_status_viewer
copying lmcache/tools/mp_status_viewer/__init__.py -> build/lib/lmcache/tools/mp_status_viewer
creating build/lib/lmcache/tools/controller_benchmark
copying lmcache/tools/controller_benchmark/benchmark.py -> build/lib/lmcache/tools/controller_benchmark
copying lmcache/tools/controller_benchmark/config.py -> build/lib/lmcache/tools/controller_benchmark
copying lmcache/tools/controller_benchmark/constants.py -> build/lib/lmcache/tools/controller_benchmark
copying lmcache/tools/controller_benchmark/__main__.py -> build/lib/lmcache/tools/controller_benchmark
copying lmcache/tools/controller_benchmark/__init__.py -> build/lib/lmcache/tools/controller_benchmark
creating build/lib/lmcache/tools/transfer_channel_benchmark
copying lmcache/tools/transfer_channel_benchmark/benchmark.py -> build/lib/lmcache/tools/transfer_channel_benchmark
copying lmcache/tools/transfer_channel_benchmark/config.py -> build/lib/lmcache/tools/transfer_channel_benchmark
copying lmcache/tools/transfer_channel_benchmark/__main__.py -> build/lib/lmcache/tools/transfer_channel_benchmark
copying lmcache/tools/transfer_channel_benchmark/__init__.py -> build/lib/lmcache/tools/transfer_channel_benchmark
creating build/lib/lmcache/tools/cache_simulator
copying lmcache/tools/cache_simulator/lru_cache.py -> build/lib/lmcache/tools/cache_simulator
copying lmcache/tools/cache_simulator/simulator.py -> build/lib/lmcache/tools/cache_simulator
copying lmcache/tools/cache_simulator/plot_hit_rate.py -> build/lib/lmcache/tools/cache_simulator
copying lmcache/tools/cache_simulator/__init__.py -> build/lib/lmcache/tools/cache_simulator
copying lmcache/tools/cache_simulator/gen_bench_dataset.py -> build/lib/lmcache/tools/cache_simulator
creating build/lib/lmcache/tools/controller_benchmark/handlers
copying lmcache/tools/controller_benchmark/handlers/base.py -> build/lib/lmcache/tools/controller_benchmark/handlers
copying lmcache/tools/controller_benchmark/handlers/heartbeat.py -> build/lib/lmcache/tools/controller_benchmark/handlers
copying lmcache/tools/controller_benchmark/handlers/register.py -> build/lib/lmcache/tools/controller_benchmark/handlers
copying lmcache/tools/controller_benchmark/handlers/p2p_lookup.py -> build/lib/lmcache/tools/controller_benchmark/handlers
copying lmcache/tools/controller_benchmark/handlers/evict.py -> build/lib/lmcache/tools/controller_benchmark/handlers
copying lmcache/tools/controller_benchmark/handlers/__init__.py -> build/lib/lmcache/tools/controller_benchmark/handlers
copying lmcache/tools/controller_benchmark/handlers/deregister.py -> build/lib/lmcache/tools/controller_benchmark/handlers
copying lmcache/tools/controller_benchmark/handlers/admit.py -> build/lib/lmcache/tools/controller_benchmark/handlers
running egg_info
creating lmcache.egg-info
writing lmcache.egg-info/PKG-INFO
writing dependency_links to lmcache.egg-info/dependency_links.txt
writing entry points to lmcache.egg-info/entry_points.txt
writing requirements to lmcache.egg-info/requires.txt
writing top-level names to lmcache.egg-info/top_level.txt
writing manifest file 'lmcache.egg-info/SOURCES.txt'
[09/10/26 14:49:49] ERROR    listing git files failed - pretending    _git.py:40
                             there aren't any                                   
reading manifest file 'lmcache.egg-info/SOURCES.txt'
reading manifest template 'MANIFEST.in'
adding license file 'LICENSE'
writing manifest file 'lmcache.egg-info/SOURCES.txt'
copying lmcache/lmcache_native.pyi -> build/lib/lmcache
copying lmcache/lmcache_frontend/config.json -> build/lib/lmcache/lmcache_frontend
copying lmcache/lmcache_frontend/run_mp_server_with_frontend.sh -> build/lib/lmcache/lmcache_frontend
creating build/lib/lmcache/lmcache_frontend/static
copying lmcache/lmcache_frontend/static/index.html -> build/lib/lmcache/lmcache_frontend/static
creating build/lib/lmcache/lmcache_frontend/static/img
copying lmcache/lmcache_frontend/static/img/logo.png -> build/lib/lmcache/lmcache_frontend/static/img
creating build/lib/lmcache/lmcache_frontend/static/js
copying lmcache/lmcache_frontend/static/js/app.js -> build/lib/lmcache/lmcache_frontend/static/js
creating build/lib/lmcache/lmcache_frontend/static/css
copying lmcache/lmcache_frontend/static/css/style.css -> build/lib/lmcache/lmcache_frontend/static/css
installing to build/bdist.linux-aarch64/wheel
running install
running install_lib
creating build/bdist.linux-aarch64/wheel
creating build/bdist.linux-aarch64/wheel/lmcache
creating build/bdist.linux-aarch64/wheel/lmcache/v1
creating build/bdist.linux-aarch64/wheel/lmcache/v1/gpu_connector
copying build/lib/lmcache/v1/gpu_connector/_cufile_async.py -> build/bdist.linux-aarch64/wheel/./lmcache/v1/gpu_connector
copying build/lib/lmcache/v1/gpu_connector/_phx_async.py -> build/bdist.linux-aarch64/wheel/./lmcache/v1/gpu_connector
copying build/lib/lmcache/v1/gpu_connector/mock_gpu_connector.py -> build/bdist.linux-aarch64/wheel/./lmcache/v1/gpu_connector
copying build/lib/lmcache/v1/gpu_connector/hpu_connector.py -> build/bdist.linux-aarch64/wheel/./lmcache/v1/gpu_connector
copying build/lib/lmcache/v1/gpu_connector/gpu_ops.py -> build/bdist.linux-aarch64/wheel/./lmcache/v1/gpu_connector
creating build/bdist.linux-aarch64/wheel/lmcache/v1/gpu_connector/kv_format
creating build/bdist.linux-aarch64/wheel/lmcache/v1/gpu_connector/kv_format/detectors
copying build/lib/lmcache/v1/gpu_connector/kv_format/detectors/vllm.py -> build/bdist.linux-aarch64/wheel/./lmcache/v1/gpu_connector/kv_format/detectors
copying build/lib/lmcache/v1/gpu_connector/kv_format/detectors/atom.py -> build/bdist.linux-aarch64/wheel/./lmcache/v1/gpu_connector/kv_format/detectors
copying build/lib/lmcache/v1/gpu_connector/kv_format/detectors/trtllm.py -> build/bdist.linux-aarch64/wheel/./lmcache/v1/gpu_connector/kv_format/detectors
copying build/lib/lmcache/v1/gpu_connector/kv_format/detectors/sglang.py -> build/bdist.linux-aarch64/wheel/./lmcache/v1/gpu_connector/kv_format/detectors
copying build/lib/lmcache/v1/gpu_connector/kv_format/detectors/base.py -> build/bdist.linux-aarch64/wheel/./lmcache/v1/gpu_connector/kv_format/detectors
copying build/lib/lmcache/v1/gpu_connector/kv_format/detectors/registry.py -> build/bdist.linux-aarch64/wheel/./lmcache/v1/gpu_connector/kv_format/detectors
copying build/lib/lmcache/v1/gpu_connector/kv_format/detectors/__init__.py -> build/bdist.linux-aarch64/wheel/./lmcache/v1/gpu_connector/kv_format/detectors
copying build/lib/lmcache/v1/gpu_connector/kv_format/types.py -> build/bdist.linux-aarch64/wheel/./lmcache/v1/gpu_connector/kv_format
copying build/lib/lmcache/v1/gpu_connector/kv_format/detection.py -> build/bdist.linux-aarch64/wheel/./lmcache/v1/gpu_connector/kv_format
copying build/lib/lmcache/v1/gpu_connector/kv_format/contiguity.py -> build/bdist.linux-aarch64/wheel/./lmcache/v1/gpu_connector/kv_format
creating build/bdist.linux-aarch64/wheel/lmcache/v1/gpu_connector/kv_format/specs
copying build/lib/lmcache/v1/gpu_connector/kv_format/specs/two_x_nl_x_nbbs_nh_hs.py -> build/bdist.linux-aarch64/wheel/./lmcache/v1/gpu_connector/kv_format/specs
copying build/lib/lmcache/v1/gpu_connector/kv_format/specs/nl_x_nb_two_bs_nh_hs.py -> build/bdist.linux-aarch64/wheel/./lmcache/v1/gpu_connector/kv_format/specs
copying build/lib/lmcache/v1/gpu_connector/kv_format/specs/two_x_nl_x_nb_bs_nh_hs.py -> build/bdist.linux-aarch64/wheel/./lmcache/v1/gpu_connector/kv_format/specs
copying build/lib/lmcache/v1/gpu_connector/kv_format/specs/nb_nl_two_nh_bs_hs.py -> build/bdist.linux-aarch64/wheel/./lmcache/v1/gpu_connector/kv_format/specs
copying build/lib/lmcache/v1/gpu_connector/kv_format/specs/base.py -> build/bdist.linux-aarch64/wheel/./lmcache/v1/gpu_connector/kv_format/specs
copying build/lib/lmcache/v1/gpu_connector/kv_format/specs/nl_x_two_nb_nh_one_bs_hs.py -> build/bdist.linux-aarch64/wheel/./lmcache/v1/gpu_connector/kv_format/specs
copying build/lib/lmcache/v1/gpu_connector/kv_format/specs/nl_x_two_nb_bs_nh_hs.py -> build/bdist.linux-aarch64/wheel/./lmcache/v1/gpu_connector/kv_format/specs
copying build/lib/lmcache/v1/gpu_connector/kv_format/specs/registry.py -> build/bdist.linux-aarch64/wheel/./lmcache/v1/gpu_connector/kv_format/specs
copying build/lib/lmcache/v1/gpu_connector/kv_format/specs/nl_x_nbbs_one_hs.py -> build/bdist.linux-aarch64/wheel/./lmcache/v1/gpu_connector/kv_format/specs
copying build/lib/lmcache/v1/gpu_connector/kv_format/specs/nl_x_nb_nh_bs_two_hs.py -> build/bdist.linux-aarch64/wheel/./lmcache/v1/gpu_connector/kv_format/specs
copying build/lib/lmcache/v1/gpu_connector/kv_format/specs/nl_x_nb_bs_hs.py -> build/bdist.linux-aarch64/wheel/./lmcache/v1/gpu_connector/kv_format/specs
copying build/lib/lmcache/v1/gpu_connector/kv_format/specs/nl_x_nb_bsv_bss.py -> build/bdist.linux-aarch64/wheel/./lmcache/v1/gpu_connector/kv_format/specs
copying build/lib/lmcache/v1/gpu_connector/kv_format/specs/nl_x_nb_two_nh_bs_hs.py -> build/bdist.linux-aarch64/wheel/./lmcache/v1/gpu_connector/kv_format/specs
copying build/lib/lmcache/v1/gpu_connector/kv_format/specs/nl_x_nb_bs_nh_cs.py -> build/bdist.linux-aarch64/wheel/./lmcache/v1/gpu_connector/kv_format/specs
copying build/lib/lmcache/v1/gpu_connector/kv_format/specs/__init__.py -> build/bdist.linux-aarch64/wheel/./lmcache/v1/gpu_connector/kv_format/specs
copying build/lib/lmcache/v1/gpu_connector/kv_format/specs/nl_x_two_x_nb_bs_nh_hs.py -> build/bdist.linux-aarch64/wheel/./lmcache/v1/gpu_connector/kv_format/specs
copying build/lib/lmcache/v1/gpu_connector/kv_format/specs/nl_x_nb_bs_nh_two_hs.py -> build/bdist.linux-aarch64/wheel/./lmcache/v1/gpu_connector/kv_format/specs
copying build/lib/lmcache/v1/gpu_connector/kv_format/specs/nl_x_nb_nh_bs_cs.py -> build/bdist.linux-aarch64/wheel/./lmcache/v1/gpu_connector/kv_format/specs
copying build/lib/lmcache/v1/gpu_connector/kv_format/specs/nl_x_two_nb_nh_bs_hs.py -> build/bdist.linux-aarch64/wheel/./lmcache/v1/gpu_connector/kv_format/specs
copying build/lib/lmcache/v1/gpu_connector/kv_format/specs/nb_nl_two_bs_nh_hs.py -> build/bdist.linux-aarch64/wheel/./lmcache/v1/gpu_connector/kv_format/specs
copying build/lib/lmcache/v1/gpu_connector/kv_format/__init__.py -> build/bdist.linux-aarch64/wheel/./lmcache/v1/gpu_connector/kv_format
copying build/lib/lmcache/v1/gpu_connector/_ugds_async.py -> build/bdist.linux-aarch64/wheel/./lmcache/v1/gpu_connector
copying build/lib/lmcache/v1/gpu_connector/gds_context.py -> build/bdist.linux-aarch64/wheel/./lmcache/v1/gpu_connector
copying build/lib/lmcache/v1/gpu_connector/_gds_async.py -> build/bdist.linux-aarch64/wheel/./lmcache/v1/gpu_connector
copying build/lib/lmcache/v1/gpu_connector/gpu_connectors.py -> build/bdist.linux-aarch64/wheel/./lmcache/v1/gpu_connector
copying build/lib/lmcache/v1/gpu_connector/xpu_connectors.py -> build/bdist.linux-aarch64/wheel/./lmcache/v1/gpu_connector
copying build/lib/lmcache/v1/gpu_connector/utils.py -> build/bdist.linux-aarch64/wheel/./lmcache/v1/gpu_connector
copying build/lib/lmcache/v1/gpu_connector/__init__.py -> build/bdist.linux-aarch64/wheel/./lmcache/v1/gpu_connector
copying build/lib/lmcache/v1/gpu_connector/_hipfile_async.py -> build/bdist.linux-aarch64/wheel/./lmcache/v1/gpu_connector
copying build/lib/lmcache/v1/gpu_connector/musa_connectors.py -> build/bdist.linux-aarch64/wheel/./lmcache/v1/gpu_connector
creating build/bdist.linux-aarch64/wheel/lmcache/v1/transfer_channel
copying build/lib/lmcache/v1/transfer_channel/transfer_utils.py -> build/bdist.linux-aarch64/wheel/./lmcache/v1/transfer_channel
copying build/lib/lmcache/v1/transfer_channel/nixl_channel.py -> build/bdist.linux-aarch64/wheel/./lmcache/v1/transfer_channel
copying build/lib/lmcache/v1/transfer_channel/mock_memory_channel.py -> build/bdist.linux-aarch64/wheel/./lmcache/v1/transfer_channel
copying build/lib/lmcache/v1/transfer_channel/abstract.py -> build/bdist.linux-aarch64/wheel/./lmcache/v1/transfer_channel
copying build/lib/lmcache/v1/transfer_channel/py_socket_channel.py -> build/bdist.linux-aarch64/wheel/./lmcache/v1/transfer_channel
copying build/lib/lmcache/v1/transfer_channel/__init__.py -> build/bdist.linux-aarch64/wheel/./lmcache/v1/transfer_channel
copying build/lib/lmcache/v1/token_database.py -> build/bdist.linux-aarch64/wheel/./lmcache/v1
creating build/bdist.linux-aarch64/wheel/lmcache/v1/api_server
copying build/lib/lmcache/v1/api_server/__main__.py -> build/bdist.linux-aarch64/wheel/./lmcache/v1/api_server
copying build/lib/lmcache/v1/api_server/__init__.py -> build/bdist.linux-aarch64/wheel/./lmcache/v1/api_server
copying build/lib/lmcache/v1/rpc_utils.py -> build/bdist.linux-aarch64/wheel/./lmcache/v1
copying build/lib/lmcache/v1/config.py -> build/bdist.linux-aarch64/wheel/./lmcache/v1
creating build/bdist.linux-aarch64/wheel/lmcache/v1/utils
copying build/lib/lmcache/v1/utils/subclass_discovery.py -> build/bdist.linux-aarch64/wheel/./lmcache/v1/utils
copying build/lib/lmcache/v1/utils/bloom_filter.py -> build/bdist.linux-aarch64/wheel/./lmcache/v1/utils
copying build/lib/lmcache/v1/utils/router_discovery.py -> build/bdist.linux-aarch64/wheel/./lmcache/v1/utils
copying build/lib/lmcache/v1/utils/json_utils.py -> build/bdist.linux-aarch64/wheel/./lmcache/v1/utils
copying build/lib/lmcache/v1/utils/cache_utils.py -> build/bdist.linux-aarch64/wheel/./lmcache/v1/utils
copying build/lib/lmcache/v1/utils/__init__.py -> build/bdist.linux-aarch64/wheel/./lmcache/v1/utils
creating build/bdist.linux-aarch64/wheel/lmcache/v1/mp_observability
copying build/lib/lmcache/v1/mp_observability/config.py -> build/bdist.linux-aarch64/wheel/./lmcache/v1/mp_observability
copying build/lib/lmcache/v1/mp_observability/errors.py -> build/bdist.linux-aarch64/wheel/./lmcache/v1/mp_observability
copying build/lib/lmcache/v1/mp_observability/otel_init.py -> build/bdist.linux-aarch64/wheel/./lmcache/v1/mp_observability
copying build/lib/lmcache/v1/mp_observability/gc_monitor.py -> build/bdist.linux-aarch64/wheel/./lmcache/v1/mp_observability
creating build/bdist.linux-aarch64/wheel/lmcache/v1/mp_observability/trace
copying build/lib/lmcache/v1/mp_observability/trace/decorator.py -> build/bdist.linux-aarch64/wheel/./lmcache/v1/mp_observability/trace
copying build/lib/lmcache/v1/mp_observability/trace/format.py -> build/bdist.linux-aarch64/wheel/./lmcache/v1/mp_observability/trace
copying build/lib/lmcache/v1/mp_observability/trace/reader.py -> build/bdist.linux-aarch64/wheel/./lmcache/v1/mp_observability/trace
copying build/lib/lmcache/v1/mp_observability/trace/codecs.py -> build/bdist.linux-aarch64/wheel/./lmcache/v1/mp_observability/trace
copying build/lib/lmcache/v1/mp_observability/trace/recorder.py -> build/bdist.linux-aarch64/wheel/./lmcache/v1/mp_observability/trace
copying build/lib/lmcache/v1/mp_observability/trace/__init__.py -> build/bdist.linux-aarch64/wheel/./lmcache/v1/mp_observability/trace
copying build/lib/lmcache/v1/mp_observability/trace/lifecycle.py -> build/bdist.linux-aarch64/wheel/./lmcache/v1/mp_observability/trace
creating build/bdist.linux-aarch64/wheel/lmcache/v1/mp_observability/subscribers
creating build/bdist.linux-aarch64/wheel/lmcache/v1/mp_observability/subscribers/tracing
copying build/lib/lmcache/v1/mp_observability/subscribers/tracing/cb_server.py -> build/bdist.linux-aarch64/wheel/./lmcache/v1/mp_observability/subscribers/tracing
copying build/lib/lmcache/v1/mp_observability/subscribers/tracing/span_registry.py -> build/bdist.linux-aarch64/wheel/./lmcache/v1/mp_observability/subscribers/tracing
copying build/lib/lmcache/v1/mp_observability/subscribers/tracing/mp_server.py -> build/bdist.linux-aarch64/wheel/./lmcache/v1/mp_observability/subscribers/tracing
copying build/lib/lmcache/v1/mp_observability/subscribers/tracing/timeout.py -> build/bdist.linux-aarch64/wheel/./lmcache/v1/mp_observability/subscribers/tracing
copying build/lib/lmcache/v1/mp_observability/subscribers/tracing/__init__.py -> build/bdist.linux-aarch64/wheel/./lmcache/v1/mp_observability/subscribers/tracing
creating build/bdist.linux-aarch64/wheel/lmcache/v1/mp_observability/subscribers/metrics
copying build/lib/lmcache/v1/mp_observability/subscribers/metrics/l0_l1_throughput.py -> build/bdist.linux-aarch64/wheel/./lmcache/v1/mp_observability/subscribers/metrics
copying build/lib/lmcache/v1/mp_observability/subscribers/metrics/l1_failures.py -> build/bdist.linux-aarch64/wheel/./lmcache/v1/mp_observability/subscribers/metrics
copying build/lib/lmcache/v1/mp_observability/subscribers/metrics/cb_server.py -> build/bdist.linux-aarch64/wheel/./lmcache/v1/mp_observability/subscribers/metrics
copying build/lib/lmcache/v1/mp_observability/subscribers/metrics/l2.py -> build/bdist.linux-aarch64/wheel/./lmcache/v1/mp_observability/subscribers/metrics
copying build/lib/lmcache/v1/mp_observability/subscribers/metrics/engine.py -> build/bdist.linux-aarch64/wheel/./lmcache/v1/mp_observability/subscribers/metrics
copying build/lib/lmcache/v1/mp_observability/subscribers/metrics/l1.py -> build/bdist.linux-aarch64/wheel/./lmcache/v1/mp_observability/subscribers/metrics
copying build/lib/lmcache/v1/mp_observability/subscribers/metrics/l0_lifecycle.py -> build/bdist.linux-aarch64/wheel/./lmcache/v1/mp_observability/subscribers/metrics
copying build/lib/lmcache/v1/mp_observability/subscribers/metrics/mp_transfer.py -> build/bdist.linux-aarch64/wheel/./lmcache/v1/mp_observability/subscribers/metrics
copying build/lib/lmcache/v1/mp_observability/subscribers/metrics/lookup.py -> build/bdist.linux-aarch64/wheel/./lmcache/v1/mp_observability/subscribers/metrics
copying build/lib/lmcache/v1/mp_observability/subscribers/metrics/l1_eviction_loop.py -> build/bdist.linux-aarch64/wheel/./lmcache/v1/mp_observability/subscribers/metrics
copying build/lib/lmcache/v1/mp_observability/subscribers/metrics/l2_failures.py -> build/bdist.linux-aarch64/wheel/./lmcache/v1/mp_observability/subscribers/metrics
copying build/lib/lmcache/v1/mp_observability/subscribers/metrics/utils.py -> build/bdist.linux-aarch64/wheel/./lmcache/v1/mp_observability/subscribers/metrics
copying build/lib/lmcache/v1/mp_observability/subscribers/metrics/timeout.py -> build/bdist.linux-aarch64/wheel/./lmcache/v1/mp_observability/subscribers/metrics
copying build/lib/lmcache/v1/mp_observability/subscribers/metrics/__init__.py -> build/bdist.linux-aarch64/wheel/./lmcache/v1/mp_observability/subscribers/metrics
copying build/lib/lmcache/v1/mp_observability/subscribers/metrics/l1_lifecycle.py -> build/bdist.linux-aarch64/wheel/./lmcache/v1/mp_observability/subscribers/metrics
copying build/lib/lmcache/v1/mp_observability/subscribers/metrics/l2_throughput.py -> build/bdist.linux-aarch64/wheel/./lmcache/v1/mp_observability/subscribers/metrics
copying build/lib/lmcache/v1/mp_observability/subscribers/metrics/event_bus.py -> build/bdist.linux-aarch64/wheel/./lmcache/v1/mp_observability/subscribers/metrics
copying build/lib/lmcache/v1/mp_observability/subscribers/metrics/sm_lifecycle.py -> build/bdist.linux-aarch64/wheel/./lmcache/v1/mp_observability/subscribers/metrics
creating build/bdist.linux-aarch64/wheel/lmcache/v1/mp_observability/subscribers/logging
copying build/lib/lmcache/v1/mp_observability/subscribers/logging/cb_server.py -> build/bdist.linux-aarch64/wheel/./lmcache/v1/mp_observability/subscribers/logging
copying build/lib/lmcache/v1/mp_observability/subscribers/logging/l2.py -> build/bdist.linux-aarch64/wheel/./lmcache/v1/mp_observability/subscribers/logging
copying build/lib/lmcache/v1/mp_observability/subscribers/logging/lookup_hash.py -> build/bdist.linux-aarch64/wheel/./lmcache/v1/mp_observability/subscribers/logging
copying build/lib/lmcache/v1/mp_observability/subscribers/logging/l1.py -> build/bdist.linux-aarch64/wheel/./lmcache/v1/mp_observability/subscribers/logging
copying build/lib/lmcache/v1/mp_observability/subscribers/logging/mp_server.py -> build/bdist.linux-aarch64/wheel/./lmcache/v1/mp_observability/subscribers/logging
copying build/lib/lmcache/v1/mp_observability/subscribers/logging/sm.py -> build/bdist.linux-aarch64/wheel/./lmcache/v1/mp_observability/subscribers/logging
copying build/lib/lmcache/v1/mp_observability/subscribers/logging/extra_stats.py -> build/bdist.linux-aarch64/wheel/./lmcache/v1/mp_observability/subscribers/logging
copying build/lib/lmcache/v1/mp_observability/subscribers/logging/timeout.py -> build/bdist.linux-aarch64/wheel/./lmcache/v1/mp_observability/subscribers/logging
copying build/lib/lmcache/v1/mp_observability/subscribers/logging/__init__.py -> build/bdist.linux-aarch64/wheel/./lmcache/v1/mp_observability/subscribers/logging
copying build/lib/lmcache/v1/mp_observability/subscribers/__init__.py -> build/bdist.linux-aarch64/wheel/./lmcache/v1/mp_observability/subscribers
copying build/lib/lmcache/v1/mp_observability/event.py -> build/bdist.linux-aarch64/wheel/./lmcache/v1/mp_observability
copying build/lib/lmcache/v1/mp_observability/event_bus.py -> build/bdist.linux-aarch64/wheel/./lmcache/v1/mp_observability
creating build/bdist.linux-aarch64/wheel/lmcache/v1/compute
creating build/bdist.linux-aarch64/wheel/lmcache/v1/compute/attention
copying build/lib/lmcache/v1/compute/attention/flash_attn.py -> build/bdist.linux-aarch64/wheel/./lmcache/v1/compute/attention
creating build/bdist.linux-aarch64/wheel/lmcache/v1/compute/attention/triton_kernels
copying build/lib/lmcache/v1/compute/attention/triton_kernels/block_sparse_attention.py -> build/bdist.linux-aarch64/wheel/./lmcache/v1/compute/attention/triton_kernels
copying build/lib/lmcache/v1/compute/attention/triton_kernels/__init__.py -> build/bdist.linux-aarch64/wheel/./lmcache/v1/compute/attention/triton_kernels
copying build/lib/lmcache/v1/compute/attention/triton_sparse.py -> build/bdist.linux-aarch64/wheel/./lmcache/v1/compute/attention
copying build/lib/lmcache/v1/compute/attention/abstract.py -> build/bdist.linux-aarch64/wheel/./lmcache/v1/compute/attention
copying build/lib/lmcache/v1/compute/attention/metadata.py -> build/bdist.linux-aarch64/wheel/./lmcache/v1/compute/attention
copying build/lib/lmcache/v1/compute/attention/flash_infer_sparse.py -> build/bdist.linux-aarch64/wheel/./lmcache/v1/compute/attention
copying build/lib/lmcache/v1/compute/attention/utils.py -> build/bdist.linux-aarch64/wheel/./lmcache/v1/compute/attention
copying build/lib/lmcache/v1/compute/attention/__init__.py -> build/bdist.linux-aarch64/wheel/./lmcache/v1/compute/attention
copying build/lib/lmcache/v1/compute/positional_encoding.py -> build/bdist.linux-aarch64/wheel/./lmcache/v1/compute
creating build/bdist.linux-aarch64/wheel/lmcache/v1/compute/models
copying build/lib/lmcache/v1/compute/models/base.py -> build/bdist.linux-aarch64/wheel/./lmcache/v1/compute/models
copying build/lib/lmcache/v1/compute/models/llama.py -> build/bdist.linux-aarch64/wheel/./lmcache/v1/compute/models
copying build/lib/lmcache/v1/compute/models/qwen3.py -> build/bdist.linux-aarch64/wheel/./lmcache/v1/compute/models
copying build/lib/lmcache/v1/compute/models/utils.py -> build/bdist.linux-aarch64/wheel/./lmcache/v1/compute/models
copying build/lib/lmcache/v1/compute/models/__init__.py -> build/bdist.linux-aarch64/wheel/./lmcache/v1/compute/models
copying build/lib/lmcache/v1/compute/__init__.py -> build/bdist.linux-aarch64/wheel/./lmcache/v1/compute
creating build/bdist.linux-aarch64/wheel/lmcache/v1/compute/blend
copying build/lib/lmcache/v1/compute/blend/metadata.py -> build/bdist.linux-aarch64/wheel/./lmcache/v1/compute/blend
copying build/lib/lmcache/v1/compute/blend/utils.py -> build/bdist.linux-aarch64/wheel/./lmcache/v1/compute/blend
copying build/lib/lmcache/v1/compute/blend/__init__.py -> build/bdist.linux-aarch64/wheel/./lmcache/v1/compute/blend
copying build/lib/lmcache/v1/compute/blend/blender.py -> build/bdist.linux-aarch64/wheel/./lmcache/v1/compute/blend
copying build/lib/lmcache/v1/pin_monitor.py -> build/bdist.linux-aarch64/wheel/./lmcache/v1
creating build/bdist.linux-aarch64/wheel/lmcache/v1/kv_codec
copying build/lib/lmcache/v1/kv_codec/asym_k16_v8.py -> build/bdist.linux-aarch64/wheel/./lmcache/v1/kv_codec
copying build/lib/lmcache/v1/kv_codec/errors.py -> build/bdist.linux-aarch64/wheel/./lmcache/v1/kv_codec
copying build/lib/lmcache/v1/kv_codec/__init__.py -> build/bdist.linux-aarch64/wheel/./lmcache/v1/kv_codec
copying build/lib/lmcache/v1/kv_codec/encoded_kv.py -> build/bdist.linux-aarch64/wheel/./lmcache/v1/kv_codec
creating build/bdist.linux-aarch64/wheel/lmcache/v1/plugin
copying build/lib/lmcache/v1/plugin/runtime_plugin_launcher.py -> build/bdist.linux-aarch64/wheel/./lmcache/v1/plugin
copying build/lib/lmcache/v1/plugin/__init__.py -> build/bdist.linux-aarch64/wheel/./lmcache/v1/plugin
creating build/bdist.linux-aarch64/wheel/lmcache/v1/lookup_client
copying build/lib/lmcache/v1/lookup_client/lmcache_async_lookup_client.py -> build/bdist.linux-aarch64/wheel/./lmcache/v1/lookup_client
copying build/lib/lmcache/v1/lookup_client/abstract_client.py -> build/bdist.linux-aarch64/wheel/./lmcache/v1/lookup_client
copying build/lib/lmcache/v1/lookup_client/async_lookup_message.py -> build/bdist.linux-aarch64/wheel/./lmcache/v1/lookup_client
copying build/lib/lmcache/v1/lookup_client/lmcache_lookup_client.py -> build/bdist.linux-aarch64/wheel/./lmcache/v1/lookup_client
copying build/lib/lmcache/v1/lookup_client/factory.py -> build/bdist.linux-aarch64/wheel/./lmcache/v1/lookup_client
copying build/lib/lmcache/v1/lookup_client/hit_limit_lookup_client.py -> build/bdist.linux-aarch64/wheel/./lmcache/v1/lookup_client
copying build/lib/lmcache/v1/lookup_client/mooncake_lookup_client.py -> build/bdist.linux-aarch64/wheel/./lmcache/v1/lookup_client
copying build/lib/lmcache/v1/lookup_client/lmcache_lookup_client_bypass.py -> build/bdist.linux-aarch64/wheel/./lmcache/v1/lookup_client
copying build/lib/lmcache/v1/lookup_client/__init__.py -> build/bdist.linux-aarch64/wheel/./lmcache/v1/lookup_client
creating build/bdist.linux-aarch64/wheel/lmcache/v1/lookup_client/record_strategies
copying build/lib/lmcache/v1/lookup_client/record_strategies/file_hash.py -> build/bdist.linux-aarch64/wheel/./lmcache/v1/lookup_client/record_strategies
copying build/lib/lmcache/v1/lookup_client/record_strategies/base.py -> build/bdist.linux-aarch64/wheel/./lmcache/v1/lookup_client/record_strategies
copying build/lib/lmcache/v1/lookup_client/record_strategies/memory_bloom_filter.py -> build/bdist.linux-aarch64/wheel/./lmcache/v1/lookup_client/record_strategies
copying build/lib/lmcache/v1/lookup_client/record_strategies/__init__.py -> build/bdist.linux-aarch64/wheel/./lmcache/v1/lookup_client/record_strategies
copying build/lib/lmcache/v1/lookup_client/chunk_statistics_lookup_client.py -> build/bdist.linux-aarch64/wheel/./lmcache/v1/lookup_client
creating build/bdist.linux-aarch64/wheel/lmcache/v1/memory_allocators
copying build/lib/lmcache/v1/memory_allocators/paged_cpu_gpu_memory_allocator.py -> build/bdist.linux-aarch64/wheel/./lmcache/v1/memory_allocators
copying build/lib/lmcache/v1/memory_allocators/devdax_memory_allocator.py -> build/bdist.linux-aarch64/wheel/./lmcache/v1/memory_allocators
copying build/lib/lmcache/v1/memory_allocators/paged_tensor_memory_allocator.py -> build/bdist.linux-aarch64/wheel/./lmcache/v1/memory_allocators
copying build/lib/lmcache/v1/memory_allocators/tensor_memory_allocator.py -> build/bdist.linux-aarch64/wheel/./lmcache/v1/memory_allocators
copying build/lib/lmcache/v1/memory_allocators/gpu_memory_allocator.py -> build/bdist.linux-aarch64/wheel/./lmcache/v1/memory_allocators
copying build/lib/lmcache/v1/memory_allocators/mixed_memory_allocator.py -> build/bdist.linux-aarch64/wheel/./lmcache/v1/memory_allocators
copying build/lib/lmcache/v1/memory_allocators/host_memory_allocator.py -> build/bdist.linux-aarch64/wheel/./lmcache/v1/memory_allocators
copying build/lib/lmcache/v1/memory_allocators/cu_file_memory_allocator.py -> build/bdist.linux-aarch64/wheel/./lmcache/v1/memory_allocators
copying build/lib/lmcache/v1/memory_allocators/lazy_memory_allocator.py -> build/bdist.linux-aarch64/wheel/./lmcache/v1/memory_allocators
copying build/lib/lmcache/v1/memory_allocators/hip_file_memory_allocator.py -> build/bdist.linux-aarch64/wheel/./lmcache/v1/memory_allocators
copying build/lib/lmcache/v1/memory_allocators/pin_memory_allocator.py -> build/bdist.linux-aarch64/wheel/./lmcache/v1/memory_allocators
copying build/lib/lmcache/v1/memory_allocators/buffer_allocator.py -> build/bdist.linux-aarch64/wheel/./lmcache/v1/memory_allocators
copying build/lib/lmcache/v1/memory_allocators/__init__.py -> build/bdist.linux-aarch64/wheel/./lmcache/v1/memory_allocators
copying build/lib/lmcache/v1/memory_allocators/ad_hoc_memory_allocator.py -> build/bdist.linux-aarch64/wheel/./lmcache/v1/memory_allocators
copying build/lib/lmcache/v1/ec_engine.py -> build/bdist.linux-aarch64/wheel/./lmcache/v1
creating build/bdist.linux-aarch64/wheel/lmcache/v1/cache_controller
copying build/lib/lmcache/v1/cache_controller/executor.py -> build/bdist.linux-aarch64/wheel/./lmcache/v1/cache_controller
copying build/lib/lmcache/v1/cache_controller/message.py -> build/bdist.linux-aarch64/wheel/./lmcache/v1/cache_controller
copying build/lib/lmcache/v1/cache_controller/config.py -> build/bdist.linux-aarch64/wheel/./lmcache/v1/cache_controller
copying build/lib/lmcache/v1/cache_controller/locks.py -> build/bdist.linux-aarch64/wheel/./lmcache/v1/cache_controller
copying build/lib/lmcache/v1/cache_controller/worker.py -> build/bdist.linux-aarch64/wheel/./lmcache/v1/cache_controller
creating build/bdist.linux-aarch64/wheel/lmcache/v1/cache_controller/commands
copying build/lib/lmcache/v1/cache_controller/commands/full_sync.py -> build/bdist.linux-aarch64/wheel/./lmcache/v1/cache_controller/commands
copying build/lib/lmcache/v1/cache_controller/commands/base.py -> build/bdist.linux-aarch64/wheel/./lmcache/v1/cache_controller/commands
copying build/lib/lmcache/v1/cache_controller/commands/__init__.py -> build/bdist.linux-aarch64/wheel/./lmcache/v1/cache_controller/commands
copying build/lib/lmcache/v1/cache_controller/full_sync_sender.py -> build/bdist.linux-aarch64/wheel/./lmcache/v1/cache_controller
copying build/lib/lmcache/v1/cache_controller/controller_manager.py -> build/bdist.linux-aarch64/wheel/./lmcache/v1/cache_controller
copying build/lib/lmcache/v1/cache_controller/utils.py -> build/bdist.linux-aarch64/wheel/./lmcache/v1/cache_controller
copying build/lib/lmcache/v1/cache_controller/__init__.py -> build/bdist.linux-aarch64/wheel/./lmcache/v1/cache_controller
copying build/lib/lmcache/v1/cache_controller/observability.py -> build/bdist.linux-aarch64/wheel/./lmcache/v1/cache_controller
creating build/bdist.linux-aarch64/wheel/lmcache/v1/cache_controller/controllers
copying build/lib/lmcache/v1/cache_controller/controllers/full_sync_tracker.py -> build/bdist.linux-aarch64/wheel/./lmcache/v1/cache_controller/controllers
copying build/lib/lmcache/v1/cache_controller/controllers/kv_controller.py -> build/bdist.linux-aarch64/wheel/./lmcache/v1/cache_controller/controllers
copying build/lib/lmcache/v1/cache_controller/controllers/registration_controller.py -> build/bdist.linux-aarch64/wheel/./lmcache/v1/cache_controller/controllers
copying build/lib/lmcache/v1/cache_controller/controllers/__init__.py -> build/bdist.linux-aarch64/wheel/./lmcache/v1/cache_controller/controllers
copying build/lib/lmcache/v1/cache_interface.py -> build/bdist.linux-aarch64/wheel/./lmcache/v1
creating build/bdist.linux-aarch64/wheel/lmcache/v1/storage_backend
copying build/lib/lmcache/v1/storage_backend/hipfile_shim.py -> build/bdist.linux-aarch64/wheel/./lmcache/v1/storage_backend
creating build/bdist.linux-aarch64/wheel/lmcache/v1/storage_backend/plugins
copying build/lib/lmcache/v1/storage_backend/plugins/rust_raw_block_backend.py -> build/bdist.linux-aarch64/wheel/./lmcache/v1/storage_backend/plugins
copying build/lib/lmcache/v1/storage_backend/plugins/dax_backend.py -> build/bdist.linux-aarch64/wheel/./lmcache/v1/storage_backend/plugins
copying build/lib/lmcache/v1/storage_backend/p2p_backend.py -> build/bdist.linux-aarch64/wheel/./lmcache/v1/storage_backend
copying build/lib/lmcache/v1/storage_backend/storage_backend_listener.py -> build/bdist.linux-aarch64/wheel/./lmcache/v1/storage_backend
copying build/lib/lmcache/v1/storage_backend/abstract_backend.py -> build/bdist.linux-aarch64/wheel/./lmcache/v1/storage_backend
creating build/bdist.linux-aarch64/wheel/lmcache/v1/storage_backend/dax
copying build/lib/lmcache/v1/storage_backend/dax/core.py -> build/bdist.linux-aarch64/wheel/./lmcache/v1/storage_backend/dax
copying build/lib/lmcache/v1/storage_backend/dax/__init__.py -> build/bdist.linux-aarch64/wheel/./lmcache/v1/storage_backend/dax
copying build/lib/lmcache/v1/storage_backend/local_cpu_backend.py -> build/bdist.linux-aarch64/wheel/./lmcache/v1/storage_backend
copying build/lib/lmcache/v1/storage_backend/gds_backend.py -> build/bdist.linux-aarch64/wheel/./lmcache/v1/storage_backend
copying build/lib/lmcache/v1/storage_backend/path_sharder.py -> build/bdist.linux-aarch64/wheel/./lmcache/v1/storage_backend
creating build/bdist.linux-aarch64/wheel/lmcache/v1/storage_backend/native_clients
copying build/lib/lmcache/v1/storage_backend/native_clients/aerospike_client.py -> build/bdist.linux-aarch64/wheel/./lmcache/v1/storage_backend/native_clients
copying build/lib/lmcache/v1/storage_backend/native_clients/connector_client_base.py -> build/bdist.linux-aarch64/wheel/./lmcache/v1/storage_backend/native_clients
copying build/lib/lmcache/v1/storage_backend/native_clients/resp_client.py -> build/bdist.linux-aarch64/wheel/./lmcache/v1/storage_backend/native_clients
copying build/lib/lmcache/v1/storage_backend/storage_manager.py -> build/bdist.linux-aarch64/wheel/./lmcache/v1/storage_backend
creating build/bdist.linux-aarch64/wheel/lmcache/v1/storage_backend/valkey
copying build/lib/lmcache/v1/storage_backend/valkey/worker_pool.py -> build/bdist.linux-aarch64/wheel/./lmcache/v1/storage_backend/valkey
copying build/lib/lmcache/v1/storage_backend/valkey/__init__.py -> build/bdist.linux-aarch64/wheel/./lmcache/v1/storage_backend/valkey
copying build/lib/lmcache/v1/storage_backend/remote_backend.py -> build/bdist.linux-aarch64/wheel/./lmcache/v1/storage_backend
copying build/lib/lmcache/v1/storage_backend/batched_message_sender.py -> build/bdist.linux-aarch64/wheel/./lmcache/v1/storage_backend
creating build/bdist.linux-aarch64/wheel/lmcache/v1/storage_backend/job_executor
copying build/lib/lmcache/v1/storage_backend/job_executor/base_executor.py -> build/bdist.linux-aarch64/wheel/./lmcache/v1/storage_backend/job_executor
copying build/lib/lmcache/v1/storage_backend/job_executor/__init__.py -> build/bdist.linux-aarch64/wheel/./lmcache/v1/storage_backend/job_executor
copying build/lib/lmcache/v1/storage_backend/job_executor/pq_executor.py -> build/bdist.linux-aarch64/wheel/./lmcache/v1/storage_backend/job_executor
creating build/bdist.linux-aarch64/wheel/lmcache/v1/storage_backend/connector
copying build/lib/lmcache/v1/storage_backend/connector/infinistore_connector.py -> build/bdist.linux-aarch64/wheel/./lmcache/v1/storage_backend/connector
copying build/lib/lmcache/v1/storage_backend/connector/s3_connector.py -> build/bdist.linux-aarch64/wheel/./lmcache/v1/storage_backend/connector
copying build/lib/lmcache/v1/storage_backend/connector/mock_adapter.py -> build/bdist.linux-aarch64/wheel/./lmcache/v1/storage_backend/connector
copying build/lib/lmcache/v1/storage_backend/connector/hfbucket_connector.py -> build/bdist.linux-aarch64/wheel/./lmcache/v1/storage_backend/connector
copying build/lib/lmcache/v1/storage_backend/connector/audit_adapter.py -> build/bdist.linux-aarch64/wheel/./lmcache/v1/storage_backend/connector
copying build/lib/lmcache/v1/storage_backend/connector/lm_connector.py -> build/bdist.linux-aarch64/wheel/./lmcache/v1/storage_backend/connector
copying build/lib/lmcache/v1/storage_backend/connector/eic_adapter.py -> build/bdist.linux-aarch64/wheel/./lmcache/v1/storage_backend/connector
copying build/lib/lmcache/v1/storage_backend/connector/bigtable_schema.py -> build/bdist.linux-aarch64/wheel/./lmcache/v1/storage_backend/connector
copying build/lib/lmcache/v1/storage_backend/connector/sagemaker_hyperpod_connector.py -> build/bdist.linux-aarch64/wheel/./lmcache/v1/storage_backend/connector
copying build/lib/lmcache/v1/storage_backend/connector/bigtable_adapter.py -> build/bdist.linux-aarch64/wheel/./lmcache/v1/storage_backend/connector
copying build/lib/lmcache/v1/storage_backend/connector/blackhole_connector.py -> build/bdist.linux-aarch64/wheel/./lmcache/v1/storage_backend/connector
copying build/lib/lmcache/v1/storage_backend/connector/sagemaker_hyperpod_adapter.py -> build/bdist.linux-aarch64/wheel/./lmcache/v1/storage_backend/connector
copying build/lib/lmcache/v1/storage_backend/connector/redis_connector.py -> build/bdist.linux-aarch64/wheel/./lmcache/v1/storage_backend/connector
copying build/lib/lmcache/v1/storage_backend/connector/mooncakestore_adapter.py -> build/bdist.linux-aarch64/wheel/./lmcache/v1/storage_backend/connector
copying build/lib/lmcache/v1/storage_backend/connector/hfbucket_adapter.py -> build/bdist.linux-aarch64/wheel/./lmcache/v1/storage_backend/connector
copying build/lib/lmcache/v1/storage_backend/connector/eic_connector.py -> build/bdist.linux-aarch64/wheel/./lmcache/v1/storage_backend/connector
copying build/lib/lmcache/v1/storage_backend/connector/lm_adapter.py -> build/bdist.linux-aarch64/wheel/./lmcache/v1/storage_backend/connector
copying build/lib/lmcache/v1/storage_backend/connector/base_connector.py -> build/bdist.linux-aarch64/wheel/./lmcache/v1/storage_backend/connector
copying build/lib/lmcache/v1/storage_backend/connector/hf3fs_connector.py -> build/bdist.linux-aarch64/wheel/./lmcache/v1/storage_backend/connector
copying build/lib/lmcache/v1/storage_backend/connector/valkey_connector.py -> build/bdist.linux-aarch64/wheel/./lmcache/v1/storage_backend/connector
copying build/lib/lmcache/v1/storage_backend/connector/infinistore_adapter.py -> build/bdist.linux-aarch64/wheel/./lmcache/v1/storage_backend/connector
copying build/lib/lmcache/v1/storage_backend/connector/external_adapter.py -> build/bdist.linux-aarch64/wheel/./lmcache/v1/storage_backend/connector
copying build/lib/lmcache/v1/storage_backend/connector/bigtable_connector.py -> build/bdist.linux-aarch64/wheel/./lmcache/v1/storage_backend/connector
copying build/lib/lmcache/v1/storage_backend/connector/bigtable_config.py -> build/bdist.linux-aarch64/wheel/./lmcache/v1/storage_backend/connector
copying build/lib/lmcache/v1/storage_backend/connector/valkey_adapter.py -> build/bdist.linux-aarch64/wheel/./lmcache/v1/storage_backend/connector
copying build/lib/lmcache/v1/storage_backend/connector/hf3fs_adapter.py -> build/bdist.linux-aarch64/wheel/./lmcache/v1/storage_backend/connector
copying build/lib/lmcache/v1/storage_backend/connector/s3_adapter.py -> build/bdist.linux-aarch64/wheel/./lmcache/v1/storage_backend/connector
copying build/lib/lmcache/v1/storage_backend/connector/fs_adapter.py -> build/bdist.linux-aarch64/wheel/./lmcache/v1/storage_backend/connector
copying build/lib/lmcache/v1/storage_backend/connector/fs_connector.py -> build/bdist.linux-aarch64/wheel/./lmcache/v1/storage_backend/connector
copying build/lib/lmcache/v1/storage_backend/connector/azure_adapter.py -> build/bdist.linux-aarch64/wheel/./lmcache/v1/storage_backend/connector
copying build/lib/lmcache/v1/storage_backend/connector/bigtable_sharder.py -> build/bdist.linux-aarch64/wheel/./lmcache/v1/storage_backend/connector
copying build/lib/lmcache/v1/storage_backend/connector/instrumented_connector.py -> build/bdist.linux-aarch64/wheel/./lmcache/v1/storage_backend/connector
copying build/lib/lmcache/v1/storage_backend/connector/__init__.py -> build/bdist.linux-aarch64/wheel/./lmcache/v1/storage_backend/connector
copying build/lib/lmcache/v1/storage_backend/connector/redis_adapter.py -> build/bdist.linux-aarch64/wheel/./lmcache/v1/storage_backend/connector
copying build/lib/lmcache/v1/storage_backend/connector/mooncakestore_connector.py -> build/bdist.linux-aarch64/wheel/./lmcache/v1/storage_backend/connector
copying build/lib/lmcache/v1/storage_backend/connector/audit_connector.py -> build/bdist.linux-aarch64/wheel/./lmcache/v1/storage_backend/connector
copying build/lib/lmcache/v1/storage_backend/connector/blackhole_adapter.py -> build/bdist.linux-aarch64/wheel/./lmcache/v1/storage_backend/connector
copying build/lib/lmcache/v1/storage_backend/connector/azure_connector.py -> build/bdist.linux-aarch64/wheel/./lmcache/v1/storage_backend/connector
copying build/lib/lmcache/v1/storage_backend/connector/mock_connector.py -> build/bdist.linux-aarch64/wheel/./lmcache/v1/storage_backend/connector
copying build/lib/lmcache/v1/storage_backend/nixl_storage_backend.py -> build/bdist.linux-aarch64/wheel/./lmcache/v1/storage_backend
creating build/bdist.linux-aarch64/wheel/lmcache/v1/storage_backend/raw_block
copying build/lib/lmcache/v1/storage_backend/raw_block/core.py -> build/bdist.linux-aarch64/wheel/./lmcache/v1/storage_backend/raw_block
copying build/lib/lmcache/v1/storage_backend/raw_block/key_codec.py -> build/bdist.linux-aarch64/wheel/./lmcache/v1/storage_backend/raw_block
copying build/lib/lmcache/v1/storage_backend/raw_block/__init__.py -> build/bdist.linux-aarch64/wheel/./lmcache/v1/storage_backend/raw_block
copying build/lib/lmcache/v1/storage_backend/audit_backend.py -> build/bdist.linux-aarch64/wheel/./lmcache/v1/storage_backend
creating build/bdist.linux-aarch64/wheel/lmcache/v1/storage_backend/cache_policy
copying build/lib/lmcache/v1/storage_backend/cache_policy/lfu.py -> build/bdist.linux-aarch64/wheel/./lmcache/v1/storage_backend/cache_policy
copying build/lib/lmcache/v1/storage_backend/cache_policy/fifo.py -> build/bdist.linux-aarch64/wheel/./lmcache/v1/storage_backend/cache_policy
copying build/lib/lmcache/v1/storage_backend/cache_policy/mru.py -> build/bdist.linux-aarch64/wheel/./lmcache/v1/storage_backend/cache_policy
copying build/lib/lmcache/v1/storage_backend/cache_policy/lru.py -> build/bdist.linux-aarch64/wheel/./lmcache/v1/storage_backend/cache_policy
copying build/lib/lmcache/v1/storage_backend/cache_policy/base_policy.py -> build/bdist.linux-aarch64/wheel/./lmcache/v1/storage_backend/cache_policy
copying build/lib/lmcache/v1/storage_backend/cache_policy/__init__.py -> build/bdist.linux-aarch64/wheel/./lmcache/v1/storage_backend/cache_policy
copying build/lib/lmcache/v1/storage_backend/pd_backend_async.py -> build/bdist.linux-aarch64/wheel/./lmcache/v1/storage_backend
copying build/lib/lmcache/v1/storage_backend/__init__.py -> build/bdist.linux-aarch64/wheel/./lmcache/v1/storage_backend
copying build/lib/lmcache/v1/storage_backend/resp_client.py -> build/bdist.linux-aarch64/wheel/./lmcache/v1/storage_backend
copying build/lib/lmcache/v1/storage_backend/local_disk_backend.py -> build/bdist.linux-aarch64/wheel/./lmcache/v1/storage_backend
creating build/bdist.linux-aarch64/wheel/lmcache/v1/storage_backend/naive_serde
copying build/lib/lmcache/v1/storage_backend/naive_serde/kivi_serde.py -> build/bdist.linux-aarch64/wheel/./lmcache/v1/storage_backend/naive_serde
copying build/lib/lmcache/v1/storage_backend/naive_serde/naive_serde.py -> build/bdist.linux-aarch64/wheel/./lmcache/v1/storage_backend/naive_serde
copying build/lib/lmcache/v1/storage_backend/naive_serde/cachegen_encoder.py -> build/bdist.linux-aarch64/wheel/./lmcache/v1/storage_backend/naive_serde
copying build/lib/lmcache/v1/storage_backend/naive_serde/cachegen_basics.py -> build/bdist.linux-aarch64/wheel/./lmcache/v1/storage_backend/naive_serde
copying build/lib/lmcache/v1/storage_backend/naive_serde/__init__.py -> build/bdist.linux-aarch64/wheel/./lmcache/v1/storage_backend/naive_serde
copying build/lib/lmcache/v1/storage_backend/naive_serde/cachegen_decoder.py -> build/bdist.linux-aarch64/wheel/./lmcache/v1/storage_backend/naive_serde
copying build/lib/lmcache/v1/storage_backend/naive_serde/serde.py -> build/bdist.linux-aarch64/wheel/./lmcache/v1/storage_backend/naive_serde
copying build/lib/lmcache/v1/storage_backend/maru_backend.py -> build/bdist.linux-aarch64/wheel/./lmcache/v1/storage_backend
copying build/lib/lmcache/v1/storage_backend/pd_backend.py -> build/bdist.linux-aarch64/wheel/./lmcache/v1/storage_backend
creating build/bdist.linux-aarch64/wheel/lmcache/v1/mp_coordinator
copying build/lib/lmcache/v1/mp_coordinator/schemas.py -> build/bdist.linux-aarch64/wheel/./lmcache/v1/mp_coordinator
copying build/lib/lmcache/v1/mp_coordinator/config.py -> build/bdist.linux-aarch64/wheel/./lmcache/v1/mp_coordinator
creating build/bdist.linux-aarch64/wheel/lmcache/v1/mp_coordinator/http_apis
copying build/lib/lmcache/v1/mp_coordinator/http_apis/dependencies.py -> build/bdist.linux-aarch64/wheel/./lmcache/v1/mp_coordinator/http_apis
copying build/lib/lmcache/v1/mp_coordinator/http_apis/events_api.py -> build/bdist.linux-aarch64/wheel/./lmcache/v1/mp_coordinator/http_apis
copying build/lib/lmcache/v1/mp_coordinator/http_apis/metrics_api.py -> build/bdist.linux-aarch64/wheel/./lmcache/v1/mp_coordinator/http_apis
copying build/lib/lmcache/v1/mp_coordinator/http_apis/health_api.py -> build/bdist.linux-aarch64/wheel/./lmcache/v1/mp_coordinator/http_apis
copying build/lib/lmcache/v1/mp_coordinator/http_apis/cache_api.py -> build/bdist.linux-aarch64/wheel/./lmcache/v1/mp_coordinator/http_apis
copying build/lib/lmcache/v1/mp_coordinator/http_apis/directory_api.py -> build/bdist.linux-aarch64/wheel/./lmcache/v1/mp_coordinator/http_apis
copying build/lib/lmcache/v1/mp_coordinator/http_apis/__init__.py -> build/bdist.linux-aarch64/wheel/./lmcache/v1/mp_coordinator/http_apis
copying build/lib/lmcache/v1/mp_coordinator/http_apis/instances_api.py -> build/bdist.linux-aarch64/wheel/./lmcache/v1/mp_coordinator/http_apis
copying build/lib/lmcache/v1/mp_coordinator/http_apis/quota_api.py -> build/bdist.linux-aarch64/wheel/./lmcache/v1/mp_coordinator/http_apis
copying build/lib/lmcache/v1/mp_coordinator/http_apis/instances_usage_api.py -> build/bdist.linux-aarch64/wheel/./lmcache/v1/mp_coordinator/http_apis
creating build/bdist.linux-aarch64/wheel/lmcache/v1/mp_coordinator/utils
copying build/lib/lmcache/v1/mp_coordinator/utils/encoding.py -> build/bdist.linux-aarch64/wheel/./lmcache/v1/mp_coordinator/utils
copying build/lib/lmcache/v1/mp_coordinator/utils/__init__.py -> build/bdist.linux-aarch64/wheel/./lmcache/v1/mp_coordinator/utils
copying build/lib/lmcache/v1/mp_coordinator/discovery.py -> build/bdist.linux-aarch64/wheel/./lmcache/v1/mp_coordinator
creating build/bdist.linux-aarch64/wheel/lmcache/v1/mp_coordinator/persistence
copying build/lib/lmcache/v1/mp_coordinator/persistence/store.py -> build/bdist.linux-aarch64/wheel/./lmcache/v1/mp_coordinator/persistence
copying build/lib/lmcache/v1/mp_coordinator/persistence/checkpoint.py -> build/bdist.linux-aarch64/wheel/./lmcache/v1/mp_coordinator/persistence
copying build/lib/lmcache/v1/mp_coordinator/persistence/quiesce.py -> build/bdist.linux-aarch64/wheel/./lmcache/v1/mp_coordinator/persistence
copying build/lib/lmcache/v1/mp_coordinator/persistence/metadata.py -> build/bdist.linux-aarch64/wheel/./lmcache/v1/mp_coordinator/persistence
copying build/lib/lmcache/v1/mp_coordinator/persistence/durable_component.py -> build/bdist.linux-aarch64/wheel/./lmcache/v1/mp_coordinator/persistence
copying build/lib/lmcache/v1/mp_coordinator/persistence/__init__.py -> build/bdist.linux-aarch64/wheel/./lmcache/v1/mp_coordinator/persistence
creating build/bdist.linux-aarch64/wheel/lmcache/v1/mp_coordinator/ingest
copying build/lib/lmcache/v1/mp_coordinator/ingest/event_gate.py -> build/bdist.linux-aarch64/wheel/./lmcache/v1/mp_coordinator/ingest
copying build/lib/lmcache/v1/mp_coordinator/ingest/__init__.py -> build/bdist.linux-aarch64/wheel/./lmcache/v1/mp_coordinator/ingest
copying build/lib/lmcache/v1/mp_coordinator/ingest/event_broadcaster.py -> build/bdist.linux-aarch64/wheel/./lmcache/v1/mp_coordinator/ingest
copying build/lib/lmcache/v1/mp_coordinator/registrar.py -> build/bdist.linux-aarch64/wheel/./lmcache/v1/mp_coordinator
copying build/lib/lmcache/v1/mp_coordinator/registry.py -> build/bdist.linux-aarch64/wheel/./lmcache/v1/mp_coordinator
copying build/lib/lmcache/v1/mp_coordinator/blend_client.py -> build/bdist.linux-aarch64/wheel/./lmcache/v1/mp_coordinator
copying build/lib/lmcache/v1/mp_coordinator/app.py -> build/bdist.linux-aarch64/wheel/./lmcache/v1/mp_coordinator
copying build/lib/lmcache/v1/mp_coordinator/blend_index.py -> build/bdist.linux-aarch64/wheel/./lmcache/v1/mp_coordinator
copying build/lib/lmcache/v1/mp_coordinator/api.py -> build/bdist.linux-aarch64/wheel/./lmcache/v1/mp_coordinator
copying build/lib/lmcache/v1/mp_coordinator/__main__.py -> build/bdist.linux-aarch64/wheel/./lmcache/v1/mp_coordinator
copying build/lib/lmcache/v1/mp_coordinator/__init__.py -> build/bdist.linux-aarch64/wheel/./lmcache/v1/mp_coordinator
copying build/lib/lmcache/v1/mp_coordinator/cache_events.py -> build/bdist.linux-aarch64/wheel/./lmcache/v1/mp_coordinator
copying build/lib/lmcache/v1/mp_coordinator/observability.py -> build/bdist.linux-aarch64/wheel/./lmcache/v1/mp_coordinator
creating build/bdist.linux-aarch64/wheel/lmcache/v1/mp_coordinator/controllers
copying build/lib/lmcache/v1/mp_coordinator/controllers/eviction_controller.py -> build/bdist.linux-aarch64/wheel/./lmcache/v1/mp_coordinator/controllers
copying build/lib/lmcache/v1/mp_coordinator/controllers/base.py -> build/bdist.linux-aarch64/wheel/./lmcache/v1/mp_coordinator/controllers
copying build/lib/lmcache/v1/mp_coordinator/controllers/prefetch_manager.py -> build/bdist.linux-aarch64/wheel/./lmcache/v1/mp_coordinator/controllers
copying build/lib/lmcache/v1/mp_coordinator/controllers/__init__.py -> build/bdist.linux-aarch64/wheel/./lmcache/v1/mp_coordinator/controllers
creating build/bdist.linux-aarch64/wheel/lmcache/v1/mp_coordinator/views
copying build/lib/lmcache/v1/mp_coordinator/views/base.py -> build/bdist.linux-aarch64/wheel/./lmcache/v1/mp_coordinator/views
copying build/lib/lmcache/v1/mp_coordinator/views/key_directory.py -> build/bdist.linux-aarch64/wheel/./lmcache/v1/mp_coordinator/views
copying build/lib/lmcache/v1/mp_coordinator/views/server_config.py -> build/bdist.linux-aarch64/wheel/./lmcache/v1/mp_coordinator/views
copying build/lib/lmcache/v1/mp_coordinator/views/__init__.py -> build/bdist.linux-aarch64/wheel/./lmcache/v1/mp_coordinator/views
copying build/lib/lmcache/v1/mp_coordinator/views/usage_manager.py -> build/bdist.linux-aarch64/wheel/./lmcache/v1/mp_coordinator/views
creating build/bdist.linux-aarch64/wheel/lmcache/v1/server
creating build/bdist.linux-aarch64/wheel/lmcache/v1/server/storage_backend
copying build/lib/lmcache/v1/server/storage_backend/abstract_backend.py -> build/bdist.linux-aarch64/wheel/./lmcache/v1/server/storage_backend
copying build/lib/lmcache/v1/server/storage_backend/local_backend.py -> build/bdist.linux-aarch64/wheel/./lmcache/v1/server/storage_backend
copying build/lib/lmcache/v1/server/storage_backend/__init__.py -> build/bdist.linux-aarch64/wheel/./lmcache/v1/server/storage_backend
copying build/lib/lmcache/v1/server/utils.py -> build/bdist.linux-aarch64/wheel/./lmcache/v1/server
copying build/lib/lmcache/v1/server/__main__.py -> build/bdist.linux-aarch64/wheel/./lmcache/v1/server
copying build/lib/lmcache/v1/server/__init__.py -> build/bdist.linux-aarch64/wheel/./lmcache/v1/server
copying build/lib/lmcache/v1/config_base.py -> build/bdist.linux-aarch64/wheel/./lmcache/v1
creating build/bdist.linux-aarch64/wheel/lmcache/v1/multiprocess
copying build/lib/lmcache/v1/multiprocess/session.py -> build/bdist.linux-aarch64/wheel/./lmcache/v1/multiprocess
copying build/lib/lmcache/v1/multiprocess/native_completion.py -> build/bdist.linux-aarch64/wheel/./lmcache/v1/multiprocess
creating build/bdist.linux-aarch64/wheel/lmcache/v1/multiprocess/protocols
copying build/lib/lmcache/v1/multiprocess/protocols/controller.py -> build/bdist.linux-aarch64/wheel/./lmcache/v1/multiprocess/protocols
copying build/lib/lmcache/v1/multiprocess/protocols/blend.py -> build/bdist.linux-aarch64/wheel/./lmcache/v1/multiprocess/protocols
copying build/lib/lmcache/v1/multiprocess/protocols/engine.py -> build/bdist.linux-aarch64/wheel/./lmcache/v1/multiprocess/protocols
copying build/lib/lmcache/v1/multiprocess/protocols/base.py -> build/bdist.linux-aarch64/wheel/./lmcache/v1/multiprocess/protocols
copying build/lib/lmcache/v1/multiprocess/protocols/checkpoint.py -> build/bdist.linux-aarch64/wheel/./lmcache/v1/multiprocess/protocols
copying build/lib/lmcache/v1/multiprocess/protocols/debug.py -> build/bdist.linux-aarch64/wheel/./lmcache/v1/multiprocess/protocols
copying build/lib/lmcache/v1/multiprocess/protocols/__init__.py -> build/bdist.linux-aarch64/wheel/./lmcache/v1/multiprocess/protocols
copying build/lib/lmcache/v1/multiprocess/protocols/observability.py -> build/bdist.linux-aarch64/wheel/./lmcache/v1/multiprocess/protocols
copying build/lib/lmcache/v1/multiprocess/protocols/p2p.py -> build/bdist.linux-aarch64/wheel/./lmcache/v1/multiprocess/protocols
copying build/lib/lmcache/v1/multiprocess/checkpoint_transfer.py -> build/bdist.linux-aarch64/wheel/./lmcache/v1/multiprocess
copying build/lib/lmcache/v1/multiprocess/server.py -> build/bdist.linux-aarch64/wheel/./lmcache/v1/multiprocess
copying build/lib/lmcache/v1/multiprocess/mq.py -> build/bdist.linux-aarch64/wheel/./lmcache/v1/multiprocess
copying build/lib/lmcache/v1/multiprocess/config.py -> build/bdist.linux-aarch64/wheel/./lmcache/v1/multiprocess
creating build/bdist.linux-aarch64/wheel/lmcache/v1/multiprocess/http_apis
copying build/lib/lmcache/v1/multiprocess/http_apis/dependencies.py -> build/bdist.linux-aarch64/wheel/./lmcache/v1/multiprocess/http_apis
copying build/lib/lmcache/v1/multiprocess/http_apis/schemas.py -> build/bdist.linux-aarch64/wheel/./lmcache/v1/multiprocess/http_apis
copying build/lib/lmcache/v1/multiprocess/http_apis/info_api.py -> build/bdist.linux-aarch64/wheel/./lmcache/v1/multiprocess/http_apis
copying build/lib/lmcache/v1/multiprocess/http_apis/error_handlers.py -> build/bdist.linux-aarch64/wheel/./lmcache/v1/multiprocess/http_apis
copying build/lib/lmcache/v1/multiprocess/http_apis/reconfigure_api.py -> build/bdist.linux-aarch64/wheel/./lmcache/v1/multiprocess/http_apis
copying build/lib/lmcache/v1/multiprocess/http_apis/common_api.py -> build/bdist.linux-aarch64/wheel/./lmcache/v1/multiprocess/http_apis
copying build/lib/lmcache/v1/multiprocess/http_apis/config_api.py -> build/bdist.linux-aarch64/wheel/./lmcache/v1/multiprocess/http_apis
copying build/lib/lmcache/v1/multiprocess/http_apis/cache_api.py -> build/bdist.linux-aarch64/wheel/./lmcache/v1/multiprocess/http_apis
copying build/lib/lmcache/v1/multiprocess/http_apis/__init__.py -> build/bdist.linux-aarch64/wheel/./lmcache/v1/multiprocess/http_apis
copying build/lib/lmcache/v1/multiprocess/http_apis/quota_api.py -> build/bdist.linux-aarch64/wheel/./lmcache/v1/multiprocess/http_apis
creating build/bdist.linux-aarch64/wheel/lmcache/v1/multiprocess/transfer_context
copying build/lib/lmcache/v1/multiprocess/transfer_context/worker_transfer.py -> build/bdist.linux-aarch64/wheel/./lmcache/v1/multiprocess/transfer_context
copying build/lib/lmcache/v1/multiprocess/transfer_context/base.py -> build/bdist.linux-aarch64/wheel/./lmcache/v1/multiprocess/transfer_context
copying build/lib/lmcache/v1/multiprocess/transfer_context/shm.py -> build/bdist.linux-aarch64/wheel/./lmcache/v1/multiprocess/transfer_context
copying build/lib/lmcache/v1/multiprocess/transfer_context/pickle.py -> build/bdist.linux-aarch64/wheel/./lmcache/v1/multiprocess/transfer_context
copying build/lib/lmcache/v1/multiprocess/transfer_context/__init__.py -> build/bdist.linux-aarch64/wheel/./lmcache/v1/multiprocess/transfer_context
copying build/lib/lmcache/v1/multiprocess/transfer_context/async_engine_driven.py -> build/bdist.linux-aarch64/wheel/./lmcache/v1/multiprocess/transfer_context
copying build/lib/lmcache/v1/multiprocess/http_api_registry.py -> build/bdist.linux-aarch64/wheel/./lmcache/v1/multiprocess
copying build/lib/lmcache/v1/multiprocess/checkpoint_identity.py -> build/bdist.linux-aarch64/wheel/./lmcache/v1/multiprocess
copying build/lib/lmcache/v1/multiprocess/token_hasher.py -> build/bdist.linux-aarch64/wheel/./lmcache/v1/multiprocess
copying build/lib/lmcache/v1/multiprocess/affinity_pool.py -> build/bdist.linux-aarch64/wheel/./lmcache/v1/multiprocess
copying build/lib/lmcache/v1/multiprocess/engine_module.py -> build/bdist.linux-aarch64/wheel/./lmcache/v1/multiprocess
copying build/lib/lmcache/v1/multiprocess/custom_types.py -> build/bdist.linux-aarch64/wheel/./lmcache/v1/multiprocess
creating build/bdist.linux-aarch64/wheel/lmcache/v1/multiprocess/cache_control
copying build/lib/lmcache/v1/multiprocess/cache_control/object_service.py -> build/bdist.linux-aarch64/wheel/./lmcache/v1/multiprocess/cache_control
copying build/lib/lmcache/v1/multiprocess/cache_control/prefetch_service.py -> build/bdist.linux-aarch64/wheel/./lmcache/v1/multiprocess/cache_control
copying build/lib/lmcache/v1/multiprocess/cache_control/key_resolver.py -> build/bdist.linux-aarch64/wheel/./lmcache/v1/multiprocess/cache_control
copying build/lib/lmcache/v1/multiprocess/cache_control/errors.py -> build/bdist.linux-aarch64/wheel/./lmcache/v1/multiprocess/cache_control
copying build/lib/lmcache/v1/multiprocess/cache_control/__init__.py -> build/bdist.linux-aarch64/wheel/./lmcache/v1/multiprocess/cache_control
copying build/lib/lmcache/v1/multiprocess/mp_runtime_plugin_launcher.py -> build/bdist.linux-aarch64/wheel/./lmcache/v1/multiprocess
copying build/lib/lmcache/v1/multiprocess/engine_context.py -> build/bdist.linux-aarch64/wheel/./lmcache/v1/multiprocess
creating build/bdist.linux-aarch64/wheel/lmcache/v1/multiprocess/modules
copying build/lib/lmcache/v1/multiprocess/modules/lmcache_driven_transfer.py -> build/bdist.linux-aarch64/wheel/./lmcache/v1/multiprocess/modules
copying build/lib/lmcache/v1/multiprocess/modules/blend.py -> build/bdist.linux-aarch64/wheel/./lmcache/v1/multiprocess/modules
copying build/lib/lmcache/v1/multiprocess/modules/management.py -> build/bdist.linux-aarch64/wheel/./lmcache/v1/multiprocess/modules
copying build/lib/lmcache/v1/multiprocess/modules/checkpoint.py -> build/bdist.linux-aarch64/wheel/./lmcache/v1/multiprocess/modules
copying build/lib/lmcache/v1/multiprocess/modules/p2p_controller.py -> build/bdist.linux-aarch64/wheel/./lmcache/v1/multiprocess/modules
creating build/bdist.linux-aarch64/wheel/lmcache/v1/multiprocess/modules/experimental
copying build/lib/lmcache/v1/multiprocess/modules/experimental/qstore.py -> build/bdist.linux-aarch64/wheel/./lmcache/v1/multiprocess/modules/experimental
copying build/lib/lmcache/v1/multiprocess/modules/experimental/__init__.py -> build/bdist.linux-aarch64/wheel/./lmcache/v1/multiprocess/modules/experimental
copying build/lib/lmcache/v1/multiprocess/modules/server_transfer.py -> build/bdist.linux-aarch64/wheel/./lmcache/v1/multiprocess/modules
copying build/lib/lmcache/v1/multiprocess/modules/lookup.py -> build/bdist.linux-aarch64/wheel/./lmcache/v1/multiprocess/modules
copying build/lib/lmcache/v1/multiprocess/modules/__init__.py -> build/bdist.linux-aarch64/wheel/./lmcache/v1/multiprocess/modules
copying build/lib/lmcache/v1/multiprocess/modules/engine_driven_transfer.py -> build/bdist.linux-aarch64/wheel/./lmcache/v1/multiprocess/modules
copying build/lib/lmcache/v1/multiprocess/http_server.py -> build/bdist.linux-aarch64/wheel/./lmcache/v1/multiprocess
copying build/lib/lmcache/v1/multiprocess/posix_shm.py -> build/bdist.linux-aarch64/wheel/./lmcache/v1/multiprocess
copying build/lib/lmcache/v1/multiprocess/protocol.py -> build/bdist.linux-aarch64/wheel/./lmcache/v1/multiprocess
copying build/lib/lmcache/v1/multiprocess/checkpoint_index.py -> build/bdist.linux-aarch64/wheel/./lmcache/v1/multiprocess
copying build/lib/lmcache/v1/multiprocess/__init__.py -> build/bdist.linux-aarch64/wheel/./lmcache/v1/multiprocess
copying build/lib/lmcache/v1/multiprocess/group_view.py -> build/bdist.linux-aarch64/wheel/./lmcache/v1/multiprocess
copying build/lib/lmcache/v1/multiprocess/warm_prefetch.py -> build/bdist.linux-aarch64/wheel/./lmcache/v1/multiprocess
copying build/lib/lmcache/v1/multiprocess/checkpoint_storage.py -> build/bdist.linux-aarch64/wheel/./lmcache/v1/multiprocess
copying build/lib/lmcache/v1/multiprocess/futures.py -> build/bdist.linux-aarch64/wheel/./lmcache/v1/multiprocess
creating build/bdist.linux-aarch64/wheel/lmcache/v1/check
copying build/lib/lmcache/v1/check/check_mode_test_remote.py -> build/bdist.linux-aarch64/wheel/./lmcache/v1/check
copying build/lib/lmcache/v1/check/check_mode_test_l2_adapter.py -> build/bdist.linux-aarch64/wheel/./lmcache/v1/check
copying build/lib/lmcache/v1/check/check_mode_gen.py -> build/bdist.linux-aarch64/wheel/./lmcache/v1/check
copying build/lib/lmcache/v1/check/utils.py -> build/bdist.linux-aarch64/wheel/./lmcache/v1/check
copying build/lib/lmcache/v1/check/__init__.py -> build/bdist.linux-aarch64/wheel/./lmcache/v1/check
copying build/lib/lmcache/v1/check/check_mode_test_storage_manager.py -> build/bdist.linux-aarch64/wheel/./lmcache/v1/check
copying build/lib/lmcache/v1/kv_layer_groups.py -> build/bdist.linux-aarch64/wheel/./lmcache/v1
copying build/lib/lmcache/v1/hidden_state_store.py -> build/bdist.linux-aarch64/wheel/./lmcache/v1
creating build/bdist.linux-aarch64/wheel/lmcache/v1/exceptions
copying build/lib/lmcache/v1/exceptions/__init__.py -> build/bdist.linux-aarch64/wheel/./lmcache/v1/exceptions
creating build/bdist.linux-aarch64/wheel/lmcache/v1/platform
creating build/bdist.linux-aarch64/wheel/lmcache/v1/platform/cpu
copying build/lib/lmcache/v1/platform/cpu/shm.py -> build/bdist.linux-aarch64/wheel/./lmcache/v1/platform/cpu
copying build/lib/lmcache/v1/platform/cpu/stub_cpu_device.py -> build/bdist.linux-aarch64/wheel/./lmcache/v1/platform/cpu
copying build/lib/lmcache/v1/platform/cpu/device_ops.py -> build/bdist.linux-aarch64/wheel/./lmcache/v1/platform/cpu
copying build/lib/lmcache/v1/platform/cpu/cache_context.py -> build/bdist.linux-aarch64/wheel/./lmcache/v1/platform/cpu
copying build/lib/lmcache/v1/platform/cpu/__init__.py -> build/bdist.linux-aarch64/wheel/./lmcache/v1/platform/cpu
copying build/lib/lmcache/v1/platform/_device_detect.py -> build/bdist.linux-aarch64/wheel/./lmcache/v1/platform
creating build/bdist.linux-aarch64/wheel/lmcache/v1/platform/base
copying build/lib/lmcache/v1/platform/base/event_ipc.py -> build/bdist.linux-aarch64/wheel/./lmcache/v1/platform/base
copying build/lib/lmcache/v1/platform/base/ipc_wrapper.py -> build/bdist.linux-aarch64/wheel/./lmcache/v1/platform/base
copying build/lib/lmcache/v1/platform/base/pin_memory.py -> build/bdist.linux-aarch64/wheel/./lmcache/v1/platform/base
copying build/lib/lmcache/v1/platform/base/device_ops.py -> build/bdist.linux-aarch64/wheel/./lmcache/v1/platform/base
copying build/lib/lmcache/v1/platform/base/cache_context.py -> build/bdist.linux-aarch64/wheel/./lmcache/v1/platform/base
copying build/lib/lmcache/v1/platform/base/__init__.py -> build/bdist.linux-aarch64/wheel/./lmcache/v1/platform/base
copying build/lib/lmcache/v1/platform/base/device_spec.py -> build/bdist.linux-aarch64/wheel/./lmcache/v1/platform/base
creating build/bdist.linux-aarch64/wheel/lmcache/v1/platform/rbln
copying build/lib/lmcache/v1/platform/rbln/kv_layout.py -> build/bdist.linux-aarch64/wheel/./lmcache/v1/platform/rbln
copying build/lib/lmcache/v1/platform/rbln/kv_ops.py -> build/bdist.linux-aarch64/wheel/./lmcache/v1/platform/rbln
copying build/lib/lmcache/v1/platform/rbln/device_ops.py -> build/bdist.linux-aarch64/wheel/./lmcache/v1/platform/rbln
copying build/lib/lmcache/v1/platform/rbln/__init__.py -> build/bdist.linux-aarch64/wheel/./lmcache/v1/platform/rbln
creating build/bdist.linux-aarch64/wheel/lmcache/v1/platform/cuda
copying build/lib/lmcache/v1/platform/cuda/cumem_ipc.py -> build/bdist.linux-aarch64/wheel/./lmcache/v1/platform/cuda
copying build/lib/lmcache/v1/platform/cuda/ipc_wrapper.py -> build/bdist.linux-aarch64/wheel/./lmcache/v1/platform/cuda
copying build/lib/lmcache/v1/platform/cuda/timeline_semaphore_event_ipc.py -> build/bdist.linux-aarch64/wheel/./lmcache/v1/platform/cuda
copying build/lib/lmcache/v1/platform/cuda/pin_memory.py -> build/bdist.linux-aarch64/wheel/./lmcache/v1/platform/cuda
copying build/lib/lmcache/v1/platform/cuda/device_ops.py -> build/bdist.linux-aarch64/wheel/./lmcache/v1/platform/cuda
copying build/lib/lmcache/v1/platform/cuda/utils.py -> build/bdist.linux-aarch64/wheel/./lmcache/v1/platform/cuda
copying build/lib/lmcache/v1/platform/cuda/cache_context.py -> build/bdist.linux-aarch64/wheel/./lmcache/v1/platform/cuda
copying build/lib/lmcache/v1/platform/cuda/__init__.py -> build/bdist.linux-aarch64/wheel/./lmcache/v1/platform/cuda
creating build/bdist.linux-aarch64/wheel/lmcache/v1/platform/rocm
copying build/lib/lmcache/v1/platform/rocm/__init__.py -> build/bdist.linux-aarch64/wheel/./lmcache/v1/platform/rocm
creating build/bdist.linux-aarch64/wheel/lmcache/v1/platform/hpu
copying build/lib/lmcache/v1/platform/hpu/device_ops.py -> build/bdist.linux-aarch64/wheel/./lmcache/v1/platform/hpu
copying build/lib/lmcache/v1/platform/hpu/__init__.py -> build/bdist.linux-aarch64/wheel/./lmcache/v1/platform/hpu
copying build/lib/lmcache/v1/platform/event_notifier.py -> build/bdist.linux-aarch64/wheel/./lmcache/v1/platform
creating build/bdist.linux-aarch64/wheel/lmcache/v1/platform/xpu
copying build/lib/lmcache/v1/platform/xpu/device_ops.py -> build/bdist.linux-aarch64/wheel/./lmcache/v1/platform/xpu
copying build/lib/lmcache/v1/platform/xpu/__init__.py -> build/bdist.linux-aarch64/wheel/./lmcache/v1/platform/xpu
copying build/lib/lmcache/v1/platform/ops_types.py -> build/bdist.linux-aarch64/wheel/./lmcache/v1/platform
copying build/lib/lmcache/v1/platform/isolated_ipc.py -> build/bdist.linux-aarch64/wheel/./lmcache/v1/platform
copying build/lib/lmcache/v1/platform/kv_wrap.py -> build/bdist.linux-aarch64/wheel/./lmcache/v1/platform
copying build/lib/lmcache/v1/platform/torch_ops.py -> build/bdist.linux-aarch64/wheel/./lmcache/v1/platform
creating build/bdist.linux-aarch64/wheel/lmcache/v1/platform/musa
copying build/lib/lmcache/v1/platform/musa/event_ipc.py -> build/bdist.linux-aarch64/wheel/./lmcache/v1/platform/musa
copying build/lib/lmcache/v1/platform/musa/ipc_wrapper.py -> build/bdist.linux-aarch64/wheel/./lmcache/v1/platform/musa
copying build/lib/lmcache/v1/platform/musa/pin_memory.py -> build/bdist.linux-aarch64/wheel/./lmcache/v1/platform/musa
copying build/lib/lmcache/v1/platform/musa/device_ops.py -> build/bdist.linux-aarch64/wheel/./lmcache/v1/platform/musa
copying build/lib/lmcache/v1/platform/musa/cache_context.py -> build/bdist.linux-aarch64/wheel/./lmcache/v1/platform/musa
copying build/lib/lmcache/v1/platform/musa/__init__.py -> build/bdist.linux-aarch64/wheel/./lmcache/v1/platform/musa
copying build/lib/lmcache/v1/platform/musa/tensor_from_ptr.py -> build/bdist.linux-aarch64/wheel/./lmcache/v1/platform/musa
copying build/lib/lmcache/v1/platform/musa/native_kv_transfer.py -> build/bdist.linux-aarch64/wheel/./lmcache/v1/platform/musa
creating build/bdist.linux-aarch64/wheel/lmcache/v1/platform/npu
copying build/lib/lmcache/v1/platform/npu/device_ops.py -> build/bdist.linux-aarch64/wheel/./lmcache/v1/platform/npu
copying build/lib/lmcache/v1/platform/npu/__init__.py -> build/bdist.linux-aarch64/wheel/./lmcache/v1/platform/npu
copying build/lib/lmcache/v1/platform/cache_context.py -> build/bdist.linux-aarch64/wheel/./lmcache/v1/platform
copying build/lib/lmcache/v1/platform/__init__.py -> build/bdist.linux-aarch64/wheel/./lmcache/v1/platform
creating build/bdist.linux-aarch64/wheel/lmcache/v1/platform/neuron
copying build/lib/lmcache/v1/platform/neuron/__init__.py -> build/bdist.linux-aarch64/wheel/./lmcache/v1/platform/neuron
creating build/bdist.linux-aarch64/wheel/lmcache/v1/rpc
copying build/lib/lmcache/v1/rpc/transport.py -> build/bdist.linux-aarch64/wheel/./lmcache/v1/rpc
copying build/lib/lmcache/v1/rpc/zmq_transport.py -> build/bdist.linux-aarch64/wheel/./lmcache/v1/rpc
copying build/lib/lmcache/v1/rpc/__init__.py -> build/bdist.linux-aarch64/wheel/./lmcache/v1/rpc
copying build/lib/lmcache/v1/periodic_thread.py -> build/bdist.linux-aarch64/wheel/./lmcache/v1
copying build/lib/lmcache/v1/event_manager.py -> build/bdist.linux-aarch64/wheel/./lmcache/v1
copying build/lib/lmcache/v1/metadata.py -> build/bdist.linux-aarch64/wheel/./lmcache/v1
copying build/lib/lmcache/v1/cache_engine.py -> build/bdist.linux-aarch64/wheel/./lmcache/v1
copying build/lib/lmcache/v1/protocol.py -> build/bdist.linux-aarch64/wheel/./lmcache/v1
copying build/lib/lmcache/v1/__init__.py -> build/bdist.linux-aarch64/wheel/./lmcache/v1
copying build/lib/lmcache/v1/system_detection.py -> build/bdist.linux-aarch64/wheel/./lmcache/v1
creating build/bdist.linux-aarch64/wheel/lmcache/v1/internal_api_server
creating build/bdist.linux-aarch64/wheel/lmcache/v1/internal_api_server/vllm
copying build/lib/lmcache/v1/internal_api_server/vllm/bypass_api.py -> build/bdist.linux-aarch64/wheel/./lmcache/v1/internal_api_server/vllm
copying build/lib/lmcache/v1/internal_api_server/vllm/inference_api.py -> build/bdist.linux-aarch64/wheel/./lmcache/v1/internal_api_server/vllm
copying build/lib/lmcache/v1/internal_api_server/vllm/conf_api.py -> build/bdist.linux-aarch64/wheel/./lmcache/v1/internal_api_server/vllm
copying build/lib/lmcache/v1/internal_api_server/vllm/freeze_api.py -> build/bdist.linux-aarch64/wheel/./lmcache/v1/internal_api_server/vllm
copying build/lib/lmcache/v1/internal_api_server/vllm/load_fs_chunks_api.py -> build/bdist.linux-aarch64/wheel/./lmcache/v1/internal_api_server/vllm
copying build/lib/lmcache/v1/internal_api_server/vllm/backend_api.py -> build/bdist.linux-aarch64/wheel/./lmcache/v1/internal_api_server/vllm
copying build/lib/lmcache/v1/internal_api_server/vllm/hot_cache_api.py -> build/bdist.linux-aarch64/wheel/./lmcache/v1/internal_api_server/vllm
copying build/lib/lmcache/v1/internal_api_server/vllm/lookup_api.py -> build/bdist.linux-aarch64/wheel/./lmcache/v1/internal_api_server/vllm
copying build/lib/lmcache/v1/internal_api_server/vllm/cache_api.py -> build/bdist.linux-aarch64/wheel/./lmcache/v1/internal_api_server/vllm
copying build/lib/lmcache/v1/internal_api_server/vllm/chunk_statistics_api.py -> build/bdist.linux-aarch64/wheel/./lmcache/v1/internal_api_server/vllm
copying build/lib/lmcache/v1/internal_api_server/vllm/__init__.py -> build/bdist.linux-aarch64/wheel/./lmcache/v1/internal_api_server/vllm
copying build/lib/lmcache/v1/internal_api_server/vllm/version_api.py -> build/bdist.linux-aarch64/wheel/./lmcache/v1/internal_api_server/vllm
copying build/lib/lmcache/v1/internal_api_server/api_server.py -> build/bdist.linux-aarch64/wheel/./lmcache/v1/internal_api_server
creating build/bdist.linux-aarch64/wheel/lmcache/v1/internal_api_server/common
copying build/lib/lmcache/v1/internal_api_server/common/metrics_api.py -> build/bdist.linux-aarch64/wheel/./lmcache/v1/internal_api_server/common
copying build/lib/lmcache/v1/internal_api_server/common/env_api.py -> build/bdist.linux-aarch64/wheel/./lmcache/v1/internal_api_server/common
copying build/lib/lmcache/v1/internal_api_server/common/periodic_thread_api.py -> build/bdist.linux-aarch64/wheel/./lmcache/v1/internal_api_server/common
copying build/lib/lmcache/v1/internal_api_server/common/thread_api.py -> build/bdist.linux-aarch64/wheel/./lmcache/v1/internal_api_server/common
copying build/lib/lmcache/v1/internal_api_server/common/run_script_api.py -> build/bdist.linux-aarch64/wheel/./lmcache/v1/internal_api_server/common
copying build/lib/lmcache/v1/internal_api_server/common/__init__.py -> build/bdist.linux-aarch64/wheel/./lmcache/v1/internal_api_server/common
copying build/lib/lmcache/v1/internal_api_server/common/loglevel_api.py -> build/bdist.linux-aarch64/wheel/./lmcache/v1/internal_api_server/common
copying build/lib/lmcache/v1/internal_api_server/utils.py -> build/bdist.linux-aarch64/wheel/./lmcache/v1/internal_api_server
copying build/lib/lmcache/v1/internal_api_server/__init__.py -> build/bdist.linux-aarch64/wheel/./lmcache/v1/internal_api_server
copying build/lib/lmcache/v1/internal_api_server/api_registry.py -> build/bdist.linux-aarch64/wheel/./lmcache/v1/internal_api_server
creating build/bdist.linux-aarch64/wheel/lmcache/v1/internal_api_server/controller
copying build/lib/lmcache/v1/internal_api_server/controller/worker_info_api.py -> build/bdist.linux-aarch64/wheel/./lmcache/v1/internal_api_server/controller
copying build/lib/lmcache/v1/internal_api_server/controller/key_stats_api.py -> build/bdist.linux-aarch64/wheel/./lmcache/v1/internal_api_server/controller
copying build/lib/lmcache/v1/internal_api_server/controller/__init__.py -> build/bdist.linux-aarch64/wheel/./lmcache/v1/internal_api_server/controller
creating build/bdist.linux-aarch64/wheel/lmcache/v1/standalone
copying build/lib/lmcache/v1/standalone/standalone_service_factory.py -> build/bdist.linux-aarch64/wheel/./lmcache/v1/standalone
copying build/lib/lmcache/v1/standalone/__main__.py -> build/bdist.linux-aarch64/wheel/./lmcache/v1/standalone
copying build/lib/lmcache/v1/standalone/__init__.py -> build/bdist.linux-aarch64/wheel/./lmcache/v1/standalone
copying build/lib/lmcache/v1/standalone/manager.py -> build/bdist.linux-aarch64/wheel/./lmcache/v1/standalone
copying build/lib/lmcache/v1/basic_check.py -> build/bdist.linux-aarch64/wheel/./lmcache/v1
copying build/lib/lmcache/v1/manager.py -> build/bdist.linux-aarch64/wheel/./lmcache/v1
creating build/bdist.linux-aarch64/wheel/lmcache/v1/distributed
copying build/lib/lmcache/v1/distributed/admission.py -> build/bdist.linux-aarch64/wheel/./lmcache/v1/distributed
copying build/lib/lmcache/v1/distributed/eviction.py -> build/bdist.linux-aarch64/wheel/./lmcache/v1/distributed
creating build/bdist.linux-aarch64/wheel/lmcache/v1/distributed/transfer_channel
copying build/lib/lmcache/v1/distributed/transfer_channel/factory.py -> build/bdist.linux-aarch64/wheel/./lmcache/v1/distributed/transfer_channel
creating build/bdist.linux-aarch64/wheel/lmcache/v1/distributed/transfer_channel/impl
copying build/lib/lmcache/v1/distributed/transfer_channel/impl/nixl_impl.py -> build/bdist.linux-aarch64/wheel/./lmcache/v1/distributed/transfer_channel/impl
copying build/lib/lmcache/v1/distributed/transfer_channel/impl/mooncake_te_impl.py -> build/bdist.linux-aarch64/wheel/./lmcache/v1/distributed/transfer_channel/impl
copying build/lib/lmcache/v1/distributed/transfer_channel/impl/__init__.py -> build/bdist.linux-aarch64/wheel/./lmcache/v1/distributed/transfer_channel/impl
copying build/lib/lmcache/v1/distributed/transfer_channel/abstract.py -> build/bdist.linux-aarch64/wheel/./lmcache/v1/distributed/transfer_channel
copying build/lib/lmcache/v1/distributed/transfer_channel/api.py -> build/bdist.linux-aarch64/wheel/./lmcache/v1/distributed/transfer_channel
copying build/lib/lmcache/v1/distributed/transfer_channel/__init__.py -> build/bdist.linux-aarch64/wheel/./lmcache/v1/distributed/transfer_channel
creating build/bdist.linux-aarch64/wheel/lmcache/v1/distributed/bitmap_ops
copying build/lib/lmcache/v1/distributed/bitmap_ops/fold.py -> build/bdist.linux-aarch64/wheel/./lmcache/v1/distributed/bitmap_ops
copying build/lib/lmcache/v1/distributed/bitmap_ops/__init__.py -> build/bdist.linux-aarch64/wheel/./lmcache/v1/distributed/bitmap_ops
copying build/lib/lmcache/v1/distributed/config.py -> build/bdist.linux-aarch64/wheel/./lmcache/v1/distributed
creating build/bdist.linux-aarch64/wheel/lmcache/v1/distributed/memory_manager
copying build/lib/lmcache/v1/distributed/memory_manager/gds_l1_memory_manager.py -> build/bdist.linux-aarch64/wheel/./lmcache/v1/distributed/memory_manager
copying build/lib/lmcache/v1/distributed/memory_manager/l1_manager_protocol.py -> build/bdist.linux-aarch64/wheel/./lmcache/v1/distributed/memory_manager
copying build/lib/lmcache/v1/distributed/memory_manager/__init__.py -> build/bdist.linux-aarch64/wheel/./lmcache/v1/distributed/memory_manager
copying build/lib/lmcache/v1/distributed/memory_manager/l1_memory_manager.py -> build/bdist.linux-aarch64/wheel/./lmcache/v1/distributed/memory_manager
copying build/lib/lmcache/v1/distributed/memory_manager/devdax_l1_memory_manager.py -> build/bdist.linux-aarch64/wheel/./lmcache/v1/distributed/memory_manager
creating build/bdist.linux-aarch64/wheel/lmcache/v1/distributed/serde
copying build/lib/lmcache/v1/distributed/serde/aesgcm.py -> build/bdist.linux-aarch64/wheel/./lmcache/v1/distributed/serde
copying build/lib/lmcache/v1/distributed/serde/multi.py -> build/bdist.linux-aarch64/wheel/./lmcache/v1/distributed/serde
copying build/lib/lmcache/v1/distributed/serde/asym_k16_v8.py -> build/bdist.linux-aarch64/wheel/./lmcache/v1/distributed/serde
copying build/lib/lmcache/v1/distributed/serde/fp8.py -> build/bdist.linux-aarch64/wheel/./lmcache/v1/distributed/serde
creating build/bdist.linux-aarch64/wheel/lmcache/v1/distributed/serde/turboquant
copying build/lib/lmcache/v1/distributed/serde/turboquant/turboquant.py -> build/bdist.linux-aarch64/wheel/./lmcache/v1/distributed/serde/turboquant
copying build/lib/lmcache/v1/distributed/serde/turboquant/decode_kernel.py -> build/bdist.linux-aarch64/wheel/./lmcache/v1/distributed/serde/turboquant
copying build/lib/lmcache/v1/distributed/serde/turboquant/store_kernel.py -> build/bdist.linux-aarch64/wheel/./lmcache/v1/distributed/serde/turboquant
copying build/lib/lmcache/v1/distributed/serde/turboquant/__init__.py -> build/bdist.linux-aarch64/wheel/./lmcache/v1/distributed/serde/turboquant
copying build/lib/lmcache/v1/distributed/serde/base.py -> build/bdist.linux-aarch64/wheel/./lmcache/v1/distributed/serde
copying build/lib/lmcache/v1/distributed/serde/factory.py -> build/bdist.linux-aarch64/wheel/./lmcache/v1/distributed/serde
copying build/lib/lmcache/v1/distributed/serde/key_provider.py -> build/bdist.linux-aarch64/wheel/./lmcache/v1/distributed/serde
copying build/lib/lmcache/v1/distributed/serde/async_processor.py -> build/bdist.linux-aarch64/wheel/./lmcache/v1/distributed/serde
copying build/lib/lmcache/v1/distributed/serde/utils.py -> build/bdist.linux-aarch64/wheel/./lmcache/v1/distributed/serde
copying build/lib/lmcache/v1/distributed/serde/__init__.py -> build/bdist.linux-aarch64/wheel/./lmcache/v1/distributed/serde
copying build/lib/lmcache/v1/distributed/storage_manager.py -> build/bdist.linux-aarch64/wheel/./lmcache/v1/distributed
copying build/lib/lmcache/v1/distributed/l1_manager.py -> build/bdist.linux-aarch64/wheel/./lmcache/v1/distributed
copying build/lib/lmcache/v1/distributed/internal_api.py -> build/bdist.linux-aarch64/wheel/./lmcache/v1/distributed
copying build/lib/lmcache/v1/distributed/quota_manager.py -> build/bdist.linux-aarch64/wheel/./lmcache/v1/distributed
copying build/lib/lmcache/v1/distributed/error.py -> build/bdist.linux-aarch64/wheel/./lmcache/v1/distributed
copying build/lib/lmcache/v1/distributed/api.py -> build/bdist.linux-aarch64/wheel/./lmcache/v1/distributed
creating build/bdist.linux-aarch64/wheel/lmcache/v1/distributed/l2_adapters
copying build/lib/lmcache/v1/distributed/l2_adapters/s3_l2_adapter.py -> build/bdist.linux-aarch64/wheel/./lmcache/v1/distributed/l2_adapters
copying build/lib/lmcache/v1/distributed/l2_adapters/nixl_store_dynamic_l2_adapter.py -> build/bdist.linux-aarch64/wheel/./lmcache/v1/distributed/l2_adapters
copying build/lib/lmcache/v1/distributed/l2_adapters/bigtable_key_encoder.py -> build/bdist.linux-aarch64/wheel/./lmcache/v1/distributed/l2_adapters
copying build/lib/lmcache/v1/distributed/l2_adapters/plugin_l2_adapter.py -> build/bdist.linux-aarch64/wheel/./lmcache/v1/distributed/l2_adapters
copying build/lib/lmcache/v1/distributed/l2_adapters/config.py -> build/bdist.linux-aarch64/wheel/./lmcache/v1/distributed/l2_adapters
copying build/lib/lmcache/v1/distributed/l2_adapters/dax_l2_adapter.py -> build/bdist.linux-aarch64/wheel/./lmcache/v1/distributed/l2_adapters
copying build/lib/lmcache/v1/distributed/l2_adapters/valkey_l2_adapter.py -> build/bdist.linux-aarch64/wheel/./lmcache/v1/distributed/l2_adapters
copying build/lib/lmcache/v1/distributed/l2_adapters/resp_l2_adapter.py -> build/bdist.linux-aarch64/wheel/./lmcache/v1/distributed/l2_adapters
copying build/lib/lmcache/v1/distributed/l2_adapters/nixl_store_l2_adapter.py -> build/bdist.linux-aarch64/wheel/./lmcache/v1/distributed/l2_adapters
copying build/lib/lmcache/v1/distributed/l2_adapters/base.py -> build/bdist.linux-aarch64/wheel/./lmcache/v1/distributed/l2_adapters
copying build/lib/lmcache/v1/distributed/l2_adapters/p2p_l2_adapter.py -> build/bdist.linux-aarch64/wheel/./lmcache/v1/distributed/l2_adapters
copying build/lib/lmcache/v1/distributed/l2_adapters/fs_l2_adapter.py -> build/bdist.linux-aarch64/wheel/./lmcache/v1/distributed/l2_adapters
copying build/lib/lmcache/v1/distributed/l2_adapters/factory.py -> build/bdist.linux-aarch64/wheel/./lmcache/v1/distributed/l2_adapters
copying build/lib/lmcache/v1/distributed/l2_adapters/raw_block_l2_adapter.py -> build/bdist.linux-aarch64/wheel/./lmcache/v1/distributed/l2_adapters
copying build/lib/lmcache/v1/distributed/l2_adapters/native_plugin_l2_adapter.py -> build/bdist.linux-aarch64/wheel/./lmcache/v1/distributed/l2_adapters
copying build/lib/lmcache/v1/distributed/l2_adapters/native_connector_l2_adapter.py -> build/bdist.linux-aarch64/wheel/./lmcache/v1/distributed/l2_adapters
copying build/lib/lmcache/v1/distributed/l2_adapters/fault_inject_l2_adapter.py -> build/bdist.linux-aarch64/wheel/./lmcache/v1/distributed/l2_adapters
copying build/lib/lmcache/v1/distributed/l2_adapters/sagemaker_hyperpod_client.py -> build/bdist.linux-aarch64/wheel/./lmcache/v1/distributed/l2_adapters
copying build/lib/lmcache/v1/distributed/l2_adapters/reconfiguration.py -> build/bdist.linux-aarch64/wheel/./lmcache/v1/distributed/l2_adapters
copying build/lib/lmcache/v1/distributed/l2_adapters/mooncake_store_l2_adapter.py -> build/bdist.linux-aarch64/wheel/./lmcache/v1/distributed/l2_adapters
copying build/lib/lmcache/v1/distributed/l2_adapters/fs_native_l2_adapter.py -> build/bdist.linux-aarch64/wheel/./lmcache/v1/distributed/l2_adapters
copying build/lib/lmcache/v1/distributed/l2_adapters/__init__.py -> build/bdist.linux-aarch64/wheel/./lmcache/v1/distributed/l2_adapters
copying build/lib/lmcache/v1/distributed/l2_adapters/mock_l2_adapter.py -> build/bdist.linux-aarch64/wheel/./lmcache/v1/distributed/l2_adapters
copying build/lib/lmcache/v1/distributed/l2_adapters/sagemaker_hyperpod_l2_adapter.py -> build/bdist.linux-aarch64/wheel/./lmcache/v1/distributed/l2_adapters
copying build/lib/lmcache/v1/distributed/l2_adapters/bigtable_l2_adapter.py -> build/bdist.linux-aarch64/wheel/./lmcache/v1/distributed/l2_adapters
copying build/lib/lmcache/v1/distributed/l2_adapters/hfbucket_l2_adapter.py -> build/bdist.linux-aarch64/wheel/./lmcache/v1/distributed/l2_adapters
creating build/bdist.linux-aarch64/wheel/lmcache/v1/distributed/l2_adapters/nixl_store_agents
copying build/lib/lmcache/v1/distributed/l2_adapters/nixl_store_agents/dynamic_nixl_store_agent.py -> build/bdist.linux-aarch64/wheel/./lmcache/v1/distributed/l2_adapters/nixl_store_agents
copying build/lib/lmcache/v1/distributed/l2_adapters/nixl_store_agents/file_dynamic_nixl_store_agent.py -> build/bdist.linux-aarch64/wheel/./lmcache/v1/distributed/l2_adapters/nixl_store_agents
copying build/lib/lmcache/v1/distributed/l2_adapters/nixl_store_agents/__init__.py -> build/bdist.linux-aarch64/wheel/./lmcache/v1/distributed/l2_adapters/nixl_store_agents
copying build/lib/lmcache/v1/distributed/l2_adapters/serde_wrapper.py -> build/bdist.linux-aarch64/wheel/./lmcache/v1/distributed/l2_adapters
copying build/lib/lmcache/v1/distributed/l2_adapters/aerospike_l2_adapter.py -> build/bdist.linux-aarch64/wheel/./lmcache/v1/distributed/l2_adapters
creating build/bdist.linux-aarch64/wheel/lmcache/v1/distributed/storage_controllers
copying build/lib/lmcache/v1/distributed/storage_controllers/prefetch_controller.py -> build/bdist.linux-aarch64/wheel/./lmcache/v1/distributed/storage_controllers
copying build/lib/lmcache/v1/distributed/storage_controllers/adapter_lifecycle.py -> build/bdist.linux-aarch64/wheel/./lmcache/v1/distributed/storage_controllers
copying build/lib/lmcache/v1/distributed/storage_controllers/eviction_controller.py -> build/bdist.linux-aarch64/wheel/./lmcache/v1/distributed/storage_controllers
copying build/lib/lmcache/v1/distributed/storage_controllers/store_controller.py -> build/bdist.linux-aarch64/wheel/./lmcache/v1/distributed/storage_controllers
copying build/lib/lmcache/v1/distributed/storage_controllers/prefetch_policy.py -> build/bdist.linux-aarch64/wheel/./lmcache/v1/distributed/storage_controllers
copying build/lib/lmcache/v1/distributed/storage_controllers/__init__.py -> build/bdist.linux-aarch64/wheel/./lmcache/v1/distributed/storage_controllers
copying build/lib/lmcache/v1/distributed/storage_controllers/store_policy.py -> build/bdist.linux-aarch64/wheel/./lmcache/v1/distributed/storage_controllers
creating build/bdist.linux-aarch64/wheel/lmcache/v1/distributed/eviction_policy
copying build/lib/lmcache/v1/distributed/eviction_policy/factory.py -> build/bdist.linux-aarch64/wheel/./lmcache/v1/distributed/eviction_policy
copying build/lib/lmcache/v1/distributed/eviction_policy/lru.py -> build/bdist.linux-aarch64/wheel/./lmcache/v1/distributed/eviction_policy
copying build/lib/lmcache/v1/distributed/eviction_policy/noop.py -> build/bdist.linux-aarch64/wheel/./lmcache/v1/distributed/eviction_policy
copying build/lib/lmcache/v1/distributed/eviction_policy/isolated_lru.py -> build/bdist.linux-aarch64/wheel/./lmcache/v1/distributed/eviction_policy
copying build/lib/lmcache/v1/distributed/eviction_policy/_selection.py -> build/bdist.linux-aarch64/wheel/./lmcache/v1/distributed/eviction_policy
copying build/lib/lmcache/v1/distributed/eviction_policy/__init__.py -> build/bdist.linux-aarch64/wheel/./lmcache/v1/distributed/eviction_policy
copying build/lib/lmcache/v1/distributed/storage_controller.py -> build/bdist.linux-aarch64/wheel/./lmcache/v1/distributed
copying build/lib/lmcache/v1/memory_management.py -> build/bdist.linux-aarch64/wheel/./lmcache/v1
creating build/bdist.linux-aarch64/wheel/lmcache/v1/health_monitor
creating build/bdist.linux-aarch64/wheel/lmcache/v1/health_monitor/checks
copying build/lib/lmcache/v1/health_monitor/checks/remote_backend_check.py -> build/bdist.linux-aarch64/wheel/./lmcache/v1/health_monitor/checks
copying build/lib/lmcache/v1/health_monitor/checks/__init__.py -> build/bdist.linux-aarch64/wheel/./lmcache/v1/health_monitor/checks
copying build/lib/lmcache/v1/health_monitor/base.py -> build/bdist.linux-aarch64/wheel/./lmcache/v1/health_monitor
copying build/lib/lmcache/v1/health_monitor/constants.py -> build/bdist.linux-aarch64/wheel/./lmcache/v1/health_monitor
copying build/lib/lmcache/v1/health_monitor/__init__.py -> build/bdist.linux-aarch64/wheel/./lmcache/v1/health_monitor
creating build/bdist.linux-aarch64/wheel/lmcache/v1/offload_server
copying build/lib/lmcache/v1/offload_server/message.py -> build/bdist.linux-aarch64/wheel/./lmcache/v1/offload_server
copying build/lib/lmcache/v1/offload_server/abstract_server.py -> build/bdist.linux-aarch64/wheel/./lmcache/v1/offload_server
copying build/lib/lmcache/v1/offload_server/__init__.py -> build/bdist.linux-aarch64/wheel/./lmcache/v1/offload_server
copying build/lib/lmcache/v1/offload_server/zmq_server.py -> build/bdist.linux-aarch64/wheel/./lmcache/v1/offload_server
copying build/lib/lmcache/banner.py -> build/bdist.linux-aarch64/wheel/./lmcache
copying build/lib/lmcache/lmcache_native.pyi -> build/bdist.linux-aarch64/wheel/./lmcache
creating build/bdist.linux-aarch64/wheel/lmcache/usage_telemetry
copying build/lib/lmcache/usage_telemetry/l2_usage.py -> build/bdist.linux-aarch64/wheel/./lmcache/usage_telemetry
copying build/lib/lmcache/usage_telemetry/context.py -> build/bdist.linux-aarch64/wheel/./lmcache/usage_telemetry
copying build/lib/lmcache/usage_telemetry/transport.py -> build/bdist.linux-aarch64/wheel/./lmcache/usage_telemetry
copying build/lib/lmcache/usage_telemetry/metric_specs.py -> build/bdist.linux-aarch64/wheel/./lmcache/usage_telemetry
copying build/lib/lmcache/usage_telemetry/messages.py -> build/bdist.linux-aarch64/wheel/./lmcache/usage_telemetry
copying build/lib/lmcache/usage_telemetry/env_probe.py -> build/bdist.linux-aarch64/wheel/./lmcache/usage_telemetry
copying build/lib/lmcache/usage_telemetry/guard.py -> build/bdist.linux-aarch64/wheel/./lmcache/usage_telemetry
copying build/lib/lmcache/usage_telemetry/continuous.py -> build/bdist.linux-aarch64/wheel/./lmcache/usage_telemetry
copying build/lib/lmcache/usage_telemetry/identity.py -> build/bdist.linux-aarch64/wheel/./lmcache/usage_telemetry
copying build/lib/lmcache/usage_telemetry/flush.py -> build/bdist.linux-aarch64/wheel/./lmcache/usage_telemetry
copying build/lib/lmcache/usage_telemetry/mp.py -> build/bdist.linux-aarch64/wheel/./lmcache/usage_telemetry
copying build/lib/lmcache/usage_telemetry/__init__.py -> build/bdist.linux-aarch64/wheel/./lmcache/usage_telemetry
copying build/lib/lmcache/usage_telemetry/mp_continuous.py -> build/bdist.linux-aarch64/wheel/./lmcache/usage_telemetry
copying build/lib/lmcache/usage_telemetry/l1_usage.py -> build/bdist.linux-aarch64/wheel/./lmcache/usage_telemetry
creating build/bdist.linux-aarch64/wheel/lmcache/lmcache_frontend
copying build/lib/lmcache/lmcache_frontend/run_mp_server_with_frontend.sh -> build/bdist.linux-aarch64/wheel/./lmcache/lmcache_frontend
copying build/lib/lmcache/lmcache_frontend/heartbeat.py -> build/bdist.linux-aarch64/wheel/./lmcache/lmcache_frontend
copying build/lib/lmcache/lmcache_frontend/app.py -> build/bdist.linux-aarch64/wheel/./lmcache/lmcache_frontend
creating build/bdist.linux-aarch64/wheel/lmcache/lmcache_frontend/static
creating build/bdist.linux-aarch64/wheel/lmcache/lmcache_frontend/static/img
copying build/lib/lmcache/lmcache_frontend/static/img/logo.png -> build/bdist.linux-aarch64/wheel/./lmcache/lmcache_frontend/static/img
creating build/bdist.linux-aarch64/wheel/lmcache/lmcache_frontend/static/js
copying build/lib/lmcache/lmcache_frontend/static/js/app.js -> build/bdist.linux-aarch64/wheel/./lmcache/lmcache_frontend/static/js
copying build/lib/lmcache/lmcache_frontend/static/index.html -> build/bdist.linux-aarch64/wheel/./lmcache/lmcache_frontend/static
creating build/bdist.linux-aarch64/wheel/lmcache/lmcache_frontend/static/css
copying build/lib/lmcache/lmcache_frontend/static/css/style.css -> build/bdist.linux-aarch64/wheel/./lmcache/lmcache_frontend/static/css
copying build/lib/lmcache/lmcache_frontend/config.json -> build/bdist.linux-aarch64/wheel/./lmcache/lmcache_frontend
copying build/lib/lmcache/lmcache_frontend/__init__.py -> build/bdist.linux-aarch64/wheel/./lmcache/lmcache_frontend
creating build/bdist.linux-aarch64/wheel/lmcache/lmcache_frontend/lmcache_mp_plugin
copying build/lib/lmcache/lmcache_frontend/lmcache_mp_plugin/lmcache_mp_frontend_plugin.py -> build/bdist.linux-aarch64/wheel/./lmcache/lmcache_frontend/lmcache_mp_plugin
copying build/lib/lmcache/lmcache_frontend/lmcache_mp_plugin/__init__.py -> build/bdist.linux-aarch64/wheel/./lmcache/lmcache_frontend/lmcache_mp_plugin
copying build/lib/lmcache/logging.py -> build/bdist.linux-aarch64/wheel/./lmcache
copying build/lib/lmcache/_version.py -> build/bdist.linux-aarch64/wheel/./lmcache
copying build/lib/lmcache/connections.py -> build/bdist.linux-aarch64/wheel/./lmcache
creating build/bdist.linux-aarch64/wheel/lmcache/storage_backend
creating build/bdist.linux-aarch64/wheel/lmcache/storage_backend/serde
copying build/lib/lmcache/storage_backend/serde/cachegen_encoder.py -> build/bdist.linux-aarch64/wheel/./lmcache/storage_backend/serde
copying build/lib/lmcache/storage_backend/serde/cachegen_basics.py -> build/bdist.linux-aarch64/wheel/./lmcache/storage_backend/serde
copying build/lib/lmcache/storage_backend/serde/__init__.py -> build/bdist.linux-aarch64/wheel/./lmcache/storage_backend/serde
copying build/lib/lmcache/storage_backend/serde/cachegen_decoder.py -> build/bdist.linux-aarch64/wheel/./lmcache/storage_backend/serde
copying build/lib/lmcache/storage_backend/serde/serde.py -> build/bdist.linux-aarch64/wheel/./lmcache/storage_backend/serde
creating build/bdist.linux-aarch64/wheel/lmcache/integration
creating build/bdist.linux-aarch64/wheel/lmcache/integration/vllm
copying build/lib/lmcache/integration/vllm/kv_cache_groups.py -> build/bdist.linux-aarch64/wheel/./lmcache/integration/vllm
copying build/lib/lmcache/integration/vllm/kv_cache_group_edits.py -> build/bdist.linux-aarch64/wheel/./lmcache/integration/vllm
creating build/bdist.linux-aarch64/wheel/lmcache/integration/vllm/lazy_offload_policy
copying build/lib/lmcache/integration/vllm/lazy_offload_policy/fifo.py -> build/bdist.linux-aarch64/wheel/./lmcache/integration/vllm/lazy_offload_policy
copying build/lib/lmcache/integration/vllm/lazy_offload_policy/base.py -> build/bdist.linux-aarch64/wheel/./lmcache/integration/vllm/lazy_offload_policy
copying build/lib/lmcache/integration/vllm/lazy_offload_policy/__init__.py -> build/bdist.linux-aarch64/wheel/./lmcache/integration/vllm/lazy_offload_policy
copying build/lib/lmcache/integration/vllm/lmcache_connector_v1.py -> build/bdist.linux-aarch64/wheel/./lmcache/integration/vllm
copying build/lib/lmcache/integration/vllm/vllm_service_factory.py -> build/bdist.linux-aarch64/wheel/./lmcache/integration/vllm
copying build/lib/lmcache/integration/vllm/checkpoint_scheduler.py -> build/bdist.linux-aarch64/wheel/./lmcache/integration/vllm
copying build/lib/lmcache/integration/vllm/lmcache_mp_connector_0201.py -> build/bdist.linux-aarch64/wheel/./lmcache/integration/vllm
copying build/lib/lmcache/integration/vllm/lmcache_mp_metadata.py -> build/bdist.linux-aarch64/wheel/./lmcache/integration/vllm
copying build/lib/lmcache/integration/vllm/vllm_v1_adapter.py -> build/bdist.linux-aarch64/wheel/./lmcache/integration/vllm
copying build/lib/lmcache/integration/vllm/lazy_offload_pending_store.py -> build/bdist.linux-aarch64/wheel/./lmcache/integration/vllm
creating build/bdist.linux-aarch64/wheel/lmcache/integration/vllm/experimental
copying build/lib/lmcache/integration/vllm/experimental/dispatcher.py -> build/bdist.linux-aarch64/wheel/./lmcache/integration/vllm/experimental
copying build/lib/lmcache/integration/vllm/experimental/__init__.py -> build/bdist.linux-aarch64/wheel/./lmcache/integration/vllm/experimental
copying build/lib/lmcache/integration/vllm/vllm_ec_adapter.py -> build/bdist.linux-aarch64/wheel/./lmcache/integration/vllm
copying build/lib/lmcache/integration/vllm/lmcache_mp_connector_0180.py -> build/bdist.linux-aarch64/wheel/./lmcache/integration/vllm
copying build/lib/lmcache/integration/vllm/checkpoint_copy.py -> build/bdist.linux-aarch64/wheel/./lmcache/integration/vllm
creating build/bdist.linux-aarch64/wheel/lmcache/integration/vllm/tests
copying build/lib/lmcache/integration/vllm/tests/test_mm_hash_utils.py -> build/bdist.linux-aarch64/wheel/./lmcache/integration/vllm/tests
copying build/lib/lmcache/integration/vllm/lmcache_connector_v1_085.py -> build/bdist.linux-aarch64/wheel/./lmcache/integration/vllm
copying build/lib/lmcache/integration/vllm/vllm_multi_process_adapter.py -> build/bdist.linux-aarch64/wheel/./lmcache/integration/vllm
copying build/lib/lmcache/integration/vllm/recurrent_checkpoint_connector.py -> build/bdist.linux-aarch64/wheel/./lmcache/integration/vllm
copying build/lib/lmcache/integration/vllm/utils.py -> build/bdist.linux-aarch64/wheel/./lmcache/integration/vllm
copying build/lib/lmcache/integration/vllm/__init__.py -> build/bdist.linux-aarch64/wheel/./lmcache/integration/vllm
copying build/lib/lmcache/integration/vllm/lmcache_mp_connector.py -> build/bdist.linux-aarch64/wheel/./lmcache/integration/vllm
creating build/bdist.linux-aarch64/wheel/lmcache/integration/sglang
copying build/lib/lmcache/integration/sglang/multi_process_adapter.py -> build/bdist.linux-aarch64/wheel/./lmcache/integration/sglang
copying build/lib/lmcache/integration/sglang/utils.py -> build/bdist.linux-aarch64/wheel/./lmcache/integration/sglang
copying build/lib/lmcache/integration/sglang/__init__.py -> build/bdist.linux-aarch64/wheel/./lmcache/integration/sglang
copying build/lib/lmcache/integration/sglang/sglang_adapter.py -> build/bdist.linux-aarch64/wheel/./lmcache/integration/sglang
creating build/bdist.linux-aarch64/wheel/lmcache/integration/request_telemetry
copying build/lib/lmcache/integration/request_telemetry/fastapi.py -> build/bdist.linux-aarch64/wheel/./lmcache/integration/request_telemetry
copying build/lib/lmcache/integration/request_telemetry/base.py -> build/bdist.linux-aarch64/wheel/./lmcache/integration/request_telemetry
copying build/lib/lmcache/integration/request_telemetry/factory.py -> build/bdist.linux-aarch64/wheel/./lmcache/integration/request_telemetry
copying build/lib/lmcache/integration/request_telemetry/noop.py -> build/bdist.linux-aarch64/wheel/./lmcache/integration/request_telemetry
copying build/lib/lmcache/integration/request_telemetry/__init__.py -> build/bdist.linux-aarch64/wheel/./lmcache/integration/request_telemetry
creating build/bdist.linux-aarch64/wheel/lmcache/integration/atom
copying build/lib/lmcache/integration/atom/multi_process_adapter.py -> build/bdist.linux-aarch64/wheel/./lmcache/integration/atom
copying build/lib/lmcache/integration/atom/__init__.py -> build/bdist.linux-aarch64/wheel/./lmcache/integration/atom
creating build/bdist.linux-aarch64/wheel/lmcache/integration/tensorrt_llm
copying build/lib/lmcache/integration/tensorrt_llm/tensorrt_mp_adapter.py -> build/bdist.linux-aarch64/wheel/./lmcache/integration/tensorrt_llm
copying build/lib/lmcache/integration/tensorrt_llm/tensorrt_adapter.py -> build/bdist.linux-aarch64/wheel/./lmcache/integration/tensorrt_llm
copying build/lib/lmcache/integration/tensorrt_llm/utils.py -> build/bdist.linux-aarch64/wheel/./lmcache/integration/tensorrt_llm
copying build/lib/lmcache/integration/tensorrt_llm/__init__.py -> build/bdist.linux-aarch64/wheel/./lmcache/integration/tensorrt_llm
copying build/lib/lmcache/integration/__init__.py -> build/bdist.linux-aarch64/wheel/./lmcache/integration
copying build/lib/lmcache/integration/base_service_factory.py -> build/bdist.linux-aarch64/wheel/./lmcache/integration
creating build/bdist.linux-aarch64/wheel/lmcache/cli
creating build/bdist.linux-aarch64/wheel/lmcache/cli/metrics
copying build/lib/lmcache/cli/metrics/handler.py -> build/bdist.linux-aarch64/wheel/./lmcache/cli/metrics
copying build/lib/lmcache/cli/metrics/section.py -> build/bdist.linux-aarch64/wheel/./lmcache/cli/metrics
copying build/lib/lmcache/cli/metrics/metrics.py -> build/bdist.linux-aarch64/wheel/./lmcache/cli/metrics
copying build/lib/lmcache/cli/metrics/formatter.py -> build/bdist.linux-aarch64/wheel/./lmcache/cli/metrics
copying build/lib/lmcache/cli/metrics/__init__.py -> build/bdist.linux-aarch64/wheel/./lmcache/cli/metrics
copying build/lib/lmcache/cli/main.py -> build/bdist.linux-aarch64/wheel/./lmcache/cli
creating build/bdist.linux-aarch64/wheel/lmcache/cli/commands
copying build/lib/lmcache/cli/commands/server.py -> build/bdist.linux-aarch64/wheel/./lmcache/cli/commands
copying build/lib/lmcache/cli/commands/base.py -> build/bdist.linux-aarch64/wheel/./lmcache/cli/commands
creating build/bdist.linux-aarch64/wheel/lmcache/cli/commands/query
copying build/lib/lmcache/cli/commands/query/kvcache_command.py -> build/bdist.linux-aarch64/wheel/./lmcache/cli/commands/query
copying build/lib/lmcache/cli/commands/query/coordinator_command.py -> build/bdist.linux-aarch64/wheel/./lmcache/cli/commands/query
copying build/lib/lmcache/cli/commands/query/_prompt.py -> build/bdist.linux-aarch64/wheel/./lmcache/cli/commands/query
copying build/lib/lmcache/cli/commands/query/_request.py -> build/bdist.linux-aarch64/wheel/./lmcache/cli/commands/query
copying build/lib/lmcache/cli/commands/query/_coordinator.py -> build/bdist.linux-aarch64/wheel/./lmcache/cli/commands/query
copying build/lib/lmcache/cli/commands/query/__init__.py -> build/bdist.linux-aarch64/wheel/./lmcache/cli/commands/query
copying build/lib/lmcache/cli/commands/query/engine_command.py -> build/bdist.linux-aarch64/wheel/./lmcache/cli/commands/query
creating build/bdist.linux-aarch64/wheel/lmcache/cli/commands/tool
copying build/lib/lmcache/cli/commands/tool/flamegraph.py -> build/bdist.linux-aarch64/wheel/./lmcache/cli/commands/tool
copying build/lib/lmcache/cli/commands/tool/transfer_channel_benchmark.py -> build/bdist.linux-aarch64/wheel/./lmcache/cli/commands/tool
creating build/bdist.linux-aarch64/wheel/lmcache/cli/commands/tool/cache_simulator
copying build/lib/lmcache/cli/commands/tool/cache_simulator/simulate_command.py -> build/bdist.linux-aarch64/wheel/./lmcache/cli/commands/tool/cache_simulator
copying build/lib/lmcache/cli/commands/tool/cache_simulator/__init__.py -> build/bdist.linux-aarch64/wheel/./lmcache/cli/commands/tool/cache_simulator
copying build/lib/lmcache/cli/commands/tool/cache_simulator/gen_dataset_command.py -> build/bdist.linux-aarch64/wheel/./lmcache/cli/commands/tool/cache_simulator
copying build/lib/lmcache/cli/commands/tool/cache_simulator/sweep_command.py -> build/bdist.linux-aarch64/wheel/./lmcache/cli/commands/tool/cache_simulator
copying build/lib/lmcache/cli/commands/tool/__init__.py -> build/bdist.linux-aarch64/wheel/./lmcache/cli/commands/tool
copying build/lib/lmcache/cli/commands/describe.py -> build/bdist.linux-aarch64/wheel/./lmcache/cli/commands
creating build/bdist.linux-aarch64/wheel/lmcache/cli/commands/quota
copying build/lib/lmcache/cli/commands/quota/list_command.py -> build/bdist.linux-aarch64/wheel/./lmcache/cli/commands/quota
copying build/lib/lmcache/cli/commands/quota/delete_command.py -> build/bdist.linux-aarch64/wheel/./lmcache/cli/commands/quota
copying build/lib/lmcache/cli/commands/quota/get_command.py -> build/bdist.linux-aarch64/wheel/./lmcache/cli/commands/quota
copying build/lib/lmcache/cli/commands/quota/set_command.py -> build/bdist.linux-aarch64/wheel/./lmcache/cli/commands/quota
copying build/lib/lmcache/cli/commands/quota/_helpers.py -> build/bdist.linux-aarch64/wheel/./lmcache/cli/commands/quota
copying build/lib/lmcache/cli/commands/quota/__init__.py -> build/bdist.linux-aarch64/wheel/./lmcache/cli/commands/quota
copying build/lib/lmcache/cli/commands/kvcache.py -> build/bdist.linux-aarch64/wheel/./lmcache/cli/commands
creating build/bdist.linux-aarch64/wheel/lmcache/cli/commands/trace
copying build/lib/lmcache/cli/commands/trace/_stats.py -> build/bdist.linux-aarch64/wheel/./lmcache/cli/commands/trace
copying build/lib/lmcache/cli/commands/trace/info_command.py -> build/bdist.linux-aarch64/wheel/./lmcache/cli/commands/trace
copying build/lib/lmcache/cli/commands/trace/_driver.py -> build/bdist.linux-aarch64/wheel/./lmcache/cli/commands/trace
copying build/lib/lmcache/cli/commands/trace/_dispatch.py -> build/bdist.linux-aarch64/wheel/./lmcache/cli/commands/trace
copying build/lib/lmcache/cli/commands/trace/replay_command.py -> build/bdist.linux-aarch64/wheel/./lmcache/cli/commands/trace
copying build/lib/lmcache/cli/commands/trace/__init__.py -> build/bdist.linux-aarch64/wheel/./lmcache/cli/commands/trace
copying build/lib/lmcache/cli/commands/mock.py -> build/bdist.linux-aarch64/wheel/./lmcache/cli/commands
creating build/bdist.linux-aarch64/wheel/lmcache/cli/commands/bench
creating build/bdist.linux-aarch64/wheel/lmcache/cli/commands/bench/server_bench
copying build/lib/lmcache/cli/commands/bench/server_bench/helpers.py -> build/bdist.linux-aarch64/wheel/./lmcache/cli/commands/bench/server_bench
copying build/lib/lmcache/cli/commands/bench/server_bench/__init__.py -> build/bdist.linux-aarch64/wheel/./lmcache/cli/commands/bench/server_bench
copying build/lib/lmcache/cli/commands/bench/server_bench/command.py -> build/bdist.linux-aarch64/wheel/./lmcache/cli/commands/bench/server_bench
creating build/bdist.linux-aarch64/wheel/lmcache/cli/commands/bench/engine_bench
copying build/lib/lmcache/cli/commands/bench/engine_bench/stats.py -> build/bdist.linux-aarch64/wheel/./lmcache/cli/commands/bench/engine_bench
copying build/lib/lmcache/cli/commands/bench/engine_bench/progress.py -> build/bdist.linux-aarch64/wheel/./lmcache/cli/commands/bench/engine_bench
copying build/lib/lmcache/cli/commands/bench/engine_bench/config.py -> build/bdist.linux-aarch64/wheel/./lmcache/cli/commands/bench/engine_bench
creating build/bdist.linux-aarch64/wheel/lmcache/cli/commands/bench/engine_bench/quality
copying build/lib/lmcache/cli/commands/bench/engine_bench/quality/scoring.py -> build/bdist.linux-aarch64/wheel/./lmcache/cli/commands/bench/engine_bench/quality
copying build/lib/lmcache/cli/commands/bench/engine_bench/quality/dataset.py -> build/bdist.linux-aarch64/wheel/./lmcache/cli/commands/bench/engine_bench/quality
copying build/lib/lmcache/cli/commands/bench/engine_bench/quality/__init__.py -> build/bdist.linux-aarch64/wheel/./lmcache/cli/commands/bench/engine_bench/quality
creating build/bdist.linux-aarch64/wheel/lmcache/cli/commands/bench/engine_bench/interactive
copying build/lib/lmcache/cli/commands/bench/engine_bench/interactive/schema.py -> build/bdist.linux-aarch64/wheel/./lmcache/cli/commands/bench/engine_bench/interactive
copying build/lib/lmcache/cli/commands/bench/engine_bench/interactive/state.py -> build/bdist.linux-aarch64/wheel/./lmcache/cli/commands/bench/engine_bench/interactive
copying build/lib/lmcache/cli/commands/bench/engine_bench/interactive/__init__.py -> build/bdist.linux-aarch64/wheel/./lmcache/cli/commands/bench/engine_bench/interactive
copying build/lib/lmcache/cli/commands/bench/engine_bench/interactive/terminal.py -> build/bdist.linux-aarch64/wheel/./lmcache/cli/commands/bench/engine_bench/interactive
creating build/bdist.linux-aarch64/wheel/lmcache/cli/commands/bench/engine_bench/workloads
copying build/lib/lmcache/cli/commands/bench/engine_bench/workloads/multi_round_chat.py -> build/bdist.linux-aarch64/wheel/./lmcache/cli/commands/bench/engine_bench/workloads
copying build/lib/lmcache/cli/commands/bench/engine_bench/workloads/random_prefill.py -> build/bdist.linux-aarch64/wheel/./lmcache/cli/commands/bench/engine_bench/workloads
copying build/lib/lmcache/cli/commands/bench/engine_bench/workloads/base.py -> build/bdist.linux-aarch64/wheel/./lmcache/cli/commands/bench/engine_bench/workloads
copying build/lib/lmcache/cli/commands/bench/engine_bench/workloads/prefix_suffix_tuner.py -> build/bdist.linux-aarch64/wheel/./lmcache/cli/commands/bench/engine_bench/workloads
copying build/lib/lmcache/cli/commands/bench/engine_bench/workloads/long_doc_qa.py -> build/bdist.linux-aarch64/wheel/./lmcache/cli/commands/bench/engine_bench/workloads
copying build/lib/lmcache/cli/commands/bench/engine_bench/workloads/__init__.py -> build/bdist.linux-aarch64/wheel/./lmcache/cli/commands/bench/engine_bench/workloads
copying build/lib/lmcache/cli/commands/bench/engine_bench/workloads/rag_qa_quality.py -> build/bdist.linux-aarch64/wheel/./lmcache/cli/commands/bench/engine_bench/workloads
copying build/lib/lmcache/cli/commands/bench/engine_bench/workloads/long_doc_permutator.py -> build/bdist.linux-aarch64/wheel/./lmcache/cli/commands/bench/engine_bench/workloads
copying build/lib/lmcache/cli/commands/bench/engine_bench/request_sender.py -> build/bdist.linux-aarch64/wheel/./lmcache/cli/commands/bench/engine_bench
copying build/lib/lmcache/cli/commands/bench/engine_bench/tokenizers.py -> build/bdist.linux-aarch64/wheel/./lmcache/cli/commands/bench/engine_bench
copying build/lib/lmcache/cli/commands/bench/engine_bench/__init__.py -> build/bdist.linux-aarch64/wheel/./lmcache/cli/commands/bench/engine_bench
copying build/lib/lmcache/cli/commands/bench/engine_bench/command.py -> build/bdist.linux-aarch64/wheel/./lmcache/cli/commands/bench/engine_bench
copying build/lib/lmcache/cli/commands/bench/__init__.py -> build/bdist.linux-aarch64/wheel/./lmcache/cli/commands/bench
creating build/bdist.linux-aarch64/wheel/lmcache/cli/commands/bench/l2_adapter_bench
copying build/lib/lmcache/cli/commands/bench/l2_adapter_bench/data.py -> build/bdist.linux-aarch64/wheel/./lmcache/cli/commands/bench/l2_adapter_bench
copying build/lib/lmcache/cli/commands/bench/l2_adapter_bench/result.py -> build/bdist.linux-aarch64/wheel/./lmcache/cli/commands/bench/l2_adapter_bench
copying build/lib/lmcache/cli/commands/bench/l2_adapter_bench/runner.py -> build/bdist.linux-aarch64/wheel/./lmcache/cli/commands/bench/l2_adapter_bench
copying build/lib/lmcache/cli/commands/bench/l2_adapter_bench/__init__.py -> build/bdist.linux-aarch64/wheel/./lmcache/cli/commands/bench/l2_adapter_bench
copying build/lib/lmcache/cli/commands/bench/l2_adapter_bench/command.py -> build/bdist.linux-aarch64/wheel/./lmcache/cli/commands/bench/l2_adapter_bench
copying build/lib/lmcache/cli/commands/ping.py -> build/bdist.linux-aarch64/wheel/./lmcache/cli/commands
copying build/lib/lmcache/cli/commands/__init__.py -> build/bdist.linux-aarch64/wheel/./lmcache/cli/commands
copying build/lib/lmcache/cli/commands/coordinator.py -> build/bdist.linux-aarch64/wheel/./lmcache/cli/commands
copying build/lib/lmcache/cli/profiling.py -> build/bdist.linux-aarch64/wheel/./lmcache/cli
copying build/lib/lmcache/cli/__init__.py -> build/bdist.linux-aarch64/wheel/./lmcache/cli
copying build/lib/lmcache/utils.py -> build/bdist.linux-aarch64/wheel/./lmcache
copying build/lib/lmcache/__init__.py -> build/bdist.linux-aarch64/wheel/./lmcache
creating build/bdist.linux-aarch64/wheel/lmcache/sdk
copying build/lib/lmcache/sdk/context.py -> build/bdist.linux-aarch64/wheel/./lmcache/sdk
copying build/lib/lmcache/sdk/cache_kind.py -> build/bdist.linux-aarch64/wheel/./lmcache/sdk
copying build/lib/lmcache/sdk/qringbuffer.py -> build/bdist.linux-aarch64/wheel/./lmcache/sdk
copying build/lib/lmcache/sdk/kvcache.py -> build/bdist.linux-aarch64/wheel/./lmcache/sdk
creating build/bdist.linux-aarch64/wheel/lmcache/sdk/wrapper
copying build/lib/lmcache/sdk/wrapper/contiguous.py -> build/bdist.linux-aarch64/wheel/./lmcache/sdk/wrapper
copying build/lib/lmcache/sdk/wrapper/__init__.py -> build/bdist.linux-aarch64/wheel/./lmcache/sdk/wrapper
copying build/lib/lmcache/sdk/request.py -> build/bdist.linux-aarch64/wheel/./lmcache/sdk
copying build/lib/lmcache/sdk/batch.py -> build/bdist.linux-aarch64/wheel/./lmcache/sdk
copying build/lib/lmcache/sdk/__init__.py -> build/bdist.linux-aarch64/wheel/./lmcache/sdk
copying build/lib/lmcache/sdk/qcache.py -> build/bdist.linux-aarch64/wheel/./lmcache/sdk
creating build/bdist.linux-aarch64/wheel/lmcache/tools
creating build/bdist.linux-aarch64/wheel/lmcache/tools/mp_status_viewer
copying build/lib/lmcache/tools/mp_status_viewer/__main__.py -> build/bdist.linux-aarch64/wheel/./lmcache/tools/mp_status_viewer
copying build/lib/lmcache/tools/mp_status_viewer/__init__.py -> build/bdist.linux-aarch64/wheel/./lmcache/tools/mp_status_viewer
copying build/lib/lmcache/tools/simple_discover_service.py -> build/bdist.linux-aarch64/wheel/./lmcache/tools
creating build/bdist.linux-aarch64/wheel/lmcache/tools/controller_benchmark
copying build/lib/lmcache/tools/controller_benchmark/benchmark.py -> build/bdist.linux-aarch64/wheel/./lmcache/tools/controller_benchmark
copying build/lib/lmcache/tools/controller_benchmark/config.py -> build/bdist.linux-aarch64/wheel/./lmcache/tools/controller_benchmark
copying build/lib/lmcache/tools/controller_benchmark/constants.py -> build/bdist.linux-aarch64/wheel/./lmcache/tools/controller_benchmark
copying build/lib/lmcache/tools/controller_benchmark/__main__.py -> build/bdist.linux-aarch64/wheel/./lmcache/tools/controller_benchmark
copying build/lib/lmcache/tools/controller_benchmark/__init__.py -> build/bdist.linux-aarch64/wheel/./lmcache/tools/controller_benchmark
creating build/bdist.linux-aarch64/wheel/lmcache/tools/controller_benchmark/handlers
copying build/lib/lmcache/tools/controller_benchmark/handlers/base.py -> build/bdist.linux-aarch64/wheel/./lmcache/tools/controller_benchmark/handlers
copying build/lib/lmcache/tools/controller_benchmark/handlers/heartbeat.py -> build/bdist.linux-aarch64/wheel/./lmcache/tools/controller_benchmark/handlers
copying build/lib/lmcache/tools/controller_benchmark/handlers/register.py -> build/bdist.linux-aarch64/wheel/./lmcache/tools/controller_benchmark/handlers
copying build/lib/lmcache/tools/controller_benchmark/handlers/p2p_lookup.py -> build/bdist.linux-aarch64/wheel/./lmcache/tools/controller_benchmark/handlers
copying build/lib/lmcache/tools/controller_benchmark/handlers/evict.py -> build/bdist.linux-aarch64/wheel/./lmcache/tools/controller_benchmark/handlers
copying build/lib/lmcache/tools/controller_benchmark/handlers/__init__.py -> build/bdist.linux-aarch64/wheel/./lmcache/tools/controller_benchmark/handlers
copying build/lib/lmcache/tools/controller_benchmark/handlers/deregister.py -> build/bdist.linux-aarch64/wheel/./lmcache/tools/controller_benchmark/handlers
copying build/lib/lmcache/tools/controller_benchmark/handlers/admit.py -> build/bdist.linux-aarch64/wheel/./lmcache/tools/controller_benchmark/handlers
creating build/bdist.linux-aarch64/wheel/lmcache/tools/transfer_channel_benchmark
copying build/lib/lmcache/tools/transfer_channel_benchmark/benchmark.py -> build/bdist.linux-aarch64/wheel/./lmcache/tools/transfer_channel_benchmark
copying build/lib/lmcache/tools/transfer_channel_benchmark/config.py -> build/bdist.linux-aarch64/wheel/./lmcache/tools/transfer_channel_benchmark
copying build/lib/lmcache/tools/transfer_channel_benchmark/__main__.py -> build/bdist.linux-aarch64/wheel/./lmcache/tools/transfer_channel_benchmark
copying build/lib/lmcache/tools/transfer_channel_benchmark/__init__.py -> build/bdist.linux-aarch64/wheel/./lmcache/tools/transfer_channel_benchmark
creating build/bdist.linux-aarch64/wheel/lmcache/tools/cache_simulator
copying build/lib/lmcache/tools/cache_simulator/lru_cache.py -> build/bdist.linux-aarch64/wheel/./lmcache/tools/cache_simulator
copying build/lib/lmcache/tools/cache_simulator/simulator.py -> build/bdist.linux-aarch64/wheel/./lmcache/tools/cache_simulator
copying build/lib/lmcache/tools/cache_simulator/plot_hit_rate.py -> build/bdist.linux-aarch64/wheel/./lmcache/tools/cache_simulator
copying build/lib/lmcache/tools/cache_simulator/__init__.py -> build/bdist.linux-aarch64/wheel/./lmcache/tools/cache_simulator
copying build/lib/lmcache/tools/cache_simulator/gen_bench_dataset.py -> build/bdist.linux-aarch64/wheel/./lmcache/tools/cache_simulator
copying build/lib/lmcache/tools/__init__.py -> build/bdist.linux-aarch64/wheel/./lmcache/tools
copying build/lib/lmcache/observability.py -> build/bdist.linux-aarch64/wheel/./lmcache
copying build/lib/lmcache/usage_context.py -> build/bdist.linux-aarch64/wheel/./lmcache
running install_egg_info
Copying lmcache.egg-info to build/bdist.linux-aarch64/wheel/./lmcache-0.5.5.dev0+glm53checkpoints.35ad809f-py3.12.egg-info
running install_scripts
creating build/bdist.linux-aarch64/wheel/lmcache-0.5.5.dev0+glm53checkpoints.35ad809f.dist-info/WHEEL
creating '/artifacts/.tmp-se63rl78/lmcache-0.5.5.dev0+glm53checkpoints.35ad809f-py3-none-any.whl' and adding 'build/bdist.linux-aarch64/wheel' to it
adding 'lmcache/__init__.py'
adding 'lmcache/_version.py'
adding 'lmcache/banner.py'
adding 'lmcache/connections.py'
adding 'lmcache/lmcache_native.pyi'
adding 'lmcache/logging.py'
adding 'lmcache/observability.py'
adding 'lmcache/usage_context.py'
adding 'lmcache/utils.py'
adding 'lmcache/cli/__init__.py'
adding 'lmcache/cli/main.py'
adding 'lmcache/cli/profiling.py'
adding 'lmcache/cli/commands/__init__.py'
adding 'lmcache/cli/commands/base.py'
adding 'lmcache/cli/commands/coordinator.py'
adding 'lmcache/cli/commands/describe.py'
adding 'lmcache/cli/commands/kvcache.py'
adding 'lmcache/cli/commands/mock.py'
adding 'lmcache/cli/commands/ping.py'
adding 'lmcache/cli/commands/server.py'
adding 'lmcache/cli/commands/bench/__init__.py'
adding 'lmcache/cli/commands/bench/engine_bench/__init__.py'
adding 'lmcache/cli/commands/bench/engine_bench/command.py'
adding 'lmcache/cli/commands/bench/engine_bench/config.py'
adding 'lmcache/cli/commands/bench/engine_bench/progress.py'
adding 'lmcache/cli/commands/bench/engine_bench/request_sender.py'
adding 'lmcache/cli/commands/bench/engine_bench/stats.py'
adding 'lmcache/cli/commands/bench/engine_bench/tokenizers.py'
adding 'lmcache/cli/commands/bench/engine_bench/interactive/__init__.py'
adding 'lmcache/cli/commands/bench/engine_bench/interactive/schema.py'
adding 'lmcache/cli/commands/bench/engine_bench/interactive/state.py'
adding 'lmcache/cli/commands/bench/engine_bench/interactive/terminal.py'
adding 'lmcache/cli/commands/bench/engine_bench/quality/__init__.py'
adding 'lmcache/cli/commands/bench/engine_bench/quality/dataset.py'
adding 'lmcache/cli/commands/bench/engine_bench/quality/scoring.py'
adding 'lmcache/cli/commands/bench/engine_bench/workloads/__init__.py'
adding 'lmcache/cli/commands/bench/engine_bench/workloads/base.py'
adding 'lmcache/cli/commands/bench/engine_bench/workloads/long_doc_permutator.py'
adding 'lmcache/cli/commands/bench/engine_bench/workloads/long_doc_qa.py'
adding 'lmcache/cli/commands/bench/engine_bench/workloads/multi_round_chat.py'
adding 'lmcache/cli/commands/bench/engine_bench/workloads/prefix_suffix_tuner.py'
adding 'lmcache/cli/commands/bench/engine_bench/workloads/rag_qa_quality.py'
adding 'lmcache/cli/commands/bench/engine_bench/workloads/random_prefill.py'
adding 'lmcache/cli/commands/bench/l2_adapter_bench/__init__.py'
adding 'lmcache/cli/commands/bench/l2_adapter_bench/command.py'
adding 'lmcache/cli/commands/bench/l2_adapter_bench/data.py'
adding 'lmcache/cli/commands/bench/l2_adapter_bench/result.py'
adding 'lmcache/cli/commands/bench/l2_adapter_bench/runner.py'
adding 'lmcache/cli/commands/bench/server_bench/__init__.py'
adding 'lmcache/cli/commands/bench/server_bench/command.py'
adding 'lmcache/cli/commands/bench/server_bench/helpers.py'
adding 'lmcache/cli/commands/query/__init__.py'
adding 'lmcache/cli/commands/query/_coordinator.py'
adding 'lmcache/cli/commands/query/_prompt.py'
adding 'lmcache/cli/commands/query/_request.py'
adding 'lmcache/cli/commands/query/coordinator_command.py'
adding 'lmcache/cli/commands/query/engine_command.py'
adding 'lmcache/cli/commands/query/kvcache_command.py'
adding 'lmcache/cli/commands/quota/__init__.py'
adding 'lmcache/cli/commands/quota/_helpers.py'
adding 'lmcache/cli/commands/quota/delete_command.py'
adding 'lmcache/cli/commands/quota/get_command.py'
adding 'lmcache/cli/commands/quota/list_command.py'
adding 'lmcache/cli/commands/quota/set_command.py'
adding 'lmcache/cli/commands/tool/__init__.py'
adding 'lmcache/cli/commands/tool/flamegraph.py'
adding 'lmcache/cli/commands/tool/transfer_channel_benchmark.py'
adding 'lmcache/cli/commands/tool/cache_simulator/__init__.py'
adding 'lmcache/cli/commands/tool/cache_simulator/gen_dataset_command.py'
adding 'lmcache/cli/commands/tool/cache_simulator/simulate_command.py'
adding 'lmcache/cli/commands/tool/cache_simulator/sweep_command.py'
adding 'lmcache/cli/commands/trace/__init__.py'
adding 'lmcache/cli/commands/trace/_dispatch.py'
adding 'lmcache/cli/commands/trace/_driver.py'
adding 'lmcache/cli/commands/trace/_stats.py'
adding 'lmcache/cli/commands/trace/info_command.py'
adding 'lmcache/cli/commands/trace/replay_command.py'
adding 'lmcache/cli/metrics/__init__.py'
adding 'lmcache/cli/metrics/formatter.py'
adding 'lmcache/cli/metrics/handler.py'
adding 'lmcache/cli/metrics/metrics.py'
adding 'lmcache/cli/metrics/section.py'
adding 'lmcache/integration/__init__.py'
adding 'lmcache/integration/base_service_factory.py'
adding 'lmcache/integration/atom/__init__.py'
adding 'lmcache/integration/atom/multi_process_adapter.py'
adding 'lmcache/integration/request_telemetry/__init__.py'
adding 'lmcache/integration/request_telemetry/base.py'
adding 'lmcache/integration/request_telemetry/factory.py'
adding 'lmcache/integration/request_telemetry/fastapi.py'
adding 'lmcache/integration/request_telemetry/noop.py'
adding 'lmcache/integration/sglang/__init__.py'
adding 'lmcache/integration/sglang/multi_process_adapter.py'
adding 'lmcache/integration/sglang/sglang_adapter.py'
adding 'lmcache/integration/sglang/utils.py'
adding 'lmcache/integration/tensorrt_llm/__init__.py'
adding 'lmcache/integration/tensorrt_llm/tensorrt_adapter.py'
adding 'lmcache/integration/tensorrt_llm/tensorrt_mp_adapter.py'
adding 'lmcache/integration/tensorrt_llm/utils.py'
adding 'lmcache/integration/vllm/__init__.py'
adding 'lmcache/integration/vllm/checkpoint_copy.py'
adding 'lmcache/integration/vllm/checkpoint_scheduler.py'
adding 'lmcache/integration/vllm/kv_cache_group_edits.py'
adding 'lmcache/integration/vllm/kv_cache_groups.py'
adding 'lmcache/integration/vllm/lazy_offload_pending_store.py'
adding 'lmcache/integration/vllm/lmcache_connector_v1.py'
adding 'lmcache/integration/vllm/lmcache_connector_v1_085.py'
adding 'lmcache/integration/vllm/lmcache_mp_connector.py'
adding 'lmcache/integration/vllm/lmcache_mp_connector_0180.py'
adding 'lmcache/integration/vllm/lmcache_mp_connector_0201.py'
adding 'lmcache/integration/vllm/lmcache_mp_metadata.py'
adding 'lmcache/integration/vllm/recurrent_checkpoint_connector.py'
adding 'lmcache/integration/vllm/utils.py'
adding 'lmcache/integration/vllm/vllm_ec_adapter.py'
adding 'lmcache/integration/vllm/vllm_multi_process_adapter.py'
adding 'lmcache/integration/vllm/vllm_service_factory.py'
adding 'lmcache/integration/vllm/vllm_v1_adapter.py'
adding 'lmcache/integration/vllm/experimental/__init__.py'
adding 'lmcache/integration/vllm/experimental/dispatcher.py'
adding 'lmcache/integration/vllm/lazy_offload_policy/__init__.py'
adding 'lmcache/integration/vllm/lazy_offload_policy/base.py'
adding 'lmcache/integration/vllm/lazy_offload_policy/fifo.py'
adding 'lmcache/integration/vllm/tests/test_mm_hash_utils.py'
adding 'lmcache/lmcache_frontend/__init__.py'
adding 'lmcache/lmcache_frontend/app.py'
adding 'lmcache/lmcache_frontend/config.json'
adding 'lmcache/lmcache_frontend/heartbeat.py'
adding 'lmcache/lmcache_frontend/run_mp_server_with_frontend.sh'
adding 'lmcache/lmcache_frontend/lmcache_mp_plugin/__init__.py'
adding 'lmcache/lmcache_frontend/lmcache_mp_plugin/lmcache_mp_frontend_plugin.py'
adding 'lmcache/lmcache_frontend/static/index.html'
adding 'lmcache/lmcache_frontend/static/css/style.css'
adding 'lmcache/lmcache_frontend/static/img/logo.png'
adding 'lmcache/lmcache_frontend/static/js/app.js'
adding 'lmcache/sdk/__init__.py'
adding 'lmcache/sdk/batch.py'
adding 'lmcache/sdk/cache_kind.py'
adding 'lmcache/sdk/context.py'
adding 'lmcache/sdk/kvcache.py'
adding 'lmcache/sdk/qcache.py'
adding 'lmcache/sdk/qringbuffer.py'
adding 'lmcache/sdk/request.py'
adding 'lmcache/sdk/wrapper/__init__.py'
adding 'lmcache/sdk/wrapper/contiguous.py'
adding 'lmcache/storage_backend/serde/__init__.py'
adding 'lmcache/storage_backend/serde/cachegen_basics.py'
adding 'lmcache/storage_backend/serde/cachegen_decoder.py'
adding 'lmcache/storage_backend/serde/cachegen_encoder.py'
adding 'lmcache/storage_backend/serde/serde.py'
adding 'lmcache/tools/__init__.py'
adding 'lmcache/tools/simple_discover_service.py'
adding 'lmcache/tools/cache_simulator/__init__.py'
adding 'lmcache/tools/cache_simulator/gen_bench_dataset.py'
adding 'lmcache/tools/cache_simulator/lru_cache.py'
adding 'lmcache/tools/cache_simulator/plot_hit_rate.py'
adding 'lmcache/tools/cache_simulator/simulator.py'
adding 'lmcache/tools/controller_benchmark/__init__.py'
adding 'lmcache/tools/controller_benchmark/__main__.py'
adding 'lmcache/tools/controller_benchmark/benchmark.py'
adding 'lmcache/tools/controller_benchmark/config.py'
adding 'lmcache/tools/controller_benchmark/constants.py'
adding 'lmcache/tools/controller_benchmark/handlers/__init__.py'
adding 'lmcache/tools/controller_benchmark/handlers/admit.py'
adding 'lmcache/tools/controller_benchmark/handlers/base.py'
adding 'lmcache/tools/controller_benchmark/handlers/deregister.py'
adding 'lmcache/tools/controller_benchmark/handlers/evict.py'
adding 'lmcache/tools/controller_benchmark/handlers/heartbeat.py'
adding 'lmcache/tools/controller_benchmark/handlers/p2p_lookup.py'
adding 'lmcache/tools/controller_benchmark/handlers/register.py'
adding 'lmcache/tools/mp_status_viewer/__init__.py'
adding 'lmcache/tools/mp_status_viewer/__main__.py'
adding 'lmcache/tools/transfer_channel_benchmark/__init__.py'
adding 'lmcache/tools/transfer_channel_benchmark/__main__.py'
adding 'lmcache/tools/transfer_channel_benchmark/benchmark.py'
adding 'lmcache/tools/transfer_channel_benchmark/config.py'
adding 'lmcache/usage_telemetry/__init__.py'
adding 'lmcache/usage_telemetry/context.py'
adding 'lmcache/usage_telemetry/continuous.py'
adding 'lmcache/usage_telemetry/env_probe.py'
adding 'lmcache/usage_telemetry/flush.py'
adding 'lmcache/usage_telemetry/guard.py'
adding 'lmcache/usage_telemetry/identity.py'
adding 'lmcache/usage_telemetry/l1_usage.py'
adding 'lmcache/usage_telemetry/l2_usage.py'
adding 'lmcache/usage_telemetry/messages.py'
adding 'lmcache/usage_telemetry/metric_specs.py'
adding 'lmcache/usage_telemetry/mp.py'
adding 'lmcache/usage_telemetry/mp_continuous.py'
adding 'lmcache/usage_telemetry/transport.py'
adding 'lmcache/v1/__init__.py'
adding 'lmcache/v1/basic_check.py'
adding 'lmcache/v1/cache_engine.py'
adding 'lmcache/v1/cache_interface.py'
adding 'lmcache/v1/config.py'
adding 'lmcache/v1/config_base.py'
adding 'lmcache/v1/ec_engine.py'
adding 'lmcache/v1/event_manager.py'
adding 'lmcache/v1/hidden_state_store.py'
adding 'lmcache/v1/kv_layer_groups.py'
adding 'lmcache/v1/manager.py'
adding 'lmcache/v1/memory_management.py'
adding 'lmcache/v1/metadata.py'
adding 'lmcache/v1/periodic_thread.py'
adding 'lmcache/v1/pin_monitor.py'
adding 'lmcache/v1/protocol.py'
adding 'lmcache/v1/rpc_utils.py'
adding 'lmcache/v1/system_detection.py'
adding 'lmcache/v1/token_database.py'
adding 'lmcache/v1/api_server/__init__.py'
adding 'lmcache/v1/api_server/__main__.py'
adding 'lmcache/v1/cache_controller/__init__.py'
adding 'lmcache/v1/cache_controller/config.py'
adding 'lmcache/v1/cache_controller/controller_manager.py'
adding 'lmcache/v1/cache_controller/executor.py'
adding 'lmcache/v1/cache_controller/full_sync_sender.py'
adding 'lmcache/v1/cache_controller/locks.py'
adding 'lmcache/v1/cache_controller/message.py'
adding 'lmcache/v1/cache_controller/observability.py'
adding 'lmcache/v1/cache_controller/utils.py'
adding 'lmcache/v1/cache_controller/worker.py'
adding 'lmcache/v1/cache_controller/commands/__init__.py'
adding 'lmcache/v1/cache_controller/commands/base.py'
adding 'lmcache/v1/cache_controller/commands/full_sync.py'
adding 'lmcache/v1/cache_controller/controllers/__init__.py'
adding 'lmcache/v1/cache_controller/controllers/full_sync_tracker.py'
adding 'lmcache/v1/cache_controller/controllers/kv_controller.py'
adding 'lmcache/v1/cache_controller/controllers/registration_controller.py'
adding 'lmcache/v1/check/__init__.py'
adding 'lmcache/v1/check/check_mode_gen.py'
adding 'lmcache/v1/check/check_mode_test_l2_adapter.py'
adding 'lmcache/v1/check/check_mode_test_remote.py'
adding 'lmcache/v1/check/check_mode_test_storage_manager.py'
adding 'lmcache/v1/check/utils.py'
adding 'lmcache/v1/compute/__init__.py'
adding 'lmcache/v1/compute/positional_encoding.py'
adding 'lmcache/v1/compute/attention/__init__.py'
adding 'lmcache/v1/compute/attention/abstract.py'
adding 'lmcache/v1/compute/attention/flash_attn.py'
adding 'lmcache/v1/compute/attention/flash_infer_sparse.py'
adding 'lmcache/v1/compute/attention/metadata.py'
adding 'lmcache/v1/compute/attention/triton_sparse.py'
adding 'lmcache/v1/compute/attention/utils.py'
adding 'lmcache/v1/compute/attention/triton_kernels/__init__.py'
adding 'lmcache/v1/compute/attention/triton_kernels/block_sparse_attention.py'
adding 'lmcache/v1/compute/blend/__init__.py'
adding 'lmcache/v1/compute/blend/blender.py'
adding 'lmcache/v1/compute/blend/metadata.py'
adding 'lmcache/v1/compute/blend/utils.py'
adding 'lmcache/v1/compute/models/__init__.py'
adding 'lmcache/v1/compute/models/base.py'
adding 'lmcache/v1/compute/models/llama.py'
adding 'lmcache/v1/compute/models/qwen3.py'
adding 'lmcache/v1/compute/models/utils.py'
adding 'lmcache/v1/distributed/admission.py'
adding 'lmcache/v1/distributed/api.py'
adding 'lmcache/v1/distributed/config.py'
adding 'lmcache/v1/distributed/error.py'
adding 'lmcache/v1/distributed/eviction.py'
adding 'lmcache/v1/distributed/internal_api.py'
adding 'lmcache/v1/distributed/l1_manager.py'
adding 'lmcache/v1/distributed/quota_manager.py'
adding 'lmcache/v1/distributed/storage_controller.py'
adding 'lmcache/v1/distributed/storage_manager.py'
adding 'lmcache/v1/distributed/bitmap_ops/__init__.py'
adding 'lmcache/v1/distributed/bitmap_ops/fold.py'
adding 'lmcache/v1/distributed/eviction_policy/__init__.py'
adding 'lmcache/v1/distributed/eviction_policy/_selection.py'
adding 'lmcache/v1/distributed/eviction_policy/factory.py'
adding 'lmcache/v1/distributed/eviction_policy/isolated_lru.py'
adding 'lmcache/v1/distributed/eviction_policy/lru.py'
adding 'lmcache/v1/distributed/eviction_policy/noop.py'
adding 'lmcache/v1/distributed/l2_adapters/__init__.py'
adding 'lmcache/v1/distributed/l2_adapters/aerospike_l2_adapter.py'
adding 'lmcache/v1/distributed/l2_adapters/base.py'
adding 'lmcache/v1/distributed/l2_adapters/bigtable_key_encoder.py'
adding 'lmcache/v1/distributed/l2_adapters/bigtable_l2_adapter.py'
adding 'lmcache/v1/distributed/l2_adapters/config.py'
adding 'lmcache/v1/distributed/l2_adapters/dax_l2_adapter.py'
adding 'lmcache/v1/distributed/l2_adapters/factory.py'
adding 'lmcache/v1/distributed/l2_adapters/fault_inject_l2_adapter.py'
adding 'lmcache/v1/distributed/l2_adapters/fs_l2_adapter.py'
adding 'lmcache/v1/distributed/l2_adapters/fs_native_l2_adapter.py'
adding 'lmcache/v1/distributed/l2_adapters/hfbucket_l2_adapter.py'
adding 'lmcache/v1/distributed/l2_adapters/mock_l2_adapter.py'
adding 'lmcache/v1/distributed/l2_adapters/mooncake_store_l2_adapter.py'
adding 'lmcache/v1/distributed/l2_adapters/native_connector_l2_adapter.py'
adding 'lmcache/v1/distributed/l2_adapters/native_plugin_l2_adapter.py'
adding 'lmcache/v1/distributed/l2_adapters/nixl_store_dynamic_l2_adapter.py'
adding 'lmcache/v1/distributed/l2_adapters/nixl_store_l2_adapter.py'
adding 'lmcache/v1/distributed/l2_adapters/p2p_l2_adapter.py'
adding 'lmcache/v1/distributed/l2_adapters/plugin_l2_adapter.py'
adding 'lmcache/v1/distributed/l2_adapters/raw_block_l2_adapter.py'
adding 'lmcache/v1/distributed/l2_adapters/reconfiguration.py'
adding 'lmcache/v1/distributed/l2_adapters/resp_l2_adapter.py'
adding 'lmcache/v1/distributed/l2_adapters/s3_l2_adapter.py'
adding 'lmcache/v1/distributed/l2_adapters/sagemaker_hyperpod_client.py'
adding 'lmcache/v1/distributed/l2_adapters/sagemaker_hyperpod_l2_adapter.py'
adding 'lmcache/v1/distributed/l2_adapters/serde_wrapper.py'
adding 'lmcache/v1/distributed/l2_adapters/valkey_l2_adapter.py'
adding 'lmcache/v1/distributed/l2_adapters/nixl_store_agents/__init__.py'
adding 'lmcache/v1/distributed/l2_adapters/nixl_store_agents/dynamic_nixl_store_agent.py'
adding 'lmcache/v1/distributed/l2_adapters/nixl_store_agents/file_dynamic_nixl_store_agent.py'
adding 'lmcache/v1/distributed/memory_manager/__init__.py'
adding 'lmcache/v1/distributed/memory_manager/devdax_l1_memory_manager.py'
adding 'lmcache/v1/distributed/memory_manager/gds_l1_memory_manager.py'
adding 'lmcache/v1/distributed/memory_manager/l1_manager_protocol.py'
adding 'lmcache/v1/distributed/memory_manager/l1_memory_manager.py'
adding 'lmcache/v1/distributed/serde/__init__.py'
adding 'lmcache/v1/distributed/serde/aesgcm.py'
adding 'lmcache/v1/distributed/serde/asym_k16_v8.py'
adding 'lmcache/v1/distributed/serde/async_processor.py'
adding 'lmcache/v1/distributed/serde/base.py'
adding 'lmcache/v1/distributed/serde/factory.py'
adding 'lmcache/v1/distributed/serde/fp8.py'
adding 'lmcache/v1/distributed/serde/key_provider.py'
adding 'lmcache/v1/distributed/serde/multi.py'
adding 'lmcache/v1/distributed/serde/utils.py'
adding 'lmcache/v1/distributed/serde/turboquant/__init__.py'
adding 'lmcache/v1/distributed/serde/turboquant/decode_kernel.py'
adding 'lmcache/v1/distributed/serde/turboquant/store_kernel.py'
adding 'lmcache/v1/distributed/serde/turboquant/turboquant.py'
adding 'lmcache/v1/distributed/storage_controllers/__init__.py'
adding 'lmcache/v1/distributed/storage_controllers/adapter_lifecycle.py'
adding 'lmcache/v1/distributed/storage_controllers/eviction_controller.py'
adding 'lmcache/v1/distributed/storage_controllers/prefetch_controller.py'
adding 'lmcache/v1/distributed/storage_controllers/prefetch_policy.py'
adding 'lmcache/v1/distributed/storage_controllers/store_controller.py'
adding 'lmcache/v1/distributed/storage_controllers/store_policy.py'
adding 'lmcache/v1/distributed/transfer_channel/__init__.py'
adding 'lmcache/v1/distributed/transfer_channel/abstract.py'
adding 'lmcache/v1/distributed/transfer_channel/api.py'
adding 'lmcache/v1/distributed/transfer_channel/factory.py'
adding 'lmcache/v1/distributed/transfer_channel/impl/__init__.py'
adding 'lmcache/v1/distributed/transfer_channel/impl/mooncake_te_impl.py'
adding 'lmcache/v1/distributed/transfer_channel/impl/nixl_impl.py'
adding 'lmcache/v1/exceptions/__init__.py'
adding 'lmcache/v1/gpu_connector/__init__.py'
adding 'lmcache/v1/gpu_connector/_cufile_async.py'
adding 'lmcache/v1/gpu_connector/_gds_async.py'
adding 'lmcache/v1/gpu_connector/_hipfile_async.py'
adding 'lmcache/v1/gpu_connector/_phx_async.py'
adding 'lmcache/v1/gpu_connector/_ugds_async.py'
adding 'lmcache/v1/gpu_connector/gds_context.py'
adding 'lmcache/v1/gpu_connector/gpu_connectors.py'
adding 'lmcache/v1/gpu_connector/gpu_ops.py'
adding 'lmcache/v1/gpu_connector/hpu_connector.py'
adding 'lmcache/v1/gpu_connector/mock_gpu_connector.py'
adding 'lmcache/v1/gpu_connector/musa_connectors.py'
adding 'lmcache/v1/gpu_connector/utils.py'
adding 'lmcache/v1/gpu_connector/xpu_connectors.py'
adding 'lmcache/v1/gpu_connector/kv_format/__init__.py'
adding 'lmcache/v1/gpu_connector/kv_format/contiguity.py'
adding 'lmcache/v1/gpu_connector/kv_format/detection.py'
adding 'lmcache/v1/gpu_connector/kv_format/types.py'
adding 'lmcache/v1/gpu_connector/kv_format/detectors/__init__.py'
adding 'lmcache/v1/gpu_connector/kv_format/detectors/atom.py'
adding 'lmcache/v1/gpu_connector/kv_format/detectors/base.py'
adding 'lmcache/v1/gpu_connector/kv_format/detectors/registry.py'
adding 'lmcache/v1/gpu_connector/kv_format/detectors/sglang.py'
adding 'lmcache/v1/gpu_connector/kv_format/detectors/trtllm.py'
adding 'lmcache/v1/gpu_connector/kv_format/detectors/vllm.py'
adding 'lmcache/v1/gpu_connector/kv_format/specs/__init__.py'
adding 'lmcache/v1/gpu_connector/kv_format/specs/base.py'
adding 'lmcache/v1/gpu_connector/kv_format/specs/nb_nl_two_bs_nh_hs.py'
adding 'lmcache/v1/gpu_connector/kv_format/specs/nb_nl_two_nh_bs_hs.py'
adding 'lmcache/v1/gpu_connector/kv_format/specs/nl_x_nb_bs_hs.py'
adding 'lmcache/v1/gpu_connector/kv_format/specs/nl_x_nb_bs_nh_cs.py'
adding 'lmcache/v1/gpu_connector/kv_format/specs/nl_x_nb_bs_nh_two_hs.py'
adding 'lmcache/v1/gpu_connector/kv_format/specs/nl_x_nb_bsv_bss.py'
adding 'lmcache/v1/gpu_connector/kv_format/specs/nl_x_nb_nh_bs_cs.py'
adding 'lmcache/v1/gpu_connector/kv_format/specs/nl_x_nb_nh_bs_two_hs.py'
adding 'lmcache/v1/gpu_connector/kv_format/specs/nl_x_nb_two_bs_nh_hs.py'
adding 'lmcache/v1/gpu_connector/kv_format/specs/nl_x_nb_two_nh_bs_hs.py'
adding 'lmcache/v1/gpu_connector/kv_format/specs/nl_x_nbbs_one_hs.py'
adding 'lmcache/v1/gpu_connector/kv_format/specs/nl_x_two_nb_bs_nh_hs.py'
adding 'lmcache/v1/gpu_connector/kv_format/specs/nl_x_two_nb_nh_bs_hs.py'
adding 'lmcache/v1/gpu_connector/kv_format/specs/nl_x_two_nb_nh_one_bs_hs.py'
adding 'lmcache/v1/gpu_connector/kv_format/specs/nl_x_two_x_nb_bs_nh_hs.py'
adding 'lmcache/v1/gpu_connector/kv_format/specs/registry.py'
adding 'lmcache/v1/gpu_connector/kv_format/specs/two_x_nl_x_nb_bs_nh_hs.py'
adding 'lmcache/v1/gpu_connector/kv_format/specs/two_x_nl_x_nbbs_nh_hs.py'
adding 'lmcache/v1/health_monitor/__init__.py'
adding 'lmcache/v1/health_monitor/base.py'
adding 'lmcache/v1/health_monitor/constants.py'
adding 'lmcache/v1/health_monitor/checks/__init__.py'
adding 'lmcache/v1/health_monitor/checks/remote_backend_check.py'
adding 'lmcache/v1/internal_api_server/__init__.py'
adding 'lmcache/v1/internal_api_server/api_registry.py'
adding 'lmcache/v1/internal_api_server/api_server.py'
adding 'lmcache/v1/internal_api_server/utils.py'
adding 'lmcache/v1/internal_api_server/common/__init__.py'
adding 'lmcache/v1/internal_api_server/common/env_api.py'
adding 'lmcache/v1/internal_api_server/common/loglevel_api.py'
adding 'lmcache/v1/internal_api_server/common/metrics_api.py'
adding 'lmcache/v1/internal_api_server/common/periodic_thread_api.py'
adding 'lmcache/v1/internal_api_server/common/run_script_api.py'
adding 'lmcache/v1/internal_api_server/common/thread_api.py'
adding 'lmcache/v1/internal_api_server/controller/__init__.py'
adding 'lmcache/v1/internal_api_server/controller/key_stats_api.py'
adding 'lmcache/v1/internal_api_server/controller/worker_info_api.py'
adding 'lmcache/v1/internal_api_server/vllm/__init__.py'
adding 'lmcache/v1/internal_api_server/vllm/backend_api.py'
adding 'lmcache/v1/internal_api_server/vllm/bypass_api.py'
adding 'lmcache/v1/internal_api_server/vllm/cache_api.py'
adding 'lmcache/v1/internal_api_server/vllm/chunk_statistics_api.py'
adding 'lmcache/v1/internal_api_server/vllm/conf_api.py'
adding 'lmcache/v1/internal_api_server/vllm/freeze_api.py'
adding 'lmcache/v1/internal_api_server/vllm/hot_cache_api.py'
adding 'lmcache/v1/internal_api_server/vllm/inference_api.py'
adding 'lmcache/v1/internal_api_server/vllm/load_fs_chunks_api.py'
adding 'lmcache/v1/internal_api_server/vllm/lookup_api.py'
adding 'lmcache/v1/internal_api_server/vllm/version_api.py'
adding 'lmcache/v1/kv_codec/__init__.py'
adding 'lmcache/v1/kv_codec/asym_k16_v8.py'
adding 'lmcache/v1/kv_codec/encoded_kv.py'
adding 'lmcache/v1/kv_codec/errors.py'
adding 'lmcache/v1/lookup_client/__init__.py'
adding 'lmcache/v1/lookup_client/abstract_client.py'
adding 'lmcache/v1/lookup_client/async_lookup_message.py'
adding 'lmcache/v1/lookup_client/chunk_statistics_lookup_client.py'
adding 'lmcache/v1/lookup_client/factory.py'
adding 'lmcache/v1/lookup_client/hit_limit_lookup_client.py'
adding 'lmcache/v1/lookup_client/lmcache_async_lookup_client.py'
adding 'lmcache/v1/lookup_client/lmcache_lookup_client.py'
adding 'lmcache/v1/lookup_client/lmcache_lookup_client_bypass.py'
adding 'lmcache/v1/lookup_client/mooncake_lookup_client.py'
adding 'lmcache/v1/lookup_client/record_strategies/__init__.py'
adding 'lmcache/v1/lookup_client/record_strategies/base.py'
adding 'lmcache/v1/lookup_client/record_strategies/file_hash.py'
adding 'lmcache/v1/lookup_client/record_strategies/memory_bloom_filter.py'
adding 'lmcache/v1/memory_allocators/__init__.py'
adding 'lmcache/v1/memory_allocators/ad_hoc_memory_allocator.py'
adding 'lmcache/v1/memory_allocators/buffer_allocator.py'
adding 'lmcache/v1/memory_allocators/cu_file_memory_allocator.py'
adding 'lmcache/v1/memory_allocators/devdax_memory_allocator.py'
adding 'lmcache/v1/memory_allocators/gpu_memory_allocator.py'
adding 'lmcache/v1/memory_allocators/hip_file_memory_allocator.py'
adding 'lmcache/v1/memory_allocators/host_memory_allocator.py'
adding 'lmcache/v1/memory_allocators/lazy_memory_allocator.py'
adding 'lmcache/v1/memory_allocators/mixed_memory_allocator.py'
adding 'lmcache/v1/memory_allocators/paged_cpu_gpu_memory_allocator.py'
adding 'lmcache/v1/memory_allocators/paged_tensor_memory_allocator.py'
adding 'lmcache/v1/memory_allocators/pin_memory_allocator.py'
adding 'lmcache/v1/memory_allocators/tensor_memory_allocator.py'
adding 'lmcache/v1/mp_coordinator/__init__.py'
adding 'lmcache/v1/mp_coordinator/__main__.py'
adding 'lmcache/v1/mp_coordinator/api.py'
adding 'lmcache/v1/mp_coordinator/app.py'
adding 'lmcache/v1/mp_coordinator/blend_client.py'
adding 'lmcache/v1/mp_coordinator/blend_index.py'
adding 'lmcache/v1/mp_coordinator/cache_events.py'
adding 'lmcache/v1/mp_coordinator/config.py'
adding 'lmcache/v1/mp_coordinator/discovery.py'
adding 'lmcache/v1/mp_coordinator/observability.py'
adding 'lmcache/v1/mp_coordinator/registrar.py'
adding 'lmcache/v1/mp_coordinator/registry.py'
adding 'lmcache/v1/mp_coordinator/schemas.py'
adding 'lmcache/v1/mp_coordinator/controllers/__init__.py'
adding 'lmcache/v1/mp_coordinator/controllers/base.py'
adding 'lmcache/v1/mp_coordinator/controllers/eviction_controller.py'
adding 'lmcache/v1/mp_coordinator/controllers/prefetch_manager.py'
adding 'lmcache/v1/mp_coordinator/http_apis/__init__.py'
adding 'lmcache/v1/mp_coordinator/http_apis/cache_api.py'
adding 'lmcache/v1/mp_coordinator/http_apis/dependencies.py'
adding 'lmcache/v1/mp_coordinator/http_apis/directory_api.py'
adding 'lmcache/v1/mp_coordinator/http_apis/events_api.py'
adding 'lmcache/v1/mp_coordinator/http_apis/health_api.py'
adding 'lmcache/v1/mp_coordinator/http_apis/instances_api.py'
adding 'lmcache/v1/mp_coordinator/http_apis/instances_usage_api.py'
adding 'lmcache/v1/mp_coordinator/http_apis/metrics_api.py'
adding 'lmcache/v1/mp_coordinator/http_apis/quota_api.py'
adding 'lmcache/v1/mp_coordinator/ingest/__init__.py'
adding 'lmcache/v1/mp_coordinator/ingest/event_broadcaster.py'
adding 'lmcache/v1/mp_coordinator/ingest/event_gate.py'
adding 'lmcache/v1/mp_coordinator/persistence/__init__.py'
adding 'lmcache/v1/mp_coordinator/persistence/checkpoint.py'
adding 'lmcache/v1/mp_coordinator/persistence/durable_component.py'
adding 'lmcache/v1/mp_coordinator/persistence/metadata.py'
adding 'lmcache/v1/mp_coordinator/persistence/quiesce.py'
adding 'lmcache/v1/mp_coordinator/persistence/store.py'
adding 'lmcache/v1/mp_coordinator/utils/__init__.py'
adding 'lmcache/v1/mp_coordinator/utils/encoding.py'
adding 'lmcache/v1/mp_coordinator/views/__init__.py'
adding 'lmcache/v1/mp_coordinator/views/base.py'
adding 'lmcache/v1/mp_coordinator/views/key_directory.py'
adding 'lmcache/v1/mp_coordinator/views/server_config.py'
adding 'lmcache/v1/mp_coordinator/views/usage_manager.py'
adding 'lmcache/v1/mp_observability/config.py'
adding 'lmcache/v1/mp_observability/errors.py'
adding 'lmcache/v1/mp_observability/event.py'
adding 'lmcache/v1/mp_observability/event_bus.py'
adding 'lmcache/v1/mp_observability/gc_monitor.py'
adding 'lmcache/v1/mp_observability/otel_init.py'
adding 'lmcache/v1/mp_observability/subscribers/__init__.py'
adding 'lmcache/v1/mp_observability/subscribers/logging/__init__.py'
adding 'lmcache/v1/mp_observability/subscribers/logging/cb_server.py'
adding 'lmcache/v1/mp_observability/subscribers/logging/extra_stats.py'
adding 'lmcache/v1/mp_observability/subscribers/logging/l1.py'
adding 'lmcache/v1/mp_observability/subscribers/logging/l2.py'
adding 'lmcache/v1/mp_observability/subscribers/logging/lookup_hash.py'
adding 'lmcache/v1/mp_observability/subscribers/logging/mp_server.py'
adding 'lmcache/v1/mp_observability/subscribers/logging/sm.py'
adding 'lmcache/v1/mp_observability/subscribers/logging/timeout.py'
adding 'lmcache/v1/mp_observability/subscribers/metrics/__init__.py'
adding 'lmcache/v1/mp_observability/subscribers/metrics/cb_server.py'
adding 'lmcache/v1/mp_observability/subscribers/metrics/engine.py'
adding 'lmcache/v1/mp_observability/subscribers/metrics/event_bus.py'
adding 'lmcache/v1/mp_observability/subscribers/metrics/l0_l1_throughput.py'
adding 'lmcache/v1/mp_observability/subscribers/metrics/l0_lifecycle.py'
adding 'lmcache/v1/mp_observability/subscribers/metrics/l1.py'
adding 'lmcache/v1/mp_observability/subscribers/metrics/l1_eviction_loop.py'
adding 'lmcache/v1/mp_observability/subscribers/metrics/l1_failures.py'
adding 'lmcache/v1/mp_observability/subscribers/metrics/l1_lifecycle.py'
adding 'lmcache/v1/mp_observability/subscribers/metrics/l2.py'
adding 'lmcache/v1/mp_observability/subscribers/metrics/l2_failures.py'
adding 'lmcache/v1/mp_observability/subscribers/metrics/l2_throughput.py'
adding 'lmcache/v1/mp_observability/subscribers/metrics/lookup.py'
adding 'lmcache/v1/mp_observability/subscribers/metrics/mp_transfer.py'
adding 'lmcache/v1/mp_observability/subscribers/metrics/sm_lifecycle.py'
adding 'lmcache/v1/mp_observability/subscribers/metrics/timeout.py'
adding 'lmcache/v1/mp_observability/subscribers/metrics/utils.py'
adding 'lmcache/v1/mp_observability/subscribers/tracing/__init__.py'
adding 'lmcache/v1/mp_observability/subscribers/tracing/cb_server.py'
adding 'lmcache/v1/mp_observability/subscribers/tracing/mp_server.py'
adding 'lmcache/v1/mp_observability/subscribers/tracing/span_registry.py'
adding 'lmcache/v1/mp_observability/subscribers/tracing/timeout.py'
adding 'lmcache/v1/mp_observability/trace/__init__.py'
adding 'lmcache/v1/mp_observability/trace/codecs.py'
adding 'lmcache/v1/mp_observability/trace/decorator.py'
adding 'lmcache/v1/mp_observability/trace/format.py'
adding 'lmcache/v1/mp_observability/trace/lifecycle.py'
adding 'lmcache/v1/mp_observability/trace/reader.py'
adding 'lmcache/v1/mp_observability/trace/recorder.py'
adding 'lmcache/v1/multiprocess/__init__.py'
adding 'lmcache/v1/multiprocess/affinity_pool.py'
adding 'lmcache/v1/multiprocess/checkpoint_identity.py'
adding 'lmcache/v1/multiprocess/checkpoint_index.py'
adding 'lmcache/v1/multiprocess/checkpoint_storage.py'
adding 'lmcache/v1/multiprocess/checkpoint_transfer.py'
adding 'lmcache/v1/multiprocess/config.py'
adding 'lmcache/v1/multiprocess/custom_types.py'
adding 'lmcache/v1/multiprocess/engine_context.py'
adding 'lmcache/v1/multiprocess/engine_module.py'
adding 'lmcache/v1/multiprocess/futures.py'
adding 'lmcache/v1/multiprocess/group_view.py'
adding 'lmcache/v1/multiprocess/http_api_registry.py'
adding 'lmcache/v1/multiprocess/http_server.py'
adding 'lmcache/v1/multiprocess/mp_runtime_plugin_launcher.py'
adding 'lmcache/v1/multiprocess/mq.py'
adding 'lmcache/v1/multiprocess/native_completion.py'
adding 'lmcache/v1/multiprocess/posix_shm.py'
adding 'lmcache/v1/multiprocess/protocol.py'
adding 'lmcache/v1/multiprocess/server.py'
adding 'lmcache/v1/multiprocess/session.py'
adding 'lmcache/v1/multiprocess/token_hasher.py'
adding 'lmcache/v1/multiprocess/warm_prefetch.py'
adding 'lmcache/v1/multiprocess/cache_control/__init__.py'
adding 'lmcache/v1/multiprocess/cache_control/errors.py'
adding 'lmcache/v1/multiprocess/cache_control/key_resolver.py'
adding 'lmcache/v1/multiprocess/cache_control/object_service.py'
adding 'lmcache/v1/multiprocess/cache_control/prefetch_service.py'
adding 'lmcache/v1/multiprocess/http_apis/__init__.py'
adding 'lmcache/v1/multiprocess/http_apis/cache_api.py'
adding 'lmcache/v1/multiprocess/http_apis/common_api.py'
adding 'lmcache/v1/multiprocess/http_apis/config_api.py'
adding 'lmcache/v1/multiprocess/http_apis/dependencies.py'
adding 'lmcache/v1/multiprocess/http_apis/error_handlers.py'
adding 'lmcache/v1/multiprocess/http_apis/info_api.py'
adding 'lmcache/v1/multiprocess/http_apis/quota_api.py'
adding 'lmcache/v1/multiprocess/http_apis/reconfigure_api.py'
adding 'lmcache/v1/multiprocess/http_apis/schemas.py'
adding 'lmcache/v1/multiprocess/modules/__init__.py'
adding 'lmcache/v1/multiprocess/modules/blend.py'
adding 'lmcache/v1/multiprocess/modules/checkpoint.py'
adding 'lmcache/v1/multiprocess/modules/engine_driven_transfer.py'
adding 'lmcache/v1/multiprocess/modules/lmcache_driven_transfer.py'
adding 'lmcache/v1/multiprocess/modules/lookup.py'
adding 'lmcache/v1/multiprocess/modules/management.py'
adding 'lmcache/v1/multiprocess/modules/p2p_controller.py'
adding 'lmcache/v1/multiprocess/modules/server_transfer.py'
adding 'lmcache/v1/multiprocess/modules/experimental/__init__.py'
adding 'lmcache/v1/multiprocess/modules/experimental/qstore.py'
adding 'lmcache/v1/multiprocess/protocols/__init__.py'
adding 'lmcache/v1/multiprocess/protocols/base.py'
adding 'lmcache/v1/multiprocess/protocols/blend.py'
adding 'lmcache/v1/multiprocess/protocols/checkpoint.py'
adding 'lmcache/v1/multiprocess/protocols/controller.py'
adding 'lmcache/v1/multiprocess/protocols/debug.py'
adding 'lmcache/v1/multiprocess/protocols/engine.py'
adding 'lmcache/v1/multiprocess/protocols/observability.py'
adding 'lmcache/v1/multiprocess/protocols/p2p.py'
adding 'lmcache/v1/multiprocess/transfer_context/__init__.py'
adding 'lmcache/v1/multiprocess/transfer_context/async_engine_driven.py'
adding 'lmcache/v1/multiprocess/transfer_context/base.py'
adding 'lmcache/v1/multiprocess/transfer_context/pickle.py'
adding 'lmcache/v1/multiprocess/transfer_context/shm.py'
adding 'lmcache/v1/multiprocess/transfer_context/worker_transfer.py'
adding 'lmcache/v1/offload_server/__init__.py'
adding 'lmcache/v1/offload_server/abstract_server.py'
adding 'lmcache/v1/offload_server/message.py'
adding 'lmcache/v1/offload_server/zmq_server.py'
adding 'lmcache/v1/platform/__init__.py'
adding 'lmcache/v1/platform/_device_detect.py'
adding 'lmcache/v1/platform/cache_context.py'
adding 'lmcache/v1/platform/event_notifier.py'
adding 'lmcache/v1/platform/isolated_ipc.py'
adding 'lmcache/v1/platform/kv_wrap.py'
adding 'lmcache/v1/platform/ops_types.py'
adding 'lmcache/v1/platform/torch_ops.py'
adding 'lmcache/v1/platform/base/__init__.py'
adding 'lmcache/v1/platform/base/cache_context.py'
adding 'lmcache/v1/platform/base/device_ops.py'
adding 'lmcache/v1/platform/base/device_spec.py'
adding 'lmcache/v1/platform/base/event_ipc.py'
adding 'lmcache/v1/platform/base/ipc_wrapper.py'
adding 'lmcache/v1/platform/base/pin_memory.py'
adding 'lmcache/v1/platform/cpu/__init__.py'
adding 'lmcache/v1/platform/cpu/cache_context.py'
adding 'lmcache/v1/platform/cpu/device_ops.py'
adding 'lmcache/v1/platform/cpu/shm.py'
adding 'lmcache/v1/platform/cpu/stub_cpu_device.py'
adding 'lmcache/v1/platform/cuda/__init__.py'
adding 'lmcache/v1/platform/cuda/cache_context.py'
adding 'lmcache/v1/platform/cuda/cumem_ipc.py'
adding 'lmcache/v1/platform/cuda/device_ops.py'
adding 'lmcache/v1/platform/cuda/ipc_wrapper.py'
adding 'lmcache/v1/platform/cuda/pin_memory.py'
adding 'lmcache/v1/platform/cuda/timeline_semaphore_event_ipc.py'
adding 'lmcache/v1/platform/cuda/utils.py'
adding 'lmcache/v1/platform/hpu/__init__.py'
adding 'lmcache/v1/platform/hpu/device_ops.py'
adding 'lmcache/v1/platform/musa/__init__.py'
adding 'lmcache/v1/platform/musa/cache_context.py'
adding 'lmcache/v1/platform/musa/device_ops.py'
adding 'lmcache/v1/platform/musa/event_ipc.py'
adding 'lmcache/v1/platform/musa/ipc_wrapper.py'
adding 'lmcache/v1/platform/musa/native_kv_transfer.py'
adding 'lmcache/v1/platform/musa/pin_memory.py'
adding 'lmcache/v1/platform/musa/tensor_from_ptr.py'
adding 'lmcache/v1/platform/neuron/__init__.py'
adding 'lmcache/v1/platform/npu/__init__.py'
adding 'lmcache/v1/platform/npu/device_ops.py'
adding 'lmcache/v1/platform/rbln/__init__.py'
adding 'lmcache/v1/platform/rbln/device_ops.py'
adding 'lmcache/v1/platform/rbln/kv_layout.py'
adding 'lmcache/v1/platform/rbln/kv_ops.py'
adding 'lmcache/v1/platform/rocm/__init__.py'
adding 'lmcache/v1/platform/xpu/__init__.py'
adding 'lmcache/v1/platform/xpu/device_ops.py'
adding 'lmcache/v1/plugin/__init__.py'
adding 'lmcache/v1/plugin/runtime_plugin_launcher.py'
adding 'lmcache/v1/rpc/__init__.py'
adding 'lmcache/v1/rpc/transport.py'
adding 'lmcache/v1/rpc/zmq_transport.py'
adding 'lmcache/v1/server/__init__.py'
adding 'lmcache/v1/server/__main__.py'
adding 'lmcache/v1/server/utils.py'
adding 'lmcache/v1/server/storage_backend/__init__.py'
adding 'lmcache/v1/server/storage_backend/abstract_backend.py'
adding 'lmcache/v1/server/storage_backend/local_backend.py'
adding 'lmcache/v1/standalone/__init__.py'
adding 'lmcache/v1/standalone/__main__.py'
adding 'lmcache/v1/standalone/manager.py'
adding 'lmcache/v1/standalone/standalone_service_factory.py'
adding 'lmcache/v1/storage_backend/__init__.py'
adding 'lmcache/v1/storage_backend/abstract_backend.py'
adding 'lmcache/v1/storage_backend/audit_backend.py'
adding 'lmcache/v1/storage_backend/batched_message_sender.py'
adding 'lmcache/v1/storage_backend/gds_backend.py'
adding 'lmcache/v1/storage_backend/hipfile_shim.py'
adding 'lmcache/v1/storage_backend/local_cpu_backend.py'
adding 'lmcache/v1/storage_backend/local_disk_backend.py'
adding 'lmcache/v1/storage_backend/maru_backend.py'
adding 'lmcache/v1/storage_backend/nixl_storage_backend.py'
adding 'lmcache/v1/storage_backend/p2p_backend.py'
adding 'lmcache/v1/storage_backend/path_sharder.py'
adding 'lmcache/v1/storage_backend/pd_backend.py'
adding 'lmcache/v1/storage_backend/pd_backend_async.py'
adding 'lmcache/v1/storage_backend/remote_backend.py'
adding 'lmcache/v1/storage_backend/resp_client.py'
adding 'lmcache/v1/storage_backend/storage_backend_listener.py'
adding 'lmcache/v1/storage_backend/storage_manager.py'
adding 'lmcache/v1/storage_backend/cache_policy/__init__.py'
adding 'lmcache/v1/storage_backend/cache_policy/base_policy.py'
adding 'lmcache/v1/storage_backend/cache_policy/fifo.py'
adding 'lmcache/v1/storage_backend/cache_policy/lfu.py'
adding 'lmcache/v1/storage_backend/cache_policy/lru.py'
adding 'lmcache/v1/storage_backend/cache_policy/mru.py'
adding 'lmcache/v1/storage_backend/connector/__init__.py'
adding 'lmcache/v1/storage_backend/connector/audit_adapter.py'
adding 'lmcache/v1/storage_backend/connector/audit_connector.py'
adding 'lmcache/v1/storage_backend/connector/azure_adapter.py'
adding 'lmcache/v1/storage_backend/connector/azure_connector.py'
adding 'lmcache/v1/storage_backend/connector/base_connector.py'
adding 'lmcache/v1/storage_backend/connector/bigtable_adapter.py'
adding 'lmcache/v1/storage_backend/connector/bigtable_config.py'
adding 'lmcache/v1/storage_backend/connector/bigtable_connector.py'
adding 'lmcache/v1/storage_backend/connector/bigtable_schema.py'
adding 'lmcache/v1/storage_backend/connector/bigtable_sharder.py'
adding 'lmcache/v1/storage_backend/connector/blackhole_adapter.py'
adding 'lmcache/v1/storage_backend/connector/blackhole_connector.py'
adding 'lmcache/v1/storage_backend/connector/eic_adapter.py'
adding 'lmcache/v1/storage_backend/connector/eic_connector.py'
adding 'lmcache/v1/storage_backend/connector/external_adapter.py'
adding 'lmcache/v1/storage_backend/connector/fs_adapter.py'
adding 'lmcache/v1/storage_backend/connector/fs_connector.py'
adding 'lmcache/v1/storage_backend/connector/hf3fs_adapter.py'
adding 'lmcache/v1/storage_backend/connector/hf3fs_connector.py'
adding 'lmcache/v1/storage_backend/connector/hfbucket_adapter.py'
adding 'lmcache/v1/storage_backend/connector/hfbucket_connector.py'
adding 'lmcache/v1/storage_backend/connector/infinistore_adapter.py'
adding 'lmcache/v1/storage_backend/connector/infinistore_connector.py'
adding 'lmcache/v1/storage_backend/connector/instrumented_connector.py'
adding 'lmcache/v1/storage_backend/connector/lm_adapter.py'
adding 'lmcache/v1/storage_backend/connector/lm_connector.py'
adding 'lmcache/v1/storage_backend/connector/mock_adapter.py'
adding 'lmcache/v1/storage_backend/connector/mock_connector.py'
adding 'lmcache/v1/storage_backend/connector/mooncakestore_adapter.py'
adding 'lmcache/v1/storage_backend/connector/mooncakestore_connector.py'
adding 'lmcache/v1/storage_backend/connector/redis_adapter.py'
adding 'lmcache/v1/storage_backend/connector/redis_connector.py'
adding 'lmcache/v1/storage_backend/connector/s3_adapter.py'
adding 'lmcache/v1/storage_backend/connector/s3_connector.py'
adding 'lmcache/v1/storage_backend/connector/sagemaker_hyperpod_adapter.py'
adding 'lmcache/v1/storage_backend/connector/sagemaker_hyperpod_connector.py'
adding 'lmcache/v1/storage_backend/connector/valkey_adapter.py'
adding 'lmcache/v1/storage_backend/connector/valkey_connector.py'
adding 'lmcache/v1/storage_backend/dax/__init__.py'
adding 'lmcache/v1/storage_backend/dax/core.py'
adding 'lmcache/v1/storage_backend/job_executor/__init__.py'
adding 'lmcache/v1/storage_backend/job_executor/base_executor.py'
adding 'lmcache/v1/storage_backend/job_executor/pq_executor.py'
adding 'lmcache/v1/storage_backend/naive_serde/__init__.py'
adding 'lmcache/v1/storage_backend/naive_serde/cachegen_basics.py'
adding 'lmcache/v1/storage_backend/naive_serde/cachegen_decoder.py'
adding 'lmcache/v1/storage_backend/naive_serde/cachegen_encoder.py'
adding 'lmcache/v1/storage_backend/naive_serde/kivi_serde.py'
adding 'lmcache/v1/storage_backend/naive_serde/naive_serde.py'
adding 'lmcache/v1/storage_backend/naive_serde/serde.py'
adding 'lmcache/v1/storage_backend/native_clients/aerospike_client.py'
adding 'lmcache/v1/storage_backend/native_clients/connector_client_base.py'
adding 'lmcache/v1/storage_backend/native_clients/resp_client.py'
adding 'lmcache/v1/storage_backend/plugins/dax_backend.py'
adding 'lmcache/v1/storage_backend/plugins/rust_raw_block_backend.py'
adding 'lmcache/v1/storage_backend/raw_block/__init__.py'
adding 'lmcache/v1/storage_backend/raw_block/core.py'
adding 'lmcache/v1/storage_backend/raw_block/key_codec.py'
adding 'lmcache/v1/storage_backend/valkey/__init__.py'
adding 'lmcache/v1/storage_backend/valkey/worker_pool.py'
adding 'lmcache/v1/transfer_channel/__init__.py'
adding 'lmcache/v1/transfer_channel/abstract.py'
adding 'lmcache/v1/transfer_channel/mock_memory_channel.py'
adding 'lmcache/v1/transfer_channel/nixl_channel.py'
adding 'lmcache/v1/transfer_channel/py_socket_channel.py'
adding 'lmcache/v1/transfer_channel/transfer_utils.py'
adding 'lmcache/v1/utils/__init__.py'
adding 'lmcache/v1/utils/bloom_filter.py'
adding 'lmcache/v1/utils/cache_utils.py'
adding 'lmcache/v1/utils/json_utils.py'
adding 'lmcache/v1/utils/router_discovery.py'
adding 'lmcache/v1/utils/subclass_discovery.py'
adding 'lmcache-0.5.5.dev0+glm53checkpoints.35ad809f.dist-info/licenses/LICENSE'
adding 'lmcache-0.5.5.dev0+glm53checkpoints.35ad809f.dist-info/METADATA'
adding 'lmcache-0.5.5.dev0+glm53checkpoints.35ad809f.dist-info/WHEEL'
adding 'lmcache-0.5.5.dev0+glm53checkpoints.35ad809f.dist-info/entry_points.txt'
adding 'lmcache-0.5.5.dev0+glm53checkpoints.35ad809f.dist-info/top_level.txt'
adding 'lmcache-0.5.5.dev0+glm53checkpoints.35ad809f.dist-info/RECORD'
removing build/bdist.linux-aarch64/wheel
Successfully built /artifacts/lmcache-0.5.5.dev0+glm53checkpoints.35ad809f-py3-none-any.whl
R32 preserved 4 native payloads: lmcache-0.5.5.dev0+glm53checkpoints.35ad809f-cp312-cp312-linux_aarch64.whl
--> f71cdfe7905b
--> 9a3e6778e76f
[3/3] STEP 13/25: COPY source.lock.json /opt/glm53-flash/source.lock
--> 857396905973
[3/3] STEP 14/25: COPY install_runtime.py /build/r32/install_runtime.py
--> 22870026e0e3
[3/3] STEP 15/25: COPY launchers/ /usr/local/bin/
--> 89364abdb5a7
[3/3] STEP 16/25: COPY tests/verify_jj_r32_runtime.py /opt/local-inference/verify_r32_runtime.py
--> 142d3173b3d9
[3/3] STEP 17/25: COPY tests/verify_glm53_nvfp4_draft_head_sm121.py /opt/local-inference/verify_glm53_nvfp4_draft_head_sm121.py
--> ad56312b7e7c
[3/3] STEP 18/25: COPY tests/run_flashkda_gate.py /opt/local-inference/run_flashkda_gate.py
--> 4925f83a82a2
[3/3] STEP 19/25: COPY tests/run_r32_regressions.py /opt/local-inference/run_r32_regressions.py
--> e70d3e051a25
[3/3] STEP 20/25: COPY tests/flashkda_counts.py contracts.py verify_native.py native_reuse.py /opt/local-inference/
--> d5b116818f85
[3/3] STEP 21/25: RUN cp -a /opt/local-inference/r29-native/flashkda-tests /opt/local-inference/r32-native/     && python /build/r32/install_runtime.py     && python /build/r32/verify_native.py proxy     && CC=/bin/false python /build/r32/verify_native.py proxy
lmcache-0.5.5.dev0+glm53checkpoints.35ad809f-cp312-cp312-linux_aarch64.whl: OK
lmcache-0.5.5.dev0+glm53checkpoints.35ad809f-py3-none-any.whl: OK
Using Python 3.12.3 environment at: /opt/venv
Resolved 1 package in 2.16s
   Building vllm @ file:///opt/jovian-judgement/vllm
      Built vllm @ file:///opt/jovian-judgement/vllm
Prepared 1 package in 5.70s
Uninstalled 1 package in 120ms
Installed 1 package in 33ms
 - vllm==0.26.1rc0+glm53.jj.r29.spark.vllm74b29cc (from file:///opt/jovian-judgement/vllm)
 + vllm==0.26.1rc0+glm53.jj.r32.spark.vllm00eef6a (from file:///opt/jovian-judgement/vllm)
Using Python 3.12.3 environment at: /opt/venv
Resolved 1 package in 3ms
Prepared 1 package in 57ms
Uninstalled 1 package in 17ms
Installed 1 package in 15ms
 - lmcache==0.5.5.dev0+glm53checkpoints.dcd6ec92 (from file:///opt/local-inference/r29-native/lmcache-0.5.5.dev0+glm53checkpoints.dcd6ec92-cp312-cp312-linux_aarch64.whl)
 + lmcache==0.5.5.dev0+glm53checkpoints.35ad809f (from file:///opt/local-inference/r32-native/lmcache-0.5.5.dev0+glm53checkpoints.35ad809f-cp312-cp312-linux_aarch64.whl)
R32 runtime installation, preserved natives, and metadata: PASS
--> 4522a3d434ef
[3/3] STEP 22/25: LABEL local-inference.release.name="jj-r32-spark-sm121"       local-inference.status="build-candidate"       local-inference.scope="glm53-qwen38-r32-spark-sm121-qualification"       local-inference.runtime.native-artifact-base-id="0b15723cb87646bb4628c5cd67aa2a7c879ac5a27105109ea5db06c30113dc0b"       local-inference.runtime.native-artifact-reuse="all native objects byte-identical to corrected R29"       local-inference.vllm.stable-native.sha256="${STABLE_NATIVE_SHA256}"       local-inference.runtime.source-lock.sha256="${SOURCE_LOCK_SHA256}"       local-inference.recipe.sha256="${RECIPE_SHA256}"       local-inference.recipe.dirty="${RECIPE_DIRTY}"       local-inference.launcher.glm.sha256="${R32_GLM_LAUNCHER_SHA256}"       org.opencontainers.image.revision="${RECIPE_COMMIT}"       local-inference.cache.fingerprint="${CACHE_FINGERPRINT}"       local-inference.flashkda.commit="3b225bf26bb8e218928a1fe14751cb48cf31d11b"       local-inference.flashkda.sha256="${FLASHKDA_SHA256}"       local-inference.flashkda.binary-manifest="/opt/local-inference/r28-native/flashkda.sha256"       local-inference.flashkda.patch.sha256="a9537532cf231babc942fa592666893268ca0617b24daeb8e78d3249e8c1d58a"       local-inference.flashkda.arch="12.1a"       local-inference.vllm.package-version="${VLLM_VERSION}"       local-inference.vllm.spark-overlay="cuda-arch-12.1-plus-glm53-nvfp4-draft-head-sm121"       local-inference.vllm.pr674.commit="superseded-in-r32"       local-inference.b12x.spark-source-patches="none; the r32 B12X integration tree is applied unmodified"       local-inference.lmcache.default="disabled"       org.opencontainers.image.title="Jovian Judgement R32 Spark SM121 runtime"       org.opencontainers.image.description="R32 candidate derived from qualified R29, matched Qwen and GLM profiles"       org.opencontainers.image.version="20260910"
--> d800857d54b1
[3/3] STEP 23/25: WORKDIR /
--> d0b18337f49f
[3/3] STEP 24/25: ENTRYPOINT ["/usr/local/bin/serve-glm53-flash-jj-r32-spark.sh"]
--> 05481f460fff
[3/3] STEP 25/25: LABEL "local-inference.vllm.integration.tree"="6a2da27b08a1f062b00719c17cffdfa087ae4210" "local-inference.vllm.spark-overlay.tree"="80a18accc688cdee2974f4c5e03e9416b2896087" "local-inference.vllm.package.tree"="00eef6adee7b0405d9f0b107f927dd1301d29e4a" "local-inference.b12x.integration.tree"="c4bfeee9f3c9457400d191c870eb2e44fbcd5c2e" "local-inference.b12x.package.tree"="d76de6c4ceaa9c2feb49edaf8c2f77d5a29ab5cb" "local-inference.lmcache.integration.tree"="dc1dad48e97cb849fcccf4be289e86bf8449988d" "local-inference.lmcache.package.tree"="65712f842365a0e3944a8350e4a8c7f14bff6a11" "local-inference.b12x.rocenante.api-version"="1" "local-inference.b12x.rocenante.proxy-abi"="3" "local-inference.b12x.rocenante.proxy-cache-dir"="/opt/jovian-judgement/b12x-roce"
[3/3] COMMIT
--> 74e53e710bef
74e53e710bef141f6f68e722582569f9c6aa388bce405ad6f1423566a2300c9c
W0910 14:50:17.026000 1 torch/utils/_pytree.py:630] <enum 'KernelPreference'> is an Enum subclass and is now natively supported by torch.compile as an opaque value type. Calling register_constant() on Enum subclasses is deprecated and will be an error in a future release.
W0910 14:50:17.058000 1 torch/utils/_pytree.py:630] <enum 'ScaleCalculationMode'> is an Enum subclass and is now natively supported by torch.compile as an opaque value type. Calling register_constant() on Enum subclasses is deprecated and will be an error in a future release.
[32;20m[2026-09-10 14:50:19,867] LMCache INFO:[0m torch_dev=<module 'torch.cuda' from '/usr/local/lib/python3.12/dist-packages/torch/cuda/__init__.py'>, torch_device_type=cuda [3m(_device_detect.py:312:lmcache.v1.platform._device_detect)[0m
[32;20m[2026-09-10 14:50:19,867] LMCache INFO:[0m Auto-selected backend [cuda] for accelerator 'cuda' from candidate backends [cuda, rocm]. [3m(__init__.py:148:lmcache.v1.platform)[0m
NATIVE-OK 6c3b32b7892571c0a6a94b7197f87a3bad9735eb897779fc9c9d5981a583499d /opt/lmcache/lib/liblmcache_cumem_shareable.so
ELF file    1: cuda_ops.cpython-312-aarch64-linux-gnu.1.sm_121a.cubin
ELF file    2: cuda_ops.cpython-312-aarch64-linux-gnu.2.sm_121a.cubin
ELF file    3: cuda_ops.cpython-312-aarch64-linux-gnu.3.sm_121a.cubin
ELF file    4: cuda_ops.cpython-312-aarch64-linux-gnu.4.sm_121a.cubin
ELF file    5: cuda_ops.cpython-312-aarch64-linux-gnu.5.sm_121a.cubin
ELF file    6: cuda_ops.cpython-312-aarch64-linux-gnu.6.sm_121a.cubin
ELF file    7: cuda_ops.cpython-312-aarch64-linux-gnu.7.sm_121a.cubin

NATIVE-OK 86f32c514fbecf54e3912627e99f51c6537ed41ec9ed9332bbd4de08aecd78f6 /opt/venv/lib/python3.12/site-packages/lmcache/cuda_ops.cpython-312-aarch64-linux-gnu.so
ELF file    1: _C_stable_libtorch.abi3.1.sm_121a.cubin
ELF file    2: _C_stable_libtorch.abi3.2.sm_121a.cubin
ELF file    3: _C_stable_libtorch.abi3.3.sm_121a.cubin
ELF file    4: _C_stable_libtorch.abi3.4.sm_121a.cubin
ELF file    5: _C_stable_libtorch.abi3.5.sm_121a.cubin
ELF file    6: _C_stable_libtorch.abi3.6.sm_121a.cubin
ELF file    7: _C_stable_libtorch.abi3.7.sm_121a.cubin
ELF file    8: _C_stable_libtorch.abi3.8.sm_121a.cubin
ELF file    9: _C_stable_libtorch.abi3.9.sm_121a.cubin
ELF file   10: _C_stable_libtorch.abi3.10.sm_121a.cubin
ELF file   11: _C_stable_libtorch.abi3.11.sm_121a.cubin
ELF file   12: _C_stable_libtorch.abi3.12.sm_121a.cubin
ELF file   13: _C_stable_libtorch.abi3.13.sm_121a.cubin
ELF file   14: _C_stable_libtorch.abi3.14.sm_121a.cubin
ELF file   15: _C_stable_libtorch.abi3.15.sm_121a.cubin
ELF file   16: _C_stable_libtorch.abi3.16.sm_121a.cubin
ELF file   17: _C_stable_libtorch.abi3.17.sm_121a.cubin
ELF file   18: _C_stable_libtorch.abi3.18.sm_121a.cubin
ELF file   19: _C_stable_libtorch.abi3.19.sm_121a.cubin
ELF file   20: _C_stable_libtorch.abi3.20.sm_121a.cubin
ELF file   21: _C_stable_libtorch.abi3.21.sm_121a.cubin
ELF file   22: _C_stable_libtorch.abi3.22.sm_121a.cubin
ELF file   23: _C_stable_libtorch.abi3.23.sm_121a.cubin
ELF file   24: _C_stable_libtorch.abi3.24.sm_121a.cubin
ELF file   25: _C_stable_libtorch.abi3.25.sm_121a.cubin
ELF file   26: _C_stable_libtorch.abi3.26.sm_121a.cubin
ELF file   27: _C_stable_libtorch.abi3.27.sm_121a.cubin
ELF file   28: _C_stable_libtorch.abi3.28.sm_121a.cubin
ELF file   29: _C_stable_libtorch.abi3.29.sm_121a.cubin
ELF file   30: _C_stable_libtorch.abi3.30.sm_121a.cubin
ELF file   31: _C_stable_libtorch.abi3.31.sm_121a.cubin
ELF file   32: _C_stable_libtorch.abi3.32.sm_121a.cubin
ELF file   33: _C_stable_libtorch.abi3.33.sm_121a.cubin
ELF file   34: _C_stable_libtorch.abi3.34.sm_121a.cubin
ELF file   35: _C_stable_libtorch.abi3.35.sm_121a.cubin
ELF file   36: _C_stable_libtorch.abi3.36.sm_121a.cubin
ELF file   37: _C_stable_libtorch.abi3.37.sm_121a.cubin
ELF file   38: _C_stable_libtorch.abi3.38.sm_121a.cubin
ELF file   39: _C_stable_libtorch.abi3.39.sm_121a.cubin
ELF file   40: _C_stable_libtorch.abi3.40.sm_121a.cubin
ELF file   41: _C_stable_libtorch.abi3.41.sm_121a.cubin
ELF file   42: _C_stable_libtorch.abi3.42.sm_121a.cubin
ELF file   43: _C_stable_libtorch.abi3.43.sm_121a.cubin
ELF file   44: _C_stable_libtorch.abi3.44.sm_121a.cubin
ELF file   45: _C_stable_libtorch.abi3.45.sm_121a.cubin
ELF file   46: _C_stable_libtorch.abi3.46.sm_121a.cubin
ELF file   47: _C_stable_libtorch.abi3.47.sm_121a.cubin
ELF file   48: _C_stable_libtorch.abi3.48.sm_121a.cubin
ELF file   49: _C_stable_libtorch.abi3.49.sm_121a.cubin
ELF file   50: _C_stable_libtorch.abi3.50.sm_121a.cubin
ELF file   51: _C_stable_libtorch.abi3.51.sm_121a.cubin
ELF file   52: _C_stable_libtorch.abi3.52.sm_121a.cubin
ELF file   53: _C_stable_libtorch.abi3.53.sm_121a.cubin
ELF file   54: _C_stable_libtorch.abi3.54.sm_121a.cubin
ELF file   55: _C_stable_libtorch.abi3.55.sm_121a.cubin
ELF file   56: _C_stable_libtorch.abi3.56.sm_121a.cubin
ELF file   57: _C_stable_libtorch.abi3.57.sm_80.cubin
ELF file   58: _C_stable_libtorch.abi3.58.sm_80.cubin
ELF file   59: _C_stable_libtorch.abi3.59.sm_80.cubin
ELF file   60: _C_stable_libtorch.abi3.60.sm_80.cubin
ELF file   61: _C_stable_libtorch.abi3.61.sm_121a.cubin
ELF file   62: _C_stable_libtorch.abi3.62.sm_121a.cubin
ELF file   63: _C_stable_libtorch.abi3.63.sm_121a.cubin
ELF file   64: _C_stable_libtorch.abi3.64.sm_121a.cubin
ELF file   65: _C_stable_libtorch.abi3.65.sm_121a.cubin
ELF file   66: _C_stable_libtorch.abi3.66.sm_121a.cubin
ELF file   67: _C_stable_libtorch.abi3.67.sm_89.cubin
ELF file   68: _C_stable_libtorch.abi3.68.sm_121a.cubin
ELF file   69: _C_stable_libtorch.abi3.69.sm_121a.cubin
ELF file   70: _C_stable_libtorch.abi3.70.sm_121a.cubin
ELF file   71: _C_stable_libtorch.abi3.71.sm_121a.cubin
ELF file   72: _C_stable_libtorch.abi3.72.sm_121a.cubin
ELF file   73: _C_stable_libtorch.abi3.73.sm_121a.cubin
ELF file   74: _C_stable_libtorch.abi3.74.sm_121a.cubin
ELF file   75: _C_stable_libtorch.abi3.75.sm_121a.cubin
ELF file   76: _C_stable_libtorch.abi3.76.sm_121a.cubin
ELF file   77: _C_stable_libtorch.abi3.77.sm_90.cubin

NATIVE-OK 8ee9441cd0c1468e4f21ba75dae55d76fe30381b0949f9e9745ba9d7da4f3d32 /opt/jovian-judgement/vllm/vllm/_C_stable_libtorch.abi3.so
R32 caller-owned Q output numerical regression: PASS
JJ r32 Spark runtime contract: PASS
============================= test session starts ==============================
platform linux -- Python 3.12.3, pytest-8.4.1, pluggy-1.6.0 -- /opt/venv/bin/python
cachedir: .pytest_cache
rootdir: /opt/jovian-judgement/vllm
configfile: pyproject.toml
plugins: typeguard-4.5.2, anyio-4.14.2
collecting ... W0910 14:50:29.500000 91 torch/utils/_pytree.py:630] <enum 'KernelPreference'> is an Enum subclass and is now natively supported by torch.compile as an opaque value type. Calling register_constant() on Enum subclasses is deprecated and will be an error in a future release.
W0910 14:50:29.515000 91 torch/utils/_pytree.py:630] <enum 'ScaleCalculationMode'> is an Enum subclass and is now natively supported by torch.compile as an opaque value type. Calling register_constant() on Enum subclasses is deprecated and will be an error in a future release.
collected 235 items

tests/kernels/test_glm_pool_tail_selection.py::test_pool_tail_active_prefix[eager-64-4-dcp1_cache-1] PASSED
tests/kernels/test_glm_pool_tail_selection.py::test_pool_tail_active_prefix[eager-64-4-dcp1_cache-2] PASSED
tests/kernels/test_glm_pool_tail_selection.py::test_pool_tail_active_prefix[eager-64-4-dcp1_cache-3] PASSED
tests/kernels/test_glm_pool_tail_selection.py::test_pool_tail_active_prefix[eager-64-4-dcp1_cache-4] PASSED
tests/kernels/test_glm_pool_tail_selection.py::test_pool_tail_active_prefix[eager-64-4-dcp1_cache-5] PASSED
tests/kernels/test_glm_pool_tail_selection.py::test_pool_tail_active_prefix[eager-64-4-dcp1_cache-7] PASSED
tests/kernels/test_glm_pool_tail_selection.py::test_pool_tail_active_prefix[eager-64-4-dcp1_cache-8] PASSED
tests/kernels/test_glm_pool_tail_selection.py::test_pool_tail_active_prefix[eager-64-4-dcp1_cache-15] PASSED
tests/kernels/test_glm_pool_tail_selection.py::test_pool_tail_active_prefix[eager-64-4-dcp1_cache-2047] PASSED
tests/kernels/test_glm_pool_tail_selection.py::test_pool_tail_active_prefix[eager-64-4-dcp1_cache-2048] PASSED
tests/kernels/test_glm_pool_tail_selection.py::test_pool_tail_active_prefix[eager-64-4-dcp1_cache-2049] PASSED
tests/kernels/test_glm_pool_tail_selection.py::test_pool_tail_active_prefix[eager-64-4-dcp1_cache-2051] PASSED
tests/kernels/test_glm_pool_tail_selection.py::test_pool_tail_active_prefix[eager-64-4-dcp1_cache-262173] PASSED
tests/kernels/test_glm_pool_tail_selection.py::test_pool_tail_active_prefix[eager-64-4-dcp1_prefill-1] PASSED
tests/kernels/test_glm_pool_tail_selection.py::test_pool_tail_active_prefix[eager-64-4-dcp1_prefill-2] PASSED
tests/kernels/test_glm_pool_tail_selection.py::test_pool_tail_active_prefix[eager-64-4-dcp1_prefill-3] PASSED
tests/kernels/test_glm_pool_tail_selection.py::test_pool_tail_active_prefix[eager-64-4-dcp1_prefill-4] PASSED
tests/kernels/test_glm_pool_tail_selection.py::test_pool_tail_active_prefix[eager-64-4-dcp1_prefill-5] PASSED
tests/kernels/test_glm_pool_tail_selection.py::test_pool_tail_active_prefix[eager-64-4-dcp1_prefill-7] PASSED
tests/kernels/test_glm_pool_tail_selection.py::test_pool_tail_active_prefix[eager-64-4-dcp1_prefill-8] PASSED
tests/kernels/test_glm_pool_tail_selection.py::test_pool_tail_active_prefix[eager-64-4-dcp1_prefill-15] PASSED
tests/kernels/test_glm_pool_tail_selection.py::test_pool_tail_active_prefix[eager-64-4-dcp1_prefill-2047] PASSED
tests/kernels/test_glm_pool_tail_selection.py::test_pool_tail_active_prefix[eager-64-4-dcp1_prefill-2048] PASSED
tests/kernels/test_glm_pool_tail_selection.py::test_pool_tail_active_prefix[eager-64-4-dcp1_prefill-2049] PASSED
tests/kernels/test_glm_pool_tail_selection.py::test_pool_tail_active_prefix[eager-64-4-dcp1_prefill-2051] PASSED
tests/kernels/test_glm_pool_tail_selection.py::test_pool_tail_active_prefix[eager-64-4-dcp1_prefill-262173] PASSED
tests/kernels/test_glm_pool_tail_selection.py::test_pool_tail_active_prefix[eager-64-4-dcp4-1] PASSED
tests/kernels/test_glm_pool_tail_selection.py::test_pool_tail_active_prefix[eager-64-4-dcp4-2] PASSED
tests/kernels/test_glm_pool_tail_selection.py::test_pool_tail_active_prefix[eager-64-4-dcp4-3] PASSED
tests/kernels/test_glm_pool_tail_selection.py::test_pool_tail_active_prefix[eager-64-4-dcp4-4] PASSED
tests/kernels/test_glm_pool_tail_selection.py::test_pool_tail_active_prefix[eager-64-4-dcp4-5] PASSED
tests/kernels/test_glm_pool_tail_selection.py::test_pool_tail_active_prefix[eager-64-4-dcp4-7] PASSED
tests/kernels/test_glm_pool_tail_selection.py::test_pool_tail_active_prefix[eager-64-4-dcp4-8] PASSED
tests/kernels/test_glm_pool_tail_selection.py::test_pool_tail_active_prefix[eager-64-4-dcp4-15] PASSED
tests/kernels/test_glm_pool_tail_selection.py::test_pool_tail_active_prefix[eager-64-4-dcp4-2047] PASSED
tests/kernels/test_glm_pool_tail_selection.py::test_pool_tail_active_prefix[eager-64-4-dcp4-2048] PASSED
tests/kernels/test_glm_pool_tail_selection.py::test_pool_tail_active_prefix[eager-64-4-dcp4-2049] PASSED
tests/kernels/test_glm_pool_tail_selection.py::test_pool_tail_active_prefix[eager-64-4-dcp4-2051] PASSED
tests/kernels/test_glm_pool_tail_selection.py::test_pool_tail_active_prefix[eager-64-4-dcp4-262173] PASSED
tests/kernels/test_glm_pool_tail_selection.py::test_pool_tail_active_prefix[eager-64-64-dcp1_cache-1] PASSED
tests/kernels/test_glm_pool_tail_selection.py::test_pool_tail_active_prefix[eager-64-64-dcp1_cache-2] PASSED
tests/kernels/test_glm_pool_tail_selection.py::test_pool_tail_active_prefix[eager-64-64-dcp1_cache-3] PASSED
tests/kernels/test_glm_pool_tail_selection.py::test_pool_tail_active_prefix[eager-64-64-dcp1_cache-4] PASSED
tests/kernels/test_glm_pool_tail_selection.py::test_pool_tail_active_prefix[eager-64-64-dcp1_cache-5] PASSED
tests/kernels/test_glm_pool_tail_selection.py::test_pool_tail_active_prefix[eager-64-64-dcp1_cache-7] PASSED
tests/kernels/test_glm_pool_tail_selection.py::test_pool_tail_active_prefix[eager-64-64-dcp1_cache-8] PASSED
tests/kernels/test_glm_pool_tail_selection.py::test_pool_tail_active_prefix[eager-64-64-dcp1_cache-15] PASSED
tests/kernels/test_glm_pool_tail_selection.py::test_pool_tail_active_prefix[eager-64-64-dcp1_cache-2047] PASSED
tests/kernels/test_glm_pool_tail_selection.py::test_pool_tail_active_prefix[eager-64-64-dcp1_cache-2048] PASSED
tests/kernels/test_glm_pool_tail_selection.py::test_pool_tail_active_prefix[eager-64-64-dcp1_cache-2049] PASSED
tests/kernels/test_glm_pool_tail_selection.py::test_pool_tail_active_prefix[eager-64-64-dcp1_cache-2051] PASSED
tests/kernels/test_glm_pool_tail_selection.py::test_pool_tail_active_prefix[eager-64-64-dcp1_cache-262173] PASSED
tests/kernels/test_glm_pool_tail_selection.py::test_pool_tail_active_prefix[eager-64-64-dcp1_prefill-1] PASSED
tests/kernels/test_glm_pool_tail_selection.py::test_pool_tail_active_prefix[eager-64-64-dcp1_prefill-2] PASSED
tests/kernels/test_glm_pool_tail_selection.py::test_pool_tail_active_prefix[eager-64-64-dcp1_prefill-3] PASSED
tests/kernels/test_glm_pool_tail_selection.py::test_pool_tail_active_prefix[eager-64-64-dcp1_prefill-4] PASSED
tests/kernels/test_glm_pool_tail_selection.py::test_pool_tail_active_prefix[eager-64-64-dcp1_prefill-5] PASSED
tests/kernels/test_glm_pool_tail_selection.py::test_pool_tail_active_prefix[eager-64-64-dcp1_prefill-7] PASSED
tests/kernels/test_glm_pool_tail_selection.py::test_pool_tail_active_prefix[eager-64-64-dcp1_prefill-8] PASSED
tests/kernels/test_glm_pool_tail_selection.py::test_pool_tail_active_prefix[eager-64-64-dcp1_prefill-15] PASSED
tests/kernels/test_glm_pool_tail_selection.py::test_pool_tail_active_prefix[eager-64-64-dcp1_prefill-2047] PASSED
tests/kernels/test_glm_pool_tail_selection.py::test_pool_tail_active_prefix[eager-64-64-dcp1_prefill-2048] PASSED
tests/kernels/test_glm_pool_tail_selection.py::test_pool_tail_active_prefix[eager-64-64-dcp1_prefill-2049] PASSED
tests/kernels/test_glm_pool_tail_selection.py::test_pool_tail_active_prefix[eager-64-64-dcp1_prefill-2051] PASSED
tests/kernels/test_glm_pool_tail_selection.py::test_pool_tail_active_prefix[eager-64-64-dcp1_prefill-262173] PASSED
tests/kernels/test_glm_pool_tail_selection.py::test_pool_tail_active_prefix[eager-64-64-dcp4-1] PASSED
tests/kernels/test_glm_pool_tail_selection.py::test_pool_tail_active_prefix[eager-64-64-dcp4-2] PASSED
tests/kernels/test_glm_pool_tail_selection.py::test_pool_tail_active_prefix[eager-64-64-dcp4-3] PASSED
tests/kernels/test_glm_pool_tail_selection.py::test_pool_tail_active_prefix[eager-64-64-dcp4-4] PASSED
tests/kernels/test_glm_pool_tail_selection.py::test_pool_tail_active_prefix[eager-64-64-dcp4-5] PASSED
tests/kernels/test_glm_pool_tail_selection.py::test_pool_tail_active_prefix[eager-64-64-dcp4-7] PASSED
tests/kernels/test_glm_pool_tail_selection.py::test_pool_tail_active_prefix[eager-64-64-dcp4-8] PASSED
tests/kernels/test_glm_pool_tail_selection.py::test_pool_tail_active_prefix[eager-64-64-dcp4-15] PASSED
tests/kernels/test_glm_pool_tail_selection.py::test_pool_tail_active_prefix[eager-64-64-dcp4-2047] PASSED
tests/kernels/test_glm_pool_tail_selection.py::test_pool_tail_active_prefix[eager-64-64-dcp4-2048] PASSED
tests/kernels/test_glm_pool_tail_selection.py::test_pool_tail_active_prefix[eager-64-64-dcp4-2049] PASSED
tests/kernels/test_glm_pool_tail_selection.py::test_pool_tail_active_prefix[eager-64-64-dcp4-2051] PASSED
tests/kernels/test_glm_pool_tail_selection.py::test_pool_tail_active_prefix[eager-64-64-dcp4-262173] PASSED
tests/kernels/test_glm_pool_tail_selection.py::test_pool_tail_active_prefix[eager-2048-2048-dcp1_cache-1] PASSED
tests/kernels/test_glm_pool_tail_selection.py::test_pool_tail_active_prefix[eager-2048-2048-dcp1_cache-2] PASSED
tests/kernels/test_glm_pool_tail_selection.py::test_pool_tail_active_prefix[eager-2048-2048-dcp1_cache-3] PASSED
tests/kernels/test_glm_pool_tail_selection.py::test_pool_tail_active_prefix[eager-2048-2048-dcp1_cache-4] PASSED
tests/kernels/test_glm_pool_tail_selection.py::test_pool_tail_active_prefix[eager-2048-2048-dcp1_cache-5] PASSED
tests/kernels/test_glm_pool_tail_selection.py::test_pool_tail_active_prefix[eager-2048-2048-dcp1_cache-7] PASSED
tests/kernels/test_glm_pool_tail_selection.py::test_pool_tail_active_prefix[eager-2048-2048-dcp1_cache-8] PASSED
tests/kernels/test_glm_pool_tail_selection.py::test_pool_tail_active_prefix[eager-2048-2048-dcp1_cache-15] PASSED
tests/kernels/test_glm_pool_tail_selection.py::test_pool_tail_active_prefix[eager-2048-2048-dcp1_cache-2047] PASSED
tests/kernels/test_glm_pool_tail_selection.py::test_pool_tail_active_prefix[eager-2048-2048-dcp1_cache-2048] PASSED
tests/kernels/test_glm_pool_tail_selection.py::test_pool_tail_active_prefix[eager-2048-2048-dcp1_cache-2049] PASSED
tests/kernels/test_glm_pool_tail_selection.py::test_pool_tail_active_prefix[eager-2048-2048-dcp1_cache-2051] PASSED
tests/kernels/test_glm_pool_tail_selection.py::test_pool_tail_active_prefix[eager-2048-2048-dcp1_cache-262173] PASSED
tests/kernels/test_glm_pool_tail_selection.py::test_pool_tail_active_prefix[eager-2048-2048-dcp1_prefill-1] PASSED
tests/kernels/test_glm_pool_tail_selection.py::test_pool_tail_active_prefix[eager-2048-2048-dcp1_prefill-2] PASSED
tests/kernels/test_glm_pool_tail_selection.py::test_pool_tail_active_prefix[eager-2048-2048-dcp1_prefill-3] PASSED
tests/kernels/test_glm_pool_tail_selection.py::test_pool_tail_active_prefix[eager-2048-2048-dcp1_prefill-4] PASSED
tests/kernels/test_glm_pool_tail_selection.py::test_pool_tail_active_prefix[eager-2048-2048-dcp1_prefill-5] PASSED
tests/kernels/test_glm_pool_tail_selection.py::test_pool_tail_active_prefix[eager-2048-2048-dcp1_prefill-7] PASSED
tests/kernels/test_glm_pool_tail_selection.py::test_pool_tail_active_prefix[eager-2048-2048-dcp1_prefill-8] PASSED
tests/kernels/test_glm_pool_tail_selection.py::test_pool_tail_active_prefix[eager-2048-2048-dcp1_prefill-15] PASSED
tests/kernels/test_glm_pool_tail_selection.py::test_pool_tail_active_prefix[eager-2048-2048-dcp1_prefill-2047] PASSED
tests/kernels/test_glm_pool_tail_selection.py::test_pool_tail_active_prefix[eager-2048-2048-dcp1_prefill-2048] PASSED
tests/kernels/test_glm_pool_tail_selection.py::test_pool_tail_active_prefix[eager-2048-2048-dcp1_prefill-2049] PASSED
tests/kernels/test_glm_pool_tail_selection.py::test_pool_tail_active_prefix[eager-2048-2048-dcp1_prefill-2051] PASSED
tests/kernels/test_glm_pool_tail_selection.py::test_pool_tail_active_prefix[eager-2048-2048-dcp1_prefill-262173] PASSED
tests/kernels/test_glm_pool_tail_selection.py::test_pool_tail_active_prefix[eager-2048-2048-dcp4-1] PASSED
tests/kernels/test_glm_pool_tail_selection.py::test_pool_tail_active_prefix[eager-2048-2048-dcp4-2] PASSED
tests/kernels/test_glm_pool_tail_selection.py::test_pool_tail_active_prefix[eager-2048-2048-dcp4-3] PASSED
tests/kernels/test_glm_pool_tail_selection.py::test_pool_tail_active_prefix[eager-2048-2048-dcp4-4] PASSED
tests/kernels/test_glm_pool_tail_selection.py::test_pool_tail_active_prefix[eager-2048-2048-dcp4-5] PASSED
tests/kernels/test_glm_pool_tail_selection.py::test_pool_tail_active_prefix[eager-2048-2048-dcp4-7] PASSED
tests/kernels/test_glm_pool_tail_selection.py::test_pool_tail_active_prefix[eager-2048-2048-dcp4-8] PASSED
tests/kernels/test_glm_pool_tail_selection.py::test_pool_tail_active_prefix[eager-2048-2048-dcp4-15] PASSED
tests/kernels/test_glm_pool_tail_selection.py::test_pool_tail_active_prefix[eager-2048-2048-dcp4-2047] PASSED
tests/kernels/test_glm_pool_tail_selection.py::test_pool_tail_active_prefix[eager-2048-2048-dcp4-2048] PASSED
tests/kernels/test_glm_pool_tail_selection.py::test_pool_tail_active_prefix[eager-2048-2048-dcp4-2049] PASSED
tests/kernels/test_glm_pool_tail_selection.py::test_pool_tail_active_prefix[eager-2048-2048-dcp4-2051] PASSED
tests/kernels/test_glm_pool_tail_selection.py::test_pool_tail_active_prefix[eager-2048-2048-dcp4-262173] PASSED
tests/kernels/test_glm_pool_tail_selection.py::test_pool_tail_active_prefix[graph-64-4-dcp1_cache-1] PASSED
tests/kernels/test_glm_pool_tail_selection.py::test_pool_tail_active_prefix[graph-64-4-dcp1_cache-2] PASSED
tests/kernels/test_glm_pool_tail_selection.py::test_pool_tail_active_prefix[graph-64-4-dcp1_cache-3] PASSED
tests/kernels/test_glm_pool_tail_selection.py::test_pool_tail_active_prefix[graph-64-4-dcp1_cache-4] PASSED
tests/kernels/test_glm_pool_tail_selection.py::test_pool_tail_active_prefix[graph-64-4-dcp1_cache-5] PASSED
tests/kernels/test_glm_pool_tail_selection.py::test_pool_tail_active_prefix[graph-64-4-dcp1_cache-7] PASSED
tests/kernels/test_glm_pool_tail_selection.py::test_pool_tail_active_prefix[graph-64-4-dcp1_cache-8] PASSED
tests/kernels/test_glm_pool_tail_selection.py::test_pool_tail_active_prefix[graph-64-4-dcp1_cache-15] PASSED
tests/kernels/test_glm_pool_tail_selection.py::test_pool_tail_active_prefix[graph-64-4-dcp1_cache-2047] PASSED
tests/kernels/test_glm_pool_tail_selection.py::test_pool_tail_active_prefix[graph-64-4-dcp1_cache-2048] PASSED
tests/kernels/test_glm_pool_tail_selection.py::test_pool_tail_active_prefix[graph-64-4-dcp1_cache-2049] PASSED
tests/kernels/test_glm_pool_tail_selection.py::test_pool_tail_active_prefix[graph-64-4-dcp1_cache-2051] PASSED
tests/kernels/test_glm_pool_tail_selection.py::test_pool_tail_active_prefix[graph-64-4-dcp1_cache-262173] PASSED
tests/kernels/test_glm_pool_tail_selection.py::test_pool_tail_active_prefix[graph-64-4-dcp1_prefill-1] PASSED
tests/kernels/test_glm_pool_tail_selection.py::test_pool_tail_active_prefix[graph-64-4-dcp1_prefill-2] PASSED
tests/kernels/test_glm_pool_tail_selection.py::test_pool_tail_active_prefix[graph-64-4-dcp1_prefill-3] PASSED
tests/kernels/test_glm_pool_tail_selection.py::test_pool_tail_active_prefix[graph-64-4-dcp1_prefill-4] PASSED
tests/kernels/test_glm_pool_tail_selection.py::test_pool_tail_active_prefix[graph-64-4-dcp1_prefill-5] PASSED
tests/kernels/test_glm_pool_tail_selection.py::test_pool_tail_active_prefix[graph-64-4-dcp1_prefill-7] PASSED
tests/kernels/test_glm_pool_tail_selection.py::test_pool_tail_active_prefix[graph-64-4-dcp1_prefill-8] PASSED
tests/kernels/test_glm_pool_tail_selection.py::test_pool_tail_active_prefix[graph-64-4-dcp1_prefill-15] PASSED
tests/kernels/test_glm_pool_tail_selection.py::test_pool_tail_active_prefix[graph-64-4-dcp1_prefill-2047] PASSED
tests/kernels/test_glm_pool_tail_selection.py::test_pool_tail_active_prefix[graph-64-4-dcp1_prefill-2048] PASSED
tests/kernels/test_glm_pool_tail_selection.py::test_pool_tail_active_prefix[graph-64-4-dcp1_prefill-2049] PASSED
tests/kernels/test_glm_pool_tail_selection.py::test_pool_tail_active_prefix[graph-64-4-dcp1_prefill-2051] PASSED
tests/kernels/test_glm_pool_tail_selection.py::test_pool_tail_active_prefix[graph-64-4-dcp1_prefill-262173] PASSED
tests/kernels/test_glm_pool_tail_selection.py::test_pool_tail_active_prefix[graph-64-4-dcp4-1] PASSED
tests/kernels/test_glm_pool_tail_selection.py::test_pool_tail_active_prefix[graph-64-4-dcp4-2] PASSED
tests/kernels/test_glm_pool_tail_selection.py::test_pool_tail_active_prefix[graph-64-4-dcp4-3] PASSED
tests/kernels/test_glm_pool_tail_selection.py::test_pool_tail_active_prefix[graph-64-4-dcp4-4] PASSED
tests/kernels/test_glm_pool_tail_selection.py::test_pool_tail_active_prefix[graph-64-4-dcp4-5] PASSED
tests/kernels/test_glm_pool_tail_selection.py::test_pool_tail_active_prefix[graph-64-4-dcp4-7] PASSED
tests/kernels/test_glm_pool_tail_selection.py::test_pool_tail_active_prefix[graph-64-4-dcp4-8] PASSED
tests/kernels/test_glm_pool_tail_selection.py::test_pool_tail_active_prefix[graph-64-4-dcp4-15] PASSED
tests/kernels/test_glm_pool_tail_selection.py::test_pool_tail_active_prefix[graph-64-4-dcp4-2047] PASSED
tests/kernels/test_glm_pool_tail_selection.py::test_pool_tail_active_prefix[graph-64-4-dcp4-2048] PASSED
tests/kernels/test_glm_pool_tail_selection.py::test_pool_tail_active_prefix[graph-64-4-dcp4-2049] PASSED
tests/kernels/test_glm_pool_tail_selection.py::test_pool_tail_active_prefix[graph-64-4-dcp4-2051] PASSED
tests/kernels/test_glm_pool_tail_selection.py::test_pool_tail_active_prefix[graph-64-4-dcp4-262173] PASSED
tests/kernels/test_glm_pool_tail_selection.py::test_pool_tail_active_prefix[graph-64-64-dcp1_cache-1] PASSED
tests/kernels/test_glm_pool_tail_selection.py::test_pool_tail_active_prefix[graph-64-64-dcp1_cache-2] PASSED
tests/kernels/test_glm_pool_tail_selection.py::test_pool_tail_active_prefix[graph-64-64-dcp1_cache-3] PASSED
tests/kernels/test_glm_pool_tail_selection.py::test_pool_tail_active_prefix[graph-64-64-dcp1_cache-4] PASSED
tests/kernels/test_glm_pool_tail_selection.py::test_pool_tail_active_prefix[graph-64-64-dcp1_cache-5] PASSED
tests/kernels/test_glm_pool_tail_selection.py::test_pool_tail_active_prefix[graph-64-64-dcp1_cache-7] PASSED
tests/kernels/test_glm_pool_tail_selection.py::test_pool_tail_active_prefix[graph-64-64-dcp1_cache-8] PASSED
tests/kernels/test_glm_pool_tail_selection.py::test_pool_tail_active_prefix[graph-64-64-dcp1_cache-15] PASSED
tests/kernels/test_glm_pool_tail_selection.py::test_pool_tail_active_prefix[graph-64-64-dcp1_cache-2047] PASSED
tests/kernels/test_glm_pool_tail_selection.py::test_pool_tail_active_prefix[graph-64-64-dcp1_cache-2048] PASSED
tests/kernels/test_glm_pool_tail_selection.py::test_pool_tail_active_prefix[graph-64-64-dcp1_cache-2049] PASSED
tests/kernels/test_glm_pool_tail_selection.py::test_pool_tail_active_prefix[graph-64-64-dcp1_cache-2051] PASSED
tests/kernels/test_glm_pool_tail_selection.py::test_pool_tail_active_prefix[graph-64-64-dcp1_cache-262173] PASSED
tests/kernels/test_glm_pool_tail_selection.py::test_pool_tail_active_prefix[graph-64-64-dcp1_prefill-1] PASSED
tests/kernels/test_glm_pool_tail_selection.py::test_pool_tail_active_prefix[graph-64-64-dcp1_prefill-2] PASSED
tests/kernels/test_glm_pool_tail_selection.py::test_pool_tail_active_prefix[graph-64-64-dcp1_prefill-3] PASSED
tests/kernels/test_glm_pool_tail_selection.py::test_pool_tail_active_prefix[graph-64-64-dcp1_prefill-4] PASSED
tests/kernels/test_glm_pool_tail_selection.py::test_pool_tail_active_prefix[graph-64-64-dcp1_prefill-5] PASSED
tests/kernels/test_glm_pool_tail_selection.py::test_pool_tail_active_prefix[graph-64-64-dcp1_prefill-7] PASSED
tests/kernels/test_glm_pool_tail_selection.py::test_pool_tail_active_prefix[graph-64-64-dcp1_prefill-8] PASSED
tests/kernels/test_glm_pool_tail_selection.py::test_pool_tail_active_prefix[graph-64-64-dcp1_prefill-15] PASSED
tests/kernels/test_glm_pool_tail_selection.py::test_pool_tail_active_prefix[graph-64-64-dcp1_prefill-2047] PASSED
tests/kernels/test_glm_pool_tail_selection.py::test_pool_tail_active_prefix[graph-64-64-dcp1_prefill-2048] PASSED
tests/kernels/test_glm_pool_tail_selection.py::test_pool_tail_active_prefix[graph-64-64-dcp1_prefill-2049] PASSED
tests/kernels/test_glm_pool_tail_selection.py::test_pool_tail_active_prefix[graph-64-64-dcp1_prefill-2051] PASSED
tests/kernels/test_glm_pool_tail_selection.py::test_pool_tail_active_prefix[graph-64-64-dcp1_prefill-262173] PASSED
tests/kernels/test_glm_pool_tail_selection.py::test_pool_tail_active_prefix[graph-64-64-dcp4-1] PASSED
tests/kernels/test_glm_pool_tail_selection.py::test_pool_tail_active_prefix[graph-64-64-dcp4-2] PASSED
tests/kernels/test_glm_pool_tail_selection.py::test_pool_tail_active_prefix[graph-64-64-dcp4-3] PASSED
tests/kernels/test_glm_pool_tail_selection.py::test_pool_tail_active_prefix[graph-64-64-dcp4-4] PASSED
tests/kernels/test_glm_pool_tail_selection.py::test_pool_tail_active_prefix[graph-64-64-dcp4-5] PASSED
tests/kernels/test_glm_pool_tail_selection.py::test_pool_tail_active_prefix[graph-64-64-dcp4-7] PASSED
tests/kernels/test_glm_pool_tail_selection.py::test_pool_tail_active_prefix[graph-64-64-dcp4-8] PASSED
tests/kernels/test_glm_pool_tail_selection.py::test_pool_tail_active_prefix[graph-64-64-dcp4-15] PASSED
tests/kernels/test_glm_pool_tail_selection.py::test_pool_tail_active_prefix[graph-64-64-dcp4-2047] PASSED
tests/kernels/test_glm_pool_tail_selection.py::test_pool_tail_active_prefix[graph-64-64-dcp4-2048] PASSED
tests/kernels/test_glm_pool_tail_selection.py::test_pool_tail_active_prefix[graph-64-64-dcp4-2049] PASSED
tests/kernels/test_glm_pool_tail_selection.py::test_pool_tail_active_prefix[graph-64-64-dcp4-2051] PASSED
tests/kernels/test_glm_pool_tail_selection.py::test_pool_tail_active_prefix[graph-64-64-dcp4-262173] PASSED
tests/kernels/test_glm_pool_tail_selection.py::test_pool_tail_active_prefix[graph-2048-2048-dcp1_cache-1] PASSED
tests/kernels/test_glm_pool_tail_selection.py::test_pool_tail_active_prefix[graph-2048-2048-dcp1_cache-2] PASSED
tests/kernels/test_glm_pool_tail_selection.py::test_pool_tail_active_prefix[graph-2048-2048-dcp1_cache-3] PASSED
tests/kernels/test_glm_pool_tail_selection.py::test_pool_tail_active_prefix[graph-2048-2048-dcp1_cache-4] PASSED
tests/kernels/test_glm_pool_tail_selection.py::test_pool_tail_active_prefix[graph-2048-2048-dcp1_cache-5] PASSED
tests/kernels/test_glm_pool_tail_selection.py::test_pool_tail_active_prefix[graph-2048-2048-dcp1_cache-7] PASSED
tests/kernels/test_glm_pool_tail_selection.py::test_pool_tail_active_prefix[graph-2048-2048-dcp1_cache-8] PASSED
tests/kernels/test_glm_pool_tail_selection.py::test_pool_tail_active_prefix[graph-2048-2048-dcp1_cache-15] PASSED
tests/kernels/test_glm_pool_tail_selection.py::test_pool_tail_active_prefix[graph-2048-2048-dcp1_cache-2047] PASSED
tests/kernels/test_glm_pool_tail_selection.py::test_pool_tail_active_prefix[graph-2048-2048-dcp1_cache-2048] PASSED
tests/kernels/test_glm_pool_tail_selection.py::test_pool_tail_active_prefix[graph-2048-2048-dcp1_cache-2049] PASSED
tests/kernels/test_glm_pool_tail_selection.py::test_pool_tail_active_prefix[graph-2048-2048-dcp1_cache-2051] PASSED
tests/kernels/test_glm_pool_tail_selection.py::test_pool_tail_active_prefix[graph-2048-2048-dcp1_cache-262173] PASSED
tests/kernels/test_glm_pool_tail_selection.py::test_pool_tail_active_prefix[graph-2048-2048-dcp1_prefill-1] PASSED
tests/kernels/test_glm_pool_tail_selection.py::test_pool_tail_active_prefix[graph-2048-2048-dcp1_prefill-2] PASSED
tests/kernels/test_glm_pool_tail_selection.py::test_pool_tail_active_prefix[graph-2048-2048-dcp1_prefill-3] PASSED
tests/kernels/test_glm_pool_tail_selection.py::test_pool_tail_active_prefix[graph-2048-2048-dcp1_prefill-4] PASSED
tests/kernels/test_glm_pool_tail_selection.py::test_pool_tail_active_prefix[graph-2048-2048-dcp1_prefill-5] PASSED
tests/kernels/test_glm_pool_tail_selection.py::test_pool_tail_active_prefix[graph-2048-2048-dcp1_prefill-7] PASSED
tests/kernels/test_glm_pool_tail_selection.py::test_pool_tail_active_prefix[graph-2048-2048-dcp1_prefill-8] PASSED
tests/kernels/test_glm_pool_tail_selection.py::test_pool_tail_active_prefix[graph-2048-2048-dcp1_prefill-15] PASSED
tests/kernels/test_glm_pool_tail_selection.py::test_pool_tail_active_prefix[graph-2048-2048-dcp1_prefill-2047] PASSED
tests/kernels/test_glm_pool_tail_selection.py::test_pool_tail_active_prefix[graph-2048-2048-dcp1_prefill-2048] PASSED
tests/kernels/test_glm_pool_tail_selection.py::test_pool_tail_active_prefix[graph-2048-2048-dcp1_prefill-2049] PASSED
tests/kernels/test_glm_pool_tail_selection.py::test_pool_tail_active_prefix[graph-2048-2048-dcp1_prefill-2051] PASSED
tests/kernels/test_glm_pool_tail_selection.py::test_pool_tail_active_prefix[graph-2048-2048-dcp1_prefill-262173] PASSED
tests/kernels/test_glm_pool_tail_selection.py::test_pool_tail_active_prefix[graph-2048-2048-dcp4-1] PASSED
tests/kernels/test_glm_pool_tail_selection.py::test_pool_tail_active_prefix[graph-2048-2048-dcp4-2] PASSED
tests/kernels/test_glm_pool_tail_selection.py::test_pool_tail_active_prefix[graph-2048-2048-dcp4-3] PASSED
tests/kernels/test_glm_pool_tail_selection.py::test_pool_tail_active_prefix[graph-2048-2048-dcp4-4] PASSED
tests/kernels/test_glm_pool_tail_selection.py::test_pool_tail_active_prefix[graph-2048-2048-dcp4-5] PASSED
tests/kernels/test_glm_pool_tail_selection.py::test_pool_tail_active_prefix[graph-2048-2048-dcp4-7] PASSED
tests/kernels/test_glm_pool_tail_selection.py::test_pool_tail_active_prefix[graph-2048-2048-dcp4-8] PASSED
tests/kernels/test_glm_pool_tail_selection.py::test_pool_tail_active_prefix[graph-2048-2048-dcp4-15] PASSED
tests/kernels/test_glm_pool_tail_selection.py::test_pool_tail_active_prefix[graph-2048-2048-dcp4-2047] PASSED
tests/kernels/test_glm_pool_tail_selection.py::test_pool_tail_active_prefix[graph-2048-2048-dcp4-2048] PASSED
tests/kernels/test_glm_pool_tail_selection.py::test_pool_tail_active_prefix[graph-2048-2048-dcp4-2049] PASSED
tests/kernels/test_glm_pool_tail_selection.py::test_pool_tail_active_prefix[graph-2048-2048-dcp4-2051] PASSED
tests/kernels/test_glm_pool_tail_selection.py::test_pool_tail_active_prefix[graph-2048-2048-dcp4-262173] PASSED
tests/kernels/test_glm_pool_tail_selection.py::test_five_token_tail_changes_b12x_attention [b12x cute.compile] compile-start number=1 target=b12x.attention._shared.mla.kv_cache.ConcatAndCacheGlmNextMlaKernel cache_key=4159ecdc3e1b7b8b kernel=attention.mla.glm_next_kv_cache version=1 params=[['kv_c', ['tensor', 'kv_c', 'torch.bfloat16', 2, [['dim', 'dynamic', None], ['dim', 'exact', 512]], [['dim', 'dynamic', None], ['dim', 'exact', 1]], ['cuda', 0], None, None]], ['kv_cache', ['tensor', 'kv_cache', 'torch.uint8', 3, [['dim', 'dynamic', None], ['dim', 'exact', 64], ['dim', 'exact', 528]], [['dim', 'dynamic', None], ['dim', 'exact', 528], ['dim', 'exact', 1]], ['cuda', 0], None, None]], ['slot_mapping', ['tensor', 'slot_mapping', 'torch.int64', 1, [['dim', 'dynamic', None]], [['dim', 'exact', 1]], ['cuda', 0], None, None]], ['block_size', 64]]
[b12x cute.compile] compile-done number=1 duration_s=0.067 total_compile_s=0.067 target=b12x.attention._shared.mla.kv_cache.ConcatAndCacheGlmNextMlaKernel cache_key=4159ecdc3e1b7b8b kernel=attention.mla.glm_next_kv_cache version=1 params=[['kv_c', ['tensor', 'kv_c', 'torch.bfloat16', 2, [['dim', 'dynamic', None], ['dim', 'exact', 512]], [['dim', 'dynamic', None], ['dim', 'exact', 1]], ['cuda', 0], None, None]], ['kv_cache', ['tensor', 'kv_cache', 'torch.uint8', 3, [['dim', 'dynamic', None], ['dim', 'exact', 64], ['dim', 'exact', 528]], [['dim', 'dynamic', None], ['dim', 'exact', 528], ['dim', 'exact', 1]], ['cuda', 0], None, None]], ['slot_mapping', ['tensor', 'slot_mapping', 'torch.int64', 1, [['dim', 'dynamic', None]], [['dim', 'exact', 1]], ['cuda', 0], None, None]], ['block_size', 64]]
[b12x cute.compile] compile-start number=2 target=b12x.attention._shared.mla.kernel.UnifiedDecodeKernel.call_pertok cache_key=255a38417b6ea93e kernel=attention.mla.sm120.decode version=32 params=[['latent_scale_identity', 1], ['model_type', 2], ['compute_mode', 0], ['scale_format', 1], ['fp8_rope', 0], ['latent_scale_per_token', 0], ['num_heads', 16], ['hpb', 16], ['valid_hpb', 16], ['head_block_offset', 0], ['grid_h_blocks', 1], ['num_splits', 33], ['chunks_per_split', 1], ['page_block_size', 64], ['topk_bucket', 4096], ['has_extra', 0], ['pbs_extra', 1], ['extra_topk_bucket', 0], ['per_token_len', 1], ['native_glm_h8', 0], ['native_dsv4_h8', 0], ['native_dsv4_h16', 0], ['vector_q', 1], ['q_all', ['tensor', 'q_all', 'torch.bfloat16', 3, [['dim', 'dynamic', None], ['dim', 'exact', 16], ['dim', 'exact', 512]], [['dim', 'exact', 8192], ['dim', 'exact', 512], ['dim', 'exact', 1]], ['cuda', 0], None, None]], ['swa_indices', ['tensor', 'swa_indices', 'torch.int32', 2, [['dim', 'dynamic', None], ['dim', 'bucket', 2051]], [['dim', 'exact', 2051], ['dim', 'exact', 1]], ['cuda', 0], None, None]], ['mid_out', ['tensor', 'mid_out', 'torch.bfloat16', 4, [['dim', 'dynamic', None], ['dim', 'exact', 16], ['dim', 'bucket', 33], ['dim', 'exact', 512]], [['dim', 'exact', 8192], ['dim', 'exact', 512], ['dim', 'exact', 8192], ['dim', 'exact', 1]], ['cuda', 0], None, None]], ['mid_lse', ['tensor', 'mid_lse', 'torch.float32', 3, [['dim', 'dynamic', None], ['dim', 'exact', 16], ['dim', 'bucket', 33]], [['dim', 'exact', 1024], ['dim', 'exact', 64], ['dim', 'exact', 1]], ['cuda', 0], None, None]], ['topk_length', ['tensor', 'topk_length', 'torch.int32', 1, [['dim', 'dynamic', None]], [['dim', 'exact', 1]], ['cuda', 0], None, None]]]
[b12x cute.compile] compile-done number=2 duration_s=0.675 total_compile_s=0.741 target=b12x.attention._shared.mla.kernel.UnifiedDecodeKernel.call_pertok cache_key=255a38417b6ea93e kernel=attention.mla.sm120.decode version=32 params=[['latent_scale_identity', 1], ['model_type', 2], ['compute_mode', 0], ['scale_format', 1], ['fp8_rope', 0], ['latent_scale_per_token', 0], ['num_heads', 16], ['hpb', 16], ['valid_hpb', 16], ['head_block_offset', 0], ['grid_h_blocks', 1], ['num_splits', 33], ['chunks_per_split', 1], ['page_block_size', 64], ['topk_bucket', 4096], ['has_extra', 0], ['pbs_extra', 1], ['extra_topk_bucket', 0], ['per_token_len', 1], ['native_glm_h8', 0], ['native_dsv4_h8', 0], ['native_dsv4_h16', 0], ['vector_q', 1], ['q_all', ['tensor', 'q_all', 'torch.bfloat16', 3, [['dim', 'dynamic', None], ['dim', 'exact', 16], ['dim', 'exact', 512]], [['dim', 'exact', 8192], ['dim', 'exact', 512], ['dim', 'exact', 1]], ['cuda', 0], None, None]], ['swa_indices', ['tensor', 'swa_indices', 'torch.int32', 2, [['dim', 'dynamic', None], ['dim', 'bucket', 2051]], [['dim', 'exact', 2051], ['dim', 'exact', 1]], ['cuda', 0], None, None]], ['mid_out', ['tensor', 'mid_out', 'torch.bfloat16', 4, [['dim', 'dynamic', None], ['dim', 'exact', 16], ['dim', 'bucket', 33], ['dim', 'exact', 512]], [['dim', 'exact', 8192], ['dim', 'exact', 512], ['dim', 'exact', 8192], ['dim', 'exact', 1]], ['cuda', 0], None, None]], ['mid_lse', ['tensor', 'mid_lse', 'torch.float32', 3, [['dim', 'dynamic', None], ['dim', 'exact', 16], ['dim', 'bucket', 33]], [['dim', 'exact', 1024], ['dim', 'exact', 64], ['dim', 'exact', 1]], ['cuda', 0], None, None]], ['topk_length', ['tensor', 'topk_length', 'torch.int32', 1, [['dim', 'dynamic', None]], [['dim', 'exact', 1]], ['cuda', 0], None, None]]]
[b12x cute.compile] compile-start number=3 target=b12x.attention._shared.mla.merge.SparseMLASplitDecodeMergeKernel cache_key=5b187a8be843bf9a kernel=attention.mla.merge version=6 params=[['tmp_output', ['tensor', 'tmp_output', 'torch.bfloat16', 4, [['dim', 'dynamic', None], ['dim', 'exact', 16], ['dim', 'dynamic', None], ['dim', 'exact', 512]], [['dim', 'exact', 8192], ['dim', 'exact', 512], ['dim', 'dynamic', None], ['dim', 'exact', 1]], ['cuda', 0], None, None]], ['tmp_lse', ['tensor', 'tmp_lse', 'torch.float32', 3, [['dim', 'dynamic', None], ['dim', 'exact', 16], ['dim', 'dynamic', None]], [['dim', 'dynamic', None], ['dim', 'dynamic', None], ['dim', 'exact', 1]], ['cuda', 0], None, None]], ['num_chunks_ptr', [[1], [1], 'torch.int32', ['cuda', 0]]], ['output', ['tensor', 'output', 'torch.bfloat16', 3, [['dim', 'dynamic', None], ['dim', 'exact', 16], ['dim', 'exact', 512]], [['dim', 'exact', 8192], ['dim', 'exact', 512], ['dim', 'exact', 1]], ['cuda', 0], None, None]], ['tmp_output_dtype', 'torch.bfloat16'], ['output_dtype', 'torch.bfloat16'], ['static_num_chunks', 33], ['vector_output', 1], ['vector_partials', 1]]
[b12x cute.compile] compile-done number=3 duration_s=0.108 total_compile_s=0.849 target=b12x.attention._shared.mla.merge.SparseMLASplitDecodeMergeKernel cache_key=5b187a8be843bf9a kernel=attention.mla.merge version=6 params=[['tmp_output', ['tensor', 'tmp_output', 'torch.bfloat16', 4, [['dim', 'dynamic', None], ['dim', 'exact', 16], ['dim', 'dynamic', None], ['dim', 'exact', 512]], [['dim', 'exact', 8192], ['dim', 'exact', 512], ['dim', 'dynamic', None], ['dim', 'exact', 1]], ['cuda', 0], None, None]], ['tmp_lse', ['tensor', 'tmp_lse', 'torch.float32', 3, [['dim', 'dynamic', None], ['dim', 'exact', 16], ['dim', 'dynamic', None]], [['dim', 'dynamic', None], ['dim', 'dynamic', None], ['dim', 'exact', 1]], ['cuda', 0], None, None]], ['num_chunks_ptr', [[1], [1], 'torch.int32', ['cuda', 0]]], ['output', ['tensor', 'output', 'torch.bfloat16', 3, [['dim', 'dynamic', None], ['dim', 'exact', 16], ['dim', 'exact', 512]], [['dim', 'exact', 8192], ['dim', 'exact', 512], ['dim', 'exact', 1]], ['cuda', 0], None, None]], ['tmp_output_dtype', 'torch.bfloat16'], ['output_dtype', 'torch.bfloat16'], ['static_num_chunks', 33], ['vector_output', 1], ['vector_partials', 1]]
PASSED

=============================== warnings summary ===============================
../../../usr/local/lib/python3.12/dist-packages/torch/jit/_script.py:365: 14 warnings
  /usr/local/lib/python3.12/dist-packages/torch/jit/_script.py:365: DeprecationWarning: `torch.jit.script_method` is deprecated. Please switch to `torch.compile` or `torch.export`.
    warnings.warn(

-- Docs: https://docs.pytest.org/en/stable/how-to/capture-warnings.html
====================== 235 passed, 14 warnings in 12.18s =======================
R32-REGRESSION-PASS tests/kernels/test_glm_pool_tail_selection.py: 235 passed
============================= test session starts ==============================
platform linux -- Python 3.12.3, pytest-8.4.1, pluggy-1.6.0 -- /opt/venv/bin/python
cachedir: .pytest_cache
rootdir: /opt/jovian-judgement/vllm
configfile: pyproject.toml
plugins: typeguard-4.5.2, anyio-4.14.2
collecting ... W0910 14:50:45.656000 283 torch/utils/_pytree.py:630] <enum 'KernelPreference'> is an Enum subclass and is now natively supported by torch.compile as an opaque value type. Calling register_constant() on Enum subclasses is deprecated and will be an error in a future release.
W0910 14:50:45.670000 283 torch/utils/_pytree.py:630] <enum 'ScaleCalculationMode'> is an Enum subclass and is now natively supported by torch.compile as an opaque value type. Calling register_constant() on Enum subclasses is deprecated and will be an error in a future release.
collected 7 items

tests/v1/core/test_mamba_sparse_cleanup.py::test_async_sparse_cleanup[64-0] PASSED
tests/v1/core/test_mamba_sparse_cleanup.py::test_async_sparse_cleanup[64-3] PASSED
tests/v1/core/test_mamba_sparse_cleanup.py::test_async_sparse_cleanup[64-7] PASSED
tests/v1/core/test_mamba_sparse_cleanup.py::test_async_sparse_cleanup[256-0] PASSED
tests/v1/core/test_mamba_sparse_cleanup.py::test_async_sparse_cleanup[256-3] PASSED
tests/v1/core/test_mamba_sparse_cleanup.py::test_async_sparse_cleanup[256-7] PASSED
tests/v1/core/test_mamba_sparse_cleanup.py::test_cleanup_does_not_rescan_history_or_advance_past_table PASSED

=============================== warnings summary ===============================
../../../usr/local/lib/python3.12/dist-packages/torch/jit/_script.py:365: 14 warnings
  /usr/local/lib/python3.12/dist-packages/torch/jit/_script.py:365: DeprecationWarning: `torch.jit.script_method` is deprecated. Please switch to `torch.compile` or `torch.export`.
    warnings.warn(

-- Docs: https://docs.pytest.org/en/stable/how-to/capture-warnings.html
======================== 7 passed, 14 warnings in 5.77s ========================
R32-REGRESSION-PASS tests/v1/core/test_mamba_sparse_cleanup.py: 7 passed
============================= test session starts ==============================
platform linux -- Python 3.12.3, pytest-8.4.1, pluggy-1.6.0 -- /opt/venv/bin/python
cachedir: .pytest_cache
rootdir: /opt/jovian-judgement/vllm
configfile: pyproject.toml
plugins: typeguard-4.5.2, anyio-4.14.2
collecting ... W0910 14:50:53.665000 348 torch/utils/_pytree.py:630] <enum 'KernelPreference'> is an Enum subclass and is now natively supported by torch.compile as an opaque value type. Calling register_constant() on Enum subclasses is deprecated and will be an error in a future release.
W0910 14:50:53.764000 348 torch/utils/_pytree.py:630] <enum 'ScaleCalculationMode'> is an Enum subclass and is now natively supported by torch.compile as an opaque value type. Calling register_constant() on Enum subclasses is deprecated and will be an error in a future release.
collected 1 item

tests/kernels/moe/test_b12x.py::test_b12x_moe_warmup_runs_each_planner_regime_once PASSED

=============================== warnings summary ===============================
../../../usr/local/lib/python3.12/dist-packages/torch/jit/_script.py:365: 14 warnings
  /usr/local/lib/python3.12/dist-packages/torch/jit/_script.py:365: DeprecationWarning: `torch.jit.script_method` is deprecated. Please switch to `torch.compile` or `torch.export`.
    warnings.warn(

-- Docs: https://docs.pytest.org/en/stable/how-to/capture-warnings.html
======================== 1 passed, 14 warnings in 6.27s ========================
R32-REGRESSION-PASS tests/kernels/moe/test_b12x.py::test_b12x_moe_warmup_runs_each_planner_regime_once: 1 passed
============================= test session starts ==============================
platform linux -- Python 3.12.3, pytest-8.4.1, pluggy-1.6.0 -- /opt/venv/bin/python
cachedir: .pytest_cache
rootdir: /opt/jovian-judgement/vllm
configfile: pyproject.toml
plugins: typeguard-4.5.2, anyio-4.14.2
collecting ... W0910 14:51:02.633000 412 torch/utils/_pytree.py:630] <enum 'KernelPreference'> is an Enum subclass and is now natively supported by torch.compile as an opaque value type. Calling register_constant() on Enum subclasses is deprecated and will be an error in a future release.
W0910 14:51:02.647000 412 torch/utils/_pytree.py:630] <enum 'ScaleCalculationMode'> is an Enum subclass and is now natively supported by torch.compile as an opaque value type. Calling register_constant() on Enum subclasses is deprecated and will be an error in a future release.
collected 1 item

tests/models/test_glm5next_pooled_indexer.py::test_glm53_pool_expansion_appends_only_the_incomplete_tail PASSED

=============================== warnings summary ===============================
../../../usr/local/lib/python3.12/dist-packages/torch/jit/_script.py:365: 14 warnings
  /usr/local/lib/python3.12/dist-packages/torch/jit/_script.py:365: DeprecationWarning: `torch.jit.script_method` is deprecated. Please switch to `torch.compile` or `torch.export`.
    warnings.warn(

-- Docs: https://docs.pytest.org/en/stable/how-to/capture-warnings.html
======================== 1 passed, 14 warnings in 5.67s ========================
R32-REGRESSION-PASS tests/models/test_glm5next_pooled_indexer.py::test_glm53_pool_expansion_appends_only_the_incomplete_tail: 1 passed
============================= test session starts ==============================
platform linux -- Python 3.12.3, pytest-8.4.1, pluggy-1.6.0 -- /opt/venv/bin/python
cachedir: .pytest_cache
rootdir: /opt/jovian-judgement/vllm
configfile: pyproject.toml
plugins: typeguard-4.5.2, anyio-4.14.2
collecting ... W0910 14:51:10.601000 532 torch/utils/_pytree.py:630] <enum 'KernelPreference'> is an Enum subclass and is now natively supported by torch.compile as an opaque value type. Calling register_constant() on Enum subclasses is deprecated and will be an error in a future release.
W0910 14:51:10.615000 532 torch/utils/_pytree.py:630] <enum 'ScaleCalculationMode'> is an Enum subclass and is now natively supported by torch.compile as an opaque value type. Calling register_constant() on Enum subclasses is deprecated and will be an error in a future release.
collected 20 items / 13 deselected / 7 selected

tests/v1/core/test_single_type_kv_cache_manager.py::test_mamba_retirement_crosses_null_gaps PASSED
tests/v1/core/test_single_type_kv_cache_manager.py::test_mamba_retirement_bounds_prefill_states[0-3584] PASSED
tests/v1/core/test_single_type_kv_cache_manager.py::test_mamba_retirement_bounds_prefill_states[0-4608] PASSED
tests/v1/core/test_single_type_kv_cache_manager.py::test_mamba_retirement_bounds_prefill_states[1-3584] PASSED
tests/v1/core/test_single_type_kv_cache_manager.py::test_mamba_retirement_bounds_prefill_states[1-4608] PASSED
tests/v1/core/test_single_type_kv_cache_manager.py::test_mamba_retirement_bounds_prefill_states[2-3584] PASSED
tests/v1/core/test_single_type_kv_cache_manager.py::test_mamba_retirement_bounds_prefill_states[2-4608] PASSED

=============================== warnings summary ===============================
../../../usr/local/lib/python3.12/dist-packages/torch/jit/_script.py:365: 14 warnings
  /usr/local/lib/python3.12/dist-packages/torch/jit/_script.py:365: DeprecationWarning: `torch.jit.script_method` is deprecated. Please switch to `torch.compile` or `torch.export`.
    warnings.warn(

-- Docs: https://docs.pytest.org/en/stable/how-to/capture-warnings.html
================ 7 passed, 13 deselected, 14 warnings in 5.66s =================
R32-REGRESSION-PASS tests/v1/core/test_single_type_kv_cache_manager.py: 7 passed
============================= test session starts ==============================
platform linux -- Python 3.12.3, pytest-8.4.1, pluggy-1.6.0 -- /opt/venv/bin/python
cachedir: .pytest_cache
rootdir: /opt/jovian-judgement/vllm
configfile: pyproject.toml
plugins: typeguard-4.5.2, anyio-4.14.2
collecting ... W0910 14:51:18.774000 597 torch/utils/_pytree.py:630] <enum 'KernelPreference'> is an Enum subclass and is now natively supported by torch.compile as an opaque value type. Calling register_constant() on Enum subclasses is deprecated and will be an error in a future release.
W0910 14:51:18.789000 597 torch/utils/_pytree.py:630] <enum 'ScaleCalculationMode'> is an Enum subclass and is now natively supported by torch.compile as an opaque value type. Calling register_constant() on Enum subclasses is deprecated and will be an error in a future release.
collected 24 items

tests/v1/worker/test_boundary_checkpoint_restore_scalars.py::test_restore_accepts_specialized_scalar_indices[17-0-0] PASSED
tests/v1/worker/test_boundary_checkpoint_restore_scalars.py::test_restore_accepts_specialized_scalar_indices[17-0-1] PASSED
tests/v1/worker/test_boundary_checkpoint_restore_scalars.py::test_restore_accepts_specialized_scalar_indices[17-0-2] PASSED
tests/v1/worker/test_boundary_checkpoint_restore_scalars.py::test_restore_accepts_specialized_scalar_indices[17-1-0] PASSED
tests/v1/worker/test_boundary_checkpoint_restore_scalars.py::test_restore_accepts_specialized_scalar_indices[17-1-1] PASSED
tests/v1/worker/test_boundary_checkpoint_restore_scalars.py::test_restore_accepts_specialized_scalar_indices[17-1-2] PASSED
tests/v1/worker/test_boundary_checkpoint_restore_scalars.py::test_restore_accepts_specialized_scalar_indices[17-2-0] PASSED
tests/v1/worker/test_boundary_checkpoint_restore_scalars.py::test_restore_accepts_specialized_scalar_indices[17-2-1] PASSED
tests/v1/worker/test_boundary_checkpoint_restore_scalars.py::test_restore_accepts_specialized_scalar_indices[17-2-2] PASSED
tests/v1/worker/test_boundary_checkpoint_restore_scalars.py::test_restore_accepts_specialized_scalar_indices[1057-0-0] PASSED
tests/v1/worker/test_boundary_checkpoint_restore_scalars.py::test_restore_accepts_specialized_scalar_indices[1057-0-1] PASSED
tests/v1/worker/test_boundary_checkpoint_restore_scalars.py::test_restore_accepts_specialized_scalar_indices[1057-0-2] PASSED
tests/v1/worker/test_boundary_checkpoint_restore_scalars.py::test_restore_accepts_specialized_scalar_indices[1057-1-0] PASSED
tests/v1/worker/test_boundary_checkpoint_restore_scalars.py::test_restore_accepts_specialized_scalar_indices[1057-1-1] PASSED
tests/v1/worker/test_boundary_checkpoint_restore_scalars.py::test_restore_accepts_specialized_scalar_indices[1057-1-2] PASSED
tests/v1/worker/test_boundary_checkpoint_restore_scalars.py::test_restore_accepts_specialized_scalar_indices[1057-2-0] PASSED
tests/v1/worker/test_boundary_checkpoint_restore_scalars.py::test_restore_accepts_specialized_scalar_indices[1057-2-1] PASSED
tests/v1/worker/test_boundary_checkpoint_restore_scalars.py::test_restore_accepts_specialized_scalar_indices[1057-2-2] PASSED
tests/v1/worker/test_boundary_checkpoint_restore_scalars.py::test_restore_keeps_page_offsets_above_signed_int32 PASSED
tests/v1/worker/test_b12x_roce_health.py::test_sync_output_is_checked_immediately PASSED
tests/v1/worker/test_b12x_roce_health.py::test_none_output_is_checked_and_passed_through PASSED
tests/v1/worker/test_b12x_roce_health.py::test_async_output_is_checked_after_completion PASSED
tests/v1/worker/test_b12x_roce_health.py::test_failure_propagates_from_sync_and_async PASSED
tests/v1/worker/test_b12x_roce_health.py::test_no_roce_communicator_means_no_wrapping PASSED

=============================== warnings summary ===============================
../../../usr/local/lib/python3.12/dist-packages/torch/jit/_script.py:365: 14 warnings
  /usr/local/lib/python3.12/dist-packages/torch/jit/_script.py:365: DeprecationWarning: `torch.jit.script_method` is deprecated. Please switch to `torch.compile` or `torch.export`.
    warnings.warn(

-- Docs: https://docs.pytest.org/en/stable/how-to/capture-warnings.html
======================= 24 passed, 14 warnings in 7.08s ========================
============================= test session starts ==============================
platform linux -- Python 3.12.3, pytest-8.4.1, pluggy-1.6.0 -- /opt/venv/bin/python
cachedir: .pytest_cache
rootdir: /opt/jovian-judgement/vllm
configfile: pyproject.toml
plugins: typeguard-4.5.2, anyio-4.14.2
collecting ... W0910 14:51:28.915000 726 torch/utils/_pytree.py:630] <enum 'KernelPreference'> is an Enum subclass and is now natively supported by torch.compile as an opaque value type. Calling register_constant() on Enum subclasses is deprecated and will be an error in a future release.
W0910 14:51:28.930000 726 torch/utils/_pytree.py:630] <enum 'ScaleCalculationMode'> is an Enum subclass and is now natively supported by torch.compile as an opaque value type. Calling register_constant() on Enum subclasses is deprecated and will be an error in a future release.
collected 154 items

tests/v1/core/prefix_cache/test_partial_prefix_cache_hits.py::test_connector_without_divergent_hit_support_uses_common_lookup PASSED
tests/v1/core/prefix_cache/test_partial_prefix_cache_hits.py::test_capable_connector_uses_divergent_partial_hit_lookup PASSED
tests/v1/core/prefix_cache/test_partial_prefix_cache_hits.py::test_request_boundaries_reuse_exact_prompt_and_response_with_private_state[1-False-3] INFO 09-10 14:51:31 [kv_cache_manager.py:228] Request-boundary recurrent checkpoint caching is enabled. Supported chat requests retain leading instructions, the complete prompt, and the response endpoint.
INFO 09-10 14:51:31 [block_pool.py:1010] Successfully reset prefix cache
PASSED
tests/v1/core/prefix_cache/test_partial_prefix_cache_hits.py::test_request_boundaries_reuse_exact_prompt_and_response_with_private_state[1-False-4] INFO 09-10 14:51:31 [kv_cache_manager.py:228] Request-boundary recurrent checkpoint caching is enabled. Supported chat requests retain leading instructions, the complete prompt, and the response endpoint.
INFO 09-10 14:51:31 [block_pool.py:1010] Successfully reset prefix cache
PASSED
tests/v1/core/prefix_cache/test_partial_prefix_cache_hits.py::test_request_boundaries_reuse_exact_prompt_and_response_with_private_state[1-False-5] INFO 09-10 14:51:31 [kv_cache_manager.py:228] Request-boundary recurrent checkpoint caching is enabled. Supported chat requests retain leading instructions, the complete prompt, and the response endpoint.
INFO 09-10 14:51:31 [block_pool.py:1010] Successfully reset prefix cache
PASSED
tests/v1/core/prefix_cache/test_partial_prefix_cache_hits.py::test_request_boundaries_reuse_exact_prompt_and_response_with_private_state[1-False-7] INFO 09-10 14:51:31 [kv_cache_manager.py:228] Request-boundary recurrent checkpoint caching is enabled. Supported chat requests retain leading instructions, the complete prompt, and the response endpoint.
INFO 09-10 14:51:31 [block_pool.py:1010] Successfully reset prefix cache
PASSED
tests/v1/core/prefix_cache/test_partial_prefix_cache_hits.py::test_request_boundaries_reuse_exact_prompt_and_response_with_private_state[1-False-8] INFO 09-10 14:51:31 [kv_cache_manager.py:228] Request-boundary recurrent checkpoint caching is enabled. Supported chat requests retain leading instructions, the complete prompt, and the response endpoint.
INFO 09-10 14:51:31 [block_pool.py:1010] Successfully reset prefix cache
PASSED
tests/v1/core/prefix_cache/test_partial_prefix_cache_hits.py::test_request_boundaries_reuse_exact_prompt_and_response_with_private_state[1-False-9] INFO 09-10 14:51:31 [kv_cache_manager.py:228] Request-boundary recurrent checkpoint caching is enabled. Supported chat requests retain leading instructions, the complete prompt, and the response endpoint.
INFO 09-10 14:51:31 [block_pool.py:1010] Successfully reset prefix cache
PASSED
tests/v1/core/prefix_cache/test_partial_prefix_cache_hits.py::test_request_boundaries_reuse_exact_prompt_and_response_with_private_state[1-True-3] INFO 09-10 14:51:31 [kv_cache_manager.py:228] Request-boundary recurrent checkpoint caching is enabled. Supported chat requests retain leading instructions, the complete prompt, and the response endpoint.
INFO 09-10 14:51:31 [block_pool.py:1010] Successfully reset prefix cache
PASSED
tests/v1/core/prefix_cache/test_partial_prefix_cache_hits.py::test_request_boundaries_reuse_exact_prompt_and_response_with_private_state[1-True-4] INFO 09-10 14:51:31 [kv_cache_manager.py:228] Request-boundary recurrent checkpoint caching is enabled. Supported chat requests retain leading instructions, the complete prompt, and the response endpoint.
INFO 09-10 14:51:31 [block_pool.py:1010] Successfully reset prefix cache
PASSED
tests/v1/core/prefix_cache/test_partial_prefix_cache_hits.py::test_request_boundaries_reuse_exact_prompt_and_response_with_private_state[1-True-5] INFO 09-10 14:51:31 [kv_cache_manager.py:228] Request-boundary recurrent checkpoint caching is enabled. Supported chat requests retain leading instructions, the complete prompt, and the response endpoint.
INFO 09-10 14:51:31 [block_pool.py:1010] Successfully reset prefix cache
PASSED
tests/v1/core/prefix_cache/test_partial_prefix_cache_hits.py::test_request_boundaries_reuse_exact_prompt_and_response_with_private_state[1-True-7] INFO 09-10 14:51:31 [kv_cache_manager.py:228] Request-boundary recurrent checkpoint caching is enabled. Supported chat requests retain leading instructions, the complete prompt, and the response endpoint.
INFO 09-10 14:51:31 [block_pool.py:1010] Successfully reset prefix cache
PASSED
tests/v1/core/prefix_cache/test_partial_prefix_cache_hits.py::test_request_boundaries_reuse_exact_prompt_and_response_with_private_state[1-True-8] INFO 09-10 14:51:31 [kv_cache_manager.py:228] Request-boundary recurrent checkpoint caching is enabled. Supported chat requests retain leading instructions, the complete prompt, and the response endpoint.
INFO 09-10 14:51:31 [block_pool.py:1010] Successfully reset prefix cache
PASSED
tests/v1/core/prefix_cache/test_partial_prefix_cache_hits.py::test_request_boundaries_reuse_exact_prompt_and_response_with_private_state[1-True-9] INFO 09-10 14:51:31 [kv_cache_manager.py:228] Request-boundary recurrent checkpoint caching is enabled. Supported chat requests retain leading instructions, the complete prompt, and the response endpoint.
INFO 09-10 14:51:31 [block_pool.py:1010] Successfully reset prefix cache
PASSED
tests/v1/core/prefix_cache/test_partial_prefix_cache_hits.py::test_request_boundaries_reuse_exact_prompt_and_response_with_private_state[4-False-3] INFO 09-10 14:51:31 [kv_cache_manager.py:228] Request-boundary recurrent checkpoint caching is enabled. Supported chat requests retain leading instructions, the complete prompt, and the response endpoint.
INFO 09-10 14:51:31 [block_pool.py:1010] Successfully reset prefix cache
PASSED
tests/v1/core/prefix_cache/test_partial_prefix_cache_hits.py::test_request_boundaries_reuse_exact_prompt_and_response_with_private_state[4-False-4] INFO 09-10 14:51:31 [kv_cache_manager.py:228] Request-boundary recurrent checkpoint caching is enabled. Supported chat requests retain leading instructions, the complete prompt, and the response endpoint.
INFO 09-10 14:51:31 [block_pool.py:1010] Successfully reset prefix cache
PASSED
tests/v1/core/prefix_cache/test_partial_prefix_cache_hits.py::test_request_boundaries_reuse_exact_prompt_and_response_with_private_state[4-False-5] INFO 09-10 14:51:31 [kv_cache_manager.py:228] Request-boundary recurrent checkpoint caching is enabled. Supported chat requests retain leading instructions, the complete prompt, and the response endpoint.
INFO 09-10 14:51:31 [block_pool.py:1010] Successfully reset prefix cache
PASSED
tests/v1/core/prefix_cache/test_partial_prefix_cache_hits.py::test_request_boundaries_reuse_exact_prompt_and_response_with_private_state[4-False-7] INFO 09-10 14:51:31 [kv_cache_manager.py:228] Request-boundary recurrent checkpoint caching is enabled. Supported chat requests retain leading instructions, the complete prompt, and the response endpoint.
INFO 09-10 14:51:31 [block_pool.py:1010] Successfully reset prefix cache
PASSED
tests/v1/core/prefix_cache/test_partial_prefix_cache_hits.py::test_request_boundaries_reuse_exact_prompt_and_response_with_private_state[4-False-8] INFO 09-10 14:51:31 [kv_cache_manager.py:228] Request-boundary recurrent checkpoint caching is enabled. Supported chat requests retain leading instructions, the complete prompt, and the response endpoint.
INFO 09-10 14:51:31 [block_pool.py:1010] Successfully reset prefix cache
PASSED
tests/v1/core/prefix_cache/test_partial_prefix_cache_hits.py::test_request_boundaries_reuse_exact_prompt_and_response_with_private_state[4-False-9] INFO 09-10 14:51:31 [kv_cache_manager.py:228] Request-boundary recurrent checkpoint caching is enabled. Supported chat requests retain leading instructions, the complete prompt, and the response endpoint.
INFO 09-10 14:51:31 [block_pool.py:1010] Successfully reset prefix cache
PASSED
tests/v1/core/prefix_cache/test_partial_prefix_cache_hits.py::test_request_boundaries_reuse_exact_prompt_and_response_with_private_state[4-True-3] INFO 09-10 14:51:31 [kv_cache_manager.py:228] Request-boundary recurrent checkpoint caching is enabled. Supported chat requests retain leading instructions, the complete prompt, and the response endpoint.
INFO 09-10 14:51:31 [block_pool.py:1010] Successfully reset prefix cache
PASSED
tests/v1/core/prefix_cache/test_partial_prefix_cache_hits.py::test_request_boundaries_reuse_exact_prompt_and_response_with_private_state[4-True-4] INFO 09-10 14:51:31 [kv_cache_manager.py:228] Request-boundary recurrent checkpoint caching is enabled. Supported chat requests retain leading instructions, the complete prompt, and the response endpoint.
INFO 09-10 14:51:31 [block_pool.py:1010] Successfully reset prefix cache
PASSED
tests/v1/core/prefix_cache/test_partial_prefix_cache_hits.py::test_request_boundaries_reuse_exact_prompt_and_response_with_private_state[4-True-5] INFO 09-10 14:51:31 [kv_cache_manager.py:228] Request-boundary recurrent checkpoint caching is enabled. Supported chat requests retain leading instructions, the complete prompt, and the response endpoint.
INFO 09-10 14:51:31 [block_pool.py:1010] Successfully reset prefix cache
PASSED
tests/v1/core/prefix_cache/test_partial_prefix_cache_hits.py::test_request_boundaries_reuse_exact_prompt_and_response_with_private_state[4-True-7] INFO 09-10 14:51:31 [kv_cache_manager.py:228] Request-boundary recurrent checkpoint caching is enabled. Supported chat requests retain leading instructions, the complete prompt, and the response endpoint.
INFO 09-10 14:51:31 [block_pool.py:1010] Successfully reset prefix cache
PASSED
tests/v1/core/prefix_cache/test_partial_prefix_cache_hits.py::test_request_boundaries_reuse_exact_prompt_and_response_with_private_state[4-True-8] INFO 09-10 14:51:31 [kv_cache_manager.py:228] Request-boundary recurrent checkpoint caching is enabled. Supported chat requests retain leading instructions, the complete prompt, and the response endpoint.
INFO 09-10 14:51:31 [block_pool.py:1010] Successfully reset prefix cache
PASSED
tests/v1/core/prefix_cache/test_partial_prefix_cache_hits.py::test_request_boundaries_reuse_exact_prompt_and_response_with_private_state[4-True-9] INFO 09-10 14:51:31 [kv_cache_manager.py:228] Request-boundary recurrent checkpoint caching is enabled. Supported chat requests retain leading instructions, the complete prompt, and the response endpoint.
INFO 09-10 14:51:31 [block_pool.py:1010] Successfully reset prefix cache
PASSED
tests/v1/core/prefix_cache/test_partial_prefix_cache_hits.py::test_request_boundary_retains_complete_dflash_windows[None-1] INFO 09-10 14:51:31 [kv_cache_manager.py:228] Request-boundary recurrent checkpoint caching is enabled. Supported chat requests retain leading instructions, the complete prompt, and the response endpoint.
INFO 09-10 14:51:31 [block_pool.py:1010] Successfully reset prefix cache
PASSED
tests/v1/core/prefix_cache/test_partial_prefix_cache_hits.py::test_request_boundary_retains_complete_dflash_windows[None-4] INFO 09-10 14:51:31 [kv_cache_manager.py:228] Request-boundary recurrent checkpoint caching is enabled. Supported chat requests retain leading instructions, the complete prompt, and the response endpoint.
INFO 09-10 14:51:31 [block_pool.py:1010] Successfully reset prefix cache
PASSED
tests/v1/core/prefix_cache/test_partial_prefix_cache_hits.py::test_request_boundary_retains_complete_dflash_windows[2-1] INFO 09-10 14:51:31 [kv_cache_manager.py:228] Request-boundary recurrent checkpoint caching is enabled. Supported chat requests retain leading instructions, the complete prompt, and the response endpoint.
PASSED
tests/v1/core/prefix_cache/test_partial_prefix_cache_hits.py::test_request_boundary_retains_complete_dflash_windows[2-4] INFO 09-10 14:51:31 [kv_cache_manager.py:228] Request-boundary recurrent checkpoint caching is enabled. Supported chat requests retain leading instructions, the complete prompt, and the response endpoint.
PASSED
tests/v1/core/prefix_cache/test_partial_prefix_cache_hits.py::test_request_boundary_retains_complete_dflash_windows[3-1] INFO 09-10 14:51:31 [kv_cache_manager.py:228] Request-boundary recurrent checkpoint caching is enabled. Supported chat requests retain leading instructions, the complete prompt, and the response endpoint.
PASSED
tests/v1/core/prefix_cache/test_partial_prefix_cache_hits.py::test_request_boundary_retains_complete_dflash_windows[3-4] INFO 09-10 14:51:31 [kv_cache_manager.py:228] Request-boundary recurrent checkpoint caching is enabled. Supported chat requests retain leading instructions, the complete prompt, and the response endpoint.
PASSED
tests/v1/core/prefix_cache/test_partial_prefix_cache_hits.py::test_request_boundaries_keep_prompt_but_no_intermediate_recurrent_states INFO 09-10 14:51:31 [kv_cache_manager.py:228] Request-boundary recurrent checkpoint caching is enabled. Supported chat requests retain leading instructions, the complete prompt, and the response endpoint.
INFO 09-10 14:51:31 [block_pool.py:1010] Successfully reset prefix cache
PASSED
tests/v1/core/prefix_cache/test_partial_prefix_cache_hits.py::test_request_boundaries_reuse_leading_instructions_across_user_prompts INFO 09-10 14:51:31 [kv_cache_manager.py:228] Request-boundary recurrent checkpoint caching is enabled. Supported chat requests retain leading instructions, the complete prompt, and the response endpoint.
INFO 09-10 14:51:31 [block_pool.py:1010] Successfully reset prefix cache
PASSED
tests/v1/core/prefix_cache/test_partial_prefix_cache_hits.py::test_request_boundaries_split_prefill_at_instruction_endpoint PASSED
tests/v1/core/prefix_cache/test_partial_prefix_cache_hits.py::test_mamba_align_split_partial_tail_schedule[1] PASSED
tests/v1/core/prefix_cache/test_partial_prefix_cache_hits.py::test_mamba_align_split_partial_tail_schedule[4] PASSED
tests/v1/core/prefix_cache/test_partial_prefix_cache_hits.py::test_mamba_align_split_when_block_exceeds_scheduling_budget PASSED
tests/v1/core/prefix_cache/test_partial_prefix_cache_hits.py::test_mamba_align_split_when_block_exceeds_long_prefill_threshold PASSED
tests/v1/core/prefix_cache/test_partial_prefix_cache_hits.py::test_hybrid_mamba_align_partial_hash_hit PASSED
tests/v1/core/prefix_cache/test_partial_prefix_cache_hits.py::test_eagle_group_registers_unaligned_tail_under_partial_hash_hits PASSED
tests/v1/core/prefix_cache/test_partial_prefix_cache_hits.py::test_hybrid_mamba_partial_tail_owner_uses_cow_on_continue PASSED
tests/v1/core/prefix_cache/test_partial_prefix_cache_hits.py::test_partial_hit_then_internal_checkpoint_uses_distinct_mamba_blocks PASSED
tests/v1/core/prefix_cache/test_partial_prefix_cache_hits.py::test_internal_checkpoint_requires_block_aligned_start PASSED
tests/v1/core/prefix_cache/test_partial_prefix_cache_hits.py::test_external_mamba_hit_same_block_uses_running_cow_on_continue PASSED
tests/v1/core/prefix_cache/test_partial_prefix_cache_hits.py::test_boundary_state_offloads_returns_cow_target PASSED
tests/v1/core/prefix_cache/test_partial_prefix_cache_hits.py::test_block_pool_touch_pins_released_cow_target PASSED
tests/v1/core/prefix_cache/test_partial_prefix_cache_hits.py::test_boundary_state_offload_dropped_when_request_freed_before_drain PASSED
tests/v1/core/prefix_cache/test_partial_prefix_cache_hits.py::test_boundary_state_offloads_block_aligned_prompt PASSED
tests/v1/core/prefix_cache/test_partial_prefix_cache_hits.py::test_truncate_computed_blocks_preserves_sparse_prefix_positions PASSED
tests/v1/core/prefix_cache/test_partial_prefix_cache_hits.py::test_truncate_computed_blocks_allows_short_mamba_group_only PASSED
tests/v1/core/prefix_cache/test_partial_prefix_cache_hits.py::test_hybrid_mamba_partial_tail_owner_continue_preserves_later_hit PASSED
tests/v1/core/prefix_cache/test_partial_prefix_cache_hits.py::test_hybrid_mamba_moved_partial_entry_defers_same_step_hit PASSED
tests/v1/core/prefix_cache/test_partial_prefix_cache_hits.py::test_divergent_sibling_reuses_retained_recurrent_anchor[False-1] INFO 09-10 14:51:31 [block_pool.py:1010] Successfully reset prefix cache
PASSED
tests/v1/core/prefix_cache/test_partial_prefix_cache_hits.py::test_divergent_sibling_reuses_retained_recurrent_anchor[False-4] INFO 09-10 14:51:31 [block_pool.py:1010] Successfully reset prefix cache
PASSED
tests/v1/core/prefix_cache/test_partial_prefix_cache_hits.py::test_divergent_sibling_reuses_retained_recurrent_anchor[True-1] INFO 09-10 14:51:31 [block_pool.py:1010] Successfully reset prefix cache
PASSED
tests/v1/core/prefix_cache/test_partial_prefix_cache_hits.py::test_divergent_sibling_reuses_retained_recurrent_anchor[True-4] INFO 09-10 14:51:31 [block_pool.py:1010] Successfully reset prefix cache
PASSED
tests/v1/core/prefix_cache/test_partial_prefix_cache_hits.py::test_packed_prefill_checkpoints_reuse_arbitrary_interior_prefix[1] PASSED
tests/v1/core/prefix_cache/test_partial_prefix_cache_hits.py::test_packed_prefill_checkpoints_reuse_arbitrary_interior_prefix[4] PASSED
tests/v1/core/prefix_cache/test_partial_prefix_cache_hits.py::test_hybrid_full_attention_partial_hash_hit_uses_cow PASSED
tests/v1/core/prefix_cache/test_partial_prefix_cache_hits.py::test_hybrid_partial_hit_cow_target_starts_uncached PASSED
tests/v1/core/prefix_cache/test_partial_prefix_cache_hits.py::test_hybrid_partial_hash_truncates_full_attention_hit_length PASSED
tests/v1/core/prefix_cache/test_partial_prefix_cache_hits.py::test_cow_retained_blocks_returned_for_release PASSED
tests/v1/core/prefix_cache/test_partial_prefix_cache_hits.py::test_free_cow_retained_blocks_defers_until_copy_step_processed PASSED
tests/v1/core/prefix_cache/test_partial_prefix_cache_hits.py::test_full_attention_eagle_drops_one_hash_unit PASSED
tests/v1/core/prefix_cache/test_partial_prefix_cache_hits.py::test_hybrid_partial_hit_with_eagle_stays_within_group_blocks PASSED
tests/v1/core/prefix_cache/test_partial_prefix_cache_hits.py::test_hybrid_sliding_window_group_enables_partial_hash_hits PASSED
tests/v1/core/prefix_cache/test_partial_prefix_cache_hits.py::test_sliding_window_fine_grained_hits PASSED
tests/v1/core/prefix_cache/test_partial_prefix_cache_hits.py::test_sliding_window_fine_grained_reachable_mask PASSED
tests/v1/core/prefix_cache/test_partial_prefix_cache_hits.py::test_attention_only_hybrid_keeps_block_aligned_hits PASSED
tests/v1/core/prefix_cache/test_partial_prefix_cache_hits.py::test_sliding_window_eagle_margin_is_one_hash_unit_under_partial_hits PASSED
tests/v1/core/prefix_cache/test_partial_prefix_cache_hits.py::test_fine_grained_retention_keeps_scheduler_aligned_fallback[2] PASSED
tests/v1/core/prefix_cache/test_partial_prefix_cache_hits.py::test_fine_grained_retention_keeps_scheduler_aligned_fallback[16] PASSED
tests/v1/core/prefix_cache/test_partial_prefix_cache_hits.py::test_hybrid_decoupled_blocks_keep_fine_grained_reuse[13] PASSED
tests/v1/core/prefix_cache/test_partial_prefix_cache_hits.py::test_hybrid_decoupled_blocks_keep_fine_grained_reuse[45] PASSED
tests/v1/core/prefix_cache/test_partial_prefix_cache_hits.py::test_hybrid_decoupled_blocks_keep_fine_grained_reuse[48] PASSED
tests/v1/core/prefix_cache/test_partial_prefix_cache_hits.py::test_hybrid_partial_hash_hit_uses_cow_under_dcp[1] PASSED
tests/v1/core/prefix_cache/test_partial_prefix_cache_hits.py::test_hybrid_partial_hash_hit_uses_cow_under_dcp[2] PASSED
tests/v1/core/prefix_cache/test_partial_prefix_cache_hits.py::test_hybrid_partial_hash_hit_uses_cow_under_dcp[4] PASSED
tests/v1/core/prefix_cache/test_partial_prefix_cache_hits.py::test_dcp_partial_hit_resumes_on_replicated_mamba_snapshot[2] PASSED
tests/v1/core/prefix_cache/test_partial_prefix_cache_hits.py::test_dcp_partial_hit_resumes_on_replicated_mamba_snapshot[4] PASSED
tests/v1/core/prefix_cache/test_partial_prefix_cache_hits.py::test_dcp_joint_hit_is_bounded_by_replicated_mamba_snapshots PASSED
tests/v1/core/prefix_cache/test_partial_prefix_cache_hits.py::test_dcp_partial_hit_with_eagle_rewinds_one_hash_unit PASSED
tests/v1/core/prefix_cache/test_partial_prefix_cache_hits.py::test_full_replay_reports_fine_hit[True-1] PASSED
tests/v1/core/prefix_cache/test_partial_prefix_cache_hits.py::test_full_replay_reports_fine_hit[True-2] PASSED
tests/v1/core/prefix_cache/test_partial_prefix_cache_hits.py::test_full_replay_reports_fine_hit[False-1] PASSED
tests/v1/core/prefix_cache/test_partial_prefix_cache_hits.py::test_full_replay_reports_fine_hit[False-2] PASSED
tests/v1/core/prefix_cache/test_partial_prefix_cache_hits.py::TestSemanticReplayCheckpoints::test_fine_checkpoint_keeps_the_rewind_stop PASSED
tests/v1/core/prefix_cache/test_partial_prefix_cache_hits.py::TestSemanticReplayCheckpoints::test_large_chunk_materializes_a_reusable_replay_state PASSED
tests/v1/core/prefix_cache/test_partial_prefix_cache_hits.py::TestSemanticReplayCheckpoints::test_swa_preserves_the_materialized_recurrent_fallback PASSED
tests/v1/core/prefix_cache/test_partial_prefix_cache_hits.py::test_semantic_checkpoints_support_unitary_recurrent_coordinator PASSED
tests/v1/core/prefix_cache/test_partial_prefix_cache_hits.py::test_retention_snapshots_handed_off_with_exact_block_ids PASSED
tests/v1/core/prefix_cache/test_partial_prefix_cache_hits.py::test_snapshot_handoff_dense_default_retention PASSED
tests/v1/core/prefix_cache/test_partial_prefix_cache_hits.py::test_boundary_state_offer_includes_more_mamba_groups_than_two PASSED
tests/v1/core/prefix_cache/test_partial_prefix_cache_hits.py::test_boundary_states_offered_past_prompt_for_resumed_prefill PASSED
tests/v1/core/test_mamba_align_chunk_split.py::test_internal_checkpoint_split[2002-2002-False-2002] PASSED
tests/v1/core/test_mamba_align_chunk_split.py::test_internal_checkpoint_split[3602-2000-False-2000] PASSED
tests/v1/core/test_mamba_align_chunk_split.py::test_internal_checkpoint_split[3602-3602-True-1600] PASSED
tests/v1/core/test_mamba_align_chunk_split.py::test_dflash_checkpoint_keeps_intermediate_chunks_aligned_and_joins_prompt_tail PASSED
tests/v1/core/test_mamba_align_chunk_split.py::test_dflash_fragmented_budget_stops_at_external_retention_boundary PASSED
tests/v1/core/test_mamba_align_chunk_split.py::test_glm_mtp_checkpoint_joins_unaligned_prompt_tail PASSED
tests/v1/core/test_mamba_align_chunk_split.py::test_dflash_does_not_back_off_last_cache_position PASSED
tests/v1/core/test_mamba_align_chunk_split.py::test_sliding_window_group_tolerates_finer_alignment PASSED
tests/v1/core/test_mamba_align_chunk_split.py::test_fragmented_first_chunk_does_not_poison_mamba_prefix_cache PASSED
tests/v1/core/test_mamba_align_chunk_split.py::test_fragmented_tail_chunk_does_not_poison_mamba_prefix_cache PASSED
tests/v1/core/test_mamba_align_chunk_split.py::test_intermediate_chunk_ends_stay_block_aligned[800] PASSED
tests/v1/core/test_mamba_align_chunk_split.py::test_intermediate_chunk_ends_stay_block_aligned[900] PASSED
tests/v1/core/test_mamba_align_chunk_split.py::test_intermediate_chunk_ends_stay_block_aligned[1599] PASSED
tests/v1/core/test_mamba_align_chunk_split.py::test_intermediate_chunk_ends_stay_block_aligned[1601] PASSED
tests/v1/core/test_mamba_align_chunk_split.py::test_intermediate_chunk_ends_stay_block_aligned[2000] PASSED
tests/v1/core/test_mamba_align_chunk_split.py::test_poisoning_is_block_size_independent[1536-30000-budgets0] PASSED
tests/v1/core/test_mamba_align_chunk_split.py::test_poisoning_is_block_size_independent[12288-30000-budgets1] PASSED
tests/v1/core/test_mamba_align_chunk_split.py::test_poisoning_is_block_size_independent[12288-41000-budgets2] PASSED
tests/v1/core/test_mamba_align_chunk_split.py::test_unaligned_resume_never_runs_past_its_block[0-True-331-False] PASSED
tests/v1/core/test_mamba_align_chunk_split.py::test_unaligned_resume_never_runs_past_its_block[0-True-331-True] PASSED
tests/v1/core/test_mamba_align_chunk_split.py::test_unaligned_resume_never_runs_past_its_block[0-True-1599-False] PASSED
tests/v1/core/test_mamba_align_chunk_split.py::test_unaligned_resume_never_runs_past_its_block[0-True-1599-True] PASSED
tests/v1/core/test_mamba_align_chunk_split.py::test_unaligned_resume_never_runs_past_its_block[0-True-1601-False] PASSED
tests/v1/core/test_mamba_align_chunk_split.py::test_unaligned_resume_never_runs_past_its_block[0-True-1601-True] PASSED
tests/v1/core/test_mamba_align_chunk_split.py::test_unaligned_resume_never_runs_past_its_block[0-True-2531-False] PASSED
tests/v1/core/test_mamba_align_chunk_split.py::test_unaligned_resume_never_runs_past_its_block[0-True-2531-True] PASSED
tests/v1/core/test_mamba_align_chunk_split.py::test_unaligned_resume_never_runs_past_its_block[0-True-3011-False] PASSED
tests/v1/core/test_mamba_align_chunk_split.py::test_unaligned_resume_never_runs_past_its_block[0-True-3011-True] PASSED
tests/v1/core/test_mamba_align_chunk_split.py::test_unaligned_resume_never_runs_past_its_block[1-False-331-False] PASSED
tests/v1/core/test_mamba_align_chunk_split.py::test_unaligned_resume_never_runs_past_its_block[1-False-331-True] PASSED
tests/v1/core/test_mamba_align_chunk_split.py::test_unaligned_resume_never_runs_past_its_block[1-False-1599-False] PASSED
tests/v1/core/test_mamba_align_chunk_split.py::test_unaligned_resume_never_runs_past_its_block[1-False-1599-True] PASSED
tests/v1/core/test_mamba_align_chunk_split.py::test_unaligned_resume_never_runs_past_its_block[1-False-1601-False] PASSED
tests/v1/core/test_mamba_align_chunk_split.py::test_unaligned_resume_never_runs_past_its_block[1-False-1601-True] PASSED
tests/v1/core/test_mamba_align_chunk_split.py::test_unaligned_resume_never_runs_past_its_block[1-False-2531-False] PASSED
tests/v1/core/test_mamba_align_chunk_split.py::test_unaligned_resume_never_runs_past_its_block[1-False-2531-True] PASSED
tests/v1/core/test_mamba_align_chunk_split.py::test_unaligned_resume_never_runs_past_its_block[1-False-3011-False] PASSED
tests/v1/core/test_mamba_align_chunk_split.py::test_unaligned_resume_never_runs_past_its_block[1-False-3011-True] PASSED
tests/v1/worker/test_mamba_prefix_state_index.py::test_resumed_state_index_uses_recurrent_blocks[0-256] PASSED
tests/v1/worker/test_mamba_prefix_state_index.py::test_resumed_state_index_uses_recurrent_blocks[0-2048] PASSED
tests/v1/worker/test_mamba_prefix_state_index.py::test_resumed_state_index_uses_recurrent_blocks[0-4096] PASSED
tests/v1/worker/test_mamba_prefix_state_index.py::test_resumed_state_index_uses_recurrent_blocks[256-256] PASSED
tests/v1/worker/test_mamba_prefix_state_index.py::test_resumed_state_index_uses_recurrent_blocks[256-2048] PASSED
tests/v1/worker/test_mamba_prefix_state_index.py::test_resumed_state_index_uses_recurrent_blocks[256-4096] PASSED
tests/v1/worker/test_mamba_prefix_state_index.py::test_resumed_state_index_uses_recurrent_blocks[257-256] PASSED
tests/v1/worker/test_mamba_prefix_state_index.py::test_resumed_state_index_uses_recurrent_blocks[257-2048] PASSED
tests/v1/worker/test_mamba_prefix_state_index.py::test_resumed_state_index_uses_recurrent_blocks[257-4096] PASSED
tests/v1/worker/test_mamba_prefix_state_index.py::test_resumed_state_index_uses_recurrent_blocks[4096-256] PASSED
tests/v1/worker/test_mamba_prefix_state_index.py::test_resumed_state_index_uses_recurrent_blocks[4096-2048] PASSED
tests/v1/worker/test_mamba_prefix_state_index.py::test_resumed_state_index_uses_recurrent_blocks[4096-4096] PASSED
tests/v1/worker/test_mamba_prefix_state_index.py::test_resumed_state_index_uses_recurrent_blocks[7680-256] PASSED
tests/v1/worker/test_mamba_prefix_state_index.py::test_resumed_state_index_uses_recurrent_blocks[7680-2048] PASSED
tests/v1/worker/test_mamba_prefix_state_index.py::test_resumed_state_index_uses_recurrent_blocks[7680-4096] PASSED
tests/v1/worker/test_mamba_prefix_state_index.py::test_resumed_state_index_uses_recurrent_blocks[7936-256] PASSED
tests/v1/worker/test_mamba_prefix_state_index.py::test_resumed_state_index_uses_recurrent_blocks[7936-2048] PASSED
tests/v1/worker/test_mamba_prefix_state_index.py::test_resumed_state_index_uses_recurrent_blocks[7936-4096] PASSED
tests/v1/worker/test_mamba_prefix_state_index.py::test_resumed_state_index_uses_recurrent_blocks[8192-256] PASSED
tests/v1/worker/test_mamba_prefix_state_index.py::test_resumed_state_index_uses_recurrent_blocks[8192-2048] PASSED
tests/v1/worker/test_mamba_prefix_state_index.py::test_resumed_state_index_uses_recurrent_blocks[8192-4096] PASSED

=============================== warnings summary ===============================
../../../usr/local/lib/python3.12/dist-packages/torch/jit/_script.py:365: 14 warnings
  /usr/local/lib/python3.12/dist-packages/torch/jit/_script.py:365: DeprecationWarning: `torch.jit.script_method` is deprecated. Please switch to `torch.compile` or `torch.export`.
    warnings.warn(

-- Docs: https://docs.pytest.org/en/stable/how-to/capture-warnings.html
======================= 154 passed, 14 warnings in 6.33s =======================
============================= test session starts ==============================
platform linux -- Python 3.12.3, pytest-8.4.1, pluggy-1.6.0 -- /opt/venv/bin/python
cachedir: .pytest_cache
rootdir: /opt/jovian-judgement/vllm
configfile: pyproject.toml
plugins: typeguard-4.5.2, anyio-4.14.2
collecting ... W0910 14:51:37.443000 791 torch/utils/_pytree.py:630] <enum 'KernelPreference'> is an Enum subclass and is now natively supported by torch.compile as an opaque value type. Calling register_constant() on Enum subclasses is deprecated and will be an error in a future release.
W0910 14:51:37.457000 791 torch/utils/_pytree.py:630] <enum 'ScaleCalculationMode'> is an Enum subclass and is now natively supported by torch.compile as an opaque value type. Calling register_constant() on Enum subclasses is deprecated and will be an error in a future release.
collected 184 items / 164 deselected / 20 selected

tests/v1/core/test_scheduler.py::test_full_boundary_hit_is_admitted_while_another_request_decodes[fairness_options0-None] INFO 09-10 14:51:46 [model.py:684] Resolved architecture: OPTForCausalLM
INFO 09-10 14:51:46 [model.py:2024] Using max model len 2048
INFO 09-10 14:51:46 [scheduler.py:339] Chunked prefill is enabled with max_num_batched_tokens=8192.
INFO 09-10 14:51:46 [kernel.py:365] Final IR op priority after setting platform defaults: IrOpPriorityConfig(rms_norm=['native'], fused_add_rms_norm=['native'])
WARNING 09-10 14:51:46 [vllm.py:762] Model Runner V2 does not yet support ngram/ngram_gpu speculative decoding; using the V1 model runner instead.
Warning: You are sending unauthenticated requests to the HF Hub. Please set a HF_TOKEN to enable higher rate limits and faster downloads.
PASSED
tests/v1/core/test_scheduler.py::test_full_boundary_hit_is_admitted_while_another_request_decodes[fairness_options0-capacity] INFO 09-10 14:51:48 [model.py:684] Resolved architecture: OPTForCausalLM
INFO 09-10 14:51:48 [model.py:2024] Using max model len 2048
INFO 09-10 14:51:48 [kernel.py:365] Final IR op priority after setting platform defaults: IrOpPriorityConfig(rms_norm=['native'], fused_add_rms_norm=['native'])
INFO 09-10 14:51:48 [scheduler.py:3383] setting pause state to UNPAUSED
PASSED
tests/v1/core/test_scheduler.py::test_full_boundary_hit_is_admitted_while_another_request_decodes[fairness_options0-allocation] INFO 09-10 14:51:48 [model.py:684] Resolved architecture: OPTForCausalLM
INFO 09-10 14:51:48 [model.py:2024] Using max model len 2048
INFO 09-10 14:51:48 [kernel.py:365] Final IR op priority after setting platform defaults: IrOpPriorityConfig(rms_norm=['native'], fused_add_rms_norm=['native'])
INFO 09-10 14:51:48 [scheduler.py:3383] setting pause state to UNPAUSED
PASSED
tests/v1/core/test_scheduler.py::test_full_boundary_hit_is_admitted_while_another_request_decodes[fairness_options0-pause] INFO 09-10 14:51:48 [model.py:684] Resolved architecture: OPTForCausalLM
INFO 09-10 14:51:48 [model.py:2024] Using max model len 2048
INFO 09-10 14:51:48 [kernel.py:365] Final IR op priority after setting platform defaults: IrOpPriorityConfig(rms_norm=['native'], fused_add_rms_norm=['native'])
INFO 09-10 14:51:48 [scheduler.py:3383] setting pause state to PAUSED_NEW
INFO 09-10 14:51:48 [scheduler.py:3383] setting pause state to UNPAUSED
PASSED
tests/v1/core/test_scheduler.py::test_full_boundary_hit_is_admitted_while_another_request_decodes[fairness_options1-None] INFO 09-10 14:51:48 [model.py:684] Resolved architecture: OPTForCausalLM
INFO 09-10 14:51:48 [model.py:2024] Using max model len 2048
INFO 09-10 14:51:48 [kernel.py:365] Final IR op priority after setting platform defaults: IrOpPriorityConfig(rms_norm=['native'], fused_add_rms_norm=['native'])
PASSED
tests/v1/core/test_scheduler.py::test_full_boundary_hit_is_admitted_while_another_request_decodes[fairness_options1-capacity] INFO 09-10 14:51:48 [model.py:684] Resolved architecture: OPTForCausalLM
INFO 09-10 14:51:48 [model.py:2024] Using max model len 2048
INFO 09-10 14:51:48 [kernel.py:365] Final IR op priority after setting platform defaults: IrOpPriorityConfig(rms_norm=['native'], fused_add_rms_norm=['native'])
INFO 09-10 14:51:48 [scheduler.py:3383] setting pause state to UNPAUSED
PASSED
tests/v1/core/test_scheduler.py::test_full_boundary_hit_is_admitted_while_another_request_decodes[fairness_options1-allocation] INFO 09-10 14:51:48 [model.py:684] Resolved architecture: OPTForCausalLM
INFO 09-10 14:51:48 [model.py:2024] Using max model len 2048
INFO 09-10 14:51:48 [kernel.py:365] Final IR op priority after setting platform defaults: IrOpPriorityConfig(rms_norm=['native'], fused_add_rms_norm=['native'])
INFO 09-10 14:51:48 [scheduler.py:3383] setting pause state to UNPAUSED
PASSED
tests/v1/core/test_scheduler.py::test_full_boundary_hit_is_admitted_while_another_request_decodes[fairness_options1-pause] INFO 09-10 14:51:49 [model.py:684] Resolved architecture: OPTForCausalLM
INFO 09-10 14:51:49 [model.py:2024] Using max model len 2048
INFO 09-10 14:51:49 [kernel.py:365] Final IR op priority after setting platform defaults: IrOpPriorityConfig(rms_norm=['native'], fused_add_rms_norm=['native'])
INFO 09-10 14:51:49 [scheduler.py:3383] setting pause state to PAUSED_NEW
INFO 09-10 14:51:49 [scheduler.py:3383] setting pause state to UNPAUSED
PASSED
tests/v1/core/test_scheduler.py::test_full_boundary_hit_is_admitted_while_another_request_decodes[fairness_options2-None] INFO 09-10 14:51:49 [model.py:684] Resolved architecture: OPTForCausalLM
INFO 09-10 14:51:49 [model.py:2024] Using max model len 2048
INFO 09-10 14:51:49 [kernel.py:365] Final IR op priority after setting platform defaults: IrOpPriorityConfig(rms_norm=['native'], fused_add_rms_norm=['native'])
PASSED
tests/v1/core/test_scheduler.py::test_full_boundary_hit_is_admitted_while_another_request_decodes[fairness_options2-capacity] INFO 09-10 14:51:49 [model.py:684] Resolved architecture: OPTForCausalLM
INFO 09-10 14:51:49 [model.py:2024] Using max model len 2048
INFO 09-10 14:51:49 [kernel.py:365] Final IR op priority after setting platform defaults: IrOpPriorityConfig(rms_norm=['native'], fused_add_rms_norm=['native'])
INFO 09-10 14:51:49 [scheduler.py:3383] setting pause state to UNPAUSED
PASSED
tests/v1/core/test_scheduler.py::test_full_boundary_hit_is_admitted_while_another_request_decodes[fairness_options2-allocation] INFO 09-10 14:51:49 [model.py:684] Resolved architecture: OPTForCausalLM
INFO 09-10 14:51:49 [model.py:2024] Using max model len 2048
INFO 09-10 14:51:49 [kernel.py:365] Final IR op priority after setting platform defaults: IrOpPriorityConfig(rms_norm=['native'], fused_add_rms_norm=['native'])
INFO 09-10 14:51:49 [scheduler.py:3383] setting pause state to UNPAUSED
PASSED
tests/v1/core/test_scheduler.py::test_full_boundary_hit_is_admitted_while_another_request_decodes[fairness_options2-pause] INFO 09-10 14:51:49 [model.py:684] Resolved architecture: OPTForCausalLM
INFO 09-10 14:51:49 [model.py:2024] Using max model len 2048
INFO 09-10 14:51:49 [kernel.py:365] Final IR op priority after setting platform defaults: IrOpPriorityConfig(rms_norm=['native'], fused_add_rms_norm=['native'])
INFO 09-10 14:51:49 [scheduler.py:3383] setting pause state to PAUSED_NEW
INFO 09-10 14:51:49 [scheduler.py:3383] setting pause state to UNPAUSED
PASSED
tests/v1/core/test_scheduler.py::test_full_boundary_hit_is_admitted_while_another_request_decodes[fairness_options3-None] INFO 09-10 14:51:49 [model.py:684] Resolved architecture: OPTForCausalLM
INFO 09-10 14:51:49 [model.py:2024] Using max model len 2048
INFO 09-10 14:51:49 [kernel.py:365] Final IR op priority after setting platform defaults: IrOpPriorityConfig(rms_norm=['native'], fused_add_rms_norm=['native'])
PASSED
tests/v1/core/test_scheduler.py::test_full_boundary_hit_is_admitted_while_another_request_decodes[fairness_options3-capacity] INFO 09-10 14:51:49 [model.py:684] Resolved architecture: OPTForCausalLM
INFO 09-10 14:51:49 [model.py:2024] Using max model len 2048
INFO 09-10 14:51:49 [kernel.py:365] Final IR op priority after setting platform defaults: IrOpPriorityConfig(rms_norm=['native'], fused_add_rms_norm=['native'])
INFO 09-10 14:51:49 [scheduler.py:3383] setting pause state to UNPAUSED
PASSED
tests/v1/core/test_scheduler.py::test_full_boundary_hit_is_admitted_while_another_request_decodes[fairness_options3-allocation] INFO 09-10 14:51:49 [model.py:684] Resolved architecture: OPTForCausalLM
INFO 09-10 14:51:49 [model.py:2024] Using max model len 2048
INFO 09-10 14:51:49 [kernel.py:365] Final IR op priority after setting platform defaults: IrOpPriorityConfig(rms_norm=['native'], fused_add_rms_norm=['native'])
INFO 09-10 14:51:49 [scheduler.py:3383] setting pause state to UNPAUSED
PASSED
tests/v1/core/test_scheduler.py::test_full_boundary_hit_is_admitted_while_another_request_decodes[fairness_options3-pause] INFO 09-10 14:51:49 [model.py:684] Resolved architecture: OPTForCausalLM
INFO 09-10 14:51:49 [model.py:2024] Using max model len 2048
INFO 09-10 14:51:49 [kernel.py:365] Final IR op priority after setting platform defaults: IrOpPriorityConfig(rms_norm=['native'], fused_add_rms_norm=['native'])
INFO 09-10 14:51:49 [scheduler.py:3383] setting pause state to PAUSED_NEW
INFO 09-10 14:51:49 [scheduler.py:3383] setting pause state to UNPAUSED
PASSED
tests/v1/core/test_scheduler.py::test_full_boundary_hit_is_admitted_while_another_request_decodes[fairness_options4-None] INFO 09-10 14:51:50 [model.py:684] Resolved architecture: OPTForCausalLM
INFO 09-10 14:51:50 [model.py:2024] Using max model len 2048
INFO 09-10 14:51:50 [kernel.py:365] Final IR op priority after setting platform defaults: IrOpPriorityConfig(rms_norm=['native'], fused_add_rms_norm=['native'])
PASSED
tests/v1/core/test_scheduler.py::test_full_boundary_hit_is_admitted_while_another_request_decodes[fairness_options4-capacity] INFO 09-10 14:51:50 [model.py:684] Resolved architecture: OPTForCausalLM
INFO 09-10 14:51:50 [model.py:2024] Using max model len 2048
INFO 09-10 14:51:50 [kernel.py:365] Final IR op priority after setting platform defaults: IrOpPriorityConfig(rms_norm=['native'], fused_add_rms_norm=['native'])
INFO 09-10 14:51:50 [scheduler.py:3383] setting pause state to UNPAUSED
PASSED
tests/v1/core/test_scheduler.py::test_full_boundary_hit_is_admitted_while_another_request_decodes[fairness_options4-allocation] INFO 09-10 14:51:50 [model.py:684] Resolved architecture: OPTForCausalLM
INFO 09-10 14:51:50 [model.py:2024] Using max model len 2048
INFO 09-10 14:51:50 [kernel.py:365] Final IR op priority after setting platform defaults: IrOpPriorityConfig(rms_norm=['native'], fused_add_rms_norm=['native'])
INFO 09-10 14:51:50 [scheduler.py:3383] setting pause state to UNPAUSED
PASSED
tests/v1/core/test_scheduler.py::test_full_boundary_hit_is_admitted_while_another_request_decodes[fairness_options4-pause] INFO 09-10 14:51:50 [model.py:684] Resolved architecture: OPTForCausalLM
INFO 09-10 14:51:50 [model.py:2024] Using max model len 2048
INFO 09-10 14:51:50 [kernel.py:365] Final IR op priority after setting platform defaults: IrOpPriorityConfig(rms_norm=['native'], fused_add_rms_norm=['native'])
INFO 09-10 14:51:50 [scheduler.py:3383] setting pause state to PAUSED_NEW
INFO 09-10 14:51:50 [scheduler.py:3383] setting pause state to UNPAUSED
PASSED

=============================== warnings summary ===============================
../../../usr/local/lib/python3.12/dist-packages/torch/jit/_script.py:365: 14 warnings
  /usr/local/lib/python3.12/dist-packages/torch/jit/_script.py:365: DeprecationWarning: `torch.jit.script_method` is deprecated. Please switch to `torch.compile` or `torch.export`.
    warnings.warn(

-- Docs: https://docs.pytest.org/en/stable/how-to/capture-warnings.html
=============== 20 passed, 164 deselected, 14 warnings in 16.40s ===============
============================= test session starts ==============================
platform linux -- Python 3.12.3, pytest-8.4.1, pluggy-1.6.0 -- /opt/venv/bin/python
cachedir: .pytest_cache
rootdir: /opt/jovian-judgement/vllm
configfile: pyproject.toml
plugins: typeguard-4.5.2, anyio-4.14.2
collecting ... W0910 14:51:56.215000 922 torch/utils/_pytree.py:630] <enum 'KernelPreference'> is an Enum subclass and is now natively supported by torch.compile as an opaque value type. Calling register_constant() on Enum subclasses is deprecated and will be an error in a future release.
W0910 14:51:56.230000 922 torch/utils/_pytree.py:630] <enum 'ScaleCalculationMode'> is an Enum subclass and is now natively supported by torch.compile as an opaque value type. Calling register_constant() on Enum subclasses is deprecated and will be an error in a future release.
collected 22 items

tests/kernels/attention/test_mla_bmm_storage.py::test_mla_bmm_at_mapped_allocation_end[query-1] PASSED
tests/kernels/attention/test_mla_bmm_storage.py::test_mla_bmm_at_mapped_allocation_end[query-2] PASSED
tests/kernels/attention/test_mla_bmm_storage.py::test_mla_bmm_at_mapped_allocation_end[query-4] PASSED
tests/kernels/attention/test_mla_bmm_storage.py::test_mla_bmm_at_mapped_allocation_end[query-8] PASSED
tests/kernels/attention/test_mla_bmm_storage.py::test_mla_bmm_at_mapped_allocation_end[query-32] PASSED
tests/kernels/attention/test_mla_bmm_storage.py::test_mla_bmm_at_mapped_allocation_end[value-1] PASSED
tests/kernels/attention/test_mla_bmm_storage.py::test_mla_bmm_at_mapped_allocation_end[value-2] PASSED
tests/kernels/attention/test_mla_bmm_storage.py::test_mla_bmm_at_mapped_allocation_end[value-4] PASSED
tests/kernels/attention/test_mla_bmm_storage.py::test_mla_bmm_at_mapped_allocation_end[value-8] PASSED
tests/kernels/attention/test_mla_bmm_storage.py::test_mla_bmm_at_mapped_allocation_end[value-32] PASSED
tests/kernels/attention/test_mla_bmm_storage.py::test_mla_bmm_random_values_and_graph_replay[query-1] PASSED
tests/kernels/attention/test_mla_bmm_storage.py::test_mla_bmm_random_values_and_graph_replay[query-4] PASSED
tests/kernels/attention/test_mla_bmm_storage.py::test_mla_bmm_random_values_and_graph_replay[query-8] PASSED
tests/kernels/attention/test_mla_bmm_storage.py::test_mla_bmm_random_values_and_graph_replay[query-32] PASSED
tests/kernels/attention/test_mla_bmm_storage.py::test_mla_bmm_random_values_and_graph_replay[query-128] PASSED
tests/kernels/attention/test_mla_bmm_storage.py::test_mla_bmm_random_values_and_graph_replay[query-4096] PASSED
tests/kernels/attention/test_mla_bmm_storage.py::test_mla_bmm_random_values_and_graph_replay[value-1] PASSED
tests/kernels/attention/test_mla_bmm_storage.py::test_mla_bmm_random_values_and_graph_replay[value-4] PASSED
tests/kernels/attention/test_mla_bmm_storage.py::test_mla_bmm_random_values_and_graph_replay[value-8] PASSED
tests/kernels/attention/test_mla_bmm_storage.py::test_mla_bmm_random_values_and_graph_replay[value-32] PASSED
tests/kernels/attention/test_mla_bmm_storage.py::test_mla_bmm_random_values_and_graph_replay[value-128] PASSED
tests/kernels/attention/test_mla_bmm_storage.py::test_mla_bmm_random_values_and_graph_replay[value-4096] PASSED

=============================== warnings summary ===============================
../../../usr/local/lib/python3.12/dist-packages/torch/jit/_script.py:365: 14 warnings
  /usr/local/lib/python3.12/dist-packages/torch/jit/_script.py:365: DeprecationWarning: `torch.jit.script_method` is deprecated. Please switch to `torch.compile` or `torch.export`.
    warnings.warn(

-- Docs: https://docs.pytest.org/en/stable/how-to/capture-warnings.html
======================= 22 passed, 14 warnings in 3.78s ========================
============================= test session starts ==============================
platform linux -- Python 3.12.3, pytest-8.4.1, pluggy-1.6.0 -- /opt/venv/bin/python
cachedir: .pytest_cache
rootdir: /opt/jovian-judgement/vllm
configfile: pyproject.toml
plugins: typeguard-4.5.2, anyio-4.14.2
collecting ... W0910 14:52:04.284000 987 torch/utils/_pytree.py:630] <enum 'KernelPreference'> is an Enum subclass and is now natively supported by torch.compile as an opaque value type. Calling register_constant() on Enum subclasses is deprecated and will be an error in a future release.
W0910 14:52:04.298000 987 torch/utils/_pytree.py:630] <enum 'ScaleCalculationMode'> is an Enum subclass and is now natively supported by torch.compile as an opaque value type. Calling register_constant() on Enum subclasses is deprecated and will be an error in a future release.
collected 2 items

tests/model_executor/layers/test_shared_experts_stream.py::test_shared_output_survives_producer_reuse {'producer_reused_output': False, 'consumer_was_pending': True, 'copied_values': [17]}
PASSED
tests/model_executor/layers/test_shared_experts_stream.py::test_shared_output_cuda_graph_replay PASSED

=============================== warnings summary ===============================
../../../usr/local/lib/python3.12/dist-packages/torch/jit/_script.py:365: 14 warnings
  /usr/local/lib/python3.12/dist-packages/torch/jit/_script.py:365: DeprecationWarning: `torch.jit.script_method` is deprecated. Please switch to `torch.compile` or `torch.export`.
    warnings.warn(

-- Docs: https://docs.pytest.org/en/stable/how-to/capture-warnings.html
======================== 2 passed, 14 warnings in 5.48s ========================
============================= test session starts ==============================
platform linux -- Python 3.12.3, pytest-8.4.1, pluggy-1.6.0 -- /opt/venv/bin/python
cachedir: .pytest_cache
rootdir: /opt/jovian-judgement/vllm
configfile: pyproject.toml
plugins: typeguard-4.5.2, anyio-4.14.2
collecting ... W0910 14:52:11.994000 1053 torch/utils/_pytree.py:630] <enum 'KernelPreference'> is an Enum subclass and is now natively supported by torch.compile as an opaque value type. Calling register_constant() on Enum subclasses is deprecated and will be an error in a future release.
W0910 14:52:12.009000 1053 torch/utils/_pytree.py:630] <enum 'ScaleCalculationMode'> is an Enum subclass and is now natively supported by torch.compile as an opaque value type. Calling register_constant() on Enum subclasses is deprecated and will be an error in a future release.
collected 108 items / 102 deselected / 6 selected

tests/models/test_glm5next_model.py::test_glm5next_mtp_draft_head_mode[bf16-bf16] PASSED
tests/models/test_glm5next_model.py::test_glm5next_mtp_draft_head_mode[NVFP4-nvfp4] PASSED
tests/models/test_glm5next_model.py::test_glm5next_mtp_nvfp4_draft_head_capability[capability0-True] PASSED
tests/models/test_glm5next_model.py::test_glm5next_mtp_nvfp4_draft_head_capability[capability1-True] PASSED
tests/models/test_glm5next_model.py::test_glm5next_mtp_nvfp4_draft_head_capability[capability2-False] PASSED
tests/models/test_glm5next_model.py::test_glm5next_mtp_nvfp4_draft_head_capability[capability3-False] PASSED

=============================== warnings summary ===============================
../../../usr/local/lib/python3.12/dist-packages/torch/jit/_script.py:365: 14 warnings
  /usr/local/lib/python3.12/dist-packages/torch/jit/_script.py:365: DeprecationWarning: `torch.jit.script_method` is deprecated. Please switch to `torch.compile` or `torch.export`.
    warnings.warn(

-- Docs: https://docs.pytest.org/en/stable/how-to/capture-warnings.html
================ 6 passed, 102 deselected, 14 warnings in 5.30s ================
============================= test session starts ==============================
platform linux -- Python 3.12.3, pytest-8.4.1, pluggy-1.6.0 -- /opt/venv/bin/python
cachedir: .pytest_cache
rootdir: /opt/jovian-judgement/vllm
configfile: pyproject.toml
plugins: typeguard-4.5.2, anyio-4.14.2
collecting ... W0910 14:52:19.759000 1169 torch/utils/_pytree.py:630] <enum 'KernelPreference'> is an Enum subclass and is now natively supported by torch.compile as an opaque value type. Calling register_constant() on Enum subclasses is deprecated and will be an error in a future release.
W0910 14:52:19.774000 1169 torch/utils/_pytree.py:630] <enum 'ScaleCalculationMode'> is an Enum subclass and is now natively supported by torch.compile as an opaque value type. Calling register_constant() on Enum subclasses is deprecated and will be an error in a future release.
collected 58 items / 57 deselected / 1 selected

tests/models/kimi_k3/test_kda.py::test_flashkda_near_collinear_keys_remain_finite PASSED

=============================== warnings summary ===============================
../../../usr/local/lib/python3.12/dist-packages/torch/jit/_script.py:365: 14 warnings
  /usr/local/lib/python3.12/dist-packages/torch/jit/_script.py:365: DeprecationWarning: `torch.jit.script_method` is deprecated. Please switch to `torch.compile` or `torch.export`.
    warnings.warn(

-- Docs: https://docs.pytest.org/en/stable/how-to/capture-warnings.html
================ 1 passed, 57 deselected, 14 warnings in 5.68s =================
============================= test session starts ==============================
platform linux -- Python 3.12.3, pytest-8.4.1, pluggy-1.6.0 -- /opt/venv/bin/python
cachedir: .pytest_cache
rootdir: /opt/jovian-judgement/b12x
configfile: pyproject.toml
plugins: typeguard-4.5.2, anyio-4.14.2
collecting ... collected 20 items / 19 deselected / 1 selected

../b12x/tests/gemm/test_mxfp8_linear.py::test_mm_persistent_ctas_complete_single_stage_epilogue_stores [b12x cute.compile] compile-start number=1 target=b12x._lib.dense_gemm._DenseGemmLaunch cache_key=19aef409011a7b3e kernel=gemm.dense version=4 params=['legacy', 'gemm.dense', 4, [['field', 'arg0', 4096], ['field', 'arg1', 128], ['field', 'arg2', 1], ['field', 'arg3', 1], ['field', 'arg4', 'k'], ['field', 'arg5', 'k'], ['field', 'arg6', 'n'], ['field', 'arg7', ['type', 'cutlass.base_dsl.typing', 'Float8E4M3FN']], ['field', 'arg8', ['type', 'cutlass.base_dsl.typing', 'Float8E8M0FNU']], ['field', 'arg9', ['type', 'cutlass.base_dsl.typing', 'BFloat16']], ['field', 'arg10', ['type', 'cutlass.base_dsl.typing', 'Float32']], ['field', 'arg11', 32], ['field', 'arg12', 32], ['field', 'arg13', 128], ['field', 'arg14', [64, 128]], ['field', 'arg15', [1, 1]], ['field', 'arg16', ['dataclass', 'b12x._lib.dense_gemm', '_DenseGemmPolicy', [['single_work_tile_per_cta', False], ['direct_one_m_tile_scheduler', False], ['use_m1_non_tma', False], ['split_k_slices', 1], ['split_k_atomic_bf16', True], ['large_m_unroll', False]]]], ['field', 'arg17', 48], ['field', 'arg18', 48], ['field', 'arg19', 'sm_120'], ['field', 'arg20', 'tma'], ['field', 'arg21', False], ['field', 'arg22', False], ['field', 'arg23', False], ['field', 'arg24', False], ['field', 'arg25', 0], ['field', 'arg26', False], ['field', 'arg27', True], ['field', 'arg28', False], ['field', 'arg29', False], ['field', 'arg30', 1], ['field', 'arg31', False]]]
[b12x cute.compile] compile-done number=1 duration_s=0.633 total_compile_s=0.633 target=b12x._lib.dense_gemm._DenseGemmLaunch cache_key=19aef409011a7b3e kernel=gemm.dense version=4 params=['legacy', 'gemm.dense', 4, [['field', 'arg0', 4096], ['field', 'arg1', 128], ['field', 'arg2', 1], ['field', 'arg3', 1], ['field', 'arg4', 'k'], ['field', 'arg5', 'k'], ['field', 'arg6', 'n'], ['field', 'arg7', ['type', 'cutlass.base_dsl.typing', 'Float8E4M3FN']], ['field', 'arg8', ['type', 'cutlass.base_dsl.typing', 'Float8E8M0FNU']], ['field', 'arg9', ['type', 'cutlass.base_dsl.typing', 'BFloat16']], ['field', 'arg10', ['type', 'cutlass.base_dsl.typing', 'Float32']], ['field', 'arg11', 32], ['field', 'arg12', 32], ['field', 'arg13', 128], ['field', 'arg14', [64, 128]], ['field', 'arg15', [1, 1]], ['field', 'arg16', ['dataclass', 'b12x._lib.dense_gemm', '_DenseGemmPolicy', [['single_work_tile_per_cta', False], ['direct_one_m_tile_scheduler', False], ['use_m1_non_tma', False], ['split_k_slices', 1], ['split_k_atomic_bf16', True], ['large_m_unroll', False]]]], ['field', 'arg17', 48], ['field', 'arg18', 48], ['field', 'arg19', 'sm_120'], ['field', 'arg20', 'tma'], ['field', 'arg21', False], ['field', 'arg22', False], ['field', 'arg23', False], ['field', 'arg24', False], ['field', 'arg25', 0], ['field', 'arg26', False], ['field', 'arg27', True], ['field', 'arg28', False], ['field', 'arg29', False], ['field', 'arg30', 1], ['field', 'arg31', False]]]
PASSED

=============================== warnings summary ===============================
tests/gemm/test_mxfp8_linear.py::test_mm_persistent_ctas_complete_single_stage_epilogue_stores
  /opt/jovian-judgement/b12x/b12x/_lib/dense_gemm.py:4604: DeprecationWarning: Migrated to examples/CuTeDSL/helpers/static_persistent_tile_scheduler.py (BSD-3). The wheel copy will be removed in a future release.
    tile_sched_params = utils.PersistentTileSchedulerParams(

tests/gemm/test_mxfp8_linear.py: 28 warnings
  /opt/venv/lib/python3.12/site-packages/nvidia_cutlass_dsl/dsl_packages/cutlass/_mlir_helpers/op.py:294: DeprecationWarning: FastDivmodDivisor is deprecated in favor of cute.FastDivmodDivisorV2 / cute.fast_divmod_create_divisor_v2. V2 additionally carries the scalar divisor across kernel boundaries (2 MLIR values per object instead of 1), so '.divisor' is readable inside kernels; arithmetic (divmod, //, %) is unchanged.
    res_or_list = opFunc(*args, **kwargs, loc=loc)

tests/gemm/test_mxfp8_linear.py: 13 warnings
  /opt/venv/lib/python3.12/site-packages/nvidia_cutlass_dsl/dsl_packages/cutlass/utils/static_persistent_tile_scheduler.py:292: DeprecationWarning: Migrated to examples/CuTeDSL/helpers/static_persistent_tile_scheduler.py (BSD-3). The wheel copy will be removed in a future release.
    new_params = PersistentTileSchedulerParams(*(tuple(obj_list)), loc=self._loc)

-- Docs: https://docs.pytest.org/en/stable/how-to/capture-warnings.html
================ 1 passed, 19 deselected, 42 warnings in 4.63s =================
W0910 14:52:34.446000 1316 torch/utils/_pytree.py:630] <enum 'KernelPreference'> is an Enum subclass and is now natively supported by torch.compile as an opaque value type. Calling register_constant() on Enum subclasses is deprecated and will be an error in a future release.
W0910 14:52:34.459000 1316 torch/utils/_pytree.py:630] <enum 'ScaleCalculationMode'> is an Enum subclass and is now natively supported by torch.compile as an opaque value type. Calling register_constant() on Enum subclasses is deprecated and will be an error in a future release.
rows=1 relative_rmse=0.094866 cosine=0.995507
rows=4 relative_rmse=0.095540 cosine=0.995440
rows=32 relative_rmse=0.095373 cosine=0.995457
GLM R32 NVFP4 proposal head SM121: PASS
============================= test session starts ==============================
platform linux -- Python 3.12.3, pytest-8.4.1, pluggy-1.6.0 -- /opt/venv/bin/python
cachedir: .pytest_cache
rootdir: /opt
plugins: typeguard-4.5.2, anyio-4.14.2
collecting ... collected 34 items / 22 deselected / 12 selected

../../local-inference/r32-native/flashkda-tests/test_vsplit.py::test_packed_checkpoints_match_prefix_states_without_changing_outputs[state_dtype0-cu_dtype0-4] PASSED
../../local-inference/r32-native/flashkda-tests/test_vsplit.py::test_packed_checkpoints_match_prefix_states_without_changing_outputs[state_dtype0-cu_dtype0-64] PASSED
../../local-inference/r32-native/flashkda-tests/test_vsplit.py::test_packed_checkpoints_match_prefix_states_without_changing_outputs[state_dtype0-cu_dtype1-4] PASSED
../../local-inference/r32-native/flashkda-tests/test_vsplit.py::test_packed_checkpoints_match_prefix_states_without_changing_outputs[state_dtype0-cu_dtype1-64] PASSED
../../local-inference/r32-native/flashkda-tests/test_vsplit.py::test_packed_checkpoints_match_prefix_states_without_changing_outputs[state_dtype1-cu_dtype0-4] PASSED
../../local-inference/r32-native/flashkda-tests/test_vsplit.py::test_packed_checkpoints_match_prefix_states_without_changing_outputs[state_dtype1-cu_dtype0-64] PASSED
../../local-inference/r32-native/flashkda-tests/test_vsplit.py::test_packed_checkpoints_match_prefix_states_without_changing_outputs[state_dtype1-cu_dtype1-4] PASSED
../../local-inference/r32-native/flashkda-tests/test_vsplit.py::test_packed_checkpoints_match_prefix_states_without_changing_outputs[state_dtype1-cu_dtype1-64] PASSED
../../local-inference/r32-native/flashkda-tests/test_vsplit.py::test_dense_checkpoints_across_long_prefill_match_independent_prefixes[cu_dtype0-4] PASSED
../../local-inference/r32-native/flashkda-tests/test_vsplit.py::test_dense_checkpoints_across_long_prefill_match_independent_prefixes[cu_dtype0-64] PASSED
../../local-inference/r32-native/flashkda-tests/test_vsplit.py::test_dense_checkpoints_across_long_prefill_match_independent_prefixes[cu_dtype1-4] PASSED
../../local-inference/r32-native/flashkda-tests/test_vsplit.py::test_dense_checkpoints_across_long_prefill_match_independent_prefixes[cu_dtype1-64] PASSED

====================== 12 passed, 22 deselected in 29.28s ======================
FLASHKDA-R32-GATE-OK collected=12 passed=12 skipped=0
LMCache is packaged but not qualified on DGX Spark; set LMCACHE_ENABLED=0.
LMCache is packaged but not qualified on DGX Spark; set LMCACHE_ENABLED=0.
BUILD-OK image=localhost/voipmonitor/vllm:jj-r32-spark-sm121 id=sha256:74e53e710bef141f6f68e722582569f9c6aa388bce405ad6f1423566a2300c9c flashkda=69347e79224ee3a48d1d3604d302dc275a595188b89db53be2a09593dbd07d98 lock=c28c09ef0fabe37d5ebd46a35aceee875a996cd3d5dafd813976050ce3940207
