kirby:1:1 [0] NCCL INFO ENV/Plugin: Could not find: libnccl-env.so
kirby:1:1 [0] NCCL INFO cudaDriverVersion 13000
kirby:1:1 [0] NCCL INFO NCCL_SOCKET_IFNAME set by environment to enp1s0f1np1,enP2p1s0f1np1
kirby:1:1 [0] NCCL INFO NCCL version 2.31.2+cuda13.3
kirby:1:1 [0] NCCL INFO NCCL git version unknown unknown
kirby:1:1 [0] NCCL INFO NCCL_MIN_CTAS set by environment to 4.
kirby:1:1 [0] NCCL INFO Comm config minCTAs reset to NCCL_MIN_CTAS=4
kirby:1:1 [0] NCCL INFO NCCL_MAX_CTAS set by environment to 4.
kirby:1:1 [0] NCCL INFO Comm config maxCTAs reset to NCCL_MAX_CTAS=4
kirby:1:1 [0] NCCL INFO NCCL_NET_PLUGIN set by environment to none
kirby:1:1 [0] NCCL INFO NCCL_IB_DISABLE set by environment to 0.
kirby:1:1 [0] NCCL INFO NCCL_SOCKET_IFNAME set by environment to enp1s0f1np1,enP2p1s0f1np1
kirby:1:1 [0] NCCL INFO NCCL_IB_HCA set to rocep1s0f1,roceP2p1s0f1

[2026-08-19 19:06:09] kirby:1:1 [0] misc/ibvwrap.cc:405 (wrap_ibv_query_port_speed) NCCL WARN Call to ibv_query_port_speed failed with error Protocol not supported errno 93
kirby:1:1 [0] NCCL INFO NCCL_IB_GID_INDEX set by environment to 3.

[2026-08-19 19:06:09] kirby:1:1 [0] misc/ibvwrap.cc:405 (wrap_ibv_query_port_speed) NCCL WARN Call to ibv_query_port_speed failed with error Protocol not supported errno 93
kirby:1:1 [0] NCCL INFO NET/IB : Using [0]rocep1s0f1:1/RoCE [1]roceP2p1s0f1:1/RoCE [RO]; OOB enp1s0f1np1:10.11.1.2<0>
kirby:1:1 [0] NCCL INFO Initialized NET plugin IB
kirby:1:1 [0] NCCL INFO Assigned NET plugin IB to comm
kirby:1:1 [0] NCCL INFO RMA/Plugin: Could not find: libnccl-rma.so
kirby:1:1 [0] NCCL INFO RMA/Plugin: Assigned plugin RMA_IB_PROXY to comm
kirby:1:1 [0] NCCL INFO GIN/Plugin: Could not find: libnccl-gin.so
kirby:1:1 [0] NCCL INFO Using network IB
kirby:1:1 [0] NCCL INFO Loaded NVML from libnvidia-ml.so.1
kirby:1:1 [0] NCCL INFO [Rank 1] ncclCommInitRank comm 0x369a4f60 rank 1 nranks 2 cudaDev 0 nvmlDev 0 busId f01000 commId 0x2bf070f9b692608a - Init START
kirby:1:1 [0] NCCL INFO Socket handshake magic 0x564ab9f2fc4b9d6c (built-in default)
kirby:1:1 [0] NCCL INFO RAS client listening socket at 127.0.0.1<28028>
kirby:1:1 [0] NCCL INFO Topology detection: could not read /sys/devices/system/node/node4294967295/cpumap, using empty affinity
kirby:1:1 [0] NCCL INFO TOPO/NET : Importing network plugins to topology
kirby:1:1 [0] NCCL INFO ncclTopoPopulateNics : Filled rocep1s0f1 in topo with pciPath=/sys/devices/pci0000:00/0000:00:00.0/0000:01:00.0 net=0 gin=1 rma=(null) keep=1 coll=(null) rail=-1 plane=-1
kirby:1:1 [0] NCCL INFO ncclTopoPopulateNics : Filled roceP2p1s0f1 in topo with pciPath=/sys/devices/pci0002:00/0002:00:00.0/0002:01:00.0 net=0 gin=1 rma=(null) keep=1 coll=(null) rail=-1 plane=-1
kirby:1:1 [0] NCCL INFO ncclTopoPopulateNics : Filled rocep1s0f1 in topo with pciPath=/sys/devices/pci0000:00/0000:00:00.0/0000:01:00.0 net=0 gin=1 rma=1 keep=1 coll=(null) rail=-1 plane=-1
kirby:1:1 [0] NCCL INFO ncclTopoPopulateNics : Filled roceP2p1s0f1 in topo with pciPath=/sys/devices/pci0002:00/0002:00:00.0/0002:01:00.0 net=0 gin=1 rma=1 keep=1 coll=(null) rail=-1 plane=-1
kirby:1:1 [0] NCCL INFO ncclTopoPopulateNics : Filled rocep1s0f1 in topo with pciPath=/sys/devices/pci0000:00/0000:00:00.0/0000:01:00.0 net=1 gin=1 rma=1 keep=1 coll=(null) rail=-1 plane=-1
kirby:1:1 [0] NCCL INFO ncclTopoPopulateNics : Filled roceP2p1s0f1 in topo with pciPath=/sys/devices/pci0002:00/0002:00:00.0/0002:01:00.0 net=1 gin=1 rma=1 keep=1 coll=(null) rail=-1 plane=-1
kirby:1:1 [0] NCCL INFO === System : maxBw 12.0 totalBw 0.2 ===
kirby:1:1 [0] NCCL INFO CPU/0-ffffffffffffff (3/-1/-1)
kirby:1:1 [0] NCCL INFO + C2C[345.0] - DEV/0-f01000
kirby:1:1 [0] NCCL INFO + PCI[12.0] - NIC/0-1000
kirby:1:1 [0] NCCL INFO               + NET[25.0] - NET/0-0 (0/9048e8000347bb4c/1/25.000000)
kirby:1:1 [0] NCCL INFO               + NET[25.0] - GIN/0-0
kirby:1:1 [0] NCCL INFO               + NET[25.0] - RMA/0-0
kirby:1:1 [0] NCCL INFO + PCI[12.0] - NIC/0-201000
kirby:1:1 [0] NCCL INFO               + NET[25.0] - NET/0-1 (0/9048e8000347bb4c/1/25.000000)
kirby:1:1 [0] NCCL INFO               + NET[25.0] - GIN/0-1
kirby:1:1 [0] NCCL INFO               + NET[25.0] - RMA/0-1
kirby:1:1 [0] NCCL INFO + PCI[0.2] - DEV/0-f01000 (10de2e1210de0000)
kirby:1:1 [0] NCCL INFO              + LOC[5000.0] - GPU/0-f01000
kirby:1:1 [0] NCCL INFO              + C2C[345.0] - CPU/0-ffffffffffffff
kirby:1:1 [0] NCCL INFO ==========================================
kirby:1:1 [0] NCCL INFO GPU/0-f01000 :GPU/0-f01000 (0/5000.0/LOC) CPU/0-ffffffffffffff (2/345.0/C2C) NET/0-0 (4/12.0/P2C) NET/0-1 (4/12.0/P2C) GIN/0-0 (4/12.0/PHB) GIN/0-1 (4/12.0/PHB) RMA/0-0 (4/12.0/PHB) RMA/0-1 (4/12.0/PHB) DEV/0-f01000 (1/5000.0/LOC) 
kirby:1:1 [0] NCCL INFO NET/0-0 :GPU/0-f01000 (4/12.0/P2C) CPU/0-ffffffffffffff (2/12.0/PHB) NET/0-0 (0/5000.0/LOC) NET/0-1 (4/12.0/PHB) GIN/0-0 (2/25.0/LOC) GIN/0-1 (4/12.0/PHB) RMA/0-0 (2/25.0/LOC) RMA/0-1 (4/12.0/PHB) DEV/0-f01000 (3/12.0/PHB) 
kirby:1:1 [0] NCCL INFO NET/0-1 :GPU/0-f01000 (4/12.0/P2C) CPU/0-ffffffffffffff (2/12.0/PHB) NET/0-0 (4/12.0/PHB) NET/0-1 (0/5000.0/LOC) GIN/0-0 (4/12.0/PHB) GIN/0-1 (2/25.0/LOC) RMA/0-0 (4/12.0/PHB) RMA/0-1 (2/25.0/LOC) DEV/0-f01000 (3/12.0/PHB) 
kirby:1:1 [0] NCCL INFO GIN/0-0 :GPU/0-f01000 (4/12.0/PHB) CPU/0-ffffffffffffff (2/12.0/PHB) NET/0-0 (2/25.0/LOC) NET/0-1 (4/12.0/PHB) GIN/0-0 (0/5000.0/LOC) GIN/0-1 (4/12.0/PHB) RMA/0-0 (2/25.0/LOC) RMA/0-1 (4/12.0/PHB) DEV/0-f01000 (3/12.0/PHB) 
kirby:1:1 [0] NCCL INFO GIN/0-1 :GPU/0-f01000 (4/12.0/PHB) CPU/0-ffffffffffffff (2/12.0/PHB) NET/0-0 (4/12.0/PHB) NET/0-1 (2/25.0/LOC) GIN/0-0 (4/12.0/PHB) GIN/0-1 (0/5000.0/LOC) RMA/0-0 (4/12.0/PHB) RMA/0-1 (2/25.0/LOC) DEV/0-f01000 (3/12.0/PHB) 
kirby:1:1 [0] NCCL INFO RMA/0-0 :GPU/0-f01000 (4/12.0/PHB) CPU/0-ffffffffffffff (2/12.0/PHB) NET/0-0 (2/25.0/LOC) NET/0-1 (4/12.0/PHB) GIN/0-0 (2/25.0/LOC) GIN/0-1 (4/12.0/PHB) RMA/0-0 (0/5000.0/LOC) RMA/0-1 (4/12.0/PHB) DEV/0-f01000 (3/12.0/PHB) 
kirby:1:1 [0] NCCL INFO RMA/0-1 :GPU/0-f01000 (4/12.0/PHB) CPU/0-ffffffffffffff (2/12.0/PHB) NET/0-0 (4/12.0/PHB) NET/0-1 (2/25.0/LOC) GIN/0-0 (4/12.0/PHB) GIN/0-1 (2/25.0/LOC) RMA/0-0 (4/12.0/PHB) RMA/0-1 (0/5000.0/LOC) DEV/0-f01000 (3/12.0/PHB) 
kirby:1:1 [0] NCCL INFO ncclTopoGetCpuAffinity: Affinity for GPU 0 is empty, ignoring. (GPU affinity =  ; CPU affinity = 0-19).
kirby:1:1 [0] NCCL INFO Pattern 4, crossNic 0, nChannels 32, bw 0.240000/0.240000, type LOC/P2C, sameChannels 1
kirby:1:1 [0] NCCL INFO  0 : NET/0-0 GPU/0-f01000 NET/0-0
kirby:1:1 [0] NCCL INFO  1 : NET/0-1 GPU/0-f01000 NET/0-0
kirby:1:1 [0] NCCL INFO  2 : NET/0-0 GPU/0-f01000 NET/0-0
kirby:1:1 [0] NCCL INFO  3 : NET/0-1 GPU/0-f01000 NET/0-0
kirby:1:1 [0] NCCL INFO  4 : NET/0-0 GPU/0-f01000 NET/0-0
kirby:1:1 [0] NCCL INFO  5 : NET/0-1 GPU/0-f01000 NET/0-0
kirby:1:1 [0] NCCL INFO  6 : NET/0-0 GPU/0-f01000 NET/0-0
kirby:1:1 [0] NCCL INFO  7 : NET/0-1 GPU/0-f01000 NET/0-0
kirby:1:1 [0] NCCL INFO  8 : NET/0-0 GPU/0-f01000 NET/0-0
kirby:1:1 [0] NCCL INFO  9 : NET/0-1 GPU/0-f01000 NET/0-0
kirby:1:1 [0] NCCL INFO 10 : NET/0-0 GPU/0-f01000 NET/0-0
kirby:1:1 [0] NCCL INFO 11 : NET/0-1 GPU/0-f01000 NET/0-0
kirby:1:1 [0] NCCL INFO 12 : NET/0-0 GPU/0-f01000 NET/0-0
kirby:1:1 [0] NCCL INFO 13 : NET/0-1 GPU/0-f01000 NET/0-0
kirby:1:1 [0] NCCL INFO 14 : NET/0-0 GPU/0-f01000 NET/0-0
kirby:1:1 [0] NCCL INFO 15 : NET/0-1 GPU/0-f01000 NET/0-0
kirby:1:1 [0] NCCL INFO 16 : NET/0-0 GPU/0-f01000 NET/0-0
kirby:1:1 [0] NCCL INFO 17 : NET/0-1 GPU/0-f01000 NET/0-0
kirby:1:1 [0] NCCL INFO 18 : NET/0-0 GPU/0-f01000 NET/0-0
kirby:1:1 [0] NCCL INFO 19 : NET/0-1 GPU/0-f01000 NET/0-0
kirby:1:1 [0] NCCL INFO 20 : NET/0-0 GPU/0-f01000 NET/0-0
kirby:1:1 [0] NCCL INFO 21 : NET/0-1 GPU/0-f01000 NET/0-0
kirby:1:1 [0] NCCL INFO 22 : NET/0-0 GPU/0-f01000 NET/0-0
kirby:1:1 [0] NCCL INFO 23 : NET/0-1 GPU/0-f01000 NET/0-0
kirby:1:1 [0] NCCL INFO 24 : NET/0-0 GPU/0-f01000 NET/0-0
kirby:1:1 [0] NCCL INFO 25 : NET/0-1 GPU/0-f01000 NET/0-0
kirby:1:1 [0] NCCL INFO 26 : NET/0-0 GPU/0-f01000 NET/0-0
kirby:1:1 [0] NCCL INFO 27 : NET/0-1 GPU/0-f01000 NET/0-0
kirby:1:1 [0] NCCL INFO 28 : NET/0-0 GPU/0-f01000 NET/0-0
kirby:1:1 [0] NCCL INFO 29 : NET/0-1 GPU/0-f01000 NET/0-0
kirby:1:1 [0] NCCL INFO 30 : NET/0-0 GPU/0-f01000 NET/0-0
kirby:1:1 [0] NCCL INFO 31 : NET/0-1 GPU/0-f01000 NET/0-0
kirby:1:1 [0] NCCL INFO Pattern 3, crossNic 0, nChannels 32, bw 0.240000/0.120000, type LOC/P2C, sameChannels 1
kirby:1:1 [0] NCCL INFO  0 : NET/0-0 GPU/0-f01000 NET/0-0
kirby:1:1 [0] NCCL INFO  1 : NET/0-1 GPU/0-f01000 NET/0-1
kirby:1:1 [0] NCCL INFO  2 : NET/0-0 GPU/0-f01000 NET/0-0
kirby:1:1 [0] NCCL INFO  3 : NET/0-1 GPU/0-f01000 NET/0-1
kirby:1:1 [0] NCCL INFO  4 : NET/0-0 GPU/0-f01000 NET/0-0
kirby:1:1 [0] NCCL INFO  5 : NET/0-1 GPU/0-f01000 NET/0-1
kirby:1:1 [0] NCCL INFO  6 : NET/0-0 GPU/0-f01000 NET/0-0
kirby:1:1 [0] NCCL INFO  7 : NET/0-1 GPU/0-f01000 NET/0-1
kirby:1:1 [0] NCCL INFO  8 : NET/0-0 GPU/0-f01000 NET/0-0
kirby:1:1 [0] NCCL INFO  9 : NET/0-1 GPU/0-f01000 NET/0-1
kirby:1:1 [0] NCCL INFO 10 : NET/0-0 GPU/0-f01000 NET/0-0
kirby:1:1 [0] NCCL INFO 11 : NET/0-1 GPU/0-f01000 NET/0-1
kirby:1:1 [0] NCCL INFO 12 : NET/0-0 GPU/0-f01000 NET/0-0
kirby:1:1 [0] NCCL INFO 13 : NET/0-1 GPU/0-f01000 NET/0-1
kirby:1:1 [0] NCCL INFO 14 : NET/0-0 GPU/0-f01000 NET/0-0
kirby:1:1 [0] NCCL INFO 15 : NET/0-1 GPU/0-f01000 NET/0-1
kirby:1:1 [0] NCCL INFO 16 : NET/0-0 GPU/0-f01000 NET/0-0
kirby:1:1 [0] NCCL INFO 17 : NET/0-1 GPU/0-f01000 NET/0-1
kirby:1:1 [0] NCCL INFO 18 : NET/0-0 GPU/0-f01000 NET/0-0
kirby:1:1 [0] NCCL INFO 19 : NET/0-1 GPU/0-f01000 NET/0-1
kirby:1:1 [0] NCCL INFO 20 : NET/0-0 GPU/0-f01000 NET/0-0
kirby:1:1 [0] NCCL INFO 21 : NET/0-1 GPU/0-f01000 NET/0-1
kirby:1:1 [0] NCCL INFO 22 : NET/0-0 GPU/0-f01000 NET/0-0
kirby:1:1 [0] NCCL INFO 23 : NET/0-1 GPU/0-f01000 NET/0-1
kirby:1:1 [0] NCCL INFO 24 : NET/0-0 GPU/0-f01000 NET/0-0
kirby:1:1 [0] NCCL INFO 25 : NET/0-1 GPU/0-f01000 NET/0-1
kirby:1:1 [0] NCCL INFO 26 : NET/0-0 GPU/0-f01000 NET/0-0
kirby:1:1 [0] NCCL INFO 27 : NET/0-1 GPU/0-f01000 NET/0-1
kirby:1:1 [0] NCCL INFO 28 : NET/0-0 GPU/0-f01000 NET/0-0
kirby:1:1 [0] NCCL INFO 29 : NET/0-1 GPU/0-f01000 NET/0-1
kirby:1:1 [0] NCCL INFO 30 : NET/0-0 GPU/0-f01000 NET/0-0
kirby:1:1 [0] NCCL INFO 31 : NET/0-1 GPU/0-f01000 NET/0-1
kirby:1:1 [0] NCCL INFO Rank 1: 2 Net devices
kirby:1:1 [0] NCCL INFO Rank 1: 0 CollNet devices
kirby:1:1 [0] NCCL INFO comm 0x369a4f60 rank 1 nRanks 2 nNodes 2 localRanks 1 localRank 0 MNNVL 0
kirby:1:1 [0] NCCL INFO Tree 0 : 0 -> 1 -> -1/-1/-1
kirby:1:1 [0] NCCL INFO Tree 32 : -1 -> 1 -> 0/-1/-1
kirby:1:1 [0] NCCL INFO Tree 1 : 0 -> 1 -> -1/-1/-1
kirby:1:1 [0] NCCL INFO Tree 33 : -1 -> 1 -> 0/-1/-1
kirby:1:1 [0] NCCL INFO Tree 2 : 0 -> 1 -> -1/-1/-1
kirby:1:1 [0] NCCL INFO Tree 34 : -1 -> 1 -> 0/-1/-1
kirby:1:1 [0] NCCL INFO Tree 3 : 0 -> 1 -> -1/-1/-1
kirby:1:1 [0] NCCL INFO Tree 35 : -1 -> 1 -> 0/-1/-1
kirby:1:1 [0] NCCL INFO Tree 4 : 0 -> 1 -> -1/-1/-1
kirby:1:1 [0] NCCL INFO Tree 36 : -1 -> 1 -> 0/-1/-1
kirby:1:1 [0] NCCL INFO Tree 5 : 0 -> 1 -> -1/-1/-1
kirby:1:1 [0] NCCL INFO Tree 37 : -1 -> 1 -> 0/-1/-1
kirby:1:1 [0] NCCL INFO Tree 6 : 0 -> 1 -> -1/-1/-1
kirby:1:1 [0] NCCL INFO Tree 38 : -1 -> 1 -> 0/-1/-1
kirby:1:1 [0] NCCL INFO Tree 7 : 0 -> 1 -> -1/-1/-1
kirby:1:1 [0] NCCL INFO Tree 39 : -1 -> 1 -> 0/-1/-1
kirby:1:1 [0] NCCL INFO Tree 8 : 0 -> 1 -> -1/-1/-1
kirby:1:1 [0] NCCL INFO Tree 40 : -1 -> 1 -> 0/-1/-1
kirby:1:1 [0] NCCL INFO Tree 9 : 0 -> 1 -> -1/-1/-1
kirby:1:1 [0] NCCL INFO Tree 41 : -1 -> 1 -> 0/-1/-1
kirby:1:1 [0] NCCL INFO Tree 10 : 0 -> 1 -> -1/-1/-1
kirby:1:1 [0] NCCL INFO Tree 42 : -1 -> 1 -> 0/-1/-1
kirby:1:1 [0] NCCL INFO Tree 11 : 0 -> 1 -> -1/-1/-1
kirby:1:1 [0] NCCL INFO Tree 43 : -1 -> 1 -> 0/-1/-1
kirby:1:1 [0] NCCL INFO Tree 12 : 0 -> 1 -> -1/-1/-1
kirby:1:1 [0] NCCL INFO Tree 44 : -1 -> 1 -> 0/-1/-1
kirby:1:1 [0] NCCL INFO Tree 13 : 0 -> 1 -> -1/-1/-1
kirby:1:1 [0] NCCL INFO Tree 45 : -1 -> 1 -> 0/-1/-1
kirby:1:1 [0] NCCL INFO Tree 14 : 0 -> 1 -> -1/-1/-1
kirby:1:1 [0] NCCL INFO Tree 46 : -1 -> 1 -> 0/-1/-1
kirby:1:1 [0] NCCL INFO Tree 15 : 0 -> 1 -> -1/-1/-1
kirby:1:1 [0] NCCL INFO Tree 47 : -1 -> 1 -> 0/-1/-1
kirby:1:1 [0] NCCL INFO Tree 16 : 0 -> 1 -> -1/-1/-1
kirby:1:1 [0] NCCL INFO Tree 48 : -1 -> 1 -> 0/-1/-1
kirby:1:1 [0] NCCL INFO Tree 17 : 0 -> 1 -> -1/-1/-1
kirby:1:1 [0] NCCL INFO Tree 49 : -1 -> 1 -> 0/-1/-1
kirby:1:1 [0] NCCL INFO Tree 18 : 0 -> 1 -> -1/-1/-1
kirby:1:1 [0] NCCL INFO Tree 50 : -1 -> 1 -> 0/-1/-1
kirby:1:1 [0] NCCL INFO Tree 19 : 0 -> 1 -> -1/-1/-1
kirby:1:1 [0] NCCL INFO Tree 51 : -1 -> 1 -> 0/-1/-1
kirby:1:1 [0] NCCL INFO Tree 20 : 0 -> 1 -> -1/-1/-1
kirby:1:1 [0] NCCL INFO Tree 52 : -1 -> 1 -> 0/-1/-1
kirby:1:1 [0] NCCL INFO Tree 21 : 0 -> 1 -> -1/-1/-1
kirby:1:1 [0] NCCL INFO Tree 53 : -1 -> 1 -> 0/-1/-1
kirby:1:1 [0] NCCL INFO Tree 22 : 0 -> 1 -> -1/-1/-1
kirby:1:1 [0] NCCL INFO Tree 54 : -1 -> 1 -> 0/-1/-1
kirby:1:1 [0] NCCL INFO Tree 23 : 0 -> 1 -> -1/-1/-1
kirby:1:1 [0] NCCL INFO Tree 55 : -1 -> 1 -> 0/-1/-1
kirby:1:1 [0] NCCL INFO Tree 24 : 0 -> 1 -> -1/-1/-1
kirby:1:1 [0] NCCL INFO Tree 56 : -1 -> 1 -> 0/-1/-1
kirby:1:1 [0] NCCL INFO Tree 25 : 0 -> 1 -> -1/-1/-1
kirby:1:1 [0] NCCL INFO Tree 57 : -1 -> 1 -> 0/-1/-1
kirby:1:1 [0] NCCL INFO Tree 26 : 0 -> 1 -> -1/-1/-1
kirby:1:1 [0] NCCL INFO Tree 58 : -1 -> 1 -> 0/-1/-1
kirby:1:1 [0] NCCL INFO Tree 27 : 0 -> 1 -> -1/-1/-1
kirby:1:1 [0] NCCL INFO Tree 59 : -1 -> 1 -> 0/-1/-1
kirby:1:1 [0] NCCL INFO Tree 28 : 0 -> 1 -> -1/-1/-1
kirby:1:1 [0] NCCL INFO Tree 60 : -1 -> 1 -> 0/-1/-1
kirby:1:1 [0] NCCL INFO Tree 29 : 0 -> 1 -> -1/-1/-1
kirby:1:1 [0] NCCL INFO Tree 61 : -1 -> 1 -> 0/-1/-1
kirby:1:1 [0] NCCL INFO Tree 30 : 0 -> 1 -> -1/-1/-1
kirby:1:1 [0] NCCL INFO Tree 62 : -1 -> 1 -> 0/-1/-1
kirby:1:1 [0] NCCL INFO Tree 31 : 0 -> 1 -> -1/-1/-1
kirby:1:1 [0] NCCL INFO Tree 63 : -1 -> 1 -> 0/-1/-1
kirby:1:1 [0] NCCL INFO Ring 00 : 0 -> 1 -> 0
kirby:1:1 [0] NCCL INFO Ring 01 : 0 -> 1 -> 0
kirby:1:1 [0] NCCL INFO Ring 02 : 0 -> 1 -> 0
kirby:1:1 [0] NCCL INFO Ring 03 : 0 -> 1 -> 0
kirby:1:1 [0] NCCL INFO Trees [0] -1/-1/-1->1->0 [1] -1/-1/-1->1->0 [2] -1/-1/-1->1->0 [3] -1/-1/-1->1->0
kirby:1:1 [0] NCCL INFO P2P Chunksize set to 262144
kirby:1:1 [0] NCCL INFO Tuning P2P operations with maxP2pPeers = 2
kirby:1:1 [0] NCCL INFO PROFILER/Plugin: Could not find: libnccl-profiler.so
kirby:1:1 [0] NCCL INFO Check P2P Type isAllDirectP2p 1 directMode 0 isAllCudaP2p 1
kirby:1:80 [0] NCCL INFO [Proxy Service] Device 0 CPU core 4
kirby:1:1 [0] NCCL INFO ncclP2pSchedule: group size used is 1
kirby:1:80 [0] NCCL INFO proxy listening socket at 10.11.1.2<58779>
kirby:1:81 [0] NCCL INFO [Proxy Service UDS] Device 0 CPU core 18
kirby:1:1 [0] NCCL INFO NCCL_TUNER_PLUGIN set by environment to none
kirby:1:1 [0] NCCL INFO NCCL_PROTO set by environment to LL,Simple
kirby:1:1 [0] NCCL INFO threadThresholds 8/8/64 | 16/8/64 | 512 | 512
kirby:1:1 [0] NCCL INFO 4 coll channels, 4 collnet channels, 0 nvls channels, 4 p2p channels, 2 p2p channels per peer
kirby:1:1 [0] NCCL INFO symmetricSupport 0, cuMemEnable 1, globalGinSupport 0, cuMemGdrSupport 0, contiguousRanksPerHost 1, crossNicSupport 1
kirby:1:1 [0] NCCL INFO ncclCommInitRank comm 0x369a4f60 rank 1 nranks 2 cudaDev 0 nvmlDev 0 busId f01000 commId 0x2bf070f9b692608a - Init COMPLETE
kirby:1:1 [0] NCCL INFO Init timings - ncclCommInitRank: rank 1 nranks 2 total 0.28 (kernels 0.22, alloc 0.04, bootstrap 0.01, allgathers 0.00, topo 0.01, graphs 0.00, connections 0.00, rest 0.00)
kirby:1:1 [0] NCCL INFO Input: { .comm = 0x369a4f60, .tuningMask = 0x1fffff, .func = AllReduce, .redOp = 0, .devRedop = 0, .dataType = 7, .nBytes = 4, .numPipesOps = 1, .count = 1, .countMax = 0, .nWorks = 0, .winRegType = 0, .regBuff = 0 }
kirby:1:1 [0] NCCL INFO Best tuning { .id = 3, .valid = 1, timeUs = 16.601042,  .algo = RING, .proto = LL, .symKernelId = Unknown, .ceMethodId = 2, nChannels = 1, maxChannels = 1, nWarps = 3, forced = 1 }
kirby:1:1 [0] NCCL INFO Best tuning, algorithm, RING, protocol, LL
kirby:1:1 [0] NCCL INFO Channel 00/0 : 0[0] -> 1[0] [receive] via NET/IB/0
kirby:1:1 [0] NCCL INFO Channel 01/0 : 0[0] -> 1[0] [receive] via NET/IB/1
kirby:1:1 [0] NCCL INFO Channel 02/0 : 0[0] -> 1[0] [receive] via NET/IB/0
kirby:1:1 [0] NCCL INFO Channel 03/0 : 0[0] -> 1[0] [receive] via NET/IB/1
kirby:1:1 [0] NCCL INFO Channel 00/0 : 1[0] -> 0[0] [send] via NET/IB/0
kirby:1:1 [0] NCCL INFO Channel 01/0 : 1[0] -> 0[0] [send] via NET/IB/1
kirby:1:1 [0] NCCL INFO Channel 02/0 : 1[0] -> 0[0] [send] via NET/IB/0
kirby:1:1 [0] NCCL INFO Channel 03/0 : 1[0] -> 0[0] [send] via NET/IB/1
kirby:1:82 [0] NCCL INFO [Proxy Progress] Device 0 CPU core 4
kirby:1:80 [0] NCCL INFO NCCL_IB_TC set by environment to 106.
kirby:1:1 [0] NCCL INFO Connected all rings, use ring PXN 0 GDR 0
kirby:1:1 [0] NCCL INFO Comm config minCTAs reset to NCCL_MIN_CTAS=4
kirby:1:1 [0] NCCL INFO Comm config maxCTAs reset to NCCL_MAX_CTAS=4
kirby:1:1 [0] NCCL INFO Initialized NET plugin IB
kirby:1:1 [0] NCCL INFO Assigned NET plugin IB to comm
kirby:1:1 [0] NCCL INFO RMA/Plugin: Assigned plugin RMA_IB_PROXY to comm
kirby:1:1 [0] NCCL INFO Using network IB
kirby:1:1 [0] NCCL INFO [Rank 1] ncclCommInitRank comm 0x3c53a470 rank 1 nranks 2 cudaDev 0 nvmlDev 0 busId f01000 commId 0x5d64b79ab3f188be - Init START
kirby:1:1 [0] NCCL INFO Topology detection: could not read /sys/devices/system/node/node4294967295/cpumap, using empty affinity
kirby:1:1 [0] NCCL INFO TOPO/NET : Importing network plugins to topology
kirby:1:1 [0] NCCL INFO ncclTopoPopulateNics : Filled rocep1s0f1 in topo with pciPath=/sys/devices/pci0000:00/0000:00:00.0/0000:01:00.0 net=0 gin=1 rma=(null) keep=1 coll=(null) rail=-1 plane=-1
kirby:1:1 [0] NCCL INFO ncclTopoPopulateNics : Filled roceP2p1s0f1 in topo with pciPath=/sys/devices/pci0002:00/0002:00:00.0/0002:01:00.0 net=0 gin=1 rma=(null) keep=1 coll=(null) rail=-1 plane=-1
kirby:1:1 [0] NCCL INFO ncclTopoPopulateNics : Filled rocep1s0f1 in topo with pciPath=/sys/devices/pci0000:00/0000:00:00.0/0000:01:00.0 net=0 gin=1 rma=1 keep=1 coll=(null) rail=-1 plane=-1
kirby:1:1 [0] NCCL INFO ncclTopoPopulateNics : Filled roceP2p1s0f1 in topo with pciPath=/sys/devices/pci0002:00/0002:00:00.0/0002:01:00.0 net=0 gin=1 rma=1 keep=1 coll=(null) rail=-1 plane=-1
kirby:1:1 [0] NCCL INFO ncclTopoPopulateNics : Filled rocep1s0f1 in topo with pciPath=/sys/devices/pci0000:00/0000:00:00.0/0000:01:00.0 net=1 gin=1 rma=1 keep=1 coll=(null) rail=-1 plane=-1
kirby:1:1 [0] NCCL INFO ncclTopoPopulateNics : Filled roceP2p1s0f1 in topo with pciPath=/sys/devices/pci0002:00/0002:00:00.0/0002:01:00.0 net=1 gin=1 rma=1 keep=1 coll=(null) rail=-1 plane=-1
kirby:1:1 [0] NCCL INFO === System : maxBw 12.0 totalBw 0.2 ===
kirby:1:1 [0] NCCL INFO CPU/0-ffffffffffffff (3/-1/-1)
kirby:1:1 [0] NCCL INFO + C2C[345.0] - DEV/0-f01000
kirby:1:1 [0] NCCL INFO + PCI[12.0] - NIC/0-1000
kirby:1:1 [0] NCCL INFO               + NET[25.0] - NET/0-0 (0/9048e8000347bb4c/1/25.000000)
kirby:1:1 [0] NCCL INFO               + NET[25.0] - GIN/0-0
kirby:1:1 [0] NCCL INFO               + NET[25.0] - RMA/0-0
kirby:1:1 [0] NCCL INFO + PCI[12.0] - NIC/0-201000
kirby:1:1 [0] NCCL INFO               + NET[25.0] - NET/0-1 (0/9048e8000347bb4c/1/25.000000)
kirby:1:1 [0] NCCL INFO               + NET[25.0] - GIN/0-1
kirby:1:1 [0] NCCL INFO               + NET[25.0] - RMA/0-1
kirby:1:1 [0] NCCL INFO + PCI[0.2] - DEV/0-f01000 (10de2e1210de0000)
kirby:1:1 [0] NCCL INFO              + LOC[5000.0] - GPU/0-f01000
kirby:1:1 [0] NCCL INFO              + C2C[345.0] - CPU/0-ffffffffffffff
kirby:1:1 [0] NCCL INFO ==========================================
kirby:1:1 [0] NCCL INFO GPU/0-f01000 :GPU/0-f01000 (0/5000.0/LOC) CPU/0-ffffffffffffff (2/345.0/C2C) NET/0-0 (4/12.0/P2C) NET/0-1 (4/12.0/P2C) GIN/0-0 (4/12.0/PHB) GIN/0-1 (4/12.0/PHB) RMA/0-0 (4/12.0/PHB) RMA/0-1 (4/12.0/PHB) DEV/0-f01000 (1/5000.0/LOC) 
kirby:1:1 [0] NCCL INFO NET/0-0 :GPU/0-f01000 (4/12.0/P2C) CPU/0-ffffffffffffff (2/12.0/PHB) NET/0-0 (0/5000.0/LOC) NET/0-1 (4/12.0/PHB) GIN/0-0 (2/25.0/LOC) GIN/0-1 (4/12.0/PHB) RMA/0-0 (2/25.0/LOC) RMA/0-1 (4/12.0/PHB) DEV/0-f01000 (3/12.0/PHB) 
kirby:1:1 [0] NCCL INFO NET/0-1 :GPU/0-f01000 (4/12.0/P2C) CPU/0-ffffffffffffff (2/12.0/PHB) NET/0-0 (4/12.0/PHB) NET/0-1 (0/5000.0/LOC) GIN/0-0 (4/12.0/PHB) GIN/0-1 (2/25.0/LOC) RMA/0-0 (4/12.0/PHB) RMA/0-1 (2/25.0/LOC) DEV/0-f01000 (3/12.0/PHB) 
kirby:1:1 [0] NCCL INFO GIN/0-0 :GPU/0-f01000 (4/12.0/PHB) CPU/0-ffffffffffffff (2/12.0/PHB) NET/0-0 (2/25.0/LOC) NET/0-1 (4/12.0/PHB) GIN/0-0 (0/5000.0/LOC) GIN/0-1 (4/12.0/PHB) RMA/0-0 (2/25.0/LOC) RMA/0-1 (4/12.0/PHB) DEV/0-f01000 (3/12.0/PHB) 
kirby:1:1 [0] NCCL INFO GIN/0-1 :GPU/0-f01000 (4/12.0/PHB) CPU/0-ffffffffffffff (2/12.0/PHB) NET/0-0 (4/12.0/PHB) NET/0-1 (2/25.0/LOC) GIN/0-0 (4/12.0/PHB) GIN/0-1 (0/5000.0/LOC) RMA/0-0 (4/12.0/PHB) RMA/0-1 (2/25.0/LOC) DEV/0-f01000 (3/12.0/PHB) 
kirby:1:1 [0] NCCL INFO RMA/0-0 :GPU/0-f01000 (4/12.0/PHB) CPU/0-ffffffffffffff (2/12.0/PHB) NET/0-0 (2/25.0/LOC) NET/0-1 (4/12.0/PHB) GIN/0-0 (2/25.0/LOC) GIN/0-1 (4/12.0/PHB) RMA/0-0 (0/5000.0/LOC) RMA/0-1 (4/12.0/PHB) DEV/0-f01000 (3/12.0/PHB) 
kirby:1:1 [0] NCCL INFO RMA/0-1 :GPU/0-f01000 (4/12.0/PHB) CPU/0-ffffffffffffff (2/12.0/PHB) NET/0-0 (4/12.0/PHB) NET/0-1 (2/25.0/LOC) GIN/0-0 (4/12.0/PHB) GIN/0-1 (2/25.0/LOC) RMA/0-0 (4/12.0/PHB) RMA/0-1 (0/5000.0/LOC) DEV/0-f01000 (3/12.0/PHB) 
kirby:1:1 [0] NCCL INFO ncclTopoGetCpuAffinity: Affinity for GPU 0 is empty, ignoring. (GPU affinity =  ; CPU affinity = 0-19).
kirby:1:1 [0] NCCL INFO Pattern 4, crossNic 0, nChannels 32, bw 0.240000/0.240000, type LOC/P2C, sameChannels 1
kirby:1:1 [0] NCCL INFO  0 : NET/0-0 GPU/0-f01000 NET/0-0
kirby:1:1 [0] NCCL INFO  1 : NET/0-1 GPU/0-f01000 NET/0-0
kirby:1:1 [0] NCCL INFO  2 : NET/0-0 GPU/0-f01000 NET/0-0
kirby:1:1 [0] NCCL INFO  3 : NET/0-1 GPU/0-f01000 NET/0-0
kirby:1:1 [0] NCCL INFO  4 : NET/0-0 GPU/0-f01000 NET/0-0
kirby:1:1 [0] NCCL INFO  5 : NET/0-1 GPU/0-f01000 NET/0-0
kirby:1:1 [0] NCCL INFO  6 : NET/0-0 GPU/0-f01000 NET/0-0
kirby:1:1 [0] NCCL INFO  7 : NET/0-1 GPU/0-f01000 NET/0-0
kirby:1:1 [0] NCCL INFO  8 : NET/0-0 GPU/0-f01000 NET/0-0
kirby:1:1 [0] NCCL INFO  9 : NET/0-1 GPU/0-f01000 NET/0-0
kirby:1:1 [0] NCCL INFO 10 : NET/0-0 GPU/0-f01000 NET/0-0
kirby:1:1 [0] NCCL INFO 11 : NET/0-1 GPU/0-f01000 NET/0-0
kirby:1:1 [0] NCCL INFO 12 : NET/0-0 GPU/0-f01000 NET/0-0
kirby:1:1 [0] NCCL INFO 13 : NET/0-1 GPU/0-f01000 NET/0-0
kirby:1:1 [0] NCCL INFO 14 : NET/0-0 GPU/0-f01000 NET/0-0
kirby:1:1 [0] NCCL INFO 15 : NET/0-1 GPU/0-f01000 NET/0-0
kirby:1:1 [0] NCCL INFO 16 : NET/0-0 GPU/0-f01000 NET/0-0
kirby:1:1 [0] NCCL INFO 17 : NET/0-1 GPU/0-f01000 NET/0-0
kirby:1:1 [0] NCCL INFO 18 : NET/0-0 GPU/0-f01000 NET/0-0
kirby:1:1 [0] NCCL INFO 19 : NET/0-1 GPU/0-f01000 NET/0-0
kirby:1:1 [0] NCCL INFO 20 : NET/0-0 GPU/0-f01000 NET/0-0
kirby:1:1 [0] NCCL INFO 21 : NET/0-1 GPU/0-f01000 NET/0-0
kirby:1:1 [0] NCCL INFO 22 : NET/0-0 GPU/0-f01000 NET/0-0
kirby:1:1 [0] NCCL INFO 23 : NET/0-1 GPU/0-f01000 NET/0-0
kirby:1:1 [0] NCCL INFO 24 : NET/0-0 GPU/0-f01000 NET/0-0
kirby:1:1 [0] NCCL INFO 25 : NET/0-1 GPU/0-f01000 NET/0-0
kirby:1:1 [0] NCCL INFO 26 : NET/0-0 GPU/0-f01000 NET/0-0
kirby:1:1 [0] NCCL INFO 27 : NET/0-1 GPU/0-f01000 NET/0-0
kirby:1:1 [0] NCCL INFO 28 : NET/0-0 GPU/0-f01000 NET/0-0
kirby:1:1 [0] NCCL INFO 29 : NET/0-1 GPU/0-f01000 NET/0-0
kirby:1:1 [0] NCCL INFO 30 : NET/0-0 GPU/0-f01000 NET/0-0
kirby:1:1 [0] NCCL INFO 31 : NET/0-1 GPU/0-f01000 NET/0-0
kirby:1:1 [0] NCCL INFO Pattern 3, crossNic 0, nChannels 32, bw 0.240000/0.120000, type LOC/P2C, sameChannels 1
kirby:1:1 [0] NCCL INFO  0 : NET/0-0 GPU/0-f01000 NET/0-0
kirby:1:1 [0] NCCL INFO  1 : NET/0-1 GPU/0-f01000 NET/0-1
kirby:1:1 [0] NCCL INFO  2 : NET/0-0 GPU/0-f01000 NET/0-0
kirby:1:1 [0] NCCL INFO  3 : NET/0-1 GPU/0-f01000 NET/0-1
kirby:1:1 [0] NCCL INFO  4 : NET/0-0 GPU/0-f01000 NET/0-0
kirby:1:1 [0] NCCL INFO  5 : NET/0-1 GPU/0-f01000 NET/0-1
kirby:1:1 [0] NCCL INFO  6 : NET/0-0 GPU/0-f01000 NET/0-0
kirby:1:1 [0] NCCL INFO  7 : NET/0-1 GPU/0-f01000 NET/0-1
kirby:1:1 [0] NCCL INFO  8 : NET/0-0 GPU/0-f01000 NET/0-0
kirby:1:1 [0] NCCL INFO  9 : NET/0-1 GPU/0-f01000 NET/0-1
kirby:1:1 [0] NCCL INFO 10 : NET/0-0 GPU/0-f01000 NET/0-0
kirby:1:1 [0] NCCL INFO 11 : NET/0-1 GPU/0-f01000 NET/0-1
kirby:1:1 [0] NCCL INFO 12 : NET/0-0 GPU/0-f01000 NET/0-0
kirby:1:1 [0] NCCL INFO 13 : NET/0-1 GPU/0-f01000 NET/0-1
kirby:1:1 [0] NCCL INFO 14 : NET/0-0 GPU/0-f01000 NET/0-0
kirby:1:1 [0] NCCL INFO 15 : NET/0-1 GPU/0-f01000 NET/0-1
kirby:1:1 [0] NCCL INFO 16 : NET/0-0 GPU/0-f01000 NET/0-0
kirby:1:1 [0] NCCL INFO 17 : NET/0-1 GPU/0-f01000 NET/0-1
kirby:1:1 [0] NCCL INFO 18 : NET/0-0 GPU/0-f01000 NET/0-0
kirby:1:1 [0] NCCL INFO 19 : NET/0-1 GPU/0-f01000 NET/0-1
kirby:1:1 [0] NCCL INFO 20 : NET/0-0 GPU/0-f01000 NET/0-0
kirby:1:1 [0] NCCL INFO 21 : NET/0-1 GPU/0-f01000 NET/0-1
kirby:1:1 [0] NCCL INFO 22 : NET/0-0 GPU/0-f01000 NET/0-0
kirby:1:1 [0] NCCL INFO 23 : NET/0-1 GPU/0-f01000 NET/0-1
kirby:1:1 [0] NCCL INFO 24 : NET/0-0 GPU/0-f01000 NET/0-0
kirby:1:1 [0] NCCL INFO 25 : NET/0-1 GPU/0-f01000 NET/0-1
kirby:1:1 [0] NCCL INFO 26 : NET/0-0 GPU/0-f01000 NET/0-0
kirby:1:1 [0] NCCL INFO 27 : NET/0-1 GPU/0-f01000 NET/0-1
kirby:1:1 [0] NCCL INFO 28 : NET/0-0 GPU/0-f01000 NET/0-0
kirby:1:1 [0] NCCL INFO 29 : NET/0-1 GPU/0-f01000 NET/0-1
kirby:1:1 [0] NCCL INFO 30 : NET/0-0 GPU/0-f01000 NET/0-0
kirby:1:1 [0] NCCL INFO 31 : NET/0-1 GPU/0-f01000 NET/0-1
kirby:1:1 [0] NCCL INFO Rank 1: 2 Net devices
kirby:1:1 [0] NCCL INFO Rank 1: 0 CollNet devices
kirby:1:1 [0] NCCL INFO comm 0x3c53a470 rank 1 nRanks 2 nNodes 2 localRanks 1 localRank 0 MNNVL 0
kirby:1:1 [0] NCCL INFO Tree 0 : 0 -> 1 -> -1/-1/-1
kirby:1:1 [0] NCCL INFO Tree 32 : -1 -> 1 -> 0/-1/-1
kirby:1:1 [0] NCCL INFO Tree 1 : 0 -> 1 -> -1/-1/-1
kirby:1:1 [0] NCCL INFO Tree 33 : -1 -> 1 -> 0/-1/-1
kirby:1:1 [0] NCCL INFO Tree 2 : 0 -> 1 -> -1/-1/-1
kirby:1:1 [0] NCCL INFO Tree 34 : -1 -> 1 -> 0/-1/-1
kirby:1:1 [0] NCCL INFO Tree 3 : 0 -> 1 -> -1/-1/-1
kirby:1:1 [0] NCCL INFO Tree 35 : -1 -> 1 -> 0/-1/-1
kirby:1:1 [0] NCCL INFO Tree 4 : 0 -> 1 -> -1/-1/-1
kirby:1:1 [0] NCCL INFO Tree 36 : -1 -> 1 -> 0/-1/-1
kirby:1:1 [0] NCCL INFO Tree 5 : 0 -> 1 -> -1/-1/-1
kirby:1:1 [0] NCCL INFO Tree 37 : -1 -> 1 -> 0/-1/-1
kirby:1:1 [0] NCCL INFO Tree 6 : 0 -> 1 -> -1/-1/-1
kirby:1:1 [0] NCCL INFO Tree 38 : -1 -> 1 -> 0/-1/-1
kirby:1:1 [0] NCCL INFO Tree 7 : 0 -> 1 -> -1/-1/-1
kirby:1:1 [0] NCCL INFO Tree 39 : -1 -> 1 -> 0/-1/-1
kirby:1:1 [0] NCCL INFO Tree 8 : 0 -> 1 -> -1/-1/-1
kirby:1:1 [0] NCCL INFO Tree 40 : -1 -> 1 -> 0/-1/-1
kirby:1:1 [0] NCCL INFO Tree 9 : 0 -> 1 -> -1/-1/-1
kirby:1:1 [0] NCCL INFO Tree 41 : -1 -> 1 -> 0/-1/-1
kirby:1:1 [0] NCCL INFO Tree 10 : 0 -> 1 -> -1/-1/-1
kirby:1:1 [0] NCCL INFO Tree 42 : -1 -> 1 -> 0/-1/-1
kirby:1:1 [0] NCCL INFO Tree 11 : 0 -> 1 -> -1/-1/-1
kirby:1:1 [0] NCCL INFO Tree 43 : -1 -> 1 -> 0/-1/-1
kirby:1:1 [0] NCCL INFO Tree 12 : 0 -> 1 -> -1/-1/-1
kirby:1:1 [0] NCCL INFO Tree 44 : -1 -> 1 -> 0/-1/-1
kirby:1:1 [0] NCCL INFO Tree 13 : 0 -> 1 -> -1/-1/-1
kirby:1:1 [0] NCCL INFO Tree 45 : -1 -> 1 -> 0/-1/-1
kirby:1:1 [0] NCCL INFO Tree 14 : 0 -> 1 -> -1/-1/-1
kirby:1:1 [0] NCCL INFO Tree 46 : -1 -> 1 -> 0/-1/-1
kirby:1:1 [0] NCCL INFO Tree 15 : 0 -> 1 -> -1/-1/-1
kirby:1:1 [0] NCCL INFO Tree 47 : -1 -> 1 -> 0/-1/-1
kirby:1:1 [0] NCCL INFO Tree 16 : 0 -> 1 -> -1/-1/-1
kirby:1:1 [0] NCCL INFO Tree 48 : -1 -> 1 -> 0/-1/-1
kirby:1:1 [0] NCCL INFO Tree 17 : 0 -> 1 -> -1/-1/-1
kirby:1:1 [0] NCCL INFO Tree 49 : -1 -> 1 -> 0/-1/-1
kirby:1:1 [0] NCCL INFO Tree 18 : 0 -> 1 -> -1/-1/-1
kirby:1:1 [0] NCCL INFO Tree 50 : -1 -> 1 -> 0/-1/-1
kirby:1:1 [0] NCCL INFO Tree 19 : 0 -> 1 -> -1/-1/-1
kirby:1:1 [0] NCCL INFO Tree 51 : -1 -> 1 -> 0/-1/-1
kirby:1:1 [0] NCCL INFO Tree 20 : 0 -> 1 -> -1/-1/-1
kirby:1:1 [0] NCCL INFO Tree 52 : -1 -> 1 -> 0/-1/-1
kirby:1:1 [0] NCCL INFO Tree 21 : 0 -> 1 -> -1/-1/-1
kirby:1:1 [0] NCCL INFO Tree 53 : -1 -> 1 -> 0/-1/-1
kirby:1:1 [0] NCCL INFO Tree 22 : 0 -> 1 -> -1/-1/-1
kirby:1:1 [0] NCCL INFO Tree 54 : -1 -> 1 -> 0/-1/-1
kirby:1:1 [0] NCCL INFO Tree 23 : 0 -> 1 -> -1/-1/-1
kirby:1:1 [0] NCCL INFO Tree 55 : -1 -> 1 -> 0/-1/-1
kirby:1:1 [0] NCCL INFO Tree 24 : 0 -> 1 -> -1/-1/-1
kirby:1:1 [0] NCCL INFO Tree 56 : -1 -> 1 -> 0/-1/-1
kirby:1:1 [0] NCCL INFO Tree 25 : 0 -> 1 -> -1/-1/-1
kirby:1:1 [0] NCCL INFO Tree 57 : -1 -> 1 -> 0/-1/-1
kirby:1:1 [0] NCCL INFO Tree 26 : 0 -> 1 -> -1/-1/-1
kirby:1:1 [0] NCCL INFO Tree 58 : -1 -> 1 -> 0/-1/-1
kirby:1:1 [0] NCCL INFO Tree 27 : 0 -> 1 -> -1/-1/-1
kirby:1:1 [0] NCCL INFO Tree 59 : -1 -> 1 -> 0/-1/-1
kirby:1:1 [0] NCCL INFO Tree 28 : 0 -> 1 -> -1/-1/-1
kirby:1:1 [0] NCCL INFO Tree 60 : -1 -> 1 -> 0/-1/-1
kirby:1:1 [0] NCCL INFO Tree 29 : 0 -> 1 -> -1/-1/-1
kirby:1:1 [0] NCCL INFO Tree 61 : -1 -> 1 -> 0/-1/-1
kirby:1:1 [0] NCCL INFO Tree 30 : 0 -> 1 -> -1/-1/-1
kirby:1:1 [0] NCCL INFO Tree 62 : -1 -> 1 -> 0/-1/-1
kirby:1:1 [0] NCCL INFO Tree 31 : 0 -> 1 -> -1/-1/-1
kirby:1:1 [0] NCCL INFO Tree 63 : -1 -> 1 -> 0/-1/-1
kirby:1:1 [0] NCCL INFO Ring 00 : 0 -> 1 -> 0
kirby:1:1 [0] NCCL INFO Ring 01 : 0 -> 1 -> 0
kirby:1:1 [0] NCCL INFO Ring 02 : 0 -> 1 -> 0
kirby:1:1 [0] NCCL INFO Ring 03 : 0 -> 1 -> 0
kirby:1:1 [0] NCCL INFO Trees [0] -1/-1/-1->1->0 [1] -1/-1/-1->1->0 [2] -1/-1/-1->1->0 [3] -1/-1/-1->1->0
kirby:1:1 [0] NCCL INFO P2P Chunksize set to 262144
kirby:1:1 [0] NCCL INFO Tuning P2P operations with maxP2pPeers = 2
kirby:1:1 [0] NCCL INFO Check P2P Type isAllDirectP2p 1 directMode 0 isAllCudaP2p 1
kirby:1:1 [0] NCCL INFO ncclP2pSchedule: group size used is 1
kirby:1:84 [0] NCCL INFO [Proxy Service UDS] Device 0 CPU core 0
kirby:1:83 [0] NCCL INFO [Proxy Service] Device 0 CPU core 1
kirby:1:83 [0] NCCL INFO proxy listening socket at 10.11.1.2<57439>
kirby:1:1 [0] NCCL INFO NCCL_PROTO set by environment to LL,Simple
kirby:1:1 [0] NCCL INFO threadThresholds 8/8/64 | 16/8/64 | 512 | 512
kirby:1:1 [0] NCCL INFO 4 coll channels, 4 collnet channels, 0 nvls channels, 4 p2p channels, 2 p2p channels per peer
kirby:1:1 [0] NCCL INFO symmetricSupport 0, cuMemEnable 1, globalGinSupport 0, cuMemGdrSupport 0, contiguousRanksPerHost 1, crossNicSupport 1
kirby:1:1 [0] NCCL INFO ncclCommInitRank comm 0x3c53a470 rank 1 nranks 2 cudaDev 0 nvmlDev 0 busId f01000 commId 0x5d64b79ab3f188be - Init COMPLETE
kirby:1:1 [0] NCCL INFO Init timings - ncclCommInitRank: rank 1 nranks 2 total 0.01 (kernels 0.00, alloc 0.00, bootstrap 0.00, allgathers 0.00, topo 0.00, graphs 0.00, connections 0.00, rest 0.00)
kirby:1:1 [0] NCCL INFO Input: { .comm = 0x3c53a470, .tuningMask = 0x1fffff, .func = AllReduce, .redOp = 0, .devRedop = 0, .dataType = 7, .nBytes = 4, .numPipesOps = 1, .count = 1, .countMax = 0, .nWorks = 0, .winRegType = 0, .regBuff = 0 }
kirby:1:1 [0] NCCL INFO Best tuning { .id = 3, .valid = 1, timeUs = 16.601042,  .algo = RING, .proto = LL, .symKernelId = Unknown, .ceMethodId = 2, nChannels = 1, maxChannels = 1, nWarps = 3, forced = 1 }
kirby:1:1 [0] NCCL INFO Best tuning, algorithm, RING, protocol, LL
kirby:1:85 [0] NCCL INFO [Proxy Progress] Device 0 CPU core 0
kirby:1:1 [0] NCCL INFO Channel 00/0 : 0[0] -> 1[0] [receive] via NET/IB/0
kirby:1:1 [0] NCCL INFO Channel 01/0 : 0[0] -> 1[0] [receive] via NET/IB/1
kirby:1:1 [0] NCCL INFO Channel 02/0 : 0[0] -> 1[0] [receive] via NET/IB/0
kirby:1:1 [0] NCCL INFO Channel 03/0 : 0[0] -> 1[0] [receive] via NET/IB/1
kirby:1:1 [0] NCCL INFO Channel 00/0 : 1[0] -> 0[0] [send] via NET/IB/0
kirby:1:1 [0] NCCL INFO Channel 01/0 : 1[0] -> 0[0] [send] via NET/IB/1
kirby:1:1 [0] NCCL INFO Channel 02/0 : 1[0] -> 0[0] [send] via NET/IB/0
kirby:1:1 [0] NCCL INFO Channel 03/0 : 1[0] -> 0[0] [send] via NET/IB/1
kirby:1:1 [0] NCCL INFO Connected all rings, use ring PXN 0 GDR 0
kirby:1:1 [0] NCCL INFO Symmetric VA size=124GB
kirby:1:1 [0] NCCL INFO Input: { .comm = 0x3c53a470, .tuningMask = 0x1fffff, .func = AllGather, .redOp = 0, .devRedop = 0, .dataType = 0, .nBytes = 5373952, .numPipesOps = 1, .count = 2686976, .countMax = 0, .nWorks = 0, .winRegType = 0, .regBuff = 0 }
kirby:1:1 [0] NCCL INFO Best tuning { .id = 5, .valid = 1, timeUs = 372.266663,  .algo = RING, .proto = SIMPLE, .symKernelId = Unknown, .ceMethodId = 2, nChannels = 4, maxChannels = 4, nWarps = 17, forced = 1 }
kirby:1:1 [0] NCCL INFO Best tuning, algorithm, RING, protocol, SIMPLE
kirby:1:1 [0] NCCL INFO Symmetric VA size=124GB
kirby:1:1 [0] NCCL INFO Input: { .comm = 0x369a4f60, .tuningMask = 0x1fffff, .func = AllGather, .redOp = 0, .devRedop = 0, .dataType = 0, .nBytes = 100663296, .numPipesOps = 1, .count = 50331648, .countMax = 0, .nWorks = 0, .winRegType = 0, .regBuff = 0 }
kirby:1:1 [0] NCCL INFO Best tuning { .id = 5, .valid = 1, timeUs = 6576.000000,  .algo = RING, .proto = SIMPLE, .symKernelId = Unknown, .ceMethodId = 2, nChannels = 4, maxChannels = 4, nWarps = 17, forced = 1 }
kirby:1:1 [0] NCCL INFO Best tuning, algorithm, RING, protocol, SIMPLE
kirby:1:1 [0] NCCL INFO Input: { .comm = 0x3c53a470, .tuningMask = 0x1fffff, .func = AllGather, .redOp = 0, .devRedop = 0, .dataType = 0, .nBytes = 5373952, .numPipesOps = 1, .count = 2686976, .countMax = 0, .nWorks = 0, .winRegType = 0, .regBuff = 0 }
kirby:1:1 [0] NCCL INFO Best tuning { .id = 5, .valid = 1, timeUs = 372.266663,  .algo = RING, .proto = SIMPLE, .symKernelId = Unknown, .ceMethodId = 2, nChannels = 4, maxChannels = 4, nWarps = 17, forced = 1 }
kirby:1:1 [0] NCCL INFO Best tuning, algorithm, RING, protocol, SIMPLE
kirby:1:1 [0] NCCL INFO Input: { .comm = 0x369a4f60, .tuningMask = 0x1fffff, .func = AllGather, .redOp = 0, .devRedop = 0, .dataType = 0, .nBytes = 100663296, .numPipesOps = 1, .count = 50331648, .countMax = 0, .nWorks = 0, .winRegType = 0, .regBuff = 0 }
kirby:1:1 [0] NCCL INFO Best tuning { .id = 5, .valid = 1, timeUs = 6576.000000,  .algo = RING, .proto = SIMPLE, .symKernelId = Unknown, .ceMethodId = 2, nChannels = 4, maxChannels = 4, nWarps = 17, forced = 1 }
kirby:1:1 [0] NCCL INFO Best tuning, algorithm, RING, protocol, SIMPLE
kirby:1:1 [0] NCCL INFO Input: { .comm = 0x3c53a470, .tuningMask = 0x1fffff, .func = AllGather, .redOp = 0, .devRedop = 0, .dataType = 0, .nBytes = 5373952, .numPipesOps = 1, .count = 2686976, .countMax = 0, .nWorks = 0, .winRegType = 0, .regBuff = 0 }
kirby:1:1 [0] NCCL INFO Best tuning { .id = 5, .valid = 1, timeUs = 372.266663,  .algo = RING, .proto = SIMPLE, .symKernelId = Unknown, .ceMethodId = 2, nChannels = 4, maxChannels = 4, nWarps = 17, forced = 1 }
kirby:1:1 [0] NCCL INFO Best tuning, algorithm, RING, protocol, SIMPLE
kirby:1:1 [0] NCCL INFO Input: { .comm = 0x369a4f60, .tuningMask = 0x1fffff, .func = AllGather, .redOp = 0, .devRedop = 0, .dataType = 0, .nBytes = 100663296, .numPipesOps = 1, .count = 50331648, .countMax = 0, .nWorks = 0, .winRegType = 0, .regBuff = 0 }
kirby:1:1 [0] NCCL INFO Best tuning { .id = 5, .valid = 1, timeUs = 6576.000000,  .algo = RING, .proto = SIMPLE, .symKernelId = Unknown, .ceMethodId = 2, nChannels = 4, maxChannels = 4, nWarps = 17, forced = 1 }
kirby:1:1 [0] NCCL INFO Best tuning, algorithm, RING, protocol, SIMPLE
kirby:1:1 [0] NCCL INFO Input: { .comm = 0x3c53a470, .tuningMask = 0x1fffff, .func = AllGather, .redOp = 0, .devRedop = 0, .dataType = 0, .nBytes = 5373952, .numPipesOps = 1, .count = 2686976, .countMax = 0, .nWorks = 0, .winRegType = 0, .regBuff = 0 }
kirby:1:1 [0] NCCL INFO Best tuning { .id = 5, .valid = 1, timeUs = 372.266663,  .algo = RING, .proto = SIMPLE, .symKernelId = Unknown, .ceMethodId = 2, nChannels = 4, maxChannels = 4, nWarps = 17, forced = 1 }
kirby:1:1 [0] NCCL INFO Best tuning, algorithm, RING, protocol, SIMPLE
kirby:1:1 [0] NCCL INFO Input: { .comm = 0x369a4f60, .tuningMask = 0x1fffff, .func = AllGather, .redOp = 0, .devRedop = 0, .dataType = 0, .nBytes = 100663296, .numPipesOps = 1, .count = 50331648, .countMax = 0, .nWorks = 0, .winRegType = 0, .regBuff = 0 }
kirby:1:1 [0] NCCL INFO Best tuning { .id = 5, .valid = 1, timeUs = 6576.000000,  .algo = RING, .proto = SIMPLE, .symKernelId = Unknown, .ceMethodId = 2, nChannels = 4, maxChannels = 4, nWarps = 17, forced = 1 }
kirby:1:1 [0] NCCL INFO Best tuning, algorithm, RING, protocol, SIMPLE
kirby:1:1 [0] NCCL INFO Input: { .comm = 0x3c53a470, .tuningMask = 0x1fffff, .func = AllGather, .redOp = 0, .devRedop = 0, .dataType = 0, .nBytes = 5373952, .numPipesOps = 1, .count = 2686976, .countMax = 0, .nWorks = 0, .winRegType = 0, .regBuff = 0 }
kirby:1:1 [0] NCCL INFO Best tuning { .id = 5, .valid = 1, timeUs = 372.266663,  .algo = RING, .proto = SIMPLE, .symKernelId = Unknown, .ceMethodId = 2, nChannels = 4, maxChannels = 4, nWarps = 17, forced = 1 }
kirby:1:1 [0] NCCL INFO Best tuning, algorithm, RING, protocol, SIMPLE
kirby:1:1 [0] NCCL INFO Input: { .comm = 0x369a4f60, .tuningMask = 0x1fffff, .func = AllGather, .redOp = 0, .devRedop = 0, .dataType = 0, .nBytes = 100663296, .numPipesOps = 1, .count = 50331648, .countMax = 0, .nWorks = 0, .winRegType = 0, .regBuff = 0 }
kirby:1:1 [0] NCCL INFO Best tuning { .id = 5, .valid = 1, timeUs = 6576.000000,  .algo = RING, .proto = SIMPLE, .symKernelId = Unknown, .ceMethodId = 2, nChannels = 4, maxChannels = 4, nWarps = 17, forced = 1 }
kirby:1:1 [0] NCCL INFO Best tuning, algorithm, RING, protocol, SIMPLE
kirby:1:1 [0] NCCL INFO Input: { .comm = 0x3c53a470, .tuningMask = 0x1fffff, .func = AllGather, .redOp = 0, .devRedop = 0, .dataType = 0, .nBytes = 5373952, .numPipesOps = 1, .count = 2686976, .countMax = 0, .nWorks = 0, .winRegType = 0, .regBuff = 0 }
kirby:1:1 [0] NCCL INFO Best tuning { .id = 5, .valid = 1, timeUs = 372.266663,  .algo = RING, .proto = SIMPLE, .symKernelId = Unknown, .ceMethodId = 2, nChannels = 4, maxChannels = 4, nWarps = 17, forced = 1 }
kirby:1:1 [0] NCCL INFO Best tuning, algorithm, RING, protocol, SIMPLE
kirby:1:1 [0] NCCL INFO Input: { .comm = 0x369a4f60, .tuningMask = 0x1fffff, .func = AllGather, .redOp = 0, .devRedop = 0, .dataType = 0, .nBytes = 100663296, .numPipesOps = 1, .count = 50331648, .countMax = 0, .nWorks = 0, .winRegType = 0, .regBuff = 0 }
kirby:1:1 [0] NCCL INFO Best tuning { .id = 5, .valid = 1, timeUs = 6576.000000,  .algo = RING, .proto = SIMPLE, .symKernelId = Unknown, .ceMethodId = 2, nChannels = 4, maxChannels = 4, nWarps = 17, forced = 1 }
kirby:1:1 [0] NCCL INFO Best tuning, algorithm, RING, protocol, SIMPLE
kirby:1:1 [0] NCCL INFO Input: { .comm = 0x3c53a470, .tuningMask = 0x1fffff, .func = AllGather, .redOp = 0, .devRedop = 0, .dataType = 0, .nBytes = 5373952, .numPipesOps = 1, .count = 2686976, .countMax = 0, .nWorks = 0, .winRegType = 0, .regBuff = 0 }
kirby:1:1 [0] NCCL INFO Best tuning { .id = 5, .valid = 1, timeUs = 372.266663,  .algo = RING, .proto = SIMPLE, .symKernelId = Unknown, .ceMethodId = 2, nChannels = 4, maxChannels = 4, nWarps = 17, forced = 1 }
kirby:1:1 [0] NCCL INFO Best tuning, algorithm, RING, protocol, SIMPLE
kirby:1:1 [0] NCCL INFO Input: { .comm = 0x369a4f60, .tuningMask = 0x1fffff, .func = AllGather, .redOp = 0, .devRedop = 0, .dataType = 0, .nBytes = 100663296, .numPipesOps = 1, .count = 50331648, .countMax = 0, .nWorks = 0, .winRegType = 0, .regBuff = 0 }
kirby:1:1 [0] NCCL INFO Best tuning { .id = 5, .valid = 1, timeUs = 6576.000000,  .algo = RING, .proto = SIMPLE, .symKernelId = Unknown, .ceMethodId = 2, nChannels = 4, maxChannels = 4, nWarps = 17, forced = 1 }
kirby:1:1 [0] NCCL INFO Best tuning, algorithm, RING, protocol, SIMPLE
kirby:1:1 [0] NCCL INFO Input: { .comm = 0x3c53a470, .tuningMask = 0x1fffff, .func = AllGather, .redOp = 0, .devRedop = 0, .dataType = 0, .nBytes = 5373952, .numPipesOps = 1, .count = 2686976, .countMax = 0, .nWorks = 0, .winRegType = 0, .regBuff = 0 }
kirby:1:1 [0] NCCL INFO Best tuning { .id = 5, .valid = 1, timeUs = 372.266663,  .algo = RING, .proto = SIMPLE, .symKernelId = Unknown, .ceMethodId = 2, nChannels = 4, maxChannels = 4, nWarps = 17, forced = 1 }
kirby:1:1 [0] NCCL INFO Best tuning, algorithm, RING, protocol, SIMPLE
kirby:1:1 [0] NCCL INFO Input: { .comm = 0x369a4f60, .tuningMask = 0x1fffff, .func = AllGather, .redOp = 0, .devRedop = 0, .dataType = 0, .nBytes = 100663296, .numPipesOps = 1, .count = 50331648, .countMax = 0, .nWorks = 0, .winRegType = 0, .regBuff = 0 }
kirby:1:1 [0] NCCL INFO Best tuning { .id = 5, .valid = 1, timeUs = 6576.000000,  .algo = RING, .proto = SIMPLE, .symKernelId = Unknown, .ceMethodId = 2, nChannels = 4, maxChannels = 4, nWarps = 17, forced = 1 }
kirby:1:1 [0] NCCL INFO Best tuning, algorithm, RING, protocol, SIMPLE
kirby:1:1 [0] NCCL INFO Input: { .comm = 0x3c53a470, .tuningMask = 0x1fffff, .func = AllGather, .redOp = 0, .devRedop = 0, .dataType = 0, .nBytes = 5373952, .numPipesOps = 1, .count = 2686976, .countMax = 0, .nWorks = 0, .winRegType = 0, .regBuff = 0 }
kirby:1:1 [0] NCCL INFO Best tuning { .id = 5, .valid = 1, timeUs = 372.266663,  .algo = RING, .proto = SIMPLE, .symKernelId = Unknown, .ceMethodId = 2, nChannels = 4, maxChannels = 4, nWarps = 17, forced = 1 }
kirby:1:1 [0] NCCL INFO Best tuning, algorithm, RING, protocol, SIMPLE
kirby:1:1 [0] NCCL INFO Input: { .comm = 0x369a4f60, .tuningMask = 0x1fffff, .func = AllGather, .redOp = 0, .devRedop = 0, .dataType = 0, .nBytes = 100663296, .numPipesOps = 1, .count = 50331648, .countMax = 0, .nWorks = 0, .winRegType = 0, .regBuff = 0 }
kirby:1:1 [0] NCCL INFO Best tuning { .id = 5, .valid = 1, timeUs = 6576.000000,  .algo = RING, .proto = SIMPLE, .symKernelId = Unknown, .ceMethodId = 2, nChannels = 4, maxChannels = 4, nWarps = 17, forced = 1 }
kirby:1:1 [0] NCCL INFO Best tuning, algorithm, RING, protocol, SIMPLE
kirby:1:1 [0] NCCL INFO Input: { .comm = 0x3c53a470, .tuningMask = 0x1fffff, .func = AllGather, .redOp = 0, .devRedop = 0, .dataType = 0, .nBytes = 5373952, .numPipesOps = 1, .count = 2686976, .countMax = 0, .nWorks = 0, .winRegType = 0, .regBuff = 0 }
kirby:1:1 [0] NCCL INFO Best tuning { .id = 5, .valid = 1, timeUs = 372.266663,  .algo = RING, .proto = SIMPLE, .symKernelId = Unknown, .ceMethodId = 2, nChannels = 4, maxChannels = 4, nWarps = 17, forced = 1 }
kirby:1:1 [0] NCCL INFO Best tuning, algorithm, RING, protocol, SIMPLE
kirby:1:1 [0] NCCL INFO Input: { .comm = 0x369a4f60, .tuningMask = 0x1fffff, .func = AllGather, .redOp = 0, .devRedop = 0, .dataType = 0, .nBytes = 100663296, .numPipesOps = 1, .count = 50331648, .countMax = 0, .nWorks = 0, .winRegType = 0, .regBuff = 0 }
kirby:1:1 [0] NCCL INFO Best tuning { .id = 5, .valid = 1, timeUs = 6576.000000,  .algo = RING, .proto = SIMPLE, .symKernelId = Unknown, .ceMethodId = 2, nChannels = 4, maxChannels = 4, nWarps = 17, forced = 1 }
kirby:1:1 [0] NCCL INFO Best tuning, algorithm, RING, protocol, SIMPLE
kirby:1:1 [0] NCCL INFO Input: { .comm = 0x3c53a470, .tuningMask = 0x1fffff, .func = AllGather, .redOp = 0, .devRedop = 0, .dataType = 0, .nBytes = 5373952, .numPipesOps = 1, .count = 2686976, .countMax = 0, .nWorks = 0, .winRegType = 0, .regBuff = 0 }
kirby:1:1 [0] NCCL INFO Best tuning { .id = 5, .valid = 1, timeUs = 372.266663,  .algo = RING, .proto = SIMPLE, .symKernelId = Unknown, .ceMethodId = 2, nChannels = 4, maxChannels = 4, nWarps = 17, forced = 1 }
kirby:1:1 [0] NCCL INFO Best tuning, algorithm, RING, protocol, SIMPLE
kirby:1:1 [0] NCCL INFO Input: { .comm = 0x369a4f60, .tuningMask = 0x1fffff, .func = AllGather, .redOp = 0, .devRedop = 0, .dataType = 0, .nBytes = 100663296, .numPipesOps = 1, .count = 50331648, .countMax = 0, .nWorks = 0, .winRegType = 0, .regBuff = 0 }
kirby:1:1 [0] NCCL INFO Best tuning { .id = 5, .valid = 1, timeUs = 6576.000000,  .algo = RING, .proto = SIMPLE, .symKernelId = Unknown, .ceMethodId = 2, nChannels = 4, maxChannels = 4, nWarps = 17, forced = 1 }
kirby:1:1 [0] NCCL INFO Best tuning, algorithm, RING, protocol, SIMPLE
kirby:1:1 [0] NCCL INFO Input: { .comm = 0x3c53a470, .tuningMask = 0x1fffff, .func = AllGather, .redOp = 0, .devRedop = 0, .dataType = 0, .nBytes = 5373952, .numPipesOps = 1, .count = 2686976, .countMax = 0, .nWorks = 0, .winRegType = 0, .regBuff = 0 }
kirby:1:1 [0] NCCL INFO Best tuning { .id = 5, .valid = 1, timeUs = 372.266663,  .algo = RING, .proto = SIMPLE, .symKernelId = Unknown, .ceMethodId = 2, nChannels = 4, maxChannels = 4, nWarps = 17, forced = 1 }
kirby:1:1 [0] NCCL INFO Best tuning, algorithm, RING, protocol, SIMPLE
kirby:1:1 [0] NCCL INFO Input: { .comm = 0x369a4f60, .tuningMask = 0x1fffff, .func = AllGather, .redOp = 0, .devRedop = 0, .dataType = 0, .nBytes = 100663296, .numPipesOps = 1, .count = 50331648, .countMax = 0, .nWorks = 0, .winRegType = 0, .regBuff = 0 }
kirby:1:1 [0] NCCL INFO Best tuning { .id = 5, .valid = 1, timeUs = 6576.000000,  .algo = RING, .proto = SIMPLE, .symKernelId = Unknown, .ceMethodId = 2, nChannels = 4, maxChannels = 4, nWarps = 17, forced = 1 }
kirby:1:1 [0] NCCL INFO Best tuning, algorithm, RING, protocol, SIMPLE
kirby:1:1 [0] NCCL INFO Input: { .comm = 0x3c53a470, .tuningMask = 0x1fffff, .func = AllGather, .redOp = 0, .devRedop = 0, .dataType = 0, .nBytes = 5373952, .numPipesOps = 1, .count = 2686976, .countMax = 0, .nWorks = 0, .winRegType = 0, .regBuff = 0 }
kirby:1:1 [0] NCCL INFO Best tuning { .id = 5, .valid = 1, timeUs = 372.266663,  .algo = RING, .proto = SIMPLE, .symKernelId = Unknown, .ceMethodId = 2, nChannels = 4, maxChannels = 4, nWarps = 17, forced = 1 }
kirby:1:1 [0] NCCL INFO Best tuning, algorithm, RING, protocol, SIMPLE
kirby:1:1 [0] NCCL INFO Input: { .comm = 0x369a4f60, .tuningMask = 0x1fffff, .func = AllGather, .redOp = 0, .devRedop = 0, .dataType = 0, .nBytes = 100663296, .numPipesOps = 1, .count = 50331648, .countMax = 0, .nWorks = 0, .winRegType = 0, .regBuff = 0 }
kirby:1:1 [0] NCCL INFO Best tuning { .id = 5, .valid = 1, timeUs = 6576.000000,  .algo = RING, .proto = SIMPLE, .symKernelId = Unknown, .ceMethodId = 2, nChannels = 4, maxChannels = 4, nWarps = 17, forced = 1 }
kirby:1:1 [0] NCCL INFO Best tuning, algorithm, RING, protocol, SIMPLE
kirby:1:1 [0] NCCL INFO Input: { .comm = 0x3c53a470, .tuningMask = 0x1fffff, .func = AllGather, .redOp = 0, .devRedop = 0, .dataType = 0, .nBytes = 5373952, .numPipesOps = 1, .count = 2686976, .countMax = 0, .nWorks = 0, .winRegType = 0, .regBuff = 0 }
kirby:1:1 [0] NCCL INFO Best tuning { .id = 5, .valid = 1, timeUs = 372.266663,  .algo = RING, .proto = SIMPLE, .symKernelId = Unknown, .ceMethodId = 2, nChannels = 4, maxChannels = 4, nWarps = 17, forced = 1 }
kirby:1:1 [0] NCCL INFO Best tuning, algorithm, RING, protocol, SIMPLE
kirby:1:1 [0] NCCL INFO Input: { .comm = 0x369a4f60, .tuningMask = 0x1fffff, .func = AllGather, .redOp = 0, .devRedop = 0, .dataType = 0, .nBytes = 100663296, .numPipesOps = 1, .count = 50331648, .countMax = 0, .nWorks = 0, .winRegType = 0, .regBuff = 0 }
kirby:1:1 [0] NCCL INFO Best tuning { .id = 5, .valid = 1, timeUs = 6576.000000,  .algo = RING, .proto = SIMPLE, .symKernelId = Unknown, .ceMethodId = 2, nChannels = 4, maxChannels = 4, nWarps = 17, forced = 1 }
kirby:1:1 [0] NCCL INFO Best tuning, algorithm, RING, protocol, SIMPLE
kirby:1:1 [0] NCCL INFO Input: { .comm = 0x3c53a470, .tuningMask = 0x1fffff, .func = AllGather, .redOp = 0, .devRedop = 0, .dataType = 0, .nBytes = 5373952, .numPipesOps = 1, .count = 2686976, .countMax = 0, .nWorks = 0, .winRegType = 0, .regBuff = 0 }
kirby:1:1 [0] NCCL INFO Best tuning { .id = 5, .valid = 1, timeUs = 372.266663,  .algo = RING, .proto = SIMPLE, .symKernelId = Unknown, .ceMethodId = 2, nChannels = 4, maxChannels = 4, nWarps = 17, forced = 1 }
kirby:1:1 [0] NCCL INFO Best tuning, algorithm, RING, protocol, SIMPLE
kirby:1:1 [0] NCCL INFO Input: { .comm = 0x369a4f60, .tuningMask = 0x1fffff, .func = AllGather, .redOp = 0, .devRedop = 0, .dataType = 0, .nBytes = 100663296, .numPipesOps = 1, .count = 50331648, .countMax = 0, .nWorks = 0, .winRegType = 0, .regBuff = 0 }
kirby:1:1 [0] NCCL INFO Best tuning { .id = 5, .valid = 1, timeUs = 6576.000000,  .algo = RING, .proto = SIMPLE, .symKernelId = Unknown, .ceMethodId = 2, nChannels = 4, maxChannels = 4, nWarps = 17, forced = 1 }
kirby:1:1 [0] NCCL INFO Best tuning, algorithm, RING, protocol, SIMPLE
kirby:1:1 [0] NCCL INFO Input: { .comm = 0x3c53a470, .tuningMask = 0x1fffff, .func = AllGather, .redOp = 0, .devRedop = 0, .dataType = 0, .nBytes = 5373952, .numPipesOps = 1, .count = 2686976, .countMax = 0, .nWorks = 0, .winRegType = 0, .regBuff = 0 }
kirby:1:1 [0] NCCL INFO Best tuning { .id = 5, .valid = 1, timeUs = 372.266663,  .algo = RING, .proto = SIMPLE, .symKernelId = Unknown, .ceMethodId = 2, nChannels = 4, maxChannels = 4, nWarps = 17, forced = 1 }
kirby:1:1 [0] NCCL INFO Best tuning, algorithm, RING, protocol, SIMPLE
kirby:1:1 [0] NCCL INFO Input: { .comm = 0x369a4f60, .tuningMask = 0x1fffff, .func = AllGather, .redOp = 0, .devRedop = 0, .dataType = 0, .nBytes = 100663296, .numPipesOps = 1, .count = 50331648, .countMax = 0, .nWorks = 0, .winRegType = 0, .regBuff = 0 }
kirby:1:1 [0] NCCL INFO Best tuning { .id = 5, .valid = 1, timeUs = 6576.000000,  .algo = RING, .proto = SIMPLE, .symKernelId = Unknown, .ceMethodId = 2, nChannels = 4, maxChannels = 4, nWarps = 17, forced = 1 }
kirby:1:1 [0] NCCL INFO Best tuning, algorithm, RING, protocol, SIMPLE
kirby:1:1 [0] NCCL INFO Input: { .comm = 0x3c53a470, .tuningMask = 0x1fffff, .func = AllGather, .redOp = 0, .devRedop = 0, .dataType = 0, .nBytes = 5373952, .numPipesOps = 1, .count = 2686976, .countMax = 0, .nWorks = 0, .winRegType = 0, .regBuff = 0 }
kirby:1:1 [0] NCCL INFO Best tuning { .id = 5, .valid = 1, timeUs = 372.266663,  .algo = RING, .proto = SIMPLE, .symKernelId = Unknown, .ceMethodId = 2, nChannels = 4, maxChannels = 4, nWarps = 17, forced = 1 }
kirby:1:1 [0] NCCL INFO Best tuning, algorithm, RING, protocol, SIMPLE
kirby:1:1 [0] NCCL INFO Input: { .comm = 0x369a4f60, .tuningMask = 0x1fffff, .func = AllGather, .redOp = 0, .devRedop = 0, .dataType = 0, .nBytes = 100663296, .numPipesOps = 1, .count = 50331648, .countMax = 0, .nWorks = 0, .winRegType = 0, .regBuff = 0 }
kirby:1:1 [0] NCCL INFO Best tuning { .id = 5, .valid = 1, timeUs = 6576.000000,  .algo = RING, .proto = SIMPLE, .symKernelId = Unknown, .ceMethodId = 2, nChannels = 4, maxChannels = 4, nWarps = 17, forced = 1 }
kirby:1:1 [0] NCCL INFO Best tuning, algorithm, RING, protocol, SIMPLE
kirby:1:1 [0] NCCL INFO Input: { .comm = 0x3c53a470, .tuningMask = 0x1fffff, .func = AllGather, .redOp = 0, .devRedop = 0, .dataType = 0, .nBytes = 5373952, .numPipesOps = 1, .count = 2686976, .countMax = 0, .nWorks = 0, .winRegType = 0, .regBuff = 0 }
kirby:1:1 [0] NCCL INFO Best tuning { .id = 5, .valid = 1, timeUs = 372.266663,  .algo = RING, .proto = SIMPLE, .symKernelId = Unknown, .ceMethodId = 2, nChannels = 4, maxChannels = 4, nWarps = 17, forced = 1 }
kirby:1:1 [0] NCCL INFO Best tuning, algorithm, RING, protocol, SIMPLE
kirby:1:1 [0] NCCL INFO Input: { .comm = 0x369a4f60, .tuningMask = 0x1fffff, .func = AllGather, .redOp = 0, .devRedop = 0, .dataType = 0, .nBytes = 100663296, .numPipesOps = 1, .count = 50331648, .countMax = 0, .nWorks = 0, .winRegType = 0, .regBuff = 0 }
kirby:1:1 [0] NCCL INFO Best tuning { .id = 5, .valid = 1, timeUs = 6576.000000,  .algo = RING, .proto = SIMPLE, .symKernelId = Unknown, .ceMethodId = 2, nChannels = 4, maxChannels = 4, nWarps = 17, forced = 1 }
kirby:1:1 [0] NCCL INFO Best tuning, algorithm, RING, protocol, SIMPLE
kirby:1:1 [0] NCCL INFO Input: { .comm = 0x3c53a470, .tuningMask = 0x1fffff, .func = AllGather, .redOp = 0, .devRedop = 0, .dataType = 0, .nBytes = 5373952, .numPipesOps = 1, .count = 2686976, .countMax = 0, .nWorks = 0, .winRegType = 0, .regBuff = 0 }
kirby:1:1 [0] NCCL INFO Best tuning { .id = 5, .valid = 1, timeUs = 372.266663,  .algo = RING, .proto = SIMPLE, .symKernelId = Unknown, .ceMethodId = 2, nChannels = 4, maxChannels = 4, nWarps = 17, forced = 1 }
kirby:1:1 [0] NCCL INFO Best tuning, algorithm, RING, protocol, SIMPLE
kirby:1:1 [0] NCCL INFO Input: { .comm = 0x369a4f60, .tuningMask = 0x1fffff, .func = AllGather, .redOp = 0, .devRedop = 0, .dataType = 0, .nBytes = 100663296, .numPipesOps = 1, .count = 50331648, .countMax = 0, .nWorks = 0, .winRegType = 0, .regBuff = 0 }
kirby:1:1 [0] NCCL INFO Best tuning { .id = 5, .valid = 1, timeUs = 6576.000000,  .algo = RING, .proto = SIMPLE, .symKernelId = Unknown, .ceMethodId = 2, nChannels = 4, maxChannels = 4, nWarps = 17, forced = 1 }
kirby:1:1 [0] NCCL INFO Best tuning, algorithm, RING, protocol, SIMPLE
kirby:1:1 [0] NCCL INFO Input: { .comm = 0x3c53a470, .tuningMask = 0x1fffff, .func = AllGather, .redOp = 0, .devRedop = 0, .dataType = 0, .nBytes = 5373952, .numPipesOps = 1, .count = 2686976, .countMax = 0, .nWorks = 0, .winRegType = 0, .regBuff = 0 }
kirby:1:1 [0] NCCL INFO Best tuning { .id = 5, .valid = 1, timeUs = 372.266663,  .algo = RING, .proto = SIMPLE, .symKernelId = Unknown, .ceMethodId = 2, nChannels = 4, maxChannels = 4, nWarps = 17, forced = 1 }
kirby:1:1 [0] NCCL INFO Best tuning, algorithm, RING, protocol, SIMPLE
kirby:1:1 [0] NCCL INFO Input: { .comm = 0x369a4f60, .tuningMask = 0x1fffff, .func = AllGather, .redOp = 0, .devRedop = 0, .dataType = 0, .nBytes = 100663296, .numPipesOps = 1, .count = 50331648, .countMax = 0, .nWorks = 0, .winRegType = 0, .regBuff = 0 }
kirby:1:1 [0] NCCL INFO Best tuning { .id = 5, .valid = 1, timeUs = 6576.000000,  .algo = RING, .proto = SIMPLE, .symKernelId = Unknown, .ceMethodId = 2, nChannels = 4, maxChannels = 4, nWarps = 17, forced = 1 }
kirby:1:1 [0] NCCL INFO Best tuning, algorithm, RING, protocol, SIMPLE
kirby:1:1 [0] NCCL INFO Input: { .comm = 0x3c53a470, .tuningMask = 0x1fffff, .func = AllGather, .redOp = 0, .devRedop = 0, .dataType = 0, .nBytes = 5373952, .numPipesOps = 1, .count = 2686976, .countMax = 0, .nWorks = 0, .winRegType = 0, .regBuff = 0 }
kirby:1:1 [0] NCCL INFO Best tuning { .id = 5, .valid = 1, timeUs = 372.266663,  .algo = RING, .proto = SIMPLE, .symKernelId = Unknown, .ceMethodId = 2, nChannels = 4, maxChannels = 4, nWarps = 17, forced = 1 }
kirby:1:1 [0] NCCL INFO Best tuning, algorithm, RING, protocol, SIMPLE
kirby:1:1 [0] NCCL INFO Input: { .comm = 0x369a4f60, .tuningMask = 0x1fffff, .func = AllGather, .redOp = 0, .devRedop = 0, .dataType = 0, .nBytes = 100663296, .numPipesOps = 1, .count = 50331648, .countMax = 0, .nWorks = 0, .winRegType = 0, .regBuff = 0 }
kirby:1:1 [0] NCCL INFO Best tuning { .id = 5, .valid = 1, timeUs = 6576.000000,  .algo = RING, .proto = SIMPLE, .symKernelId = Unknown, .ceMethodId = 2, nChannels = 4, maxChannels = 4, nWarps = 17, forced = 1 }
kirby:1:1 [0] NCCL INFO Best tuning, algorithm, RING, protocol, SIMPLE
kirby:1:1 [0] NCCL INFO Input: { .comm = 0x3c53a470, .tuningMask = 0x1fffff, .func = AllGather, .redOp = 0, .devRedop = 0, .dataType = 0, .nBytes = 5373952, .numPipesOps = 1, .count = 2686976, .countMax = 0, .nWorks = 0, .winRegType = 0, .regBuff = 0 }
kirby:1:1 [0] NCCL INFO Best tuning { .id = 5, .valid = 1, timeUs = 372.266663,  .algo = RING, .proto = SIMPLE, .symKernelId = Unknown, .ceMethodId = 2, nChannels = 4, maxChannels = 4, nWarps = 17, forced = 1 }
kirby:1:1 [0] NCCL INFO Best tuning, algorithm, RING, protocol, SIMPLE
kirby:1:1 [0] NCCL INFO Input: { .comm = 0x369a4f60, .tuningMask = 0x1fffff, .func = AllGather, .redOp = 0, .devRedop = 0, .dataType = 0, .nBytes = 100663296, .numPipesOps = 1, .count = 50331648, .countMax = 0, .nWorks = 0, .winRegType = 0, .regBuff = 0 }
kirby:1:1 [0] NCCL INFO Best tuning { .id = 5, .valid = 1, timeUs = 6576.000000,  .algo = RING, .proto = SIMPLE, .symKernelId = Unknown, .ceMethodId = 2, nChannels = 4, maxChannels = 4, nWarps = 17, forced = 1 }
kirby:1:1 [0] NCCL INFO Best tuning, algorithm, RING, protocol, SIMPLE
kirby:1:1 [0] NCCL INFO Input: { .comm = 0x3c53a470, .tuningMask = 0x1fffff, .func = AllGather, .redOp = 0, .devRedop = 0, .dataType = 0, .nBytes = 5373952, .numPipesOps = 1, .count = 2686976, .countMax = 0, .nWorks = 0, .winRegType = 0, .regBuff = 0 }
kirby:1:1 [0] NCCL INFO Best tuning { .id = 5, .valid = 1, timeUs = 372.266663,  .algo = RING, .proto = SIMPLE, .symKernelId = Unknown, .ceMethodId = 2, nChannels = 4, maxChannels = 4, nWarps = 17, forced = 1 }
kirby:1:1 [0] NCCL INFO Best tuning, algorithm, RING, protocol, SIMPLE
kirby:1:1 [0] NCCL INFO Input: { .comm = 0x369a4f60, .tuningMask = 0x1fffff, .func = AllGather, .redOp = 0, .devRedop = 0, .dataType = 0, .nBytes = 100663296, .numPipesOps = 1, .count = 50331648, .countMax = 0, .nWorks = 0, .winRegType = 0, .regBuff = 0 }
kirby:1:1 [0] NCCL INFO Best tuning { .id = 5, .valid = 1, timeUs = 6576.000000,  .algo = RING, .proto = SIMPLE, .symKernelId = Unknown, .ceMethodId = 2, nChannels = 4, maxChannels = 4, nWarps = 17, forced = 1 }
kirby:1:1 [0] NCCL INFO Best tuning, algorithm, RING, protocol, SIMPLE
kirby:1:1 [0] NCCL INFO Input: { .comm = 0x3c53a470, .tuningMask = 0x1fffff, .func = AllGather, .redOp = 0, .devRedop = 0, .dataType = 0, .nBytes = 5373952, .numPipesOps = 1, .count = 2686976, .countMax = 0, .nWorks = 0, .winRegType = 0, .regBuff = 0 }
kirby:1:1 [0] NCCL INFO Best tuning { .id = 5, .valid = 1, timeUs = 372.266663,  .algo = RING, .proto = SIMPLE, .symKernelId = Unknown, .ceMethodId = 2, nChannels = 4, maxChannels = 4, nWarps = 17, forced = 1 }
kirby:1:1 [0] NCCL INFO Best tuning, algorithm, RING, protocol, SIMPLE
kirby:1:1 [0] NCCL INFO Input: { .comm = 0x369a4f60, .tuningMask = 0x1fffff, .func = AllGather, .redOp = 0, .devRedop = 0, .dataType = 0, .nBytes = 100663296, .numPipesOps = 1, .count = 50331648, .countMax = 0, .nWorks = 0, .winRegType = 0, .regBuff = 0 }
kirby:1:1 [0] NCCL INFO Best tuning { .id = 5, .valid = 1, timeUs = 6576.000000,  .algo = RING, .proto = SIMPLE, .symKernelId = Unknown, .ceMethodId = 2, nChannels = 4, maxChannels = 4, nWarps = 17, forced = 1 }
kirby:1:1 [0] NCCL INFO Best tuning, algorithm, RING, protocol, SIMPLE
kirby:1:1 [0] NCCL INFO Input: { .comm = 0x3c53a470, .tuningMask = 0x1fffff, .func = AllGather, .redOp = 0, .devRedop = 0, .dataType = 0, .nBytes = 5373952, .numPipesOps = 1, .count = 2686976, .countMax = 0, .nWorks = 0, .winRegType = 0, .regBuff = 0 }
kirby:1:1 [0] NCCL INFO Best tuning { .id = 5, .valid = 1, timeUs = 372.266663,  .algo = RING, .proto = SIMPLE, .symKernelId = Unknown, .ceMethodId = 2, nChannels = 4, maxChannels = 4, nWarps = 17, forced = 1 }
kirby:1:1 [0] NCCL INFO Best tuning, algorithm, RING, protocol, SIMPLE
kirby:1:1 [0] NCCL INFO Input: { .comm = 0x369a4f60, .tuningMask = 0x1fffff, .func = AllGather, .redOp = 0, .devRedop = 0, .dataType = 0, .nBytes = 100663296, .numPipesOps = 1, .count = 50331648, .countMax = 0, .nWorks = 0, .winRegType = 0, .regBuff = 0 }
kirby:1:1 [0] NCCL INFO Best tuning { .id = 5, .valid = 1, timeUs = 6576.000000,  .algo = RING, .proto = SIMPLE, .symKernelId = Unknown, .ceMethodId = 2, nChannels = 4, maxChannels = 4, nWarps = 17, forced = 1 }
kirby:1:1 [0] NCCL INFO Best tuning, algorithm, RING, protocol, SIMPLE
kirby:1:1 [0] NCCL INFO Input: { .comm = 0x3c53a470, .tuningMask = 0x1fffff, .func = AllGather, .redOp = 0, .devRedop = 0, .dataType = 0, .nBytes = 5373952, .numPipesOps = 1, .count = 2686976, .countMax = 0, .nWorks = 0, .winRegType = 0, .regBuff = 0 }
kirby:1:1 [0] NCCL INFO Best tuning { .id = 5, .valid = 1, timeUs = 372.266663,  .algo = RING, .proto = SIMPLE, .symKernelId = Unknown, .ceMethodId = 2, nChannels = 4, maxChannels = 4, nWarps = 17, forced = 1 }
kirby:1:1 [0] NCCL INFO Best tuning, algorithm, RING, protocol, SIMPLE
kirby:1:1 [0] NCCL INFO Input: { .comm = 0x369a4f60, .tuningMask = 0x1fffff, .func = AllGather, .redOp = 0, .devRedop = 0, .dataType = 0, .nBytes = 100663296, .numPipesOps = 1, .count = 50331648, .countMax = 0, .nWorks = 0, .winRegType = 0, .regBuff = 0 }
kirby:1:1 [0] NCCL INFO Best tuning { .id = 5, .valid = 1, timeUs = 6576.000000,  .algo = RING, .proto = SIMPLE, .symKernelId = Unknown, .ceMethodId = 2, nChannels = 4, maxChannels = 4, nWarps = 17, forced = 1 }
kirby:1:1 [0] NCCL INFO Best tuning, algorithm, RING, protocol, SIMPLE
kirby:1:1 [0] NCCL INFO Input: { .comm = 0x3c53a470, .tuningMask = 0x1fffff, .func = AllGather, .redOp = 0, .devRedop = 0, .dataType = 0, .nBytes = 5373952, .numPipesOps = 1, .count = 2686976, .countMax = 0, .nWorks = 0, .winRegType = 0, .regBuff = 0 }
kirby:1:1 [0] NCCL INFO Best tuning { .id = 5, .valid = 1, timeUs = 372.266663,  .algo = RING, .proto = SIMPLE, .symKernelId = Unknown, .ceMethodId = 2, nChannels = 4, maxChannels = 4, nWarps = 17, forced = 1 }
kirby:1:1 [0] NCCL INFO Best tuning, algorithm, RING, protocol, SIMPLE
kirby:1:1 [0] NCCL INFO Input: { .comm = 0x369a4f60, .tuningMask = 0x1fffff, .func = AllGather, .redOp = 0, .devRedop = 0, .dataType = 0, .nBytes = 100663296, .numPipesOps = 1, .count = 50331648, .countMax = 0, .nWorks = 0, .winRegType = 0, .regBuff = 0 }
kirby:1:1 [0] NCCL INFO Best tuning { .id = 5, .valid = 1, timeUs = 6576.000000,  .algo = RING, .proto = SIMPLE, .symKernelId = Unknown, .ceMethodId = 2, nChannels = 4, maxChannels = 4, nWarps = 17, forced = 1 }
kirby:1:1 [0] NCCL INFO Best tuning, algorithm, RING, protocol, SIMPLE
kirby:1:1 [0] NCCL INFO Input: { .comm = 0x3c53a470, .tuningMask = 0x1fffff, .func = AllGather, .redOp = 0, .devRedop = 0, .dataType = 0, .nBytes = 5373952, .numPipesOps = 1, .count = 2686976, .countMax = 0, .nWorks = 0, .winRegType = 0, .regBuff = 0 }
kirby:1:1 [0] NCCL INFO Best tuning { .id = 5, .valid = 1, timeUs = 372.266663,  .algo = RING, .proto = SIMPLE, .symKernelId = Unknown, .ceMethodId = 2, nChannels = 4, maxChannels = 4, nWarps = 17, forced = 1 }
kirby:1:1 [0] NCCL INFO Best tuning, algorithm, RING, protocol, SIMPLE
kirby:1:1 [0] NCCL INFO Input: { .comm = 0x369a4f60, .tuningMask = 0x1fffff, .func = AllGather, .redOp = 0, .devRedop = 0, .dataType = 0, .nBytes = 100663296, .numPipesOps = 1, .count = 50331648, .countMax = 0, .nWorks = 0, .winRegType = 0, .regBuff = 0 }
kirby:1:1 [0] NCCL INFO Best tuning { .id = 5, .valid = 1, timeUs = 6576.000000,  .algo = RING, .proto = SIMPLE, .symKernelId = Unknown, .ceMethodId = 2, nChannels = 4, maxChannels = 4, nWarps = 17, forced = 1 }
kirby:1:1 [0] NCCL INFO Best tuning, algorithm, RING, protocol, SIMPLE
kirby:1:1 [0] NCCL INFO Input: { .comm = 0x3c53a470, .tuningMask = 0x1fffff, .func = AllGather, .redOp = 0, .devRedop = 0, .dataType = 0, .nBytes = 5373952, .numPipesOps = 1, .count = 2686976, .countMax = 0, .nWorks = 0, .winRegType = 0, .regBuff = 0 }
kirby:1:1 [0] NCCL INFO Best tuning { .id = 5, .valid = 1, timeUs = 372.266663,  .algo = RING, .proto = SIMPLE, .symKernelId = Unknown, .ceMethodId = 2, nChannels = 4, maxChannels = 4, nWarps = 17, forced = 1 }
kirby:1:1 [0] NCCL INFO Best tuning, algorithm, RING, protocol, SIMPLE
kirby:1:1 [0] NCCL INFO Input: { .comm = 0x369a4f60, .tuningMask = 0x1fffff, .func = AllGather, .redOp = 0, .devRedop = 0, .dataType = 0, .nBytes = 100663296, .numPipesOps = 1, .count = 50331648, .countMax = 0, .nWorks = 0, .winRegType = 0, .regBuff = 0 }
kirby:1:1 [0] NCCL INFO Best tuning { .id = 5, .valid = 1, timeUs = 6576.000000,  .algo = RING, .proto = SIMPLE, .symKernelId = Unknown, .ceMethodId = 2, nChannels = 4, maxChannels = 4, nWarps = 17, forced = 1 }
kirby:1:1 [0] NCCL INFO Best tuning, algorithm, RING, protocol, SIMPLE
kirby:1:1 [0] NCCL INFO Input: { .comm = 0x3c53a470, .tuningMask = 0x1fffff, .func = AllGather, .redOp = 0, .devRedop = 0, .dataType = 0, .nBytes = 5373952, .numPipesOps = 1, .count = 2686976, .countMax = 0, .nWorks = 0, .winRegType = 0, .regBuff = 0 }
kirby:1:1 [0] NCCL INFO Best tuning { .id = 5, .valid = 1, timeUs = 372.266663,  .algo = RING, .proto = SIMPLE, .symKernelId = Unknown, .ceMethodId = 2, nChannels = 4, maxChannels = 4, nWarps = 17, forced = 1 }
kirby:1:1 [0] NCCL INFO Best tuning, algorithm, RING, protocol, SIMPLE
kirby:1:1 [0] NCCL INFO Input: { .comm = 0x369a4f60, .tuningMask = 0x1fffff, .func = AllGather, .redOp = 0, .devRedop = 0, .dataType = 0, .nBytes = 100663296, .numPipesOps = 1, .count = 50331648, .countMax = 0, .nWorks = 0, .winRegType = 0, .regBuff = 0 }
kirby:1:1 [0] NCCL INFO Best tuning { .id = 5, .valid = 1, timeUs = 6576.000000,  .algo = RING, .proto = SIMPLE, .symKernelId = Unknown, .ceMethodId = 2, nChannels = 4, maxChannels = 4, nWarps = 17, forced = 1 }
kirby:1:1 [0] NCCL INFO Best tuning, algorithm, RING, protocol, SIMPLE
kirby:1:1 [0] NCCL INFO Input: { .comm = 0x3c53a470, .tuningMask = 0x1fffff, .func = AllGather, .redOp = 0, .devRedop = 0, .dataType = 0, .nBytes = 5373952, .numPipesOps = 1, .count = 2686976, .countMax = 0, .nWorks = 0, .winRegType = 0, .regBuff = 0 }
kirby:1:1 [0] NCCL INFO Best tuning { .id = 5, .valid = 1, timeUs = 372.266663,  .algo = RING, .proto = SIMPLE, .symKernelId = Unknown, .ceMethodId = 2, nChannels = 4, maxChannels = 4, nWarps = 17, forced = 1 }
kirby:1:1 [0] NCCL INFO Best tuning, algorithm, RING, protocol, SIMPLE
kirby:1:1 [0] NCCL INFO Input: { .comm = 0x369a4f60, .tuningMask = 0x1fffff, .func = AllGather, .redOp = 0, .devRedop = 0, .dataType = 0, .nBytes = 100663296, .numPipesOps = 1, .count = 50331648, .countMax = 0, .nWorks = 0, .winRegType = 0, .regBuff = 0 }
kirby:1:1 [0] NCCL INFO Best tuning { .id = 5, .valid = 1, timeUs = 6576.000000,  .algo = RING, .proto = SIMPLE, .symKernelId = Unknown, .ceMethodId = 2, nChannels = 4, maxChannels = 4, nWarps = 17, forced = 1 }
kirby:1:1 [0] NCCL INFO Best tuning, algorithm, RING, protocol, SIMPLE
kirby:1:1 [0] NCCL INFO Input: { .comm = 0x3c53a470, .tuningMask = 0x1fffff, .func = AllGather, .redOp = 0, .devRedop = 0, .dataType = 0, .nBytes = 5373952, .numPipesOps = 1, .count = 2686976, .countMax = 0, .nWorks = 0, .winRegType = 0, .regBuff = 0 }
kirby:1:1 [0] NCCL INFO Best tuning { .id = 5, .valid = 1, timeUs = 372.266663,  .algo = RING, .proto = SIMPLE, .symKernelId = Unknown, .ceMethodId = 2, nChannels = 4, maxChannels = 4, nWarps = 17, forced = 1 }
kirby:1:1 [0] NCCL INFO Best tuning, algorithm, RING, protocol, SIMPLE
kirby:1:1 [0] NCCL INFO Input: { .comm = 0x369a4f60, .tuningMask = 0x1fffff, .func = AllGather, .redOp = 0, .devRedop = 0, .dataType = 0, .nBytes = 100663296, .numPipesOps = 1, .count = 50331648, .countMax = 0, .nWorks = 0, .winRegType = 0, .regBuff = 0 }
kirby:1:1 [0] NCCL INFO Best tuning { .id = 5, .valid = 1, timeUs = 6576.000000,  .algo = RING, .proto = SIMPLE, .symKernelId = Unknown, .ceMethodId = 2, nChannels = 4, maxChannels = 4, nWarps = 17, forced = 1 }
kirby:1:1 [0] NCCL INFO Best tuning, algorithm, RING, protocol, SIMPLE
kirby:1:1 [0] NCCL INFO Input: { .comm = 0x3c53a470, .tuningMask = 0x1fffff, .func = AllGather, .redOp = 0, .devRedop = 0, .dataType = 0, .nBytes = 5373952, .numPipesOps = 1, .count = 2686976, .countMax = 0, .nWorks = 0, .winRegType = 0, .regBuff = 0 }
kirby:1:1 [0] NCCL INFO Best tuning { .id = 5, .valid = 1, timeUs = 372.266663,  .algo = RING, .proto = SIMPLE, .symKernelId = Unknown, .ceMethodId = 2, nChannels = 4, maxChannels = 4, nWarps = 17, forced = 1 }
kirby:1:1 [0] NCCL INFO Best tuning, algorithm, RING, protocol, SIMPLE
kirby:1:1 [0] NCCL INFO Input: { .comm = 0x369a4f60, .tuningMask = 0x1fffff, .func = AllGather, .redOp = 0, .devRedop = 0, .dataType = 0, .nBytes = 100663296, .numPipesOps = 1, .count = 50331648, .countMax = 0, .nWorks = 0, .winRegType = 0, .regBuff = 0 }
kirby:1:1 [0] NCCL INFO Best tuning { .id = 5, .valid = 1, timeUs = 6576.000000,  .algo = RING, .proto = SIMPLE, .symKernelId = Unknown, .ceMethodId = 2, nChannels = 4, maxChannels = 4, nWarps = 17, forced = 1 }
kirby:1:1 [0] NCCL INFO Best tuning, algorithm, RING, protocol, SIMPLE
kirby:1:1 [0] NCCL INFO Input: { .comm = 0x3c53a470, .tuningMask = 0x1fffff, .func = AllGather, .redOp = 0, .devRedop = 0, .dataType = 0, .nBytes = 5373952, .numPipesOps = 1, .count = 2686976, .countMax = 0, .nWorks = 0, .winRegType = 0, .regBuff = 0 }
kirby:1:1 [0] NCCL INFO Best tuning { .id = 5, .valid = 1, timeUs = 372.266663,  .algo = RING, .proto = SIMPLE, .symKernelId = Unknown, .ceMethodId = 2, nChannels = 4, maxChannels = 4, nWarps = 17, forced = 1 }
kirby:1:1 [0] NCCL INFO Best tuning, algorithm, RING, protocol, SIMPLE
kirby:1:1 [0] NCCL INFO Input: { .comm = 0x369a4f60, .tuningMask = 0x1fffff, .func = AllGather, .redOp = 0, .devRedop = 0, .dataType = 0, .nBytes = 100663296, .numPipesOps = 1, .count = 50331648, .countMax = 0, .nWorks = 0, .winRegType = 0, .regBuff = 0 }
kirby:1:1 [0] NCCL INFO Best tuning { .id = 5, .valid = 1, timeUs = 6576.000000,  .algo = RING, .proto = SIMPLE, .symKernelId = Unknown, .ceMethodId = 2, nChannels = 4, maxChannels = 4, nWarps = 17, forced = 1 }
kirby:1:1 [0] NCCL INFO Best tuning, algorithm, RING, protocol, SIMPLE
kirby:1:1 [0] NCCL INFO Input: { .comm = 0x3c53a470, .tuningMask = 0x1fffff, .func = AllGather, .redOp = 0, .devRedop = 0, .dataType = 0, .nBytes = 5373952, .numPipesOps = 1, .count = 2686976, .countMax = 0, .nWorks = 0, .winRegType = 0, .regBuff = 0 }
kirby:1:1 [0] NCCL INFO Best tuning { .id = 5, .valid = 1, timeUs = 372.266663,  .algo = RING, .proto = SIMPLE, .symKernelId = Unknown, .ceMethodId = 2, nChannels = 4, maxChannels = 4, nWarps = 17, forced = 1 }
kirby:1:1 [0] NCCL INFO Best tuning, algorithm, RING, protocol, SIMPLE
kirby:1:1 [0] NCCL INFO Input: { .comm = 0x369a4f60, .tuningMask = 0x1fffff, .func = AllGather, .redOp = 0, .devRedop = 0, .dataType = 0, .nBytes = 100663296, .numPipesOps = 1, .count = 50331648, .countMax = 0, .nWorks = 0, .winRegType = 0, .regBuff = 0 }
kirby:1:1 [0] NCCL INFO Best tuning { .id = 5, .valid = 1, timeUs = 6576.000000,  .algo = RING, .proto = SIMPLE, .symKernelId = Unknown, .ceMethodId = 2, nChannels = 4, maxChannels = 4, nWarps = 17, forced = 1 }
kirby:1:1 [0] NCCL INFO Best tuning, algorithm, RING, protocol, SIMPLE
kirby:1:1 [0] NCCL INFO Input: { .comm = 0x3c53a470, .tuningMask = 0x1fffff, .func = AllGather, .redOp = 0, .devRedop = 0, .dataType = 0, .nBytes = 5373952, .numPipesOps = 1, .count = 2686976, .countMax = 0, .nWorks = 0, .winRegType = 0, .regBuff = 0 }
kirby:1:1 [0] NCCL INFO Best tuning { .id = 5, .valid = 1, timeUs = 372.266663,  .algo = RING, .proto = SIMPLE, .symKernelId = Unknown, .ceMethodId = 2, nChannels = 4, maxChannels = 4, nWarps = 17, forced = 1 }
kirby:1:1 [0] NCCL INFO Best tuning, algorithm, RING, protocol, SIMPLE
kirby:1:1 [0] NCCL INFO Input: { .comm = 0x369a4f60, .tuningMask = 0x1fffff, .func = AllGather, .redOp = 0, .devRedop = 0, .dataType = 0, .nBytes = 100663296, .numPipesOps = 1, .count = 50331648, .countMax = 0, .nWorks = 0, .winRegType = 0, .regBuff = 0 }
kirby:1:1 [0] NCCL INFO Best tuning { .id = 5, .valid = 1, timeUs = 6576.000000,  .algo = RING, .proto = SIMPLE, .symKernelId = Unknown, .ceMethodId = 2, nChannels = 4, maxChannels = 4, nWarps = 17, forced = 1 }
kirby:1:1 [0] NCCL INFO Best tuning, algorithm, RING, protocol, SIMPLE
kirby:1:1 [0] NCCL INFO Input: { .comm = 0x3c53a470, .tuningMask = 0x1fffff, .func = AllGather, .redOp = 0, .devRedop = 0, .dataType = 0, .nBytes = 5373952, .numPipesOps = 1, .count = 2686976, .countMax = 0, .nWorks = 0, .winRegType = 0, .regBuff = 0 }
kirby:1:1 [0] NCCL INFO Best tuning { .id = 5, .valid = 1, timeUs = 372.266663,  .algo = RING, .proto = SIMPLE, .symKernelId = Unknown, .ceMethodId = 2, nChannels = 4, maxChannels = 4, nWarps = 17, forced = 1 }
kirby:1:1 [0] NCCL INFO Best tuning, algorithm, RING, protocol, SIMPLE
kirby:1:1 [0] NCCL INFO Input: { .comm = 0x369a4f60, .tuningMask = 0x1fffff, .func = AllGather, .redOp = 0, .devRedop = 0, .dataType = 0, .nBytes = 100663296, .numPipesOps = 1, .count = 50331648, .countMax = 0, .nWorks = 0, .winRegType = 0, .regBuff = 0 }
kirby:1:1 [0] NCCL INFO Best tuning { .id = 5, .valid = 1, timeUs = 6576.000000,  .algo = RING, .proto = SIMPLE, .symKernelId = Unknown, .ceMethodId = 2, nChannels = 4, maxChannels = 4, nWarps = 17, forced = 1 }
kirby:1:1 [0] NCCL INFO Best tuning, algorithm, RING, protocol, SIMPLE
kirby:1:1 [0] NCCL INFO Input: { .comm = 0x3c53a470, .tuningMask = 0x1fffff, .func = AllGather, .redOp = 0, .devRedop = 0, .dataType = 0, .nBytes = 5373952, .numPipesOps = 1, .count = 2686976, .countMax = 0, .nWorks = 0, .winRegType = 0, .regBuff = 0 }
kirby:1:1 [0] NCCL INFO Best tuning { .id = 5, .valid = 1, timeUs = 372.266663,  .algo = RING, .proto = SIMPLE, .symKernelId = Unknown, .ceMethodId = 2, nChannels = 4, maxChannels = 4, nWarps = 17, forced = 1 }
kirby:1:1 [0] NCCL INFO Best tuning, algorithm, RING, protocol, SIMPLE
kirby:1:1 [0] NCCL INFO Input: { .comm = 0x369a4f60, .tuningMask = 0x1fffff, .func = AllGather, .redOp = 0, .devRedop = 0, .dataType = 0, .nBytes = 100663296, .numPipesOps = 1, .count = 50331648, .countMax = 0, .nWorks = 0, .winRegType = 0, .regBuff = 0 }
kirby:1:1 [0] NCCL INFO Best tuning { .id = 5, .valid = 1, timeUs = 6576.000000,  .algo = RING, .proto = SIMPLE, .symKernelId = Unknown, .ceMethodId = 2, nChannels = 4, maxChannels = 4, nWarps = 17, forced = 1 }
kirby:1:1 [0] NCCL INFO Best tuning, algorithm, RING, protocol, SIMPLE
kirby:1:1 [0] NCCL INFO Input: { .comm = 0x3c53a470, .tuningMask = 0x1fffff, .func = AllGather, .redOp = 0, .devRedop = 0, .dataType = 0, .nBytes = 5373952, .numPipesOps = 1, .count = 2686976, .countMax = 0, .nWorks = 0, .winRegType = 0, .regBuff = 0 }
kirby:1:1 [0] NCCL INFO Best tuning { .id = 5, .valid = 1, timeUs = 372.266663,  .algo = RING, .proto = SIMPLE, .symKernelId = Unknown, .ceMethodId = 2, nChannels = 4, maxChannels = 4, nWarps = 17, forced = 1 }
kirby:1:1 [0] NCCL INFO Best tuning, algorithm, RING, protocol, SIMPLE
kirby:1:1 [0] NCCL INFO Input: { .comm = 0x369a4f60, .tuningMask = 0x1fffff, .func = AllGather, .redOp = 0, .devRedop = 0, .dataType = 0, .nBytes = 100663296, .numPipesOps = 1, .count = 50331648, .countMax = 0, .nWorks = 0, .winRegType = 0, .regBuff = 0 }
kirby:1:1 [0] NCCL INFO Best tuning { .id = 5, .valid = 1, timeUs = 6576.000000,  .algo = RING, .proto = SIMPLE, .symKernelId = Unknown, .ceMethodId = 2, nChannels = 4, maxChannels = 4, nWarps = 17, forced = 1 }
kirby:1:1 [0] NCCL INFO Best tuning, algorithm, RING, protocol, SIMPLE
kirby:1:1 [0] NCCL INFO Input: { .comm = 0x3c53a470, .tuningMask = 0x1fffff, .func = AllGather, .redOp = 0, .devRedop = 0, .dataType = 0, .nBytes = 5373952, .numPipesOps = 1, .count = 2686976, .countMax = 0, .nWorks = 0, .winRegType = 0, .regBuff = 0 }
kirby:1:1 [0] NCCL INFO Best tuning { .id = 5, .valid = 1, timeUs = 372.266663,  .algo = RING, .proto = SIMPLE, .symKernelId = Unknown, .ceMethodId = 2, nChannels = 4, maxChannels = 4, nWarps = 17, forced = 1 }
kirby:1:1 [0] NCCL INFO Best tuning, algorithm, RING, protocol, SIMPLE
kirby:1:1 [0] NCCL INFO Input: { .comm = 0x369a4f60, .tuningMask = 0x1fffff, .func = AllGather, .redOp = 0, .devRedop = 0, .dataType = 0, .nBytes = 100663296, .numPipesOps = 1, .count = 50331648, .countMax = 0, .nWorks = 0, .winRegType = 0, .regBuff = 0 }
kirby:1:1 [0] NCCL INFO Best tuning { .id = 5, .valid = 1, timeUs = 6576.000000,  .algo = RING, .proto = SIMPLE, .symKernelId = Unknown, .ceMethodId = 2, nChannels = 4, maxChannels = 4, nWarps = 17, forced = 1 }
kirby:1:1 [0] NCCL INFO Best tuning, algorithm, RING, protocol, SIMPLE
kirby:1:1 [0] NCCL INFO Input: { .comm = 0x3c53a470, .tuningMask = 0x1fffff, .func = AllGather, .redOp = 0, .devRedop = 0, .dataType = 0, .nBytes = 5373952, .numPipesOps = 1, .count = 2686976, .countMax = 0, .nWorks = 0, .winRegType = 0, .regBuff = 0 }
kirby:1:1 [0] NCCL INFO Best tuning { .id = 5, .valid = 1, timeUs = 372.266663,  .algo = RING, .proto = SIMPLE, .symKernelId = Unknown, .ceMethodId = 2, nChannels = 4, maxChannels = 4, nWarps = 17, forced = 1 }
kirby:1:1 [0] NCCL INFO Best tuning, algorithm, RING, protocol, SIMPLE
kirby:1:1 [0] NCCL INFO Input: { .comm = 0x369a4f60, .tuningMask = 0x1fffff, .func = AllGather, .redOp = 0, .devRedop = 0, .dataType = 0, .nBytes = 100663296, .numPipesOps = 1, .count = 50331648, .countMax = 0, .nWorks = 0, .winRegType = 0, .regBuff = 0 }
kirby:1:1 [0] NCCL INFO Best tuning { .id = 5, .valid = 1, timeUs = 6576.000000,  .algo = RING, .proto = SIMPLE, .symKernelId = Unknown, .ceMethodId = 2, nChannels = 4, maxChannels = 4, nWarps = 17, forced = 1 }
kirby:1:1 [0] NCCL INFO Best tuning, algorithm, RING, protocol, SIMPLE
kirby:1:1 [0] NCCL INFO Input: { .comm = 0x3c53a470, .tuningMask = 0x1fffff, .func = AllGather, .redOp = 0, .devRedop = 0, .dataType = 0, .nBytes = 5373952, .numPipesOps = 1, .count = 2686976, .countMax = 0, .nWorks = 0, .winRegType = 0, .regBuff = 0 }
kirby:1:1 [0] NCCL INFO Best tuning { .id = 5, .valid = 1, timeUs = 372.266663,  .algo = RING, .proto = SIMPLE, .symKernelId = Unknown, .ceMethodId = 2, nChannels = 4, maxChannels = 4, nWarps = 17, forced = 1 }
kirby:1:1 [0] NCCL INFO Best tuning, algorithm, RING, protocol, SIMPLE
kirby:1:1 [0] NCCL INFO Input: { .comm = 0x369a4f60, .tuningMask = 0x1fffff, .func = AllGather, .redOp = 0, .devRedop = 0, .dataType = 0, .nBytes = 100663296, .numPipesOps = 1, .count = 50331648, .countMax = 0, .nWorks = 0, .winRegType = 0, .regBuff = 0 }
kirby:1:1 [0] NCCL INFO Best tuning { .id = 5, .valid = 1, timeUs = 6576.000000,  .algo = RING, .proto = SIMPLE, .symKernelId = Unknown, .ceMethodId = 2, nChannels = 4, maxChannels = 4, nWarps = 17, forced = 1 }
kirby:1:1 [0] NCCL INFO Best tuning, algorithm, RING, protocol, SIMPLE
kirby:1:1 [0] NCCL INFO Input: { .comm = 0x3c53a470, .tuningMask = 0x1fffff, .func = AllGather, .redOp = 0, .devRedop = 0, .dataType = 0, .nBytes = 5373952, .numPipesOps = 1, .count = 2686976, .countMax = 0, .nWorks = 0, .winRegType = 0, .regBuff = 0 }
kirby:1:1 [0] NCCL INFO Best tuning { .id = 5, .valid = 1, timeUs = 372.266663,  .algo = RING, .proto = SIMPLE, .symKernelId = Unknown, .ceMethodId = 2, nChannels = 4, maxChannels = 4, nWarps = 17, forced = 1 }
kirby:1:1 [0] NCCL INFO Best tuning, algorithm, RING, protocol, SIMPLE
kirby:1:1 [0] NCCL INFO Input: { .comm = 0x369a4f60, .tuningMask = 0x1fffff, .func = AllGather, .redOp = 0, .devRedop = 0, .dataType = 0, .nBytes = 100663296, .numPipesOps = 1, .count = 50331648, .countMax = 0, .nWorks = 0, .winRegType = 0, .regBuff = 0 }
kirby:1:1 [0] NCCL INFO Best tuning { .id = 5, .valid = 1, timeUs = 6576.000000,  .algo = RING, .proto = SIMPLE, .symKernelId = Unknown, .ceMethodId = 2, nChannels = 4, maxChannels = 4, nWarps = 17, forced = 1 }
kirby:1:1 [0] NCCL INFO Best tuning, algorithm, RING, protocol, SIMPLE
kirby:1:1 [0] NCCL INFO Input: { .comm = 0x3c53a470, .tuningMask = 0x1fffff, .func = AllGather, .redOp = 0, .devRedop = 0, .dataType = 0, .nBytes = 5373952, .numPipesOps = 1, .count = 2686976, .countMax = 0, .nWorks = 0, .winRegType = 0, .regBuff = 0 }
kirby:1:1 [0] NCCL INFO Best tuning { .id = 5, .valid = 1, timeUs = 372.266663,  .algo = RING, .proto = SIMPLE, .symKernelId = Unknown, .ceMethodId = 2, nChannels = 4, maxChannels = 4, nWarps = 17, forced = 1 }
kirby:1:1 [0] NCCL INFO Best tuning, algorithm, RING, protocol, SIMPLE
kirby:1:1 [0] NCCL INFO Input: { .comm = 0x369a4f60, .tuningMask = 0x1fffff, .func = AllGather, .redOp = 0, .devRedop = 0, .dataType = 0, .nBytes = 100663296, .numPipesOps = 1, .count = 50331648, .countMax = 0, .nWorks = 0, .winRegType = 0, .regBuff = 0 }
kirby:1:1 [0] NCCL INFO Best tuning { .id = 5, .valid = 1, timeUs = 6576.000000,  .algo = RING, .proto = SIMPLE, .symKernelId = Unknown, .ceMethodId = 2, nChannels = 4, maxChannels = 4, nWarps = 17, forced = 1 }
kirby:1:1 [0] NCCL INFO Best tuning, algorithm, RING, protocol, SIMPLE
kirby:1:1 [0] NCCL INFO Input: { .comm = 0x3c53a470, .tuningMask = 0x1fffff, .func = AllGather, .redOp = 0, .devRedop = 0, .dataType = 0, .nBytes = 5373952, .numPipesOps = 1, .count = 2686976, .countMax = 0, .nWorks = 0, .winRegType = 0, .regBuff = 0 }
kirby:1:1 [0] NCCL INFO Best tuning { .id = 5, .valid = 1, timeUs = 372.266663,  .algo = RING, .proto = SIMPLE, .symKernelId = Unknown, .ceMethodId = 2, nChannels = 4, maxChannels = 4, nWarps = 17, forced = 1 }
kirby:1:1 [0] NCCL INFO Best tuning, algorithm, RING, protocol, SIMPLE
kirby:1:1 [0] NCCL INFO Input: { .comm = 0x369a4f60, .tuningMask = 0x1fffff, .func = AllGather, .redOp = 0, .devRedop = 0, .dataType = 0, .nBytes = 100663296, .numPipesOps = 1, .count = 50331648, .countMax = 0, .nWorks = 0, .winRegType = 0, .regBuff = 0 }
kirby:1:1 [0] NCCL INFO Best tuning { .id = 5, .valid = 1, timeUs = 6576.000000,  .algo = RING, .proto = SIMPLE, .symKernelId = Unknown, .ceMethodId = 2, nChannels = 4, maxChannels = 4, nWarps = 17, forced = 1 }
kirby:1:1 [0] NCCL INFO Best tuning, algorithm, RING, protocol, SIMPLE
kirby:1:1 [0] NCCL INFO Input: { .comm = 0x3c53a470, .tuningMask = 0x1fffff, .func = AllGather, .redOp = 0, .devRedop = 0, .dataType = 0, .nBytes = 5373952, .numPipesOps = 1, .count = 2686976, .countMax = 0, .nWorks = 0, .winRegType = 0, .regBuff = 0 }
kirby:1:1 [0] NCCL INFO Best tuning { .id = 5, .valid = 1, timeUs = 372.266663,  .algo = RING, .proto = SIMPLE, .symKernelId = Unknown, .ceMethodId = 2, nChannels = 4, maxChannels = 4, nWarps = 17, forced = 1 }
kirby:1:1 [0] NCCL INFO Best tuning, algorithm, RING, protocol, SIMPLE
kirby:1:1 [0] NCCL INFO Input: { .comm = 0x369a4f60, .tuningMask = 0x1fffff, .func = AllGather, .redOp = 0, .devRedop = 0, .dataType = 0, .nBytes = 100663296, .numPipesOps = 1, .count = 50331648, .countMax = 0, .nWorks = 0, .winRegType = 0, .regBuff = 0 }
kirby:1:1 [0] NCCL INFO Best tuning { .id = 5, .valid = 1, timeUs = 6576.000000,  .algo = RING, .proto = SIMPLE, .symKernelId = Unknown, .ceMethodId = 2, nChannels = 4, maxChannels = 4, nWarps = 17, forced = 1 }
kirby:1:1 [0] NCCL INFO Best tuning, algorithm, RING, protocol, SIMPLE
kirby:1:1 [0] NCCL INFO Input: { .comm = 0x3c53a470, .tuningMask = 0x1fffff, .func = AllGather, .redOp = 0, .devRedop = 0, .dataType = 0, .nBytes = 5373952, .numPipesOps = 1, .count = 2686976, .countMax = 0, .nWorks = 0, .winRegType = 0, .regBuff = 0 }
kirby:1:1 [0] NCCL INFO Best tuning { .id = 5, .valid = 1, timeUs = 372.266663,  .algo = RING, .proto = SIMPLE, .symKernelId = Unknown, .ceMethodId = 2, nChannels = 4, maxChannels = 4, nWarps = 17, forced = 1 }
kirby:1:1 [0] NCCL INFO Best tuning, algorithm, RING, protocol, SIMPLE
kirby:1:1 [0] NCCL INFO Input: { .comm = 0x369a4f60, .tuningMask = 0x1fffff, .func = AllGather, .redOp = 0, .devRedop = 0, .dataType = 0, .nBytes = 100663296, .numPipesOps = 1, .count = 50331648, .countMax = 0, .nWorks = 0, .winRegType = 0, .regBuff = 0 }
kirby:1:1 [0] NCCL INFO Best tuning { .id = 5, .valid = 1, timeUs = 6576.000000,  .algo = RING, .proto = SIMPLE, .symKernelId = Unknown, .ceMethodId = 2, nChannels = 4, maxChannels = 4, nWarps = 17, forced = 1 }
kirby:1:1 [0] NCCL INFO Best tuning, algorithm, RING, protocol, SIMPLE
kirby:1:1 [0] NCCL INFO Input: { .comm = 0x3c53a470, .tuningMask = 0x1fffff, .func = AllGather, .redOp = 0, .devRedop = 0, .dataType = 0, .nBytes = 5373952, .numPipesOps = 1, .count = 2686976, .countMax = 0, .nWorks = 0, .winRegType = 0, .regBuff = 0 }
kirby:1:1 [0] NCCL INFO Best tuning { .id = 5, .valid = 1, timeUs = 372.266663,  .algo = RING, .proto = SIMPLE, .symKernelId = Unknown, .ceMethodId = 2, nChannels = 4, maxChannels = 4, nWarps = 17, forced = 1 }
kirby:1:1 [0] NCCL INFO Best tuning, algorithm, RING, protocol, SIMPLE
kirby:1:1 [0] NCCL INFO Input: { .comm = 0x369a4f60, .tuningMask = 0x1fffff, .func = AllGather, .redOp = 0, .devRedop = 0, .dataType = 0, .nBytes = 100663296, .numPipesOps = 1, .count = 50331648, .countMax = 0, .nWorks = 0, .winRegType = 0, .regBuff = 0 }
kirby:1:1 [0] NCCL INFO Best tuning { .id = 5, .valid = 1, timeUs = 6576.000000,  .algo = RING, .proto = SIMPLE, .symKernelId = Unknown, .ceMethodId = 2, nChannels = 4, maxChannels = 4, nWarps = 17, forced = 1 }
kirby:1:1 [0] NCCL INFO Best tuning, algorithm, RING, protocol, SIMPLE
kirby:1:1 [0] NCCL INFO Input: { .comm = 0x3c53a470, .tuningMask = 0x1fffff, .func = AllGather, .redOp = 0, .devRedop = 0, .dataType = 0, .nBytes = 5373952, .numPipesOps = 1, .count = 2686976, .countMax = 0, .nWorks = 0, .winRegType = 0, .regBuff = 0 }
kirby:1:1 [0] NCCL INFO Best tuning { .id = 5, .valid = 1, timeUs = 372.266663,  .algo = RING, .proto = SIMPLE, .symKernelId = Unknown, .ceMethodId = 2, nChannels = 4, maxChannels = 4, nWarps = 17, forced = 1 }
kirby:1:1 [0] NCCL INFO Best tuning, algorithm, RING, protocol, SIMPLE
kirby:1:1 [0] NCCL INFO Input: { .comm = 0x369a4f60, .tuningMask = 0x1fffff, .func = AllGather, .redOp = 0, .devRedop = 0, .dataType = 0, .nBytes = 100663296, .numPipesOps = 1, .count = 50331648, .countMax = 0, .nWorks = 0, .winRegType = 0, .regBuff = 0 }
kirby:1:1 [0] NCCL INFO Best tuning { .id = 5, .valid = 1, timeUs = 6576.000000,  .algo = RING, .proto = SIMPLE, .symKernelId = Unknown, .ceMethodId = 2, nChannels = 4, maxChannels = 4, nWarps = 17, forced = 1 }
kirby:1:1 [0] NCCL INFO Best tuning, algorithm, RING, protocol, SIMPLE
kirby:1:1 [0] NCCL INFO Input: { .comm = 0x3c53a470, .tuningMask = 0x1fffff, .func = AllGather, .redOp = 0, .devRedop = 0, .dataType = 0, .nBytes = 5373952, .numPipesOps = 1, .count = 2686976, .countMax = 0, .nWorks = 0, .winRegType = 0, .regBuff = 0 }
kirby:1:1 [0] NCCL INFO Best tuning { .id = 5, .valid = 1, timeUs = 372.266663,  .algo = RING, .proto = SIMPLE, .symKernelId = Unknown, .ceMethodId = 2, nChannels = 4, maxChannels = 4, nWarps = 17, forced = 1 }
kirby:1:1 [0] NCCL INFO Best tuning, algorithm, RING, protocol, SIMPLE
kirby:1:1 [0] NCCL INFO Input: { .comm = 0x369a4f60, .tuningMask = 0x1fffff, .func = AllGather, .redOp = 0, .devRedop = 0, .dataType = 0, .nBytes = 100663296, .numPipesOps = 1, .count = 50331648, .countMax = 0, .nWorks = 0, .winRegType = 0, .regBuff = 0 }
kirby:1:1 [0] NCCL INFO Best tuning { .id = 5, .valid = 1, timeUs = 6576.000000,  .algo = RING, .proto = SIMPLE, .symKernelId = Unknown, .ceMethodId = 2, nChannels = 4, maxChannels = 4, nWarps = 17, forced = 1 }
kirby:1:1 [0] NCCL INFO Best tuning, algorithm, RING, protocol, SIMPLE
kirby:1:1 [0] NCCL INFO Input: { .comm = 0x3c53a470, .tuningMask = 0x1fffff, .func = AllGather, .redOp = 0, .devRedop = 0, .dataType = 0, .nBytes = 5373952, .numPipesOps = 1, .count = 2686976, .countMax = 0, .nWorks = 0, .winRegType = 0, .regBuff = 0 }
kirby:1:1 [0] NCCL INFO Best tuning { .id = 5, .valid = 1, timeUs = 372.266663,  .algo = RING, .proto = SIMPLE, .symKernelId = Unknown, .ceMethodId = 2, nChannels = 4, maxChannels = 4, nWarps = 17, forced = 1 }
kirby:1:1 [0] NCCL INFO Best tuning, algorithm, RING, protocol, SIMPLE
kirby:1:1 [0] NCCL INFO Input: { .comm = 0x369a4f60, .tuningMask = 0x1fffff, .func = AllGather, .redOp = 0, .devRedop = 0, .dataType = 0, .nBytes = 100663296, .numPipesOps = 1, .count = 50331648, .countMax = 0, .nWorks = 0, .winRegType = 0, .regBuff = 0 }
kirby:1:1 [0] NCCL INFO Best tuning { .id = 5, .valid = 1, timeUs = 6576.000000,  .algo = RING, .proto = SIMPLE, .symKernelId = Unknown, .ceMethodId = 2, nChannels = 4, maxChannels = 4, nWarps = 17, forced = 1 }
kirby:1:1 [0] NCCL INFO Best tuning, algorithm, RING, protocol, SIMPLE
kirby:1:1 [0] NCCL INFO Input: { .comm = 0x3c53a470, .tuningMask = 0x1fffff, .func = AllGather, .redOp = 0, .devRedop = 0, .dataType = 0, .nBytes = 5373952, .numPipesOps = 1, .count = 2686976, .countMax = 0, .nWorks = 0, .winRegType = 0, .regBuff = 0 }
kirby:1:1 [0] NCCL INFO Best tuning { .id = 5, .valid = 1, timeUs = 372.266663,  .algo = RING, .proto = SIMPLE, .symKernelId = Unknown, .ceMethodId = 2, nChannels = 4, maxChannels = 4, nWarps = 17, forced = 1 }
kirby:1:1 [0] NCCL INFO Best tuning, algorithm, RING, protocol, SIMPLE
kirby:1:1 [0] NCCL INFO Input: { .comm = 0x369a4f60, .tuningMask = 0x1fffff, .func = AllGather, .redOp = 0, .devRedop = 0, .dataType = 0, .nBytes = 100663296, .numPipesOps = 1, .count = 50331648, .countMax = 0, .nWorks = 0, .winRegType = 0, .regBuff = 0 }
kirby:1:1 [0] NCCL INFO Best tuning { .id = 5, .valid = 1, timeUs = 6576.000000,  .algo = RING, .proto = SIMPLE, .symKernelId = Unknown, .ceMethodId = 2, nChannels = 4, maxChannels = 4, nWarps = 17, forced = 1 }
kirby:1:1 [0] NCCL INFO Best tuning, algorithm, RING, protocol, SIMPLE
kirby:1:1 [0] NCCL INFO Input: { .comm = 0x3c53a470, .tuningMask = 0x1fffff, .func = AllGather, .redOp = 0, .devRedop = 0, .dataType = 0, .nBytes = 5373952, .numPipesOps = 1, .count = 2686976, .countMax = 0, .nWorks = 0, .winRegType = 0, .regBuff = 0 }
kirby:1:1 [0] NCCL INFO Best tuning { .id = 5, .valid = 1, timeUs = 372.266663,  .algo = RING, .proto = SIMPLE, .symKernelId = Unknown, .ceMethodId = 2, nChannels = 4, maxChannels = 4, nWarps = 17, forced = 1 }
kirby:1:1 [0] NCCL INFO Best tuning, algorithm, RING, protocol, SIMPLE
kirby:1:1 [0] NCCL INFO Input: { .comm = 0x369a4f60, .tuningMask = 0x1fffff, .func = AllGather, .redOp = 0, .devRedop = 0, .dataType = 0, .nBytes = 100663296, .numPipesOps = 1, .count = 50331648, .countMax = 0, .nWorks = 0, .winRegType = 0, .regBuff = 0 }
kirby:1:1 [0] NCCL INFO Best tuning { .id = 5, .valid = 1, timeUs = 6576.000000,  .algo = RING, .proto = SIMPLE, .symKernelId = Unknown, .ceMethodId = 2, nChannels = 4, maxChannels = 4, nWarps = 17, forced = 1 }
kirby:1:1 [0] NCCL INFO Best tuning, algorithm, RING, protocol, SIMPLE
kirby:1:1 [0] NCCL INFO Input: { .comm = 0x3c53a470, .tuningMask = 0x1fffff, .func = AllGather, .redOp = 0, .devRedop = 0, .dataType = 0, .nBytes = 5373952, .numPipesOps = 1, .count = 2686976, .countMax = 0, .nWorks = 0, .winRegType = 0, .regBuff = 0 }
kirby:1:1 [0] NCCL INFO Best tuning { .id = 5, .valid = 1, timeUs = 372.266663,  .algo = RING, .proto = SIMPLE, .symKernelId = Unknown, .ceMethodId = 2, nChannels = 4, maxChannels = 4, nWarps = 17, forced = 1 }
kirby:1:1 [0] NCCL INFO Best tuning, algorithm, RING, protocol, SIMPLE
kirby:1:1 [0] NCCL INFO Input: { .comm = 0x369a4f60, .tuningMask = 0x1fffff, .func = AllGather, .redOp = 0, .devRedop = 0, .dataType = 0, .nBytes = 100663296, .numPipesOps = 1, .count = 50331648, .countMax = 0, .nWorks = 0, .winRegType = 0, .regBuff = 0 }
kirby:1:1 [0] NCCL INFO Best tuning { .id = 5, .valid = 1, timeUs = 6576.000000,  .algo = RING, .proto = SIMPLE, .symKernelId = Unknown, .ceMethodId = 2, nChannels = 4, maxChannels = 4, nWarps = 17, forced = 1 }
kirby:1:1 [0] NCCL INFO Best tuning, algorithm, RING, protocol, SIMPLE
kirby:1:1 [0] NCCL INFO Input: { .comm = 0x3c53a470, .tuningMask = 0x1fffff, .func = AllGather, .redOp = 0, .devRedop = 0, .dataType = 0, .nBytes = 5373952, .numPipesOps = 1, .count = 2686976, .countMax = 0, .nWorks = 0, .winRegType = 0, .regBuff = 0 }
kirby:1:1 [0] NCCL INFO Best tuning { .id = 5, .valid = 1, timeUs = 372.266663,  .algo = RING, .proto = SIMPLE, .symKernelId = Unknown, .ceMethodId = 2, nChannels = 4, maxChannels = 4, nWarps = 17, forced = 1 }
kirby:1:1 [0] NCCL INFO Best tuning, algorithm, RING, protocol, SIMPLE
kirby:1:1 [0] NCCL INFO Input: { .comm = 0x369a4f60, .tuningMask = 0x1fffff, .func = AllGather, .redOp = 0, .devRedop = 0, .dataType = 0, .nBytes = 100663296, .numPipesOps = 1, .count = 50331648, .countMax = 0, .nWorks = 0, .winRegType = 0, .regBuff = 0 }
kirby:1:1 [0] NCCL INFO Best tuning { .id = 5, .valid = 1, timeUs = 6576.000000,  .algo = RING, .proto = SIMPLE, .symKernelId = Unknown, .ceMethodId = 2, nChannels = 4, maxChannels = 4, nWarps = 17, forced = 1 }
kirby:1:1 [0] NCCL INFO Best tuning, algorithm, RING, protocol, SIMPLE
kirby:1:1 [0] NCCL INFO Input: { .comm = 0x3c53a470, .tuningMask = 0x1fffff, .func = AllGather, .redOp = 0, .devRedop = 0, .dataType = 0, .nBytes = 5373952, .numPipesOps = 1, .count = 2686976, .countMax = 0, .nWorks = 0, .winRegType = 0, .regBuff = 0 }
kirby:1:1 [0] NCCL INFO Best tuning { .id = 5, .valid = 1, timeUs = 372.266663,  .algo = RING, .proto = SIMPLE, .symKernelId = Unknown, .ceMethodId = 2, nChannels = 4, maxChannels = 4, nWarps = 17, forced = 1 }
kirby:1:1 [0] NCCL INFO Best tuning, algorithm, RING, protocol, SIMPLE
kirby:1:1 [0] NCCL INFO Input: { .comm = 0x369a4f60, .tuningMask = 0x1fffff, .func = AllGather, .redOp = 0, .devRedop = 0, .dataType = 0, .nBytes = 100663296, .numPipesOps = 1, .count = 50331648, .countMax = 0, .nWorks = 0, .winRegType = 0, .regBuff = 0 }
kirby:1:1 [0] NCCL INFO Best tuning { .id = 5, .valid = 1, timeUs = 6576.000000,  .algo = RING, .proto = SIMPLE, .symKernelId = Unknown, .ceMethodId = 2, nChannels = 4, maxChannels = 4, nWarps = 17, forced = 1 }
kirby:1:1 [0] NCCL INFO Best tuning, algorithm, RING, protocol, SIMPLE
kirby:1:1 [0] NCCL INFO Input: { .comm = 0x3c53a470, .tuningMask = 0x1fffff, .func = AllGather, .redOp = 0, .devRedop = 0, .dataType = 0, .nBytes = 5373952, .numPipesOps = 1, .count = 2686976, .countMax = 0, .nWorks = 0, .winRegType = 0, .regBuff = 0 }
kirby:1:1 [0] NCCL INFO Best tuning { .id = 5, .valid = 1, timeUs = 372.266663,  .algo = RING, .proto = SIMPLE, .symKernelId = Unknown, .ceMethodId = 2, nChannels = 4, maxChannels = 4, nWarps = 17, forced = 1 }
kirby:1:1 [0] NCCL INFO Best tuning, algorithm, RING, protocol, SIMPLE
kirby:1:1 [0] NCCL INFO Input: { .comm = 0x369a4f60, .tuningMask = 0x1fffff, .func = AllGather, .redOp = 0, .devRedop = 0, .dataType = 0, .nBytes = 100663296, .numPipesOps = 1, .count = 50331648, .countMax = 0, .nWorks = 0, .winRegType = 0, .regBuff = 0 }
kirby:1:1 [0] NCCL INFO Best tuning { .id = 5, .valid = 1, timeUs = 6576.000000,  .algo = RING, .proto = SIMPLE, .symKernelId = Unknown, .ceMethodId = 2, nChannels = 4, maxChannels = 4, nWarps = 17, forced = 1 }
kirby:1:1 [0] NCCL INFO Best tuning, algorithm, RING, protocol, SIMPLE
kirby:1:1 [0] NCCL INFO Input: { .comm = 0x3c53a470, .tuningMask = 0x1fffff, .func = AllGather, .redOp = 0, .devRedop = 0, .dataType = 0, .nBytes = 5373952, .numPipesOps = 1, .count = 2686976, .countMax = 0, .nWorks = 0, .winRegType = 0, .regBuff = 0 }
kirby:1:1 [0] NCCL INFO Best tuning { .id = 5, .valid = 1, timeUs = 372.266663,  .algo = RING, .proto = SIMPLE, .symKernelId = Unknown, .ceMethodId = 2, nChannels = 4, maxChannels = 4, nWarps = 17, forced = 1 }
kirby:1:1 [0] NCCL INFO Best tuning, algorithm, RING, protocol, SIMPLE
kirby:1:1 [0] NCCL INFO Input: { .comm = 0x369a4f60, .tuningMask = 0x1fffff, .func = AllGather, .redOp = 0, .devRedop = 0, .dataType = 0, .nBytes = 100663296, .numPipesOps = 1, .count = 50331648, .countMax = 0, .nWorks = 0, .winRegType = 0, .regBuff = 0 }
kirby:1:1 [0] NCCL INFO Best tuning { .id = 5, .valid = 1, timeUs = 6576.000000,  .algo = RING, .proto = SIMPLE, .symKernelId = Unknown, .ceMethodId = 2, nChannels = 4, maxChannels = 4, nWarps = 17, forced = 1 }
kirby:1:1 [0] NCCL INFO Best tuning, algorithm, RING, protocol, SIMPLE
kirby:1:1 [0] NCCL INFO Input: { .comm = 0x3c53a470, .tuningMask = 0x1fffff, .func = AllGather, .redOp = 0, .devRedop = 0, .dataType = 0, .nBytes = 5373952, .numPipesOps = 1, .count = 2686976, .countMax = 0, .nWorks = 0, .winRegType = 0, .regBuff = 0 }
kirby:1:1 [0] NCCL INFO Best tuning { .id = 5, .valid = 1, timeUs = 372.266663,  .algo = RING, .proto = SIMPLE, .symKernelId = Unknown, .ceMethodId = 2, nChannels = 4, maxChannels = 4, nWarps = 17, forced = 1 }
kirby:1:1 [0] NCCL INFO Best tuning, algorithm, RING, protocol, SIMPLE
kirby:1:1 [0] NCCL INFO Input: { .comm = 0x369a4f60, .tuningMask = 0x1fffff, .func = AllGather, .redOp = 0, .devRedop = 0, .dataType = 0, .nBytes = 100663296, .numPipesOps = 1, .count = 50331648, .countMax = 0, .nWorks = 0, .winRegType = 0, .regBuff = 0 }
kirby:1:1 [0] NCCL INFO Best tuning { .id = 5, .valid = 1, timeUs = 6576.000000,  .algo = RING, .proto = SIMPLE, .symKernelId = Unknown, .ceMethodId = 2, nChannels = 4, maxChannels = 4, nWarps = 17, forced = 1 }
kirby:1:1 [0] NCCL INFO Best tuning, algorithm, RING, protocol, SIMPLE
kirby:1:1 [0] NCCL INFO Input: { .comm = 0x3c53a470, .tuningMask = 0x1fffff, .func = AllGather, .redOp = 0, .devRedop = 0, .dataType = 0, .nBytes = 5373952, .numPipesOps = 1, .count = 2686976, .countMax = 0, .nWorks = 0, .winRegType = 0, .regBuff = 0 }
kirby:1:1 [0] NCCL INFO Best tuning { .id = 5, .valid = 1, timeUs = 372.266663,  .algo = RING, .proto = SIMPLE, .symKernelId = Unknown, .ceMethodId = 2, nChannels = 4, maxChannels = 4, nWarps = 17, forced = 1 }
kirby:1:1 [0] NCCL INFO Best tuning, algorithm, RING, protocol, SIMPLE
kirby:1:1 [0] NCCL INFO Input: { .comm = 0x369a4f60, .tuningMask = 0x1fffff, .func = AllGather, .redOp = 0, .devRedop = 0, .dataType = 0, .nBytes = 100663296, .numPipesOps = 1, .count = 50331648, .countMax = 0, .nWorks = 0, .winRegType = 0, .regBuff = 0 }
kirby:1:1 [0] NCCL INFO Best tuning { .id = 5, .valid = 1, timeUs = 6576.000000,  .algo = RING, .proto = SIMPLE, .symKernelId = Unknown, .ceMethodId = 2, nChannels = 4, maxChannels = 4, nWarps = 17, forced = 1 }
kirby:1:1 [0] NCCL INFO Best tuning, algorithm, RING, protocol, SIMPLE
kirby:1:1 [0] NCCL INFO Input: { .comm = 0x3c53a470, .tuningMask = 0x1fffff, .func = AllGather, .redOp = 0, .devRedop = 0, .dataType = 0, .nBytes = 5373952, .numPipesOps = 1, .count = 2686976, .countMax = 0, .nWorks = 0, .winRegType = 0, .regBuff = 0 }
kirby:1:1 [0] NCCL INFO Best tuning { .id = 5, .valid = 1, timeUs = 372.266663,  .algo = RING, .proto = SIMPLE, .symKernelId = Unknown, .ceMethodId = 2, nChannels = 4, maxChannels = 4, nWarps = 17, forced = 1 }
kirby:1:1 [0] NCCL INFO Best tuning, algorithm, RING, protocol, SIMPLE
kirby:1:1 [0] NCCL INFO Input: { .comm = 0x369a4f60, .tuningMask = 0x1fffff, .func = AllGather, .redOp = 0, .devRedop = 0, .dataType = 0, .nBytes = 100663296, .numPipesOps = 1, .count = 50331648, .countMax = 0, .nWorks = 0, .winRegType = 0, .regBuff = 0 }
kirby:1:1 [0] NCCL INFO Best tuning { .id = 5, .valid = 1, timeUs = 6576.000000,  .algo = RING, .proto = SIMPLE, .symKernelId = Unknown, .ceMethodId = 2, nChannels = 4, maxChannels = 4, nWarps = 17, forced = 1 }
kirby:1:1 [0] NCCL INFO Best tuning, algorithm, RING, protocol, SIMPLE
kirby:1:1 [0] NCCL INFO Input: { .comm = 0x3c53a470, .tuningMask = 0x1fffff, .func = AllGather, .redOp = 0, .devRedop = 0, .dataType = 0, .nBytes = 5373952, .numPipesOps = 1, .count = 2686976, .countMax = 0, .nWorks = 0, .winRegType = 0, .regBuff = 0 }
kirby:1:1 [0] NCCL INFO Best tuning { .id = 5, .valid = 1, timeUs = 372.266663,  .algo = RING, .proto = SIMPLE, .symKernelId = Unknown, .ceMethodId = 2, nChannels = 4, maxChannels = 4, nWarps = 17, forced = 1 }
kirby:1:1 [0] NCCL INFO Best tuning, algorithm, RING, protocol, SIMPLE
kirby:1:1 [0] NCCL INFO Input: { .comm = 0x369a4f60, .tuningMask = 0x1fffff, .func = AllGather, .redOp = 0, .devRedop = 0, .dataType = 0, .nBytes = 100663296, .numPipesOps = 1, .count = 50331648, .countMax = 0, .nWorks = 0, .winRegType = 0, .regBuff = 0 }
kirby:1:1 [0] NCCL INFO Best tuning { .id = 5, .valid = 1, timeUs = 6576.000000,  .algo = RING, .proto = SIMPLE, .symKernelId = Unknown, .ceMethodId = 2, nChannels = 4, maxChannels = 4, nWarps = 17, forced = 1 }
kirby:1:1 [0] NCCL INFO Best tuning, algorithm, RING, protocol, SIMPLE
kirby:1:1 [0] NCCL INFO Input: { .comm = 0x3c53a470, .tuningMask = 0x1fffff, .func = AllGather, .redOp = 0, .devRedop = 0, .dataType = 0, .nBytes = 5373952, .numPipesOps = 1, .count = 2686976, .countMax = 0, .nWorks = 0, .winRegType = 0, .regBuff = 0 }
kirby:1:1 [0] NCCL INFO Best tuning { .id = 5, .valid = 1, timeUs = 372.266663,  .algo = RING, .proto = SIMPLE, .symKernelId = Unknown, .ceMethodId = 2, nChannels = 4, maxChannels = 4, nWarps = 17, forced = 1 }
kirby:1:1 [0] NCCL INFO Best tuning, algorithm, RING, protocol, SIMPLE
kirby:1:1 [0] NCCL INFO Input: { .comm = 0x369a4f60, .tuningMask = 0x1fffff, .func = AllGather, .redOp = 0, .devRedop = 0, .dataType = 0, .nBytes = 100663296, .numPipesOps = 1, .count = 50331648, .countMax = 0, .nWorks = 0, .winRegType = 0, .regBuff = 0 }
kirby:1:1 [0] NCCL INFO Best tuning { .id = 5, .valid = 1, timeUs = 6576.000000,  .algo = RING, .proto = SIMPLE, .symKernelId = Unknown, .ceMethodId = 2, nChannels = 4, maxChannels = 4, nWarps = 17, forced = 1 }
kirby:1:1 [0] NCCL INFO Best tuning, algorithm, RING, protocol, SIMPLE
kirby:1:1 [0] NCCL INFO Input: { .comm = 0x3c53a470, .tuningMask = 0x1fffff, .func = AllGather, .redOp = 0, .devRedop = 0, .dataType = 0, .nBytes = 5373952, .numPipesOps = 1, .count = 2686976, .countMax = 0, .nWorks = 0, .winRegType = 0, .regBuff = 0 }
kirby:1:1 [0] NCCL INFO Best tuning { .id = 5, .valid = 1, timeUs = 372.266663,  .algo = RING, .proto = SIMPLE, .symKernelId = Unknown, .ceMethodId = 2, nChannels = 4, maxChannels = 4, nWarps = 17, forced = 1 }
kirby:1:1 [0] NCCL INFO Best tuning, algorithm, RING, protocol, SIMPLE
kirby:1:1 [0] NCCL INFO Input: { .comm = 0x369a4f60, .tuningMask = 0x1fffff, .func = AllGather, .redOp = 0, .devRedop = 0, .dataType = 0, .nBytes = 100663296, .numPipesOps = 1, .count = 50331648, .countMax = 0, .nWorks = 0, .winRegType = 0, .regBuff = 0 }
kirby:1:1 [0] NCCL INFO Best tuning { .id = 5, .valid = 1, timeUs = 6576.000000,  .algo = RING, .proto = SIMPLE, .symKernelId = Unknown, .ceMethodId = 2, nChannels = 4, maxChannels = 4, nWarps = 17, forced = 1 }
kirby:1:1 [0] NCCL INFO Best tuning, algorithm, RING, protocol, SIMPLE
kirby:1:1 [0] NCCL INFO Input: { .comm = 0x3c53a470, .tuningMask = 0x1fffff, .func = AllGather, .redOp = 0, .devRedop = 0, .dataType = 0, .nBytes = 5373952, .numPipesOps = 1, .count = 2686976, .countMax = 0, .nWorks = 0, .winRegType = 0, .regBuff = 0 }
kirby:1:1 [0] NCCL INFO Best tuning { .id = 5, .valid = 1, timeUs = 372.266663,  .algo = RING, .proto = SIMPLE, .symKernelId = Unknown, .ceMethodId = 2, nChannels = 4, maxChannels = 4, nWarps = 17, forced = 1 }
kirby:1:1 [0] NCCL INFO Best tuning, algorithm, RING, protocol, SIMPLE
kirby:1:1 [0] NCCL INFO Input: { .comm = 0x369a4f60, .tuningMask = 0x1fffff, .func = AllGather, .redOp = 0, .devRedop = 0, .dataType = 0, .nBytes = 100663296, .numPipesOps = 1, .count = 50331648, .countMax = 0, .nWorks = 0, .winRegType = 0, .regBuff = 0 }
kirby:1:1 [0] NCCL INFO Best tuning { .id = 5, .valid = 1, timeUs = 6576.000000,  .algo = RING, .proto = SIMPLE, .symKernelId = Unknown, .ceMethodId = 2, nChannels = 4, maxChannels = 4, nWarps = 17, forced = 1 }
kirby:1:1 [0] NCCL INFO Best tuning, algorithm, RING, protocol, SIMPLE
kirby:1:1 [0] NCCL INFO Input: { .comm = 0x3c53a470, .tuningMask = 0x1fffff, .func = AllGather, .redOp = 0, .devRedop = 0, .dataType = 0, .nBytes = 5373952, .numPipesOps = 1, .count = 2686976, .countMax = 0, .nWorks = 0, .winRegType = 0, .regBuff = 0 }
kirby:1:1 [0] NCCL INFO Best tuning { .id = 5, .valid = 1, timeUs = 372.266663,  .algo = RING, .proto = SIMPLE, .symKernelId = Unknown, .ceMethodId = 2, nChannels = 4, maxChannels = 4, nWarps = 17, forced = 1 }
kirby:1:1 [0] NCCL INFO Best tuning, algorithm, RING, protocol, SIMPLE
kirby:1:1 [0] NCCL INFO Input: { .comm = 0x369a4f60, .tuningMask = 0x1fffff, .func = AllGather, .redOp = 0, .devRedop = 0, .dataType = 0, .nBytes = 100663296, .numPipesOps = 1, .count = 50331648, .countMax = 0, .nWorks = 0, .winRegType = 0, .regBuff = 0 }
kirby:1:1 [0] NCCL INFO Best tuning { .id = 5, .valid = 1, timeUs = 6576.000000,  .algo = RING, .proto = SIMPLE, .symKernelId = Unknown, .ceMethodId = 2, nChannels = 4, maxChannels = 4, nWarps = 17, forced = 1 }
kirby:1:1 [0] NCCL INFO Best tuning, algorithm, RING, protocol, SIMPLE
kirby:1:1 [0] NCCL INFO Input: { .comm = 0x3c53a470, .tuningMask = 0x1fffff, .func = AllGather, .redOp = 0, .devRedop = 0, .dataType = 0, .nBytes = 5373952, .numPipesOps = 1, .count = 2686976, .countMax = 0, .nWorks = 0, .winRegType = 0, .regBuff = 0 }
kirby:1:1 [0] NCCL INFO Best tuning { .id = 5, .valid = 1, timeUs = 372.266663,  .algo = RING, .proto = SIMPLE, .symKernelId = Unknown, .ceMethodId = 2, nChannels = 4, maxChannels = 4, nWarps = 17, forced = 1 }
kirby:1:1 [0] NCCL INFO Best tuning, algorithm, RING, protocol, SIMPLE
kirby:1:1 [0] NCCL INFO Input: { .comm = 0x369a4f60, .tuningMask = 0x1fffff, .func = AllGather, .redOp = 0, .devRedop = 0, .dataType = 0, .nBytes = 100663296, .numPipesOps = 1, .count = 50331648, .countMax = 0, .nWorks = 0, .winRegType = 0, .regBuff = 0 }
kirby:1:1 [0] NCCL INFO Best tuning { .id = 5, .valid = 1, timeUs = 6576.000000,  .algo = RING, .proto = SIMPLE, .symKernelId = Unknown, .ceMethodId = 2, nChannels = 4, maxChannels = 4, nWarps = 17, forced = 1 }
kirby:1:1 [0] NCCL INFO Best tuning, algorithm, RING, protocol, SIMPLE
kirby:1:1 [0] NCCL INFO Input: { .comm = 0x3c53a470, .tuningMask = 0x1fffff, .func = AllGather, .redOp = 0, .devRedop = 0, .dataType = 0, .nBytes = 5373952, .numPipesOps = 1, .count = 2686976, .countMax = 0, .nWorks = 0, .winRegType = 0, .regBuff = 0 }
kirby:1:1 [0] NCCL INFO Best tuning { .id = 5, .valid = 1, timeUs = 372.266663,  .algo = RING, .proto = SIMPLE, .symKernelId = Unknown, .ceMethodId = 2, nChannels = 4, maxChannels = 4, nWarps = 17, forced = 1 }
kirby:1:1 [0] NCCL INFO Best tuning, algorithm, RING, protocol, SIMPLE
kirby:1:1 [0] NCCL INFO Input: { .comm = 0x369a4f60, .tuningMask = 0x1fffff, .func = AllGather, .redOp = 0, .devRedop = 0, .dataType = 0, .nBytes = 100663296, .numPipesOps = 1, .count = 50331648, .countMax = 0, .nWorks = 0, .winRegType = 0, .regBuff = 0 }
kirby:1:1 [0] NCCL INFO Best tuning { .id = 5, .valid = 1, timeUs = 6576.000000,  .algo = RING, .proto = SIMPLE, .symKernelId = Unknown, .ceMethodId = 2, nChannels = 4, maxChannels = 4, nWarps = 17, forced = 1 }
kirby:1:1 [0] NCCL INFO Best tuning, algorithm, RING, protocol, SIMPLE
kirby:1:1 [0] NCCL INFO Input: { .comm = 0x3c53a470, .tuningMask = 0x1fffff, .func = AllGather, .redOp = 0, .devRedop = 0, .dataType = 0, .nBytes = 5373952, .numPipesOps = 1, .count = 2686976, .countMax = 0, .nWorks = 0, .winRegType = 0, .regBuff = 0 }
kirby:1:1 [0] NCCL INFO Best tuning { .id = 5, .valid = 1, timeUs = 372.266663,  .algo = RING, .proto = SIMPLE, .symKernelId = Unknown, .ceMethodId = 2, nChannels = 4, maxChannels = 4, nWarps = 17, forced = 1 }
kirby:1:1 [0] NCCL INFO Best tuning, algorithm, RING, protocol, SIMPLE
kirby:1:1 [0] NCCL INFO Input: { .comm = 0x369a4f60, .tuningMask = 0x1fffff, .func = AllGather, .redOp = 0, .devRedop = 0, .dataType = 0, .nBytes = 100663296, .numPipesOps = 1, .count = 50331648, .countMax = 0, .nWorks = 0, .winRegType = 0, .regBuff = 0 }
kirby:1:1 [0] NCCL INFO Best tuning { .id = 5, .valid = 1, timeUs = 6576.000000,  .algo = RING, .proto = SIMPLE, .symKernelId = Unknown, .ceMethodId = 2, nChannels = 4, maxChannels = 4, nWarps = 17, forced = 1 }
kirby:1:1 [0] NCCL INFO Best tuning, algorithm, RING, protocol, SIMPLE
kirby:1:1 [0] NCCL INFO Input: { .comm = 0x3c53a470, .tuningMask = 0x1fffff, .func = AllGather, .redOp = 0, .devRedop = 0, .dataType = 0, .nBytes = 5373952, .numPipesOps = 1, .count = 2686976, .countMax = 0, .nWorks = 0, .winRegType = 0, .regBuff = 0 }
kirby:1:1 [0] NCCL INFO Best tuning { .id = 5, .valid = 1, timeUs = 372.266663,  .algo = RING, .proto = SIMPLE, .symKernelId = Unknown, .ceMethodId = 2, nChannels = 4, maxChannels = 4, nWarps = 17, forced = 1 }
kirby:1:1 [0] NCCL INFO Best tuning, algorithm, RING, protocol, SIMPLE
kirby:1:1 [0] NCCL INFO Input: { .comm = 0x369a4f60, .tuningMask = 0x1fffff, .func = AllGather, .redOp = 0, .devRedop = 0, .dataType = 0, .nBytes = 100663296, .numPipesOps = 1, .count = 50331648, .countMax = 0, .nWorks = 0, .winRegType = 0, .regBuff = 0 }
kirby:1:1 [0] NCCL INFO Best tuning { .id = 5, .valid = 1, timeUs = 6576.000000,  .algo = RING, .proto = SIMPLE, .symKernelId = Unknown, .ceMethodId = 2, nChannels = 4, maxChannels = 4, nWarps = 17, forced = 1 }
kirby:1:1 [0] NCCL INFO Best tuning, algorithm, RING, protocol, SIMPLE
kirby:1:1 [0] NCCL INFO Input: { .comm = 0x3c53a470, .tuningMask = 0x1fffff, .func = AllGather, .redOp = 0, .devRedop = 0, .dataType = 0, .nBytes = 5373952, .numPipesOps = 1, .count = 2686976, .countMax = 0, .nWorks = 0, .winRegType = 0, .regBuff = 0 }
kirby:1:1 [0] NCCL INFO Best tuning { .id = 5, .valid = 1, timeUs = 372.266663,  .algo = RING, .proto = SIMPLE, .symKernelId = Unknown, .ceMethodId = 2, nChannels = 4, maxChannels = 4, nWarps = 17, forced = 1 }
kirby:1:1 [0] NCCL INFO Best tuning, algorithm, RING, protocol, SIMPLE
kirby:1:1 [0] NCCL INFO Input: { .comm = 0x369a4f60, .tuningMask = 0x1fffff, .func = AllGather, .redOp = 0, .devRedop = 0, .dataType = 0, .nBytes = 100663296, .numPipesOps = 1, .count = 50331648, .countMax = 0, .nWorks = 0, .winRegType = 0, .regBuff = 0 }
kirby:1:1 [0] NCCL INFO Best tuning { .id = 5, .valid = 1, timeUs = 6576.000000,  .algo = RING, .proto = SIMPLE, .symKernelId = Unknown, .ceMethodId = 2, nChannels = 4, maxChannels = 4, nWarps = 17, forced = 1 }
kirby:1:1 [0] NCCL INFO Best tuning, algorithm, RING, protocol, SIMPLE
kirby:1:1 [0] NCCL INFO Input: { .comm = 0x3c53a470, .tuningMask = 0x1fffff, .func = AllGather, .redOp = 0, .devRedop = 0, .dataType = 0, .nBytes = 5373952, .numPipesOps = 1, .count = 2686976, .countMax = 0, .nWorks = 0, .winRegType = 0, .regBuff = 0 }
kirby:1:1 [0] NCCL INFO Best tuning { .id = 5, .valid = 1, timeUs = 372.266663,  .algo = RING, .proto = SIMPLE, .symKernelId = Unknown, .ceMethodId = 2, nChannels = 4, maxChannels = 4, nWarps = 17, forced = 1 }
kirby:1:1 [0] NCCL INFO Best tuning, algorithm, RING, protocol, SIMPLE
kirby:1:1 [0] NCCL INFO Input: { .comm = 0x369a4f60, .tuningMask = 0x1fffff, .func = AllGather, .redOp = 0, .devRedop = 0, .dataType = 0, .nBytes = 100663296, .numPipesOps = 1, .count = 50331648, .countMax = 0, .nWorks = 0, .winRegType = 0, .regBuff = 0 }
kirby:1:1 [0] NCCL INFO Best tuning { .id = 5, .valid = 1, timeUs = 6576.000000,  .algo = RING, .proto = SIMPLE, .symKernelId = Unknown, .ceMethodId = 2, nChannels = 4, maxChannels = 4, nWarps = 17, forced = 1 }
kirby:1:1 [0] NCCL INFO Best tuning, algorithm, RING, protocol, SIMPLE
kirby:1:1 [0] NCCL INFO Input: { .comm = 0x3c53a470, .tuningMask = 0x1fffff, .func = AllGather, .redOp = 0, .devRedop = 0, .dataType = 0, .nBytes = 5373952, .numPipesOps = 1, .count = 2686976, .countMax = 0, .nWorks = 0, .winRegType = 0, .regBuff = 0 }
kirby:1:1 [0] NCCL INFO Best tuning { .id = 5, .valid = 1, timeUs = 372.266663,  .algo = RING, .proto = SIMPLE, .symKernelId = Unknown, .ceMethodId = 2, nChannels = 4, maxChannels = 4, nWarps = 17, forced = 1 }
kirby:1:1 [0] NCCL INFO Best tuning, algorithm, RING, protocol, SIMPLE
kirby:1:1 [0] NCCL INFO Input: { .comm = 0x369a4f60, .tuningMask = 0x1fffff, .func = AllGather, .redOp = 0, .devRedop = 0, .dataType = 0, .nBytes = 100663296, .numPipesOps = 1, .count = 50331648, .countMax = 0, .nWorks = 0, .winRegType = 0, .regBuff = 0 }
kirby:1:1 [0] NCCL INFO Best tuning { .id = 5, .valid = 1, timeUs = 6576.000000,  .algo = RING, .proto = SIMPLE, .symKernelId = Unknown, .ceMethodId = 2, nChannels = 4, maxChannels = 4, nWarps = 17, forced = 1 }
kirby:1:1 [0] NCCL INFO Best tuning, algorithm, RING, protocol, SIMPLE
kirby:1:1 [0] NCCL INFO Input: { .comm = 0x3c53a470, .tuningMask = 0x1fffff, .func = AllGather, .redOp = 0, .devRedop = 0, .dataType = 0, .nBytes = 5373952, .numPipesOps = 1, .count = 2686976, .countMax = 0, .nWorks = 0, .winRegType = 0, .regBuff = 0 }
kirby:1:1 [0] NCCL INFO Best tuning { .id = 5, .valid = 1, timeUs = 372.266663,  .algo = RING, .proto = SIMPLE, .symKernelId = Unknown, .ceMethodId = 2, nChannels = 4, maxChannels = 4, nWarps = 17, forced = 1 }
kirby:1:1 [0] NCCL INFO Best tuning, algorithm, RING, protocol, SIMPLE
kirby:1:1 [0] NCCL INFO Input: { .comm = 0x369a4f60, .tuningMask = 0x1fffff, .func = AllGather, .redOp = 0, .devRedop = 0, .dataType = 0, .nBytes = 100663296, .numPipesOps = 1, .count = 50331648, .countMax = 0, .nWorks = 0, .winRegType = 0, .regBuff = 0 }
kirby:1:1 [0] NCCL INFO Best tuning { .id = 5, .valid = 1, timeUs = 6576.000000,  .algo = RING, .proto = SIMPLE, .symKernelId = Unknown, .ceMethodId = 2, nChannels = 4, maxChannels = 4, nWarps = 17, forced = 1 }
kirby:1:1 [0] NCCL INFO Best tuning, algorithm, RING, protocol, SIMPLE
kirby:1:1 [0] NCCL INFO Input: { .comm = 0x3c53a470, .tuningMask = 0x1fffff, .func = AllGather, .redOp = 0, .devRedop = 0, .dataType = 0, .nBytes = 5373952, .numPipesOps = 1, .count = 2686976, .countMax = 0, .nWorks = 0, .winRegType = 0, .regBuff = 0 }
kirby:1:1 [0] NCCL INFO Best tuning { .id = 5, .valid = 1, timeUs = 372.266663,  .algo = RING, .proto = SIMPLE, .symKernelId = Unknown, .ceMethodId = 2, nChannels = 4, maxChannels = 4, nWarps = 17, forced = 1 }
kirby:1:1 [0] NCCL INFO Best tuning, algorithm, RING, protocol, SIMPLE
kirby:1:1 [0] NCCL INFO Input: { .comm = 0x369a4f60, .tuningMask = 0x1fffff, .func = AllGather, .redOp = 0, .devRedop = 0, .dataType = 0, .nBytes = 100663296, .numPipesOps = 1, .count = 50331648, .countMax = 0, .nWorks = 0, .winRegType = 0, .regBuff = 0 }
kirby:1:1 [0] NCCL INFO Best tuning { .id = 5, .valid = 1, timeUs = 6576.000000,  .algo = RING, .proto = SIMPLE, .symKernelId = Unknown, .ceMethodId = 2, nChannels = 4, maxChannels = 4, nWarps = 17, forced = 1 }
kirby:1:1 [0] NCCL INFO Best tuning, algorithm, RING, protocol, SIMPLE
kirby:1:1 [0] NCCL INFO Input: { .comm = 0x3c53a470, .tuningMask = 0x1fffff, .func = AllGather, .redOp = 0, .devRedop = 0, .dataType = 0, .nBytes = 5373952, .numPipesOps = 1, .count = 2686976, .countMax = 0, .nWorks = 0, .winRegType = 0, .regBuff = 0 }
kirby:1:1 [0] NCCL INFO Best tuning { .id = 5, .valid = 1, timeUs = 372.266663,  .algo = RING, .proto = SIMPLE, .symKernelId = Unknown, .ceMethodId = 2, nChannels = 4, maxChannels = 4, nWarps = 17, forced = 1 }
kirby:1:1 [0] NCCL INFO Best tuning, algorithm, RING, protocol, SIMPLE
kirby:1:1 [0] NCCL INFO Input: { .comm = 0x369a4f60, .tuningMask = 0x1fffff, .func = AllGather, .redOp = 0, .devRedop = 0, .dataType = 0, .nBytes = 100663296, .numPipesOps = 1, .count = 50331648, .countMax = 0, .nWorks = 0, .winRegType = 0, .regBuff = 0 }
kirby:1:1 [0] NCCL INFO Best tuning { .id = 5, .valid = 1, timeUs = 6576.000000,  .algo = RING, .proto = SIMPLE, .symKernelId = Unknown, .ceMethodId = 2, nChannels = 4, maxChannels = 4, nWarps = 17, forced = 1 }
kirby:1:1 [0] NCCL INFO Best tuning, algorithm, RING, protocol, SIMPLE
kirby:1:1 [0] NCCL INFO Input: { .comm = 0x3c53a470, .tuningMask = 0x1fffff, .func = AllGather, .redOp = 0, .devRedop = 0, .dataType = 0, .nBytes = 5373952, .numPipesOps = 1, .count = 2686976, .countMax = 0, .nWorks = 0, .winRegType = 0, .regBuff = 0 }
kirby:1:1 [0] NCCL INFO Best tuning { .id = 5, .valid = 1, timeUs = 372.266663,  .algo = RING, .proto = SIMPLE, .symKernelId = Unknown, .ceMethodId = 2, nChannels = 4, maxChannels = 4, nWarps = 17, forced = 1 }
kirby:1:1 [0] NCCL INFO Best tuning, algorithm, RING, protocol, SIMPLE
kirby:1:1 [0] NCCL INFO Input: { .comm = 0x369a4f60, .tuningMask = 0x1fffff, .func = AllGather, .redOp = 0, .devRedop = 0, .dataType = 0, .nBytes = 100663296, .numPipesOps = 1, .count = 50331648, .countMax = 0, .nWorks = 0, .winRegType = 0, .regBuff = 0 }
kirby:1:1 [0] NCCL INFO Best tuning { .id = 5, .valid = 1, timeUs = 6576.000000,  .algo = RING, .proto = SIMPLE, .symKernelId = Unknown, .ceMethodId = 2, nChannels = 4, maxChannels = 4, nWarps = 17, forced = 1 }
kirby:1:1 [0] NCCL INFO Best tuning, algorithm, RING, protocol, SIMPLE
kirby:1:1 [0] NCCL INFO Input: { .comm = 0x3c53a470, .tuningMask = 0x1fffff, .func = AllGather, .redOp = 0, .devRedop = 0, .dataType = 0, .nBytes = 5373952, .numPipesOps = 1, .count = 2686976, .countMax = 0, .nWorks = 0, .winRegType = 0, .regBuff = 0 }
kirby:1:1 [0] NCCL INFO Best tuning { .id = 5, .valid = 1, timeUs = 372.266663,  .algo = RING, .proto = SIMPLE, .symKernelId = Unknown, .ceMethodId = 2, nChannels = 4, maxChannels = 4, nWarps = 17, forced = 1 }
kirby:1:1 [0] NCCL INFO Best tuning, algorithm, RING, protocol, SIMPLE
kirby:1:1 [0] NCCL INFO Input: { .comm = 0x369a4f60, .tuningMask = 0x1fffff, .func = AllGather, .redOp = 0, .devRedop = 0, .dataType = 0, .nBytes = 100663296, .numPipesOps = 1, .count = 50331648, .countMax = 0, .nWorks = 0, .winRegType = 0, .regBuff = 0 }
kirby:1:1 [0] NCCL INFO Best tuning { .id = 5, .valid = 1, timeUs = 6576.000000,  .algo = RING, .proto = SIMPLE, .symKernelId = Unknown, .ceMethodId = 2, nChannels = 4, maxChannels = 4, nWarps = 17, forced = 1 }
kirby:1:1 [0] NCCL INFO Best tuning, algorithm, RING, protocol, SIMPLE
kirby:1:1 [0] NCCL INFO Input: { .comm = 0x3c53a470, .tuningMask = 0x1fffff, .func = AllGather, .redOp = 0, .devRedop = 0, .dataType = 0, .nBytes = 5373952, .numPipesOps = 1, .count = 2686976, .countMax = 0, .nWorks = 0, .winRegType = 0, .regBuff = 0 }
kirby:1:1 [0] NCCL INFO Best tuning { .id = 5, .valid = 1, timeUs = 372.266663,  .algo = RING, .proto = SIMPLE, .symKernelId = Unknown, .ceMethodId = 2, nChannels = 4, maxChannels = 4, nWarps = 17, forced = 1 }
kirby:1:1 [0] NCCL INFO Best tuning, algorithm, RING, protocol, SIMPLE
kirby:1:1 [0] NCCL INFO Input: { .comm = 0x369a4f60, .tuningMask = 0x1fffff, .func = AllGather, .redOp = 0, .devRedop = 0, .dataType = 0, .nBytes = 100663296, .numPipesOps = 1, .count = 50331648, .countMax = 0, .nWorks = 0, .winRegType = 0, .regBuff = 0 }
kirby:1:1 [0] NCCL INFO Best tuning { .id = 5, .valid = 1, timeUs = 6576.000000,  .algo = RING, .proto = SIMPLE, .symKernelId = Unknown, .ceMethodId = 2, nChannels = 4, maxChannels = 4, nWarps = 17, forced = 1 }
kirby:1:1 [0] NCCL INFO Best tuning, algorithm, RING, protocol, SIMPLE
kirby:1:1 [0] NCCL INFO Input: { .comm = 0x3c53a470, .tuningMask = 0x1fffff, .func = AllGather, .redOp = 0, .devRedop = 0, .dataType = 0, .nBytes = 5373952, .numPipesOps = 1, .count = 2686976, .countMax = 0, .nWorks = 0, .winRegType = 0, .regBuff = 0 }
kirby:1:1 [0] NCCL INFO Best tuning { .id = 5, .valid = 1, timeUs = 372.266663,  .algo = RING, .proto = SIMPLE, .symKernelId = Unknown, .ceMethodId = 2, nChannels = 4, maxChannels = 4, nWarps = 17, forced = 1 }
kirby:1:1 [0] NCCL INFO Best tuning, algorithm, RING, protocol, SIMPLE
kirby:1:1 [0] NCCL INFO Input: { .comm = 0x369a4f60, .tuningMask = 0x1fffff, .func = AllGather, .redOp = 0, .devRedop = 0, .dataType = 0, .nBytes = 100663296, .numPipesOps = 1, .count = 50331648, .countMax = 0, .nWorks = 0, .winRegType = 0, .regBuff = 0 }
kirby:1:1 [0] NCCL INFO Best tuning { .id = 5, .valid = 1, timeUs = 6576.000000,  .algo = RING, .proto = SIMPLE, .symKernelId = Unknown, .ceMethodId = 2, nChannels = 4, maxChannels = 4, nWarps = 17, forced = 1 }
kirby:1:1 [0] NCCL INFO Best tuning, algorithm, RING, protocol, SIMPLE
kirby:1:1 [0] NCCL INFO Input: { .comm = 0x3c53a470, .tuningMask = 0x1fffff, .func = AllGather, .redOp = 0, .devRedop = 0, .dataType = 0, .nBytes = 21495808, .numPipesOps = 1, .count = 10747904, .countMax = 0, .nWorks = 0, .winRegType = 0, .regBuff = 0 }
kirby:1:1 [0] NCCL INFO Best tuning { .id = 5, .valid = 1, timeUs = 1421.866699,  .algo = RING, .proto = SIMPLE, .symKernelId = Unknown, .ceMethodId = 2, nChannels = 4, maxChannels = 4, nWarps = 17, forced = 1 }
kirby:1:1 [0] NCCL INFO Best tuning, algorithm, RING, protocol, SIMPLE
kirby:1:1 [0] NCCL INFO Input: { .comm = 0x369a4f60, .tuningMask = 0x1fffff, .func = AllGather, .redOp = 0, .devRedop = 0, .dataType = 0, .nBytes = 100663296, .numPipesOps = 1, .count = 50331648, .countMax = 0, .nWorks = 0, .winRegType = 0, .regBuff = 0 }
kirby:1:1 [0] NCCL INFO Best tuning { .id = 5, .valid = 1, timeUs = 6576.000000,  .algo = RING, .proto = SIMPLE, .symKernelId = Unknown, .ceMethodId = 2, nChannels = 4, maxChannels = 4, nWarps = 17, forced = 1 }
kirby:1:1 [0] NCCL INFO Best tuning, algorithm, RING, protocol, SIMPLE
kirby:1:1 [0] NCCL INFO Input: { .comm = 0x3c53a470, .tuningMask = 0x1fffff, .func = AllGather, .redOp = 0, .devRedop = 0, .dataType = 0, .nBytes = 21495808, .numPipesOps = 1, .count = 10747904, .countMax = 0, .nWorks = 0, .winRegType = 0, .regBuff = 0 }
kirby:1:1 [0] NCCL INFO Best tuning { .id = 5, .valid = 1, timeUs = 1421.866699,  .algo = RING, .proto = SIMPLE, .symKernelId = Unknown, .ceMethodId = 2, nChannels = 4, maxChannels = 4, nWarps = 17, forced = 1 }
kirby:1:1 [0] NCCL INFO Best tuning, algorithm, RING, protocol, SIMPLE
kirby:1:1 [0] NCCL INFO Input: { .comm = 0x369a4f60, .tuningMask = 0x1fffff, .func = AllGather, .redOp = 0, .devRedop = 0, .dataType = 0, .nBytes = 100663296, .numPipesOps = 1, .count = 50331648, .countMax = 0, .nWorks = 0, .winRegType = 0, .regBuff = 0 }
kirby:1:1 [0] NCCL INFO Best tuning { .id = 5, .valid = 1, timeUs = 6576.000000,  .algo = RING, .proto = SIMPLE, .symKernelId = Unknown, .ceMethodId = 2, nChannels = 4, maxChannels = 4, nWarps = 17, forced = 1 }
kirby:1:1 [0] NCCL INFO Best tuning, algorithm, RING, protocol, SIMPLE
kirby:1:1 [0] NCCL INFO Input: { .comm = 0x3c53a470, .tuningMask = 0x1fffff, .func = AllGather, .redOp = 0, .devRedop = 0, .dataType = 0, .nBytes = 21495808, .numPipesOps = 1, .count = 10747904, .countMax = 0, .nWorks = 0, .winRegType = 0, .regBuff = 0 }
kirby:1:1 [0] NCCL INFO Best tuning { .id = 5, .valid = 1, timeUs = 1421.866699,  .algo = RING, .proto = SIMPLE, .symKernelId = Unknown, .ceMethodId = 2, nChannels = 4, maxChannels = 4, nWarps = 17, forced = 1 }
kirby:1:1 [0] NCCL INFO Best tuning, algorithm, RING, protocol, SIMPLE
kirby:1:1 [0] NCCL INFO Input: { .comm = 0x369a4f60, .tuningMask = 0x1fffff, .func = AllGather, .redOp = 0, .devRedop = 0, .dataType = 0, .nBytes = 100663296, .numPipesOps = 1, .count = 50331648, .countMax = 0, .nWorks = 0, .winRegType = 0, .regBuff = 0 }
kirby:1:1 [0] NCCL INFO Best tuning { .id = 5, .valid = 1, timeUs = 6576.000000,  .algo = RING, .proto = SIMPLE, .symKernelId = Unknown, .ceMethodId = 2, nChannels = 4, maxChannels = 4, nWarps = 17, forced = 1 }
kirby:1:1 [0] NCCL INFO Best tuning, algorithm, RING, protocol, SIMPLE
kirby:1:1 [0] NCCL INFO Input: { .comm = 0x3c53a470, .tuningMask = 0x1fffff, .func = AllGather, .redOp = 0, .devRedop = 0, .dataType = 0, .nBytes = 21495808, .numPipesOps = 1, .count = 10747904, .countMax = 0, .nWorks = 0, .winRegType = 0, .regBuff = 0 }
kirby:1:1 [0] NCCL INFO Best tuning { .id = 5, .valid = 1, timeUs = 1421.866699,  .algo = RING, .proto = SIMPLE, .symKernelId = Unknown, .ceMethodId = 2, nChannels = 4, maxChannels = 4, nWarps = 17, forced = 1 }
kirby:1:1 [0] NCCL INFO Best tuning, algorithm, RING, protocol, SIMPLE
kirby:1:1 [0] NCCL INFO Input: { .comm = 0x369a4f60, .tuningMask = 0x1fffff, .func = AllGather, .redOp = 0, .devRedop = 0, .dataType = 0, .nBytes = 100663296, .numPipesOps = 1, .count = 50331648, .countMax = 0, .nWorks = 0, .winRegType = 0, .regBuff = 0 }
kirby:1:1 [0] NCCL INFO Best tuning { .id = 5, .valid = 1, timeUs = 6576.000000,  .algo = RING, .proto = SIMPLE, .symKernelId = Unknown, .ceMethodId = 2, nChannels = 4, maxChannels = 4, nWarps = 17, forced = 1 }
kirby:1:1 [0] NCCL INFO Best tuning, algorithm, RING, protocol, SIMPLE
kirby:1:1 [0] NCCL INFO Input: { .comm = 0x3c53a470, .tuningMask = 0x1fffff, .func = AllGather, .redOp = 0, .devRedop = 0, .dataType = 0, .nBytes = 21495808, .numPipesOps = 1, .count = 10747904, .countMax = 0, .nWorks = 0, .winRegType = 0, .regBuff = 0 }
kirby:1:1 [0] NCCL INFO Best tuning { .id = 5, .valid = 1, timeUs = 1421.866699,  .algo = RING, .proto = SIMPLE, .symKernelId = Unknown, .ceMethodId = 2, nChannels = 4, maxChannels = 4, nWarps = 17, forced = 1 }
kirby:1:1 [0] NCCL INFO Best tuning, algorithm, RING, protocol, SIMPLE
kirby:1:1 [0] NCCL INFO Input: { .comm = 0x369a4f60, .tuningMask = 0x1fffff, .func = AllGather, .redOp = 0, .devRedop = 0, .dataType = 0, .nBytes = 100663296, .numPipesOps = 1, .count = 50331648, .countMax = 0, .nWorks = 0, .winRegType = 0, .regBuff = 0 }
kirby:1:1 [0] NCCL INFO Best tuning { .id = 5, .valid = 1, timeUs = 6576.000000,  .algo = RING, .proto = SIMPLE, .symKernelId = Unknown, .ceMethodId = 2, nChannels = 4, maxChannels = 4, nWarps = 17, forced = 1 }
kirby:1:1 [0] NCCL INFO Best tuning, algorithm, RING, protocol, SIMPLE
kirby:1:1 [0] NCCL INFO Input: { .comm = 0x3c53a470, .tuningMask = 0x1fffff, .func = AllGather, .redOp = 0, .devRedop = 0, .dataType = 0, .nBytes = 21495808, .numPipesOps = 1, .count = 10747904, .countMax = 0, .nWorks = 0, .winRegType = 0, .regBuff = 0 }
kirby:1:1 [0] NCCL INFO Best tuning { .id = 5, .valid = 1, timeUs = 1421.866699,  .algo = RING, .proto = SIMPLE, .symKernelId = Unknown, .ceMethodId = 2, nChannels = 4, maxChannels = 4, nWarps = 17, forced = 1 }
kirby:1:1 [0] NCCL INFO Best tuning, algorithm, RING, protocol, SIMPLE
kirby:1:1 [0] NCCL INFO Input: { .comm = 0x369a4f60, .tuningMask = 0x1fffff, .func = AllGather, .redOp = 0, .devRedop = 0, .dataType = 0, .nBytes = 100663296, .numPipesOps = 1, .count = 50331648, .countMax = 0, .nWorks = 0, .winRegType = 0, .regBuff = 0 }
kirby:1:1 [0] NCCL INFO Best tuning { .id = 5, .valid = 1, timeUs = 6576.000000,  .algo = RING, .proto = SIMPLE, .symKernelId = Unknown, .ceMethodId = 2, nChannels = 4, maxChannels = 4, nWarps = 17, forced = 1 }
kirby:1:1 [0] NCCL INFO Best tuning, algorithm, RING, protocol, SIMPLE
kirby:1:1 [0] NCCL INFO Input: { .comm = 0x3c53a470, .tuningMask = 0x1fffff, .func = AllGather, .redOp = 0, .devRedop = 0, .dataType = 0, .nBytes = 21495808, .numPipesOps = 1, .count = 10747904, .countMax = 0, .nWorks = 0, .winRegType = 0, .regBuff = 0 }
kirby:1:1 [0] NCCL INFO Best tuning { .id = 5, .valid = 1, timeUs = 1421.866699,  .algo = RING, .proto = SIMPLE, .symKernelId = Unknown, .ceMethodId = 2, nChannels = 4, maxChannels = 4, nWarps = 17, forced = 1 }
kirby:1:1 [0] NCCL INFO Best tuning, algorithm, RING, protocol, SIMPLE
kirby:1:1 [0] NCCL INFO Input: { .comm = 0x369a4f60, .tuningMask = 0x1fffff, .func = AllGather, .redOp = 0, .devRedop = 0, .dataType = 0, .nBytes = 100663296, .numPipesOps = 1, .count = 50331648, .countMax = 0, .nWorks = 0, .winRegType = 0, .regBuff = 0 }
kirby:1:1 [0] NCCL INFO Best tuning { .id = 5, .valid = 1, timeUs = 6576.000000,  .algo = RING, .proto = SIMPLE, .symKernelId = Unknown, .ceMethodId = 2, nChannels = 4, maxChannels = 4, nWarps = 17, forced = 1 }
kirby:1:1 [0] NCCL INFO Best tuning, algorithm, RING, protocol, SIMPLE
kirby:1:1 [0] NCCL INFO Input: { .comm = 0x3c53a470, .tuningMask = 0x1fffff, .func = AllGather, .redOp = 0, .devRedop = 0, .dataType = 0, .nBytes = 21495808, .numPipesOps = 1, .count = 10747904, .countMax = 0, .nWorks = 0, .winRegType = 0, .regBuff = 0 }
kirby:1:1 [0] NCCL INFO Best tuning { .id = 5, .valid = 1, timeUs = 1421.866699,  .algo = RING, .proto = SIMPLE, .symKernelId = Unknown, .ceMethodId = 2, nChannels = 4, maxChannels = 4, nWarps = 17, forced = 1 }
kirby:1:1 [0] NCCL INFO Best tuning, algorithm, RING, protocol, SIMPLE
kirby:1:1 [0] NCCL INFO Input: { .comm = 0x369a4f60, .tuningMask = 0x1fffff, .func = AllGather, .redOp = 0, .devRedop = 0, .dataType = 0, .nBytes = 100663296, .numPipesOps = 1, .count = 50331648, .countMax = 0, .nWorks = 0, .winRegType = 0, .regBuff = 0 }
kirby:1:1 [0] NCCL INFO Best tuning { .id = 5, .valid = 1, timeUs = 6576.000000,  .algo = RING, .proto = SIMPLE, .symKernelId = Unknown, .ceMethodId = 2, nChannels = 4, maxChannels = 4, nWarps = 17, forced = 1 }
kirby:1:1 [0] NCCL INFO Best tuning, algorithm, RING, protocol, SIMPLE
kirby:1:1 [0] NCCL INFO Input: { .comm = 0x3c53a470, .tuningMask = 0x1fffff, .func = AllGather, .redOp = 0, .devRedop = 0, .dataType = 0, .nBytes = 21495808, .numPipesOps = 1, .count = 10747904, .countMax = 0, .nWorks = 0, .winRegType = 0, .regBuff = 0 }
kirby:1:1 [0] NCCL INFO Best tuning { .id = 5, .valid = 1, timeUs = 1421.866699,  .algo = RING, .proto = SIMPLE, .symKernelId = Unknown, .ceMethodId = 2, nChannels = 4, maxChannels = 4, nWarps = 17, forced = 1 }
kirby:1:1 [0] NCCL INFO Best tuning, algorithm, RING, protocol, SIMPLE
kirby:1:1 [0] NCCL INFO Input: { .comm = 0x369a4f60, .tuningMask = 0x1fffff, .func = AllGather, .redOp = 0, .devRedop = 0, .dataType = 0, .nBytes = 100663296, .numPipesOps = 1, .count = 50331648, .countMax = 0, .nWorks = 0, .winRegType = 0, .regBuff = 0 }
kirby:1:1 [0] NCCL INFO Best tuning { .id = 5, .valid = 1, timeUs = 6576.000000,  .algo = RING, .proto = SIMPLE, .symKernelId = Unknown, .ceMethodId = 2, nChannels = 4, maxChannels = 4, nWarps = 17, forced = 1 }
kirby:1:1 [0] NCCL INFO Best tuning, algorithm, RING, protocol, SIMPLE
kirby:1:1 [0] NCCL INFO Input: { .comm = 0x3c53a470, .tuningMask = 0x1fffff, .func = AllGather, .redOp = 0, .devRedop = 0, .dataType = 0, .nBytes = 21495808, .numPipesOps = 1, .count = 10747904, .countMax = 0, .nWorks = 0, .winRegType = 0, .regBuff = 0 }
kirby:1:1 [0] NCCL INFO Best tuning { .id = 5, .valid = 1, timeUs = 1421.866699,  .algo = RING, .proto = SIMPLE, .symKernelId = Unknown, .ceMethodId = 2, nChannels = 4, maxChannels = 4, nWarps = 17, forced = 1 }
kirby:1:1 [0] NCCL INFO Best tuning, algorithm, RING, protocol, SIMPLE
kirby:1:1 [0] NCCL INFO Input: { .comm = 0x369a4f60, .tuningMask = 0x1fffff, .func = AllGather, .redOp = 0, .devRedop = 0, .dataType = 0, .nBytes = 100663296, .numPipesOps = 1, .count = 50331648, .countMax = 0, .nWorks = 0, .winRegType = 0, .regBuff = 0 }
kirby:1:1 [0] NCCL INFO Best tuning { .id = 5, .valid = 1, timeUs = 6576.000000,  .algo = RING, .proto = SIMPLE, .symKernelId = Unknown, .ceMethodId = 2, nChannels = 4, maxChannels = 4, nWarps = 17, forced = 1 }
kirby:1:1 [0] NCCL INFO Best tuning, algorithm, RING, protocol, SIMPLE
kirby:1:1 [0] NCCL INFO Input: { .comm = 0x3c53a470, .tuningMask = 0x1fffff, .func = AllGather, .redOp = 0, .devRedop = 0, .dataType = 0, .nBytes = 21495808, .numPipesOps = 1, .count = 10747904, .countMax = 0, .nWorks = 0, .winRegType = 0, .regBuff = 0 }
kirby:1:1 [0] NCCL INFO Best tuning { .id = 5, .valid = 1, timeUs = 1421.866699,  .algo = RING, .proto = SIMPLE, .symKernelId = Unknown, .ceMethodId = 2, nChannels = 4, maxChannels = 4, nWarps = 17, forced = 1 }
kirby:1:1 [0] NCCL INFO Best tuning, algorithm, RING, protocol, SIMPLE
kirby:1:1 [0] NCCL INFO Input: { .comm = 0x369a4f60, .tuningMask = 0x1fffff, .func = AllGather, .redOp = 0, .devRedop = 0, .dataType = 0, .nBytes = 100663296, .numPipesOps = 1, .count = 50331648, .countMax = 0, .nWorks = 0, .winRegType = 0, .regBuff = 0 }
kirby:1:1 [0] NCCL INFO Best tuning { .id = 5, .valid = 1, timeUs = 6576.000000,  .algo = RING, .proto = SIMPLE, .symKernelId = Unknown, .ceMethodId = 2, nChannels = 4, maxChannels = 4, nWarps = 17, forced = 1 }
kirby:1:1 [0] NCCL INFO Best tuning, algorithm, RING, protocol, SIMPLE
kirby:1:1 [0] NCCL INFO Input: { .comm = 0x3c53a470, .tuningMask = 0x1fffff, .func = AllGather, .redOp = 0, .devRedop = 0, .dataType = 0, .nBytes = 21495808, .numPipesOps = 1, .count = 10747904, .countMax = 0, .nWorks = 0, .winRegType = 0, .regBuff = 0 }
kirby:1:1 [0] NCCL INFO Best tuning { .id = 5, .valid = 1, timeUs = 1421.866699,  .algo = RING, .proto = SIMPLE, .symKernelId = Unknown, .ceMethodId = 2, nChannels = 4, maxChannels = 4, nWarps = 17, forced = 1 }
kirby:1:1 [0] NCCL INFO Best tuning, algorithm, RING, protocol, SIMPLE
kirby:1:1 [0] NCCL INFO Input: { .comm = 0x369a4f60, .tuningMask = 0x1fffff, .func = AllGather, .redOp = 0, .devRedop = 0, .dataType = 0, .nBytes = 100663296, .numPipesOps = 1, .count = 50331648, .countMax = 0, .nWorks = 0, .winRegType = 0, .regBuff = 0 }
kirby:1:1 [0] NCCL INFO Best tuning { .id = 5, .valid = 1, timeUs = 6576.000000,  .algo = RING, .proto = SIMPLE, .symKernelId = Unknown, .ceMethodId = 2, nChannels = 4, maxChannels = 4, nWarps = 17, forced = 1 }
kirby:1:1 [0] NCCL INFO Best tuning, algorithm, RING, protocol, SIMPLE
kirby:1:1 [0] NCCL INFO Input: { .comm = 0x3c53a470, .tuningMask = 0x1fffff, .func = AllGather, .redOp = 0, .devRedop = 0, .dataType = 0, .nBytes = 21495808, .numPipesOps = 1, .count = 10747904, .countMax = 0, .nWorks = 0, .winRegType = 0, .regBuff = 0 }
kirby:1:1 [0] NCCL INFO Best tuning { .id = 5, .valid = 1, timeUs = 1421.866699,  .algo = RING, .proto = SIMPLE, .symKernelId = Unknown, .ceMethodId = 2, nChannels = 4, maxChannels = 4, nWarps = 17, forced = 1 }
kirby:1:1 [0] NCCL INFO Best tuning, algorithm, RING, protocol, SIMPLE
kirby:1:1 [0] NCCL INFO Input: { .comm = 0x369a4f60, .tuningMask = 0x1fffff, .func = AllGather, .redOp = 0, .devRedop = 0, .dataType = 0, .nBytes = 100663296, .numPipesOps = 1, .count = 50331648, .countMax = 0, .nWorks = 0, .winRegType = 0, .regBuff = 0 }
kirby:1:1 [0] NCCL INFO Best tuning { .id = 5, .valid = 1, timeUs = 6576.000000,  .algo = RING, .proto = SIMPLE, .symKernelId = Unknown, .ceMethodId = 2, nChannels = 4, maxChannels = 4, nWarps = 17, forced = 1 }
kirby:1:1 [0] NCCL INFO Best tuning, algorithm, RING, protocol, SIMPLE
kirby:1:1 [0] NCCL INFO Input: { .comm = 0x3c53a470, .tuningMask = 0x1fffff, .func = AllGather, .redOp = 0, .devRedop = 0, .dataType = 0, .nBytes = 21495808, .numPipesOps = 1, .count = 10747904, .countMax = 0, .nWorks = 0, .winRegType = 0, .regBuff = 0 }
kirby:1:1 [0] NCCL INFO Best tuning { .id = 5, .valid = 1, timeUs = 1421.866699,  .algo = RING, .proto = SIMPLE, .symKernelId = Unknown, .ceMethodId = 2, nChannels = 4, maxChannels = 4, nWarps = 17, forced = 1 }
kirby:1:1 [0] NCCL INFO Best tuning, algorithm, RING, protocol, SIMPLE
kirby:1:1 [0] NCCL INFO Input: { .comm = 0x369a4f60, .tuningMask = 0x1fffff, .func = AllGather, .redOp = 0, .devRedop = 0, .dataType = 0, .nBytes = 100663296, .numPipesOps = 1, .count = 50331648, .countMax = 0, .nWorks = 0, .winRegType = 0, .regBuff = 0 }
kirby:1:1 [0] NCCL INFO Best tuning { .id = 5, .valid = 1, timeUs = 6576.000000,  .algo = RING, .proto = SIMPLE, .symKernelId = Unknown, .ceMethodId = 2, nChannels = 4, maxChannels = 4, nWarps = 17, forced = 1 }
kirby:1:1 [0] NCCL INFO Best tuning, algorithm, RING, protocol, SIMPLE
kirby:1:1 [0] NCCL INFO Input: { .comm = 0x3c53a470, .tuningMask = 0x1fffff, .func = AllGather, .redOp = 0, .devRedop = 0, .dataType = 0, .nBytes = 21495808, .numPipesOps = 1, .count = 10747904, .countMax = 0, .nWorks = 0, .winRegType = 0, .regBuff = 0 }
kirby:1:1 [0] NCCL INFO Best tuning { .id = 5, .valid = 1, timeUs = 1421.866699,  .algo = RING, .proto = SIMPLE, .symKernelId = Unknown, .ceMethodId = 2, nChannels = 4, maxChannels = 4, nWarps = 17, forced = 1 }
kirby:1:1 [0] NCCL INFO Best tuning, algorithm, RING, protocol, SIMPLE
kirby:1:1 [0] NCCL INFO Input: { .comm = 0x369a4f60, .tuningMask = 0x1fffff, .func = AllGather, .redOp = 0, .devRedop = 0, .dataType = 0, .nBytes = 100663296, .numPipesOps = 1, .count = 50331648, .countMax = 0, .nWorks = 0, .winRegType = 0, .regBuff = 0 }
kirby:1:1 [0] NCCL INFO Best tuning { .id = 5, .valid = 1, timeUs = 6576.000000,  .algo = RING, .proto = SIMPLE, .symKernelId = Unknown, .ceMethodId = 2, nChannels = 4, maxChannels = 4, nWarps = 17, forced = 1 }
kirby:1:1 [0] NCCL INFO Best tuning, algorithm, RING, protocol, SIMPLE
kirby:1:1 [0] NCCL INFO Input: { .comm = 0x3c53a470, .tuningMask = 0x1fffff, .func = AllGather, .redOp = 0, .devRedop = 0, .dataType = 0, .nBytes = 21495808, .numPipesOps = 1, .count = 10747904, .countMax = 0, .nWorks = 0, .winRegType = 0, .regBuff = 0 }
kirby:1:1 [0] NCCL INFO Best tuning { .id = 5, .valid = 1, timeUs = 1421.866699,  .algo = RING, .proto = SIMPLE, .symKernelId = Unknown, .ceMethodId = 2, nChannels = 4, maxChannels = 4, nWarps = 17, forced = 1 }
kirby:1:1 [0] NCCL INFO Best tuning, algorithm, RING, protocol, SIMPLE
kirby:1:1 [0] NCCL INFO Input: { .comm = 0x369a4f60, .tuningMask = 0x1fffff, .func = AllGather, .redOp = 0, .devRedop = 0, .dataType = 0, .nBytes = 100663296, .numPipesOps = 1, .count = 50331648, .countMax = 0, .nWorks = 0, .winRegType = 0, .regBuff = 0 }
kirby:1:1 [0] NCCL INFO Best tuning { .id = 5, .valid = 1, timeUs = 6576.000000,  .algo = RING, .proto = SIMPLE, .symKernelId = Unknown, .ceMethodId = 2, nChannels = 4, maxChannels = 4, nWarps = 17, forced = 1 }
kirby:1:1 [0] NCCL INFO Best tuning, algorithm, RING, protocol, SIMPLE
kirby:1:1 [0] NCCL INFO Input: { .comm = 0x3c53a470, .tuningMask = 0x1fffff, .func = AllGather, .redOp = 0, .devRedop = 0, .dataType = 0, .nBytes = 21495808, .numPipesOps = 1, .count = 10747904, .countMax = 0, .nWorks = 0, .winRegType = 0, .regBuff = 0 }
kirby:1:1 [0] NCCL INFO Best tuning { .id = 5, .valid = 1, timeUs = 1421.866699,  .algo = RING, .proto = SIMPLE, .symKernelId = Unknown, .ceMethodId = 2, nChannels = 4, maxChannels = 4, nWarps = 17, forced = 1 }
kirby:1:1 [0] NCCL INFO Best tuning, algorithm, RING, protocol, SIMPLE
kirby:1:1 [0] NCCL INFO Input: { .comm = 0x369a4f60, .tuningMask = 0x1fffff, .func = AllGather, .redOp = 0, .devRedop = 0, .dataType = 0, .nBytes = 100663296, .numPipesOps = 1, .count = 50331648, .countMax = 0, .nWorks = 0, .winRegType = 0, .regBuff = 0 }
kirby:1:1 [0] NCCL INFO Best tuning { .id = 5, .valid = 1, timeUs = 6576.000000,  .algo = RING, .proto = SIMPLE, .symKernelId = Unknown, .ceMethodId = 2, nChannels = 4, maxChannels = 4, nWarps = 17, forced = 1 }
kirby:1:1 [0] NCCL INFO Best tuning, algorithm, RING, protocol, SIMPLE
kirby:1:1 [0] NCCL INFO Input: { .comm = 0x3c53a470, .tuningMask = 0x1fffff, .func = AllGather, .redOp = 0, .devRedop = 0, .dataType = 0, .nBytes = 21495808, .numPipesOps = 1, .count = 10747904, .countMax = 0, .nWorks = 0, .winRegType = 0, .regBuff = 0 }
kirby:1:1 [0] NCCL INFO Best tuning { .id = 5, .valid = 1, timeUs = 1421.866699,  .algo = RING, .proto = SIMPLE, .symKernelId = Unknown, .ceMethodId = 2, nChannels = 4, maxChannels = 4, nWarps = 17, forced = 1 }
kirby:1:1 [0] NCCL INFO Best tuning, algorithm, RING, protocol, SIMPLE
kirby:1:1 [0] NCCL INFO Input: { .comm = 0x369a4f60, .tuningMask = 0x1fffff, .func = AllGather, .redOp = 0, .devRedop = 0, .dataType = 0, .nBytes = 100663296, .numPipesOps = 1, .count = 50331648, .countMax = 0, .nWorks = 0, .winRegType = 0, .regBuff = 0 }
kirby:1:1 [0] NCCL INFO Best tuning { .id = 5, .valid = 1, timeUs = 6576.000000,  .algo = RING, .proto = SIMPLE, .symKernelId = Unknown, .ceMethodId = 2, nChannels = 4, maxChannels = 4, nWarps = 17, forced = 1 }
kirby:1:1 [0] NCCL INFO Best tuning, algorithm, RING, protocol, SIMPLE
kirby:1:1 [0] NCCL INFO Input: { .comm = 0x3c53a470, .tuningMask = 0x1fffff, .func = AllGather, .redOp = 0, .devRedop = 0, .dataType = 0, .nBytes = 21495808, .numPipesOps = 1, .count = 10747904, .countMax = 0, .nWorks = 0, .winRegType = 0, .regBuff = 0 }
kirby:1:1 [0] NCCL INFO Best tuning { .id = 5, .valid = 1, timeUs = 1421.866699,  .algo = RING, .proto = SIMPLE, .symKernelId = Unknown, .ceMethodId = 2, nChannels = 4, maxChannels = 4, nWarps = 17, forced = 1 }
kirby:1:1 [0] NCCL INFO Best tuning, algorithm, RING, protocol, SIMPLE
kirby:1:1 [0] NCCL INFO Input: { .comm = 0x369a4f60, .tuningMask = 0x1fffff, .func = AllGather, .redOp = 0, .devRedop = 0, .dataType = 0, .nBytes = 100663296, .numPipesOps = 1, .count = 50331648, .countMax = 0, .nWorks = 0, .winRegType = 0, .regBuff = 0 }
kirby:1:1 [0] NCCL INFO Best tuning { .id = 5, .valid = 1, timeUs = 6576.000000,  .algo = RING, .proto = SIMPLE, .symKernelId = Unknown, .ceMethodId = 2, nChannels = 4, maxChannels = 4, nWarps = 17, forced = 1 }
kirby:1:1 [0] NCCL INFO Best tuning, algorithm, RING, protocol, SIMPLE
kirby:1:1 [0] NCCL INFO Input: { .comm = 0x3c53a470, .tuningMask = 0x1fffff, .func = AllGather, .redOp = 0, .devRedop = 0, .dataType = 0, .nBytes = 21495808, .numPipesOps = 1, .count = 10747904, .countMax = 0, .nWorks = 0, .winRegType = 0, .regBuff = 0 }
kirby:1:1 [0] NCCL INFO Best tuning { .id = 5, .valid = 1, timeUs = 1421.866699,  .algo = RING, .proto = SIMPLE, .symKernelId = Unknown, .ceMethodId = 2, nChannels = 4, maxChannels = 4, nWarps = 17, forced = 1 }
kirby:1:1 [0] NCCL INFO Best tuning, algorithm, RING, protocol, SIMPLE
kirby:1:1 [0] NCCL INFO Input: { .comm = 0x369a4f60, .tuningMask = 0x1fffff, .func = AllGather, .redOp = 0, .devRedop = 0, .dataType = 0, .nBytes = 100663296, .numPipesOps = 1, .count = 50331648, .countMax = 0, .nWorks = 0, .winRegType = 0, .regBuff = 0 }
kirby:1:1 [0] NCCL INFO Best tuning { .id = 5, .valid = 1, timeUs = 6576.000000,  .algo = RING, .proto = SIMPLE, .symKernelId = Unknown, .ceMethodId = 2, nChannels = 4, maxChannels = 4, nWarps = 17, forced = 1 }
kirby:1:1 [0] NCCL INFO Best tuning, algorithm, RING, protocol, SIMPLE
kirby:1:1 [0] NCCL INFO Input: { .comm = 0x3c53a470, .tuningMask = 0x1fffff, .func = AllGather, .redOp = 0, .devRedop = 0, .dataType = 0, .nBytes = 21495808, .numPipesOps = 1, .count = 10747904, .countMax = 0, .nWorks = 0, .winRegType = 0, .regBuff = 0 }
kirby:1:1 [0] NCCL INFO Best tuning { .id = 5, .valid = 1, timeUs = 1421.866699,  .algo = RING, .proto = SIMPLE, .symKernelId = Unknown, .ceMethodId = 2, nChannels = 4, maxChannels = 4, nWarps = 17, forced = 1 }
kirby:1:1 [0] NCCL INFO Best tuning, algorithm, RING, protocol, SIMPLE
kirby:1:1 [0] NCCL INFO Input: { .comm = 0x369a4f60, .tuningMask = 0x1fffff, .func = AllGather, .redOp = 0, .devRedop = 0, .dataType = 0, .nBytes = 100663296, .numPipesOps = 1, .count = 50331648, .countMax = 0, .nWorks = 0, .winRegType = 0, .regBuff = 0 }
kirby:1:1 [0] NCCL INFO Best tuning { .id = 5, .valid = 1, timeUs = 6576.000000,  .algo = RING, .proto = SIMPLE, .symKernelId = Unknown, .ceMethodId = 2, nChannels = 4, maxChannels = 4, nWarps = 17, forced = 1 }
kirby:1:1 [0] NCCL INFO Best tuning, algorithm, RING, protocol, SIMPLE
kirby:1:1 [0] NCCL INFO Input: { .comm = 0x3c53a470, .tuningMask = 0x1fffff, .func = AllGather, .redOp = 0, .devRedop = 0, .dataType = 0, .nBytes = 21495808, .numPipesOps = 1, .count = 10747904, .countMax = 0, .nWorks = 0, .winRegType = 0, .regBuff = 0 }
kirby:1:1 [0] NCCL INFO Best tuning { .id = 5, .valid = 1, timeUs = 1421.866699,  .algo = RING, .proto = SIMPLE, .symKernelId = Unknown, .ceMethodId = 2, nChannels = 4, maxChannels = 4, nWarps = 17, forced = 1 }
kirby:1:1 [0] NCCL INFO Best tuning, algorithm, RING, protocol, SIMPLE
kirby:1:1 [0] NCCL INFO Input: { .comm = 0x369a4f60, .tuningMask = 0x1fffff, .func = AllGather, .redOp = 0, .devRedop = 0, .dataType = 0, .nBytes = 100663296, .numPipesOps = 1, .count = 50331648, .countMax = 0, .nWorks = 0, .winRegType = 0, .regBuff = 0 }
kirby:1:1 [0] NCCL INFO Best tuning { .id = 5, .valid = 1, timeUs = 6576.000000,  .algo = RING, .proto = SIMPLE, .symKernelId = Unknown, .ceMethodId = 2, nChannels = 4, maxChannels = 4, nWarps = 17, forced = 1 }
kirby:1:1 [0] NCCL INFO Best tuning, algorithm, RING, protocol, SIMPLE
kirby:1:1 [0] NCCL INFO Input: { .comm = 0x3c53a470, .tuningMask = 0x1fffff, .func = AllGather, .redOp = 0, .devRedop = 0, .dataType = 0, .nBytes = 21495808, .numPipesOps = 1, .count = 10747904, .countMax = 0, .nWorks = 0, .winRegType = 0, .regBuff = 0 }
kirby:1:1 [0] NCCL INFO Best tuning { .id = 5, .valid = 1, timeUs = 1421.866699,  .algo = RING, .proto = SIMPLE, .symKernelId = Unknown, .ceMethodId = 2, nChannels = 4, maxChannels = 4, nWarps = 17, forced = 1 }
kirby:1:1 [0] NCCL INFO Best tuning, algorithm, RING, protocol, SIMPLE
kirby:1:1 [0] NCCL INFO Input: { .comm = 0x369a4f60, .tuningMask = 0x1fffff, .func = AllGather, .redOp = 0, .devRedop = 0, .dataType = 0, .nBytes = 100663296, .numPipesOps = 1, .count = 50331648, .countMax = 0, .nWorks = 0, .winRegType = 0, .regBuff = 0 }
kirby:1:1 [0] NCCL INFO Best tuning { .id = 5, .valid = 1, timeUs = 6576.000000,  .algo = RING, .proto = SIMPLE, .symKernelId = Unknown, .ceMethodId = 2, nChannels = 4, maxChannels = 4, nWarps = 17, forced = 1 }
kirby:1:1 [0] NCCL INFO Best tuning, algorithm, RING, protocol, SIMPLE
kirby:1:1 [0] NCCL INFO Input: { .comm = 0x3c53a470, .tuningMask = 0x1fffff, .func = AllGather, .redOp = 0, .devRedop = 0, .dataType = 0, .nBytes = 21495808, .numPipesOps = 1, .count = 10747904, .countMax = 0, .nWorks = 0, .winRegType = 0, .regBuff = 0 }
kirby:1:1 [0] NCCL INFO Best tuning { .id = 5, .valid = 1, timeUs = 1421.866699,  .algo = RING, .proto = SIMPLE, .symKernelId = Unknown, .ceMethodId = 2, nChannels = 4, maxChannels = 4, nWarps = 17, forced = 1 }
kirby:1:1 [0] NCCL INFO Best tuning, algorithm, RING, protocol, SIMPLE
kirby:1:1 [0] NCCL INFO Input: { .comm = 0x369a4f60, .tuningMask = 0x1fffff, .func = AllGather, .redOp = 0, .devRedop = 0, .dataType = 0, .nBytes = 100663296, .numPipesOps = 1, .count = 50331648, .countMax = 0, .nWorks = 0, .winRegType = 0, .regBuff = 0 }
kirby:1:1 [0] NCCL INFO Best tuning { .id = 5, .valid = 1, timeUs = 6576.000000,  .algo = RING, .proto = SIMPLE, .symKernelId = Unknown, .ceMethodId = 2, nChannels = 4, maxChannels = 4, nWarps = 17, forced = 1 }
kirby:1:1 [0] NCCL INFO Best tuning, algorithm, RING, protocol, SIMPLE
kirby:1:1 [0] NCCL INFO Input: { .comm = 0x3c53a470, .tuningMask = 0x1fffff, .func = AllGather, .redOp = 0, .devRedop = 0, .dataType = 0, .nBytes = 21495808, .numPipesOps = 1, .count = 10747904, .countMax = 0, .nWorks = 0, .winRegType = 0, .regBuff = 0 }
kirby:1:1 [0] NCCL INFO Best tuning { .id = 5, .valid = 1, timeUs = 1421.866699,  .algo = RING, .proto = SIMPLE, .symKernelId = Unknown, .ceMethodId = 2, nChannels = 4, maxChannels = 4, nWarps = 17, forced = 1 }
kirby:1:1 [0] NCCL INFO Best tuning, algorithm, RING, protocol, SIMPLE
kirby:1:1 [0] NCCL INFO Input: { .comm = 0x369a4f60, .tuningMask = 0x1fffff, .func = AllGather, .redOp = 0, .devRedop = 0, .dataType = 0, .nBytes = 100663296, .numPipesOps = 1, .count = 50331648, .countMax = 0, .nWorks = 0, .winRegType = 0, .regBuff = 0 }
kirby:1:1 [0] NCCL INFO Best tuning { .id = 5, .valid = 1, timeUs = 6576.000000,  .algo = RING, .proto = SIMPLE, .symKernelId = Unknown, .ceMethodId = 2, nChannels = 4, maxChannels = 4, nWarps = 17, forced = 1 }
kirby:1:1 [0] NCCL INFO Best tuning, algorithm, RING, protocol, SIMPLE
kirby:1:1 [0] NCCL INFO Input: { .comm = 0x3c53a470, .tuningMask = 0x1fffff, .func = AllGather, .redOp = 0, .devRedop = 0, .dataType = 0, .nBytes = 21495808, .numPipesOps = 1, .count = 10747904, .countMax = 0, .nWorks = 0, .winRegType = 0, .regBuff = 0 }
kirby:1:1 [0] NCCL INFO Best tuning { .id = 5, .valid = 1, timeUs = 1421.866699,  .algo = RING, .proto = SIMPLE, .symKernelId = Unknown, .ceMethodId = 2, nChannels = 4, maxChannels = 4, nWarps = 17, forced = 1 }
kirby:1:1 [0] NCCL INFO Best tuning, algorithm, RING, protocol, SIMPLE
kirby:1:1 [0] NCCL INFO Input: { .comm = 0x369a4f60, .tuningMask = 0x1fffff, .func = AllGather, .redOp = 0, .devRedop = 0, .dataType = 0, .nBytes = 100663296, .numPipesOps = 1, .count = 50331648, .countMax = 0, .nWorks = 0, .winRegType = 0, .regBuff = 0 }
kirby:1:1 [0] NCCL INFO Best tuning { .id = 5, .valid = 1, timeUs = 6576.000000,  .algo = RING, .proto = SIMPLE, .symKernelId = Unknown, .ceMethodId = 2, nChannels = 4, maxChannels = 4, nWarps = 17, forced = 1 }
kirby:1:1 [0] NCCL INFO Best tuning, algorithm, RING, protocol, SIMPLE
kirby:1:1 [0] NCCL INFO Input: { .comm = 0x3c53a470, .tuningMask = 0x1fffff, .func = AllGather, .redOp = 0, .devRedop = 0, .dataType = 0, .nBytes = 21495808, .numPipesOps = 1, .count = 10747904, .countMax = 0, .nWorks = 0, .winRegType = 0, .regBuff = 0 }
kirby:1:1 [0] NCCL INFO Best tuning { .id = 5, .valid = 1, timeUs = 1421.866699,  .algo = RING, .proto = SIMPLE, .symKernelId = Unknown, .ceMethodId = 2, nChannels = 4, maxChannels = 4, nWarps = 17, forced = 1 }
kirby:1:1 [0] NCCL INFO Best tuning, algorithm, RING, protocol, SIMPLE
kirby:1:1 [0] NCCL INFO Input: { .comm = 0x369a4f60, .tuningMask = 0x1fffff, .func = AllGather, .redOp = 0, .devRedop = 0, .dataType = 0, .nBytes = 100663296, .numPipesOps = 1, .count = 50331648, .countMax = 0, .nWorks = 0, .winRegType = 0, .regBuff = 0 }
kirby:1:1 [0] NCCL INFO Best tuning { .id = 5, .valid = 1, timeUs = 6576.000000,  .algo = RING, .proto = SIMPLE, .symKernelId = Unknown, .ceMethodId = 2, nChannels = 4, maxChannels = 4, nWarps = 17, forced = 1 }
kirby:1:1 [0] NCCL INFO Best tuning, algorithm, RING, protocol, SIMPLE
kirby:1:1 [0] NCCL INFO Input: { .comm = 0x3c53a470, .tuningMask = 0x1fffff, .func = AllGather, .redOp = 0, .devRedop = 0, .dataType = 0, .nBytes = 21495808, .numPipesOps = 1, .count = 10747904, .countMax = 0, .nWorks = 0, .winRegType = 0, .regBuff = 0 }
kirby:1:1 [0] NCCL INFO Best tuning { .id = 5, .valid = 1, timeUs = 1421.866699,  .algo = RING, .proto = SIMPLE, .symKernelId = Unknown, .ceMethodId = 2, nChannels = 4, maxChannels = 4, nWarps = 17, forced = 1 }
kirby:1:1 [0] NCCL INFO Best tuning, algorithm, RING, protocol, SIMPLE
kirby:1:1 [0] NCCL INFO Input: { .comm = 0x369a4f60, .tuningMask = 0x1fffff, .func = AllGather, .redOp = 0, .devRedop = 0, .dataType = 0, .nBytes = 100663296, .numPipesOps = 1, .count = 50331648, .countMax = 0, .nWorks = 0, .winRegType = 0, .regBuff = 0 }
kirby:1:1 [0] NCCL INFO Best tuning { .id = 5, .valid = 1, timeUs = 6576.000000,  .algo = RING, .proto = SIMPLE, .symKernelId = Unknown, .ceMethodId = 2, nChannels = 4, maxChannels = 4, nWarps = 17, forced = 1 }
kirby:1:1 [0] NCCL INFO Best tuning, algorithm, RING, protocol, SIMPLE
kirby:1:1 [0] NCCL INFO Input: { .comm = 0x3c53a470, .tuningMask = 0x1fffff, .func = AllGather, .redOp = 0, .devRedop = 0, .dataType = 0, .nBytes = 21495808, .numPipesOps = 1, .count = 10747904, .countMax = 0, .nWorks = 0, .winRegType = 0, .regBuff = 0 }
kirby:1:1 [0] NCCL INFO Best tuning { .id = 5, .valid = 1, timeUs = 1421.866699,  .algo = RING, .proto = SIMPLE, .symKernelId = Unknown, .ceMethodId = 2, nChannels = 4, maxChannels = 4, nWarps = 17, forced = 1 }
kirby:1:1 [0] NCCL INFO Best tuning, algorithm, RING, protocol, SIMPLE
kirby:1:1 [0] NCCL INFO Input: { .comm = 0x369a4f60, .tuningMask = 0x1fffff, .func = AllGather, .redOp = 0, .devRedop = 0, .dataType = 0, .nBytes = 100663296, .numPipesOps = 1, .count = 50331648, .countMax = 0, .nWorks = 0, .winRegType = 0, .regBuff = 0 }
kirby:1:1 [0] NCCL INFO Best tuning { .id = 5, .valid = 1, timeUs = 6576.000000,  .algo = RING, .proto = SIMPLE, .symKernelId = Unknown, .ceMethodId = 2, nChannels = 4, maxChannels = 4, nWarps = 17, forced = 1 }
kirby:1:1 [0] NCCL INFO Best tuning, algorithm, RING, protocol, SIMPLE
kirby:1:1 [0] NCCL INFO Input: { .comm = 0x3c53a470, .tuningMask = 0x1fffff, .func = AllGather, .redOp = 0, .devRedop = 0, .dataType = 0, .nBytes = 21495808, .numPipesOps = 1, .count = 10747904, .countMax = 0, .nWorks = 0, .winRegType = 0, .regBuff = 0 }
kirby:1:1 [0] NCCL INFO Best tuning { .id = 5, .valid = 1, timeUs = 1421.866699,  .algo = RING, .proto = SIMPLE, .symKernelId = Unknown, .ceMethodId = 2, nChannels = 4, maxChannels = 4, nWarps = 17, forced = 1 }
kirby:1:1 [0] NCCL INFO Best tuning, algorithm, RING, protocol, SIMPLE
kirby:1:1 [0] NCCL INFO Input: { .comm = 0x369a4f60, .tuningMask = 0x1fffff, .func = AllGather, .redOp = 0, .devRedop = 0, .dataType = 0, .nBytes = 100663296, .numPipesOps = 1, .count = 50331648, .countMax = 0, .nWorks = 0, .winRegType = 0, .regBuff = 0 }
kirby:1:1 [0] NCCL INFO Best tuning { .id = 5, .valid = 1, timeUs = 6576.000000,  .algo = RING, .proto = SIMPLE, .symKernelId = Unknown, .ceMethodId = 2, nChannels = 4, maxChannels = 4, nWarps = 17, forced = 1 }
kirby:1:1 [0] NCCL INFO Best tuning, algorithm, RING, protocol, SIMPLE
kirby:1:1 [0] NCCL INFO Input: { .comm = 0x3c53a470, .tuningMask = 0x1fffff, .func = AllGather, .redOp = 0, .devRedop = 0, .dataType = 0, .nBytes = 21495808, .numPipesOps = 1, .count = 10747904, .countMax = 0, .nWorks = 0, .winRegType = 0, .regBuff = 0 }
kirby:1:1 [0] NCCL INFO Best tuning { .id = 5, .valid = 1, timeUs = 1421.866699,  .algo = RING, .proto = SIMPLE, .symKernelId = Unknown, .ceMethodId = 2, nChannels = 4, maxChannels = 4, nWarps = 17, forced = 1 }
kirby:1:1 [0] NCCL INFO Best tuning, algorithm, RING, protocol, SIMPLE
kirby:1:1 [0] NCCL INFO Input: { .comm = 0x369a4f60, .tuningMask = 0x1fffff, .func = AllGather, .redOp = 0, .devRedop = 0, .dataType = 0, .nBytes = 100663296, .numPipesOps = 1, .count = 50331648, .countMax = 0, .nWorks = 0, .winRegType = 0, .regBuff = 0 }
kirby:1:1 [0] NCCL INFO Best tuning { .id = 5, .valid = 1, timeUs = 6576.000000,  .algo = RING, .proto = SIMPLE, .symKernelId = Unknown, .ceMethodId = 2, nChannels = 4, maxChannels = 4, nWarps = 17, forced = 1 }
kirby:1:1 [0] NCCL INFO Best tuning, algorithm, RING, protocol, SIMPLE
kirby:1:1 [0] NCCL INFO Input: { .comm = 0x3c53a470, .tuningMask = 0x1fffff, .func = AllGather, .redOp = 0, .devRedop = 0, .dataType = 0, .nBytes = 21495808, .numPipesOps = 1, .count = 10747904, .countMax = 0, .nWorks = 0, .winRegType = 0, .regBuff = 0 }
kirby:1:1 [0] NCCL INFO Best tuning { .id = 5, .valid = 1, timeUs = 1421.866699,  .algo = RING, .proto = SIMPLE, .symKernelId = Unknown, .ceMethodId = 2, nChannels = 4, maxChannels = 4, nWarps = 17, forced = 1 }
kirby:1:1 [0] NCCL INFO Best tuning, algorithm, RING, protocol, SIMPLE
kirby:1:1 [0] NCCL INFO Input: { .comm = 0x369a4f60, .tuningMask = 0x1fffff, .func = AllGather, .redOp = 0, .devRedop = 0, .dataType = 0, .nBytes = 100663296, .numPipesOps = 1, .count = 50331648, .countMax = 0, .nWorks = 0, .winRegType = 0, .regBuff = 0 }
kirby:1:1 [0] NCCL INFO Best tuning { .id = 5, .valid = 1, timeUs = 6576.000000,  .algo = RING, .proto = SIMPLE, .symKernelId = Unknown, .ceMethodId = 2, nChannels = 4, maxChannels = 4, nWarps = 17, forced = 1 }
kirby:1:1 [0] NCCL INFO Best tuning, algorithm, RING, protocol, SIMPLE
kirby:1:1 [0] NCCL INFO Input: { .comm = 0x3c53a470, .tuningMask = 0x1fffff, .func = AllGather, .redOp = 0, .devRedop = 0, .dataType = 0, .nBytes = 21495808, .numPipesOps = 1, .count = 10747904, .countMax = 0, .nWorks = 0, .winRegType = 0, .regBuff = 0 }
kirby:1:1 [0] NCCL INFO Best tuning { .id = 5, .valid = 1, timeUs = 1421.866699,  .algo = RING, .proto = SIMPLE, .symKernelId = Unknown, .ceMethodId = 2, nChannels = 4, maxChannels = 4, nWarps = 17, forced = 1 }
kirby:1:1 [0] NCCL INFO Best tuning, algorithm, RING, protocol, SIMPLE
kirby:1:1 [0] NCCL INFO Input: { .comm = 0x369a4f60, .tuningMask = 0x1fffff, .func = AllGather, .redOp = 0, .devRedop = 0, .dataType = 0, .nBytes = 100663296, .numPipesOps = 1, .count = 50331648, .countMax = 0, .nWorks = 0, .winRegType = 0, .regBuff = 0 }
kirby:1:1 [0] NCCL INFO Best tuning { .id = 5, .valid = 1, timeUs = 6576.000000,  .algo = RING, .proto = SIMPLE, .symKernelId = Unknown, .ceMethodId = 2, nChannels = 4, maxChannels = 4, nWarps = 17, forced = 1 }
kirby:1:1 [0] NCCL INFO Best tuning, algorithm, RING, protocol, SIMPLE
kirby:1:1 [0] NCCL INFO Input: { .comm = 0x3c53a470, .tuningMask = 0x1fffff, .func = AllGather, .redOp = 0, .devRedop = 0, .dataType = 0, .nBytes = 21495808, .numPipesOps = 1, .count = 10747904, .countMax = 0, .nWorks = 0, .winRegType = 0, .regBuff = 0 }
kirby:1:1 [0] NCCL INFO Best tuning { .id = 5, .valid = 1, timeUs = 1421.866699,  .algo = RING, .proto = SIMPLE, .symKernelId = Unknown, .ceMethodId = 2, nChannels = 4, maxChannels = 4, nWarps = 17, forced = 1 }
kirby:1:1 [0] NCCL INFO Best tuning, algorithm, RING, protocol, SIMPLE
kirby:1:1 [0] NCCL INFO Input: { .comm = 0x369a4f60, .tuningMask = 0x1fffff, .func = AllGather, .redOp = 0, .devRedop = 0, .dataType = 0, .nBytes = 100663296, .numPipesOps = 1, .count = 50331648, .countMax = 0, .nWorks = 0, .winRegType = 0, .regBuff = 0 }
kirby:1:1 [0] NCCL INFO Best tuning { .id = 5, .valid = 1, timeUs = 6576.000000,  .algo = RING, .proto = SIMPLE, .symKernelId = Unknown, .ceMethodId = 2, nChannels = 4, maxChannels = 4, nWarps = 17, forced = 1 }
kirby:1:1 [0] NCCL INFO Best tuning, algorithm, RING, protocol, SIMPLE
kirby:1:1 [0] NCCL INFO Input: { .comm = 0x3c53a470, .tuningMask = 0x1fffff, .func = AllGather, .redOp = 0, .devRedop = 0, .dataType = 0, .nBytes = 21495808, .numPipesOps = 1, .count = 10747904, .countMax = 0, .nWorks = 0, .winRegType = 0, .regBuff = 0 }
kirby:1:1 [0] NCCL INFO Best tuning { .id = 5, .valid = 1, timeUs = 1421.866699,  .algo = RING, .proto = SIMPLE, .symKernelId = Unknown, .ceMethodId = 2, nChannels = 4, maxChannels = 4, nWarps = 17, forced = 1 }
kirby:1:1 [0] NCCL INFO Best tuning, algorithm, RING, protocol, SIMPLE
kirby:1:1 [0] NCCL INFO Input: { .comm = 0x369a4f60, .tuningMask = 0x1fffff, .func = AllGather, .redOp = 0, .devRedop = 0, .dataType = 0, .nBytes = 100663296, .numPipesOps = 1, .count = 50331648, .countMax = 0, .nWorks = 0, .winRegType = 0, .regBuff = 0 }
kirby:1:1 [0] NCCL INFO Best tuning { .id = 5, .valid = 1, timeUs = 6576.000000,  .algo = RING, .proto = SIMPLE, .symKernelId = Unknown, .ceMethodId = 2, nChannels = 4, maxChannels = 4, nWarps = 17, forced = 1 }
kirby:1:1 [0] NCCL INFO Best tuning, algorithm, RING, protocol, SIMPLE
kirby:1:1 [0] NCCL INFO Input: { .comm = 0x3c53a470, .tuningMask = 0x1fffff, .func = AllGather, .redOp = 0, .devRedop = 0, .dataType = 0, .nBytes = 21495808, .numPipesOps = 1, .count = 10747904, .countMax = 0, .nWorks = 0, .winRegType = 0, .regBuff = 0 }
kirby:1:1 [0] NCCL INFO Best tuning { .id = 5, .valid = 1, timeUs = 1421.866699,  .algo = RING, .proto = SIMPLE, .symKernelId = Unknown, .ceMethodId = 2, nChannels = 4, maxChannels = 4, nWarps = 17, forced = 1 }
kirby:1:1 [0] NCCL INFO Best tuning, algorithm, RING, protocol, SIMPLE
kirby:1:1 [0] NCCL INFO Input: { .comm = 0x369a4f60, .tuningMask = 0x1fffff, .func = AllGather, .redOp = 0, .devRedop = 0, .dataType = 0, .nBytes = 100663296, .numPipesOps = 1, .count = 50331648, .countMax = 0, .nWorks = 0, .winRegType = 0, .regBuff = 0 }
kirby:1:1 [0] NCCL INFO Best tuning { .id = 5, .valid = 1, timeUs = 6576.000000,  .algo = RING, .proto = SIMPLE, .symKernelId = Unknown, .ceMethodId = 2, nChannels = 4, maxChannels = 4, nWarps = 17, forced = 1 }
kirby:1:1 [0] NCCL INFO Best tuning, algorithm, RING, protocol, SIMPLE
kirby:1:1 [0] NCCL INFO Input: { .comm = 0x3c53a470, .tuningMask = 0x1fffff, .func = AllGather, .redOp = 0, .devRedop = 0, .dataType = 0, .nBytes = 21495808, .numPipesOps = 1, .count = 10747904, .countMax = 0, .nWorks = 0, .winRegType = 0, .regBuff = 0 }
kirby:1:1 [0] NCCL INFO Best tuning { .id = 5, .valid = 1, timeUs = 1421.866699,  .algo = RING, .proto = SIMPLE, .symKernelId = Unknown, .ceMethodId = 2, nChannels = 4, maxChannels = 4, nWarps = 17, forced = 1 }
kirby:1:1 [0] NCCL INFO Best tuning, algorithm, RING, protocol, SIMPLE
kirby:1:1 [0] NCCL INFO Input: { .comm = 0x369a4f60, .tuningMask = 0x1fffff, .func = AllGather, .redOp = 0, .devRedop = 0, .dataType = 0, .nBytes = 100663296, .numPipesOps = 1, .count = 50331648, .countMax = 0, .nWorks = 0, .winRegType = 0, .regBuff = 0 }
kirby:1:1 [0] NCCL INFO Best tuning { .id = 5, .valid = 1, timeUs = 6576.000000,  .algo = RING, .proto = SIMPLE, .symKernelId = Unknown, .ceMethodId = 2, nChannels = 4, maxChannels = 4, nWarps = 17, forced = 1 }
kirby:1:1 [0] NCCL INFO Best tuning, algorithm, RING, protocol, SIMPLE
kirby:1:1 [0] NCCL INFO Input: { .comm = 0x3c53a470, .tuningMask = 0x1fffff, .func = AllGather, .redOp = 0, .devRedop = 0, .dataType = 0, .nBytes = 21495808, .numPipesOps = 1, .count = 10747904, .countMax = 0, .nWorks = 0, .winRegType = 0, .regBuff = 0 }
kirby:1:1 [0] NCCL INFO Best tuning { .id = 5, .valid = 1, timeUs = 1421.866699,  .algo = RING, .proto = SIMPLE, .symKernelId = Unknown, .ceMethodId = 2, nChannels = 4, maxChannels = 4, nWarps = 17, forced = 1 }
kirby:1:1 [0] NCCL INFO Best tuning, algorithm, RING, protocol, SIMPLE
kirby:1:1 [0] NCCL INFO Input: { .comm = 0x369a4f60, .tuningMask = 0x1fffff, .func = AllGather, .redOp = 0, .devRedop = 0, .dataType = 0, .nBytes = 100663296, .numPipesOps = 1, .count = 50331648, .countMax = 0, .nWorks = 0, .winRegType = 0, .regBuff = 0 }
kirby:1:1 [0] NCCL INFO Best tuning { .id = 5, .valid = 1, timeUs = 6576.000000,  .algo = RING, .proto = SIMPLE, .symKernelId = Unknown, .ceMethodId = 2, nChannels = 4, maxChannels = 4, nWarps = 17, forced = 1 }
kirby:1:1 [0] NCCL INFO Best tuning, algorithm, RING, protocol, SIMPLE
kirby:1:1 [0] NCCL INFO Input: { .comm = 0x3c53a470, .tuningMask = 0x1fffff, .func = AllGather, .redOp = 0, .devRedop = 0, .dataType = 0, .nBytes = 21495808, .numPipesOps = 1, .count = 10747904, .countMax = 0, .nWorks = 0, .winRegType = 0, .regBuff = 0 }
kirby:1:1 [0] NCCL INFO Best tuning { .id = 5, .valid = 1, timeUs = 1421.866699,  .algo = RING, .proto = SIMPLE, .symKernelId = Unknown, .ceMethodId = 2, nChannels = 4, maxChannels = 4, nWarps = 17, forced = 1 }
kirby:1:1 [0] NCCL INFO Best tuning, algorithm, RING, protocol, SIMPLE
kirby:1:1 [0] NCCL INFO Input: { .comm = 0x369a4f60, .tuningMask = 0x1fffff, .func = AllGather, .redOp = 0, .devRedop = 0, .dataType = 0, .nBytes = 100663296, .numPipesOps = 1, .count = 50331648, .countMax = 0, .nWorks = 0, .winRegType = 0, .regBuff = 0 }
kirby:1:1 [0] NCCL INFO Best tuning { .id = 5, .valid = 1, timeUs = 6576.000000,  .algo = RING, .proto = SIMPLE, .symKernelId = Unknown, .ceMethodId = 2, nChannels = 4, maxChannels = 4, nWarps = 17, forced = 1 }
kirby:1:1 [0] NCCL INFO Best tuning, algorithm, RING, protocol, SIMPLE
kirby:1:1 [0] NCCL INFO Input: { .comm = 0x3c53a470, .tuningMask = 0x1fffff, .func = AllGather, .redOp = 0, .devRedop = 0, .dataType = 0, .nBytes = 21495808, .numPipesOps = 1, .count = 10747904, .countMax = 0, .nWorks = 0, .winRegType = 0, .regBuff = 0 }
kirby:1:1 [0] NCCL INFO Best tuning { .id = 5, .valid = 1, timeUs = 1421.866699,  .algo = RING, .proto = SIMPLE, .symKernelId = Unknown, .ceMethodId = 2, nChannels = 4, maxChannels = 4, nWarps = 17, forced = 1 }
kirby:1:1 [0] NCCL INFO Best tuning, algorithm, RING, protocol, SIMPLE
kirby:1:1 [0] NCCL INFO Input: { .comm = 0x369a4f60, .tuningMask = 0x1fffff, .func = AllGather, .redOp = 0, .devRedop = 0, .dataType = 0, .nBytes = 100663296, .numPipesOps = 1, .count = 50331648, .countMax = 0, .nWorks = 0, .winRegType = 0, .regBuff = 0 }
kirby:1:1 [0] NCCL INFO Best tuning { .id = 5, .valid = 1, timeUs = 6576.000000,  .algo = RING, .proto = SIMPLE, .symKernelId = Unknown, .ceMethodId = 2, nChannels = 4, maxChannels = 4, nWarps = 17, forced = 1 }
kirby:1:1 [0] NCCL INFO Best tuning, algorithm, RING, protocol, SIMPLE
kirby:1:1 [0] NCCL INFO Input: { .comm = 0x3c53a470, .tuningMask = 0x1fffff, .func = AllGather, .redOp = 0, .devRedop = 0, .dataType = 0, .nBytes = 21495808, .numPipesOps = 1, .count = 10747904, .countMax = 0, .nWorks = 0, .winRegType = 0, .regBuff = 0 }
kirby:1:1 [0] NCCL INFO Best tuning { .id = 5, .valid = 1, timeUs = 1421.866699,  .algo = RING, .proto = SIMPLE, .symKernelId = Unknown, .ceMethodId = 2, nChannels = 4, maxChannels = 4, nWarps = 17, forced = 1 }
kirby:1:1 [0] NCCL INFO Best tuning, algorithm, RING, protocol, SIMPLE
kirby:1:1 [0] NCCL INFO Input: { .comm = 0x369a4f60, .tuningMask = 0x1fffff, .func = AllGather, .redOp = 0, .devRedop = 0, .dataType = 0, .nBytes = 100663296, .numPipesOps = 1, .count = 50331648, .countMax = 0, .nWorks = 0, .winRegType = 0, .regBuff = 0 }
kirby:1:1 [0] NCCL INFO Best tuning { .id = 5, .valid = 1, timeUs = 6576.000000,  .algo = RING, .proto = SIMPLE, .symKernelId = Unknown, .ceMethodId = 2, nChannels = 4, maxChannels = 4, nWarps = 17, forced = 1 }
kirby:1:1 [0] NCCL INFO Best tuning, algorithm, RING, protocol, SIMPLE
kirby:1:1 [0] NCCL INFO Input: { .comm = 0x3c53a470, .tuningMask = 0x1fffff, .func = AllGather, .redOp = 0, .devRedop = 0, .dataType = 0, .nBytes = 21495808, .numPipesOps = 1, .count = 10747904, .countMax = 0, .nWorks = 0, .winRegType = 0, .regBuff = 0 }
kirby:1:1 [0] NCCL INFO Best tuning { .id = 5, .valid = 1, timeUs = 1421.866699,  .algo = RING, .proto = SIMPLE, .symKernelId = Unknown, .ceMethodId = 2, nChannels = 4, maxChannels = 4, nWarps = 17, forced = 1 }
kirby:1:1 [0] NCCL INFO Best tuning, algorithm, RING, protocol, SIMPLE
kirby:1:1 [0] NCCL INFO Input: { .comm = 0x369a4f60, .tuningMask = 0x1fffff, .func = AllGather, .redOp = 0, .devRedop = 0, .dataType = 0, .nBytes = 100663296, .numPipesOps = 1, .count = 50331648, .countMax = 0, .nWorks = 0, .winRegType = 0, .regBuff = 0 }
kirby:1:1 [0] NCCL INFO Best tuning { .id = 5, .valid = 1, timeUs = 6576.000000,  .algo = RING, .proto = SIMPLE, .symKernelId = Unknown, .ceMethodId = 2, nChannels = 4, maxChannels = 4, nWarps = 17, forced = 1 }
kirby:1:1 [0] NCCL INFO Best tuning, algorithm, RING, protocol, SIMPLE
kirby:1:1 [0] NCCL INFO Input: { .comm = 0x3c53a470, .tuningMask = 0x1fffff, .func = AllGather, .redOp = 0, .devRedop = 0, .dataType = 0, .nBytes = 21495808, .numPipesOps = 1, .count = 10747904, .countMax = 0, .nWorks = 0, .winRegType = 0, .regBuff = 0 }
kirby:1:1 [0] NCCL INFO Best tuning { .id = 5, .valid = 1, timeUs = 1421.866699,  .algo = RING, .proto = SIMPLE, .symKernelId = Unknown, .ceMethodId = 2, nChannels = 4, maxChannels = 4, nWarps = 17, forced = 1 }
kirby:1:1 [0] NCCL INFO Best tuning, algorithm, RING, protocol, SIMPLE
kirby:1:1 [0] NCCL INFO Input: { .comm = 0x369a4f60, .tuningMask = 0x1fffff, .func = AllGather, .redOp = 0, .devRedop = 0, .dataType = 0, .nBytes = 100663296, .numPipesOps = 1, .count = 50331648, .countMax = 0, .nWorks = 0, .winRegType = 0, .regBuff = 0 }
kirby:1:1 [0] NCCL INFO Best tuning { .id = 5, .valid = 1, timeUs = 6576.000000,  .algo = RING, .proto = SIMPLE, .symKernelId = Unknown, .ceMethodId = 2, nChannels = 4, maxChannels = 4, nWarps = 17, forced = 1 }
kirby:1:1 [0] NCCL INFO Best tuning, algorithm, RING, protocol, SIMPLE
kirby:1:1 [0] NCCL INFO Input: { .comm = 0x3c53a470, .tuningMask = 0x1fffff, .func = AllGather, .redOp = 0, .devRedop = 0, .dataType = 0, .nBytes = 21495808, .numPipesOps = 1, .count = 10747904, .countMax = 0, .nWorks = 0, .winRegType = 0, .regBuff = 0 }
kirby:1:1 [0] NCCL INFO Best tuning { .id = 5, .valid = 1, timeUs = 1421.866699,  .algo = RING, .proto = SIMPLE, .symKernelId = Unknown, .ceMethodId = 2, nChannels = 4, maxChannels = 4, nWarps = 17, forced = 1 }
kirby:1:1 [0] NCCL INFO Best tuning, algorithm, RING, protocol, SIMPLE
kirby:1:1 [0] NCCL INFO Input: { .comm = 0x369a4f60, .tuningMask = 0x1fffff, .func = AllGather, .redOp = 0, .devRedop = 0, .dataType = 0, .nBytes = 100663296, .numPipesOps = 1, .count = 50331648, .countMax = 0, .nWorks = 0, .winRegType = 0, .regBuff = 0 }
kirby:1:1 [0] NCCL INFO Best tuning { .id = 5, .valid = 1, timeUs = 6576.000000,  .algo = RING, .proto = SIMPLE, .symKernelId = Unknown, .ceMethodId = 2, nChannels = 4, maxChannels = 4, nWarps = 17, forced = 1 }
kirby:1:1 [0] NCCL INFO Best tuning, algorithm, RING, protocol, SIMPLE
kirby:1:1 [0] NCCL INFO Input: { .comm = 0x3c53a470, .tuningMask = 0x1fffff, .func = AllGather, .redOp = 0, .devRedop = 0, .dataType = 0, .nBytes = 21495808, .numPipesOps = 1, .count = 10747904, .countMax = 0, .nWorks = 0, .winRegType = 0, .regBuff = 0 }
kirby:1:1 [0] NCCL INFO Best tuning { .id = 5, .valid = 1, timeUs = 1421.866699,  .algo = RING, .proto = SIMPLE, .symKernelId = Unknown, .ceMethodId = 2, nChannels = 4, maxChannels = 4, nWarps = 17, forced = 1 }
kirby:1:1 [0] NCCL INFO Best tuning, algorithm, RING, protocol, SIMPLE
kirby:1:1 [0] NCCL INFO Input: { .comm = 0x369a4f60, .tuningMask = 0x1fffff, .func = AllGather, .redOp = 0, .devRedop = 0, .dataType = 0, .nBytes = 100663296, .numPipesOps = 1, .count = 50331648, .countMax = 0, .nWorks = 0, .winRegType = 0, .regBuff = 0 }
kirby:1:1 [0] NCCL INFO Best tuning { .id = 5, .valid = 1, timeUs = 6576.000000,  .algo = RING, .proto = SIMPLE, .symKernelId = Unknown, .ceMethodId = 2, nChannels = 4, maxChannels = 4, nWarps = 17, forced = 1 }
kirby:1:1 [0] NCCL INFO Best tuning, algorithm, RING, protocol, SIMPLE
kirby:1:1 [0] NCCL INFO Input: { .comm = 0x3c53a470, .tuningMask = 0x1fffff, .func = AllGather, .redOp = 0, .devRedop = 0, .dataType = 0, .nBytes = 21495808, .numPipesOps = 1, .count = 10747904, .countMax = 0, .nWorks = 0, .winRegType = 0, .regBuff = 0 }
kirby:1:1 [0] NCCL INFO Best tuning { .id = 5, .valid = 1, timeUs = 1421.866699,  .algo = RING, .proto = SIMPLE, .symKernelId = Unknown, .ceMethodId = 2, nChannels = 4, maxChannels = 4, nWarps = 17, forced = 1 }
kirby:1:1 [0] NCCL INFO Best tuning, algorithm, RING, protocol, SIMPLE
kirby:1:1 [0] NCCL INFO Input: { .comm = 0x369a4f60, .tuningMask = 0x1fffff, .func = AllGather, .redOp = 0, .devRedop = 0, .dataType = 0, .nBytes = 100663296, .numPipesOps = 1, .count = 50331648, .countMax = 0, .nWorks = 0, .winRegType = 0, .regBuff = 0 }
kirby:1:1 [0] NCCL INFO Best tuning { .id = 5, .valid = 1, timeUs = 6576.000000,  .algo = RING, .proto = SIMPLE, .symKernelId = Unknown, .ceMethodId = 2, nChannels = 4, maxChannels = 4, nWarps = 17, forced = 1 }
kirby:1:1 [0] NCCL INFO Best tuning, algorithm, RING, protocol, SIMPLE
kirby:1:1 [0] NCCL INFO Input: { .comm = 0x3c53a470, .tuningMask = 0x1fffff, .func = AllGather, .redOp = 0, .devRedop = 0, .dataType = 0, .nBytes = 21495808, .numPipesOps = 1, .count = 10747904, .countMax = 0, .nWorks = 0, .winRegType = 0, .regBuff = 0 }
kirby:1:1 [0] NCCL INFO Best tuning { .id = 5, .valid = 1, timeUs = 1421.866699,  .algo = RING, .proto = SIMPLE, .symKernelId = Unknown, .ceMethodId = 2, nChannels = 4, maxChannels = 4, nWarps = 17, forced = 1 }
kirby:1:1 [0] NCCL INFO Best tuning, algorithm, RING, protocol, SIMPLE
kirby:1:1 [0] NCCL INFO Input: { .comm = 0x369a4f60, .tuningMask = 0x1fffff, .func = AllGather, .redOp = 0, .devRedop = 0, .dataType = 0, .nBytes = 100663296, .numPipesOps = 1, .count = 50331648, .countMax = 0, .nWorks = 0, .winRegType = 0, .regBuff = 0 }
kirby:1:1 [0] NCCL INFO Best tuning { .id = 5, .valid = 1, timeUs = 6576.000000,  .algo = RING, .proto = SIMPLE, .symKernelId = Unknown, .ceMethodId = 2, nChannels = 4, maxChannels = 4, nWarps = 17, forced = 1 }
kirby:1:1 [0] NCCL INFO Best tuning, algorithm, RING, protocol, SIMPLE
kirby:1:1 [0] NCCL INFO Input: { .comm = 0x3c53a470, .tuningMask = 0x1fffff, .func = AllGather, .redOp = 0, .devRedop = 0, .dataType = 0, .nBytes = 21495808, .numPipesOps = 1, .count = 10747904, .countMax = 0, .nWorks = 0, .winRegType = 0, .regBuff = 0 }
kirby:1:1 [0] NCCL INFO Best tuning { .id = 5, .valid = 1, timeUs = 1421.866699,  .algo = RING, .proto = SIMPLE, .symKernelId = Unknown, .ceMethodId = 2, nChannels = 4, maxChannels = 4, nWarps = 17, forced = 1 }
kirby:1:1 [0] NCCL INFO Best tuning, algorithm, RING, protocol, SIMPLE
kirby:1:1 [0] NCCL INFO Input: { .comm = 0x369a4f60, .tuningMask = 0x1fffff, .func = AllGather, .redOp = 0, .devRedop = 0, .dataType = 0, .nBytes = 100663296, .numPipesOps = 1, .count = 50331648, .countMax = 0, .nWorks = 0, .winRegType = 0, .regBuff = 0 }
kirby:1:1 [0] NCCL INFO Best tuning { .id = 5, .valid = 1, timeUs = 6576.000000,  .algo = RING, .proto = SIMPLE, .symKernelId = Unknown, .ceMethodId = 2, nChannels = 4, maxChannels = 4, nWarps = 17, forced = 1 }
kirby:1:1 [0] NCCL INFO Best tuning, algorithm, RING, protocol, SIMPLE
kirby:1:1 [0] NCCL INFO Input: { .comm = 0x3c53a470, .tuningMask = 0x1fffff, .func = AllGather, .redOp = 0, .devRedop = 0, .dataType = 0, .nBytes = 21495808, .numPipesOps = 1, .count = 10747904, .countMax = 0, .nWorks = 0, .winRegType = 0, .regBuff = 0 }
kirby:1:1 [0] NCCL INFO Best tuning { .id = 5, .valid = 1, timeUs = 1421.866699,  .algo = RING, .proto = SIMPLE, .symKernelId = Unknown, .ceMethodId = 2, nChannels = 4, maxChannels = 4, nWarps = 17, forced = 1 }
kirby:1:1 [0] NCCL INFO Best tuning, algorithm, RING, protocol, SIMPLE
kirby:1:1 [0] NCCL INFO Input: { .comm = 0x369a4f60, .tuningMask = 0x1fffff, .func = AllGather, .redOp = 0, .devRedop = 0, .dataType = 0, .nBytes = 100663296, .numPipesOps = 1, .count = 50331648, .countMax = 0, .nWorks = 0, .winRegType = 0, .regBuff = 0 }
kirby:1:1 [0] NCCL INFO Best tuning { .id = 5, .valid = 1, timeUs = 6576.000000,  .algo = RING, .proto = SIMPLE, .symKernelId = Unknown, .ceMethodId = 2, nChannels = 4, maxChannels = 4, nWarps = 17, forced = 1 }
kirby:1:1 [0] NCCL INFO Best tuning, algorithm, RING, protocol, SIMPLE
kirby:1:1 [0] NCCL INFO Input: { .comm = 0x3c53a470, .tuningMask = 0x1fffff, .func = AllGather, .redOp = 0, .devRedop = 0, .dataType = 0, .nBytes = 21495808, .numPipesOps = 1, .count = 10747904, .countMax = 0, .nWorks = 0, .winRegType = 0, .regBuff = 0 }
kirby:1:1 [0] NCCL INFO Best tuning { .id = 5, .valid = 1, timeUs = 1421.866699,  .algo = RING, .proto = SIMPLE, .symKernelId = Unknown, .ceMethodId = 2, nChannels = 4, maxChannels = 4, nWarps = 17, forced = 1 }
kirby:1:1 [0] NCCL INFO Best tuning, algorithm, RING, protocol, SIMPLE
kirby:1:1 [0] NCCL INFO Input: { .comm = 0x369a4f60, .tuningMask = 0x1fffff, .func = AllGather, .redOp = 0, .devRedop = 0, .dataType = 0, .nBytes = 100663296, .numPipesOps = 1, .count = 50331648, .countMax = 0, .nWorks = 0, .winRegType = 0, .regBuff = 0 }
kirby:1:1 [0] NCCL INFO Best tuning { .id = 5, .valid = 1, timeUs = 6576.000000,  .algo = RING, .proto = SIMPLE, .symKernelId = Unknown, .ceMethodId = 2, nChannels = 4, maxChannels = 4, nWarps = 17, forced = 1 }
kirby:1:1 [0] NCCL INFO Best tuning, algorithm, RING, protocol, SIMPLE
kirby:1:1 [0] NCCL INFO Input: { .comm = 0x3c53a470, .tuningMask = 0x1fffff, .func = AllGather, .redOp = 0, .devRedop = 0, .dataType = 0, .nBytes = 21495808, .numPipesOps = 1, .count = 10747904, .countMax = 0, .nWorks = 0, .winRegType = 0, .regBuff = 0 }
kirby:1:1 [0] NCCL INFO Best tuning { .id = 5, .valid = 1, timeUs = 1421.866699,  .algo = RING, .proto = SIMPLE, .symKernelId = Unknown, .ceMethodId = 2, nChannels = 4, maxChannels = 4, nWarps = 17, forced = 1 }
kirby:1:1 [0] NCCL INFO Best tuning, algorithm, RING, protocol, SIMPLE
kirby:1:1 [0] NCCL INFO Input: { .comm = 0x369a4f60, .tuningMask = 0x1fffff, .func = AllGather, .redOp = 0, .devRedop = 0, .dataType = 0, .nBytes = 100663296, .numPipesOps = 1, .count = 50331648, .countMax = 0, .nWorks = 0, .winRegType = 0, .regBuff = 0 }
kirby:1:1 [0] NCCL INFO Best tuning { .id = 5, .valid = 1, timeUs = 6576.000000,  .algo = RING, .proto = SIMPLE, .symKernelId = Unknown, .ceMethodId = 2, nChannels = 4, maxChannels = 4, nWarps = 17, forced = 1 }
kirby:1:1 [0] NCCL INFO Best tuning, algorithm, RING, protocol, SIMPLE
kirby:1:1 [0] NCCL INFO Input: { .comm = 0x3c53a470, .tuningMask = 0x1fffff, .func = AllGather, .redOp = 0, .devRedop = 0, .dataType = 0, .nBytes = 21495808, .numPipesOps = 1, .count = 10747904, .countMax = 0, .nWorks = 0, .winRegType = 0, .regBuff = 0 }
kirby:1:1 [0] NCCL INFO Best tuning { .id = 5, .valid = 1, timeUs = 1421.866699,  .algo = RING, .proto = SIMPLE, .symKernelId = Unknown, .ceMethodId = 2, nChannels = 4, maxChannels = 4, nWarps = 17, forced = 1 }
kirby:1:1 [0] NCCL INFO Best tuning, algorithm, RING, protocol, SIMPLE
kirby:1:1 [0] NCCL INFO Input: { .comm = 0x369a4f60, .tuningMask = 0x1fffff, .func = AllGather, .redOp = 0, .devRedop = 0, .dataType = 0, .nBytes = 100663296, .numPipesOps = 1, .count = 50331648, .countMax = 0, .nWorks = 0, .winRegType = 0, .regBuff = 0 }
kirby:1:1 [0] NCCL INFO Best tuning { .id = 5, .valid = 1, timeUs = 6576.000000,  .algo = RING, .proto = SIMPLE, .symKernelId = Unknown, .ceMethodId = 2, nChannels = 4, maxChannels = 4, nWarps = 17, forced = 1 }
kirby:1:1 [0] NCCL INFO Best tuning, algorithm, RING, protocol, SIMPLE
kirby:1:1 [0] NCCL INFO Input: { .comm = 0x3c53a470, .tuningMask = 0x1fffff, .func = AllGather, .redOp = 0, .devRedop = 0, .dataType = 0, .nBytes = 21495808, .numPipesOps = 1, .count = 10747904, .countMax = 0, .nWorks = 0, .winRegType = 0, .regBuff = 0 }
kirby:1:1 [0] NCCL INFO Best tuning { .id = 5, .valid = 1, timeUs = 1421.866699,  .algo = RING, .proto = SIMPLE, .symKernelId = Unknown, .ceMethodId = 2, nChannels = 4, maxChannels = 4, nWarps = 17, forced = 1 }
kirby:1:1 [0] NCCL INFO Best tuning, algorithm, RING, protocol, SIMPLE
kirby:1:1 [0] NCCL INFO Input: { .comm = 0x369a4f60, .tuningMask = 0x1fffff, .func = AllGather, .redOp = 0, .devRedop = 0, .dataType = 0, .nBytes = 100663296, .numPipesOps = 1, .count = 50331648, .countMax = 0, .nWorks = 0, .winRegType = 0, .regBuff = 0 }
kirby:1:1 [0] NCCL INFO Best tuning { .id = 5, .valid = 1, timeUs = 6576.000000,  .algo = RING, .proto = SIMPLE, .symKernelId = Unknown, .ceMethodId = 2, nChannels = 4, maxChannels = 4, nWarps = 17, forced = 1 }
kirby:1:1 [0] NCCL INFO Best tuning, algorithm, RING, protocol, SIMPLE
kirby:1:1 [0] NCCL INFO Input: { .comm = 0x3c53a470, .tuningMask = 0x1fffff, .func = AllGather, .redOp = 0, .devRedop = 0, .dataType = 0, .nBytes = 21495808, .numPipesOps = 1, .count = 10747904, .countMax = 0, .nWorks = 0, .winRegType = 0, .regBuff = 0 }
kirby:1:1 [0] NCCL INFO Best tuning { .id = 5, .valid = 1, timeUs = 1421.866699,  .algo = RING, .proto = SIMPLE, .symKernelId = Unknown, .ceMethodId = 2, nChannels = 4, maxChannels = 4, nWarps = 17, forced = 1 }
kirby:1:1 [0] NCCL INFO Best tuning, algorithm, RING, protocol, SIMPLE
kirby:1:1 [0] NCCL INFO Input: { .comm = 0x369a4f60, .tuningMask = 0x1fffff, .func = AllGather, .redOp = 0, .devRedop = 0, .dataType = 0, .nBytes = 100663296, .numPipesOps = 1, .count = 50331648, .countMax = 0, .nWorks = 0, .winRegType = 0, .regBuff = 0 }
kirby:1:1 [0] NCCL INFO Best tuning { .id = 5, .valid = 1, timeUs = 6576.000000,  .algo = RING, .proto = SIMPLE, .symKernelId = Unknown, .ceMethodId = 2, nChannels = 4, maxChannels = 4, nWarps = 17, forced = 1 }
kirby:1:1 [0] NCCL INFO Best tuning, algorithm, RING, protocol, SIMPLE
kirby:1:1 [0] NCCL INFO Input: { .comm = 0x3c53a470, .tuningMask = 0x1fffff, .func = AllGather, .redOp = 0, .devRedop = 0, .dataType = 0, .nBytes = 21495808, .numPipesOps = 1, .count = 10747904, .countMax = 0, .nWorks = 0, .winRegType = 0, .regBuff = 0 }
kirby:1:1 [0] NCCL INFO Best tuning { .id = 5, .valid = 1, timeUs = 1421.866699,  .algo = RING, .proto = SIMPLE, .symKernelId = Unknown, .ceMethodId = 2, nChannels = 4, maxChannels = 4, nWarps = 17, forced = 1 }
kirby:1:1 [0] NCCL INFO Best tuning, algorithm, RING, protocol, SIMPLE
kirby:1:1 [0] NCCL INFO Input: { .comm = 0x369a4f60, .tuningMask = 0x1fffff, .func = AllGather, .redOp = 0, .devRedop = 0, .dataType = 0, .nBytes = 100663296, .numPipesOps = 1, .count = 50331648, .countMax = 0, .nWorks = 0, .winRegType = 0, .regBuff = 0 }
kirby:1:1 [0] NCCL INFO Best tuning { .id = 5, .valid = 1, timeUs = 6576.000000,  .algo = RING, .proto = SIMPLE, .symKernelId = Unknown, .ceMethodId = 2, nChannels = 4, maxChannels = 4, nWarps = 17, forced = 1 }
kirby:1:1 [0] NCCL INFO Best tuning, algorithm, RING, protocol, SIMPLE
kirby:1:1 [0] NCCL INFO Input: { .comm = 0x3c53a470, .tuningMask = 0x1fffff, .func = AllGather, .redOp = 0, .devRedop = 0, .dataType = 0, .nBytes = 21495808, .numPipesOps = 1, .count = 10747904, .countMax = 0, .nWorks = 0, .winRegType = 0, .regBuff = 0 }
kirby:1:1 [0] NCCL INFO Best tuning { .id = 5, .valid = 1, timeUs = 1421.866699,  .algo = RING, .proto = SIMPLE, .symKernelId = Unknown, .ceMethodId = 2, nChannels = 4, maxChannels = 4, nWarps = 17, forced = 1 }
kirby:1:1 [0] NCCL INFO Best tuning, algorithm, RING, protocol, SIMPLE
kirby:1:1 [0] NCCL INFO Input: { .comm = 0x369a4f60, .tuningMask = 0x1fffff, .func = AllGather, .redOp = 0, .devRedop = 0, .dataType = 0, .nBytes = 100663296, .numPipesOps = 1, .count = 50331648, .countMax = 0, .nWorks = 0, .winRegType = 0, .regBuff = 0 }
kirby:1:1 [0] NCCL INFO Best tuning { .id = 5, .valid = 1, timeUs = 6576.000000,  .algo = RING, .proto = SIMPLE, .symKernelId = Unknown, .ceMethodId = 2, nChannels = 4, maxChannels = 4, nWarps = 17, forced = 1 }
kirby:1:1 [0] NCCL INFO Best tuning, algorithm, RING, protocol, SIMPLE
kirby:1:1 [0] NCCL INFO Input: { .comm = 0x3c53a470, .tuningMask = 0x1fffff, .func = AllGather, .redOp = 0, .devRedop = 0, .dataType = 0, .nBytes = 21495808, .numPipesOps = 1, .count = 10747904, .countMax = 0, .nWorks = 0, .winRegType = 0, .regBuff = 0 }
kirby:1:1 [0] NCCL INFO Best tuning { .id = 5, .valid = 1, timeUs = 1421.866699,  .algo = RING, .proto = SIMPLE, .symKernelId = Unknown, .ceMethodId = 2, nChannels = 4, maxChannels = 4, nWarps = 17, forced = 1 }
kirby:1:1 [0] NCCL INFO Best tuning, algorithm, RING, protocol, SIMPLE
kirby:1:1 [0] NCCL INFO Input: { .comm = 0x369a4f60, .tuningMask = 0x1fffff, .func = AllGather, .redOp = 0, .devRedop = 0, .dataType = 0, .nBytes = 100663296, .numPipesOps = 1, .count = 50331648, .countMax = 0, .nWorks = 0, .winRegType = 0, .regBuff = 0 }
kirby:1:1 [0] NCCL INFO Best tuning { .id = 5, .valid = 1, timeUs = 6576.000000,  .algo = RING, .proto = SIMPLE, .symKernelId = Unknown, .ceMethodId = 2, nChannels = 4, maxChannels = 4, nWarps = 17, forced = 1 }
kirby:1:1 [0] NCCL INFO Best tuning, algorithm, RING, protocol, SIMPLE
kirby:1:1 [0] NCCL INFO Input: { .comm = 0x3c53a470, .tuningMask = 0x1fffff, .func = AllGather, .redOp = 0, .devRedop = 0, .dataType = 0, .nBytes = 21495808, .numPipesOps = 1, .count = 10747904, .countMax = 0, .nWorks = 0, .winRegType = 0, .regBuff = 0 }
kirby:1:1 [0] NCCL INFO Best tuning { .id = 5, .valid = 1, timeUs = 1421.866699,  .algo = RING, .proto = SIMPLE, .symKernelId = Unknown, .ceMethodId = 2, nChannels = 4, maxChannels = 4, nWarps = 17, forced = 1 }
kirby:1:1 [0] NCCL INFO Best tuning, algorithm, RING, protocol, SIMPLE
kirby:1:1 [0] NCCL INFO Input: { .comm = 0x369a4f60, .tuningMask = 0x1fffff, .func = AllGather, .redOp = 0, .devRedop = 0, .dataType = 0, .nBytes = 100663296, .numPipesOps = 1, .count = 50331648, .countMax = 0, .nWorks = 0, .winRegType = 0, .regBuff = 0 }
kirby:1:1 [0] NCCL INFO Best tuning { .id = 5, .valid = 1, timeUs = 6576.000000,  .algo = RING, .proto = SIMPLE, .symKernelId = Unknown, .ceMethodId = 2, nChannels = 4, maxChannels = 4, nWarps = 17, forced = 1 }
kirby:1:1 [0] NCCL INFO Best tuning, algorithm, RING, protocol, SIMPLE
kirby:1:1 [0] NCCL INFO Input: { .comm = 0x3c53a470, .tuningMask = 0x1fffff, .func = AllGather, .redOp = 0, .devRedop = 0, .dataType = 0, .nBytes = 21495808, .numPipesOps = 1, .count = 10747904, .countMax = 0, .nWorks = 0, .winRegType = 0, .regBuff = 0 }
kirby:1:1 [0] NCCL INFO Best tuning { .id = 5, .valid = 1, timeUs = 1421.866699,  .algo = RING, .proto = SIMPLE, .symKernelId = Unknown, .ceMethodId = 2, nChannels = 4, maxChannels = 4, nWarps = 17, forced = 1 }
kirby:1:1 [0] NCCL INFO Best tuning, algorithm, RING, protocol, SIMPLE
kirby:1:1 [0] NCCL INFO Input: { .comm = 0x369a4f60, .tuningMask = 0x1fffff, .func = AllGather, .redOp = 0, .devRedop = 0, .dataType = 0, .nBytes = 100663296, .numPipesOps = 1, .count = 50331648, .countMax = 0, .nWorks = 0, .winRegType = 0, .regBuff = 0 }
kirby:1:1 [0] NCCL INFO Best tuning { .id = 5, .valid = 1, timeUs = 6576.000000,  .algo = RING, .proto = SIMPLE, .symKernelId = Unknown, .ceMethodId = 2, nChannels = 4, maxChannels = 4, nWarps = 17, forced = 1 }
kirby:1:1 [0] NCCL INFO Best tuning, algorithm, RING, protocol, SIMPLE
kirby:1:1 [0] NCCL INFO Input: { .comm = 0x3c53a470, .tuningMask = 0x1fffff, .func = AllGather, .redOp = 0, .devRedop = 0, .dataType = 0, .nBytes = 21495808, .numPipesOps = 1, .count = 10747904, .countMax = 0, .nWorks = 0, .winRegType = 0, .regBuff = 0 }
kirby:1:1 [0] NCCL INFO Best tuning { .id = 5, .valid = 1, timeUs = 1421.866699,  .algo = RING, .proto = SIMPLE, .symKernelId = Unknown, .ceMethodId = 2, nChannels = 4, maxChannels = 4, nWarps = 17, forced = 1 }
kirby:1:1 [0] NCCL INFO Best tuning, algorithm, RING, protocol, SIMPLE
kirby:1:1 [0] NCCL INFO Input: { .comm = 0x369a4f60, .tuningMask = 0x1fffff, .func = AllGather, .redOp = 0, .devRedop = 0, .dataType = 0, .nBytes = 100663296, .numPipesOps = 1, .count = 50331648, .countMax = 0, .nWorks = 0, .winRegType = 0, .regBuff = 0 }
kirby:1:1 [0] NCCL INFO Best tuning { .id = 5, .valid = 1, timeUs = 6576.000000,  .algo = RING, .proto = SIMPLE, .symKernelId = Unknown, .ceMethodId = 2, nChannels = 4, maxChannels = 4, nWarps = 17, forced = 1 }
kirby:1:1 [0] NCCL INFO Best tuning, algorithm, RING, protocol, SIMPLE
kirby:1:1 [0] NCCL INFO Input: { .comm = 0x3c53a470, .tuningMask = 0x1fffff, .func = AllGather, .redOp = 0, .devRedop = 0, .dataType = 0, .nBytes = 21495808, .numPipesOps = 1, .count = 10747904, .countMax = 0, .nWorks = 0, .winRegType = 0, .regBuff = 0 }
kirby:1:1 [0] NCCL INFO Best tuning { .id = 5, .valid = 1, timeUs = 1421.866699,  .algo = RING, .proto = SIMPLE, .symKernelId = Unknown, .ceMethodId = 2, nChannels = 4, maxChannels = 4, nWarps = 17, forced = 1 }
kirby:1:1 [0] NCCL INFO Best tuning, algorithm, RING, protocol, SIMPLE
kirby:1:1 [0] NCCL INFO Input: { .comm = 0x369a4f60, .tuningMask = 0x1fffff, .func = AllGather, .redOp = 0, .devRedop = 0, .dataType = 0, .nBytes = 100663296, .numPipesOps = 1, .count = 50331648, .countMax = 0, .nWorks = 0, .winRegType = 0, .regBuff = 0 }
kirby:1:1 [0] NCCL INFO Best tuning { .id = 5, .valid = 1, timeUs = 6576.000000,  .algo = RING, .proto = SIMPLE, .symKernelId = Unknown, .ceMethodId = 2, nChannels = 4, maxChannels = 4, nWarps = 17, forced = 1 }
kirby:1:1 [0] NCCL INFO Best tuning, algorithm, RING, protocol, SIMPLE
kirby:1:1 [0] NCCL INFO Input: { .comm = 0x3c53a470, .tuningMask = 0x1fffff, .func = AllGather, .redOp = 0, .devRedop = 0, .dataType = 0, .nBytes = 21495808, .numPipesOps = 1, .count = 10747904, .countMax = 0, .nWorks = 0, .winRegType = 0, .regBuff = 0 }
kirby:1:1 [0] NCCL INFO Best tuning { .id = 5, .valid = 1, timeUs = 1421.866699,  .algo = RING, .proto = SIMPLE, .symKernelId = Unknown, .ceMethodId = 2, nChannels = 4, maxChannels = 4, nWarps = 17, forced = 1 }
kirby:1:1 [0] NCCL INFO Best tuning, algorithm, RING, protocol, SIMPLE
kirby:1:1 [0] NCCL INFO Input: { .comm = 0x369a4f60, .tuningMask = 0x1fffff, .func = AllGather, .redOp = 0, .devRedop = 0, .dataType = 0, .nBytes = 100663296, .numPipesOps = 1, .count = 50331648, .countMax = 0, .nWorks = 0, .winRegType = 0, .regBuff = 0 }
kirby:1:1 [0] NCCL INFO Best tuning { .id = 5, .valid = 1, timeUs = 6576.000000,  .algo = RING, .proto = SIMPLE, .symKernelId = Unknown, .ceMethodId = 2, nChannels = 4, maxChannels = 4, nWarps = 17, forced = 1 }
kirby:1:1 [0] NCCL INFO Best tuning, algorithm, RING, protocol, SIMPLE
kirby:1:1 [0] NCCL INFO Input: { .comm = 0x3c53a470, .tuningMask = 0x1fffff, .func = AllGather, .redOp = 0, .devRedop = 0, .dataType = 0, .nBytes = 21495808, .numPipesOps = 1, .count = 10747904, .countMax = 0, .nWorks = 0, .winRegType = 0, .regBuff = 0 }
kirby:1:1 [0] NCCL INFO Best tuning { .id = 5, .valid = 1, timeUs = 1421.866699,  .algo = RING, .proto = SIMPLE, .symKernelId = Unknown, .ceMethodId = 2, nChannels = 4, maxChannels = 4, nWarps = 17, forced = 1 }
kirby:1:1 [0] NCCL INFO Best tuning, algorithm, RING, protocol, SIMPLE
kirby:1:1 [0] NCCL INFO Input: { .comm = 0x369a4f60, .tuningMask = 0x1fffff, .func = AllGather, .redOp = 0, .devRedop = 0, .dataType = 0, .nBytes = 100663296, .numPipesOps = 1, .count = 50331648, .countMax = 0, .nWorks = 0, .winRegType = 0, .regBuff = 0 }
kirby:1:1 [0] NCCL INFO Best tuning { .id = 5, .valid = 1, timeUs = 6576.000000,  .algo = RING, .proto = SIMPLE, .symKernelId = Unknown, .ceMethodId = 2, nChannels = 4, maxChannels = 4, nWarps = 17, forced = 1 }
kirby:1:1 [0] NCCL INFO Best tuning, algorithm, RING, protocol, SIMPLE
kirby:1:1 [0] NCCL INFO Input: { .comm = 0x3c53a470, .tuningMask = 0x1fffff, .func = AllGather, .redOp = 0, .devRedop = 0, .dataType = 0, .nBytes = 21495808, .numPipesOps = 1, .count = 10747904, .countMax = 0, .nWorks = 0, .winRegType = 0, .regBuff = 0 }
kirby:1:1 [0] NCCL INFO Best tuning { .id = 5, .valid = 1, timeUs = 1421.866699,  .algo = RING, .proto = SIMPLE, .symKernelId = Unknown, .ceMethodId = 2, nChannels = 4, maxChannels = 4, nWarps = 17, forced = 1 }
kirby:1:1 [0] NCCL INFO Best tuning, algorithm, RING, protocol, SIMPLE
kirby:1:1 [0] NCCL INFO Input: { .comm = 0x369a4f60, .tuningMask = 0x1fffff, .func = AllGather, .redOp = 0, .devRedop = 0, .dataType = 0, .nBytes = 100663296, .numPipesOps = 1, .count = 50331648, .countMax = 0, .nWorks = 0, .winRegType = 0, .regBuff = 0 }
kirby:1:1 [0] NCCL INFO Best tuning { .id = 5, .valid = 1, timeUs = 6576.000000,  .algo = RING, .proto = SIMPLE, .symKernelId = Unknown, .ceMethodId = 2, nChannels = 4, maxChannels = 4, nWarps = 17, forced = 1 }
kirby:1:1 [0] NCCL INFO Best tuning, algorithm, RING, protocol, SIMPLE
kirby:1:1 [0] NCCL INFO Input: { .comm = 0x3c53a470, .tuningMask = 0x1fffff, .func = AllGather, .redOp = 0, .devRedop = 0, .dataType = 0, .nBytes = 21495808, .numPipesOps = 1, .count = 10747904, .countMax = 0, .nWorks = 0, .winRegType = 0, .regBuff = 0 }
kirby:1:1 [0] NCCL INFO Best tuning { .id = 5, .valid = 1, timeUs = 1421.866699,  .algo = RING, .proto = SIMPLE, .symKernelId = Unknown, .ceMethodId = 2, nChannels = 4, maxChannels = 4, nWarps = 17, forced = 1 }
kirby:1:1 [0] NCCL INFO Best tuning, algorithm, RING, protocol, SIMPLE
kirby:1:1 [0] NCCL INFO Input: { .comm = 0x369a4f60, .tuningMask = 0x1fffff, .func = AllGather, .redOp = 0, .devRedop = 0, .dataType = 0, .nBytes = 100663296, .numPipesOps = 1, .count = 50331648, .countMax = 0, .nWorks = 0, .winRegType = 0, .regBuff = 0 }
kirby:1:1 [0] NCCL INFO Best tuning { .id = 5, .valid = 1, timeUs = 6576.000000,  .algo = RING, .proto = SIMPLE, .symKernelId = Unknown, .ceMethodId = 2, nChannels = 4, maxChannels = 4, nWarps = 17, forced = 1 }
kirby:1:1 [0] NCCL INFO Best tuning, algorithm, RING, protocol, SIMPLE
kirby:1:1 [0] NCCL INFO Input: { .comm = 0x3c53a470, .tuningMask = 0x1fffff, .func = AllGather, .redOp = 0, .devRedop = 0, .dataType = 0, .nBytes = 21495808, .numPipesOps = 1, .count = 10747904, .countMax = 0, .nWorks = 0, .winRegType = 0, .regBuff = 0 }
kirby:1:1 [0] NCCL INFO Best tuning { .id = 5, .valid = 1, timeUs = 1421.866699,  .algo = RING, .proto = SIMPLE, .symKernelId = Unknown, .ceMethodId = 2, nChannels = 4, maxChannels = 4, nWarps = 17, forced = 1 }
kirby:1:1 [0] NCCL INFO Best tuning, algorithm, RING, protocol, SIMPLE
kirby:1:1 [0] NCCL INFO Input: { .comm = 0x369a4f60, .tuningMask = 0x1fffff, .func = AllGather, .redOp = 0, .devRedop = 0, .dataType = 0, .nBytes = 100663296, .numPipesOps = 1, .count = 50331648, .countMax = 0, .nWorks = 0, .winRegType = 0, .regBuff = 0 }
kirby:1:1 [0] NCCL INFO Best tuning { .id = 5, .valid = 1, timeUs = 6576.000000,  .algo = RING, .proto = SIMPLE, .symKernelId = Unknown, .ceMethodId = 2, nChannels = 4, maxChannels = 4, nWarps = 17, forced = 1 }
kirby:1:1 [0] NCCL INFO Best tuning, algorithm, RING, protocol, SIMPLE
kirby:1:1 [0] NCCL INFO Input: { .comm = 0x3c53a470, .tuningMask = 0x1fffff, .func = AllGather, .redOp = 0, .devRedop = 0, .dataType = 0, .nBytes = 21495808, .numPipesOps = 1, .count = 10747904, .countMax = 0, .nWorks = 0, .winRegType = 0, .regBuff = 0 }
kirby:1:1 [0] NCCL INFO Best tuning { .id = 5, .valid = 1, timeUs = 1421.866699,  .algo = RING, .proto = SIMPLE, .symKernelId = Unknown, .ceMethodId = 2, nChannels = 4, maxChannels = 4, nWarps = 17, forced = 1 }
kirby:1:1 [0] NCCL INFO Best tuning, algorithm, RING, protocol, SIMPLE
kirby:1:1 [0] NCCL INFO Input: { .comm = 0x369a4f60, .tuningMask = 0x1fffff, .func = AllGather, .redOp = 0, .devRedop = 0, .dataType = 0, .nBytes = 100663296, .numPipesOps = 1, .count = 50331648, .countMax = 0, .nWorks = 0, .winRegType = 0, .regBuff = 0 }
kirby:1:1 [0] NCCL INFO Best tuning { .id = 5, .valid = 1, timeUs = 6576.000000,  .algo = RING, .proto = SIMPLE, .symKernelId = Unknown, .ceMethodId = 2, nChannels = 4, maxChannels = 4, nWarps = 17, forced = 1 }
kirby:1:1 [0] NCCL INFO Best tuning, algorithm, RING, protocol, SIMPLE
kirby:1:1 [0] NCCL INFO Input: { .comm = 0x3c53a470, .tuningMask = 0x1fffff, .func = AllGather, .redOp = 0, .devRedop = 0, .dataType = 0, .nBytes = 21495808, .numPipesOps = 1, .count = 10747904, .countMax = 0, .nWorks = 0, .winRegType = 0, .regBuff = 0 }
kirby:1:1 [0] NCCL INFO Best tuning { .id = 5, .valid = 1, timeUs = 1421.866699,  .algo = RING, .proto = SIMPLE, .symKernelId = Unknown, .ceMethodId = 2, nChannels = 4, maxChannels = 4, nWarps = 17, forced = 1 }
kirby:1:1 [0] NCCL INFO Best tuning, algorithm, RING, protocol, SIMPLE
kirby:1:1 [0] NCCL INFO Input: { .comm = 0x369a4f60, .tuningMask = 0x1fffff, .func = AllGather, .redOp = 0, .devRedop = 0, .dataType = 0, .nBytes = 100663296, .numPipesOps = 1, .count = 50331648, .countMax = 0, .nWorks = 0, .winRegType = 0, .regBuff = 0 }
kirby:1:1 [0] NCCL INFO Best tuning { .id = 5, .valid = 1, timeUs = 6576.000000,  .algo = RING, .proto = SIMPLE, .symKernelId = Unknown, .ceMethodId = 2, nChannels = 4, maxChannels = 4, nWarps = 17, forced = 1 }
kirby:1:1 [0] NCCL INFO Best tuning, algorithm, RING, protocol, SIMPLE
kirby:1:1 [0] NCCL INFO Input: { .comm = 0x3c53a470, .tuningMask = 0x1fffff, .func = AllGather, .redOp = 0, .devRedop = 0, .dataType = 0, .nBytes = 21495808, .numPipesOps = 1, .count = 10747904, .countMax = 0, .nWorks = 0, .winRegType = 0, .regBuff = 0 }
kirby:1:1 [0] NCCL INFO Best tuning { .id = 5, .valid = 1, timeUs = 1421.866699,  .algo = RING, .proto = SIMPLE, .symKernelId = Unknown, .ceMethodId = 2, nChannels = 4, maxChannels = 4, nWarps = 17, forced = 1 }
kirby:1:1 [0] NCCL INFO Best tuning, algorithm, RING, protocol, SIMPLE
kirby:1:1 [0] NCCL INFO Input: { .comm = 0x369a4f60, .tuningMask = 0x1fffff, .func = AllGather, .redOp = 0, .devRedop = 0, .dataType = 0, .nBytes = 100663296, .numPipesOps = 1, .count = 50331648, .countMax = 0, .nWorks = 0, .winRegType = 0, .regBuff = 0 }
kirby:1:1 [0] NCCL INFO Best tuning { .id = 5, .valid = 1, timeUs = 6576.000000,  .algo = RING, .proto = SIMPLE, .symKernelId = Unknown, .ceMethodId = 2, nChannels = 4, maxChannels = 4, nWarps = 17, forced = 1 }
kirby:1:1 [0] NCCL INFO Best tuning, algorithm, RING, protocol, SIMPLE
kirby:1:1 [0] NCCL INFO Input: { .comm = 0x3c53a470, .tuningMask = 0x1fffff, .func = AllGather, .redOp = 0, .devRedop = 0, .dataType = 0, .nBytes = 21495808, .numPipesOps = 1, .count = 10747904, .countMax = 0, .nWorks = 0, .winRegType = 0, .regBuff = 0 }
kirby:1:1 [0] NCCL INFO Best tuning { .id = 5, .valid = 1, timeUs = 1421.866699,  .algo = RING, .proto = SIMPLE, .symKernelId = Unknown, .ceMethodId = 2, nChannels = 4, maxChannels = 4, nWarps = 17, forced = 1 }
kirby:1:1 [0] NCCL INFO Best tuning, algorithm, RING, protocol, SIMPLE
kirby:1:1 [0] NCCL INFO Input: { .comm = 0x369a4f60, .tuningMask = 0x1fffff, .func = AllGather, .redOp = 0, .devRedop = 0, .dataType = 0, .nBytes = 100663296, .numPipesOps = 1, .count = 50331648, .countMax = 0, .nWorks = 0, .winRegType = 0, .regBuff = 0 }
kirby:1:1 [0] NCCL INFO Best tuning { .id = 5, .valid = 1, timeUs = 6576.000000,  .algo = RING, .proto = SIMPLE, .symKernelId = Unknown, .ceMethodId = 2, nChannels = 4, maxChannels = 4, nWarps = 17, forced = 1 }
kirby:1:1 [0] NCCL INFO Best tuning, algorithm, RING, protocol, SIMPLE
kirby:1:1 [0] NCCL INFO Input: { .comm = 0x3c53a470, .tuningMask = 0x1fffff, .func = AllGather, .redOp = 0, .devRedop = 0, .dataType = 0, .nBytes = 21495808, .numPipesOps = 1, .count = 10747904, .countMax = 0, .nWorks = 0, .winRegType = 0, .regBuff = 0 }
kirby:1:1 [0] NCCL INFO Best tuning { .id = 5, .valid = 1, timeUs = 1421.866699,  .algo = RING, .proto = SIMPLE, .symKernelId = Unknown, .ceMethodId = 2, nChannels = 4, maxChannels = 4, nWarps = 17, forced = 1 }
kirby:1:1 [0] NCCL INFO Best tuning, algorithm, RING, protocol, SIMPLE
kirby:1:1 [0] NCCL INFO Input: { .comm = 0x369a4f60, .tuningMask = 0x1fffff, .func = AllGather, .redOp = 0, .devRedop = 0, .dataType = 0, .nBytes = 100663296, .numPipesOps = 1, .count = 50331648, .countMax = 0, .nWorks = 0, .winRegType = 0, .regBuff = 0 }
kirby:1:1 [0] NCCL INFO Best tuning { .id = 5, .valid = 1, timeUs = 6576.000000,  .algo = RING, .proto = SIMPLE, .symKernelId = Unknown, .ceMethodId = 2, nChannels = 4, maxChannels = 4, nWarps = 17, forced = 1 }
kirby:1:1 [0] NCCL INFO Best tuning, algorithm, RING, protocol, SIMPLE
kirby:1:1 [0] NCCL INFO Input: { .comm = 0x3c53a470, .tuningMask = 0x1fffff, .func = AllGather, .redOp = 0, .devRedop = 0, .dataType = 0, .nBytes = 21495808, .numPipesOps = 1, .count = 10747904, .countMax = 0, .nWorks = 0, .winRegType = 0, .regBuff = 0 }
kirby:1:1 [0] NCCL INFO Best tuning { .id = 5, .valid = 1, timeUs = 1421.866699,  .algo = RING, .proto = SIMPLE, .symKernelId = Unknown, .ceMethodId = 2, nChannels = 4, maxChannels = 4, nWarps = 17, forced = 1 }
kirby:1:1 [0] NCCL INFO Best tuning, algorithm, RING, protocol, SIMPLE
kirby:1:1 [0] NCCL INFO Input: { .comm = 0x369a4f60, .tuningMask = 0x1fffff, .func = AllGather, .redOp = 0, .devRedop = 0, .dataType = 0, .nBytes = 100663296, .numPipesOps = 1, .count = 50331648, .countMax = 0, .nWorks = 0, .winRegType = 0, .regBuff = 0 }
kirby:1:1 [0] NCCL INFO Best tuning { .id = 5, .valid = 1, timeUs = 6576.000000,  .algo = RING, .proto = SIMPLE, .symKernelId = Unknown, .ceMethodId = 2, nChannels = 4, maxChannels = 4, nWarps = 17, forced = 1 }
kirby:1:1 [0] NCCL INFO Best tuning, algorithm, RING, protocol, SIMPLE
kirby:1:1 [0] NCCL INFO Input: { .comm = 0x3c53a470, .tuningMask = 0x1fffff, .func = AllGather, .redOp = 0, .devRedop = 0, .dataType = 0, .nBytes = 21495808, .numPipesOps = 1, .count = 10747904, .countMax = 0, .nWorks = 0, .winRegType = 0, .regBuff = 0 }
kirby:1:1 [0] NCCL INFO Best tuning { .id = 5, .valid = 1, timeUs = 1421.866699,  .algo = RING, .proto = SIMPLE, .symKernelId = Unknown, .ceMethodId = 2, nChannels = 4, maxChannels = 4, nWarps = 17, forced = 1 }
kirby:1:1 [0] NCCL INFO Best tuning, algorithm, RING, protocol, SIMPLE
kirby:1:1 [0] NCCL INFO Input: { .comm = 0x369a4f60, .tuningMask = 0x1fffff, .func = AllGather, .redOp = 0, .devRedop = 0, .dataType = 0, .nBytes = 100663296, .numPipesOps = 1, .count = 50331648, .countMax = 0, .nWorks = 0, .winRegType = 0, .regBuff = 0 }
kirby:1:1 [0] NCCL INFO Best tuning { .id = 5, .valid = 1, timeUs = 6576.000000,  .algo = RING, .proto = SIMPLE, .symKernelId = Unknown, .ceMethodId = 2, nChannels = 4, maxChannels = 4, nWarps = 17, forced = 1 }
kirby:1:1 [0] NCCL INFO Best tuning, algorithm, RING, protocol, SIMPLE
kirby:1:1 [0] NCCL INFO Input: { .comm = 0x3c53a470, .tuningMask = 0x1fffff, .func = AllGather, .redOp = 0, .devRedop = 0, .dataType = 0, .nBytes = 21495808, .numPipesOps = 1, .count = 10747904, .countMax = 0, .nWorks = 0, .winRegType = 0, .regBuff = 0 }
kirby:1:1 [0] NCCL INFO Best tuning { .id = 5, .valid = 1, timeUs = 1421.866699,  .algo = RING, .proto = SIMPLE, .symKernelId = Unknown, .ceMethodId = 2, nChannels = 4, maxChannels = 4, nWarps = 17, forced = 1 }
kirby:1:1 [0] NCCL INFO Best tuning, algorithm, RING, protocol, SIMPLE
kirby:1:1 [0] NCCL INFO Input: { .comm = 0x369a4f60, .tuningMask = 0x1fffff, .func = AllGather, .redOp = 0, .devRedop = 0, .dataType = 0, .nBytes = 100663296, .numPipesOps = 1, .count = 50331648, .countMax = 0, .nWorks = 0, .winRegType = 0, .regBuff = 0 }
kirby:1:1 [0] NCCL INFO Best tuning { .id = 5, .valid = 1, timeUs = 6576.000000,  .algo = RING, .proto = SIMPLE, .symKernelId = Unknown, .ceMethodId = 2, nChannels = 4, maxChannels = 4, nWarps = 17, forced = 1 }
kirby:1:1 [0] NCCL INFO Best tuning, algorithm, RING, protocol, SIMPLE
kirby:1:1 [0] NCCL INFO Input: { .comm = 0x3c53a470, .tuningMask = 0x1fffff, .func = AllGather, .redOp = 0, .devRedop = 0, .dataType = 0, .nBytes = 21495808, .numPipesOps = 1, .count = 10747904, .countMax = 0, .nWorks = 0, .winRegType = 0, .regBuff = 0 }
kirby:1:1 [0] NCCL INFO Best tuning { .id = 5, .valid = 1, timeUs = 1421.866699,  .algo = RING, .proto = SIMPLE, .symKernelId = Unknown, .ceMethodId = 2, nChannels = 4, maxChannels = 4, nWarps = 17, forced = 1 }
kirby:1:1 [0] NCCL INFO Best tuning, algorithm, RING, protocol, SIMPLE
kirby:1:1 [0] NCCL INFO Input: { .comm = 0x369a4f60, .tuningMask = 0x1fffff, .func = AllGather, .redOp = 0, .devRedop = 0, .dataType = 0, .nBytes = 100663296, .numPipesOps = 1, .count = 50331648, .countMax = 0, .nWorks = 0, .winRegType = 0, .regBuff = 0 }
kirby:1:1 [0] NCCL INFO Best tuning { .id = 5, .valid = 1, timeUs = 6576.000000,  .algo = RING, .proto = SIMPLE, .symKernelId = Unknown, .ceMethodId = 2, nChannels = 4, maxChannels = 4, nWarps = 17, forced = 1 }
kirby:1:1 [0] NCCL INFO Best tuning, algorithm, RING, protocol, SIMPLE
kirby:1:1 [0] NCCL INFO Input: { .comm = 0x3c53a470, .tuningMask = 0x1fffff, .func = AllGather, .redOp = 0, .devRedop = 0, .dataType = 0, .nBytes = 21495808, .numPipesOps = 1, .count = 10747904, .countMax = 0, .nWorks = 0, .winRegType = 0, .regBuff = 0 }
kirby:1:1 [0] NCCL INFO Best tuning { .id = 5, .valid = 1, timeUs = 1421.866699,  .algo = RING, .proto = SIMPLE, .symKernelId = Unknown, .ceMethodId = 2, nChannels = 4, maxChannels = 4, nWarps = 17, forced = 1 }
kirby:1:1 [0] NCCL INFO Best tuning, algorithm, RING, protocol, SIMPLE
kirby:1:1 [0] NCCL INFO Input: { .comm = 0x369a4f60, .tuningMask = 0x1fffff, .func = AllGather, .redOp = 0, .devRedop = 0, .dataType = 0, .nBytes = 100663296, .numPipesOps = 1, .count = 50331648, .countMax = 0, .nWorks = 0, .winRegType = 0, .regBuff = 0 }
kirby:1:1 [0] NCCL INFO Best tuning { .id = 5, .valid = 1, timeUs = 6576.000000,  .algo = RING, .proto = SIMPLE, .symKernelId = Unknown, .ceMethodId = 2, nChannels = 4, maxChannels = 4, nWarps = 17, forced = 1 }
kirby:1:1 [0] NCCL INFO Best tuning, algorithm, RING, protocol, SIMPLE
kirby:1:1 [0] NCCL INFO Input: { .comm = 0x3c53a470, .tuningMask = 0x1fffff, .func = AllGather, .redOp = 0, .devRedop = 0, .dataType = 0, .nBytes = 21495808, .numPipesOps = 1, .count = 10747904, .countMax = 0, .nWorks = 0, .winRegType = 0, .regBuff = 0 }
kirby:1:1 [0] NCCL INFO Best tuning { .id = 5, .valid = 1, timeUs = 1421.866699,  .algo = RING, .proto = SIMPLE, .symKernelId = Unknown, .ceMethodId = 2, nChannels = 4, maxChannels = 4, nWarps = 17, forced = 1 }
kirby:1:1 [0] NCCL INFO Best tuning, algorithm, RING, protocol, SIMPLE
kirby:1:1 [0] NCCL INFO Input: { .comm = 0x369a4f60, .tuningMask = 0x1fffff, .func = AllGather, .redOp = 0, .devRedop = 0, .dataType = 0, .nBytes = 100663296, .numPipesOps = 1, .count = 50331648, .countMax = 0, .nWorks = 0, .winRegType = 0, .regBuff = 0 }
kirby:1:1 [0] NCCL INFO Best tuning { .id = 5, .valid = 1, timeUs = 6576.000000,  .algo = RING, .proto = SIMPLE, .symKernelId = Unknown, .ceMethodId = 2, nChannels = 4, maxChannels = 4, nWarps = 17, forced = 1 }
kirby:1:1 [0] NCCL INFO Best tuning, algorithm, RING, protocol, SIMPLE
kirby:1:1 [0] NCCL INFO Input: { .comm = 0x3c53a470, .tuningMask = 0x1fffff, .func = AllGather, .redOp = 0, .devRedop = 0, .dataType = 0, .nBytes = 21495808, .numPipesOps = 1, .count = 10747904, .countMax = 0, .nWorks = 0, .winRegType = 0, .regBuff = 0 }
kirby:1:1 [0] NCCL INFO Best tuning { .id = 5, .valid = 1, timeUs = 1421.866699,  .algo = RING, .proto = SIMPLE, .symKernelId = Unknown, .ceMethodId = 2, nChannels = 4, maxChannels = 4, nWarps = 17, forced = 1 }
kirby:1:1 [0] NCCL INFO Best tuning, algorithm, RING, protocol, SIMPLE
kirby:1:1 [0] NCCL INFO Input: { .comm = 0x369a4f60, .tuningMask = 0x1fffff, .func = AllGather, .redOp = 0, .devRedop = 0, .dataType = 0, .nBytes = 100663296, .numPipesOps = 1, .count = 50331648, .countMax = 0, .nWorks = 0, .winRegType = 0, .regBuff = 0 }
kirby:1:1 [0] NCCL INFO Best tuning { .id = 5, .valid = 1, timeUs = 6576.000000,  .algo = RING, .proto = SIMPLE, .symKernelId = Unknown, .ceMethodId = 2, nChannels = 4, maxChannels = 4, nWarps = 17, forced = 1 }
kirby:1:1 [0] NCCL INFO Best tuning, algorithm, RING, protocol, SIMPLE
kirby:1:1 [0] NCCL INFO Input: { .comm = 0x3c53a470, .tuningMask = 0x1fffff, .func = AllGather, .redOp = 0, .devRedop = 0, .dataType = 0, .nBytes = 21495808, .numPipesOps = 1, .count = 10747904, .countMax = 0, .nWorks = 0, .winRegType = 0, .regBuff = 0 }
kirby:1:1 [0] NCCL INFO Best tuning { .id = 5, .valid = 1, timeUs = 1421.866699,  .algo = RING, .proto = SIMPLE, .symKernelId = Unknown, .ceMethodId = 2, nChannels = 4, maxChannels = 4, nWarps = 17, forced = 1 }
kirby:1:1 [0] NCCL INFO Best tuning, algorithm, RING, protocol, SIMPLE
kirby:1:1 [0] NCCL INFO Input: { .comm = 0x369a4f60, .tuningMask = 0x1fffff, .func = AllGather, .redOp = 0, .devRedop = 0, .dataType = 0, .nBytes = 100663296, .numPipesOps = 1, .count = 50331648, .countMax = 0, .nWorks = 0, .winRegType = 0, .regBuff = 0 }
kirby:1:1 [0] NCCL INFO Best tuning { .id = 5, .valid = 1, timeUs = 6576.000000,  .algo = RING, .proto = SIMPLE, .symKernelId = Unknown, .ceMethodId = 2, nChannels = 4, maxChannels = 4, nWarps = 17, forced = 1 }
kirby:1:1 [0] NCCL INFO Best tuning, algorithm, RING, protocol, SIMPLE
kirby:1:1 [0] NCCL INFO Input: { .comm = 0x3c53a470, .tuningMask = 0x1fffff, .func = AllGather, .redOp = 0, .devRedop = 0, .dataType = 0, .nBytes = 21495808, .numPipesOps = 1, .count = 10747904, .countMax = 0, .nWorks = 0, .winRegType = 0, .regBuff = 0 }
kirby:1:1 [0] NCCL INFO Best tuning { .id = 5, .valid = 1, timeUs = 1421.866699,  .algo = RING, .proto = SIMPLE, .symKernelId = Unknown, .ceMethodId = 2, nChannels = 4, maxChannels = 4, nWarps = 17, forced = 1 }
kirby:1:1 [0] NCCL INFO Best tuning, algorithm, RING, protocol, SIMPLE
kirby:1:1 [0] NCCL INFO Input: { .comm = 0x369a4f60, .tuningMask = 0x1fffff, .func = AllGather, .redOp = 0, .devRedop = 0, .dataType = 0, .nBytes = 100663296, .numPipesOps = 1, .count = 50331648, .countMax = 0, .nWorks = 0, .winRegType = 0, .regBuff = 0 }
kirby:1:1 [0] NCCL INFO Best tuning { .id = 5, .valid = 1, timeUs = 6576.000000,  .algo = RING, .proto = SIMPLE, .symKernelId = Unknown, .ceMethodId = 2, nChannels = 4, maxChannels = 4, nWarps = 17, forced = 1 }
kirby:1:1 [0] NCCL INFO Best tuning, algorithm, RING, protocol, SIMPLE
kirby:1:1 [0] NCCL INFO Input: { .comm = 0x3c53a470, .tuningMask = 0x1fffff, .func = AllGather, .redOp = 0, .devRedop = 0, .dataType = 0, .nBytes = 42151936, .numPipesOps = 1, .count = 21075968, .countMax = 0, .nWorks = 0, .winRegType = 0, .regBuff = 0 }
kirby:1:1 [0] NCCL INFO Best tuning { .id = 5, .valid = 1, timeUs = 2766.666504,  .algo = RING, .proto = SIMPLE, .symKernelId = Unknown, .ceMethodId = 2, nChannels = 4, maxChannels = 4, nWarps = 17, forced = 1 }
kirby:1:1 [0] NCCL INFO Best tuning, algorithm, RING, protocol, SIMPLE
kirby:1:1 [0] NCCL INFO Input: { .comm = 0x369a4f60, .tuningMask = 0x1fffff, .func = AllGather, .redOp = 0, .devRedop = 0, .dataType = 0, .nBytes = 7274496, .numPipesOps = 1, .count = 3637248, .countMax = 0, .nWorks = 0, .winRegType = 0, .regBuff = 0 }
kirby:1:1 [0] NCCL INFO Best tuning { .id = 5, .valid = 1, timeUs = 496.000000,  .algo = RING, .proto = SIMPLE, .symKernelId = Unknown, .ceMethodId = 2, nChannels = 4, maxChannels = 4, nWarps = 17, forced = 1 }
kirby:1:1 [0] NCCL INFO Best tuning, algorithm, RING, protocol, SIMPLE
kirby:1:1 [0] NCCL INFO Input: { .comm = 0x3c53a470, .tuningMask = 0x1fffff, .func = AllGather, .redOp = 0, .devRedop = 0, .dataType = 0, .nBytes = 42151936, .numPipesOps = 1, .count = 21075968, .countMax = 0, .nWorks = 0, .winRegType = 0, .regBuff = 0 }
kirby:1:1 [0] NCCL INFO Best tuning { .id = 5, .valid = 1, timeUs = 2766.666504,  .algo = RING, .proto = SIMPLE, .symKernelId = Unknown, .ceMethodId = 2, nChannels = 4, maxChannels = 4, nWarps = 17, forced = 1 }
kirby:1:1 [0] NCCL INFO Best tuning, algorithm, RING, protocol, SIMPLE
kirby:1:1 [0] NCCL INFO Input: { .comm = 0x369a4f60, .tuningMask = 0x1fffff, .func = AllGather, .redOp = 0, .devRedop = 0, .dataType = 0, .nBytes = 7274496, .numPipesOps = 1, .count = 3637248, .countMax = 0, .nWorks = 0, .winRegType = 0, .regBuff = 0 }
kirby:1:1 [0] NCCL INFO Best tuning { .id = 5, .valid = 1, timeUs = 496.000000,  .algo = RING, .proto = SIMPLE, .symKernelId = Unknown, .ceMethodId = 2, nChannels = 4, maxChannels = 4, nWarps = 17, forced = 1 }
kirby:1:1 [0] NCCL INFO Best tuning, algorithm, RING, protocol, SIMPLE
kirby:1:1 [0] NCCL INFO Input: { .comm = 0x3c53a470, .tuningMask = 0x1fffff, .func = AllGather, .redOp = 0, .devRedop = 0, .dataType = 0, .nBytes = 42151936, .numPipesOps = 1, .count = 21075968, .countMax = 0, .nWorks = 0, .winRegType = 0, .regBuff = 0 }
kirby:1:1 [0] NCCL INFO Best tuning { .id = 5, .valid = 1, timeUs = 2766.666504,  .algo = RING, .proto = SIMPLE, .symKernelId = Unknown, .ceMethodId = 2, nChannels = 4, maxChannels = 4, nWarps = 17, forced = 1 }
kirby:1:1 [0] NCCL INFO Best tuning, algorithm, RING, protocol, SIMPLE
kirby:1:1 [0] NCCL INFO Input: { .comm = 0x369a4f60, .tuningMask = 0x1fffff, .func = AllGather, .redOp = 0, .devRedop = 0, .dataType = 0, .nBytes = 7274496, .numPipesOps = 1, .count = 3637248, .countMax = 0, .nWorks = 0, .winRegType = 0, .regBuff = 0 }
kirby:1:1 [0] NCCL INFO Best tuning { .id = 5, .valid = 1, timeUs = 496.000000,  .algo = RING, .proto = SIMPLE, .symKernelId = Unknown, .ceMethodId = 2, nChannels = 4, maxChannels = 4, nWarps = 17, forced = 1 }
kirby:1:1 [0] NCCL INFO Best tuning, algorithm, RING, protocol, SIMPLE
kirby:1:1 [0] NCCL INFO Input: { .comm = 0x3c53a470, .tuningMask = 0x1fffff, .func = AllGather, .redOp = 0, .devRedop = 0, .dataType = 0, .nBytes = 42151936, .numPipesOps = 1, .count = 21075968, .countMax = 0, .nWorks = 0, .winRegType = 0, .regBuff = 0 }
kirby:1:1 [0] NCCL INFO Best tuning { .id = 5, .valid = 1, timeUs = 2766.666504,  .algo = RING, .proto = SIMPLE, .symKernelId = Unknown, .ceMethodId = 2, nChannels = 4, maxChannels = 4, nWarps = 17, forced = 1 }
kirby:1:1 [0] NCCL INFO Best tuning, algorithm, RING, protocol, SIMPLE
kirby:1:1 [0] NCCL INFO Input: { .comm = 0x369a4f60, .tuningMask = 0x1fffff, .func = AllGather, .redOp = 0, .devRedop = 0, .dataType = 0, .nBytes = 7274496, .numPipesOps = 1, .count = 3637248, .countMax = 0, .nWorks = 0, .winRegType = 0, .regBuff = 0 }
kirby:1:1 [0] NCCL INFO Best tuning { .id = 5, .valid = 1, timeUs = 496.000000,  .algo = RING, .proto = SIMPLE, .symKernelId = Unknown, .ceMethodId = 2, nChannels = 4, maxChannels = 4, nWarps = 17, forced = 1 }
kirby:1:1 [0] NCCL INFO Best tuning, algorithm, RING, protocol, SIMPLE
kirby:1:1 [0] NCCL INFO Input: { .comm = 0x3c53a470, .tuningMask = 0x1fffff, .func = AllGather, .redOp = 0, .devRedop = 0, .dataType = 0, .nBytes = 42151936, .numPipesOps = 1, .count = 21075968, .countMax = 0, .nWorks = 0, .winRegType = 0, .regBuff = 0 }
kirby:1:1 [0] NCCL INFO Best tuning { .id = 5, .valid = 1, timeUs = 2766.666504,  .algo = RING, .proto = SIMPLE, .symKernelId = Unknown, .ceMethodId = 2, nChannels = 4, maxChannels = 4, nWarps = 17, forced = 1 }
kirby:1:1 [0] NCCL INFO Best tuning, algorithm, RING, protocol, SIMPLE
kirby:1:1 [0] NCCL INFO Input: { .comm = 0x369a4f60, .tuningMask = 0x1fffff, .func = AllGather, .redOp = 0, .devRedop = 0, .dataType = 0, .nBytes = 7274496, .numPipesOps = 1, .count = 3637248, .countMax = 0, .nWorks = 0, .winRegType = 0, .regBuff = 0 }
kirby:1:1 [0] NCCL INFO Best tuning { .id = 5, .valid = 1, timeUs = 496.000000,  .algo = RING, .proto = SIMPLE, .symKernelId = Unknown, .ceMethodId = 2, nChannels = 4, maxChannels = 4, nWarps = 17, forced = 1 }
kirby:1:1 [0] NCCL INFO Best tuning, algorithm, RING, protocol, SIMPLE
kirby:1:1 [0] NCCL INFO Input: { .comm = 0x3c53a470, .tuningMask = 0x1fffff, .func = AllGather, .redOp = 0, .devRedop = 0, .dataType = 0, .nBytes = 42151936, .numPipesOps = 1, .count = 21075968, .countMax = 0, .nWorks = 0, .winRegType = 0, .regBuff = 0 }
kirby:1:1 [0] NCCL INFO Best tuning { .id = 5, .valid = 1, timeUs = 2766.666504,  .algo = RING, .proto = SIMPLE, .symKernelId = Unknown, .ceMethodId = 2, nChannels = 4, maxChannels = 4, nWarps = 17, forced = 1 }
kirby:1:1 [0] NCCL INFO Best tuning, algorithm, RING, protocol, SIMPLE
kirby:1:1 [0] NCCL INFO Input: { .comm = 0x369a4f60, .tuningMask = 0x1fffff, .func = AllGather, .redOp = 0, .devRedop = 0, .dataType = 0, .nBytes = 7274496, .numPipesOps = 1, .count = 3637248, .countMax = 0, .nWorks = 0, .winRegType = 0, .regBuff = 0 }
kirby:1:1 [0] NCCL INFO Best tuning { .id = 5, .valid = 1, timeUs = 496.000000,  .algo = RING, .proto = SIMPLE, .symKernelId = Unknown, .ceMethodId = 2, nChannels = 4, maxChannels = 4, nWarps = 17, forced = 1 }
kirby:1:1 [0] NCCL INFO Best tuning, algorithm, RING, protocol, SIMPLE
kirby:1:1 [0] NCCL INFO Input: { .comm = 0x3c53a470, .tuningMask = 0x1fffff, .func = AllGather, .redOp = 0, .devRedop = 0, .dataType = 0, .nBytes = 42151936, .numPipesOps = 1, .count = 21075968, .countMax = 0, .nWorks = 0, .winRegType = 0, .regBuff = 0 }
kirby:1:1 [0] NCCL INFO Best tuning { .id = 5, .valid = 1, timeUs = 2766.666504,  .algo = RING, .proto = SIMPLE, .symKernelId = Unknown, .ceMethodId = 2, nChannels = 4, maxChannels = 4, nWarps = 17, forced = 1 }
kirby:1:1 [0] NCCL INFO Best tuning, algorithm, RING, protocol, SIMPLE
kirby:1:1 [0] NCCL INFO Input: { .comm = 0x369a4f60, .tuningMask = 0x1fffff, .func = AllGather, .redOp = 0, .devRedop = 0, .dataType = 0, .nBytes = 7274496, .numPipesOps = 1, .count = 3637248, .countMax = 0, .nWorks = 0, .winRegType = 0, .regBuff = 0 }
kirby:1:1 [0] NCCL INFO Best tuning { .id = 5, .valid = 1, timeUs = 496.000000,  .algo = RING, .proto = SIMPLE, .symKernelId = Unknown, .ceMethodId = 2, nChannels = 4, maxChannels = 4, nWarps = 17, forced = 1 }
kirby:1:1 [0] NCCL INFO Best tuning, algorithm, RING, protocol, SIMPLE
kirby:1:1 [0] NCCL INFO Input: { .comm = 0x3c53a470, .tuningMask = 0x1fffff, .func = AllGather, .redOp = 0, .devRedop = 0, .dataType = 0, .nBytes = 42151936, .numPipesOps = 1, .count = 21075968, .countMax = 0, .nWorks = 0, .winRegType = 0, .regBuff = 0 }
kirby:1:1 [0] NCCL INFO Best tuning { .id = 5, .valid = 1, timeUs = 2766.666504,  .algo = RING, .proto = SIMPLE, .symKernelId = Unknown, .ceMethodId = 2, nChannels = 4, maxChannels = 4, nWarps = 17, forced = 1 }
kirby:1:1 [0] NCCL INFO Best tuning, algorithm, RING, protocol, SIMPLE
kirby:1:1 [0] NCCL INFO Input: { .comm = 0x369a4f60, .tuningMask = 0x1fffff, .func = AllGather, .redOp = 0, .devRedop = 0, .dataType = 0, .nBytes = 7274496, .numPipesOps = 1, .count = 3637248, .countMax = 0, .nWorks = 0, .winRegType = 0, .regBuff = 0 }
kirby:1:1 [0] NCCL INFO Best tuning { .id = 5, .valid = 1, timeUs = 496.000000,  .algo = RING, .proto = SIMPLE, .symKernelId = Unknown, .ceMethodId = 2, nChannels = 4, maxChannels = 4, nWarps = 17, forced = 1 }
kirby:1:1 [0] NCCL INFO Best tuning, algorithm, RING, protocol, SIMPLE
kirby:1:1 [0] NCCL INFO Input: { .comm = 0x3c53a470, .tuningMask = 0x1fffff, .func = AllGather, .redOp = 0, .devRedop = 0, .dataType = 0, .nBytes = 42151936, .numPipesOps = 1, .count = 21075968, .countMax = 0, .nWorks = 0, .winRegType = 0, .regBuff = 0 }
kirby:1:1 [0] NCCL INFO Best tuning { .id = 5, .valid = 1, timeUs = 2766.666504,  .algo = RING, .proto = SIMPLE, .symKernelId = Unknown, .ceMethodId = 2, nChannels = 4, maxChannels = 4, nWarps = 17, forced = 1 }
kirby:1:1 [0] NCCL INFO Best tuning, algorithm, RING, protocol, SIMPLE
kirby:1:1 [0] NCCL INFO Input: { .comm = 0x369a4f60, .tuningMask = 0x1fffff, .func = AllGather, .redOp = 0, .devRedop = 0, .dataType = 0, .nBytes = 7274496, .numPipesOps = 1, .count = 3637248, .countMax = 0, .nWorks = 0, .winRegType = 0, .regBuff = 0 }
kirby:1:1 [0] NCCL INFO Best tuning { .id = 5, .valid = 1, timeUs = 496.000000,  .algo = RING, .proto = SIMPLE, .symKernelId = Unknown, .ceMethodId = 2, nChannels = 4, maxChannels = 4, nWarps = 17, forced = 1 }
kirby:1:1 [0] NCCL INFO Best tuning, algorithm, RING, protocol, SIMPLE
kirby:1:1 [0] NCCL INFO Input: { .comm = 0x3c53a470, .tuningMask = 0x1fffff, .func = AllGather, .redOp = 0, .devRedop = 0, .dataType = 0, .nBytes = 42151936, .numPipesOps = 1, .count = 21075968, .countMax = 0, .nWorks = 0, .winRegType = 0, .regBuff = 0 }
kirby:1:1 [0] NCCL INFO Best tuning { .id = 5, .valid = 1, timeUs = 2766.666504,  .algo = RING, .proto = SIMPLE, .symKernelId = Unknown, .ceMethodId = 2, nChannels = 4, maxChannels = 4, nWarps = 17, forced = 1 }
kirby:1:1 [0] NCCL INFO Best tuning, algorithm, RING, protocol, SIMPLE
kirby:1:1 [0] NCCL INFO Input: { .comm = 0x369a4f60, .tuningMask = 0x1fffff, .func = AllGather, .redOp = 0, .devRedop = 0, .dataType = 0, .nBytes = 7274496, .numPipesOps = 1, .count = 3637248, .countMax = 0, .nWorks = 0, .winRegType = 0, .regBuff = 0 }
kirby:1:1 [0] NCCL INFO Best tuning { .id = 5, .valid = 1, timeUs = 496.000000,  .algo = RING, .proto = SIMPLE, .symKernelId = Unknown, .ceMethodId = 2, nChannels = 4, maxChannels = 4, nWarps = 17, forced = 1 }
kirby:1:1 [0] NCCL INFO Best tuning, algorithm, RING, protocol, SIMPLE
kirby:1:1 [0] NCCL INFO Input: { .comm = 0x3c53a470, .tuningMask = 0x1fffff, .func = AllGather, .redOp = 0, .devRedop = 0, .dataType = 0, .nBytes = 42151936, .numPipesOps = 1, .count = 21075968, .countMax = 0, .nWorks = 0, .winRegType = 0, .regBuff = 0 }
kirby:1:1 [0] NCCL INFO Best tuning { .id = 5, .valid = 1, timeUs = 2766.666504,  .algo = RING, .proto = SIMPLE, .symKernelId = Unknown, .ceMethodId = 2, nChannels = 4, maxChannels = 4, nWarps = 17, forced = 1 }
kirby:1:1 [0] NCCL INFO Best tuning, algorithm, RING, protocol, SIMPLE
kirby:1:1 [0] NCCL INFO Input: { .comm = 0x369a4f60, .tuningMask = 0x1fffff, .func = AllGather, .redOp = 0, .devRedop = 0, .dataType = 0, .nBytes = 7274496, .numPipesOps = 1, .count = 3637248, .countMax = 0, .nWorks = 0, .winRegType = 0, .regBuff = 0 }
kirby:1:1 [0] NCCL INFO Best tuning { .id = 5, .valid = 1, timeUs = 496.000000,  .algo = RING, .proto = SIMPLE, .symKernelId = Unknown, .ceMethodId = 2, nChannels = 4, maxChannels = 4, nWarps = 17, forced = 1 }
kirby:1:1 [0] NCCL INFO Best tuning, algorithm, RING, protocol, SIMPLE
kirby:1:1 [0] NCCL INFO Input: { .comm = 0x3c53a470, .tuningMask = 0x1fffff, .func = AllGather, .redOp = 0, .devRedop = 0, .dataType = 0, .nBytes = 42151936, .numPipesOps = 1, .count = 21075968, .countMax = 0, .nWorks = 0, .winRegType = 0, .regBuff = 0 }
kirby:1:1 [0] NCCL INFO Best tuning { .id = 5, .valid = 1, timeUs = 2766.666504,  .algo = RING, .proto = SIMPLE, .symKernelId = Unknown, .ceMethodId = 2, nChannels = 4, maxChannels = 4, nWarps = 17, forced = 1 }
kirby:1:1 [0] NCCL INFO Best tuning, algorithm, RING, protocol, SIMPLE
kirby:1:1 [0] NCCL INFO Input: { .comm = 0x369a4f60, .tuningMask = 0x1fffff, .func = AllGather, .redOp = 0, .devRedop = 0, .dataType = 0, .nBytes = 7274496, .numPipesOps = 1, .count = 3637248, .countMax = 0, .nWorks = 0, .winRegType = 0, .regBuff = 0 }
kirby:1:1 [0] NCCL INFO Best tuning { .id = 5, .valid = 1, timeUs = 496.000000,  .algo = RING, .proto = SIMPLE, .symKernelId = Unknown, .ceMethodId = 2, nChannels = 4, maxChannels = 4, nWarps = 17, forced = 1 }
kirby:1:1 [0] NCCL INFO Best tuning, algorithm, RING, protocol, SIMPLE
kirby:1:1 [0] NCCL INFO Input: { .comm = 0x3c53a470, .tuningMask = 0x1fffff, .func = AllGather, .redOp = 0, .devRedop = 0, .dataType = 0, .nBytes = 42151936, .numPipesOps = 1, .count = 21075968, .countMax = 0, .nWorks = 0, .winRegType = 0, .regBuff = 0 }
kirby:1:1 [0] NCCL INFO Best tuning { .id = 5, .valid = 1, timeUs = 2766.666504,  .algo = RING, .proto = SIMPLE, .symKernelId = Unknown, .ceMethodId = 2, nChannels = 4, maxChannels = 4, nWarps = 17, forced = 1 }
kirby:1:1 [0] NCCL INFO Best tuning, algorithm, RING, protocol, SIMPLE
kirby:1:1 [0] NCCL INFO Input: { .comm = 0x369a4f60, .tuningMask = 0x1fffff, .func = AllGather, .redOp = 0, .devRedop = 0, .dataType = 0, .nBytes = 7274496, .numPipesOps = 1, .count = 3637248, .countMax = 0, .nWorks = 0, .winRegType = 0, .regBuff = 0 }
kirby:1:1 [0] NCCL INFO Best tuning { .id = 5, .valid = 1, timeUs = 496.000000,  .algo = RING, .proto = SIMPLE, .symKernelId = Unknown, .ceMethodId = 2, nChannels = 4, maxChannels = 4, nWarps = 17, forced = 1 }
kirby:1:1 [0] NCCL INFO Best tuning, algorithm, RING, protocol, SIMPLE
kirby:1:1 [0] NCCL INFO Input: { .comm = 0x3c53a470, .tuningMask = 0x1fffff, .func = AllGather, .redOp = 0, .devRedop = 0, .dataType = 0, .nBytes = 42151936, .numPipesOps = 1, .count = 21075968, .countMax = 0, .nWorks = 0, .winRegType = 0, .regBuff = 0 }
kirby:1:1 [0] NCCL INFO Best tuning { .id = 5, .valid = 1, timeUs = 2766.666504,  .algo = RING, .proto = SIMPLE, .symKernelId = Unknown, .ceMethodId = 2, nChannels = 4, maxChannels = 4, nWarps = 17, forced = 1 }
kirby:1:1 [0] NCCL INFO Best tuning, algorithm, RING, protocol, SIMPLE
kirby:1:1 [0] NCCL INFO Input: { .comm = 0x369a4f60, .tuningMask = 0x1fffff, .func = AllGather, .redOp = 0, .devRedop = 0, .dataType = 0, .nBytes = 7274496, .numPipesOps = 1, .count = 3637248, .countMax = 0, .nWorks = 0, .winRegType = 0, .regBuff = 0 }
kirby:1:1 [0] NCCL INFO Best tuning { .id = 5, .valid = 1, timeUs = 496.000000,  .algo = RING, .proto = SIMPLE, .symKernelId = Unknown, .ceMethodId = 2, nChannels = 4, maxChannels = 4, nWarps = 17, forced = 1 }
kirby:1:1 [0] NCCL INFO Best tuning, algorithm, RING, protocol, SIMPLE
kirby:1:1 [0] NCCL INFO Input: { .comm = 0x3c53a470, .tuningMask = 0x1fffff, .func = AllGather, .redOp = 0, .devRedop = 0, .dataType = 0, .nBytes = 42151936, .numPipesOps = 1, .count = 21075968, .countMax = 0, .nWorks = 0, .winRegType = 0, .regBuff = 0 }
kirby:1:1 [0] NCCL INFO Best tuning { .id = 5, .valid = 1, timeUs = 2766.666504,  .algo = RING, .proto = SIMPLE, .symKernelId = Unknown, .ceMethodId = 2, nChannels = 4, maxChannels = 4, nWarps = 17, forced = 1 }
kirby:1:1 [0] NCCL INFO Best tuning, algorithm, RING, protocol, SIMPLE
kirby:1:1 [0] NCCL INFO Input: { .comm = 0x369a4f60, .tuningMask = 0x1fffff, .func = AllGather, .redOp = 0, .devRedop = 0, .dataType = 0, .nBytes = 7274496, .numPipesOps = 1, .count = 3637248, .countMax = 0, .nWorks = 0, .winRegType = 0, .regBuff = 0 }
kirby:1:1 [0] NCCL INFO Best tuning { .id = 5, .valid = 1, timeUs = 496.000000,  .algo = RING, .proto = SIMPLE, .symKernelId = Unknown, .ceMethodId = 2, nChannels = 4, maxChannels = 4, nWarps = 17, forced = 1 }
kirby:1:1 [0] NCCL INFO Best tuning, algorithm, RING, protocol, SIMPLE
kirby:1:1 [0] NCCL INFO Input: { .comm = 0x3c53a470, .tuningMask = 0x1fffff, .func = AllGather, .redOp = 0, .devRedop = 0, .dataType = 0, .nBytes = 42151936, .numPipesOps = 1, .count = 21075968, .countMax = 0, .nWorks = 0, .winRegType = 0, .regBuff = 0 }
kirby:1:1 [0] NCCL INFO Best tuning { .id = 5, .valid = 1, timeUs = 2766.666504,  .algo = RING, .proto = SIMPLE, .symKernelId = Unknown, .ceMethodId = 2, nChannels = 4, maxChannels = 4, nWarps = 17, forced = 1 }
kirby:1:1 [0] NCCL INFO Best tuning, algorithm, RING, protocol, SIMPLE
kirby:1:1 [0] NCCL INFO Input: { .comm = 0x369a4f60, .tuningMask = 0x1fffff, .func = AllGather, .redOp = 0, .devRedop = 0, .dataType = 0, .nBytes = 7274496, .numPipesOps = 1, .count = 3637248, .countMax = 0, .nWorks = 0, .winRegType = 0, .regBuff = 0 }
kirby:1:1 [0] NCCL INFO Best tuning { .id = 5, .valid = 1, timeUs = 496.000000,  .algo = RING, .proto = SIMPLE, .symKernelId = Unknown, .ceMethodId = 2, nChannels = 4, maxChannels = 4, nWarps = 17, forced = 1 }
kirby:1:1 [0] NCCL INFO Best tuning, algorithm, RING, protocol, SIMPLE
kirby:1:1 [0] NCCL INFO Input: { .comm = 0x3c53a470, .tuningMask = 0x1fffff, .func = AllGather, .redOp = 0, .devRedop = 0, .dataType = 0, .nBytes = 42151936, .numPipesOps = 1, .count = 21075968, .countMax = 0, .nWorks = 0, .winRegType = 0, .regBuff = 0 }
kirby:1:1 [0] NCCL INFO Best tuning { .id = 5, .valid = 1, timeUs = 2766.666504,  .algo = RING, .proto = SIMPLE, .symKernelId = Unknown, .ceMethodId = 2, nChannels = 4, maxChannels = 4, nWarps = 17, forced = 1 }
kirby:1:1 [0] NCCL INFO Best tuning, algorithm, RING, protocol, SIMPLE
kirby:1:1 [0] NCCL INFO Input: { .comm = 0x369a4f60, .tuningMask = 0x1fffff, .func = AllGather, .redOp = 0, .devRedop = 0, .dataType = 0, .nBytes = 7274496, .numPipesOps = 1, .count = 3637248, .countMax = 0, .nWorks = 0, .winRegType = 0, .regBuff = 0 }
kirby:1:1 [0] NCCL INFO Best tuning { .id = 5, .valid = 1, timeUs = 496.000000,  .algo = RING, .proto = SIMPLE, .symKernelId = Unknown, .ceMethodId = 2, nChannels = 4, maxChannels = 4, nWarps = 17, forced = 1 }
kirby:1:1 [0] NCCL INFO Best tuning, algorithm, RING, protocol, SIMPLE
kirby:1:1 [0] NCCL INFO Input: { .comm = 0x3c53a470, .tuningMask = 0x1fffff, .func = AllGather, .redOp = 0, .devRedop = 0, .dataType = 0, .nBytes = 42151936, .numPipesOps = 1, .count = 21075968, .countMax = 0, .nWorks = 0, .winRegType = 0, .regBuff = 0 }
kirby:1:1 [0] NCCL INFO Best tuning { .id = 5, .valid = 1, timeUs = 2766.666504,  .algo = RING, .proto = SIMPLE, .symKernelId = Unknown, .ceMethodId = 2, nChannels = 4, maxChannels = 4, nWarps = 17, forced = 1 }
kirby:1:1 [0] NCCL INFO Best tuning, algorithm, RING, protocol, SIMPLE
kirby:1:1 [0] NCCL INFO Input: { .comm = 0x369a4f60, .tuningMask = 0x1fffff, .func = AllGather, .redOp = 0, .devRedop = 0, .dataType = 0, .nBytes = 7274496, .numPipesOps = 1, .count = 3637248, .countMax = 0, .nWorks = 0, .winRegType = 0, .regBuff = 0 }
kirby:1:1 [0] NCCL INFO Best tuning { .id = 5, .valid = 1, timeUs = 496.000000,  .algo = RING, .proto = SIMPLE, .symKernelId = Unknown, .ceMethodId = 2, nChannels = 4, maxChannels = 4, nWarps = 17, forced = 1 }
kirby:1:1 [0] NCCL INFO Best tuning, algorithm, RING, protocol, SIMPLE
kirby:1:1 [0] NCCL INFO Input: { .comm = 0x3c53a470, .tuningMask = 0x1fffff, .func = AllGather, .redOp = 0, .devRedop = 0, .dataType = 0, .nBytes = 42151936, .numPipesOps = 1, .count = 21075968, .countMax = 0, .nWorks = 0, .winRegType = 0, .regBuff = 0 }
kirby:1:1 [0] NCCL INFO Best tuning { .id = 5, .valid = 1, timeUs = 2766.666504,  .algo = RING, .proto = SIMPLE, .symKernelId = Unknown, .ceMethodId = 2, nChannels = 4, maxChannels = 4, nWarps = 17, forced = 1 }
kirby:1:1 [0] NCCL INFO Best tuning, algorithm, RING, protocol, SIMPLE
kirby:1:1 [0] NCCL INFO Input: { .comm = 0x369a4f60, .tuningMask = 0x1fffff, .func = AllGather, .redOp = 0, .devRedop = 0, .dataType = 0, .nBytes = 7274496, .numPipesOps = 1, .count = 3637248, .countMax = 0, .nWorks = 0, .winRegType = 0, .regBuff = 0 }
kirby:1:1 [0] NCCL INFO Best tuning { .id = 5, .valid = 1, timeUs = 496.000000,  .algo = RING, .proto = SIMPLE, .symKernelId = Unknown, .ceMethodId = 2, nChannels = 4, maxChannels = 4, nWarps = 17, forced = 1 }
kirby:1:1 [0] NCCL INFO Best tuning, algorithm, RING, protocol, SIMPLE
kirby:1:1 [0] NCCL INFO Input: { .comm = 0x3c53a470, .tuningMask = 0x1fffff, .func = AllGather, .redOp = 0, .devRedop = 0, .dataType = 0, .nBytes = 42151936, .numPipesOps = 1, .count = 21075968, .countMax = 0, .nWorks = 0, .winRegType = 0, .regBuff = 0 }
kirby:1:1 [0] NCCL INFO Best tuning { .id = 5, .valid = 1, timeUs = 2766.666504,  .algo = RING, .proto = SIMPLE, .symKernelId = Unknown, .ceMethodId = 2, nChannels = 4, maxChannels = 4, nWarps = 17, forced = 1 }
kirby:1:1 [0] NCCL INFO Best tuning, algorithm, RING, protocol, SIMPLE
kirby:1:1 [0] NCCL INFO Input: { .comm = 0x369a4f60, .tuningMask = 0x1fffff, .func = AllGather, .redOp = 0, .devRedop = 0, .dataType = 0, .nBytes = 7274496, .numPipesOps = 1, .count = 3637248, .countMax = 0, .nWorks = 0, .winRegType = 0, .regBuff = 0 }
kirby:1:1 [0] NCCL INFO Best tuning { .id = 5, .valid = 1, timeUs = 496.000000,  .algo = RING, .proto = SIMPLE, .symKernelId = Unknown, .ceMethodId = 2, nChannels = 4, maxChannels = 4, nWarps = 17, forced = 1 }
kirby:1:1 [0] NCCL INFO Best tuning, algorithm, RING, protocol, SIMPLE
kirby:1:1 [0] NCCL INFO Input: { .comm = 0x3c53a470, .tuningMask = 0x1fffff, .func = AllGather, .redOp = 0, .devRedop = 0, .dataType = 0, .nBytes = 42151936, .numPipesOps = 1, .count = 21075968, .countMax = 0, .nWorks = 0, .winRegType = 0, .regBuff = 0 }
kirby:1:1 [0] NCCL INFO Best tuning { .id = 5, .valid = 1, timeUs = 2766.666504,  .algo = RING, .proto = SIMPLE, .symKernelId = Unknown, .ceMethodId = 2, nChannels = 4, maxChannels = 4, nWarps = 17, forced = 1 }
kirby:1:1 [0] NCCL INFO Best tuning, algorithm, RING, protocol, SIMPLE
kirby:1:1 [0] NCCL INFO Input: { .comm = 0x369a4f60, .tuningMask = 0x1fffff, .func = AllGather, .redOp = 0, .devRedop = 0, .dataType = 0, .nBytes = 7274496, .numPipesOps = 1, .count = 3637248, .countMax = 0, .nWorks = 0, .winRegType = 0, .regBuff = 0 }
kirby:1:1 [0] NCCL INFO Best tuning { .id = 5, .valid = 1, timeUs = 496.000000,  .algo = RING, .proto = SIMPLE, .symKernelId = Unknown, .ceMethodId = 2, nChannels = 4, maxChannels = 4, nWarps = 17, forced = 1 }
kirby:1:1 [0] NCCL INFO Best tuning, algorithm, RING, protocol, SIMPLE
kirby:1:1 [0] NCCL INFO Input: { .comm = 0x3c53a470, .tuningMask = 0x1fffff, .func = AllGather, .redOp = 0, .devRedop = 0, .dataType = 0, .nBytes = 42151936, .numPipesOps = 1, .count = 21075968, .countMax = 0, .nWorks = 0, .winRegType = 0, .regBuff = 0 }
kirby:1:1 [0] NCCL INFO Best tuning { .id = 5, .valid = 1, timeUs = 2766.666504,  .algo = RING, .proto = SIMPLE, .symKernelId = Unknown, .ceMethodId = 2, nChannels = 4, maxChannels = 4, nWarps = 17, forced = 1 }
kirby:1:1 [0] NCCL INFO Best tuning, algorithm, RING, protocol, SIMPLE
kirby:1:1 [0] NCCL INFO Input: { .comm = 0x369a4f60, .tuningMask = 0x1fffff, .func = AllGather, .redOp = 0, .devRedop = 0, .dataType = 0, .nBytes = 7274496, .numPipesOps = 1, .count = 3637248, .countMax = 0, .nWorks = 0, .winRegType = 0, .regBuff = 0 }
kirby:1:1 [0] NCCL INFO Best tuning { .id = 5, .valid = 1, timeUs = 496.000000,  .algo = RING, .proto = SIMPLE, .symKernelId = Unknown, .ceMethodId = 2, nChannels = 4, maxChannels = 4, nWarps = 17, forced = 1 }
kirby:1:1 [0] NCCL INFO Best tuning, algorithm, RING, protocol, SIMPLE
kirby:1:1 [0] NCCL INFO Input: { .comm = 0x3c53a470, .tuningMask = 0x1fffff, .func = AllGather, .redOp = 0, .devRedop = 0, .dataType = 0, .nBytes = 42151936, .numPipesOps = 1, .count = 21075968, .countMax = 0, .nWorks = 0, .winRegType = 0, .regBuff = 0 }
kirby:1:1 [0] NCCL INFO Best tuning { .id = 5, .valid = 1, timeUs = 2766.666504,  .algo = RING, .proto = SIMPLE, .symKernelId = Unknown, .ceMethodId = 2, nChannels = 4, maxChannels = 4, nWarps = 17, forced = 1 }
kirby:1:1 [0] NCCL INFO Best tuning, algorithm, RING, protocol, SIMPLE
kirby:1:1 [0] NCCL INFO Input: { .comm = 0x369a4f60, .tuningMask = 0x1fffff, .func = AllGather, .redOp = 0, .devRedop = 0, .dataType = 0, .nBytes = 7274496, .numPipesOps = 1, .count = 3637248, .countMax = 0, .nWorks = 0, .winRegType = 0, .regBuff = 0 }
kirby:1:1 [0] NCCL INFO Best tuning { .id = 5, .valid = 1, timeUs = 496.000000,  .algo = RING, .proto = SIMPLE, .symKernelId = Unknown, .ceMethodId = 2, nChannels = 4, maxChannels = 4, nWarps = 17, forced = 1 }
kirby:1:1 [0] NCCL INFO Best tuning, algorithm, RING, protocol, SIMPLE
kirby:1:1 [0] NCCL INFO Input: { .comm = 0x3c53a470, .tuningMask = 0x1fffff, .func = AllGather, .redOp = 0, .devRedop = 0, .dataType = 0, .nBytes = 42151936, .numPipesOps = 1, .count = 21075968, .countMax = 0, .nWorks = 0, .winRegType = 0, .regBuff = 0 }
kirby:1:1 [0] NCCL INFO Best tuning { .id = 5, .valid = 1, timeUs = 2766.666504,  .algo = RING, .proto = SIMPLE, .symKernelId = Unknown, .ceMethodId = 2, nChannels = 4, maxChannels = 4, nWarps = 17, forced = 1 }
kirby:1:1 [0] NCCL INFO Best tuning, algorithm, RING, protocol, SIMPLE
kirby:1:1 [0] NCCL INFO Input: { .comm = 0x369a4f60, .tuningMask = 0x1fffff, .func = AllGather, .redOp = 0, .devRedop = 0, .dataType = 0, .nBytes = 7274496, .numPipesOps = 1, .count = 3637248, .countMax = 0, .nWorks = 0, .winRegType = 0, .regBuff = 0 }
kirby:1:1 [0] NCCL INFO Best tuning { .id = 5, .valid = 1, timeUs = 496.000000,  .algo = RING, .proto = SIMPLE, .symKernelId = Unknown, .ceMethodId = 2, nChannels = 4, maxChannels = 4, nWarps = 17, forced = 1 }
kirby:1:1 [0] NCCL INFO Best tuning, algorithm, RING, protocol, SIMPLE
kirby:1:1 [0] NCCL INFO Input: { .comm = 0x3c53a470, .tuningMask = 0x1fffff, .func = AllGather, .redOp = 0, .devRedop = 0, .dataType = 0, .nBytes = 42151936, .numPipesOps = 1, .count = 21075968, .countMax = 0, .nWorks = 0, .winRegType = 0, .regBuff = 0 }
kirby:1:1 [0] NCCL INFO Best tuning { .id = 5, .valid = 1, timeUs = 2766.666504,  .algo = RING, .proto = SIMPLE, .symKernelId = Unknown, .ceMethodId = 2, nChannels = 4, maxChannels = 4, nWarps = 17, forced = 1 }
kirby:1:1 [0] NCCL INFO Best tuning, algorithm, RING, protocol, SIMPLE
kirby:1:1 [0] NCCL INFO Input: { .comm = 0x369a4f60, .tuningMask = 0x1fffff, .func = AllGather, .redOp = 0, .devRedop = 0, .dataType = 0, .nBytes = 7274496, .numPipesOps = 1, .count = 3637248, .countMax = 0, .nWorks = 0, .winRegType = 0, .regBuff = 0 }
kirby:1:1 [0] NCCL INFO Best tuning { .id = 5, .valid = 1, timeUs = 496.000000,  .algo = RING, .proto = SIMPLE, .symKernelId = Unknown, .ceMethodId = 2, nChannels = 4, maxChannels = 4, nWarps = 17, forced = 1 }
kirby:1:1 [0] NCCL INFO Best tuning, algorithm, RING, protocol, SIMPLE
kirby:1:1 [0] NCCL INFO Input: { .comm = 0x3c53a470, .tuningMask = 0x1fffff, .func = AllGather, .redOp = 0, .devRedop = 0, .dataType = 0, .nBytes = 42151936, .numPipesOps = 1, .count = 21075968, .countMax = 0, .nWorks = 0, .winRegType = 0, .regBuff = 0 }
kirby:1:1 [0] NCCL INFO Best tuning { .id = 5, .valid = 1, timeUs = 2766.666504,  .algo = RING, .proto = SIMPLE, .symKernelId = Unknown, .ceMethodId = 2, nChannels = 4, maxChannels = 4, nWarps = 17, forced = 1 }
kirby:1:1 [0] NCCL INFO Best tuning, algorithm, RING, protocol, SIMPLE
kirby:1:1 [0] NCCL INFO Input: { .comm = 0x369a4f60, .tuningMask = 0x1fffff, .func = AllGather, .redOp = 0, .devRedop = 0, .dataType = 0, .nBytes = 7274496, .numPipesOps = 1, .count = 3637248, .countMax = 0, .nWorks = 0, .winRegType = 0, .regBuff = 0 }
kirby:1:1 [0] NCCL INFO Best tuning { .id = 5, .valid = 1, timeUs = 496.000000,  .algo = RING, .proto = SIMPLE, .symKernelId = Unknown, .ceMethodId = 2, nChannels = 4, maxChannels = 4, nWarps = 17, forced = 1 }
kirby:1:1 [0] NCCL INFO Best tuning, algorithm, RING, protocol, SIMPLE
kirby:1:1 [0] NCCL INFO Input: { .comm = 0x3c53a470, .tuningMask = 0x1fffff, .func = AllGather, .redOp = 0, .devRedop = 0, .dataType = 0, .nBytes = 42151936, .numPipesOps = 1, .count = 21075968, .countMax = 0, .nWorks = 0, .winRegType = 0, .regBuff = 0 }
kirby:1:1 [0] NCCL INFO Best tuning { .id = 5, .valid = 1, timeUs = 2766.666504,  .algo = RING, .proto = SIMPLE, .symKernelId = Unknown, .ceMethodId = 2, nChannels = 4, maxChannels = 4, nWarps = 17, forced = 1 }
kirby:1:1 [0] NCCL INFO Best tuning, algorithm, RING, protocol, SIMPLE
kirby:1:1 [0] NCCL INFO Input: { .comm = 0x369a4f60, .tuningMask = 0x1fffff, .func = AllGather, .redOp = 0, .devRedop = 0, .dataType = 0, .nBytes = 7274496, .numPipesOps = 1, .count = 3637248, .countMax = 0, .nWorks = 0, .winRegType = 0, .regBuff = 0 }
kirby:1:1 [0] NCCL INFO Best tuning { .id = 5, .valid = 1, timeUs = 496.000000,  .algo = RING, .proto = SIMPLE, .symKernelId = Unknown, .ceMethodId = 2, nChannels = 4, maxChannels = 4, nWarps = 17, forced = 1 }
kirby:1:1 [0] NCCL INFO Best tuning, algorithm, RING, protocol, SIMPLE
kirby:1:1 [0] NCCL INFO Input: { .comm = 0x3c53a470, .tuningMask = 0x1fffff, .func = AllGather, .redOp = 0, .devRedop = 0, .dataType = 0, .nBytes = 42151936, .numPipesOps = 1, .count = 21075968, .countMax = 0, .nWorks = 0, .winRegType = 0, .regBuff = 0 }
kirby:1:1 [0] NCCL INFO Best tuning { .id = 5, .valid = 1, timeUs = 2766.666504,  .algo = RING, .proto = SIMPLE, .symKernelId = Unknown, .ceMethodId = 2, nChannels = 4, maxChannels = 4, nWarps = 17, forced = 1 }
kirby:1:1 [0] NCCL INFO Best tuning, algorithm, RING, protocol, SIMPLE
kirby:1:1 [0] NCCL INFO Input: { .comm = 0x369a4f60, .tuningMask = 0x1fffff, .func = AllGather, .redOp = 0, .devRedop = 0, .dataType = 0, .nBytes = 7274496, .numPipesOps = 1, .count = 3637248, .countMax = 0, .nWorks = 0, .winRegType = 0, .regBuff = 0 }
kirby:1:1 [0] NCCL INFO Best tuning { .id = 5, .valid = 1, timeUs = 496.000000,  .algo = RING, .proto = SIMPLE, .symKernelId = Unknown, .ceMethodId = 2, nChannels = 4, maxChannels = 4, nWarps = 17, forced = 1 }
kirby:1:1 [0] NCCL INFO Best tuning, algorithm, RING, protocol, SIMPLE
kirby:1:1 [0] NCCL INFO Input: { .comm = 0x3c53a470, .tuningMask = 0x1fffff, .func = AllGather, .redOp = 0, .devRedop = 0, .dataType = 0, .nBytes = 42151936, .numPipesOps = 1, .count = 21075968, .countMax = 0, .nWorks = 0, .winRegType = 0, .regBuff = 0 }
kirby:1:1 [0] NCCL INFO Best tuning { .id = 5, .valid = 1, timeUs = 2766.666504,  .algo = RING, .proto = SIMPLE, .symKernelId = Unknown, .ceMethodId = 2, nChannels = 4, maxChannels = 4, nWarps = 17, forced = 1 }
kirby:1:1 [0] NCCL INFO Best tuning, algorithm, RING, protocol, SIMPLE
kirby:1:1 [0] NCCL INFO Input: { .comm = 0x369a4f60, .tuningMask = 0x1fffff, .func = AllGather, .redOp = 0, .devRedop = 0, .dataType = 0, .nBytes = 7274496, .numPipesOps = 1, .count = 3637248, .countMax = 0, .nWorks = 0, .winRegType = 0, .regBuff = 0 }
kirby:1:1 [0] NCCL INFO Best tuning { .id = 5, .valid = 1, timeUs = 496.000000,  .algo = RING, .proto = SIMPLE, .symKernelId = Unknown, .ceMethodId = 2, nChannels = 4, maxChannels = 4, nWarps = 17, forced = 1 }
kirby:1:1 [0] NCCL INFO Best tuning, algorithm, RING, protocol, SIMPLE
kirby:1:1 [0] NCCL INFO Input: { .comm = 0x3c53a470, .tuningMask = 0x1fffff, .func = AllGather, .redOp = 0, .devRedop = 0, .dataType = 0, .nBytes = 42151936, .numPipesOps = 1, .count = 21075968, .countMax = 0, .nWorks = 0, .winRegType = 0, .regBuff = 0 }
kirby:1:1 [0] NCCL INFO Best tuning { .id = 5, .valid = 1, timeUs = 2766.666504,  .algo = RING, .proto = SIMPLE, .symKernelId = Unknown, .ceMethodId = 2, nChannels = 4, maxChannels = 4, nWarps = 17, forced = 1 }
kirby:1:1 [0] NCCL INFO Best tuning, algorithm, RING, protocol, SIMPLE
kirby:1:1 [0] NCCL INFO Input: { .comm = 0x369a4f60, .tuningMask = 0x1fffff, .func = AllGather, .redOp = 0, .devRedop = 0, .dataType = 0, .nBytes = 7274496, .numPipesOps = 1, .count = 3637248, .countMax = 0, .nWorks = 0, .winRegType = 0, .regBuff = 0 }
kirby:1:1 [0] NCCL INFO Best tuning { .id = 5, .valid = 1, timeUs = 496.000000,  .algo = RING, .proto = SIMPLE, .symKernelId = Unknown, .ceMethodId = 2, nChannels = 4, maxChannels = 4, nWarps = 17, forced = 1 }
kirby:1:1 [0] NCCL INFO Best tuning, algorithm, RING, protocol, SIMPLE
kirby:1:1 [0] NCCL INFO Input: { .comm = 0x3c53a470, .tuningMask = 0x1fffff, .func = AllGather, .redOp = 0, .devRedop = 0, .dataType = 0, .nBytes = 42151936, .numPipesOps = 1, .count = 21075968, .countMax = 0, .nWorks = 0, .winRegType = 0, .regBuff = 0 }
kirby:1:1 [0] NCCL INFO Best tuning { .id = 5, .valid = 1, timeUs = 2766.666504,  .algo = RING, .proto = SIMPLE, .symKernelId = Unknown, .ceMethodId = 2, nChannels = 4, maxChannels = 4, nWarps = 17, forced = 1 }
kirby:1:1 [0] NCCL INFO Best tuning, algorithm, RING, protocol, SIMPLE
kirby:1:1 [0] NCCL INFO Input: { .comm = 0x369a4f60, .tuningMask = 0x1fffff, .func = AllGather, .redOp = 0, .devRedop = 0, .dataType = 0, .nBytes = 7274496, .numPipesOps = 1, .count = 3637248, .countMax = 0, .nWorks = 0, .winRegType = 0, .regBuff = 0 }
kirby:1:1 [0] NCCL INFO Best tuning { .id = 5, .valid = 1, timeUs = 496.000000,  .algo = RING, .proto = SIMPLE, .symKernelId = Unknown, .ceMethodId = 2, nChannels = 4, maxChannels = 4, nWarps = 17, forced = 1 }
kirby:1:1 [0] NCCL INFO Best tuning, algorithm, RING, protocol, SIMPLE
kirby:1:1 [0] NCCL INFO Input: { .comm = 0x3c53a470, .tuningMask = 0x1fffff, .func = AllGather, .redOp = 0, .devRedop = 0, .dataType = 0, .nBytes = 42151936, .numPipesOps = 1, .count = 21075968, .countMax = 0, .nWorks = 0, .winRegType = 0, .regBuff = 0 }
kirby:1:1 [0] NCCL INFO Best tuning { .id = 5, .valid = 1, timeUs = 2766.666504,  .algo = RING, .proto = SIMPLE, .symKernelId = Unknown, .ceMethodId = 2, nChannels = 4, maxChannels = 4, nWarps = 17, forced = 1 }
kirby:1:1 [0] NCCL INFO Best tuning, algorithm, RING, protocol, SIMPLE
kirby:1:1 [0] NCCL INFO Input: { .comm = 0x369a4f60, .tuningMask = 0x1fffff, .func = AllGather, .redOp = 0, .devRedop = 0, .dataType = 0, .nBytes = 7274496, .numPipesOps = 1, .count = 3637248, .countMax = 0, .nWorks = 0, .winRegType = 0, .regBuff = 0 }
kirby:1:1 [0] NCCL INFO Best tuning { .id = 5, .valid = 1, timeUs = 496.000000,  .algo = RING, .proto = SIMPLE, .symKernelId = Unknown, .ceMethodId = 2, nChannels = 4, maxChannels = 4, nWarps = 17, forced = 1 }
kirby:1:1 [0] NCCL INFO Best tuning, algorithm, RING, protocol, SIMPLE
kirby:1:1 [0] NCCL INFO Input: { .comm = 0x3c53a470, .tuningMask = 0x1fffff, .func = AllGather, .redOp = 0, .devRedop = 0, .dataType = 0, .nBytes = 42151936, .numPipesOps = 1, .count = 21075968, .countMax = 0, .nWorks = 0, .winRegType = 0, .regBuff = 0 }
kirby:1:1 [0] NCCL INFO Best tuning { .id = 5, .valid = 1, timeUs = 2766.666504,  .algo = RING, .proto = SIMPLE, .symKernelId = Unknown, .ceMethodId = 2, nChannels = 4, maxChannels = 4, nWarps = 17, forced = 1 }
kirby:1:1 [0] NCCL INFO Best tuning, algorithm, RING, protocol, SIMPLE
kirby:1:1 [0] NCCL INFO Input: { .comm = 0x369a4f60, .tuningMask = 0x1fffff, .func = AllGather, .redOp = 0, .devRedop = 0, .dataType = 0, .nBytes = 7274496, .numPipesOps = 1, .count = 3637248, .countMax = 0, .nWorks = 0, .winRegType = 0, .regBuff = 0 }
kirby:1:1 [0] NCCL INFO Best tuning { .id = 5, .valid = 1, timeUs = 496.000000,  .algo = RING, .proto = SIMPLE, .symKernelId = Unknown, .ceMethodId = 2, nChannels = 4, maxChannels = 4, nWarps = 17, forced = 1 }
kirby:1:1 [0] NCCL INFO Best tuning, algorithm, RING, protocol, SIMPLE
kirby:1:1 [0] NCCL INFO Input: { .comm = 0x3c53a470, .tuningMask = 0x1fffff, .func = AllGather, .redOp = 0, .devRedop = 0, .dataType = 0, .nBytes = 42151936, .numPipesOps = 1, .count = 21075968, .countMax = 0, .nWorks = 0, .winRegType = 0, .regBuff = 0 }
kirby:1:1 [0] NCCL INFO Best tuning { .id = 5, .valid = 1, timeUs = 2766.666504,  .algo = RING, .proto = SIMPLE, .symKernelId = Unknown, .ceMethodId = 2, nChannels = 4, maxChannels = 4, nWarps = 17, forced = 1 }
kirby:1:1 [0] NCCL INFO Best tuning, algorithm, RING, protocol, SIMPLE
kirby:1:1 [0] NCCL INFO Input: { .comm = 0x369a4f60, .tuningMask = 0x1fffff, .func = AllGather, .redOp = 0, .devRedop = 0, .dataType = 0, .nBytes = 7274496, .numPipesOps = 1, .count = 3637248, .countMax = 0, .nWorks = 0, .winRegType = 0, .regBuff = 0 }
kirby:1:1 [0] NCCL INFO Best tuning { .id = 5, .valid = 1, timeUs = 496.000000,  .algo = RING, .proto = SIMPLE, .symKernelId = Unknown, .ceMethodId = 2, nChannels = 4, maxChannels = 4, nWarps = 17, forced = 1 }
kirby:1:1 [0] NCCL INFO Best tuning, algorithm, RING, protocol, SIMPLE
kirby:1:1 [0] NCCL INFO Input: { .comm = 0x3c53a470, .tuningMask = 0x1fffff, .func = AllGather, .redOp = 0, .devRedop = 0, .dataType = 0, .nBytes = 42151936, .numPipesOps = 1, .count = 21075968, .countMax = 0, .nWorks = 0, .winRegType = 0, .regBuff = 0 }
kirby:1:1 [0] NCCL INFO Best tuning { .id = 5, .valid = 1, timeUs = 2766.666504,  .algo = RING, .proto = SIMPLE, .symKernelId = Unknown, .ceMethodId = 2, nChannels = 4, maxChannels = 4, nWarps = 17, forced = 1 }
kirby:1:1 [0] NCCL INFO Best tuning, algorithm, RING, protocol, SIMPLE
kirby:1:1 [0] NCCL INFO Input: { .comm = 0x369a4f60, .tuningMask = 0x1fffff, .func = AllGather, .redOp = 0, .devRedop = 0, .dataType = 0, .nBytes = 7274496, .numPipesOps = 1, .count = 3637248, .countMax = 0, .nWorks = 0, .winRegType = 0, .regBuff = 0 }
kirby:1:1 [0] NCCL INFO Best tuning { .id = 5, .valid = 1, timeUs = 496.000000,  .algo = RING, .proto = SIMPLE, .symKernelId = Unknown, .ceMethodId = 2, nChannels = 4, maxChannels = 4, nWarps = 17, forced = 1 }
kirby:1:1 [0] NCCL INFO Best tuning, algorithm, RING, protocol, SIMPLE
kirby:1:1 [0] NCCL INFO Input: { .comm = 0x3c53a470, .tuningMask = 0x1fffff, .func = AllGather, .redOp = 0, .devRedop = 0, .dataType = 0, .nBytes = 42151936, .numPipesOps = 1, .count = 21075968, .countMax = 0, .nWorks = 0, .winRegType = 0, .regBuff = 0 }
kirby:1:1 [0] NCCL INFO Best tuning { .id = 5, .valid = 1, timeUs = 2766.666504,  .algo = RING, .proto = SIMPLE, .symKernelId = Unknown, .ceMethodId = 2, nChannels = 4, maxChannels = 4, nWarps = 17, forced = 1 }
kirby:1:1 [0] NCCL INFO Best tuning, algorithm, RING, protocol, SIMPLE
kirby:1:1 [0] NCCL INFO Input: { .comm = 0x369a4f60, .tuningMask = 0x1fffff, .func = AllGather, .redOp = 0, .devRedop = 0, .dataType = 0, .nBytes = 7274496, .numPipesOps = 1, .count = 3637248, .countMax = 0, .nWorks = 0, .winRegType = 0, .regBuff = 0 }
kirby:1:1 [0] NCCL INFO Best tuning { .id = 5, .valid = 1, timeUs = 496.000000,  .algo = RING, .proto = SIMPLE, .symKernelId = Unknown, .ceMethodId = 2, nChannels = 4, maxChannels = 4, nWarps = 17, forced = 1 }
kirby:1:1 [0] NCCL INFO Best tuning, algorithm, RING, protocol, SIMPLE
kirby:1:1 [0] NCCL INFO Input: { .comm = 0x3c53a470, .tuningMask = 0x1fffff, .func = AllGather, .redOp = 0, .devRedop = 0, .dataType = 0, .nBytes = 42151936, .numPipesOps = 1, .count = 21075968, .countMax = 0, .nWorks = 0, .winRegType = 0, .regBuff = 0 }
kirby:1:1 [0] NCCL INFO Best tuning { .id = 5, .valid = 1, timeUs = 2766.666504,  .algo = RING, .proto = SIMPLE, .symKernelId = Unknown, .ceMethodId = 2, nChannels = 4, maxChannels = 4, nWarps = 17, forced = 1 }
kirby:1:1 [0] NCCL INFO Best tuning, algorithm, RING, protocol, SIMPLE
kirby:1:1 [0] NCCL INFO Input: { .comm = 0x369a4f60, .tuningMask = 0x1fffff, .func = AllGather, .redOp = 0, .devRedop = 0, .dataType = 0, .nBytes = 7274496, .numPipesOps = 1, .count = 3637248, .countMax = 0, .nWorks = 0, .winRegType = 0, .regBuff = 0 }
kirby:1:1 [0] NCCL INFO Best tuning { .id = 5, .valid = 1, timeUs = 496.000000,  .algo = RING, .proto = SIMPLE, .symKernelId = Unknown, .ceMethodId = 2, nChannels = 4, maxChannels = 4, nWarps = 17, forced = 1 }
kirby:1:1 [0] NCCL INFO Best tuning, algorithm, RING, protocol, SIMPLE
kirby:1:1 [0] NCCL INFO Input: { .comm = 0x3c53a470, .tuningMask = 0x1fffff, .func = AllGather, .redOp = 0, .devRedop = 0, .dataType = 0, .nBytes = 42151936, .numPipesOps = 1, .count = 21075968, .countMax = 0, .nWorks = 0, .winRegType = 0, .regBuff = 0 }
kirby:1:1 [0] NCCL INFO Best tuning { .id = 5, .valid = 1, timeUs = 2766.666504,  .algo = RING, .proto = SIMPLE, .symKernelId = Unknown, .ceMethodId = 2, nChannels = 4, maxChannels = 4, nWarps = 17, forced = 1 }
kirby:1:1 [0] NCCL INFO Best tuning, algorithm, RING, protocol, SIMPLE
kirby:1:1 [0] NCCL INFO Input: { .comm = 0x369a4f60, .tuningMask = 0x1fffff, .func = AllGather, .redOp = 0, .devRedop = 0, .dataType = 0, .nBytes = 7274496, .numPipesOps = 1, .count = 3637248, .countMax = 0, .nWorks = 0, .winRegType = 0, .regBuff = 0 }
kirby:1:1 [0] NCCL INFO Best tuning { .id = 5, .valid = 1, timeUs = 496.000000,  .algo = RING, .proto = SIMPLE, .symKernelId = Unknown, .ceMethodId = 2, nChannels = 4, maxChannels = 4, nWarps = 17, forced = 1 }
kirby:1:1 [0] NCCL INFO Best tuning, algorithm, RING, protocol, SIMPLE
kirby:1:1 [0] NCCL INFO Input: { .comm = 0x3c53a470, .tuningMask = 0x1fffff, .func = AllGather, .redOp = 0, .devRedop = 0, .dataType = 0, .nBytes = 42151936, .numPipesOps = 1, .count = 21075968, .countMax = 0, .nWorks = 0, .winRegType = 0, .regBuff = 0 }
kirby:1:1 [0] NCCL INFO Best tuning { .id = 5, .valid = 1, timeUs = 2766.666504,  .algo = RING, .proto = SIMPLE, .symKernelId = Unknown, .ceMethodId = 2, nChannels = 4, maxChannels = 4, nWarps = 17, forced = 1 }
kirby:1:1 [0] NCCL INFO Best tuning, algorithm, RING, protocol, SIMPLE
kirby:1:1 [0] NCCL INFO Input: { .comm = 0x369a4f60, .tuningMask = 0x1fffff, .func = AllGather, .redOp = 0, .devRedop = 0, .dataType = 0, .nBytes = 7274496, .numPipesOps = 1, .count = 3637248, .countMax = 0, .nWorks = 0, .winRegType = 0, .regBuff = 0 }
kirby:1:1 [0] NCCL INFO Best tuning { .id = 5, .valid = 1, timeUs = 496.000000,  .algo = RING, .proto = SIMPLE, .symKernelId = Unknown, .ceMethodId = 2, nChannels = 4, maxChannels = 4, nWarps = 17, forced = 1 }
kirby:1:1 [0] NCCL INFO Best tuning, algorithm, RING, protocol, SIMPLE
kirby:1:1 [0] NCCL INFO Input: { .comm = 0x3c53a470, .tuningMask = 0x1fffff, .func = AllGather, .redOp = 0, .devRedop = 0, .dataType = 0, .nBytes = 42151936, .numPipesOps = 1, .count = 21075968, .countMax = 0, .nWorks = 0, .winRegType = 0, .regBuff = 0 }
kirby:1:1 [0] NCCL INFO Best tuning { .id = 5, .valid = 1, timeUs = 2766.666504,  .algo = RING, .proto = SIMPLE, .symKernelId = Unknown, .ceMethodId = 2, nChannels = 4, maxChannels = 4, nWarps = 17, forced = 1 }
kirby:1:1 [0] NCCL INFO Best tuning, algorithm, RING, protocol, SIMPLE
kirby:1:1 [0] NCCL INFO Input: { .comm = 0x369a4f60, .tuningMask = 0x1fffff, .func = AllGather, .redOp = 0, .devRedop = 0, .dataType = 0, .nBytes = 7274496, .numPipesOps = 1, .count = 3637248, .countMax = 0, .nWorks = 0, .winRegType = 0, .regBuff = 0 }
kirby:1:1 [0] NCCL INFO Best tuning { .id = 5, .valid = 1, timeUs = 496.000000,  .algo = RING, .proto = SIMPLE, .symKernelId = Unknown, .ceMethodId = 2, nChannels = 4, maxChannels = 4, nWarps = 17, forced = 1 }
kirby:1:1 [0] NCCL INFO Best tuning, algorithm, RING, protocol, SIMPLE
kirby:1:1 [0] NCCL INFO Input: { .comm = 0x3c53a470, .tuningMask = 0x1fffff, .func = AllGather, .redOp = 0, .devRedop = 0, .dataType = 0, .nBytes = 42151936, .numPipesOps = 1, .count = 21075968, .countMax = 0, .nWorks = 0, .winRegType = 0, .regBuff = 0 }
kirby:1:1 [0] NCCL INFO Best tuning { .id = 5, .valid = 1, timeUs = 2766.666504,  .algo = RING, .proto = SIMPLE, .symKernelId = Unknown, .ceMethodId = 2, nChannels = 4, maxChannels = 4, nWarps = 17, forced = 1 }
kirby:1:1 [0] NCCL INFO Best tuning, algorithm, RING, protocol, SIMPLE
kirby:1:1 [0] NCCL INFO Input: { .comm = 0x369a4f60, .tuningMask = 0x1fffff, .func = AllGather, .redOp = 0, .devRedop = 0, .dataType = 0, .nBytes = 7274496, .numPipesOps = 1, .count = 3637248, .countMax = 0, .nWorks = 0, .winRegType = 0, .regBuff = 0 }
kirby:1:1 [0] NCCL INFO Best tuning { .id = 5, .valid = 1, timeUs = 496.000000,  .algo = RING, .proto = SIMPLE, .symKernelId = Unknown, .ceMethodId = 2, nChannels = 4, maxChannels = 4, nWarps = 17, forced = 1 }
kirby:1:1 [0] NCCL INFO Best tuning, algorithm, RING, protocol, SIMPLE
kirby:1:1 [0] NCCL INFO Input: { .comm = 0x3c53a470, .tuningMask = 0x1fffff, .func = AllGather, .redOp = 0, .devRedop = 0, .dataType = 0, .nBytes = 42151936, .numPipesOps = 1, .count = 21075968, .countMax = 0, .nWorks = 0, .winRegType = 0, .regBuff = 0 }
kirby:1:1 [0] NCCL INFO Best tuning { .id = 5, .valid = 1, timeUs = 2766.666504,  .algo = RING, .proto = SIMPLE, .symKernelId = Unknown, .ceMethodId = 2, nChannels = 4, maxChannels = 4, nWarps = 17, forced = 1 }
kirby:1:1 [0] NCCL INFO Best tuning, algorithm, RING, protocol, SIMPLE
kirby:1:1 [0] NCCL INFO Input: { .comm = 0x369a4f60, .tuningMask = 0x1fffff, .func = AllGather, .redOp = 0, .devRedop = 0, .dataType = 0, .nBytes = 7274496, .numPipesOps = 1, .count = 3637248, .countMax = 0, .nWorks = 0, .winRegType = 0, .regBuff = 0 }
kirby:1:1 [0] NCCL INFO Best tuning { .id = 5, .valid = 1, timeUs = 496.000000,  .algo = RING, .proto = SIMPLE, .symKernelId = Unknown, .ceMethodId = 2, nChannels = 4, maxChannels = 4, nWarps = 17, forced = 1 }
kirby:1:1 [0] NCCL INFO Best tuning, algorithm, RING, protocol, SIMPLE
kirby:1:1 [0] NCCL INFO Input: { .comm = 0x3c53a470, .tuningMask = 0x1fffff, .func = AllGather, .redOp = 0, .devRedop = 0, .dataType = 0, .nBytes = 42151936, .numPipesOps = 1, .count = 21075968, .countMax = 0, .nWorks = 0, .winRegType = 0, .regBuff = 0 }
kirby:1:1 [0] NCCL INFO Best tuning { .id = 5, .valid = 1, timeUs = 2766.666504,  .algo = RING, .proto = SIMPLE, .symKernelId = Unknown, .ceMethodId = 2, nChannels = 4, maxChannels = 4, nWarps = 17, forced = 1 }
kirby:1:1 [0] NCCL INFO Best tuning, algorithm, RING, protocol, SIMPLE
kirby:1:1 [0] NCCL INFO Input: { .comm = 0x369a4f60, .tuningMask = 0x1fffff, .func = AllGather, .redOp = 0, .devRedop = 0, .dataType = 0, .nBytes = 7274496, .numPipesOps = 1, .count = 3637248, .countMax = 0, .nWorks = 0, .winRegType = 0, .regBuff = 0 }
kirby:1:1 [0] NCCL INFO Best tuning { .id = 5, .valid = 1, timeUs = 496.000000,  .algo = RING, .proto = SIMPLE, .symKernelId = Unknown, .ceMethodId = 2, nChannels = 4, maxChannels = 4, nWarps = 17, forced = 1 }
kirby:1:1 [0] NCCL INFO Best tuning, algorithm, RING, protocol, SIMPLE
kirby:1:1 [0] NCCL INFO Input: { .comm = 0x3c53a470, .tuningMask = 0x1fffff, .func = AllGather, .redOp = 0, .devRedop = 0, .dataType = 0, .nBytes = 42151936, .numPipesOps = 1, .count = 21075968, .countMax = 0, .nWorks = 0, .winRegType = 0, .regBuff = 0 }
kirby:1:1 [0] NCCL INFO Best tuning { .id = 5, .valid = 1, timeUs = 2766.666504,  .algo = RING, .proto = SIMPLE, .symKernelId = Unknown, .ceMethodId = 2, nChannels = 4, maxChannels = 4, nWarps = 17, forced = 1 }
kirby:1:1 [0] NCCL INFO Best tuning, algorithm, RING, protocol, SIMPLE
kirby:1:1 [0] NCCL INFO Input: { .comm = 0x369a4f60, .tuningMask = 0x1fffff, .func = AllGather, .redOp = 0, .devRedop = 0, .dataType = 0, .nBytes = 7274496, .numPipesOps = 1, .count = 3637248, .countMax = 0, .nWorks = 0, .winRegType = 0, .regBuff = 0 }
kirby:1:1 [0] NCCL INFO Best tuning { .id = 5, .valid = 1, timeUs = 496.000000,  .algo = RING, .proto = SIMPLE, .symKernelId = Unknown, .ceMethodId = 2, nChannels = 4, maxChannels = 4, nWarps = 17, forced = 1 }
kirby:1:1 [0] NCCL INFO Best tuning, algorithm, RING, protocol, SIMPLE
kirby:1:1 [0] NCCL INFO Input: { .comm = 0x3c53a470, .tuningMask = 0x1fffff, .func = AllGather, .redOp = 0, .devRedop = 0, .dataType = 0, .nBytes = 42151936, .numPipesOps = 1, .count = 21075968, .countMax = 0, .nWorks = 0, .winRegType = 0, .regBuff = 0 }
kirby:1:1 [0] NCCL INFO Best tuning { .id = 5, .valid = 1, timeUs = 2766.666504,  .algo = RING, .proto = SIMPLE, .symKernelId = Unknown, .ceMethodId = 2, nChannels = 4, maxChannels = 4, nWarps = 17, forced = 1 }
kirby:1:1 [0] NCCL INFO Best tuning, algorithm, RING, protocol, SIMPLE
kirby:1:1 [0] NCCL INFO Input: { .comm = 0x369a4f60, .tuningMask = 0x1fffff, .func = AllGather, .redOp = 0, .devRedop = 0, .dataType = 0, .nBytes = 7274496, .numPipesOps = 1, .count = 3637248, .countMax = 0, .nWorks = 0, .winRegType = 0, .regBuff = 0 }
kirby:1:1 [0] NCCL INFO Best tuning { .id = 5, .valid = 1, timeUs = 496.000000,  .algo = RING, .proto = SIMPLE, .symKernelId = Unknown, .ceMethodId = 2, nChannels = 4, maxChannels = 4, nWarps = 17, forced = 1 }
kirby:1:1 [0] NCCL INFO Best tuning, algorithm, RING, protocol, SIMPLE
kirby:1:1 [0] NCCL INFO Input: { .comm = 0x3c53a470, .tuningMask = 0x1fffff, .func = AllGather, .redOp = 0, .devRedop = 0, .dataType = 0, .nBytes = 42151936, .numPipesOps = 1, .count = 21075968, .countMax = 0, .nWorks = 0, .winRegType = 0, .regBuff = 0 }
kirby:1:1 [0] NCCL INFO Best tuning { .id = 5, .valid = 1, timeUs = 2766.666504,  .algo = RING, .proto = SIMPLE, .symKernelId = Unknown, .ceMethodId = 2, nChannels = 4, maxChannels = 4, nWarps = 17, forced = 1 }
kirby:1:1 [0] NCCL INFO Best tuning, algorithm, RING, protocol, SIMPLE
kirby:1:1 [0] NCCL INFO Input: { .comm = 0x369a4f60, .tuningMask = 0x1fffff, .func = AllGather, .redOp = 0, .devRedop = 0, .dataType = 0, .nBytes = 7274496, .numPipesOps = 1, .count = 3637248, .countMax = 0, .nWorks = 0, .winRegType = 0, .regBuff = 0 }
kirby:1:1 [0] NCCL INFO Best tuning { .id = 5, .valid = 1, timeUs = 496.000000,  .algo = RING, .proto = SIMPLE, .symKernelId = Unknown, .ceMethodId = 2, nChannels = 4, maxChannels = 4, nWarps = 17, forced = 1 }
kirby:1:1 [0] NCCL INFO Best tuning, algorithm, RING, protocol, SIMPLE
kirby:1:1 [0] NCCL INFO Input: { .comm = 0x3c53a470, .tuningMask = 0x1fffff, .func = AllGather, .redOp = 0, .devRedop = 0, .dataType = 0, .nBytes = 42151936, .numPipesOps = 1, .count = 21075968, .countMax = 0, .nWorks = 0, .winRegType = 0, .regBuff = 0 }
kirby:1:1 [0] NCCL INFO Best tuning { .id = 5, .valid = 1, timeUs = 2766.666504,  .algo = RING, .proto = SIMPLE, .symKernelId = Unknown, .ceMethodId = 2, nChannels = 4, maxChannels = 4, nWarps = 17, forced = 1 }
kirby:1:1 [0] NCCL INFO Best tuning, algorithm, RING, protocol, SIMPLE
kirby:1:1 [0] NCCL INFO Input: { .comm = 0x369a4f60, .tuningMask = 0x1fffff, .func = AllGather, .redOp = 0, .devRedop = 0, .dataType = 0, .nBytes = 7274496, .numPipesOps = 1, .count = 3637248, .countMax = 0, .nWorks = 0, .winRegType = 0, .regBuff = 0 }
kirby:1:1 [0] NCCL INFO Best tuning { .id = 5, .valid = 1, timeUs = 496.000000,  .algo = RING, .proto = SIMPLE, .symKernelId = Unknown, .ceMethodId = 2, nChannels = 4, maxChannels = 4, nWarps = 17, forced = 1 }
kirby:1:1 [0] NCCL INFO Best tuning, algorithm, RING, protocol, SIMPLE
kirby:1:1 [0] NCCL INFO Input: { .comm = 0x3c53a470, .tuningMask = 0x1fffff, .func = AllGather, .redOp = 0, .devRedop = 0, .dataType = 0, .nBytes = 42151936, .numPipesOps = 1, .count = 21075968, .countMax = 0, .nWorks = 0, .winRegType = 0, .regBuff = 0 }
kirby:1:1 [0] NCCL INFO Best tuning { .id = 5, .valid = 1, timeUs = 2766.666504,  .algo = RING, .proto = SIMPLE, .symKernelId = Unknown, .ceMethodId = 2, nChannels = 4, maxChannels = 4, nWarps = 17, forced = 1 }
kirby:1:1 [0] NCCL INFO Best tuning, algorithm, RING, protocol, SIMPLE
kirby:1:1 [0] NCCL INFO Input: { .comm = 0x369a4f60, .tuningMask = 0x1fffff, .func = AllGather, .redOp = 0, .devRedop = 0, .dataType = 0, .nBytes = 7274496, .numPipesOps = 1, .count = 3637248, .countMax = 0, .nWorks = 0, .winRegType = 0, .regBuff = 0 }
kirby:1:1 [0] NCCL INFO Best tuning { .id = 5, .valid = 1, timeUs = 496.000000,  .algo = RING, .proto = SIMPLE, .symKernelId = Unknown, .ceMethodId = 2, nChannels = 4, maxChannels = 4, nWarps = 17, forced = 1 }
kirby:1:1 [0] NCCL INFO Best tuning, algorithm, RING, protocol, SIMPLE
kirby:1:1 [0] NCCL INFO Input: { .comm = 0x3c53a470, .tuningMask = 0x1fffff, .func = AllGather, .redOp = 0, .devRedop = 0, .dataType = 0, .nBytes = 42151936, .numPipesOps = 1, .count = 21075968, .countMax = 0, .nWorks = 0, .winRegType = 0, .regBuff = 0 }
kirby:1:1 [0] NCCL INFO Best tuning { .id = 5, .valid = 1, timeUs = 2766.666504,  .algo = RING, .proto = SIMPLE, .symKernelId = Unknown, .ceMethodId = 2, nChannels = 4, maxChannels = 4, nWarps = 17, forced = 1 }
kirby:1:1 [0] NCCL INFO Best tuning, algorithm, RING, protocol, SIMPLE
kirby:1:1 [0] NCCL INFO Input: { .comm = 0x369a4f60, .tuningMask = 0x1fffff, .func = AllGather, .redOp = 0, .devRedop = 0, .dataType = 0, .nBytes = 7274496, .numPipesOps = 1, .count = 3637248, .countMax = 0, .nWorks = 0, .winRegType = 0, .regBuff = 0 }
kirby:1:1 [0] NCCL INFO Best tuning { .id = 5, .valid = 1, timeUs = 496.000000,  .algo = RING, .proto = SIMPLE, .symKernelId = Unknown, .ceMethodId = 2, nChannels = 4, maxChannels = 4, nWarps = 17, forced = 1 }
kirby:1:1 [0] NCCL INFO Best tuning, algorithm, RING, protocol, SIMPLE
kirby:1:1 [0] NCCL INFO Input: { .comm = 0x3c53a470, .tuningMask = 0x1fffff, .func = AllGather, .redOp = 0, .devRedop = 0, .dataType = 0, .nBytes = 42151936, .numPipesOps = 1, .count = 21075968, .countMax = 0, .nWorks = 0, .winRegType = 0, .regBuff = 0 }
kirby:1:1 [0] NCCL INFO Best tuning { .id = 5, .valid = 1, timeUs = 2766.666504,  .algo = RING, .proto = SIMPLE, .symKernelId = Unknown, .ceMethodId = 2, nChannels = 4, maxChannels = 4, nWarps = 17, forced = 1 }
kirby:1:1 [0] NCCL INFO Best tuning, algorithm, RING, protocol, SIMPLE
kirby:1:1 [0] NCCL INFO Input: { .comm = 0x369a4f60, .tuningMask = 0x1fffff, .func = AllGather, .redOp = 0, .devRedop = 0, .dataType = 0, .nBytes = 7274496, .numPipesOps = 1, .count = 3637248, .countMax = 0, .nWorks = 0, .winRegType = 0, .regBuff = 0 }
kirby:1:1 [0] NCCL INFO Best tuning { .id = 5, .valid = 1, timeUs = 496.000000,  .algo = RING, .proto = SIMPLE, .symKernelId = Unknown, .ceMethodId = 2, nChannels = 4, maxChannels = 4, nWarps = 17, forced = 1 }
kirby:1:1 [0] NCCL INFO Best tuning, algorithm, RING, protocol, SIMPLE
kirby:1:1 [0] NCCL INFO Input: { .comm = 0x3c53a470, .tuningMask = 0x1fffff, .func = AllGather, .redOp = 0, .devRedop = 0, .dataType = 0, .nBytes = 42151936, .numPipesOps = 1, .count = 21075968, .countMax = 0, .nWorks = 0, .winRegType = 0, .regBuff = 0 }
kirby:1:1 [0] NCCL INFO Best tuning { .id = 5, .valid = 1, timeUs = 2766.666504,  .algo = RING, .proto = SIMPLE, .symKernelId = Unknown, .ceMethodId = 2, nChannels = 4, maxChannels = 4, nWarps = 17, forced = 1 }
kirby:1:1 [0] NCCL INFO Best tuning, algorithm, RING, protocol, SIMPLE
kirby:1:1 [0] NCCL INFO Input: { .comm = 0x369a4f60, .tuningMask = 0x1fffff, .func = AllGather, .redOp = 0, .devRedop = 0, .dataType = 0, .nBytes = 7274496, .numPipesOps = 1, .count = 3637248, .countMax = 0, .nWorks = 0, .winRegType = 0, .regBuff = 0 }
kirby:1:1 [0] NCCL INFO Best tuning { .id = 5, .valid = 1, timeUs = 496.000000,  .algo = RING, .proto = SIMPLE, .symKernelId = Unknown, .ceMethodId = 2, nChannels = 4, maxChannels = 4, nWarps = 17, forced = 1 }
kirby:1:1 [0] NCCL INFO Best tuning, algorithm, RING, protocol, SIMPLE
kirby:1:1 [0] NCCL INFO Input: { .comm = 0x3c53a470, .tuningMask = 0x1fffff, .func = AllGather, .redOp = 0, .devRedop = 0, .dataType = 0, .nBytes = 42151936, .numPipesOps = 1, .count = 21075968, .countMax = 0, .nWorks = 0, .winRegType = 0, .regBuff = 0 }
kirby:1:1 [0] NCCL INFO Best tuning { .id = 5, .valid = 1, timeUs = 2766.666504,  .algo = RING, .proto = SIMPLE, .symKernelId = Unknown, .ceMethodId = 2, nChannels = 4, maxChannels = 4, nWarps = 17, forced = 1 }
kirby:1:1 [0] NCCL INFO Best tuning, algorithm, RING, protocol, SIMPLE
kirby:1:1 [0] NCCL INFO Input: { .comm = 0x369a4f60, .tuningMask = 0x1fffff, .func = AllGather, .redOp = 0, .devRedop = 0, .dataType = 0, .nBytes = 7274496, .numPipesOps = 1, .count = 3637248, .countMax = 0, .nWorks = 0, .winRegType = 0, .regBuff = 0 }
kirby:1:1 [0] NCCL INFO Best tuning { .id = 5, .valid = 1, timeUs = 496.000000,  .algo = RING, .proto = SIMPLE, .symKernelId = Unknown, .ceMethodId = 2, nChannels = 4, maxChannels = 4, nWarps = 17, forced = 1 }
kirby:1:1 [0] NCCL INFO Best tuning, algorithm, RING, protocol, SIMPLE
kirby:1:1 [0] NCCL INFO Input: { .comm = 0x3c53a470, .tuningMask = 0x1fffff, .func = AllGather, .redOp = 0, .devRedop = 0, .dataType = 0, .nBytes = 42151936, .numPipesOps = 1, .count = 21075968, .countMax = 0, .nWorks = 0, .winRegType = 0, .regBuff = 0 }
kirby:1:1 [0] NCCL INFO Best tuning { .id = 5, .valid = 1, timeUs = 2766.666504,  .algo = RING, .proto = SIMPLE, .symKernelId = Unknown, .ceMethodId = 2, nChannels = 4, maxChannels = 4, nWarps = 17, forced = 1 }
kirby:1:1 [0] NCCL INFO Best tuning, algorithm, RING, protocol, SIMPLE
kirby:1:1 [0] NCCL INFO Input: { .comm = 0x369a4f60, .tuningMask = 0x1fffff, .func = AllGather, .redOp = 0, .devRedop = 0, .dataType = 0, .nBytes = 7274496, .numPipesOps = 1, .count = 3637248, .countMax = 0, .nWorks = 0, .winRegType = 0, .regBuff = 0 }
kirby:1:1 [0] NCCL INFO Best tuning { .id = 5, .valid = 1, timeUs = 496.000000,  .algo = RING, .proto = SIMPLE, .symKernelId = Unknown, .ceMethodId = 2, nChannels = 4, maxChannels = 4, nWarps = 17, forced = 1 }
kirby:1:1 [0] NCCL INFO Best tuning, algorithm, RING, protocol, SIMPLE
kirby:1:1 [0] NCCL INFO Input: { .comm = 0x3c53a470, .tuningMask = 0x1fffff, .func = AllGather, .redOp = 0, .devRedop = 0, .dataType = 0, .nBytes = 42151936, .numPipesOps = 1, .count = 21075968, .countMax = 0, .nWorks = 0, .winRegType = 0, .regBuff = 0 }
kirby:1:1 [0] NCCL INFO Best tuning { .id = 5, .valid = 1, timeUs = 2766.666504,  .algo = RING, .proto = SIMPLE, .symKernelId = Unknown, .ceMethodId = 2, nChannels = 4, maxChannels = 4, nWarps = 17, forced = 1 }
kirby:1:1 [0] NCCL INFO Best tuning, algorithm, RING, protocol, SIMPLE
kirby:1:1 [0] NCCL INFO Input: { .comm = 0x369a4f60, .tuningMask = 0x1fffff, .func = AllGather, .redOp = 0, .devRedop = 0, .dataType = 0, .nBytes = 7274496, .numPipesOps = 1, .count = 3637248, .countMax = 0, .nWorks = 0, .winRegType = 0, .regBuff = 0 }
kirby:1:1 [0] NCCL INFO Best tuning { .id = 5, .valid = 1, timeUs = 496.000000,  .algo = RING, .proto = SIMPLE, .symKernelId = Unknown, .ceMethodId = 2, nChannels = 4, maxChannels = 4, nWarps = 17, forced = 1 }
kirby:1:1 [0] NCCL INFO Best tuning, algorithm, RING, protocol, SIMPLE
kirby:1:1 [0] NCCL INFO Input: { .comm = 0x3c53a470, .tuningMask = 0x1fffff, .func = AllGather, .redOp = 0, .devRedop = 0, .dataType = 0, .nBytes = 42151936, .numPipesOps = 1, .count = 21075968, .countMax = 0, .nWorks = 0, .winRegType = 0, .regBuff = 0 }
kirby:1:1 [0] NCCL INFO Best tuning { .id = 5, .valid = 1, timeUs = 2766.666504,  .algo = RING, .proto = SIMPLE, .symKernelId = Unknown, .ceMethodId = 2, nChannels = 4, maxChannels = 4, nWarps = 17, forced = 1 }
kirby:1:1 [0] NCCL INFO Best tuning, algorithm, RING, protocol, SIMPLE
kirby:1:1 [0] NCCL INFO Input: { .comm = 0x369a4f60, .tuningMask = 0x1fffff, .func = AllGather, .redOp = 0, .devRedop = 0, .dataType = 0, .nBytes = 7274496, .numPipesOps = 1, .count = 3637248, .countMax = 0, .nWorks = 0, .winRegType = 0, .regBuff = 0 }
kirby:1:1 [0] NCCL INFO Best tuning { .id = 5, .valid = 1, timeUs = 496.000000,  .algo = RING, .proto = SIMPLE, .symKernelId = Unknown, .ceMethodId = 2, nChannels = 4, maxChannels = 4, nWarps = 17, forced = 1 }
kirby:1:1 [0] NCCL INFO Best tuning, algorithm, RING, protocol, SIMPLE
kirby:1:1 [0] NCCL INFO Input: { .comm = 0x3c53a470, .tuningMask = 0x1fffff, .func = AllGather, .redOp = 0, .devRedop = 0, .dataType = 0, .nBytes = 42151936, .numPipesOps = 1, .count = 21075968, .countMax = 0, .nWorks = 0, .winRegType = 0, .regBuff = 0 }
kirby:1:1 [0] NCCL INFO Best tuning { .id = 5, .valid = 1, timeUs = 2766.666504,  .algo = RING, .proto = SIMPLE, .symKernelId = Unknown, .ceMethodId = 2, nChannels = 4, maxChannels = 4, nWarps = 17, forced = 1 }
kirby:1:1 [0] NCCL INFO Best tuning, algorithm, RING, protocol, SIMPLE
kirby:1:1 [0] NCCL INFO Input: { .comm = 0x369a4f60, .tuningMask = 0x1fffff, .func = AllGather, .redOp = 0, .devRedop = 0, .dataType = 0, .nBytes = 7274496, .numPipesOps = 1, .count = 3637248, .countMax = 0, .nWorks = 0, .winRegType = 0, .regBuff = 0 }
kirby:1:1 [0] NCCL INFO Best tuning { .id = 5, .valid = 1, timeUs = 496.000000,  .algo = RING, .proto = SIMPLE, .symKernelId = Unknown, .ceMethodId = 2, nChannels = 4, maxChannels = 4, nWarps = 17, forced = 1 }
kirby:1:1 [0] NCCL INFO Best tuning, algorithm, RING, protocol, SIMPLE
kirby:1:1 [0] NCCL INFO Input: { .comm = 0x3c53a470, .tuningMask = 0x1fffff, .func = AllGather, .redOp = 0, .devRedop = 0, .dataType = 0, .nBytes = 42151936, .numPipesOps = 1, .count = 21075968, .countMax = 0, .nWorks = 0, .winRegType = 0, .regBuff = 0 }
kirby:1:1 [0] NCCL INFO Best tuning { .id = 5, .valid = 1, timeUs = 2766.666504,  .algo = RING, .proto = SIMPLE, .symKernelId = Unknown, .ceMethodId = 2, nChannels = 4, maxChannels = 4, nWarps = 17, forced = 1 }
kirby:1:1 [0] NCCL INFO Best tuning, algorithm, RING, protocol, SIMPLE
kirby:1:1 [0] NCCL INFO Input: { .comm = 0x369a4f60, .tuningMask = 0x1fffff, .func = AllGather, .redOp = 0, .devRedop = 0, .dataType = 0, .nBytes = 7274496, .numPipesOps = 1, .count = 3637248, .countMax = 0, .nWorks = 0, .winRegType = 0, .regBuff = 0 }
kirby:1:1 [0] NCCL INFO Best tuning { .id = 5, .valid = 1, timeUs = 496.000000,  .algo = RING, .proto = SIMPLE, .symKernelId = Unknown, .ceMethodId = 2, nChannels = 4, maxChannels = 4, nWarps = 17, forced = 1 }
kirby:1:1 [0] NCCL INFO Best tuning, algorithm, RING, protocol, SIMPLE
kirby:1:1 [0] NCCL INFO Input: { .comm = 0x3c53a470, .tuningMask = 0x1fffff, .func = AllGather, .redOp = 0, .devRedop = 0, .dataType = 0, .nBytes = 42151936, .numPipesOps = 1, .count = 21075968, .countMax = 0, .nWorks = 0, .winRegType = 0, .regBuff = 0 }
kirby:1:1 [0] NCCL INFO Best tuning { .id = 5, .valid = 1, timeUs = 2766.666504,  .algo = RING, .proto = SIMPLE, .symKernelId = Unknown, .ceMethodId = 2, nChannels = 4, maxChannels = 4, nWarps = 17, forced = 1 }
kirby:1:1 [0] NCCL INFO Best tuning, algorithm, RING, protocol, SIMPLE
kirby:1:1 [0] NCCL INFO Input: { .comm = 0x369a4f60, .tuningMask = 0x1fffff, .func = AllGather, .redOp = 0, .devRedop = 0, .dataType = 0, .nBytes = 7274496, .numPipesOps = 1, .count = 3637248, .countMax = 0, .nWorks = 0, .winRegType = 0, .regBuff = 0 }
kirby:1:1 [0] NCCL INFO Best tuning { .id = 5, .valid = 1, timeUs = 496.000000,  .algo = RING, .proto = SIMPLE, .symKernelId = Unknown, .ceMethodId = 2, nChannels = 4, maxChannels = 4, nWarps = 17, forced = 1 }
kirby:1:1 [0] NCCL INFO Best tuning, algorithm, RING, protocol, SIMPLE
kirby:1:1 [0] NCCL INFO Input: { .comm = 0x3c53a470, .tuningMask = 0x1fffff, .func = AllGather, .redOp = 0, .devRedop = 0, .dataType = 0, .nBytes = 42151936, .numPipesOps = 1, .count = 21075968, .countMax = 0, .nWorks = 0, .winRegType = 0, .regBuff = 0 }
kirby:1:1 [0] NCCL INFO Best tuning { .id = 5, .valid = 1, timeUs = 2766.666504,  .algo = RING, .proto = SIMPLE, .symKernelId = Unknown, .ceMethodId = 2, nChannels = 4, maxChannels = 4, nWarps = 17, forced = 1 }
kirby:1:1 [0] NCCL INFO Best tuning, algorithm, RING, protocol, SIMPLE
kirby:1:1 [0] NCCL INFO Input: { .comm = 0x369a4f60, .tuningMask = 0x1fffff, .func = AllGather, .redOp = 0, .devRedop = 0, .dataType = 0, .nBytes = 7274496, .numPipesOps = 1, .count = 3637248, .countMax = 0, .nWorks = 0, .winRegType = 0, .regBuff = 0 }
kirby:1:1 [0] NCCL INFO Best tuning { .id = 5, .valid = 1, timeUs = 496.000000,  .algo = RING, .proto = SIMPLE, .symKernelId = Unknown, .ceMethodId = 2, nChannels = 4, maxChannels = 4, nWarps = 17, forced = 1 }
kirby:1:1 [0] NCCL INFO Best tuning, algorithm, RING, protocol, SIMPLE
kirby:1:1 [0] NCCL INFO Input: { .comm = 0x3c53a470, .tuningMask = 0x1fffff, .func = AllGather, .redOp = 0, .devRedop = 0, .dataType = 0, .nBytes = 42151936, .numPipesOps = 1, .count = 21075968, .countMax = 0, .nWorks = 0, .winRegType = 0, .regBuff = 0 }
kirby:1:1 [0] NCCL INFO Best tuning { .id = 5, .valid = 1, timeUs = 2766.666504,  .algo = RING, .proto = SIMPLE, .symKernelId = Unknown, .ceMethodId = 2, nChannels = 4, maxChannels = 4, nWarps = 17, forced = 1 }
kirby:1:1 [0] NCCL INFO Best tuning, algorithm, RING, protocol, SIMPLE
kirby:1:1 [0] NCCL INFO Input: { .comm = 0x369a4f60, .tuningMask = 0x1fffff, .func = AllGather, .redOp = 0, .devRedop = 0, .dataType = 0, .nBytes = 7274496, .numPipesOps = 1, .count = 3637248, .countMax = 0, .nWorks = 0, .winRegType = 0, .regBuff = 0 }
kirby:1:1 [0] NCCL INFO Best tuning { .id = 5, .valid = 1, timeUs = 496.000000,  .algo = RING, .proto = SIMPLE, .symKernelId = Unknown, .ceMethodId = 2, nChannels = 4, maxChannels = 4, nWarps = 17, forced = 1 }
kirby:1:1 [0] NCCL INFO Best tuning, algorithm, RING, protocol, SIMPLE
kirby:1:1 [0] NCCL INFO Input: { .comm = 0x3c53a470, .tuningMask = 0x1fffff, .func = AllGather, .redOp = 0, .devRedop = 0, .dataType = 0, .nBytes = 42151936, .numPipesOps = 1, .count = 21075968, .countMax = 0, .nWorks = 0, .winRegType = 0, .regBuff = 0 }
kirby:1:1 [0] NCCL INFO Best tuning { .id = 5, .valid = 1, timeUs = 2766.666504,  .algo = RING, .proto = SIMPLE, .symKernelId = Unknown, .ceMethodId = 2, nChannels = 4, maxChannels = 4, nWarps = 17, forced = 1 }
kirby:1:1 [0] NCCL INFO Best tuning, algorithm, RING, protocol, SIMPLE
kirby:1:1 [0] NCCL INFO Input: { .comm = 0x369a4f60, .tuningMask = 0x1fffff, .func = AllGather, .redOp = 0, .devRedop = 0, .dataType = 0, .nBytes = 7274496, .numPipesOps = 1, .count = 3637248, .countMax = 0, .nWorks = 0, .winRegType = 0, .regBuff = 0 }
kirby:1:1 [0] NCCL INFO Best tuning { .id = 5, .valid = 1, timeUs = 496.000000,  .algo = RING, .proto = SIMPLE, .symKernelId = Unknown, .ceMethodId = 2, nChannels = 4, maxChannels = 4, nWarps = 17, forced = 1 }
kirby:1:1 [0] NCCL INFO Best tuning, algorithm, RING, protocol, SIMPLE
kirby:1:1 [0] NCCL INFO Input: { .comm = 0x3c53a470, .tuningMask = 0x1fffff, .func = AllGather, .redOp = 0, .devRedop = 0, .dataType = 0, .nBytes = 42151936, .numPipesOps = 1, .count = 21075968, .countMax = 0, .nWorks = 0, .winRegType = 0, .regBuff = 0 }
kirby:1:1 [0] NCCL INFO Best tuning { .id = 5, .valid = 1, timeUs = 2766.666504,  .algo = RING, .proto = SIMPLE, .symKernelId = Unknown, .ceMethodId = 2, nChannels = 4, maxChannels = 4, nWarps = 17, forced = 1 }
kirby:1:1 [0] NCCL INFO Best tuning, algorithm, RING, protocol, SIMPLE
kirby:1:1 [0] NCCL INFO Input: { .comm = 0x369a4f60, .tuningMask = 0x1fffff, .func = AllGather, .redOp = 0, .devRedop = 0, .dataType = 0, .nBytes = 7274496, .numPipesOps = 1, .count = 3637248, .countMax = 0, .nWorks = 0, .winRegType = 0, .regBuff = 0 }
kirby:1:1 [0] NCCL INFO Best tuning { .id = 5, .valid = 1, timeUs = 496.000000,  .algo = RING, .proto = SIMPLE, .symKernelId = Unknown, .ceMethodId = 2, nChannels = 4, maxChannels = 4, nWarps = 17, forced = 1 }
kirby:1:1 [0] NCCL INFO Best tuning, algorithm, RING, protocol, SIMPLE
kirby:1:1 [0] NCCL INFO Input: { .comm = 0x3c53a470, .tuningMask = 0x1fffff, .func = AllGather, .redOp = 0, .devRedop = 0, .dataType = 0, .nBytes = 42151936, .numPipesOps = 1, .count = 21075968, .countMax = 0, .nWorks = 0, .winRegType = 0, .regBuff = 0 }
kirby:1:1 [0] NCCL INFO Best tuning { .id = 5, .valid = 1, timeUs = 2766.666504,  .algo = RING, .proto = SIMPLE, .symKernelId = Unknown, .ceMethodId = 2, nChannels = 4, maxChannels = 4, nWarps = 17, forced = 1 }
kirby:1:1 [0] NCCL INFO Best tuning, algorithm, RING, protocol, SIMPLE
kirby:1:1 [0] NCCL INFO Input: { .comm = 0x369a4f60, .tuningMask = 0x1fffff, .func = AllGather, .redOp = 0, .devRedop = 0, .dataType = 0, .nBytes = 7274496, .numPipesOps = 1, .count = 3637248, .countMax = 0, .nWorks = 0, .winRegType = 0, .regBuff = 0 }
kirby:1:1 [0] NCCL INFO Best tuning { .id = 5, .valid = 1, timeUs = 496.000000,  .algo = RING, .proto = SIMPLE, .symKernelId = Unknown, .ceMethodId = 2, nChannels = 4, maxChannels = 4, nWarps = 17, forced = 1 }
kirby:1:1 [0] NCCL INFO Best tuning, algorithm, RING, protocol, SIMPLE
kirby:1:1 [0] NCCL INFO Input: { .comm = 0x3c53a470, .tuningMask = 0x1fffff, .func = AllGather, .redOp = 0, .devRedop = 0, .dataType = 0, .nBytes = 42151936, .numPipesOps = 1, .count = 21075968, .countMax = 0, .nWorks = 0, .winRegType = 0, .regBuff = 0 }
kirby:1:1 [0] NCCL INFO Best tuning { .id = 5, .valid = 1, timeUs = 2766.666504,  .algo = RING, .proto = SIMPLE, .symKernelId = Unknown, .ceMethodId = 2, nChannels = 4, maxChannels = 4, nWarps = 17, forced = 1 }
kirby:1:1 [0] NCCL INFO Best tuning, algorithm, RING, protocol, SIMPLE
kirby:1:1 [0] NCCL INFO Input: { .comm = 0x369a4f60, .tuningMask = 0x1fffff, .func = AllGather, .redOp = 0, .devRedop = 0, .dataType = 0, .nBytes = 7274496, .numPipesOps = 1, .count = 3637248, .countMax = 0, .nWorks = 0, .winRegType = 0, .regBuff = 0 }
kirby:1:1 [0] NCCL INFO Best tuning { .id = 5, .valid = 1, timeUs = 496.000000,  .algo = RING, .proto = SIMPLE, .symKernelId = Unknown, .ceMethodId = 2, nChannels = 4, maxChannels = 4, nWarps = 17, forced = 1 }
kirby:1:1 [0] NCCL INFO Best tuning, algorithm, RING, protocol, SIMPLE
kirby:1:1 [0] NCCL INFO Input: { .comm = 0x3c53a470, .tuningMask = 0x1fffff, .func = AllGather, .redOp = 0, .devRedop = 0, .dataType = 0, .nBytes = 42151936, .numPipesOps = 1, .count = 21075968, .countMax = 0, .nWorks = 0, .winRegType = 0, .regBuff = 0 }
kirby:1:1 [0] NCCL INFO Best tuning { .id = 5, .valid = 1, timeUs = 2766.666504,  .algo = RING, .proto = SIMPLE, .symKernelId = Unknown, .ceMethodId = 2, nChannels = 4, maxChannels = 4, nWarps = 17, forced = 1 }
kirby:1:1 [0] NCCL INFO Best tuning, algorithm, RING, protocol, SIMPLE
kirby:1:1 [0] NCCL INFO Input: { .comm = 0x369a4f60, .tuningMask = 0x1fffff, .func = AllGather, .redOp = 0, .devRedop = 0, .dataType = 0, .nBytes = 7274496, .numPipesOps = 1, .count = 3637248, .countMax = 0, .nWorks = 0, .winRegType = 0, .regBuff = 0 }
kirby:1:1 [0] NCCL INFO Best tuning { .id = 5, .valid = 1, timeUs = 496.000000,  .algo = RING, .proto = SIMPLE, .symKernelId = Unknown, .ceMethodId = 2, nChannels = 4, maxChannels = 4, nWarps = 17, forced = 1 }
kirby:1:1 [0] NCCL INFO Best tuning, algorithm, RING, protocol, SIMPLE
kirby:1:1 [0] NCCL INFO Input: { .comm = 0x3c53a470, .tuningMask = 0x1fffff, .func = AllGather, .redOp = 0, .devRedop = 0, .dataType = 0, .nBytes = 42151936, .numPipesOps = 1, .count = 21075968, .countMax = 0, .nWorks = 0, .winRegType = 0, .regBuff = 0 }
kirby:1:1 [0] NCCL INFO Best tuning { .id = 5, .valid = 1, timeUs = 2766.666504,  .algo = RING, .proto = SIMPLE, .symKernelId = Unknown, .ceMethodId = 2, nChannels = 4, maxChannels = 4, nWarps = 17, forced = 1 }
kirby:1:1 [0] NCCL INFO Best tuning, algorithm, RING, protocol, SIMPLE
kirby:1:1 [0] NCCL INFO Input: { .comm = 0x369a4f60, .tuningMask = 0x1fffff, .func = AllGather, .redOp = 0, .devRedop = 0, .dataType = 0, .nBytes = 7274496, .numPipesOps = 1, .count = 3637248, .countMax = 0, .nWorks = 0, .winRegType = 0, .regBuff = 0 }
kirby:1:1 [0] NCCL INFO Best tuning { .id = 5, .valid = 1, timeUs = 496.000000,  .algo = RING, .proto = SIMPLE, .symKernelId = Unknown, .ceMethodId = 2, nChannels = 4, maxChannels = 4, nWarps = 17, forced = 1 }
kirby:1:1 [0] NCCL INFO Best tuning, algorithm, RING, protocol, SIMPLE
kirby:1:1 [0] NCCL INFO Input: { .comm = 0x3c53a470, .tuningMask = 0x1fffff, .func = AllGather, .redOp = 0, .devRedop = 0, .dataType = 0, .nBytes = 42151936, .numPipesOps = 1, .count = 21075968, .countMax = 0, .nWorks = 0, .winRegType = 0, .regBuff = 0 }
kirby:1:1 [0] NCCL INFO Best tuning { .id = 5, .valid = 1, timeUs = 2766.666504,  .algo = RING, .proto = SIMPLE, .symKernelId = Unknown, .ceMethodId = 2, nChannels = 4, maxChannels = 4, nWarps = 17, forced = 1 }
kirby:1:1 [0] NCCL INFO Best tuning, algorithm, RING, protocol, SIMPLE
kirby:1:1 [0] NCCL INFO Input: { .comm = 0x369a4f60, .tuningMask = 0x1fffff, .func = AllGather, .redOp = 0, .devRedop = 0, .dataType = 0, .nBytes = 7274496, .numPipesOps = 1, .count = 3637248, .countMax = 0, .nWorks = 0, .winRegType = 0, .regBuff = 0 }
kirby:1:1 [0] NCCL INFO Best tuning { .id = 5, .valid = 1, timeUs = 496.000000,  .algo = RING, .proto = SIMPLE, .symKernelId = Unknown, .ceMethodId = 2, nChannels = 4, maxChannels = 4, nWarps = 17, forced = 1 }
kirby:1:1 [0] NCCL INFO Best tuning, algorithm, RING, protocol, SIMPLE
kirby:1:1 [0] NCCL INFO Input: { .comm = 0x3c53a470, .tuningMask = 0x1fffff, .func = AllGather, .redOp = 0, .devRedop = 0, .dataType = 0, .nBytes = 42151936, .numPipesOps = 1, .count = 21075968, .countMax = 0, .nWorks = 0, .winRegType = 0, .regBuff = 0 }
kirby:1:1 [0] NCCL INFO Best tuning { .id = 5, .valid = 1, timeUs = 2766.666504,  .algo = RING, .proto = SIMPLE, .symKernelId = Unknown, .ceMethodId = 2, nChannels = 4, maxChannels = 4, nWarps = 17, forced = 1 }
kirby:1:1 [0] NCCL INFO Best tuning, algorithm, RING, protocol, SIMPLE
kirby:1:1 [0] NCCL INFO Input: { .comm = 0x369a4f60, .tuningMask = 0x1fffff, .func = AllGather, .redOp = 0, .devRedop = 0, .dataType = 0, .nBytes = 7274496, .numPipesOps = 1, .count = 3637248, .countMax = 0, .nWorks = 0, .winRegType = 0, .regBuff = 0 }
kirby:1:1 [0] NCCL INFO Best tuning { .id = 5, .valid = 1, timeUs = 496.000000,  .algo = RING, .proto = SIMPLE, .symKernelId = Unknown, .ceMethodId = 2, nChannels = 4, maxChannels = 4, nWarps = 17, forced = 1 }
kirby:1:1 [0] NCCL INFO Best tuning, algorithm, RING, protocol, SIMPLE
kirby:1:1 [0] NCCL INFO Input: { .comm = 0x3c53a470, .tuningMask = 0x1fffff, .func = AllGather, .redOp = 0, .devRedop = 0, .dataType = 0, .nBytes = 42151936, .numPipesOps = 1, .count = 21075968, .countMax = 0, .nWorks = 0, .winRegType = 0, .regBuff = 0 }
kirby:1:1 [0] NCCL INFO Best tuning { .id = 5, .valid = 1, timeUs = 2766.666504,  .algo = RING, .proto = SIMPLE, .symKernelId = Unknown, .ceMethodId = 2, nChannels = 4, maxChannels = 4, nWarps = 17, forced = 1 }
kirby:1:1 [0] NCCL INFO Best tuning, algorithm, RING, protocol, SIMPLE
kirby:1:1 [0] NCCL INFO Input: { .comm = 0x369a4f60, .tuningMask = 0x1fffff, .func = AllGather, .redOp = 0, .devRedop = 0, .dataType = 0, .nBytes = 7274496, .numPipesOps = 1, .count = 3637248, .countMax = 0, .nWorks = 0, .winRegType = 0, .regBuff = 0 }
kirby:1:1 [0] NCCL INFO Best tuning { .id = 5, .valid = 1, timeUs = 496.000000,  .algo = RING, .proto = SIMPLE, .symKernelId = Unknown, .ceMethodId = 2, nChannels = 4, maxChannels = 4, nWarps = 17, forced = 1 }
kirby:1:1 [0] NCCL INFO Best tuning, algorithm, RING, protocol, SIMPLE
kirby:1:1 [0] NCCL INFO Input: { .comm = 0x3c53a470, .tuningMask = 0x1fffff, .func = AllGather, .redOp = 0, .devRedop = 0, .dataType = 0, .nBytes = 42151936, .numPipesOps = 1, .count = 21075968, .countMax = 0, .nWorks = 0, .winRegType = 0, .regBuff = 0 }
kirby:1:1 [0] NCCL INFO Best tuning { .id = 5, .valid = 1, timeUs = 2766.666504,  .algo = RING, .proto = SIMPLE, .symKernelId = Unknown, .ceMethodId = 2, nChannels = 4, maxChannels = 4, nWarps = 17, forced = 1 }
kirby:1:1 [0] NCCL INFO Best tuning, algorithm, RING, protocol, SIMPLE
kirby:1:1 [0] NCCL INFO Input: { .comm = 0x369a4f60, .tuningMask = 0x1fffff, .func = AllGather, .redOp = 0, .devRedop = 0, .dataType = 0, .nBytes = 7274496, .numPipesOps = 1, .count = 3637248, .countMax = 0, .nWorks = 0, .winRegType = 0, .regBuff = 0 }
kirby:1:1 [0] NCCL INFO Best tuning { .id = 5, .valid = 1, timeUs = 496.000000,  .algo = RING, .proto = SIMPLE, .symKernelId = Unknown, .ceMethodId = 2, nChannels = 4, maxChannels = 4, nWarps = 17, forced = 1 }
kirby:1:1 [0] NCCL INFO Best tuning, algorithm, RING, protocol, SIMPLE
kirby:1:1 [0] NCCL INFO Input: { .comm = 0x3c53a470, .tuningMask = 0x1fffff, .func = AllGather, .redOp = 0, .devRedop = 0, .dataType = 0, .nBytes = 42151936, .numPipesOps = 1, .count = 21075968, .countMax = 0, .nWorks = 0, .winRegType = 0, .regBuff = 0 }
kirby:1:1 [0] NCCL INFO Best tuning { .id = 5, .valid = 1, timeUs = 2766.666504,  .algo = RING, .proto = SIMPLE, .symKernelId = Unknown, .ceMethodId = 2, nChannels = 4, maxChannels = 4, nWarps = 17, forced = 1 }
kirby:1:1 [0] NCCL INFO Best tuning, algorithm, RING, protocol, SIMPLE
kirby:1:1 [0] NCCL INFO Input: { .comm = 0x369a4f60, .tuningMask = 0x1fffff, .func = AllGather, .redOp = 0, .devRedop = 0, .dataType = 0, .nBytes = 7274496, .numPipesOps = 1, .count = 3637248, .countMax = 0, .nWorks = 0, .winRegType = 0, .regBuff = 0 }
kirby:1:1 [0] NCCL INFO Best tuning { .id = 5, .valid = 1, timeUs = 496.000000,  .algo = RING, .proto = SIMPLE, .symKernelId = Unknown, .ceMethodId = 2, nChannels = 4, maxChannels = 4, nWarps = 17, forced = 1 }
kirby:1:1 [0] NCCL INFO Best tuning, algorithm, RING, protocol, SIMPLE
kirby:1:1 [0] NCCL INFO Input: { .comm = 0x3c53a470, .tuningMask = 0x1fffff, .func = AllGather, .redOp = 0, .devRedop = 0, .dataType = 0, .nBytes = 42151936, .numPipesOps = 1, .count = 21075968, .countMax = 0, .nWorks = 0, .winRegType = 0, .regBuff = 0 }
kirby:1:1 [0] NCCL INFO Best tuning { .id = 5, .valid = 1, timeUs = 2766.666504,  .algo = RING, .proto = SIMPLE, .symKernelId = Unknown, .ceMethodId = 2, nChannels = 4, maxChannels = 4, nWarps = 17, forced = 1 }
kirby:1:1 [0] NCCL INFO Best tuning, algorithm, RING, protocol, SIMPLE
kirby:1:1 [0] NCCL INFO Input: { .comm = 0x369a4f60, .tuningMask = 0x1fffff, .func = AllGather, .redOp = 0, .devRedop = 0, .dataType = 0, .nBytes = 7274496, .numPipesOps = 1, .count = 3637248, .countMax = 0, .nWorks = 0, .winRegType = 0, .regBuff = 0 }
kirby:1:1 [0] NCCL INFO Best tuning { .id = 5, .valid = 1, timeUs = 496.000000,  .algo = RING, .proto = SIMPLE, .symKernelId = Unknown, .ceMethodId = 2, nChannels = 4, maxChannels = 4, nWarps = 17, forced = 1 }
kirby:1:1 [0] NCCL INFO Best tuning, algorithm, RING, protocol, SIMPLE
kirby:1:1 [0] NCCL INFO Input: { .comm = 0x3c53a470, .tuningMask = 0x1fffff, .func = AllGather, .redOp = 0, .devRedop = 0, .dataType = 0, .nBytes = 42151936, .numPipesOps = 1, .count = 21075968, .countMax = 0, .nWorks = 0, .winRegType = 0, .regBuff = 0 }
kirby:1:1 [0] NCCL INFO Best tuning { .id = 5, .valid = 1, timeUs = 2766.666504,  .algo = RING, .proto = SIMPLE, .symKernelId = Unknown, .ceMethodId = 2, nChannels = 4, maxChannels = 4, nWarps = 17, forced = 1 }
kirby:1:1 [0] NCCL INFO Best tuning, algorithm, RING, protocol, SIMPLE
kirby:1:1 [0] NCCL INFO Input: { .comm = 0x369a4f60, .tuningMask = 0x1fffff, .func = AllGather, .redOp = 0, .devRedop = 0, .dataType = 0, .nBytes = 7274496, .numPipesOps = 1, .count = 3637248, .countMax = 0, .nWorks = 0, .winRegType = 0, .regBuff = 0 }
kirby:1:1 [0] NCCL INFO Best tuning { .id = 5, .valid = 1, timeUs = 496.000000,  .algo = RING, .proto = SIMPLE, .symKernelId = Unknown, .ceMethodId = 2, nChannels = 4, maxChannels = 4, nWarps = 17, forced = 1 }
kirby:1:1 [0] NCCL INFO Best tuning, algorithm, RING, protocol, SIMPLE
kirby:1:1 [0] NCCL INFO Input: { .comm = 0x3c53a470, .tuningMask = 0x1fffff, .func = AllGather, .redOp = 0, .devRedop = 0, .dataType = 0, .nBytes = 42151936, .numPipesOps = 1, .count = 21075968, .countMax = 0, .nWorks = 0, .winRegType = 0, .regBuff = 0 }
kirby:1:1 [0] NCCL INFO Best tuning { .id = 5, .valid = 1, timeUs = 2766.666504,  .algo = RING, .proto = SIMPLE, .symKernelId = Unknown, .ceMethodId = 2, nChannels = 4, maxChannels = 4, nWarps = 17, forced = 1 }
kirby:1:1 [0] NCCL INFO Best tuning, algorithm, RING, protocol, SIMPLE
kirby:1:1 [0] NCCL INFO Input: { .comm = 0x369a4f60, .tuningMask = 0x1fffff, .func = AllGather, .redOp = 0, .devRedop = 0, .dataType = 0, .nBytes = 7274496, .numPipesOps = 1, .count = 3637248, .countMax = 0, .nWorks = 0, .winRegType = 0, .regBuff = 0 }
kirby:1:1 [0] NCCL INFO Best tuning { .id = 5, .valid = 1, timeUs = 496.000000,  .algo = RING, .proto = SIMPLE, .symKernelId = Unknown, .ceMethodId = 2, nChannels = 4, maxChannels = 4, nWarps = 17, forced = 1 }
kirby:1:1 [0] NCCL INFO Best tuning, algorithm, RING, protocol, SIMPLE
kirby:1:1 [0] NCCL INFO Input: { .comm = 0x3c53a470, .tuningMask = 0x1fffff, .func = AllGather, .redOp = 0, .devRedop = 0, .dataType = 0, .nBytes = 42151936, .numPipesOps = 1, .count = 21075968, .countMax = 0, .nWorks = 0, .winRegType = 0, .regBuff = 0 }
kirby:1:1 [0] NCCL INFO Best tuning { .id = 5, .valid = 1, timeUs = 2766.666504,  .algo = RING, .proto = SIMPLE, .symKernelId = Unknown, .ceMethodId = 2, nChannels = 4, maxChannels = 4, nWarps = 17, forced = 1 }
kirby:1:1 [0] NCCL INFO Best tuning, algorithm, RING, protocol, SIMPLE
kirby:1:1 [0] NCCL INFO Input: { .comm = 0x369a4f60, .tuningMask = 0x1fffff, .func = AllGather, .redOp = 0, .devRedop = 0, .dataType = 0, .nBytes = 7274496, .numPipesOps = 1, .count = 3637248, .countMax = 0, .nWorks = 0, .winRegType = 0, .regBuff = 0 }
kirby:1:1 [0] NCCL INFO Best tuning { .id = 5, .valid = 1, timeUs = 496.000000,  .algo = RING, .proto = SIMPLE, .symKernelId = Unknown, .ceMethodId = 2, nChannels = 4, maxChannels = 4, nWarps = 17, forced = 1 }
kirby:1:1 [0] NCCL INFO Best tuning, algorithm, RING, protocol, SIMPLE
kirby:1:1 [0] NCCL INFO Input: { .comm = 0x3c53a470, .tuningMask = 0x1fffff, .func = AllGather, .redOp = 0, .devRedop = 0, .dataType = 0, .nBytes = 42151936, .numPipesOps = 1, .count = 21075968, .countMax = 0, .nWorks = 0, .winRegType = 0, .regBuff = 0 }
kirby:1:1 [0] NCCL INFO Best tuning { .id = 5, .valid = 1, timeUs = 2766.666504,  .algo = RING, .proto = SIMPLE, .symKernelId = Unknown, .ceMethodId = 2, nChannels = 4, maxChannels = 4, nWarps = 17, forced = 1 }
kirby:1:1 [0] NCCL INFO Best tuning, algorithm, RING, protocol, SIMPLE
kirby:1:1 [0] NCCL INFO Input: { .comm = 0x369a4f60, .tuningMask = 0x1fffff, .func = AllGather, .redOp = 0, .devRedop = 0, .dataType = 0, .nBytes = 7274496, .numPipesOps = 1, .count = 3637248, .countMax = 0, .nWorks = 0, .winRegType = 0, .regBuff = 0 }
kirby:1:1 [0] NCCL INFO Best tuning { .id = 5, .valid = 1, timeUs = 496.000000,  .algo = RING, .proto = SIMPLE, .symKernelId = Unknown, .ceMethodId = 2, nChannels = 4, maxChannels = 4, nWarps = 17, forced = 1 }
kirby:1:1 [0] NCCL INFO Best tuning, algorithm, RING, protocol, SIMPLE
kirby:1:1 [0] NCCL INFO Input: { .comm = 0x3c53a470, .tuningMask = 0x1fffff, .func = AllGather, .redOp = 0, .devRedop = 0, .dataType = 0, .nBytes = 42151936, .numPipesOps = 1, .count = 21075968, .countMax = 0, .nWorks = 0, .winRegType = 0, .regBuff = 0 }
kirby:1:1 [0] NCCL INFO Best tuning { .id = 5, .valid = 1, timeUs = 2766.666504,  .algo = RING, .proto = SIMPLE, .symKernelId = Unknown, .ceMethodId = 2, nChannels = 4, maxChannels = 4, nWarps = 17, forced = 1 }
kirby:1:1 [0] NCCL INFO Best tuning, algorithm, RING, protocol, SIMPLE
kirby:1:1 [0] NCCL INFO Input: { .comm = 0x369a4f60, .tuningMask = 0x1fffff, .func = AllGather, .redOp = 0, .devRedop = 0, .dataType = 0, .nBytes = 7274496, .numPipesOps = 1, .count = 3637248, .countMax = 0, .nWorks = 0, .winRegType = 0, .regBuff = 0 }
kirby:1:1 [0] NCCL INFO Best tuning { .id = 5, .valid = 1, timeUs = 496.000000,  .algo = RING, .proto = SIMPLE, .symKernelId = Unknown, .ceMethodId = 2, nChannels = 4, maxChannels = 4, nWarps = 17, forced = 1 }
kirby:1:1 [0] NCCL INFO Best tuning, algorithm, RING, protocol, SIMPLE
kirby:1:1 [0] NCCL INFO Input: { .comm = 0x3c53a470, .tuningMask = 0x1fffff, .func = AllGather, .redOp = 0, .devRedop = 0, .dataType = 0, .nBytes = 42151936, .numPipesOps = 1, .count = 21075968, .countMax = 0, {"event": "rank1-complete", "lib_sha256": "1e9696ffeee4074005f99b9172c78803c5c92d10cb53f958550daaea2109aae8", "maps_nccl": ["ff1aee940000-ff1af3660000 r-xp 00000000 103:02 2359317                   /nccl-official/libnccl.so"], "validations": ["OK", "OK", "OK"]}
.nWorks = 0, .winRegType = 0, .regBuff = 0 }
kirby:1:1 [0] NCCL INFO Best tuning { .id = 5, .valid = 1, timeUs = 2766.666504,  .algo = RING, .proto = SIMPLE, .symKernelId = Unknown, .ceMethodId = 2, nChannels = 4, maxChannels = 4, nWarps = 17, forced = 1 }
kirby:1:1 [0] NCCL INFO Best tuning, algorithm, RING, protocol, SIMPLE
kirby:1:1 [0] NCCL INFO Input: { .comm = 0x369a4f60, .tuningMask = 0x1fffff, .func = AllGather, .redOp = 0, .devRedop = 0, .dataType = 0, .nBytes = 7274496, .numPipesOps = 1, .count = 3637248, .countMax = 0, .nWorks = 0, .winRegType = 0, .regBuff = 0 }
kirby:1:1 [0] NCCL INFO Best tuning { .id = 5, .valid = 1, timeUs = 496.000000,  .algo = RING, .proto = SIMPLE, .symKernelId = Unknown, .ceMethodId = 2, nChannels = 4, maxChannels = 4, nWarps = 17, forced = 1 }
kirby:1:1 [0] NCCL INFO Best tuning, algorithm, RING, protocol, SIMPLE
kirby:1:1 [0] NCCL INFO Input: { .comm = 0x3c53a470, .tuningMask = 0x1fffff, .func = AllGather, .redOp = 0, .devRedop = 0, .dataType = 0, .nBytes = 42151936, .numPipesOps = 1, .count = 21075968, .countMax = 0, .nWorks = 0, .winRegType = 0, .regBuff = 0 }
kirby:1:1 [0] NCCL INFO Best tuning { .id = 5, .valid = 1, timeUs = 2766.666504,  .algo = RING, .proto = SIMPLE, .symKernelId = Unknown, .ceMethodId = 2, nChannels = 4, maxChannels = 4, nWarps = 17, forced = 1 }
kirby:1:1 [0] NCCL INFO Best tuning, algorithm, RING, protocol, SIMPLE
kirby:1:1 [0] NCCL INFO Input: { .comm = 0x369a4f60, .tuningMask = 0x1fffff, .func = AllGather, .redOp = 0, .devRedop = 0, .dataType = 0, .nBytes = 7274496, .numPipesOps = 1, .count = 3637248, .countMax = 0, .nWorks = 0, .winRegType = 0, .regBuff = 0 }
kirby:1:1 [0] NCCL INFO Best tuning { .id = 5, .valid = 1, timeUs = 496.000000,  .algo = RING, .proto = SIMPLE, .symKernelId = Unknown, .ceMethodId = 2, nChannels = 4, maxChannels = 4, nWarps = 17, forced = 1 }
kirby:1:1 [0] NCCL INFO Best tuning, algorithm, RING, protocol, SIMPLE
kirby:1:1 [0] NCCL INFO Input: { .comm = 0x3c53a470, .tuningMask = 0x1fffff, .func = AllGather, .redOp = 0, .devRedop = 0, .dataType = 0, .nBytes = 42151936, .numPipesOps = 1, .count = 21075968, .countMax = 0, .nWorks = 0, .winRegType = 0, .regBuff = 0 }
kirby:1:1 [0] NCCL INFO Best tuning { .id = 5, .valid = 1, timeUs = 2766.666504,  .algo = RING, .proto = SIMPLE, .symKernelId = Unknown, .ceMethodId = 2, nChannels = 4, maxChannels = 4, nWarps = 17, forced = 1 }
kirby:1:1 [0] NCCL INFO Best tuning, algorithm, RING, protocol, SIMPLE
kirby:1:1 [0] NCCL INFO Input: { .comm = 0x369a4f60, .tuningMask = 0x1fffff, .func = AllGather, .redOp = 0, .devRedop = 0, .dataType = 0, .nBytes = 7274496, .numPipesOps = 1, .count = 3637248, .countMax = 0, .nWorks = 0, .winRegType = 0, .regBuff = 0 }
kirby:1:1 [0] NCCL INFO Best tuning { .id = 5, .valid = 1, timeUs = 496.000000,  .algo = RING, .proto = SIMPLE, .symKernelId = Unknown, .ceMethodId = 2, nChannels = 4, maxChannels = 4, nWarps = 17, forced = 1 }
kirby:1:1 [0] NCCL INFO Best tuning, algorithm, RING, protocol, SIMPLE
kirby:1:83 [0] NCCL INFO misc/socket.cc:707 (ncclSocketTryRecv) -> 3
kirby:1:80 [0] NCCL INFO misc/socket.cc:707 (ncclSocketTryRecv) -> 3
