timestamp, clocks.current.sm [MHz], clocks_event_reasons.active, temperature.gpu, power.draw [W]
2026/09/20 22:09:22.770, 208 MHz, 0x0000000000000004, 47, 6.18 W
2026/09/20 22:09:23.794, 2405 MHz, 0x0000000000000000, 48, 11.96 W
2026/09/20 22:09:24.794, 2405 MHz, 0x0000000000000000, 48, 13.94 W
2026/09/20 22:09:25.794, 260 MHz, 0x0000000000000000, 47, 9.73 W
2026/09/20 22:09:26.794, 2411 MHz, 0x0000000000000000, 48, 11.66 W
2026/09/20 22:09:27.795, 2405 MHz, 0x0000000000000000, 48, 14.15 W
2026/09/20 22:09:28.795, 260 MHz, 0x0000000000000000, 47, 9.77 W
2026/09/20 22:09:29.795, 208 MHz, 0x0000000000000000, 47, 6.74 W
2026/09/20 22:09:30.796, 208 MHz, 0x0000000000000000, 47, 6.73 W
2026/09/20 22:09:31.797, 208 MHz, 0x0000000000000000, 47, 6.32 W
2026/09/20 22:09:32.797, 214 MHz, 0x0000000000000000, 47, 6.35 W
2026/09/20 22:09:33.798, 208 MHz, 0x0000000000000000, 47, 6.34 W
2026/09/20 22:09:34.798, 208 MHz, 0x0000000000000000, 47, 6.27 W
2026/09/20 22:09:35.799, 208 MHz, 0x0000000000000004, 47, 6.26 W
2026/09/20 22:09:36.799, 208 MHz, 0x0000000000000000, 47, 6.24 W
2026/09/20 22:09:37.799, 208 MHz, 0x0000000000000004, 47, 6.26 W
2026/09/20 22:09:38.800, 208 MHz, 0x0000000000000000, 47, 6.27 W
2026/09/20 22:09:39.800, 201 MHz, 0x0000000000000004, 47, 6.31 W
2026/09/20 22:09:40.801, 208 MHz, 0x0000000000000000, 47, 6.29 W
2026/09/20 22:09:41.801, 208 MHz, 0x0000000000000004, 47, 6.26 W
2026/09/20 22:09:42.801, 208 MHz, 0x0000000000000000, 47, 6.26 W
2026/09/20 22:09:43.802, 208 MHz, 0x0000000000000004, 47, 6.25 W
2026/09/20 22:09:44.802, 208 MHz, 0x0000000000000000, 47, 6.35 W
2026/09/20 22:09:45.803, 208 MHz, 0x0000000000000000, 47, 6.35 W
2026/09/20 22:09:46.804, 208 MHz, 0x0000000000000000, 47, 6.25 W
2026/09/20 22:09:47.804, 208 MHz, 0x0000000000000004, 47, 6.26 W
2026/09/20 22:09:48.804, 208 MHz, 0x0000000000000000, 47, 6.28 W
2026/09/20 22:09:49.805, 208 MHz, 0x0000000000000004, 47, 6.22 W
2026/09/20 22:09:50.805, 208 MHz, 0x0000000000000000, 47, 6.22 W
2026/09/20 22:09:51.806, 208 MHz, 0x0000000000000000, 47, 6.22 W
2026/09/20 22:09:52.806, 208 MHz, 0x0000000000000000, 47, 6.30 W
2026/09/20 22:09:53.807, 208 MHz, 0x0000000000000000, 47, 6.30 W
2026/09/20 22:09:54.807, 208 MHz, 0x0000000000000000, 47, 6.26 W
2026/09/20 22:09:55.807, 208 MHz, 0x0000000000000004, 47, 6.26 W
2026/09/20 22:09:56.808, 208 MHz, 0x0000000000000000, 47, 6.21 W
2026/09/20 22:09:57.808, 208 MHz, 0x0000000000000004, 47, 6.19 W
2026/09/20 22:09:58.809, 208 MHz, 0x0000000000000000, 47, 6.22 W
2026/09/20 22:09:59.810, 214 MHz, 0x0000000000000000, 47, 6.27 W
2026/09/20 22:10:00.810, 208 MHz, 0x0000000000000000, 47, 6.21 W
2026/09/20 22:10:01.810, 208 MHz, 0x0000000000000004, 47, 6.21 W
2026/09/20 22:10:02.811, 208 MHz, 0x0000000000000000, 47, 6.24 W
2026/09/20 22:10:03.811, 208 MHz, 0x0000000000000004, 47, 6.23 W
2026/09/20 22:10:04.811, 208 MHz, 0x0000000000000000, 47, 6.17 W
2026/09/20 22:10:05.812, 208 MHz, 0x0000000000000004, 47, 6.19 W
2026/09/20 22:10:06.812, 208 MHz, 0x0000000000000000, 47, 6.26 W
2026/09/20 22:10:07.812, 208 MHz, 0x0000000000000004, 47, 6.26 W
2026/09/20 22:10:08.813, 208 MHz, 0x0000000000000000, 47, 6.26 W
2026/09/20 22:10:09.814, 208 MHz, 0x0000000000000004, 47, 6.24 W
2026/09/20 22:10:10.815, 208 MHz, 0x0000000000000000, 47, 6.18 W
2026/09/20 22:10:11.816, 208 MHz, 0x0000000000000004, 47, 6.14 W
2026/09/20 22:10:12.816, 208 MHz, 0x0000000000000000, 47, 6.13 W
2026/09/20 22:10:13.817, 208 MHz, 0x0000000000000004, 47, 6.14 W
2026/09/20 22:10:14.817, 208 MHz, 0x0000000000000000, 47, 6.16 W
2026/09/20 22:10:15.817, 208 MHz, 0x0000000000000004, 47, 6.14 W
2026/09/20 22:10:16.817, 2405 MHz, 0x0000000000000000, 48, 11.49 W
2026/09/20 22:10:17.818, 2411 MHz, 0x0000000000000000, 49, 14.08 W
2026/09/20 22:10:18.818, 2405 MHz, 0x0000000000000000, 49, 14.14 W
2026/09/20 22:10:19.818, 2411 MHz, 0x0000000000000000, 49, 14.13 W
2026/09/20 22:10:20.819, 2405 MHz, 0x0000000000000000, 49, 14.72 W
2026/09/20 22:10:21.819, 2418 MHz, 0x0000000000000000, 49, 16.22 W
2026/09/20 22:10:22.819, 2418 MHz, 0x0000000000000000, 50, 16.36 W
2026/09/20 22:10:23.820, 2411 MHz, 0x0000000000000000, 50, 15.83 W
2026/09/20 22:10:24.820, 2411 MHz, 0x0000000000000000, 50, 15.16 W
2026/09/20 22:10:25.820, 2405 MHz, 0x0000000000000000, 49, 14.04 W
2026/09/20 22:10:26.820, 2411 MHz, 0x0000000000000000, 49, 14.17 W
2026/09/20 22:10:27.820, 2405 MHz, 0x0000000000000000, 50, 14.07 W
2026/09/20 22:10:28.821, 2411 MHz, 0x0000000000000000, 50, 14.19 W
2026/09/20 22:10:29.821, 2418 MHz, 0x0000000000000000, 50, 14.91 W
2026/09/20 22:10:30.821, 2424 MHz, 0x0000000000000000, 50, 16.23 W
2026/09/20 22:10:31.822, 2418 MHz, 0x0000000000000000, 51, 15.68 W
2026/09/20 22:10:32.822, 2424 MHz, 0x0000000000000000, 51, 16.52 W
2026/09/20 22:10:33.822, 2424 MHz, 0x0000000000000000, 51, 16.85 W
2026/09/20 22:10:34.823, 2431 MHz, 0x0000000000000000, 51, 17.60 W
2026/09/20 22:10:35.823, 2437 MHz, 0x0000000000000000, 52, 18.30 W
2026/09/20 22:10:36.823, 2424 MHz, 0x0000000000000000, 52, 18.00 W
2026/09/20 22:10:37.824, 2418 MHz, 0x0000000000000000, 52, 16.72 W
2026/09/20 22:10:38.824, 2444 MHz, 0x0000000000000000, 52, 18.72 W
2026/09/20 22:10:39.824, 2424 MHz, 0x0000000000000000, 52, 17.35 W
2026/09/20 22:10:40.824, 2424 MHz, 0x0000000000000000, 53, 17.93 W
2026/09/20 22:10:41.825, 2424 MHz, 0x0000000000000000, 53, 17.20 W
2026/09/20 22:10:42.825, 2431 MHz, 0x0000000000000000, 53, 18.68 W
2026/09/20 22:10:43.825, 2424 MHz, 0x0000000000000000, 53, 18.26 W
2026/09/20 22:10:44.825, 2418 MHz, 0x0000000000000000, 53, 17.17 W
2026/09/20 22:10:45.826, 2437 MHz, 0x0000000000000000, 53, 17.55 W
2026/09/20 22:10:46.826, 2450 MHz, 0x0000000000000000, 54, 20.93 W
2026/09/20 22:10:47.826, 2431 MHz, 0x0000000000000000, 54, 20.18 W
2026/09/20 22:10:48.826, 2437 MHz, 0x0000000000000000, 54, 19.33 W
2026/09/20 22:10:49.826, 2424 MHz, 0x0000000000000000, 54, 18.35 W
2026/09/20 22:10:50.826, 2424 MHz, 0x0000000000000000, 54, 17.23 W
2026/09/20 22:10:51.826, 2424 MHz, 0x0000000000000000, 54, 17.25 W
2026/09/20 22:10:52.827, 2424 MHz, 0x0000000000000000, 54, 17.85 W
2026/09/20 22:10:53.827, 2418 MHz, 0x0000000000000000, 54, 17.48 W
2026/09/20 22:10:54.827, 2418 MHz, 0x0000000000000000, 54, 16.73 W
2026/09/20 22:10:55.828, 2424 MHz, 0x0000000000000000, 55, 17.78 W
2026/09/20 22:10:56.828, 2424 MHz, 0x0000000000000000, 55, 17.75 W
2026/09/20 22:10:57.828, 2418 MHz, 0x0000000000000000, 54, 16.77 W
2026/09/20 22:10:58.828, 2418 MHz, 0x0000000000000000, 55, 17.28 W
2026/09/20 22:10:59.829, 2424 MHz, 0x0000000000000000, 55, 17.60 W
2026/09/20 22:11:00.829, 2424 MHz, 0x0000000000000000, 55, 18.93 W
2026/09/20 22:11:01.829, 2418 MHz, 0x0000000000000000, 55, 17.38 W
2026/09/20 22:11:02.830, 2424 MHz, 0x0000000000000000, 55, 17.49 W
2026/09/20 22:11:03.830, 2424 MHz, 0x0000000000000000, 55, 17.92 W
2026/09/20 22:11:04.830, 2437 MHz, 0x0000000000000000, 56, 20.23 W
2026/09/20 22:11:05.830, 2437 MHz, 0x0000000000000000, 56, 20.11 W
2026/09/20 22:11:06.831, 2437 MHz, 0x0000000000000000, 56, 20.55 W
2026/09/20 22:11:07.831, 2437 MHz, 0x0000000000000000, 56, 19.95 W
2026/09/20 22:11:08.831, 2431 MHz, 0x0000000000000000, 56, 19.19 W
2026/09/20 22:11:09.832, 2444 MHz, 0x0000000000000000, 57, 20.78 W
2026/09/20 22:11:10.832, 2431 MHz, 0x0000000000000000, 56, 19.60 W
2026/09/20 22:11:11.832, 2444 MHz, 0x0000000000000000, 57, 20.47 W
2026/09/20 22:11:12.832, 2431 MHz, 0x0000000000000000, 57, 19.83 W
2026/09/20 22:11:13.833, 2431 MHz, 0x0000000000000000, 57, 18.61 W
2026/09/20 22:11:14.833, 2437 MHz, 0x0000000000000000, 57, 19.26 W
2026/09/20 22:11:15.833, 2437 MHz, 0x0000000000000000, 57, 19.70 W
2026/09/20 22:11:16.834, 2424 MHz, 0x0000000000000000, 57, 18.13 W
2026/09/20 22:11:17.834, 2437 MHz, 0x0000000000000000, 57, 18.89 W
2026/09/20 22:11:18.834, 2431 MHz, 0x0000000000000000, 57, 19.35 W
2026/09/20 22:11:19.834, 2431 MHz, 0x0000000000000000, 57, 19.93 W
2026/09/20 22:11:20.835, 2437 MHz, 0x0000000000000000, 57, 18.95 W
2026/09/20 22:11:21.835, 2444 MHz, 0x0000000000000000, 58, 20.97 W
2026/09/20 22:11:22.835, 2437 MHz, 0x0000000000000000, 58, 20.54 W
2026/09/20 22:11:23.836, 2431 MHz, 0x0000000000000000, 58, 18.81 W
2026/09/20 22:11:24.836, 2431 MHz, 0x0000000000000000, 58, 19.04 W
2026/09/20 22:11:25.836, 2424 MHz, 0x0000000000000000, 58, 18.26 W
2026/09/20 22:11:26.837, 2437 MHz, 0x0000000000000000, 58, 19.37 W
2026/09/20 22:11:27.837, 2424 MHz, 0x0000000000000000, 58, 18.61 W
2026/09/20 22:11:28.837, 2424 MHz, 0x0000000000000000, 57, 17.67 W
2026/09/20 22:11:29.837, 2431 MHz, 0x0000000000000000, 58, 18.38 W
2026/09/20 22:11:30.838, 2437 MHz, 0x0000000000000000, 58, 19.86 W
2026/09/20 22:11:31.838, 2431 MHz, 0x0000000000000000, 58, 19.57 W
2026/09/20 22:11:32.839, 2424 MHz, 0x0000000000000000, 58, 18.90 W
2026/09/20 22:11:33.839, 2444 MHz, 0x0000000000000000, 59, 20.26 W
2026/09/20 22:11:34.839, 2418 MHz, 0x0000000000000000, 58, 17.76 W
2026/09/20 22:11:35.839, 2424 MHz, 0x0000000000000000, 58, 17.77 W
2026/09/20 22:11:36.840, 2424 MHz, 0x0000000000000000, 58, 18.73 W
2026/09/20 22:11:37.840, 2418 MHz, 0x0000000000000000, 58, 17.65 W
2026/09/20 22:11:38.840, 2424 MHz, 0x0000000000000000, 58, 18.27 W
2026/09/20 22:11:39.840, 2437 MHz, 0x0000000000000000, 59, 19.17 W
2026/09/20 22:11:40.841, 2424 MHz, 0x0000000000000000, 58, 18.71 W
2026/09/20 22:11:41.841, 2431 MHz, 0x0000000000000000, 58, 18.88 W
2026/09/20 22:11:42.842, 2444 MHz, 0x0000000000000000, 59, 21.58 W
2026/09/20 22:11:43.842, 2424 MHz, 0x0000000000000000, 59, 20.45 W
2026/09/20 22:11:44.842, 2411 MHz, 0x0000000000000000, 58, 16.47 W
2026/09/20 22:11:45.843, 2411 MHz, 0x0000000000000000, 58, 15.49 W
2026/09/20 22:11:46.843, 2411 MHz, 0x0000000000000000, 57, 15.49 W
2026/09/20 22:11:47.844, 2411 MHz, 0x0000000000000000, 57, 15.44 W
2026/09/20 22:11:48.844, 2424 MHz, 0x0000000000000000, 58, 17.81 W
2026/09/20 22:11:49.845, 2444 MHz, 0x0000000000000000, 61, 36.11 W
2026/09/20 22:11:50.845, 2411 MHz, 0x0000000000000000, 58, 23.63 W
2026/09/20 22:11:51.845, 2424 MHz, 0x0000000000000000, 58, 17.48 W
2026/09/20 22:11:52.846, 2431 MHz, 0x0000000000000000, 58, 20.19 W
2026/09/20 22:11:53.846, 2444 MHz, 0x0000000000000000, 59, 20.74 W
2026/09/20 22:11:54.847, 2437 MHz, 0x0000000000000000, 59, 22.13 W
2026/09/20 22:11:55.847, 2411 MHz, 0x0000000000000000, 58, 19.75 W
2026/09/20 22:11:56.847, 2411 MHz, 0x0000000000000000, 58, 18.20 W
2026/09/20 22:11:57.847, 2411 MHz, 0x0000000000000000, 58, 15.55 W
2026/09/20 22:11:58.847, 2411 MHz, 0x0000000000000000, 58, 15.54 W
2026/09/20 22:11:59.848, 2411 MHz, 0x0000000000000000, 58, 15.57 W
2026/09/20 22:12:00.848, 2411 MHz, 0x0000000000000000, 58, 15.82 W
2026/09/20 22:12:01.848, 2411 MHz, 0x0000000000000000, 58, 15.61 W
2026/09/20 22:12:02.848, 2411 MHz, 0x0000000000000000, 58, 15.60 W
2026/09/20 22:12:03.849, 2411 MHz, 0x0000000000000000, 58, 15.57 W
2026/09/20 22:12:04.849, 2411 MHz, 0x0000000000000000, 58, 15.62 W
2026/09/20 22:12:05.849, 2411 MHz, 0x0000000000000000, 58, 15.64 W
2026/09/20 22:12:06.849, 2411 MHz, 0x0000000000000000, 59, 18.50 W
2026/09/20 22:12:07.849, 2418 MHz, 0x0000000000000000, 59, 17.57 W
2026/09/20 22:12:08.849, 2418 MHz, 0x0000000000000000, 59, 17.67 W
2026/09/20 22:12:09.850, 2411 MHz, 0x0000000000000000, 59, 17.13 W
2026/09/20 22:12:10.850, 2450 MHz, 0x0000000000000000, 61, 22.42 W
2026/09/20 22:12:11.851, 2450 MHz, 0x0000000000000000, 61, 23.51 W
2026/09/20 22:12:12.851, 2450 MHz, 0x0000000000000000, 61, 24.51 W
2026/09/20 22:12:13.851, 2450 MHz, 0x0000000000000000, 61, 24.45 W
2026/09/20 22:12:14.852, 2450 MHz, 0x0000000000000000, 61, 24.69 W
2026/09/20 22:12:15.852, 2450 MHz, 0x0000000000000000, 60, 23.13 W
2026/09/20 22:12:16.853, 2450 MHz, 0x0000000000000000, 60, 24.67 W
2026/09/20 22:12:17.854, 2450 MHz, 0x0000000000000000, 60, 24.68 W
2026/09/20 22:12:18.854, 2450 MHz, 0x0000000000000000, 60, 24.78 W
2026/09/20 22:12:19.854, 2411 MHz, 0x0000000000000000, 58, 18.39 W
2026/09/20 22:12:20.855, 2450 MHz, 0x0000000000000000, 59, 22.40 W
2026/09/20 22:12:21.856, 2450 MHz, 0x0000000000000000, 60, 24.76 W
2026/09/20 22:12:22.856, 2450 MHz, 0x0000000000000000, 60, 24.76 W
2026/09/20 22:12:23.857, 2450 MHz, 0x0000000000000000, 59, 24.92 W
2026/09/20 22:12:24.857, 2450 MHz, 0x0000000000000000, 59, 20.92 W
2026/09/20 22:12:25.858, 2450 MHz, 0x0000000000000000, 59, 25.11 W
2026/09/20 22:12:26.858, 2450 MHz, 0x0000000000000000, 59, 25.07 W
2026/09/20 22:12:27.859, 2431 MHz, 0x0000000000000000, 58, 25.23 W
2026/09/20 22:12:28.859, 2444 MHz, 0x0000000000000000, 59, 26.00 W
2026/09/20 22:12:29.859, 2411 MHz, 0x0000000000000000, 57, 15.71 W
2026/09/20 22:12:30.859, 2437 MHz, 0x0000000000000000, 63, 24.98 W
2026/09/20 22:12:31.860, 2437 MHz, 0x0000000000000000, 63, 43.71 W
2026/09/20 22:12:32.861, 2418 MHz, 0x0000000000000000, 59, 39.02 W
2026/09/20 22:12:33.861, 2411 MHz, 0x0000000000000000, 58, 15.61 W
2026/09/20 22:12:34.862, 2411 MHz, 0x0000000000000000, 57, 15.53 W
2026/09/20 22:12:35.862, 2411 MHz, 0x0000000000000000, 57, 15.51 W
2026/09/20 22:12:36.862, 2411 MHz, 0x0000000000000000, 57, 15.47 W
2026/09/20 22:12:37.863, 2411 MHz, 0x0000000000000000, 57, 15.42 W
2026/09/20 22:12:38.864, 2411 MHz, 0x0000000000000000, 56, 15.40 W
2026/09/20 22:12:39.865, 2450 MHz, 0x0000000000000000, 62, 35.08 W
2026/09/20 22:12:40.865, 2450 MHz, 0x0000000000000000, 62, 44.04 W
2026/09/20 22:12:41.866, 2411 MHz, 0x0000000000000000, 57, 28.10 W
2026/09/20 22:12:42.866, 2411 MHz, 0x0000000000000000, 57, 15.57 W
2026/09/20 22:12:43.866, 2411 MHz, 0x0000000000000000, 57, 15.52 W
2026/09/20 22:12:44.866, 2411 MHz, 0x0000000000000000, 57, 15.46 W
2026/09/20 22:12:45.866, 2411 MHz, 0x0000000000000000, 57, 15.96 W
2026/09/20 22:12:46.867, 2411 MHz, 0x0000000000000000, 57, 15.62 W
2026/09/20 22:12:47.867, 2411 MHz, 0x0000000000000000, 57, 15.48 W
2026/09/20 22:12:48.868, 2411 MHz, 0x0000000000000000, 57, 15.45 W
2026/09/20 22:12:49.868, 2411 MHz, 0x0000000000000000, 57, 16.01 W
2026/09/20 22:12:50.868, 2411 MHz, 0x0000000000000000, 57, 15.44 W
2026/09/20 22:12:51.869, 2411 MHz, 0x0000000000000000, 56, 15.41 W
2026/09/20 22:12:52.870, 2411 MHz, 0x0000000000000000, 56, 18.62 W
2026/09/20 22:12:53.870, 2411 MHz, 0x0000000000000000, 56, 15.35 W
2026/09/20 22:12:54.870, 2411 MHz, 0x0000000000000000, 56, 16.11 W
2026/09/20 22:12:55.870, 2411 MHz, 0x0000000000000000, 56, 19.29 W
2026/09/20 22:12:56.871, 2411 MHz, 0x0000000000000000, 56, 15.47 W
2026/09/20 22:12:57.872, 2418 MHz, 0x0000000000000000, 56, 16.56 W
2026/09/20 22:12:58.872, 2411 MHz, 0x0000000000000000, 56, 20.74 W
2026/09/20 22:12:59.873, 2411 MHz, 0x0000000000000000, 56, 15.31 W
2026/09/20 22:13:00.873, 2444 MHz, 0x0000000000000000, 58, 20.81 W
2026/09/20 22:13:01.874, 2411 MHz, 0x0000000000000000, 55, 15.33 W
2026/09/20 22:13:02.874, 2411 MHz, 0x0000000000000000, 55, 15.27 W
2026/09/20 22:13:03.874, 2424 MHz, 0x0000000000000000, 56, 25.44 W
2026/09/20 22:13:04.875, 2411 MHz, 0x0000000000000000, 55, 15.30 W
2026/09/20 22:13:05.875, 2418 MHz, 0x0000000000000000, 56, 27.10 W
2026/09/20 22:13:06.876, 2411 MHz, 0x0000000000000000, 56, 21.81 W
2026/09/20 22:13:07.876, 2411 MHz, 0x0000000000000000, 55, 15.27 W
2026/09/20 22:13:08.877, 2411 MHz, 0x0000000000000000, 55, 15.26 W
2026/09/20 22:13:09.877, 2424 MHz, 0x0000000000000000, 68, 42.62 W
2026/09/20 22:13:10.877, 2411 MHz, 0x0000000000000000, 56, 43.01 W
2026/09/20 22:13:11.877, 2411 MHz, 0x0000000000000000, 56, 15.38 W
2026/09/20 22:13:12.877, 2411 MHz, 0x0000000000000000, 56, 15.34 W
2026/09/20 22:13:13.878, 2411 MHz, 0x0000000000000000, 55, 15.23 W
2026/09/20 22:13:14.878, 2411 MHz, 0x0000000000000000, 55, 15.33 W
2026/09/20 22:13:15.879, 2411 MHz, 0x0000000000000000, 55, 15.25 W
2026/09/20 22:13:16.879, 2411 MHz, 0x0000000000000000, 55, 15.23 W
2026/09/20 22:13:17.880, 2411 MHz, 0x0000000000000000, 55, 15.22 W
2026/09/20 22:13:18.880, 2411 MHz, 0x0000000000000000, 55, 15.20 W
2026/09/20 22:13:19.880, 2411 MHz, 0x0000000000000000, 55, 15.19 W
2026/09/20 22:13:20.880, 2411 MHz, 0x0000000000000000, 55, 15.19 W
2026/09/20 22:13:21.880, 2411 MHz, 0x0000000000000000, 55, 15.19 W
2026/09/20 22:13:22.881, 2450 MHz, 0x0000000000000000, 56, 18.49 W
2026/09/20 22:13:23.881, 2418 MHz, 0x0000000000000000, 62, 48.25 W
2026/09/20 22:13:24.882, 2411 MHz, 0x0000000000000000, 55, 15.44 W
2026/09/20 22:13:25.882, 2411 MHz, 0x0000000000000000, 55, 15.24 W
2026/09/20 22:13:26.883, 2411 MHz, 0x0000000000000000, 55, 16.02 W
2026/09/20 22:13:27.884, 2411 MHz, 0x0000000000000000, 55, 15.19 W
2026/09/20 22:13:28.884, 2411 MHz, 0x0000000000000000, 55, 15.16 W
2026/09/20 22:13:29.884, 2411 MHz, 0x0000000000000000, 54, 16.08 W
2026/09/20 22:13:30.885, 2450 MHz, 0x0000000000000000, 59, 18.55 W
2026/09/20 22:13:31.885, 2411 MHz, 0x0000000000000000, 56, 39.14 W
2026/09/20 22:13:32.885, 2411 MHz, 0x0000000000000000, 55, 16.19 W
2026/09/20 22:13:33.885, 2411 MHz, 0x0000000000000000, 55, 16.58 W
2026/09/20 22:13:34.885, 2418 MHz, 0x0000000000000000, 55, 16.81 W
2026/09/20 22:13:35.886, 2411 MHz, 0x0000000000000000, 55, 15.36 W
2026/09/20 22:13:36.886, 2411 MHz, 0x0000000000000000, 55, 16.18 W
2026/09/20 22:13:37.886, 2411 MHz, 0x0000000000000000, 55, 15.70 W
2026/09/20 22:13:38.887, 2411 MHz, 0x0000000000000000, 55, 15.23 W
2026/09/20 22:13:39.887, 2411 MHz, 0x0000000000000000, 55, 15.25 W
2026/09/20 22:13:40.887, 2411 MHz, 0x0000000000000000, 54, 15.25 W
2026/09/20 22:13:41.888, 2411 MHz, 0x0000000000000000, 54, 15.25 W
2026/09/20 22:13:42.888, 2411 MHz, 0x0000000000000000, 54, 15.22 W
2026/09/20 22:13:43.888, 2411 MHz, 0x0000000000000000, 54, 15.20 W
2026/09/20 22:13:44.888, 2411 MHz, 0x0000000000000000, 54, 15.35 W
2026/09/20 22:13:45.888, 2411 MHz, 0x0000000000000000, 54, 15.34 W
2026/09/20 22:13:46.889, 2411 MHz, 0x0000000000000000, 54, 15.36 W
2026/09/20 22:13:47.889, 2411 MHz, 0x0000000000000000, 54, 15.40 W
2026/09/20 22:13:48.889, 2411 MHz, 0x0000000000000000, 54, 15.40 W
2026/09/20 22:13:49.889, 2411 MHz, 0x0000000000000000, 54, 15.33 W
2026/09/20 22:13:50.889, 2411 MHz, 0x0000000000000000, 54, 15.31 W
2026/09/20 22:13:51.889, 2411 MHz, 0x0000000000000000, 54, 15.36 W
2026/09/20 22:13:52.890, 2411 MHz, 0x0000000000000000, 54, 16.11 W
2026/09/20 22:13:53.890, 2411 MHz, 0x0000000000000000, 54, 15.35 W
2026/09/20 22:13:54.890, 2411 MHz, 0x0000000000000000, 54, 15.23 W
2026/09/20 22:13:55.890, 2411 MHz, 0x0000000000000000, 54, 15.27 W
2026/09/20 22:13:56.890, 2411 MHz, 0x0000000000000000, 54, 15.31 W
2026/09/20 22:13:57.891, 2411 MHz, 0x0000000000000000, 54, 15.31 W
2026/09/20 22:13:58.891, 2411 MHz, 0x0000000000000000, 54, 15.39 W
2026/09/20 22:13:59.891, 2411 MHz, 0x0000000000000000, 54, 15.39 W
2026/09/20 22:14:00.891, 2411 MHz, 0x0000000000000000, 54, 15.40 W
2026/09/20 22:14:01.891, 2411 MHz, 0x0000000000000000, 54, 15.41 W
2026/09/20 22:14:02.891, 2411 MHz, 0x0000000000000000, 54, 15.46 W
2026/09/20 22:14:03.892, 2411 MHz, 0x0000000000000000, 54, 15.38 W
2026/09/20 22:14:04.892, 2411 MHz, 0x0000000000000000, 54, 15.38 W
2026/09/20 22:14:05.892, 2411 MHz, 0x0000000000000000, 54, 15.38 W
2026/09/20 22:14:06.892, 2411 MHz, 0x0000000000000000, 54, 15.39 W
2026/09/20 22:14:07.892, 2411 MHz, 0x0000000000000000, 54, 15.67 W
2026/09/20 22:14:08.893, 2411 MHz, 0x0000000000000000, 54, 22.02 W
2026/09/20 22:14:09.893, 2411 MHz, 0x0000000000000000, 54, 15.16 W
2026/09/20 22:14:10.893, 2411 MHz, 0x0000000000000000, 54, 15.11 W
2026/09/20 22:14:11.893, 2411 MHz, 0x0000000000000000, 54, 15.17 W
2026/09/20 22:14:12.893, 2411 MHz, 0x0000000000000000, 54, 15.16 W
2026/09/20 22:14:13.893, 2411 MHz, 0x0000000000000000, 54, 15.19 W
2026/09/20 22:14:14.893, 2411 MHz, 0x0000000000000000, 54, 15.26 W
2026/09/20 22:14:15.894, 2411 MHz, 0x0000000000000000, 54, 15.24 W
2026/09/20 22:14:16.894, 2411 MHz, 0x0000000000000000, 54, 15.42 W
2026/09/20 22:14:17.894, 2411 MHz, 0x0000000000000000, 54, 15.28 W
2026/09/20 22:14:18.894, 2411 MHz, 0x0000000000000000, 54, 15.27 W
2026/09/20 22:14:19.895, 2411 MHz, 0x0000000000000000, 54, 15.27 W
2026/09/20 22:14:20.895, 2411 MHz, 0x0000000000000000, 53, 15.25 W
2026/09/20 22:14:21.895, 2411 MHz, 0x0000000000000000, 54, 15.36 W
2026/09/20 22:14:22.895, 2411 MHz, 0x0000000000000000, 53, 15.22 W
2026/09/20 22:14:23.896, 2418 MHz, 0x0000000000000000, 54, 16.54 W
2026/09/20 22:14:24.896, 2411 MHz, 0x0000000000000000, 53, 15.17 W
2026/09/20 22:14:25.897, 2411 MHz, 0x0000000000000000, 53, 15.15 W
2026/09/20 22:14:26.897, 2411 MHz, 0x0000000000000000, 53, 15.15 W
2026/09/20 22:14:27.897, 2411 MHz, 0x0000000000000000, 53, 15.13 W
2026/09/20 22:14:28.897, 2411 MHz, 0x0000000000000000, 53, 14.91 W
2026/09/20 22:14:29.898, 2405 MHz, 0x0000000000000000, 53, 14.89 W
2026/09/20 22:14:30.898, 2405 MHz, 0x0000000000000000, 53, 14.91 W
2026/09/20 22:14:31.898, 2411 MHz, 0x0000000000000000, 53, 14.93 W
2026/09/20 22:14:32.899, 2411 MHz, 0x0000000000000000, 53, 14.90 W
2026/09/20 22:14:33.899, 2411 MHz, 0x0000000000000000, 53, 14.87 W
2026/09/20 22:14:34.899, 2405 MHz, 0x0000000000000000, 53, 14.85 W
2026/09/20 22:14:35.900, 2405 MHz, 0x0000000000000000, 53, 14.91 W
2026/09/20 22:14:36.900, 2411 MHz, 0x0000000000000000, 53, 14.87 W
2026/09/20 22:14:37.900, 2411 MHz, 0x0000000000000000, 53, 14.87 W
2026/09/20 22:14:38.900, 2411 MHz, 0x0000000000000000, 53, 14.81 W
2026/09/20 22:14:39.901, 2405 MHz, 0x0000000000000000, 53, 15.11 W
2026/09/20 22:14:40.901, 2411 MHz, 0x0000000000000000, 53, 14.89 W
2026/09/20 22:14:41.901, 2411 MHz, 0x0000000000000000, 53, 14.84 W
2026/09/20 22:14:42.901, 2411 MHz, 0x0000000000000000, 53, 14.83 W
2026/09/20 22:14:43.902, 2405 MHz, 0x0000000000000000, 53, 14.84 W
2026/09/20 22:14:44.902, 2405 MHz, 0x0000000000000000, 53, 14.87 W
2026/09/20 22:14:45.902, 2411 MHz, 0x0000000000000000, 53, 14.89 W
2026/09/20 22:14:46.903, 2411 MHz, 0x0000000000000000, 53, 14.84 W
2026/09/20 22:14:47.903, 2411 MHz, 0x0000000000000000, 53, 14.84 W
2026/09/20 22:14:48.903, 2405 MHz, 0x0000000000000000, 53, 14.83 W
2026/09/20 22:14:49.904, 2405 MHz, 0x0000000000000000, 53, 14.82 W
2026/09/20 22:14:50.904, 2405 MHz, 0x0000000000000000, 53, 14.88 W
2026/09/20 22:14:51.904, 2411 MHz, 0x0000000000000000, 53, 14.90 W
2026/09/20 22:14:52.904, 2411 MHz, 0x0000000000000000, 53, 14.86 W
2026/09/20 22:14:53.904, 2411 MHz, 0x0000000000000000, 53, 14.87 W
2026/09/20 22:14:54.905, 2405 MHz, 0x0000000000000000, 53, 14.89 W
2026/09/20 22:14:55.905, 2405 MHz, 0x0000000000000000, 53, 14.90 W
2026/09/20 22:14:56.905, 2411 MHz, 0x0000000000000000, 53, 14.96 W
2026/09/20 22:14:57.905, 2411 MHz, 0x0000000000000000, 53, 14.90 W
2026/09/20 22:14:58.906, 2411 MHz, 0x0000000000000000, 53, 14.91 W
2026/09/20 22:14:59.906, 2405 MHz, 0x0000000000000000, 53, 14.86 W
2026/09/20 22:15:00.906, 2405 MHz, 0x0000000000000000, 53, 14.89 W
2026/09/20 22:15:01.907, 2411 MHz, 0x0000000000000000, 53, 14.94 W
2026/09/20 22:15:02.907, 2411 MHz, 0x0000000000000000, 53, 14.86 W
2026/09/20 22:15:03.907, 2411 MHz, 0x0000000000000000, 53, 14.86 W
2026/09/20 22:15:04.907, 2405 MHz, 0x0000000000000000, 53, 14.85 W
2026/09/20 22:15:05.907, 2411 MHz, 0x0000000000000000, 53, 14.91 W
2026/09/20 22:15:06.908, 2411 MHz, 0x0000000000000000, 53, 14.84 W
2026/09/20 22:15:07.908, 2411 MHz, 0x0000000000000000, 53, 14.83 W
2026/09/20 22:15:08.909, 2405 MHz, 0x0000000000000000, 53, 14.83 W
2026/09/20 22:15:09.909, 2411 MHz, 0x0000000000000000, 53, 14.91 W
2026/09/20 22:15:10.909, 2411 MHz, 0x0000000000000000, 53, 14.83 W
2026/09/20 22:15:11.910, 2411 MHz, 0x0000000000000000, 53, 14.97 W
2026/09/20 22:15:12.910, 2405 MHz, 0x0000000000000000, 53, 14.82 W
2026/09/20 22:15:13.910, 2405 MHz, 0x0000000000000000, 53, 14.88 W
2026/09/20 22:15:14.911, 2411 MHz, 0x0000000000000000, 53, 14.83 W
2026/09/20 22:15:15.911, 2411 MHz, 0x0000000000000000, 52, 14.79 W
2026/09/20 22:15:16.912, 2411 MHz, 0x0000000000000000, 52, 14.80 W
2026/09/20 22:15:17.913, 2405 MHz, 0x0000000000000000, 52, 14.80 W
2026/09/20 22:15:18.913, 2405 MHz, 0x0000000000000000, 52, 14.79 W
2026/09/20 22:15:19.913, 2405 MHz, 0x0000000000000000, 52, 14.83 W
2026/09/20 22:15:20.914, 2411 MHz, 0x0000000000000000, 52, 14.84 W
2026/09/20 22:15:21.914, 2411 MHz, 0x0000000000000000, 52, 14.79 W
2026/09/20 22:15:22.915, 2411 MHz, 0x0000000000000000, 52, 14.80 W
2026/09/20 22:15:23.915, 2411 MHz, 0x0000000000000000, 52, 14.76 W
2026/09/20 22:15:24.916, 2405 MHz, 0x0000000000000000, 52, 14.77 W
2026/09/20 22:15:25.916, 2405 MHz, 0x0000000000000000, 52, 14.78 W
2026/09/20 22:15:26.917, 2411 MHz, 0x0000000000000000, 52, 14.81 W
2026/09/20 22:15:27.918, 2411 MHz, 0x0000000000000000, 52, 14.76 W
2026/09/20 22:15:28.919, 2411 MHz, 0x0000000000000000, 52, 14.74 W
2026/09/20 22:15:29.920, 2411 MHz, 0x0000000000000000, 52, 14.74 W
2026/09/20 22:15:30.920, 2405 MHz, 0x0000000000000000, 52, 14.73 W
2026/09/20 22:15:31.920, 2405 MHz, 0x0000000000000000, 52, 14.76 W
2026/09/20 22:15:32.921, 2411 MHz, 0x0000000000000000, 52, 14.78 W
2026/09/20 22:15:33.921, 2411 MHz, 0x0000000000000000, 52, 14.77 W
2026/09/20 22:15:34.922, 2411 MHz, 0x0000000000000000, 52, 14.77 W
2026/09/20 22:15:35.922, 2405 MHz, 0x0000000000000000, 52, 14.77 W
2026/09/20 22:15:36.922, 2405 MHz, 0x0000000000000000, 52, 14.82 W
2026/09/20 22:15:37.923, 2411 MHz, 0x0000000000000000, 52, 14.79 W
2026/09/20 22:15:38.923, 2411 MHz, 0x0000000000000000, 52, 14.75 W
2026/09/20 22:15:39.923, 2405 MHz, 0x0000000000000000, 52, 14.75 W
2026/09/20 22:15:40.923, 2405 MHz, 0x0000000000000000, 52, 14.80 W
2026/09/20 22:15:41.923, 2411 MHz, 0x0000000000000000, 52, 14.79 W
2026/09/20 22:15:42.924, 2411 MHz, 0x0000000000000000, 52, 14.75 W
2026/09/20 22:15:43.924, 2405 MHz, 0x0000000000000000, 52, 14.88 W
2026/09/20 22:15:44.925, 2405 MHz, 0x0000000000000000, 52, 14.81 W
2026/09/20 22:15:45.925, 2411 MHz, 0x0000000000000000, 52, 14.80 W
2026/09/20 22:15:46.926, 2411 MHz, 0x0000000000000000, 52, 14.65 W
2026/09/20 22:15:47.926, 2405 MHz, 0x0000000000000000, 52, 14.72 W
2026/09/20 22:15:48.926, 2405 MHz, 0x0000000000000000, 52, 14.75 W
2026/09/20 22:15:49.927, 2411 MHz, 0x0000000000000000, 52, 14.79 W
2026/09/20 22:15:50.927, 2411 MHz, 0x0000000000000000, 52, 14.74 W
2026/09/20 22:15:51.927, 2411 MHz, 0x0000000000000000, 52, 14.74 W
2026/09/20 22:15:52.928, 2431 MHz, 0x0000000000000000, 53, 21.03 W
2026/09/20 22:15:53.928, 2405 MHz, 0x0000000000000000, 52, 20.98 W
2026/09/20 22:15:54.929, 2437 MHz, 0x0000000000000000, 54, 27.18 W
2026/09/20 22:15:55.929, 2405 MHz, 0x0000000000000000, 52, 21.13 W
2026/09/20 22:15:56.929, 2418 MHz, 0x0000000000000000, 53, 22.90 W
2026/09/20 22:15:57.930, 2405 MHz, 0x0000000000000000, 52, 15.75 W
2026/09/20 22:15:58.930, 2450 MHz, 0x0000000000000000, 57, 39.46 W
2026/09/20 22:15:59.930, 2411 MHz, 0x0000000000000000, 53, 27.59 W
2026/09/20 22:16:00.930, 2411 MHz, 0x0000000000000000, 53, 15.01 W
2026/09/20 22:16:01.931, 2405 MHz, 0x0000000000000000, 53, 14.80 W
2026/09/20 22:16:02.931, 2418 MHz, 0x0000000000000000, 53, 14.90 W
2026/09/20 22:16:03.931, 2424 MHz, 0x0000000000000000, 53, 16.92 W
2026/09/20 22:16:04.931, 2424 MHz, 0x0000000000000000, 53, 15.92 W
2026/09/20 22:16:05.932, 2431 MHz, 0x0000000000000000, 60, 24.69 W
2026/09/20 22:16:06.932, 2418 MHz, 0x0000000000000000, 53, 17.87 W
2026/09/20 22:16:07.932, 2424 MHz, 0x0000000000000000, 53, 15.66 W
2026/09/20 22:16:08.932, 2424 MHz, 0x0000000000000000, 53, 15.61 W
2026/09/20 22:16:09.933, 2424 MHz, 0x0000000000000000, 53, 15.63 W
2026/09/20 22:16:10.933, 2424 MHz, 0x0000000000000000, 53, 15.66 W
2026/09/20 22:16:11.934, 2424 MHz, 0x0000000000000000, 53, 15.68 W
2026/09/20 22:16:12.934, 2424 MHz, 0x0000000000000000, 53, 15.71 W
2026/09/20 22:16:13.935, 2424 MHz, 0x0000000000000000, 52, 15.71 W
2026/09/20 22:16:14.935, 2424 MHz, 0x0000000000000000, 52, 15.71 W
2026/09/20 22:16:15.935, 2424 MHz, 0x0000000000000000, 52, 15.74 W
2026/09/20 22:16:16.936, 2424 MHz, 0x0000000000000000, 52, 15.77 W
2026/09/20 22:16:17.936, 2424 MHz, 0x0000000000000000, 52, 15.77 W
2026/09/20 22:16:18.937, 2424 MHz, 0x0000000000000000, 52, 15.81 W
2026/09/20 22:16:19.937, 2418 MHz, 0x0000000000000000, 52, 15.67 W
2026/09/20 22:16:20.937, 2424 MHz, 0x0000000000000000, 52, 15.46 W
2026/09/20 22:16:21.938, 2437 MHz, 0x0000000000000000, 59, 41.28 W
2026/09/20 22:16:22.938, 2411 MHz, 0x0000000000000000, 53, 30.79 W
2026/09/20 22:16:23.939, 2405 MHz, 0x0000000000000000, 53, 14.74 W
2026/09/20 22:16:24.939, 2405 MHz, 0x0000000000000000, 52, 14.66 W
2026/09/20 22:16:25.939, 2405 MHz, 0x0000000000000000, 53, 14.99 W
2026/09/20 22:16:26.940, 2405 MHz, 0x0000000000000000, 52, 14.67 W
2026/09/20 22:16:27.940, 2405 MHz, 0x0000000000000000, 52, 16.63 W
2026/09/20 22:16:28.941, 2411 MHz, 0x0000000000000000, 53, 16.60 W
2026/09/20 22:16:29.941, 2405 MHz, 0x0000000000000000, 52, 14.65 W
2026/09/20 22:16:30.942, 2405 MHz, 0x0000000000000000, 53, 14.77 W
2026/09/20 22:16:31.943, 2405 MHz, 0x0000000000000000, 52, 15.57 W
2026/09/20 22:16:32.944, 2405 MHz, 0x0000000000000000, 52, 14.62 W
2026/09/20 22:16:33.944, 2418 MHz, 0x0000000000000000, 52, 14.90 W
2026/09/20 22:16:34.944, 2424 MHz, 0x0000000000000000, 52, 17.47 W
2026/09/20 22:16:35.945, 2424 MHz, 0x0000000000000000, 52, 16.02 W
2026/09/20 22:16:36.946, 2424 MHz, 0x0000000000000000, 56, 18.69 W
2026/09/20 22:16:37.946, 2418 MHz, 0x0000000000000000, 53, 30.93 W
2026/09/20 22:16:38.947, 2424 MHz, 0x0000000000000000, 53, 15.58 W
2026/09/20 22:16:39.947, 2424 MHz, 0x0000000000000000, 53, 15.60 W
2026/09/20 22:16:40.947, 2424 MHz, 0x0000000000000000, 53, 15.63 W
2026/09/20 22:16:41.948, 2424 MHz, 0x0000000000000000, 52, 15.65 W
2026/09/20 22:16:42.948, 2424 MHz, 0x0000000000000000, 52, 15.65 W
2026/09/20 22:16:43.949, 2424 MHz, 0x0000000000000000, 52, 15.68 W
2026/09/20 22:16:44.949, 2424 MHz, 0x0000000000000000, 52, 15.71 W
2026/09/20 22:16:45.950, 2424 MHz, 0x0000000000000000, 52, 15.72 W
2026/09/20 22:16:46.950, 2424 MHz, 0x0000000000000000, 52, 15.74 W
2026/09/20 22:16:47.951, 2424 MHz, 0x0000000000000000, 52, 15.74 W
2026/09/20 22:16:48.951, 2424 MHz, 0x0000000000000000, 52, 15.77 W
2026/09/20 22:16:49.952, 2424 MHz, 0x0000000000000000, 52, 15.79 W
2026/09/20 22:16:50.952, 2424 MHz, 0x0000000000000000, 52, 15.82 W
2026/09/20 22:16:51.953, 2418 MHz, 0x0000000000000000, 52, 15.31 W
2026/09/20 22:16:52.953, 2424 MHz, 0x0000000000000000, 60, 26.60 W
2026/09/20 22:16:53.954, 2424 MHz, 0x0000000000000000, 55, 51.15 W
2026/09/20 22:16:54.955, 2405 MHz, 0x0000000000000000, 53, 14.82 W
2026/09/20 22:16:55.955, 2405 MHz, 0x0000000000000000, 52, 14.60 W
2026/09/20 22:16:56.956, 2405 MHz, 0x0000000000000000, 52, 14.58 W
2026/09/20 22:16:57.957, 2405 MHz, 0x0000000000000000, 52, 14.56 W
2026/09/20 22:16:58.957, 2405 MHz, 0x0000000000000000, 52, 14.54 W
2026/09/20 22:16:59.958, 2405 MHz, 0x0000000000000000, 52, 14.52 W
2026/09/20 22:17:00.958, 2405 MHz, 0x0000000000000000, 52, 14.49 W
2026/09/20 22:17:01.959, 2405 MHz, 0x0000000000000000, 52, 14.49 W
2026/09/20 22:17:02.960, 2405 MHz, 0x0000000000000000, 52, 14.48 W
2026/09/20 22:17:03.961, 2405 MHz, 0x0000000000000000, 52, 14.45 W
2026/09/20 22:17:04.962, 2405 MHz, 0x0000000000000000, 51, 14.48 W
2026/09/20 22:17:05.963, 2405 MHz, 0x0000000000000000, 51, 14.48 W
2026/09/20 22:17:06.963, 2405 MHz, 0x0000000000000000, 51, 14.35 W
2026/09/20 22:17:07.963, 2405 MHz, 0x0000000000000000, 51, 14.22 W
2026/09/20 22:17:08.963, 2405 MHz, 0x0000000000000000, 52, 14.36 W
2026/09/20 22:17:09.964, 2405 MHz, 0x0000000000000000, 52, 14.69 W
2026/09/20 22:17:10.964, 2405 MHz, 0x0000000000000000, 52, 14.59 W
2026/09/20 22:17:11.965, 2411 MHz, 0x0000000000000000, 52, 14.70 W
2026/09/20 22:17:12.965, 2405 MHz, 0x0000000000000000, 52, 14.64 W
2026/09/20 22:17:13.965, 2405 MHz, 0x0000000000000000, 52, 14.71 W
2026/09/20 22:17:14.965, 2405 MHz, 0x0000000000000000, 52, 14.69 W
2026/09/20 22:17:15.965, 2411 MHz, 0x0000000000000000, 52, 14.69 W
2026/09/20 22:17:16.965, 2405 MHz, 0x0000000000000000, 52, 14.63 W
2026/09/20 22:17:17.966, 2405 MHz, 0x0000000000000000, 52, 14.69 W
2026/09/20 22:17:18.966, 2405 MHz, 0x0000000000000000, 52, 14.69 W
2026/09/20 22:17:19.966, 2411 MHz, 0x0000000000000000, 52, 14.68 W
2026/09/20 22:17:20.966, 2405 MHz, 0x0000000000000000, 52, 14.63 W
2026/09/20 22:17:21.967, 2405 MHz, 0x0000000000000000, 52, 14.69 W
2026/09/20 22:17:22.967, 2405 MHz, 0x0000000000000000, 52, 14.74 W
2026/09/20 22:17:23.967, 2405 MHz, 0x0000000000000000, 52, 14.63 W
2026/09/20 22:17:24.967, 2405 MHz, 0x0000000000000000, 52, 14.69 W
2026/09/20 22:17:25.968, 2405 MHz, 0x0000000000000000, 52, 15.78 W
2026/09/20 22:17:26.968, 2405 MHz, 0x0000000000000000, 52, 15.94 W
2026/09/20 22:17:27.968, 2418 MHz, 0x0000000000000000, 52, 16.10 W
2026/09/20 22:17:28.969, 2424 MHz, 0x0000000000000000, 52, 17.49 W
2026/09/20 22:17:29.969, 2424 MHz, 0x0000000000000000, 53, 16.87 W
2026/09/20 22:17:30.969, 2424 MHz, 0x0000000000000000, 52, 17.03 W
2026/09/20 22:17:31.970, 2418 MHz, 0x0000000000000000, 53, 29.05 W
2026/09/20 22:17:32.970, 2431 MHz, 0x0000000000000000, 53, 18.39 W
2026/09/20 22:17:33.971, 2424 MHz, 0x0000000000000000, 53, 17.24 W
2026/09/20 22:17:34.971, 2424 MHz, 0x0000000000000000, 53, 16.36 W
2026/09/20 22:17:35.972, 2424 MHz, 0x0000000000000000, 53, 16.45 W
2026/09/20 22:17:36.972, 2424 MHz, 0x0000000000000000, 52, 16.44 W
2026/09/20 22:17:37.972, 2424 MHz, 0x0000000000000000, 52, 16.50 W
2026/09/20 22:17:38.973, 2424 MHz, 0x0000000000000000, 53, 16.70 W
2026/09/20 22:17:39.973, 2424 MHz, 0x0000000000000000, 53, 16.93 W
2026/09/20 22:17:40.973, 2424 MHz, 0x0000000000000000, 53, 16.83 W
2026/09/20 22:17:41.974, 2424 MHz, 0x0000000000000000, 52, 16.86 W
2026/09/20 22:17:42.974, 2424 MHz, 0x0000000000000000, 53, 16.93 W
2026/09/20 22:17:43.974, 2424 MHz, 0x0000000000000000, 53, 17.15 W
2026/09/20 22:17:44.975, 2424 MHz, 0x0000000000000000, 53, 17.40 W
2026/09/20 22:17:45.975, 2418 MHz, 0x0000000000000000, 53, 16.11 W
2026/09/20 22:17:46.975, 2424 MHz, 0x0000000000000000, 53, 17.24 W
2026/09/20 22:17:47.976, 2424 MHz, 0x0000000000000000, 63, 46.97 W
2026/09/20 22:17:48.976, 2418 MHz, 0x0000000000000000, 67, 81.14 W
2026/09/20 22:17:49.977, 2411 MHz, 0x0000000000000000, 54, 51.43 W
2026/09/20 22:17:50.978, 2411 MHz, 0x0000000000000000, 54, 15.01 W
2026/09/20 22:17:51.978, 2411 MHz, 0x0000000000000000, 53, 14.95 W
2026/09/20 22:17:52.978, 2411 MHz, 0x0000000000000000, 53, 14.90 W
2026/09/20 22:17:53.979, 2411 MHz, 0x0000000000000000, 53, 14.90 W
2026/09/20 22:17:54.980, 2411 MHz, 0x0000000000000000, 53, 14.87 W
2026/09/20 22:17:55.980, 2405 MHz, 0x0000000000000000, 52, 14.73 W
2026/09/20 22:17:56.981, 2405 MHz, 0x0000000000000000, 52, 14.58 W
2026/09/20 22:17:57.982, 2405 MHz, 0x0000000000000000, 52, 14.56 W
2026/09/20 22:17:58.982, 2405 MHz, 0x0000000000000000, 52, 14.57 W
2026/09/20 22:17:59.982, 2405 MHz, 0x0000000000000000, 52, 14.64 W
2026/09/20 22:18:00.983, 2405 MHz, 0x0000000000000000, 52, 14.60 W
2026/09/20 22:18:01.983, 2405 MHz, 0x0000000000000000, 52, 14.60 W
2026/09/20 22:18:02.983, 2405 MHz, 0x0000000000000000, 52, 14.59 W
2026/09/20 22:18:03.984, 2405 MHz, 0x0000000000000000, 52, 14.58 W
2026/09/20 22:18:04.984, 2405 MHz, 0x0000000000000000, 52, 14.60 W
2026/09/20 22:18:05.984, 2405 MHz, 0x0000000000000000, 52, 14.98 W
2026/09/20 22:18:06.984, 2405 MHz, 0x0000000000000000, 52, 16.10 W
2026/09/20 22:18:07.985, 2405 MHz, 0x0000000000000000, 52, 15.36 W
2026/09/20 22:18:08.985, 2405 MHz, 0x0000000000000000, 52, 15.36 W
2026/09/20 22:18:09.986, 2405 MHz, 0x0000000000000000, 52, 14.63 W
2026/09/20 22:18:10.987, 2405 MHz, 0x0000000000000000, 52, 14.62 W
2026/09/20 22:18:11.987, 2405 MHz, 0x0000000000000000, 52, 14.66 W
2026/09/20 22:18:12.987, 2405 MHz, 0x0000000000000000, 52, 14.58 W
2026/09/20 22:18:13.987, 2405 MHz, 0x0000000000000000, 52, 14.65 W
2026/09/20 22:18:14.987, 2405 MHz, 0x0000000000000000, 52, 14.57 W
2026/09/20 22:18:15.988, 2405 MHz, 0x0000000000000000, 52, 14.65 W
2026/09/20 22:18:16.988, 2405 MHz, 0x0000000000000000, 52, 14.58 W
2026/09/20 22:18:17.989, 2405 MHz, 0x0000000000000000, 52, 14.65 W
2026/09/20 22:18:18.989, 2405 MHz, 0x0000000000000000, 52, 14.62 W
2026/09/20 22:18:19.990, 2405 MHz, 0x0000000000000000, 52, 15.41 W
2026/09/20 22:18:20.991, 2405 MHz, 0x0000000000000000, 52, 15.14 W
2026/09/20 22:18:21.992, 2405 MHz, 0x0000000000000000, 52, 14.63 W
2026/09/20 22:18:22.992, 2405 MHz, 0x0000000000000000, 52, 14.56 W
2026/09/20 22:18:23.993, 2405 MHz, 0x0000000000000000, 52, 14.37 W
2026/09/20 22:18:24.993, 2405 MHz, 0x0000000000000000, 52, 14.28 W
2026/09/20 22:18:25.993, 2405 MHz, 0x0000000000000000, 52, 14.28 W
2026/09/20 22:18:26.993, 2405 MHz, 0x0000000000000000, 52, 14.29 W
2026/09/20 22:18:27.994, 2405 MHz, 0x0000000000000000, 51, 14.29 W
2026/09/20 22:18:28.994, 2405 MHz, 0x0000000000000000, 51, 14.29 W
2026/09/20 22:18:29.995, 2405 MHz, 0x0000000000000000, 51, 14.28 W
2026/09/20 22:18:30.996, 2405 MHz, 0x0000000000000000, 51, 14.27 W
2026/09/20 22:18:31.997, 2405 MHz, 0x0000000000000000, 51, 14.28 W
2026/09/20 22:18:32.997, 2405 MHz, 0x0000000000000000, 51, 14.27 W
2026/09/20 22:18:33.998, 2405 MHz, 0x0000000000000000, 51, 14.27 W
2026/09/20 22:18:34.998, 2405 MHz, 0x0000000000000000, 51, 14.26 W
2026/09/20 22:18:35.998, 2405 MHz, 0x0000000000000000, 51, 14.26 W
2026/09/20 22:18:36.998, 2405 MHz, 0x0000000000000000, 51, 14.26 W
2026/09/20 22:18:37.999, 2405 MHz, 0x0000000000000000, 51, 14.28 W
2026/09/20 22:18:38.999, 2405 MHz, 0x0000000000000000, 51, 14.27 W
2026/09/20 22:18:39.999, 2405 MHz, 0x0000000000000000, 51, 14.26 W
2026/09/20 22:18:41.000, 2405 MHz, 0x0000000000000000, 51, 14.26 W
2026/09/20 22:18:42.001, 2405 MHz, 0x0000000000000000, 51, 14.26 W
2026/09/20 22:18:43.001, 2405 MHz, 0x0000000000000000, 51, 14.26 W
2026/09/20 22:18:44.001, 2405 MHz, 0x0000000000000000, 51, 14.27 W
2026/09/20 22:18:45.002, 2405 MHz, 0x0000000000000000, 51, 14.27 W
2026/09/20 22:18:46.002, 2405 MHz, 0x0000000000000000, 51, 14.27 W
2026/09/20 22:18:47.002, 2405 MHz, 0x0000000000000000, 51, 14.26 W
2026/09/20 22:18:48.002, 2405 MHz, 0x0000000000000000, 51, 14.26 W
2026/09/20 22:18:49.002, 2405 MHz, 0x0000000000000000, 51, 14.28 W
2026/09/20 22:18:50.003, 2405 MHz, 0x0000000000000000, 51, 14.26 W
2026/09/20 22:18:51.003, 2405 MHz, 0x0000000000000000, 51, 14.25 W
2026/09/20 22:18:52.004, 2405 MHz, 0x0000000000000000, 51, 14.26 W
2026/09/20 22:18:53.004, 2405 MHz, 0x0000000000000000, 51, 14.53 W
2026/09/20 22:18:54.004, 2405 MHz, 0x0000000000000000, 51, 14.26 W
2026/09/20 22:18:55.004, 2405 MHz, 0x0000000000000000, 51, 14.25 W
2026/09/20 22:18:56.005, 2405 MHz, 0x0000000000000000, 51, 15.81 W
2026/09/20 22:18:57.006, 2418 MHz, 0x0000000000000000, 51, 17.91 W
2026/09/20 22:18:58.006, 2411 MHz, 0x0000000000000000, 51, 14.46 W
2026/09/20 22:18:59.006, 2405 MHz, 0x0000000000000000, 51, 14.26 W
2026/09/20 22:19:00.007, 2405 MHz, 0x0000000000000000, 51, 14.27 W
2026/09/20 22:19:01.007, 2405 MHz, 0x0000000000000000, 51, 14.26 W
2026/09/20 22:19:02.008, 2405 MHz, 0x0000000000000000, 51, 14.25 W
2026/09/20 22:19:03.008, 2405 MHz, 0x0000000000000000, 51, 15.73 W
2026/09/20 22:19:04.009, 2405 MHz, 0x0000000000000000, 51, 14.51 W
2026/09/20 22:19:05.009, 2405 MHz, 0x0000000000000000, 51, 14.50 W
2026/09/20 22:19:06.009, 2405 MHz, 0x0000000000000000, 51, 14.33 W
2026/09/20 22:19:07.010, 2405 MHz, 0x0000000000000000, 51, 15.48 W
2026/09/20 22:19:08.010, 2405 MHz, 0x0000000000000000, 52, 20.60 W
2026/09/20 22:19:09.010, 2405 MHz, 0x0000000000000000, 51, 14.84 W
2026/09/20 22:19:10.010, 2405 MHz, 0x0000000000000000, 51, 14.47 W
2026/09/20 22:19:11.011, 2405 MHz, 0x0000000000000000, 51, 14.51 W
2026/09/20 22:19:12.012, 2405 MHz, 0x0000000000000000, 51, 14.51 W
2026/09/20 22:19:13.012, 2405 MHz, 0x0000000000000000, 51, 14.50 W
2026/09/20 22:19:14.013, 2405 MHz, 0x0000000000000000, 51, 14.50 W
2026/09/20 22:19:15.013, 2405 MHz, 0x0000000000000000, 51, 14.52 W
2026/09/20 22:19:16.013, 2405 MHz, 0x0000000000000000, 51, 16.65 W
2026/09/20 22:19:17.014, 2411 MHz, 0x0000000000000000, 52, 18.47 W
2026/09/20 22:19:18.014, 2405 MHz, 0x0000000000000000, 51, 15.64 W
2026/09/20 22:19:19.015, 2405 MHz, 0x0000000000000000, 51, 14.50 W
2026/09/20 22:19:20.015, 2405 MHz, 0x0000000000000000, 51, 14.81 W
2026/09/20 22:19:21.015, 2405 MHz, 0x0000000000000000, 51, 16.89 W
2026/09/20 22:19:22.016, 2405 MHz, 0x0000000000000000, 51, 14.27 W
2026/09/20 22:19:23.016, 2405 MHz, 0x0000000000000000, 51, 16.13 W
2026/09/20 22:19:24.016, 2405 MHz, 0x0000000000000000, 51, 14.26 W
2026/09/20 22:19:25.017, 2405 MHz, 0x0000000000000000, 51, 14.26 W
2026/09/20 22:19:26.017, 2405 MHz, 0x0000000000000000, 51, 14.25 W
2026/09/20 22:19:27.017, 2405 MHz, 0x0000000000000000, 51, 14.24 W
2026/09/20 22:19:28.018, 2405 MHz, 0x0000000000000000, 51, 14.25 W
2026/09/20 22:19:29.018, 2405 MHz, 0x0000000000000000, 51, 14.26 W
2026/09/20 22:19:30.019, 2437 MHz, 0x0000000000000000, 51, 20.53 W
2026/09/20 22:19:31.019, 2405 MHz, 0x0000000000000000, 51, 14.63 W
2026/09/20 22:19:32.019, 2418 MHz, 0x0000000000000000, 53, 16.13 W
2026/09/20 22:19:33.020, 2411 MHz, 0x0000000000000000, 51, 16.19 W
2026/09/20 22:19:34.020, 2405 MHz, 0x0000000000000000, 51, 14.26 W
2026/09/20 22:19:35.020, 2405 MHz, 0x0000000000000000, 52, 14.82 W
2026/09/20 22:19:36.021, 2405 MHz, 0x0000000000000000, 51, 15.17 W
2026/09/20 22:19:37.021, 2405 MHz, 0x0000000000000000, 51, 16.85 W
2026/09/20 22:19:38.022, 2405 MHz, 0x0000000000000000, 51, 15.77 W
2026/09/20 22:19:39.022, 2405 MHz, 0x0000000000000000, 51, 14.26 W
2026/09/20 22:19:40.022, 2405 MHz, 0x0000000000000000, 51, 15.94 W
2026/09/20 22:19:41.023, 2437 MHz, 0x0000000000000000, 52, 19.13 W
2026/09/20 22:19:42.023, 2463 MHz, 0x0000000000000000, 54, 20.54 W
2026/09/20 22:19:43.023, 2405 MHz, 0x0000000000000000, 52, 20.02 W
2026/09/20 22:19:44.024, 2405 MHz, 0x0000000000000000, 51, 14.31 W
2026/09/20 22:19:45.024, 2405 MHz, 0x0000000000000000, 51, 14.30 W
2026/09/20 22:19:46.024, 2405 MHz, 0x0000000000000000, 51, 14.21 W
2026/09/20 22:19:47.025, 2405 MHz, 0x0000000000000000, 51, 14.20 W
2026/09/20 22:19:48.025, 2405 MHz, 0x0000000000000000, 51, 14.19 W
2026/09/20 22:19:49.025, 2405 MHz, 0x0000000000000000, 51, 14.18 W
2026/09/20 22:19:50.026, 2405 MHz, 0x0000000000000000, 51, 14.14 W
2026/09/20 22:19:51.027, 2405 MHz, 0x0000000000000000, 51, 14.15 W
2026/09/20 22:19:52.027, 2405 MHz, 0x0000000000000000, 51, 14.14 W
2026/09/20 22:19:53.027, 2405 MHz, 0x0000000000000000, 51, 14.21 W
2026/09/20 22:19:54.028, 2405 MHz, 0x0000000000000000, 51, 14.16 W
2026/09/20 22:19:55.028, 2405 MHz, 0x0000000000000000, 51, 19.10 W
2026/09/20 22:19:56.028, 2431 MHz, 0x0000000000000000, 52, 20.30 W
2026/09/20 22:19:57.028, 2405 MHz, 0x0000000000000000, 51, 14.35 W
2026/09/20 22:19:58.029, 2431 MHz, 0x0000000000000000, 53, 26.39 W
2026/09/20 22:19:59.029, 2405 MHz, 0x0000000000000000, 52, 18.82 W
2026/09/20 22:20:00.030, 2437 MHz, 0x0000000000000000, 55, 26.69 W
2026/09/20 22:20:01.030, 2444 MHz, 0x0000000000000000, 55, 32.81 W
2026/09/20 22:20:02.031, 2450 MHz, 0x0000000000000000, 56, 32.23 W
2026/09/20 22:20:03.031, 2450 MHz, 0x0000000000000000, 56, 33.78 W
2026/09/20 22:20:04.032, 2450 MHz, 0x0000000000000000, 57, 35.06 W
2026/09/20 22:20:05.032, 2450 MHz, 0x0000000000000000, 59, 35.30 W
2026/09/20 22:20:06.032, 2450 MHz, 0x0000000000000000, 57, 35.05 W
2026/09/20 22:20:07.033, 2411 MHz, 0x0000000000000000, 54, 18.66 W
2026/09/20 22:20:08.033, 2450 MHz, 0x0000000000000000, 58, 28.12 W
2026/09/20 22:20:09.033, 2450 MHz, 0x0000000000000000, 58, 34.07 W
2026/09/20 22:20:10.034, 2450 MHz, 0x0000000000000000, 58, 35.32 W
2026/09/20 22:20:11.034, 2450 MHz, 0x0000000000000000, 59, 36.42 W
2026/09/20 22:20:12.035, 2450 MHz, 0x0000000000000000, 58, 33.31 W
2026/09/20 22:20:13.035, 2450 MHz, 0x0000000000000000, 59, 33.93 W
2026/09/20 22:20:14.035, 2450 MHz, 0x0000000000000000, 59, 34.24 W
2026/09/20 22:20:15.036, 2431 MHz, 0x0000000000000000, 59, 27.91 W
2026/09/20 22:20:16.036, 2450 MHz, 0x0000000000000000, 59, 33.83 W
2026/09/20 22:20:17.036, 2431 MHz, 0x0000000000000000, 59, 30.99 W
2026/09/20 22:20:18.037, 2431 MHz, 0x0000000000000000, 60, 33.21 W
2026/09/20 22:20:19.037, 2450 MHz, 0x0000000000000000, 62, 40.55 W
2026/09/20 22:20:20.038, 2418 MHz, 0x0000000000000000, 57, 34.75 W
2026/09/20 22:20:21.038, 2431 MHz, 0x0000000000000000, 59, 19.49 W
2026/09/20 22:20:22.038, 2431 MHz, 0x0000000000000000, 63, 43.04 W
2026/09/20 22:20:23.039, 2431 MHz, 0x0000000000000000, 64, 54.85 W
2026/09/20 22:20:24.039, 2437 MHz, 0x0000000000000000, 63, 48.99 W
2026/09/20 22:20:25.040, 2424 MHz, 0x0000000000000000, 63, 44.55 W
2026/09/20 22:20:26.040, 2431 MHz, 0x0000000000000000, 68, 55.37 W
2026/09/20 22:20:27.040, 2418 MHz, 0x0000000000000000, 68, 68.79 W
2026/09/20 22:20:28.041, 2424 MHz, 0x0000000000000000, 70, 71.06 W
2026/09/20 22:20:29.041, 2411 MHz, 0x0000000000000000, 70, 69.92 W
2026/09/20 22:20:30.042, 2424 MHz, 0x0000000000000000, 69, 69.62 W
2026/09/20 22:20:31.042, 2411 MHz, 0x0000000000000000, 60, 27.95 W
2026/09/20 22:20:32.042, 2411 MHz, 0x0000000000000000, 59, 15.74 W
2026/09/20 22:20:33.043, 2411 MHz, 0x0000000000000000, 59, 15.67 W
2026/09/20 22:20:34.043, 2418 MHz, 0x0000000000000000, 67, 25.00 W
2026/09/20 22:20:35.044, 2431 MHz, 0x0000000000000000, 71, 72.54 W
2026/09/20 22:20:36.044, 2411 MHz, 0x0000000000000000, 71, 71.91 W
2026/09/20 22:20:37.045, 2418 MHz, 0x0000000000000000, 66, 68.70 W
2026/09/20 22:20:38.045, 2411 MHz, 0x0000000000000000, 70, 74.18 W
2026/09/20 22:20:39.045, 2411 MHz, 0x0000000000000000, 72, 70.05 W
2026/09/20 22:20:40.046, 2418 MHz, 0x0000000000000000, 72, 73.68 W
2026/09/20 22:20:41.047, 2405 MHz, 0x0000000000000000, 74, 70.87 W
2026/09/20 22:20:42.047, 2411 MHz, 0x0000000000000000, 74, 73.76 W
2026/09/20 22:20:43.048, 2398 MHz, 0x0000000000000000, 73, 72.04 W
2026/09/20 22:20:44.048, 2411 MHz, 0x0000000000000000, 74, 73.51 W
2026/09/20 22:20:45.048, 2405 MHz, 0x0000000000000000, 75, 73.18 W
2026/09/20 22:20:46.049, 2411 MHz, 0x0000000000000000, 74, 73.33 W
2026/09/20 22:20:47.049, 2398 MHz, 0x0000000000000000, 76, 73.55 W
2026/09/20 22:20:48.050, 2411 MHz, 0x0000000000000000, 76, 73.39 W
2026/09/20 22:20:49.050, 2398 MHz, 0x0000000000000000, 76, 74.90 W
2026/09/20 22:20:50.050, 2411 MHz, 0x0000000000000000, 75, 73.32 W
2026/09/20 22:20:51.051, 2405 MHz, 0x0000000000000000, 77, 75.09 W
2026/09/20 22:20:52.051, 2411 MHz, 0x0000000000000000, 77, 72.18 W
2026/09/20 22:20:53.051, 2405 MHz, 0x0000000000000000, 77, 75.64 W
2026/09/20 22:20:54.051, 2411 MHz, 0x0000000000000000, 71, 72.20 W
2026/09/20 22:20:55.052, 2405 MHz, 0x0000000000000000, 75, 77.42 W
2026/09/20 22:20:56.052, 2411 MHz, 0x0000000000000000, 78, 69.06 W
2026/09/20 22:20:57.064, 2405 MHz, 0x0000000000000000, 77, 75.95 W
2026/09/20 22:20:58.065, 2418 MHz, 0x0000000000000000, 74, 68.62 W
2026/09/20 22:20:59.065, 2411 MHz, 0x0000000000000000, 76, 44.81 W
2026/09/20 22:21:00.065, 2418 MHz, 0x0000000000000000, 71, 50.80 W
2026/09/20 22:21:01.066, 2431 MHz, 0x0000000000000000, 71, 48.10 W
2026/09/20 22:21:02.066, 2405 MHz, 0x0000000000000000, 76, 67.46 W
2026/09/20 22:21:03.066, 2411 MHz, 0x0000000000000000, 76, 78.03 W
2026/09/20 22:21:04.066, 2405 MHz, 0x0000000000000000, 79, 73.49 W
2026/09/20 22:21:05.067, 2411 MHz, 0x0000000000000000, 76, 78.24 W
2026/09/20 22:21:06.067, 2405 MHz, 0x0000000000000000, 77, 73.86 W
2026/09/20 22:21:07.068, 2405 MHz, 0x0000000000000000, 79, 78.76 W
2026/09/20 22:21:08.068, 2405 MHz, 0x0000000000000000, 79, 73.96 W
2026/09/20 22:21:09.069, 2398 MHz, 0x0000000000000000, 79, 79.23 W
2026/09/20 22:21:10.069, 2405 MHz, 0x0000000000000000, 78, 74.25 W
2026/09/20 22:21:11.069, 2392 MHz, 0x0000000000000000, 79, 79.46 W
2026/09/20 22:21:12.069, 2411 MHz, 0x0000000000000000, 80, 76.95 W
2026/09/20 22:21:13.070, 2385 MHz, 0x0000000000000000, 79, 77.22 W
2026/09/20 22:21:14.071, 2405 MHz, 0x0000000000000000, 79, 77.02 W
2026/09/20 22:21:15.071, 2392 MHz, 0x0000000000000000, 79, 78.00 W
2026/09/20 22:21:16.071, 2405 MHz, 0x0000000000000000, 81, 78.04 W
2026/09/20 22:21:17.072, 2385 MHz, 0x0000000000000000, 80, 77.13 W
2026/09/20 22:21:18.072, 2398 MHz, 0x0000000000000000, 80, 78.07 W
2026/09/20 22:21:19.073, 2392 MHz, 0x0000000000000000, 80, 76.97 W
2026/09/20 22:21:20.073, 2392 MHz, 0x0000000000000000, 82, 79.12 W
2026/09/20 22:21:21.074, 2385 MHz, 0x0000000000000000, 81, 76.51 W
2026/09/20 22:21:22.074, 2392 MHz, 0x0000000000000000, 81, 79.68 W
2026/09/20 22:21:23.075, 2392 MHz, 0x0000000000000000, 80, 76.37 W
2026/09/20 22:21:24.075, 2405 MHz, 0x0000000000000000, 80, 80.42 W
2026/09/20 22:21:25.076, 2392 MHz, 0x0000000000000000, 78, 75.98 W
2026/09/20 22:21:26.076, 2379 MHz, 0x0000000000000000, 81, 80.70 W
2026/09/20 22:21:27.077, 2405 MHz, 0x0000000000000000, 80, 78.58 W
2026/09/20 22:21:28.077, 2379 MHz, 0x0000000000000000, 85, 78.45 W
2026/09/20 22:21:29.078, 2398 MHz, 0x0000000000000000, 82, 78.83 W
2026/09/20 22:21:30.078, 2379 MHz, 0x0000000000000000, 83, 77.89 W
2026/09/20 22:21:31.078, 2405 MHz, 0x0000000000000000, 83, 79.60 W
2026/09/20 22:21:32.078, 2385 MHz, 0x0000000000000000, 82, 77.69 W
2026/09/20 22:21:33.079, 2398 MHz, 0x0000000000000000, 81, 80.32 W
2026/09/20 22:21:34.079, 2418 MHz, 0x0000000000000000, 73, 62.59 W
2026/09/20 22:21:35.079, 2418 MHz, 0x0000000000000000, 72, 36.37 W
2026/09/20 22:21:36.080, 2418 MHz, 0x0000000000000000, 72, 34.98 W
2026/09/20 22:21:37.080, 2431 MHz, 0x0000000000000000, 75, 35.12 W
2026/09/20 22:21:38.081, 2437 MHz, 0x0000000000000000, 70, 30.04 W
2026/09/20 22:21:39.081, 2398 MHz, 0x0000000000000000, 81, 51.92 W
2026/09/20 22:21:40.081, 2398 MHz, 0x0000000000000000, 80, 68.36 W
2026/09/20 22:21:41.081, 2385 MHz, 0x0000000000000000, 81, 77.58 W
2026/09/20 22:21:42.082, 2437 MHz, 0x0000000000000000, 70, 45.07 W
2026/09/20 22:21:43.083, 2424 MHz, 0x0000000000000000, 70, 34.83 W
2026/09/20 22:21:44.083, 2431 MHz, 0x0000000000000000, 69, 29.54 W
2026/09/20 22:21:45.083, 2424 MHz, 0x0000000000000000, 77, 40.18 W
2026/09/20 22:21:46.084, 2392 MHz, 0x0000000000000000, 80, 76.77 W
2026/09/20 22:21:47.084, 2398 MHz, 0x0000000000000000, 79, 79.69 W
2026/09/20 22:21:48.084, 2405 MHz, 0x0000000000000000, 78, 76.62 W
2026/09/20 22:21:49.085, 2372 MHz, 0x0000000000000000, 78, 81.12 W
2026/09/20 22:21:50.085, 2405 MHz, 0x0000000000000000, 81, 78.88 W
2026/09/20 22:21:51.086, 2385 MHz, 0x0000000000000000, 81, 78.40 W
2026/09/20 22:21:52.086, 2398 MHz, 0x0000000000000000, 78, 80.01 W
2026/09/20 22:21:53.086, 2392 MHz, 0x0000000000000000, 81, 78.05 W
2026/09/20 22:21:54.086, 2398 MHz, 0x0000000000000000, 83, 80.69 W
2026/09/20 22:21:55.087, 2392 MHz, 0x0000000000000000, 82, 77.69 W
2026/09/20 22:21:56.087, 2372 MHz, 0x0000000000000000, 83, 81.46 W
2026/09/20 22:21:57.088, 2398 MHz, 0x0000000000000000, 80, 79.82 W
2026/09/20 22:21:58.088, 2372 MHz, 0x0000000000000000, 80, 78.87 W
2026/09/20 22:21:59.088, 2398 MHz, 0x0000000000000000, 80, 81.02 W
2026/09/20 22:22:00.089, 2385 MHz, 0x0000000000000000, 83, 78.52 W
2026/09/20 22:22:01.089, 2392 MHz, 0x0000000000000000, 80, 81.57 W
2026/09/20 22:22:02.090, 2392 MHz, 0x0000000000000000, 79, 78.26 W
2026/09/20 22:22:03.090, 2372 MHz, 0x0000000000000000, 83, 82.02 W
2026/09/20 22:22:04.090, 2392 MHz, 0x0000000000000000, 81, 80.43 W
2026/09/20 22:22:05.091, 2372 MHz, 0x0000000000000000, 80, 79.38 W
2026/09/20 22:22:06.091, 2392 MHz, 0x0000000000000000, 81, 81.31 W
2026/09/20 22:22:07.091, 2392 MHz, 0x0000000000000000, 83, 78.97 W
2026/09/20 22:22:08.092, 2379 MHz, 0x0000000000000000, 84, 81.94 W
2026/09/20 22:22:09.092, 2398 MHz, 0x0000000000000000, 83, 81.25 W
2026/09/20 22:22:10.093, 2366 MHz, 0x0000000000000000, 83, 79.44 W
2026/09/20 22:22:11.093, 2392 MHz, 0x0000000000000000, 85, 79.48 W
2026/09/20 22:22:12.093, 2418 MHz, 0x0000000000000000, 72, 28.92 W
2026/09/20 22:22:13.094, 2418 MHz, 0x0000000000000000, 71, 29.67 W
2026/09/20 22:22:14.094, 2437 MHz, 0x0000000000000000, 71, 30.54 W
2026/09/20 22:22:15.094, 2437 MHz, 0x0000000000000000, 70, 30.56 W
2026/09/20 22:22:16.095, 2424 MHz, 0x0000000000000000, 76, 37.96 W
2026/09/20 22:22:17.095, 2437 MHz, 0x0000000000000000, 70, 23.83 W
2026/09/20 22:22:18.096, 2385 MHz, 0x0000000000000000, 82, 81.32 W
2026/09/20 22:22:19.096, 2398 MHz, 0x0000000000000000, 80, 80.62 W
2026/09/20 22:22:20.097, 2372 MHz, 0x0000000000000000, 80, 78.72 W
2026/09/20 22:22:21.097, 2398 MHz, 0x0000000000000000, 81, 81.76 W
2026/09/20 22:22:22.098, 2392 MHz, 0x0000000000000000, 82, 78.88 W
2026/09/20 22:22:23.098, 2372 MHz, 0x0000000000000000, 85, 81.89 W
2026/09/20 22:22:24.099, 2392 MHz, 0x0000000000000000, 82, 80.97 W
2026/09/20 22:22:25.099, 2359 MHz, 0x0000000000000000, 80, 79.73 W
2026/09/20 22:22:26.100, 2392 MHz, 0x0000000000000000, 82, 81.92 W
2026/09/20 22:22:27.100, 2398 MHz, 0x0000000000000000, 83, 79.36 W
2026/09/20 22:22:28.101, 2366 MHz, 0x0000000000000000, 80, 82.12 W
2026/09/20 22:22:29.101, 2398 MHz, 0x0000000000000000, 81, 81.64 W
2026/09/20 22:22:30.102, 2359 MHz, 0x0000000000000000, 85, 79.93 W
2026/09/20 22:22:31.102, 2385 MHz, 0x0000000000000000, 81, 82.32 W
2026/09/20 22:22:32.103, 2385 MHz, 0x0000000000000000, 81, 79.54 W
2026/09/20 22:22:33.103, 2372 MHz, 0x0000000000000000, 83, 82.76 W
2026/09/20 22:22:34.104, 2385 MHz, 0x0000000000000000, 83, 81.64 W
2026/09/20 22:22:35.104, 2359 MHz, 0x0000000000000000, 81, 80.49 W
2026/09/20 22:22:36.104, 2379 MHz, 0x0000000000000000, 85, 82.46 W
2026/09/20 22:22:37.105, 2392 MHz, 0x0000000000000000, 83, 80.34 W
2026/09/20 22:22:38.105, 2366 MHz, 0x0000000000000000, 81, 83.08 W
2026/09/20 22:22:39.106, 2379 MHz, 0x0000000000000000, 83, 81.88 W
2026/09/20 22:22:40.106, 2359 MHz, 0x0000000000000000, 83, 80.54 W
2026/09/20 22:22:41.107, 2379 MHz, 0x0000000000000000, 84, 82.78 W
2026/09/20 22:22:42.107, 2392 MHz, 0x0000000000000000, 81, 80.13 W
2026/09/20 22:22:43.108, 2353 MHz, 0x0000000000000000, 82, 83.47 W
2026/09/20 22:22:44.108, 2379 MHz, 0x0000000000000000, 83, 81.94 W
2026/09/20 22:22:45.108, 2359 MHz, 0x0000000000000000, 83, 80.86 W
2026/09/20 22:22:46.109, 2372 MHz, 0x0000000000000000, 86, 83.21 W
2026/09/20 22:22:47.109, 2392 MHz, 0x0000000000000000, 86, 81.84 W
2026/09/20 22:22:48.110, 2359 MHz, 0x0000000000000000, 86, 79.08 W
2026/09/20 22:22:49.110, 2379 MHz, 0x0000000000000000, 85, 82.64 W
2026/09/20 22:22:50.110, 2418 MHz, 0x0000000000000000, 74, 47.69 W
2026/09/20 22:22:51.111, 2411 MHz, 0x0000000000000000, 73, 31.87 W
2026/09/20 22:22:52.111, 2418 MHz, 0x0000000000000000, 72, 24.27 W
2026/09/20 22:22:53.112, 2411 MHz, 0x0000000000000000, 72, 39.88 W
2026/09/20 22:22:54.112, 2418 MHz, 0x0000000000000000, 71, 24.05 W
2026/09/20 22:22:55.112, 2437 MHz, 0x0000000000000000, 71, 30.98 W
2026/09/20 22:22:56.113, 2437 MHz, 0x0000000000000000, 70, 30.93 W
2026/09/20 22:22:57.113, 2372 MHz, 0x0000000000000000, 83, 64.71 W
2026/09/20 22:22:58.114, 2385 MHz, 0x0000000000000000, 84, 81.87 W
2026/09/20 22:22:59.114, 2372 MHz, 0x0000000000000000, 82, 80.23 W
2026/09/20 22:23:00.114, 2366 MHz, 0x0000000000000000, 84, 82.46 W
2026/09/20 22:23:01.115, 2392 MHz, 0x0000000000000000, 80, 82.20 W
2026/09/20 22:23:02.115, 2359 MHz, 0x0000000000000000, 83, 80.17 W
2026/09/20 22:23:03.116, 2379 MHz, 0x0000000000000000, 80, 82.53 W
2026/09/20 22:23:04.116, 2392 MHz, 0x0000000000000000, 83, 80.29 W
2026/09/20 22:23:05.117, 2353 MHz, 0x0000000000000000, 83, 83.46 W
2026/09/20 22:23:06.117, 2385 MHz, 0x0000000000000000, 82, 82.20 W
2026/09/20 22:23:07.118, 2366 MHz, 0x0000000000000000, 81, 81.11 W
2026/09/20 22:23:08.118, 2359 MHz, 0x0000000000000000, 85, 83.32 W
2026/09/20 22:23:09.119, 2385 MHz, 0x0000000000000000, 84, 82.70 W
2026/09/20 22:23:10.119, 2359 MHz, 0x0000000000000000, 82, 80.56 W
2026/09/20 22:23:11.120, 2359 MHz, 0x0000000000000000, 83, 84.03 W
2026/09/20 22:23:12.120, 2379 MHz, 0x0000000000000000, 82, 80.03 W
2026/09/20 22:23:13.121, 2346 MHz, 0x0000000000000000, 83, 83.78 W
2026/09/20 22:23:14.121, 2379 MHz, 0x0000000000000000, 83, 83.09 W
2026/09/20 22:23:15.122, 2379 MHz, 0x0000000000000000, 83, 79.28 W
2026/09/20 22:23:16.122, 2353 MHz, 0x0000000000000020, 83, 83.17 W
2026/09/20 22:23:17.123, 2340 MHz, 0x0000000000000000, 84, 81.90 W
2026/09/20 22:23:18.123, 2359 MHz, 0x0000000000000000, 81, 80.94 W
2026/09/20 22:23:19.123, 2333 MHz, 0x0000000000000020, 81, 83.48 W
2026/09/20 22:23:20.124, 2385 MHz, 0x0000000000000000, 84, 82.65 W
2026/09/20 22:23:21.124, 2359 MHz, 0x0000000000000000, 85, 79.57 W
2026/09/20 22:23:22.125, 2359 MHz, 0x0000000000000000, 82, 84.22 W
2026/09/20 22:23:23.125, 2379 MHz, 0x0000000000000000, 80, 80.54 W
2026/09/20 22:23:24.126, 2333 MHz, 0x0000000000000020, 82, 82.10 W
2026/09/20 22:23:25.126, 2372 MHz, 0x0000000000000000, 84, 82.73 W
2026/09/20 22:23:26.127, 2385 MHz, 0x0000000000000000, 86, 81.31 W
2026/09/20 22:23:27.127, 2346 MHz, 0x0000000000000000, 88, 81.90 W
2026/09/20 22:23:28.128, 2372 MHz, 0x0000000000000000, 83, 83.26 W
2026/09/20 22:23:29.128, 2385 MHz, 0x0000000000000000, 76, 70.31 W
2026/09/20 22:23:30.129, 2418 MHz, 0x0000000000000000, 74, 24.69 W
2026/09/20 22:23:31.129, 2411 MHz, 0x0000000000000000, 73, 32.13 W
2026/09/20 22:23:32.129, 2418 MHz, 0x0000000000000000, 72, 24.33 W
2026/09/20 22:23:33.130, 2418 MHz, 0x0000000000000000, 72, 29.01 W
2026/09/20 22:23:34.130, 2437 MHz, 0x0000000000000000, 71, 28.37 W
2026/09/20 22:23:35.130, 2437 MHz, 0x0000000000000000, 71, 24.01 W
2026/09/20 22:23:36.131, 2437 MHz, 0x0000000000000000, 71, 31.74 W
2026/09/20 22:23:37.131, 2437 MHz, 0x0000000000000000, 70, 27.93 W
2026/09/20 22:23:38.132, 2366 MHz, 0x0000000000000000, 79, 85.36 W
2026/09/20 22:23:39.132, 2392 MHz, 0x0000000000000000, 81, 82.96 W
2026/09/20 22:23:40.133, 2359 MHz, 0x0000000000000000, 83, 80.11 W
2026/09/20 22:23:41.133, 2359 MHz, 0x0000000000000000, 82, 84.36 W
2026/09/20 22:23:42.134, 2385 MHz, 0x0000000000000000, 80, 80.45 W
2026/09/20 22:23:43.134, 2353 MHz, 0x0000000000000000, 84, 83.64 W
2026/09/20 22:23:44.135, 2372 MHz, 0x0000000000000000, 85, 83.69 W
2026/09/20 22:23:45.135, 2385 MHz, 0x0000000000000000, 84, 81.13 W
2026/09/20 22:23:46.136, 2366 MHz, 0x0000000000000000, 83, 84.07 W
2026/09/20 22:23:47.136, 2372 MHz, 0x0000000000000000, 85, 83.57 W
2026/09/20 22:23:48.137, 2372 MHz, 0x0000000000000000, 84, 81.14 W
2026/09/20 22:23:49.137, 2366 MHz, 0x0000000000000000, 84, 84.62 W
2026/09/20 22:23:50.137, 2379 MHz, 0x0000000000000000, 85, 82.86 W
2026/09/20 22:23:51.138, 2353 MHz, 0x0000000000000000, 85, 81.53 W
2026/09/20 22:23:52.138, 2359 MHz, 0x0000000000000000, 86, 83.94 W
2026/09/20 22:23:53.138, 2372 MHz, 0x0000000000000000, 85, 83.18 W
2026/09/20 22:23:54.139, 2353 MHz, 0x0000000000000000, 85, 80.72 W
2026/09/20 22:23:55.139, 2359 MHz, 0x0000000000000000, 83, 83.13 W
2026/09/20 22:23:56.139, 2372 MHz, 0x0000000000000000, 81, 83.29 W
2026/09/20 22:23:57.140, 2353 MHz, 0x0000000000000000, 85, 81.77 W
2026/09/20 22:23:58.140, 2346 MHz, 0x0000000000000000, 83, 83.89 W
2026/09/20 22:23:59.141, 2379 MHz, 0x0000000000000000, 86, 83.79 W
2026/09/20 22:24:00.141, 2353 MHz, 0x0000000000000000, 83, 81.19 W
2026/09/20 22:24:01.142, 2353 MHz, 0x0000000000000000, 86, 85.27 W
2026/09/20 22:24:02.142, 2385 MHz, 0x0000000000000000, 86, 80.23 W
2026/09/20 22:24:03.142, 2353 MHz, 0x0000000000000020, 84, 81.79 W
2026/09/20 22:24:04.143, 2346 MHz, 0x0000000000000000, 83, 83.55 W
2026/09/20 22:24:05.143, 2359 MHz, 0x0000000000000020, 84, 78.93 W
2026/09/20 22:24:06.143, 2333 MHz, 0x0000000000000020, 82, 83.95 W
2026/09/20 22:24:07.143, 2353 MHz, 0x0000000000000000, 86, 84.96 W
2026/09/20 22:24:08.144, 2379 MHz, 0x0000000000000020, 80, 80.94 W
2026/09/20 22:24:09.144, 2353 MHz, 0x0000000000000000, 86, 84.33 W
2026/09/20 22:24:10.144, 2418 MHz, 0x0000000000000000, 74, 37.61 W
2026/09/20 22:24:11.145, 2418 MHz, 0x0000000000000000, 74, 33.37 W
2026/09/20 22:24:12.145, 2418 MHz, 0x0000000000000000, 73, 24.47 W
2026/09/20 22:24:13.146, 2418 MHz, 0x0000000000000000, 72, 24.29 W
2026/09/20 22:24:14.146, 2418 MHz, 0x0000000000000000, 72, 32.90 W
2026/09/20 22:24:15.146, 2418 MHz, 0x0000000000000000, 72, 24.15 W
2026/09/20 22:24:16.146, 2424 MHz, 0x0000000000000000, 73, 29.60 W
2026/09/20 22:24:17.147, 2437 MHz, 0x0000000000000000, 71, 27.09 W
2026/09/20 22:24:18.147, 2398 MHz, 0x0000000000000000, 82, 49.93 W
2026/09/20 22:24:19.148, 2385 MHz, 0x0000000000000000, 78, 82.37 W
2026/09/20 22:24:20.148, 2346 MHz, 0x0000000000000000, 84, 83.79 W
2026/09/20 22:24:21.149, 2379 MHz, 0x0000000000000000, 80, 82.37 W
2026/09/20 22:24:22.149, 2385 MHz, 0x0000000000000000, 81, 81.14 W
2026/09/20 22:24:23.150, 2353 MHz, 0x0000000000000000, 85, 83.66 W
2026/09/20 22:24:24.150, 2372 MHz, 0x0000000000000000, 81, 84.86 W
2026/09/20 22:24:25.151, 2385 MHz, 0x0000000000000000, 83, 81.52 W
2026/09/20 22:24:26.151, 2353 MHz, 0x0000000000000000, 83, 84.21 W
2026/09/20 22:24:27.152, 2372 MHz, 0x0000000000000000, 81, 83.32 W
2026/09/20 22:24:28.152, 2385 MHz, 0x0000000000000000, 82, 81.66 W
2026/09/20 22:24:29.152, 2353 MHz, 0x0000000000000000, 84, 84.24 W
2026/09/20 22:24:30.153, 2372 MHz, 0x0000000000000000, 85, 82.63 W
2026/09/20 22:24:31.153, 2359 MHz, 0x0000000000000000, 82, 81.27 W
2026/09/20 22:24:32.153, 2346 MHz, 0x0000000000000000, 86, 84.40 W
2026/09/20 22:24:33.154, 2353 MHz, 0x0000000000000000, 86, 82.27 W
2026/09/20 22:24:34.154, 2372 MHz, 0x0000000000000000, 79, 79.40 W
2026/09/20 22:24:35.154, 2346 MHz, 0x0000000000000000, 85, 84.77 W
2026/09/20 22:24:36.155, 2307 MHz, 0x0000000000000000, 85, 83.06 W
2026/09/20 22:24:37.155, 2385 MHz, 0x0000000000000020, 83, 77.66 W
2026/09/20 22:24:38.155, 2346 MHz, 0x0000000000000000, 85, 83.39 W
2026/09/20 22:24:39.156, 2353 MHz, 0x0000000000000000, 84, 85.43 W
2026/09/20 22:24:40.156, 2379 MHz, 0x0000000000000000, 83, 84.71 W
2026/09/20 22:24:41.156, 2346 MHz, 0x0000000000000000, 84, 81.28 W
2026/09/20 22:24:42.157, 2340 MHz, 0x0000000000000000, 85, 85.74 W
2026/09/20 22:24:43.157, 2379 MHz, 0x0000000000000000, 86, 81.38 W
2026/09/20 22:24:44.158, 2346 MHz, 0x0000000000000000, 83, 72.09 W
2026/09/20 22:24:45.158, 2353 MHz, 0x0000000000000000, 86, 85.94 W
2026/09/20 22:24:46.159, 2359 MHz, 0x0000000000000000, 82, 83.56 W
2026/09/20 22:24:47.159, 2346 MHz, 0x0000000000000000, 86, 82.39 W
2026/09/20 22:24:48.160, 2353 MHz, 0x0000000000000000, 87, 85.30 W
2026/09/20 22:24:49.160, 2346 MHz, 0x0000000000000000, 84, 84.15 W
2026/09/20 22:24:50.160, 2405 MHz, 0x0000000000000000, 75, 65.24 W
2026/09/20 22:24:51.161, 2418 MHz, 0x0000000000000000, 73, 24.57 W
2026/09/20 22:24:52.161, 2418 MHz, 0x0000000000000000, 72, 24.33 W
2026/09/20 22:24:53.162, 2418 MHz, 0x0000000000000000, 72, 32.95 W
2026/09/20 22:24:54.162, 2437 MHz, 0x0000000000000000, 71, 24.12 W
2026/09/20 22:24:55.162, 2437 MHz, 0x0000000000000000, 71, 24.00 W
2026/09/20 22:24:56.163, 2437 MHz, 0x0000000000000000, 70, 32.90 W
2026/09/20 22:24:57.163, 2437 MHz, 0x0000000000000000, 70, 23.82 W
2026/09/20 22:24:58.163, 2372 MHz, 0x0000000000000000, 81, 66.16 W
2026/09/20 22:24:59.164, 2353 MHz, 0x0000000000000000, 81, 84.63 W
2026/09/20 22:25:00.164, 2385 MHz, 0x0000000000000000, 77, 80.64 W
2026/09/20 22:25:01.165, 2346 MHz, 0x0000000000000000, 81, 83.30 W
2026/09/20 22:25:02.165, 2353 MHz, 0x0000000000000000, 82, 85.36 W
2026/09/20 22:25:03.165, 2379 MHz, 0x0000000000000000, 80, 83.98 W
2026/09/20 22:25:04.166, 2353 MHz, 0x0000000000000000, 84, 80.59 W
2026/09/20 22:25:05.166, 2366 MHz, 0x0000000000000000, 80, 85.43 W
2026/09/20 22:25:06.167, 2366 MHz, 0x0000000000000000, 82, 83.19 W
2026/09/20 22:25:07.168, 2353 MHz, 0x0000000000000000, 81, 81.49 W
2026/09/20 22:25:08.168, 2366 MHz, 0x0000000000000000, 81, 85.82 W
2026/09/20 22:25:09.168, 2353 MHz, 0x0000000000000000, 82, 83.80 W
2026/09/20 22:25:10.169, 2346 MHz, 0x0000000000000000, 82, 81.17 W
2026/09/20 22:25:11.169, 2359 MHz, 0x0000000000000000, 82, 85.74 W
2026/09/20 22:25:12.170, 2353 MHz, 0x0000000000000000, 82, 84.08 W
2026/09/20 22:25:13.170, 2372 MHz, 0x0000000000000000, 83, 81.32 W
2026/09/20 22:25:14.171, 2359 MHz, 0x0000000000000000, 81, 85.00 W
2026/09/20 22:25:15.171, 2353 MHz, 0x0000000000000000, 84, 84.93 W
2026/09/20 22:25:16.171, 2379 MHz, 0x0000000000000000, 80, 81.13 W
2026/09/20 22:25:17.172, 2353 MHz, 0x0000000000000000, 84, 84.74 W
2026/09/20 22:25:18.172, 2353 MHz, 0x0000000000000000, 85, 85.07 W
2026/09/20 22:25:19.172, 2359 MHz, 0x0000000000000000, 84, 81.02 W
2026/09/20 22:25:20.173, 2346 MHz, 0x0000000000000000, 82, 84.82 W
2026/09/20 22:25:21.173, 2340 MHz, 0x0000000000000000, 84, 86.16 W
2026/09/20 22:25:22.174, 2372 MHz, 0x0000000000000000, 85, 83.92 W
2026/09/20 22:25:23.174, 2340 MHz, 0x0000000000000000, 80, 81.71 W
2026/09/20 22:25:24.175, 2346 MHz, 0x0000000000000000, 85, 87.07 W
2026/09/20 22:25:25.175, 2359 MHz, 0x0000000000000000, 83, 83.95 W
2026/09/20 22:25:26.175, 2346 MHz, 0x0000000000000000, 81, 82.07 W
2026/09/20 22:25:27.176, 2353 MHz, 0x0000000000000000, 84, 86.20 W
2026/09/20 22:25:28.176, 2353 MHz, 0x0000000000000000, 85, 83.94 W
2026/09/20 22:25:29.177, 2372 MHz, 0x0000000000000000, 84, 81.84 W
2026/09/20 22:25:30.177, 2411 MHz, 0x0000000000000000, 73, 64.04 W
2026/09/20 22:25:31.178, 2418 MHz, 0x0000000000000000, 72, 24.27 W
2026/09/20 22:25:32.178, 2437 MHz, 0x0000000000000000, 71, 24.13 W
2026/09/20 22:25:33.178, 2437 MHz, 0x0000000000000000, 82, 29.74 W
2026/09/20 22:25:34.179, 2437 MHz, 0x0000000000000000, 70, 27.89 W
2026/09/20 22:25:35.179, 2437 MHz, 0x0000000000000000, 69, 23.74 W
2026/09/20 22:25:36.179, 2437 MHz, 0x0000000000000000, 69, 23.61 W
2026/09/20 22:25:37.180, 2424 MHz, 0x0000000000000000, 69, 33.24 W
2026/09/20 22:25:38.180, 2437 MHz, 0x0000000000000000, 79, 32.53 W
2026/09/20 22:25:39.180, 2359 MHz, 0x0000000000000000, 81, 85.17 W
2026/09/20 22:25:40.181, 2385 MHz, 0x0000000000000000, 81, 80.77 W
2026/09/20 22:25:41.181, 2366 MHz, 0x0000000000000000, 81, 83.61 W
2026/09/20 22:25:42.182, 2346 MHz, 0x0000000000000000, 79, 85.54 W
2026/09/20 22:25:43.182, 2379 MHz, 0x0000000000000000, 75, 81.61 W
2026/09/20 22:25:44.183, 2353 MHz, 0x0000000000000000, 83, 81.53 W
2026/09/20 22:25:45.183, 2359 MHz, 0x0000000000000000, 83, 86.49 W
2026/09/20 22:25:46.184, 2372 MHz, 0x0000000000000000, 82, 83.26 W
2026/09/20 22:25:47.184, 2346 MHz, 0x0000000000000000, 82, 81.64 W
2026/09/20 22:25:48.185, 2366 MHz, 0x0000000000000000, 83, 85.88 W
2026/09/20 22:25:49.185, 2353 MHz, 0x0000000000000000, 83, 84.44 W
2026/09/20 22:25:50.186, 2385 MHz, 0x0000000000000000, 82, 81.49 W
2026/09/20 22:25:51.186, 2359 MHz, 0x0000000000000000, 83, 84.82 W
2026/09/20 22:25:52.187, 2340 MHz, 0x0000000000000000, 83, 85.62 W
2026/09/20 22:25:53.187, 2366 MHz, 0x0000000000000000, 83, 81.03 W
2026/09/20 22:25:54.187, 2346 MHz, 0x0000000000000000, 84, 84.41 W
2026/09/20 22:25:55.187, 2353 MHz, 0x0000000000000000, 84, 87.04 W
2026/09/20 22:25:56.188, 2359 MHz, 0x0000000000000000, 83, 83.25 W
2026/09/20 22:25:57.188, 2346 MHz, 0x0000000000000000, 81, 81.36 W
2026/09/20 22:25:58.188, 2359 MHz, 0x0000000000000000, 84, 86.78 W
2026/09/20 22:25:59.189, 2346 MHz, 0x0000000000000000, 82, 84.49 W
2026/09/20 22:26:00.189, 2366 MHz, 0x0000000000000000, 83, 81.63 W
2026/09/20 22:26:01.190, 2359 MHz, 0x0000000000000000, 82, 85.05 W
2026/09/20 22:26:02.190, 2340 MHz, 0x0000000000000000, 83, 85.68 W
2026/09/20 22:26:03.190, 2340 MHz, 0x0000000000000000, 82, 79.52 W
2026/09/20 22:26:04.191, 2340 MHz, 0x0000000000000000, 82, 84.72 W
2026/09/20 22:26:05.191, 2366 MHz, 0x0000000000000000, 81, 86.81 W
2026/09/20 22:26:06.192, 2359 MHz, 0x0000000000000000, 84, 83.61 W
2026/09/20 22:26:07.192, 2346 MHz, 0x0000000000000000, 84, 82.00 W
2026/09/20 22:26:08.192, 2346 MHz, 0x0000000000000000, 82, 86.30 W
2026/09/20 22:26:09.193, 2366 MHz, 0x0000000000000000, 83, 84.80 W
2026/09/20 22:26:10.193, 2392 MHz, 0x0000000000000000, 83, 81.65 W
2026/09/20 22:26:11.193, 2418 MHz, 0x0000000000000000, 72, 27.87 W
2026/09/20 22:26:12.194, 2437 MHz, 0x0000000000000000, 71, 24.09 W
2026/09/20 22:26:13.194, 2437 MHz, 0x0000000000000000, 70, 23.95 W
2026/09/20 22:26:14.194, 2405 MHz, 0x0000000000000000, 70, 33.74 W
2026/09/20 22:26:15.195, 2437 MHz, 0x0000000000000000, 69, 23.74 W
2026/09/20 22:26:16.195, 2437 MHz, 0x0000000000000000, 69, 23.60 W
2026/09/20 22:26:17.195, 2437 MHz, 0x0000000000000000, 68, 23.50 W
2026/09/20 22:26:18.195, 2437 MHz, 0x0000000000000000, 71, 29.93 W
2026/09/20 22:26:19.195, 2379 MHz, 0x0000000000000000, 78, 76.73 W
2026/09/20 22:26:20.196, 2346 MHz, 0x0000000000000000, 80, 85.33 W
2026/09/20 22:26:21.196, 2379 MHz, 0x0000000000000000, 79, 80.20 W
2026/09/20 22:26:22.196, 2346 MHz, 0x0000000000000000, 81, 84.14 W
2026/09/20 22:26:23.197, 2359 MHz, 0x0000000000000000, 80, 86.60 W
2026/09/20 22:26:24.197, 2366 MHz, 0x0000000000000000, 81, 83.35 W
2026/09/20 22:26:25.198, 2346 MHz, 0x0000000000000000, 81, 81.59 W
2026/09/20 22:26:26.198, 2372 MHz, 0x0000000000000000, 83, 85.75 W
2026/09/20 22:26:27.198, 2346 MHz, 0x0000000000000000, 81, 84.89 W
2026/09/20 22:26:28.199, 2379 MHz, 0x0000000000000000, 80, 81.63 W
2026/09/20 22:26:29.199, 2346 MHz, 0x0000000000000000, 83, 84.10 W
2026/09/20 22:26:30.199, 2353 MHz, 0x0000000000000000, 81, 86.29 W
2026/09/20 22:26:31.199, 2366 MHz, 0x0000000000000000, 79, 83.49 W
2026/09/20 22:26:32.200, 2346 MHz, 0x0000000000000000, 79, 81.53 W
2026/09/20 22:26:33.200, 2366 MHz, 0x0000000000000000, 83, 86.52 W
2026/09/20 22:26:34.200, 2372 MHz, 0x0000000000000000, 80, 84.55 W
2026/09/20 22:26:35.201, 2385 MHz, 0x0000000000000000, 82, 81.60 W
2026/09/20 22:26:36.201, 2366 MHz, 0x0000000000000000, 83, 84.83 W
2026/09/20 22:26:37.201, 2353 MHz, 0x0000000000000000, 80, 86.40 W
2026/09/20 22:26:38.201, 2372 MHz, 0x0000000000000000, 79, 83.42 W
2026/09/20 22:26:39.202, 2346 MHz, 0x0000000000000000, 83, 81.82 W
2026/09/20 22:26:40.202, 2353 MHz, 0x0000000000000000, 85, 86.82 W
2026/09/20 22:26:41.202, 2353 MHz, 0x0000000000000000, 81, 84.82 W
2026/09/20 22:26:42.203, 2392 MHz, 0x0000000000000000, 81, 82.08 W
2026/09/20 22:26:43.203, 2359 MHz, 0x0000000000000000, 81, 84.86 W
2026/09/20 22:26:44.203, 2353 MHz, 0x0000000000000000, 81, 86.44 W
2026/09/20 22:26:45.204, 2372 MHz, 0x0000000000000000, 82, 84.19 W
2026/09/20 22:26:46.204, 2346 MHz, 0x0000000000000000, 83, 81.85 W
2026/09/20 22:26:47.205, 2353 MHz, 0x0000000000000000, 81, 86.61 W
2026/09/20 22:26:48.205, 2359 MHz, 0x0000000000000000, 80, 85.06 W
2026/09/20 22:26:49.206, 2385 MHz, 0x0000000000000000, 83, 81.98 W
2026/09/20 22:26:50.206, 2353 MHz, 0x0000000000000000, 81, 84.91 W
2026/09/20 22:26:51.206, 2418 MHz, 0x0000000000000000, 72, 56.63 W
2026/09/20 22:26:52.207, 2437 MHz, 0x0000000000000000, 71, 24.11 W
2026/09/20 22:26:53.207, 2437 MHz, 0x0000000000000000, 70, 23.89 W
2026/09/20 22:26:54.208, 2437 MHz, 0x0000000000000000, 72, 31.18 W
2026/09/20 22:26:55.208, 2437 MHz, 0x0000000000000000, 69, 27.47 W
2026/09/20 22:26:56.209, 2437 MHz, 0x0000000000000000, 69, 23.60 W
2026/09/20 22:26:57.209, 2437 MHz, 0x0000000000000000, 68, 23.46 W
2026/09/20 22:26:58.209, 2437 MHz, 0x0000000000000000, 68, 23.40 W
2026/09/20 22:26:59.210, 2424 MHz, 0x0000000000000000, 68, 30.81 W
2026/09/20 22:27:00.210, 2372 MHz, 0x0000000000000000, 77, 79.38 W
2026/09/20 22:27:01.211, 2366 MHz, 0x0000000000000000, 79, 81.04 W
2026/09/20 22:27:02.211, 2359 MHz, 0x0000000000000000, 78, 85.01 W
2026/09/20 22:27:03.211, 2346 MHz, 0x0000000000000000, 77, 85.29 W
2026/09/20 22:27:04.211, 2366 MHz, 0x0000000000000000, 82, 83.79 W
2026/09/20 22:27:05.212, 2340 MHz, 0x0000000000000000, 81, 80.65 W
2026/09/20 22:27:06.212, 2346 MHz, 0x0000000000000000, 82, 86.51 W
2026/09/20 22:27:07.213, 2340 MHz, 0x0000000000000000, 82, 83.98 W
2026/09/20 22:27:08.213, 2392 MHz, 0x0000000000000000, 81, 81.71 W
2026/09/20 22:27:09.214, 2366 MHz, 0x0000000000000000, 79, 84.56 W
2026/09/20 22:27:10.214, 2359 MHz, 0x0000000000000000, 81, 86.11 W
2026/09/20 22:27:11.214, 2372 MHz, 0x0000000000000000, 82, 83.78 W
2026/09/20 22:27:12.215, 2340 MHz, 0x0000000000000000, 82, 81.97 W
2026/09/20 22:27:13.215, 2346 MHz, 0x0000000000000000, 83, 86.35 W
2026/09/20 22:27:14.216, 2340 MHz, 0x0000000000000000, 82, 85.00 W
2026/09/20 22:27:15.216, 2379 MHz, 0x0000000000000000, 82, 79.51 W
2026/09/20 22:27:16.216, 2385 MHz, 0x0000000000000000, 83, 84.61 W
2026/09/20 22:27:17.217, 2379 MHz, 0x0000000000000000, 83, 85.70 W
2026/09/20 22:27:18.217, 2385 MHz, 0x0000000000000000, 86, 86.60 W
2026/09/20 22:27:19.217, 2411 MHz, 0x0000000000000000, 70, 59.50 W
2026/09/20 22:27:20.218, 2405 MHz, 0x0000000000000000, 69, 18.34 W
2026/09/20 22:27:21.218, 2405 MHz, 0x0000000000000000, 68, 19.09 W
2026/09/20 22:27:22.219, 2405 MHz, 0x0000000000000000, 75, 24.79 W
2026/09/20 22:27:23.219, 2411 MHz, 0x0000000000000000, 78, 71.57 W
2026/09/20 22:27:24.220, 2405 MHz, 0x0000000000000000, 72, 62.42 W
2026/09/20 22:27:25.220, 2411 MHz, 0x0000000000000000, 73, 50.30 W
2026/09/20 22:27:26.221, 2398 MHz, 0x0000000000000000, 75, 60.74 W
2026/09/20 22:27:27.222, 2418 MHz, 0x0000000000000000, 70, 44.23 W
2026/09/20 22:27:28.222, 2437 MHz, 0x0000000000000000, 70, 35.12 W
2026/09/20 22:27:29.222, 2405 MHz, 0x0000000000000000, 76, 53.53 W
2026/09/20 22:27:30.223, 2411 MHz, 0x0000000000000000, 76, 70.74 W
2026/09/20 22:27:31.223, 2405 MHz, 0x0000000000000000, 78, 70.10 W
2026/09/20 22:27:32.224, 2411 MHz, 0x0000000000000000, 75, 61.11 W
2026/09/20 22:27:33.224, 2424 MHz, 0x0000000000000000, 71, 46.26 W
2026/09/20 22:27:34.225, 2405 MHz, 0x0000000000000000, 77, 41.61 W
2026/09/20 22:27:35.225, 2411 MHz, 0x0000000000000000, 76, 70.83 W
2026/09/20 22:27:36.226, 2398 MHz, 0x0000000000000000, 77, 70.06 W
2026/09/20 22:27:37.226, 2411 MHz, 0x0000000000000000, 78, 71.27 W
2026/09/20 22:27:38.227, 2411 MHz, 0x0000000000000000, 68, 39.08 W
2026/09/20 22:27:39.228, 2405 MHz, 0x0000000000000000, 78, 41.33 W
2026/09/20 22:27:40.228, 2411 MHz, 0x0000000000000000, 78, 70.71 W
2026/09/20 22:27:41.229, 2405 MHz, 0x0000000000000000, 77, 70.33 W
2026/09/20 22:27:42.229, 2411 MHz, 0x0000000000000000, 77, 71.22 W
2026/09/20 22:27:43.230, 2398 MHz, 0x0000000000000000, 80, 71.58 W
2026/09/20 22:27:44.230, 2411 MHz, 0x0000000000000000, 77, 71.24 W
2026/09/20 22:27:45.231, 2405 MHz, 0x0000000000000000, 79, 72.04 W
2026/09/20 22:27:46.231, 2411 MHz, 0x0000000000000000, 80, 71.25 W
2026/09/20 22:27:47.232, 2398 MHz, 0x0000000000000000, 78, 72.88 W
2026/09/20 22:27:48.232, 2411 MHz, 0x0000000000000000, 78, 71.59 W
2026/09/20 22:27:49.232, 2392 MHz, 0x0000000000000000, 79, 73.38 W
2026/09/20 22:27:50.233, 2411 MHz, 0x0000000000000000, 75, 70.44 W
2026/09/20 22:27:51.233, 2405 MHz, 0x0000000000000000, 80, 75.27 W
2026/09/20 22:27:52.234, 2411 MHz, 0x0000000000000000, 78, 70.93 W
2026/09/20 22:27:53.234, 2392 MHz, 0x0000000000000000, 78, 73.87 W
2026/09/20 22:27:54.235, 2411 MHz, 0x0000000000000000, 75, 53.26 W
2026/09/20 22:27:55.235, 2418 MHz, 0x0000000000000000, 74, 43.26 W
2026/09/20 22:27:56.235, 2392 MHz, 0x0000000000000000, 81, 68.10 W
2026/09/20 22:27:57.236, 2405 MHz, 0x0000000000000000, 82, 73.03 W
2026/09/20 22:27:58.236, 2385 MHz, 0x0000000000000000, 82, 74.58 W
2026/09/20 22:27:59.237, 2398 MHz, 0x0000000000000000, 83, 73.42 W
2026/09/20 22:28:00.237, 2392 MHz, 0x0000000000000000, 80, 75.09 W
2026/09/20 22:28:01.237, 2398 MHz, 0x0000000000000000, 84, 73.99 W
2026/09/20 22:28:02.238, 2385 MHz, 0x0000000000000000, 82, 75.46 W
2026/09/20 22:28:03.238, 2398 MHz, 0x0000000000000000, 81, 74.09 W
2026/09/20 22:28:04.239, 2385 MHz, 0x0000000000000000, 81, 76.14 W
2026/09/20 22:28:05.239, 2398 MHz, 0x0000000000000000, 83, 74.67 W
2026/09/20 22:28:06.240, 2385 MHz, 0x0000000000000000, 84, 75.46 W
2026/09/20 22:28:07.240, 2392 MHz, 0x0000000000000000, 82, 75.00 W
2026/09/20 22:28:08.240, 2385 MHz, 0x0000000000000000, 82, 76.13 W
2026/09/20 22:28:09.241, 2392 MHz, 0x0000000000000000, 83, 75.76 W
2026/09/20 22:28:10.241, 2385 MHz, 0x0000000000000000, 83, 75.79 W
2026/09/20 22:28:11.242, 2392 MHz, 0x0000000000000000, 81, 76.27 W
2026/09/20 22:28:12.242, 2385 MHz, 0x0000000000000000, 85, 75.94 W
2026/09/20 22:28:13.242, 2392 MHz, 0x0000000000000000, 84, 77.05 W
2026/09/20 22:28:14.243, 2385 MHz, 0x0000000000000000, 87, 75.71 W
2026/09/20 22:28:15.243, 2392 MHz, 0x0000000000000000, 82, 75.76 W
2026/09/20 22:28:16.243, 2385 MHz, 0x0000000000000000, 83, 75.40 W
2026/09/20 22:28:17.244, 2392 MHz, 0x0000000000000000, 84, 78.57 W
2026/09/20 22:28:18.244, 2392 MHz, 0x0000000000000000, 85, 75.21 W
2026/09/20 22:28:19.245, 2392 MHz, 0x0000000000000000, 84, 77.03 W
2026/09/20 22:28:20.245, 2372 MHz, 0x0000000000000000, 79, 72.90 W
2026/09/20 22:28:21.246, 2340 MHz, 0x0000000000000000, 82, 78.27 W
2026/09/20 22:28:22.246, 2392 MHz, 0x0000000000000000, 82, 76.32 W
2026/09/20 22:28:23.246, 2346 MHz, 0x0000000000000000, 84, 74.82 W
2026/09/20 22:28:24.247, 2392 MHz, 0x0000000000000000, 85, 76.80 W
2026/09/20 22:28:25.247, 2385 MHz, 0x0000000000000000, 85, 77.38 W
2026/09/20 22:28:26.247, 2392 MHz, 0x0000000000000000, 87, 75.90 W
2026/09/20 22:28:27.248, 2359 MHz, 0x0000000000000020, 81, 73.08 W
2026/09/20 22:28:28.248, 2398 MHz, 0x0000000000000000, 77, 65.46 W
2026/09/20 22:28:29.248, 2418 MHz, 0x0000000000000000, 77, 35.71 W
2026/09/20 22:28:30.248, 2418 MHz, 0x0000000000000000, 78, 34.77 W
2026/09/20 22:28:31.249, 2418 MHz, 0x0000000000000000, 79, 39.79 W
2026/09/20 22:28:32.249, 2385 MHz, 0x0000000000000000, 83, 77.02 W
2026/09/20 22:28:33.249, 2392 MHz, 0x0000000000000000, 82, 78.42 W
2026/09/20 22:28:34.250, 2392 MHz, 0x0000000000000000, 83, 76.82 W
2026/09/20 22:28:35.250, 2392 MHz, 0x0000000000000000, 82, 78.61 W
2026/09/20 22:28:36.251, 2359 MHz, 0x0000000000000000, 84, 75.19 W
2026/09/20 22:28:37.251, 2353 MHz, 0x0000000000000000, 87, 78.49 W
2026/09/20 22:28:38.252, 2392 MHz, 0x0000000000000000, 85, 77.20 W
2026/09/20 22:28:39.252, 2385 MHz, 0x0000000000000000, 83, 78.62 W
2026/09/20 22:28:40.253, 2392 MHz, 0x0000000000000020, 82, 77.93 W
2026/09/20 22:28:41.253, 2385 MHz, 0x0000000000000000, 87, 76.93 W
2026/09/20 22:28:42.253, 2392 MHz, 0x0000000000000000, 85, 76.50 W
2026/09/20 22:28:43.254, 2366 MHz, 0x0000000000000000, 86, 76.22 W
2026/09/20 22:28:44.254, 2385 MHz, 0x0000000000000000, 83, 79.07 W
2026/09/20 22:28:45.255, 2392 MHz, 0x0000000000000020, 81, 76.62 W
2026/09/20 22:28:46.255, 2385 MHz, 0x0000000000000000, 85, 78.33 W
2026/09/20 22:28:47.255, 2392 MHz, 0x0000000000000000, 83, 79.10 W
2026/09/20 22:28:48.256, 2405 MHz, 0x0000000000000000, 77, 60.60 W
2026/09/20 22:28:49.256, 2411 MHz, 0x0000000000000000, 74, 34.36 W
2026/09/20 22:28:50.256, 2418 MHz, 0x0000000000000000, 75, 36.06 W
2026/09/20 22:28:51.256, 2418 MHz, 0x0000000000000000, 75, 38.65 W
2026/09/20 22:28:52.257, 2418 MHz, 0x0000000000000000, 75, 38.59 W
2026/09/20 22:28:53.257, 2418 MHz, 0x0000000000000000, 74, 38.48 W
2026/09/20 22:28:54.257, 2418 MHz, 0x0000000000000000, 74, 38.40 W
2026/09/20 22:28:55.258, 2418 MHz, 0x0000000000000000, 74, 38.39 W
2026/09/20 22:28:56.258, 2418 MHz, 0x0000000000000000, 74, 38.35 W
2026/09/20 22:28:57.259, 2405 MHz, 0x0000000000000000, 70, 22.99 W
2026/09/20 22:28:58.259, 2405 MHz, 0x0000000000000000, 69, 18.28 W
2026/09/20 22:28:59.259, 2424 MHz, 0x0000000000000000, 72, 29.85 W
2026/09/20 22:29:00.260, 2437 MHz, 0x0000000000000000, 72, 36.87 W
2026/09/20 22:29:01.260, 2437 MHz, 0x0000000000000000, 72, 36.79 W
2026/09/20 22:29:02.261, 2437 MHz, 0x0000000000000000, 71, 36.78 W
2026/09/20 22:29:03.261, 2437 MHz, 0x0000000000000000, 71, 36.72 W
2026/09/20 22:29:04.262, 2437 MHz, 0x0000000000000000, 71, 33.80 W
2026/09/20 22:29:05.262, 2437 MHz, 0x0000000000000000, 71, 33.94 W
2026/09/20 22:29:06.262, 2437 MHz, 0x0000000000000000, 71, 36.70 W
2026/09/20 22:29:07.262, 2437 MHz, 0x0000000000000000, 71, 36.67 W
2026/09/20 22:29:08.263, 2437 MHz, 0x0000000000000000, 71, 36.57 W
2026/09/20 22:29:09.263, 2437 MHz, 0x0000000000000000, 71, 36.56 W
2026/09/20 22:29:10.264, 2437 MHz, 0x0000000000000000, 71, 36.53 W
2026/09/20 22:29:11.264, 2437 MHz, 0x0000000000000000, 71, 36.62 W
2026/09/20 22:29:12.264, 2437 MHz, 0x0000000000000000, 71, 36.48 W
2026/09/20 22:29:13.264, 2437 MHz, 0x0000000000000000, 71, 36.58 W
2026/09/20 22:29:14.264, 2437 MHz, 0x0000000000000000, 71, 36.57 W
2026/09/20 22:29:15.265, 2437 MHz, 0x0000000000000000, 71, 36.50 W
2026/09/20 22:29:16.265, 2437 MHz, 0x0000000000000000, 71, 36.49 W
2026/09/20 22:29:17.266, 2437 MHz, 0x0000000000000000, 70, 36.53 W
2026/09/20 22:29:18.266, 2437 MHz, 0x0000000000000000, 70, 36.52 W
2026/09/20 22:29:19.267, 2437 MHz, 0x0000000000000000, 71, 36.55 W
2026/09/20 22:29:20.267, 2437 MHz, 0x0000000000000000, 70, 36.54 W
2026/09/20 22:29:21.267, 2437 MHz, 0x0000000000000000, 70, 36.52 W
2026/09/20 22:29:22.268, 2437 MHz, 0x0000000000000000, 70, 36.50 W
2026/09/20 22:29:23.268, 2437 MHz, 0x0000000000000000, 70, 36.53 W
2026/09/20 22:29:24.269, 2437 MHz, 0x0000000000000000, 70, 36.53 W
2026/09/20 22:29:25.269, 2437 MHz, 0x0000000000000000, 70, 36.54 W
2026/09/20 22:29:26.270, 2437 MHz, 0x0000000000000000, 70, 36.54 W
2026/09/20 22:29:27.270, 2437 MHz, 0x0000000000000000, 70, 36.49 W
2026/09/20 22:29:28.271, 2437 MHz, 0x0000000000000000, 71, 36.50 W
2026/09/20 22:29:29.271, 2437 MHz, 0x0000000000000000, 71, 36.60 W
2026/09/20 22:29:30.271, 2437 MHz, 0x0000000000000000, 71, 36.65 W
2026/09/20 22:29:31.271, 2437 MHz, 0x0000000000000000, 71, 36.63 W
2026/09/20 22:29:32.271, 2437 MHz, 0x0000000000000000, 71, 36.66 W
2026/09/20 22:29:33.272, 2437 MHz, 0x0000000000000000, 71, 36.76 W
2026/09/20 22:29:34.272, 2437 MHz, 0x0000000000000000, 68, 33.01 W
2026/09/20 22:29:35.273, 2405 MHz, 0x0000000000000000, 67, 17.84 W
2026/09/20 22:29:36.273, 2405 MHz, 0x0000000000000000, 67, 17.70 W
2026/09/20 22:29:37.273, 2405 MHz, 0x0000000000000000, 73, 27.35 W
2026/09/20 22:29:38.274, 2411 MHz, 0x0000000000000000, 72, 60.51 W
2026/09/20 22:29:39.274, 2418 MHz, 0x0000000000000000, 74, 54.24 W
2026/09/20 22:29:40.274, 2405 MHz, 0x0000000000000000, 77, 70.77 W
2026/09/20 22:29:41.275, 2411 MHz, 0x0000000000000000, 76, 70.33 W
2026/09/20 22:29:42.275, 2405 MHz, 0x0000000000000000, 79, 71.72 W
2026/09/20 22:29:43.275, 2411 MHz, 0x0000000000000000, 79, 69.96 W
2026/09/20 22:29:44.276, 2398 MHz, 0x0000000000000000, 79, 63.50 W
2026/09/20 22:29:45.277, 2398 MHz, 0x0000000000000000, 79, 65.67 W
2026/09/20 22:29:46.277, 2405 MHz, 0x0000000000000000, 69, 20.39 W
2026/09/20 22:29:47.278, 2418 MHz, 0x0000000000000000, 69, 20.36 W
2026/09/20 22:29:48.278, 2437 MHz, 0x0000000000000000, 71, 35.57 W
2026/09/20 22:29:49.279, 2437 MHz, 0x0000000000000000, 71, 36.74 W
2026/09/20 22:29:50.279, 2437 MHz, 0x0000000000000000, 71, 36.77 W
2026/09/20 22:29:51.280, 2437 MHz, 0x0000000000000000, 72, 36.70 W
2026/09/20 22:29:52.280, 2437 MHz, 0x0000000000000000, 72, 36.84 W
2026/09/20 22:29:53.280, 2437 MHz, 0x0000000000000000, 72, 36.78 W
2026/09/20 22:29:54.281, 2437 MHz, 0x0000000000000000, 72, 36.82 W
2026/09/20 22:29:55.281, 2437 MHz, 0x0000000000000000, 72, 36.85 W
2026/09/20 22:29:56.281, 2437 MHz, 0x0000000000000000, 72, 36.79 W
2026/09/20 22:29:57.281, 2437 MHz, 0x0000000000000000, 72, 36.83 W
2026/09/20 22:29:58.282, 2437 MHz, 0x0000000000000000, 72, 36.76 W
2026/09/20 22:29:59.282, 2437 MHz, 0x0000000000000000, 72, 36.69 W
2026/09/20 22:30:00.282, 2437 MHz, 0x0000000000000000, 72, 36.81 W
2026/09/20 22:30:01.283, 2437 MHz, 0x0000000000000000, 72, 36.87 W
2026/09/20 22:30:02.283, 2437 MHz, 0x0000000000000000, 72, 36.84 W
2026/09/20 22:30:03.283, 2437 MHz, 0x0000000000000000, 72, 36.76 W
2026/09/20 22:30:04.284, 2437 MHz, 0x0000000000000000, 72, 36.71 W
2026/09/20 22:30:05.284, 2437 MHz, 0x0000000000000000, 71, 36.75 W
2026/09/20 22:30:06.284, 2437 MHz, 0x0000000000000000, 71, 36.68 W
2026/09/20 22:30:07.285, 2437 MHz, 0x0000000000000000, 71, 36.64 W
2026/09/20 22:30:08.285, 2437 MHz, 0x0000000000000000, 71, 36.66 W
2026/09/20 22:30:09.286, 2437 MHz, 0x0000000000000000, 71, 36.69 W
2026/09/20 22:30:10.286, 2437 MHz, 0x0000000000000000, 71, 36.65 W
2026/09/20 22:30:11.286, 2437 MHz, 0x0000000000000000, 71, 36.45 W
2026/09/20 22:30:12.286, 2437 MHz, 0x0000000000000000, 70, 33.66 W
2026/09/20 22:30:13.287, 2437 MHz, 0x0000000000000000, 70, 34.87 W
2026/09/20 22:30:14.287, 2437 MHz, 0x0000000000000000, 70, 36.31 W
2026/09/20 22:30:15.287, 2437 MHz, 0x0000000000000000, 70, 36.32 W
2026/09/20 22:30:16.288, 2437 MHz, 0x0000000000000000, 70, 36.29 W
2026/09/20 22:30:17.288, 2437 MHz, 0x0000000000000000, 70, 36.26 W
2026/09/20 22:30:18.288, 2437 MHz, 0x0000000000000000, 70, 36.21 W
2026/09/20 22:30:19.289, 2437 MHz, 0x0000000000000000, 70, 36.32 W
2026/09/20 22:30:20.289, 2437 MHz, 0x0000000000000000, 70, 36.32 W
2026/09/20 22:30:21.289, 2437 MHz, 0x0000000000000000, 70, 36.34 W
2026/09/20 22:30:22.290, 2405 MHz, 0x0000000000000000, 66, 20.49 W
2026/09/20 22:30:23.291, 2405 MHz, 0x0000000000000000, 66, 17.54 W
2026/09/20 22:30:24.291, 2405 MHz, 0x0000000000000000, 65, 17.41 W
2026/09/20 22:30:25.292, 2405 MHz, 0x0000000000000000, 74, 61.88 W
2026/09/20 22:30:26.292, 2411 MHz, 0x0000000000000000, 75, 68.70 W
2026/09/20 22:30:27.293, 2398 MHz, 0x0000000000000000, 75, 70.44 W
2026/09/20 22:30:28.293, 2411 MHz, 0x0000000000000000, 73, 68.32 W
2026/09/20 22:30:29.294, 2405 MHz, 0x0000000000000000, 75, 72.96 W
2026/09/20 22:30:30.294, 2405 MHz, 0x0000000000000000, 78, 69.32 W
2026/09/20 22:30:31.295, 2411 MHz, 0x0000000000000000, 76, 73.06 W
2026/09/20 22:30:32.295, 2405 MHz, 0x0000000000000000, 76, 69.78 W
2026/09/20 22:30:33.296, 2411 MHz, 0x0000000000000000, 77, 73.06 W
2026/09/20 22:30:34.296, 2405 MHz, 0x0000000000000000, 77, 70.96 W
2026/09/20 22:30:35.297, 2411 MHz, 0x0000000000000000, 78, 73.06 W
2026/09/20 22:30:36.297, 2405 MHz, 0x0000000000000000, 77, 71.28 W
2026/09/20 22:30:37.298, 2411 MHz, 0x0000000000000000, 76, 73.50 W
2026/09/20 22:30:38.298, 2398 MHz, 0x0000000000000000, 77, 66.79 W
2026/09/20 22:30:39.299, 2398 MHz, 0x0000000000000000, 77, 66.17 W
2026/09/20 22:30:40.299, 2405 MHz, 0x0000000000000000, 68, 36.18 W
2026/09/20 22:30:41.299, 2405 MHz, 0x0000000000000000, 67, 17.86 W
2026/09/20 22:30:42.300, 2437 MHz, 0x0000000000000000, 70, 31.46 W
2026/09/20 22:30:43.300, 2437 MHz, 0x0000000000000000, 70, 36.67 W
2026/09/20 22:30:44.301, 2437 MHz, 0x0000000000000000, 70, 36.63 W
2026/09/20 22:30:45.301, 2437 MHz, 0x0000000000000000, 70, 36.40 W
2026/09/20 22:30:46.301, 2437 MHz, 0x0000000000000000, 70, 36.60 W
2026/09/20 22:30:47.301, 2437 MHz, 0x0000000000000000, 70, 36.72 W
2026/09/20 22:30:48.301, 2437 MHz, 0x0000000000000000, 70, 36.73 W
2026/09/20 22:30:49.302, 2437 MHz, 0x0000000000000000, 70, 36.72 W
2026/09/20 22:30:50.302, 2437 MHz, 0x0000000000000000, 70, 35.45 W
2026/09/20 22:30:51.303, 2437 MHz, 0x0000000000000000, 69, 33.65 W
2026/09/20 22:30:52.303, 2437 MHz, 0x0000000000000000, 70, 34.71 W
2026/09/20 22:30:53.304, 2437 MHz, 0x0000000000000000, 70, 36.72 W
2026/09/20 22:30:54.304, 2437 MHz, 0x0000000000000000, 70, 36.68 W
2026/09/20 22:30:55.304, 2437 MHz, 0x0000000000000000, 70, 36.73 W
2026/09/20 22:30:56.305, 2437 MHz, 0x0000000000000000, 70, 36.72 W
2026/09/20 22:30:57.305, 2437 MHz, 0x0000000000000000, 70, 36.78 W
2026/09/20 22:30:58.305, 2437 MHz, 0x0000000000000000, 70, 36.83 W
2026/09/20 22:30:59.305, 2437 MHz, 0x0000000000000000, 70, 36.76 W
2026/09/20 22:31:00.306, 2437 MHz, 0x0000000000000000, 70, 36.72 W
2026/09/20 22:31:01.306, 2437 MHz, 0x0000000000000000, 70, 36.62 W
2026/09/20 22:31:02.306, 2437 MHz, 0x0000000000000000, 71, 36.64 W
2026/09/20 22:31:03.307, 2437 MHz, 0x0000000000000000, 71, 36.78 W
2026/09/20 22:31:04.307, 2437 MHz, 0x0000000000000000, 71, 36.72 W
2026/09/20 22:31:05.307, 2437 MHz, 0x0000000000000000, 71, 36.77 W
2026/09/20 22:31:06.308, 2437 MHz, 0x0000000000000000, 71, 36.72 W
2026/09/20 22:31:07.308, 2437 MHz, 0x0000000000000000, 71, 36.85 W
2026/09/20 22:31:08.308, 2437 MHz, 0x0000000000000000, 71, 36.90 W
2026/09/20 22:31:09.308, 2437 MHz, 0x0000000000000000, 71, 36.90 W
2026/09/20 22:31:10.308, 2437 MHz, 0x0000000000000000, 71, 36.92 W
2026/09/20 22:31:11.309, 2437 MHz, 0x0000000000000000, 71, 36.95 W
2026/09/20 22:31:12.309, 2437 MHz, 0x0000000000000000, 71, 36.87 W
2026/09/20 22:31:13.309, 2437 MHz, 0x0000000000000000, 71, 36.83 W
2026/09/20 22:31:14.309, 2437 MHz, 0x0000000000000000, 71, 36.90 W
2026/09/20 22:31:15.310, 2437 MHz, 0x0000000000000000, 71, 36.99 W
2026/09/20 22:31:16.310, 2411 MHz, 0x0000000000000000, 68, 29.18 W
2026/09/20 22:31:17.310, 2405 MHz, 0x0000000000000000, 68, 17.88 W
2026/09/20 22:31:18.311, 2405 MHz, 0x0000000000000000, 67, 17.83 W
2026/09/20 22:31:19.311, 2411 MHz, 0x0000000000000000, 76, 34.48 W
2026/09/20 22:31:20.312, 2411 MHz, 0x0000000000000000, 77, 70.76 W
2026/09/20 22:31:21.312, 2405 MHz, 0x0000000000000000, 76, 69.64 W
2026/09/20 22:31:22.312, 2411 MHz, 0x0000000000000000, 76, 71.61 W
2026/09/20 22:31:23.312, 2405 MHz, 0x0000000000000000, 77, 70.89 W
2026/09/20 22:31:24.313, 2411 MHz, 0x0000000000000000, 74, 68.45 W
2026/09/20 22:31:25.313, 2418 MHz, 0x0000000000000000, 70, 42.32 W
2026/09/20 22:31:26.313, 2411 MHz, 0x0000000000000000, 74, 53.45 W
2026/09/20 22:31:27.314, 2411 MHz, 0x0000000000000000, 79, 69.33 W
2026/09/20 22:31:28.314, 2392 MHz, 0x0000000000000000, 78, 72.02 W
2026/09/20 22:31:29.315, 2411 MHz, 0x0000000000000000, 81, 72.56 W
2026/09/20 22:31:30.315, 2405 MHz, 0x0000000000000000, 79, 72.75 W
2026/09/20 22:31:31.315, 2411 MHz, 0x0000000000000000, 79, 72.08 W
2026/09/20 22:31:32.315, 2385 MHz, 0x0000000000000000, 80, 73.46 W
2026/09/20 22:31:33.316, 2405 MHz, 0x0000000000000000, 81, 72.51 W
2026/09/20 22:31:34.316, 2398 MHz, 0x0000000000000000, 79, 74.00 W
2026/09/20 22:31:35.317, 2405 MHz, 0x0000000000000000, 80, 72.98 W
2026/09/20 22:31:36.317, 2392 MHz, 0x0000000000000000, 82, 74.40 W
2026/09/20 22:31:37.318, 2398 MHz, 0x0000000000000000, 80, 73.05 W
2026/09/20 22:31:38.318, 2385 MHz, 0x0000000000000000, 83, 74.95 W
2026/09/20 22:31:39.318, 2398 MHz, 0x0000000000000000, 80, 73.40 W
2026/09/20 22:31:40.319, 2385 MHz, 0x0000000000000000, 82, 75.11 W
2026/09/20 22:31:41.319, 2405 MHz, 0x0000000000000000, 81, 73.72 W
2026/09/20 22:31:42.319, 2385 MHz, 0x0000000000000000, 83, 75.30 W
2026/09/20 22:31:43.320, 2392 MHz, 0x0000000000000000, 82, 74.17 W
2026/09/20 22:31:44.320, 2385 MHz, 0x0000000000000000, 81, 75.32 W
2026/09/20 22:31:45.320, 2392 MHz, 0x0000000000000000, 82, 74.62 W
2026/09/20 22:31:46.321, 2385 MHz, 0x0000000000000000, 82, 75.66 W
2026/09/20 22:31:47.321, 2392 MHz, 0x0000000000000000, 83, 75.23 W
2026/09/20 22:31:48.322, 2385 MHz, 0x0000000000000000, 83, 75.42 W
2026/09/20 22:31:49.322, 2392 MHz, 0x0000000000000000, 84, 75.82 W
2026/09/20 22:31:50.323, 2411 MHz, 0x0000000000000000, 78, 53.84 W
2026/09/20 22:31:51.323, 2418 MHz, 0x0000000000000000, 75, 44.07 W
2026/09/20 22:31:52.323, 2411 MHz, 0x0000000000000000, 81, 48.96 W
2026/09/20 22:31:53.324, 2411 MHz, 0x0000000000000000, 72, 31.18 W
2026/09/20 22:31:54.324, 2405 MHz, 0x0000000000000000, 72, 21.13 W
2026/09/20 22:31:55.324, 2418 MHz, 0x0000000000000000, 73, 35.72 W
2026/09/20 22:31:56.325, 2418 MHz, 0x0000000000000000, 73, 37.72 W
2026/09/20 22:31:57.325, 2418 MHz, 0x0000000000000000, 73, 37.70 W
2026/09/20 22:31:58.325, 2418 MHz, 0x0000000000000000, 73, 37.69 W
2026/09/20 22:31:59.325, 2418 MHz, 0x0000000000000000, 73, 36.40 W
2026/09/20 22:32:00.326, 2418 MHz, 0x0000000000000000, 72, 34.39 W
2026/09/20 22:32:01.326, 2418 MHz, 0x0000000000000000, 73, 35.83 W
2026/09/20 22:32:02.326, 2418 MHz, 0x0000000000000000, 73, 37.66 W
2026/09/20 22:32:03.327, 2418 MHz, 0x0000000000000000, 73, 37.57 W
2026/09/20 22:32:04.327, 2418 MHz, 0x0000000000000000, 73, 37.56 W
2026/09/20 22:32:05.328, 2418 MHz, 0x0000000000000000, 73, 37.58 W
2026/09/20 22:32:06.328, 2418 MHz, 0x0000000000000000, 72, 37.46 W
2026/09/20 22:32:07.329, 2418 MHz, 0x0000000000000000, 73, 37.40 W
2026/09/20 22:32:08.329, 2418 MHz, 0x0000000000000000, 72, 37.42 W
2026/09/20 22:32:09.329, 2418 MHz, 0x0000000000000000, 72, 37.45 W
2026/09/20 22:32:10.330, 2418 MHz, 0x0000000000000000, 72, 37.48 W
2026/09/20 22:32:11.330, 2418 MHz, 0x0000000000000000, 72, 37.40 W
2026/09/20 22:32:12.331, 2418 MHz, 0x0000000000000000, 72, 37.44 W
2026/09/20 22:32:13.331, 2418 MHz, 0x0000000000000000, 72, 37.44 W
2026/09/20 22:32:14.332, 2418 MHz, 0x0000000000000000, 72, 37.46 W
2026/09/20 22:32:15.332, 2418 MHz, 0x0000000000000000, 72, 37.52 W
2026/09/20 22:32:16.333, 2418 MHz, 0x0000000000000000, 72, 37.39 W
2026/09/20 22:32:17.333, 2418 MHz, 0x0000000000000000, 72, 37.44 W
2026/09/20 22:32:18.333, 2418 MHz, 0x0000000000000000, 72, 37.34 W
2026/09/20 22:32:19.334, 2418 MHz, 0x0000000000000000, 72, 37.24 W
2026/09/20 22:32:20.334, 2418 MHz, 0x0000000000000000, 72, 37.28 W
2026/09/20 22:32:21.335, 2418 MHz, 0x0000000000000000, 72, 37.32 W
2026/09/20 22:32:22.335, 2418 MHz, 0x0000000000000000, 72, 37.21 W
2026/09/20 22:32:23.336, 2418 MHz, 0x0000000000000000, 72, 37.24 W
2026/09/20 22:32:24.336, 2418 MHz, 0x0000000000000000, 72, 37.22 W
2026/09/20 22:32:25.336, 2437 MHz, 0x0000000000000000, 71, 34.41 W
2026/09/20 22:32:26.336, 2437 MHz, 0x0000000000000000, 71, 33.53 W
2026/09/20 22:32:27.337, 2437 MHz, 0x0000000000000000, 72, 36.89 W
2026/09/20 22:32:28.337, 2437 MHz, 0x0000000000000000, 71, 37.25 W
2026/09/20 22:32:29.338, 2405 MHz, 0x0000000000000000, 68, 26.07 W
2026/09/20 22:32:30.339, 2405 MHz, 0x0000000000000000, 68, 17.87 W
2026/09/20 22:32:31.339, 2405 MHz, 0x0000000000000000, 67, 17.74 W
2026/09/20 22:32:32.340, 2411 MHz, 0x0000000000000000, 75, 37.22 W
2026/09/20 22:32:33.340, 2411 MHz, 0x0000000000000000, 76, 69.00 W
2026/09/20 22:32:34.341, 2411 MHz, 0x0000000000000000, 69, 46.76 W
2026/09/20 22:32:35.341, 2411 MHz, 0x0000000000000000, 76, 49.04 W
2026/09/20 22:32:36.342, 2411 MHz, 0x0000000000000000, 79, 62.84 W
2026/09/20 22:32:37.342, 2405 MHz, 0x0000000000000000, 77, 70.19 W
2026/09/20 22:32:38.343, 2411 MHz, 0x0000000000000000, 78, 71.74 W
2026/09/20 22:32:39.343, 2405 MHz, 0x0000000000000000, 77, 71.13 W
2026/09/20 22:32:40.343, 2411 MHz, 0x0000000000000000, 79, 72.14 W
2026/09/20 22:32:41.344, 2398 MHz, 0x0000000000000000, 79, 72.02 W
2026/09/20 22:32:42.344, 2405 MHz, 0x0000000000000000, 80, 72.10 W
2026/09/20 22:32:43.344, 2405 MHz, 0x0000000000000000, 79, 72.56 W
2026/09/20 22:32:44.345, 2405 MHz, 0x0000000000000000, 80, 72.15 W
2026/09/20 22:32:45.345, 2392 MHz, 0x0000000000000000, 80, 73.45 W
2026/09/20 22:32:46.346, 2411 MHz, 0x0000000000000000, 79, 72.48 W
2026/09/20 22:32:47.346, 2385 MHz, 0x0000000000000000, 79, 74.04 W
2026/09/20 22:32:48.346, 2405 MHz, 0x0000000000000000, 80, 72.95 W
2026/09/20 22:32:49.347, 2392 MHz, 0x0000000000000000, 79, 74.33 W
2026/09/20 22:32:50.347, 2405 MHz, 0x0000000000000000, 82, 73.08 W
2026/09/20 22:32:51.347, 2385 MHz, 0x0000000000000000, 81, 74.48 W
2026/09/20 22:32:52.348, 2398 MHz, 0x0000000000000000, 82, 73.14 W
2026/09/20 22:32:53.348, 2398 MHz, 0x0000000000000000, 80, 75.10 W
2026/09/20 22:32:54.349, 2398 MHz, 0x0000000000000000, 81, 73.51 W
2026/09/20 22:32:55.349, 2392 MHz, 0x0000000000000000, 82, 75.38 W
2026/09/20 22:32:56.350, 2405 MHz, 0x0000000000000000, 82, 73.96 W
2026/09/20 22:32:57.350, 2385 MHz, 0x0000000000000000, 82, 75.64 W
2026/09/20 22:32:58.351, 2392 MHz, 0x0000000000000000, 84, 74.55 W
2026/09/20 22:32:59.351, 2411 MHz, 0x0000000000000000, 75, 61.22 W
2026/09/20 22:33:00.351, 2418 MHz, 0x0000000000000000, 75, 45.80 W
2026/09/20 22:33:01.351, 2418 MHz, 0x0000000000000000, 75, 46.04 W
2026/09/20 22:33:02.352, 2398 MHz, 0x0000000000000000, 82, 62.08 W
2026/09/20 22:33:03.353, 2398 MHz, 0x0000000000000000, 82, 77.35 W
2026/09/20 22:33:04.353, 2398 MHz, 0x0000000000000000, 78, 72.59 W
2026/09/20 22:33:05.354, 2392 MHz, 0x0000000000000000, 83, 78.11 W
2026/09/20 22:33:06.354, 2392 MHz, 0x0000000000000000, 83, 75.12 W
2026/09/20 22:33:07.355, 2385 MHz, 0x0000000000000000, 84, 76.90 W
2026/09/20 22:33:08.355, 2411 MHz, 0x0000000000000000, 79, 68.50 W
2026/09/20 22:33:09.355, 2418 MHz, 0x0000000000000000, 73, 39.81 W
2026/09/20 22:33:10.355, 2411 MHz, 0x0000000000000000, 74, 44.80 W
2026/09/20 22:33:11.356, 2392 MHz, 0x0000000000000000, 80, 53.94 W
2026/09/20 22:33:12.356, 2392 MHz, 0x0000000000000000, 83, 75.14 W
2026/09/20 22:33:13.356, 2385 MHz, 0x0000000000000000, 83, 76.24 W
2026/09/20 22:33:14.356, 2392 MHz, 0x0000000000000000, 80, 76.10 W
2026/09/20 22:33:15.357, 2385 MHz, 0x0000000000000000, 80, 76.25 W
2026/09/20 22:33:16.357, 2392 MHz, 0x0000000000000000, 83, 76.94 W
2026/09/20 22:33:17.358, 2385 MHz, 0x0000000000000000, 83, 75.91 W
2026/09/20 22:33:18.358, 2392 MHz, 0x0000000000000000, 81, 77.87 W
2026/09/20 22:33:19.359, 2385 MHz, 0x0000000000000000, 82, 75.46 W
2026/09/20 22:33:20.359, 2392 MHz, 0x0000000000000000, 83, 78.96 W
2026/09/20 22:33:21.360, 2392 MHz, 0x0000000000000000, 84, 74.82 W
2026/09/20 22:33:22.360, 2392 MHz, 0x0000000000000000, 83, 79.89 W
2026/09/20 22:33:23.360, 2392 MHz, 0x0000000000000000, 83, 76.82 W
2026/09/20 22:33:24.361, 2385 MHz, 0x0000000000000000, 85, 76.74 W
2026/09/20 22:33:25.361, 2392 MHz, 0x0000000000000000, 84, 77.55 W
2026/09/20 22:33:26.361, 2385 MHz, 0x0000000000000000, 84, 77.57 W
2026/09/20 22:33:27.362, 2392 MHz, 0x0000000000000000, 81, 78.35 W
2026/09/20 22:33:28.362, 2385 MHz, 0x0000000000000000, 83, 77.09 W
2026/09/20 22:33:29.363, 2379 MHz, 0x0000000000000000, 83, 78.70 W
2026/09/20 22:33:30.363, 2385 MHz, 0x0000000000000000, 82, 75.78 W
2026/09/20 22:33:31.364, 2392 MHz, 0x0000000000000000, 84, 80.21 W
2026/09/20 22:33:32.364, 2392 MHz, 0x0000000000000000, 82, 77.70 W
2026/09/20 22:33:33.364, 2385 MHz, 0x0000000000000000, 85, 78.01 W
2026/09/20 22:33:34.365, 2398 MHz, 0x0000000000000000, 77, 67.49 W
2026/09/20 22:33:35.365, 2418 MHz, 0x0000000000000000, 77, 35.48 W
2026/09/20 22:33:36.365, 2418 MHz, 0x0000000000000000, 76, 34.38 W
2026/09/20 22:33:37.366, 2418 MHz, 0x0000000000000000, 74, 34.70 W
2026/09/20 22:33:38.366, 2392 MHz, 0x0000000000000000, 83, 47.92 W
2026/09/20 22:33:39.366, 2392 MHz, 0x0000000000000000, 82, 79.54 W
2026/09/20 22:33:40.366, 2392 MHz, 0x0000000000000000, 86, 76.20 W
2026/09/20 22:33:41.367, 2392 MHz, 0x0000000000000000, 83, 78.36 W
2026/09/20 22:33:42.367, 2392 MHz, 0x0000000000000000, 84, 77.90 W
2026/09/20 22:33:43.367, 2346 MHz, 0x0000000000000020, 81, 77.20 W
2026/09/20 22:33:44.368, 2418 MHz, 0x0000000000000000, 76, 36.11 W
2026/09/20 22:33:45.368, 2418 MHz, 0x0000000000000000, 73, 31.61 W
2026/09/20 22:33:46.368, 2418 MHz, 0x0000000000000000, 73, 30.34 W
2026/09/20 22:33:47.369, 2418 MHz, 0x0000000000000000, 73, 33.65 W
2026/09/20 22:33:48.369, 2392 MHz, 0x0000000000000000, 79, 74.00 W
2026/09/20 22:33:49.369, 2411 MHz, 0x0000000000000000, 72, 45.45 W
2026/09/20 22:33:50.370, 2405 MHz, 0x0000000000000000, 71, 18.88 W
2026/09/20 22:33:51.371, 2418 MHz, 0x0000000000000000, 74, 32.35 W
2026/09/20 22:33:52.371, 2418 MHz, 0x0000000000000000, 73, 34.93 W
2026/09/20 22:33:53.371, 2418 MHz, 0x0000000000000000, 73, 34.03 W
2026/09/20 22:33:54.372, 2418 MHz, 0x0000000000000000, 73, 33.82 W
2026/09/20 22:33:55.372, 2418 MHz, 0x0000000000000000, 72, 33.78 W
2026/09/20 22:33:56.373, 2418 MHz, 0x0000000000000000, 73, 37.50 W
2026/09/20 22:33:57.373, 2418 MHz, 0x0000000000000000, 73, 38.00 W
2026/09/20 22:33:58.373, 2418 MHz, 0x0000000000000000, 73, 38.10 W
2026/09/20 22:33:59.374, 2418 MHz, 0x0000000000000000, 73, 38.01 W
2026/09/20 22:34:00.374, 2418 MHz, 0x0000000000000000, 73, 38.01 W
2026/09/20 22:34:01.374, 2418 MHz, 0x0000000000000000, 73, 37.91 W
2026/09/20 22:34:02.375, 2418 MHz, 0x0000000000000000, 73, 37.90 W
2026/09/20 22:34:03.375, 2418 MHz, 0x0000000000000000, 73, 37.94 W
2026/09/20 22:34:04.376, 2418 MHz, 0x0000000000000000, 73, 37.92 W
2026/09/20 22:34:05.376, 2418 MHz, 0x0000000000000000, 73, 37.92 W
2026/09/20 22:34:06.377, 2418 MHz, 0x0000000000000000, 73, 37.92 W
2026/09/20 22:34:07.377, 2418 MHz, 0x0000000000000000, 73, 37.92 W
2026/09/20 22:34:08.377, 2418 MHz, 0x0000000000000000, 72, 38.01 W
2026/09/20 22:34:09.377, 2418 MHz, 0x0000000000000000, 72, 37.98 W
2026/09/20 22:34:10.378, 2418 MHz, 0x0000000000000000, 72, 38.03 W
2026/09/20 22:34:11.378, 2418 MHz, 0x0000000000000000, 72, 34.55 W
2026/09/20 22:34:12.378, 2418 MHz, 0x0000000000000000, 71, 33.89 W
2026/09/20 22:34:13.378, 2418 MHz, 0x0000000000000000, 72, 36.07 W
2026/09/20 22:34:14.379, 2418 MHz, 0x0000000000000000, 72, 37.90 W
2026/09/20 22:34:15.379, 2418 MHz, 0x0000000000000000, 72, 37.91 W
2026/09/20 22:34:16.379, 2418 MHz, 0x0000000000000000, 72, 37.80 W
2026/09/20 22:34:17.380, 2418 MHz, 0x0000000000000000, 72, 37.84 W
2026/09/20 22:34:18.381, 2418 MHz, 0x0000000000000000, 72, 37.86 W
2026/09/20 22:34:19.381, 2418 MHz, 0x0000000000000000, 72, 37.73 W
2026/09/20 22:34:20.381, 2418 MHz, 0x0000000000000000, 71, 35.52 W
2026/09/20 22:34:21.381, 2418 MHz, 0x0000000000000000, 71, 34.32 W
2026/09/20 22:34:22.381, 2437 MHz, 0x0000000000000000, 72, 36.01 W
2026/09/20 22:34:23.382, 2437 MHz, 0x0000000000000000, 72, 37.83 W
2026/09/20 22:34:24.382, 2437 MHz, 0x0000000000000000, 72, 37.73 W
2026/09/20 22:34:25.383, 2424 MHz, 0x0000000000000000, 69, 35.67 W
2026/09/20 22:34:26.383, 2405 MHz, 0x0000000000000000, 68, 18.01 W
2026/09/20 22:34:27.384, 2418 MHz, 0x0000000000000000, 69, 20.81 W
2026/09/20 22:34:28.384, 2437 MHz, 0x0000000000000000, 71, 35.99 W
2026/09/20 22:34:29.384, 2437 MHz, 0x0000000000000000, 71, 37.46 W
2026/09/20 22:34:30.385, 2437 MHz, 0x0000000000000000, 71, 37.73 W
2026/09/20 22:34:31.385, 2437 MHz, 0x0000000000000000, 71, 37.81 W
2026/09/20 22:34:32.385, 2437 MHz, 0x0000000000000000, 71, 37.91 W
2026/09/20 22:34:33.386, 2437 MHz, 0x0000000000000000, 71, 37.87 W
2026/09/20 22:34:34.386, 2437 MHz, 0x0000000000000000, 71, 37.93 W
2026/09/20 22:34:35.387, 2437 MHz, 0x0000000000000000, 71, 37.94 W
2026/09/20 22:34:36.387, 2437 MHz, 0x0000000000000000, 71, 37.85 W
2026/09/20 22:34:37.387, 2437 MHz, 0x0000000000000000, 71, 37.96 W
2026/09/20 22:34:38.387, 2437 MHz, 0x0000000000000000, 71, 37.95 W
2026/09/20 22:34:39.387, 2437 MHz, 0x0000000000000000, 71, 37.96 W
2026/09/20 22:34:40.388, 2437 MHz, 0x0000000000000000, 71, 38.02 W
2026/09/20 22:34:41.388, 2437 MHz, 0x0000000000000000, 71, 37.92 W
2026/09/20 22:34:42.388, 2437 MHz, 0x0000000000000000, 71, 37.85 W
2026/09/20 22:34:43.389, 2437 MHz, 0x0000000000000000, 71, 37.86 W
2026/09/20 22:34:44.389, 2437 MHz, 0x0000000000000000, 71, 37.83 W
2026/09/20 22:34:45.389, 2437 MHz, 0x0000000000000000, 71, 36.11 W
2026/09/20 22:34:46.390, 2437 MHz, 0x0000000000000000, 71, 34.78 W
2026/09/20 22:34:47.390, 2437 MHz, 0x0000000000000000, 71, 36.09 W
2026/09/20 22:34:48.390, 2437 MHz, 0x0000000000000000, 71, 37.74 W
2026/09/20 22:34:49.390, 2437 MHz, 0x0000000000000000, 71, 37.79 W
2026/09/20 22:34:50.390, 2437 MHz, 0x0000000000000000, 71, 37.80 W
2026/09/20 22:34:51.391, 2437 MHz, 0x0000000000000000, 71, 37.75 W
2026/09/20 22:34:52.391, 2437 MHz, 0x0000000000000000, 71, 37.77 W
2026/09/20 22:34:53.392, 2437 MHz, 0x0000000000000000, 71, 37.86 W
2026/09/20 22:34:54.392, 2437 MHz, 0x0000000000000000, 71, 37.04 W
2026/09/20 22:34:55.392, 2437 MHz, 0x0000000000000000, 71, 35.46 W
2026/09/20 22:34:56.393, 2437 MHz, 0x0000000000000000, 71, 36.19 W
2026/09/20 22:34:57.393, 2437 MHz, 0x0000000000000000, 71, 37.90 W
2026/09/20 22:34:58.393, 2437 MHz, 0x0000000000000000, 71, 37.77 W
2026/09/20 22:34:59.394, 2437 MHz, 0x0000000000000000, 71, 37.70 W
2026/09/20 22:35:00.394, 2437 MHz, 0x0000000000000000, 71, 37.71 W
2026/09/20 22:35:01.394, 2437 MHz, 0x0000000000000000, 71, 37.91 W
2026/09/20 22:35:02.394, 2437 MHz, 0x0000000000000000, 71, 37.91 W
2026/09/20 22:35:03.395, 2405 MHz, 0x0000000000000000, 68, 28.01 W
2026/09/20 22:35:04.395, 2405 MHz, 0x0000000000000000, 67, 17.78 W
2026/09/20 22:35:05.396, 2411 MHz, 0x0000000000000000, 69, 28.77 W
2026/09/20 22:35:06.396, 2418 MHz, 0x0000000000000000, 73, 42.42 W
2026/09/20 22:35:07.396, 2418 MHz, 0x0000000000000000, 73, 48.23 W
2026/09/20 22:35:08.397, 2418 MHz, 0x0000000000000000, 73, 48.70 W
2026/09/20 22:35:09.397, 2418 MHz, 0x0000000000000000, 73, 48.38 W
2026/09/20 22:35:10.398, 2418 MHz, 0x0000000000000000, 73, 48.65 W
2026/09/20 22:35:11.398, 2418 MHz, 0x0000000000000000, 74, 49.31 W
2026/09/20 22:35:12.399, 2418 MHz, 0x0000000000000000, 74, 49.51 W
2026/09/20 22:35:13.399, 2418 MHz, 0x0000000000000000, 74, 49.08 W
2026/09/20 22:35:14.399, 2418 MHz, 0x0000000000000000, 74, 49.26 W
2026/09/20 22:35:15.400, 2418 MHz, 0x0000000000000000, 74, 49.82 W
2026/09/20 22:35:16.400, 2418 MHz, 0x0000000000000000, 74, 49.81 W
2026/09/20 22:35:17.401, 2418 MHz, 0x0000000000000000, 75, 49.74 W
2026/09/20 22:35:18.401, 2418 MHz, 0x0000000000000000, 75, 50.04 W
2026/09/20 22:35:19.401, 2418 MHz, 0x0000000000000000, 75, 50.03 W
2026/09/20 22:35:20.402, 2418 MHz, 0x0000000000000000, 75, 49.87 W
2026/09/20 22:35:21.402, 2418 MHz, 0x0000000000000000, 74, 49.32 W
2026/09/20 22:35:22.402, 2418 MHz, 0x0000000000000000, 74, 49.12 W
2026/09/20 22:35:23.403, 2418 MHz, 0x0000000000000000, 75, 48.89 W
2026/09/20 22:35:24.403, 2418 MHz, 0x0000000000000000, 75, 48.99 W
2026/09/20 22:35:25.404, 2418 MHz, 0x0000000000000000, 75, 49.41 W
2026/09/20 22:35:26.404, 2418 MHz, 0x0000000000000000, 75, 49.08 W
2026/09/20 22:35:27.405, 2418 MHz, 0x0000000000000000, 75, 48.92 W
2026/09/20 22:35:28.405, 2418 MHz, 0x0000000000000000, 74, 48.04 W
2026/09/20 22:35:29.405, 2418 MHz, 0x0000000000000000, 74, 44.75 W
2026/09/20 22:35:30.405, 2418 MHz, 0x0000000000000000, 74, 44.80 W
2026/09/20 22:35:31.405, 2418 MHz, 0x0000000000000000, 75, 48.55 W
2026/09/20 22:35:32.405, 2418 MHz, 0x0000000000000000, 75, 49.45 W
2026/09/20 22:35:33.406, 2418 MHz, 0x0000000000000000, 75, 48.88 W
2026/09/20 22:35:34.406, 2418 MHz, 0x0000000000000000, 75, 49.37 W
2026/09/20 22:35:35.407, 2418 MHz, 0x0000000000000000, 75, 49.00 W
2026/09/20 22:35:36.407, 2418 MHz, 0x0000000000000000, 75, 49.10 W
2026/09/20 22:35:37.407, 2418 MHz, 0x0000000000000000, 75, 48.97 W
2026/09/20 22:35:38.408, 2418 MHz, 0x0000000000000000, 75, 49.32 W
2026/09/20 22:35:39.408, 2418 MHz, 0x0000000000000000, 75, 48.76 W
2026/09/20 22:35:40.409, 2418 MHz, 0x0000000000000000, 75, 49.36 W
2026/09/20 22:35:41.410, 2405 MHz, 0x0000000000000000, 69, 24.65 W
2026/09/20 22:35:42.410, 2405 MHz, 0x0000000000000000, 68, 17.99 W
2026/09/20 22:35:43.410, 2424 MHz, 0x0000000000000000, 69, 25.36 W
2026/09/20 22:35:44.410, 2437 MHz, 0x0000000000000000, 71, 32.94 W
2026/09/20 22:35:45.411, 2437 MHz, 0x0000000000000000, 71, 38.00 W
2026/09/20 22:35:46.411, 2437 MHz, 0x0000000000000000, 71, 37.98 W
2026/09/20 22:35:47.411, 2437 MHz, 0x0000000000000000, 71, 38.01 W
2026/09/20 22:35:48.412, 2437 MHz, 0x0000000000000000, 71, 38.00 W
2026/09/20 22:35:49.412, 2437 MHz, 0x0000000000000000, 71, 38.05 W
2026/09/20 22:35:50.412, 2437 MHz, 0x0000000000000000, 71, 38.11 W
2026/09/20 22:35:51.413, 2437 MHz, 0x0000000000000000, 72, 38.09 W
2026/09/20 22:35:52.413, 2437 MHz, 0x0000000000000000, 72, 38.15 W
2026/09/20 22:35:53.413, 2437 MHz, 0x0000000000000000, 71, 38.14 W
2026/09/20 22:35:54.413, 2437 MHz, 0x0000000000000000, 72, 38.12 W
2026/09/20 22:35:55.414, 2437 MHz, 0x0000000000000000, 72, 38.17 W
2026/09/20 22:35:56.414, 2437 MHz, 0x0000000000000000, 71, 38.19 W
2026/09/20 22:35:57.414, 2437 MHz, 0x0000000000000000, 71, 38.17 W
2026/09/20 22:35:58.414, 2437 MHz, 0x0000000000000000, 72, 38.22 W
2026/09/20 22:35:59.415, 2437 MHz, 0x0000000000000000, 71, 38.17 W
2026/09/20 22:36:00.415, 2437 MHz, 0x0000000000000000, 71, 38.04 W
2026/09/20 22:36:01.415, 2437 MHz, 0x0000000000000000, 71, 37.92 W
2026/09/20 22:36:02.416, 2437 MHz, 0x0000000000000000, 71, 37.97 W
2026/09/20 22:36:03.416, 2437 MHz, 0x0000000000000000, 71, 36.01 W
2026/09/20 22:36:04.417, 2437 MHz, 0x0000000000000000, 71, 35.35 W
2026/09/20 22:36:05.417, 2437 MHz, 0x0000000000000000, 71, 37.49 W
2026/09/20 22:36:06.418, 2437 MHz, 0x0000000000000000, 71, 37.99 W
2026/09/20 22:36:07.418, 2437 MHz, 0x0000000000000000, 71, 37.96 W
2026/09/20 22:36:08.419, 2437 MHz, 0x0000000000000000, 71, 37.89 W
2026/09/20 22:36:09.419, 2437 MHz, 0x0000000000000000, 71, 37.97 W
2026/09/20 22:36:10.420, 2437 MHz, 0x0000000000000000, 71, 37.87 W
2026/09/20 22:36:11.420, 2437 MHz, 0x0000000000000000, 71, 37.88 W
2026/09/20 22:36:12.420, 2437 MHz, 0x0000000000000000, 71, 37.90 W
2026/09/20 22:36:13.420, 2437 MHz, 0x0000000000000000, 71, 37.97 W
2026/09/20 22:36:14.421, 2437 MHz, 0x0000000000000000, 71, 38.08 W
2026/09/20 22:36:15.421, 2437 MHz, 0x0000000000000000, 71, 37.87 W
2026/09/20 22:36:16.421, 2437 MHz, 0x0000000000000000, 71, 38.10 W
2026/09/20 22:36:17.421, 2437 MHz, 0x0000000000000000, 71, 38.06 W
2026/09/20 22:36:18.422, 2405 MHz, 0x0000000000000000, 68, 24.81 W
2026/09/20 22:36:19.423, 2405 MHz, 0x0000000000000000, 67, 17.69 W
2026/09/20 22:36:20.423, 2431 MHz, 0x0000000000000000, 69, 24.32 W
2026/09/20 22:36:21.423, 2424 MHz, 0x0000000000000000, 72, 35.35 W
2026/09/20 22:36:22.424, 2418 MHz, 0x0000000000000000, 73, 47.88 W
2026/09/20 22:36:23.424, 2418 MHz, 0x0000000000000000, 73, 48.17 W
2026/09/20 22:36:24.425, 2418 MHz, 0x0000000000000000, 73, 48.35 W
2026/09/20 22:36:25.426, 2418 MHz, 0x0000000000000000, 73, 48.80 W
2026/09/20 22:36:26.426, 2418 MHz, 0x0000000000000000, 74, 48.51 W
2026/09/20 22:36:27.426, 2418 MHz, 0x0000000000000000, 73, 48.68 W
2026/09/20 22:36:28.427, 2418 MHz, 0x0000000000000000, 74, 48.51 W
2026/09/20 22:36:29.427, 2418 MHz, 0x0000000000000000, 73, 49.18 W
2026/09/20 22:36:30.427, 2418 MHz, 0x0000000000000000, 74, 48.75 W
2026/09/20 22:36:31.428, 2418 MHz, 0x0000000000000000, 74, 48.78 W
2026/09/20 22:36:32.428, 2418 MHz, 0x0000000000000000, 74, 49.10 W
2026/09/20 22:36:33.429, 2418 MHz, 0x0000000000000000, 74, 49.64 W
2026/09/20 22:36:34.429, 2418 MHz, 0x0000000000000000, 74, 49.25 W
2026/09/20 22:36:35.429, 2418 MHz, 0x0000000000000000, 75, 49.71 W
2026/09/20 22:36:36.430, 2418 MHz, 0x0000000000000000, 74, 49.61 W
2026/09/20 22:36:37.430, 2418 MHz, 0x0000000000000000, 74, 47.79 W
2026/09/20 22:36:38.431, 2418 MHz, 0x0000000000000000, 74, 45.30 W
2026/09/20 22:36:39.431, 2418 MHz, 0x0000000000000000, 74, 46.80 W
2026/09/20 22:36:40.431, 2418 MHz, 0x0000000000000000, 75, 49.69 W
2026/09/20 22:36:41.432, 2418 MHz, 0x0000000000000000, 75, 49.45 W
2026/09/20 22:36:42.432, 2418 MHz, 0x0000000000000000, 75, 49.55 W
2026/09/20 22:36:43.432, 2418 MHz, 0x0000000000000000, 75, 50.20 W
2026/09/20 22:36:44.433, 2418 MHz, 0x0000000000000000, 74, 49.83 W
2026/09/20 22:36:45.433, 2418 MHz, 0x0000000000000000, 75, 49.66 W
2026/09/20 22:36:46.434, 2418 MHz, 0x0000000000000000, 75, 49.27 W
2026/09/20 22:36:47.434, 2418 MHz, 0x0000000000000000, 75, 48.80 W
2026/09/20 22:36:48.434, 2418 MHz, 0x0000000000000000, 75, 48.81 W
2026/09/20 22:36:49.435, 2418 MHz, 0x0000000000000000, 75, 49.40 W
2026/09/20 22:36:50.435, 2418 MHz, 0x0000000000000000, 75, 48.71 W
2026/09/20 22:36:51.435, 2418 MHz, 0x0000000000000000, 74, 48.78 W
2026/09/20 22:36:52.436, 2418 MHz, 0x0000000000000000, 75, 49.24 W
2026/09/20 22:36:53.436, 2418 MHz, 0x0000000000000000, 75, 48.89 W
2026/09/20 22:36:54.436, 2418 MHz, 0x0000000000000000, 75, 48.99 W
2026/09/20 22:36:55.437, 2405 MHz, 0x0000000000000000, 69, 35.42 W
2026/09/20 22:36:56.437, 2405 MHz, 0x0000000000000000, 69, 18.04 W
2026/09/20 22:36:57.438, 2411 MHz, 0x0000000000000000, 71, 25.45 W
2026/09/20 22:36:58.438, 2431 MHz, 0x0000000000000000, 71, 31.28 W
2026/09/20 22:36:59.438, 2437 MHz, 0x0000000000000000, 71, 38.31 W
2026/09/20 22:37:00.439, 2437 MHz, 0x0000000000000000, 71, 38.35 W
2026/09/20 22:37:01.439, 2437 MHz, 0x0000000000000000, 71, 38.26 W
2026/09/20 22:37:02.439, 2437 MHz, 0x0000000000000000, 71, 38.31 W
2026/09/20 22:37:03.440, 2437 MHz, 0x0000000000000000, 71, 38.31 W
2026/09/20 22:37:04.440, 2437 MHz, 0x0000000000000000, 71, 38.33 W
2026/09/20 22:37:05.440, 2437 MHz, 0x0000000000000000, 71, 38.32 W
2026/09/20 22:37:06.441, 2437 MHz, 0x0000000000000000, 71, 38.30 W
2026/09/20 22:37:07.441, 2437 MHz, 0x0000000000000000, 71, 38.34 W
2026/09/20 22:37:08.442, 2437 MHz, 0x0000000000000000, 71, 38.41 W
2026/09/20 22:37:09.442, 2437 MHz, 0x0000000000000000, 71, 38.38 W
2026/09/20 22:37:10.442, 2437 MHz, 0x0000000000000000, 71, 38.39 W
2026/09/20 22:37:11.443, 2437 MHz, 0x0000000000000000, 71, 37.98 W
2026/09/20 22:37:12.443, 2437 MHz, 0x0000000000000000, 71, 35.76 W
2026/09/20 22:37:13.444, 2437 MHz, 0x0000000000000000, 71, 36.17 W
2026/09/20 22:37:14.444, 2437 MHz, 0x0000000000000000, 71, 38.33 W
2026/09/20 22:37:15.444, 2437 MHz, 0x0000000000000000, 71, 38.35 W
2026/09/20 22:37:16.445, 2437 MHz, 0x0000000000000000, 71, 38.37 W
2026/09/20 22:37:17.445, 2437 MHz, 0x0000000000000000, 71, 38.28 W
2026/09/20 22:37:18.445, 2437 MHz, 0x0000000000000000, 71, 38.26 W
2026/09/20 22:37:19.446, 2437 MHz, 0x0000000000000000, 71, 38.33 W
2026/09/20 22:37:20.446, 2437 MHz, 0x0000000000000000, 71, 38.26 W
2026/09/20 22:37:21.446, 2437 MHz, 0x0000000000000000, 71, 38.32 W
2026/09/20 22:37:22.447, 2437 MHz, 0x0000000000000000, 71, 38.33 W
2026/09/20 22:37:23.447, 2437 MHz, 0x0000000000000000, 71, 38.32 W
2026/09/20 22:37:24.448, 2437 MHz, 0x0000000000000000, 71, 38.37 W
2026/09/20 22:37:25.449, 2437 MHz, 0x0000000000000000, 71, 38.27 W
2026/09/20 22:37:26.449, 2437 MHz, 0x0000000000000000, 71, 38.32 W
2026/09/20 22:37:27.449, 2437 MHz, 0x0000000000000000, 71, 38.29 W
2026/09/20 22:37:28.449, 2437 MHz, 0x0000000000000000, 71, 38.26 W
2026/09/20 22:37:29.450, 2437 MHz, 0x0000000000000000, 71, 38.31 W
2026/09/20 22:37:30.450, 2437 MHz, 0x0000000000000000, 71, 38.32 W
2026/09/20 22:37:31.450, 2437 MHz, 0x0000000000000000, 71, 38.28 W
2026/09/20 22:37:32.450, 2405 MHz, 0x0000000000000000, 68, 29.97 W
2026/09/20 22:37:33.451, 2405 MHz, 0x0000000000000000, 67, 17.74 W
2026/09/20 22:37:34.451, 2411 MHz, 0x0000000000000000, 67, 22.80 W
2026/09/20 22:37:35.451, 2418 MHz, 0x0000000000000000, 72, 46.28 W
2026/09/20 22:37:36.452, 2418 MHz, 0x0000000000000000, 73, 48.68 W
2026/09/20 22:37:37.452, 2418 MHz, 0x0000000000000000, 73, 48.57 W
2026/09/20 22:37:38.452, 2418 MHz, 0x0000000000000000, 73, 48.73 W
2026/09/20 22:37:39.453, 2418 MHz, 0x0000000000000000, 73, 49.36 W
2026/09/20 22:37:40.453, 2418 MHz, 0x0000000000000000, 73, 48.96 W
2026/09/20 22:37:41.454, 2418 MHz, 0x0000000000000000, 73, 48.95 W
2026/09/20 22:37:42.454, 2418 MHz, 0x0000000000000000, 74, 49.37 W
2026/09/20 22:37:43.455, 2418 MHz, 0x0000000000000000, 73, 49.61 W
2026/09/20 22:37:44.455, 2418 MHz, 0x0000000000000000, 74, 49.44 W
2026/09/20 22:37:45.455, 2418 MHz, 0x0000000000000000, 74, 49.19 W
2026/09/20 22:37:46.456, 2418 MHz, 0x0000000000000000, 73, 46.39 W
2026/09/20 22:37:47.456, 2418 MHz, 0x0000000000000000, 73, 45.68 W
2026/09/20 22:37:48.456, 2418 MHz, 0x0000000000000000, 74, 48.35 W
2026/09/20 22:37:49.457, 2418 MHz, 0x0000000000000000, 74, 49.47 W
2026/09/20 22:37:50.457, 2418 MHz, 0x0000000000000000, 74, 49.81 W
2026/09/20 22:37:51.457, 2418 MHz, 0x0000000000000000, 74, 50.06 W
2026/09/20 22:37:52.457, 2418 MHz, 0x0000000000000000, 74, 50.36 W
2026/09/20 22:37:53.458, 2418 MHz, 0x0000000000000000, 75, 50.55 W
2026/09/20 22:37:54.458, 2418 MHz, 0x0000000000000000, 74, 50.37 W
2026/09/20 22:37:55.458, 2418 MHz, 0x0000000000000000, 75, 50.48 W
2026/09/20 22:37:56.459, 2418 MHz, 0x0000000000000000, 75, 50.38 W
2026/09/20 22:37:57.459, 2418 MHz, 0x0000000000000000, 75, 50.28 W
2026/09/20 22:37:58.459, 2418 MHz, 0x0000000000000000, 75, 50.25 W
2026/09/20 22:37:59.460, 2418 MHz, 0x0000000000000000, 75, 50.52 W
2026/09/20 22:38:00.460, 2418 MHz, 0x0000000000000000, 75, 50.38 W
2026/09/20 22:38:01.461, 2418 MHz, 0x0000000000000000, 75, 50.71 W
2026/09/20 22:38:02.461, 2418 MHz, 0x0000000000000000, 75, 50.36 W
2026/09/20 22:38:03.462, 2418 MHz, 0x0000000000000000, 75, 49.92 W
2026/09/20 22:38:04.462, 2418 MHz, 0x0000000000000000, 75, 49.63 W
2026/09/20 22:38:05.462, 2418 MHz, 0x0000000000000000, 75, 50.10 W
2026/09/20 22:38:06.462, 2418 MHz, 0x0000000000000000, 75, 50.33 W
2026/09/20 22:38:07.463, 2418 MHz, 0x0000000000000000, 75, 50.27 W
2026/09/20 22:38:08.463, 2418 MHz, 0x0000000000000000, 74, 50.40 W
2026/09/20 22:38:09.463, 2411 MHz, 0x0000000000000000, 70, 44.61 W
2026/09/20 22:38:10.464, 2405 MHz, 0x0000000000000000, 68, 17.99 W
2026/09/20 22:38:11.464, 2424 MHz, 0x0000000000000000, 72, 25.91 W
2026/09/20 22:38:12.465, 2418 MHz, 0x0000000000000000, 70, 35.07 W
2026/09/20 22:38:13.465, 2437 MHz, 0x0000000000000000, 71, 36.58 W
2026/09/20 22:38:14.465, 2437 MHz, 0x0000000000000000, 71, 38.58 W
2026/09/20 22:38:15.466, 2437 MHz, 0x0000000000000000, 71, 38.57 W
2026/09/20 22:38:16.466, 2437 MHz, 0x0000000000000000, 71, 38.57 W
2026/09/20 22:38:17.467, 2437 MHz, 0x0000000000000000, 71, 38.54 W
2026/09/20 22:38:18.467, 2437 MHz, 0x0000000000000000, 71, 38.50 W
2026/09/20 22:38:19.467, 2437 MHz, 0x0000000000000000, 71, 38.59 W
2026/09/20 22:38:20.468, 2437 MHz, 0x0000000000000000, 71, 36.95 W
2026/09/20 22:38:21.468, 2437 MHz, 0x0000000000000000, 71, 35.72 W
2026/09/20 22:38:22.468, 2437 MHz, 0x0000000000000000, 71, 37.63 W
2026/09/20 22:38:23.469, 2437 MHz, 0x0000000000000000, 71, 38.61 W
2026/09/20 22:38:24.469, 2437 MHz, 0x0000000000000000, 71, 38.67 W
2026/09/20 22:38:25.470, 2437 MHz, 0x0000000000000000, 71, 38.64 W
2026/09/20 22:38:26.470, 2437 MHz, 0x0000000000000000, 71, 38.55 W
2026/09/20 22:38:27.470, 2437 MHz, 0x0000000000000000, 71, 38.64 W
2026/09/20 22:38:28.470, 2437 MHz, 0x0000000000000000, 71, 38.57 W
2026/09/20 22:38:29.471, 2437 MHz, 0x0000000000000000, 71, 38.62 W
2026/09/20 22:38:30.471, 2437 MHz, 0x0000000000000000, 71, 38.61 W
2026/09/20 22:38:31.472, 2437 MHz, 0x0000000000000000, 71, 38.58 W
2026/09/20 22:38:32.472, 2437 MHz, 0x0000000000000000, 71, 38.63 W
2026/09/20 22:38:33.472, 2437 MHz, 0x0000000000000000, 71, 38.54 W
2026/09/20 22:38:34.473, 2437 MHz, 0x0000000000000000, 71, 38.52 W
2026/09/20 22:38:35.473, 2437 MHz, 0x0000000000000000, 71, 38.57 W
2026/09/20 22:38:36.473, 2437 MHz, 0x0000000000000000, 71, 38.63 W
2026/09/20 22:38:37.474, 2437 MHz, 0x0000000000000000, 71, 38.56 W
2026/09/20 22:38:38.474, 2437 MHz, 0x0000000000000000, 71, 38.57 W
2026/09/20 22:38:39.475, 2437 MHz, 0x0000000000000000, 71, 38.62 W
2026/09/20 22:38:40.475, 2437 MHz, 0x0000000000000000, 71, 38.53 W
2026/09/20 22:38:41.475, 2437 MHz, 0x0000000000000000, 71, 38.60 W
2026/09/20 22:38:42.476, 2437 MHz, 0x0000000000000000, 71, 38.56 W
2026/09/20 22:38:43.476, 2437 MHz, 0x0000000000000000, 71, 38.61 W
2026/09/20 22:38:44.476, 2437 MHz, 0x0000000000000000, 71, 38.60 W
2026/09/20 22:38:45.477, 2437 MHz, 0x0000000000000000, 71, 38.70 W
2026/09/20 22:38:46.477, 2437 MHz, 0x0000000000000000, 71, 38.55 W
2026/09/20 22:38:47.478, 2405 MHz, 0x0000000000000000, 67, 21.78 W
2026/09/20 22:38:48.478, 2405 MHz, 0x0000000000000000, 66, 17.65 W
2026/09/20 22:38:49.478, 2431 MHz, 0x0000000000000000, 71, 35.50 W
2026/09/20 22:38:50.479, 2418 MHz, 0x0000000000000000, 70, 37.14 W
2026/09/20 22:38:51.480, 2418 MHz, 0x0000000000000000, 72, 40.29 W
2026/09/20 22:38:52.480, 2418 MHz, 0x0000000000000000, 73, 49.43 W
2026/09/20 22:38:53.480, 2418 MHz, 0x0000000000000000, 72, 49.44 W
2026/09/20 22:38:54.481, 2418 MHz, 0x0000000000000000, 72, 47.90 W
2026/09/20 22:38:55.481, 2418 MHz, 0x0000000000000000, 71, 44.91 W
2026/09/20 22:38:56.481, 2418 MHz, 0x0000000000000000, 73, 45.83 W
2026/09/20 22:38:57.482, 2418 MHz, 0x0000000000000000, 73, 49.45 W
2026/09/20 22:38:58.482, 2418 MHz, 0x0000000000000000, 74, 49.41 W
2026/09/20 22:38:59.483, 2418 MHz, 0x0000000000000000, 74, 49.69 W
2026/09/20 22:39:00.483, 2418 MHz, 0x0000000000000000, 74, 49.74 W
2026/09/20 22:39:01.483, 2418 MHz, 0x0000000000000000, 74, 50.00 W
2026/09/20 22:39:02.484, 2418 MHz, 0x0000000000000000, 74, 49.99 W
2026/09/20 22:39:03.484, 2418 MHz, 0x0000000000000000, 74, 49.90 W
2026/09/20 22:39:04.485, 2418 MHz, 0x0000000000000000, 74, 50.07 W
2026/09/20 22:39:05.485, 2418 MHz, 0x0000000000000000, 74, 50.44 W
2026/09/20 22:39:06.486, 2418 MHz, 0x0000000000000000, 75, 50.42 W
2026/09/20 22:39:07.486, 2418 MHz, 0x0000000000000000, 75, 50.80 W
2026/09/20 22:39:08.486, 2418 MHz, 0x0000000000000000, 75, 50.67 W
2026/09/20 22:39:09.487, 2418 MHz, 0x0000000000000000, 75, 50.38 W
2026/09/20 22:39:10.487, 2418 MHz, 0x0000000000000000, 75, 50.24 W
2026/09/20 22:39:11.488, 2418 MHz, 0x0000000000000000, 75, 49.97 W
2026/09/20 22:39:12.488, 2418 MHz, 0x0000000000000000, 75, 49.71 W
2026/09/20 22:39:13.489, 2418 MHz, 0x0000000000000000, 75, 49.78 W
2026/09/20 22:39:14.489, 2418 MHz, 0x0000000000000000, 75, 49.84 W
2026/09/20 22:39:15.490, 2418 MHz, 0x0000000000000000, 75, 50.17 W
2026/09/20 22:39:16.490, 2418 MHz, 0x0000000000000000, 75, 49.94 W
2026/09/20 22:39:17.491, 2418 MHz, 0x0000000000000000, 75, 50.03 W
2026/09/20 22:39:18.491, 2418 MHz, 0x0000000000000000, 75, 49.61 W
2026/09/20 22:39:19.492, 2418 MHz, 0x0000000000000000, 75, 49.95 W
2026/09/20 22:39:20.492, 2418 MHz, 0x0000000000000000, 74, 50.44 W
2026/09/20 22:39:21.493, 2418 MHz, 0x0000000000000000, 75, 50.31 W
2026/09/20 22:39:22.493, 2418 MHz, 0x0000000000000000, 75, 50.28 W
2026/09/20 22:39:23.493, 2418 MHz, 0x0000000000000000, 76, 50.68 W
2026/09/20 22:39:24.494, 2418 MHz, 0x0000000000000000, 75, 50.78 W
2026/09/20 22:39:25.494, 2405 MHz, 0x0000000000000000, 69, 33.66 W
2026/09/20 22:39:26.494, 2405 MHz, 0x0000000000000000, 68, 18.04 W
2026/09/20 22:39:27.495, 2411 MHz, 0x0000000000000000, 69, 27.73 W
2026/09/20 22:39:28.495, 2418 MHz, 0x0000000000000000, 69, 30.16 W
2026/09/20 22:39:29.495, 2437 MHz, 0x0000000000000000, 71, 41.75 W
2026/09/20 22:39:30.496, 2437 MHz, 0x0000000000000000, 71, 39.30 W
2026/09/20 22:39:31.496, 2437 MHz, 0x0000000000000000, 72, 39.33 W
2026/09/20 22:39:32.497, 2437 MHz, 0x0000000000000000, 72, 39.31 W
2026/09/20 22:39:33.497, 2437 MHz, 0x0000000000000000, 72, 39.40 W
2026/09/20 22:39:34.497, 2437 MHz, 0x0000000000000000, 72, 39.35 W
2026/09/20 22:39:35.498, 2437 MHz, 0x0000000000000000, 72, 39.32 W
2026/09/20 22:39:36.498, 2437 MHz, 0x0000000000000000, 72, 39.31 W
2026/09/20 22:39:37.498, 2437 MHz, 0x0000000000000000, 72, 39.34 W
2026/09/20 22:39:38.499, 2437 MHz, 0x0000000000000000, 72, 39.35 W
2026/09/20 22:39:39.499, 2437 MHz, 0x0000000000000000, 71, 39.30 W
2026/09/20 22:39:40.499, 2437 MHz, 0x0000000000000000, 71, 39.37 W
2026/09/20 22:39:41.499, 2437 MHz, 0x0000000000000000, 71, 39.30 W
2026/09/20 22:39:42.500, 2437 MHz, 0x0000000000000000, 72, 39.27 W
2026/09/20 22:39:43.500, 2437 MHz, 0x0000000000000000, 72, 39.29 W
2026/09/20 22:39:44.501, 2437 MHz, 0x0000000000000000, 71, 39.29 W
2026/09/20 22:39:45.501, 2437 MHz, 0x0000000000000000, 72, 39.36 W
2026/09/20 22:39:46.502, 2437 MHz, 0x0000000000000000, 72, 39.33 W
2026/09/20 22:39:47.502, 2437 MHz, 0x0000000000000000, 71, 39.27 W
2026/09/20 22:39:48.502, 2437 MHz, 0x0000000000000000, 72, 39.31 W
2026/09/20 22:39:49.503, 2437 MHz, 0x0000000000000000, 72, 39.31 W
2026/09/20 22:39:50.503, 2437 MHz, 0x0000000000000000, 72, 39.26 W
2026/09/20 22:39:51.503, 2437 MHz, 0x0000000000000000, 72, 39.21 W
2026/09/20 22:39:52.503, 2437 MHz, 0x0000000000000000, 72, 39.25 W
2026/09/20 22:39:53.504, 2437 MHz, 0x0000000000000000, 71, 39.32 W
2026/09/20 22:39:54.504, 2437 MHz, 0x0000000000000000, 72, 39.29 W
2026/09/20 22:39:55.504, 2437 MHz, 0x0000000000000000, 71, 39.28 W
2026/09/20 22:39:56.504, 2437 MHz, 0x0000000000000000, 72, 39.26 W
2026/09/20 22:39:57.505, 2437 MHz, 0x0000000000000000, 72, 39.21 W
2026/09/20 22:39:58.505, 2437 MHz, 0x0000000000000000, 72, 39.31 W
2026/09/20 22:39:59.506, 2437 MHz, 0x0000000000000000, 72, 39.24 W
2026/09/20 22:40:00.506, 2437 MHz, 0x0000000000000000, 72, 39.28 W
2026/09/20 22:40:01.507, 2437 MHz, 0x0000000000000000, 71, 38.43 W
2026/09/20 22:40:02.507, 2437 MHz, 0x0000000000000000, 71, 36.01 W
2026/09/20 22:40:03.507, 2405 MHz, 0x0000000000000000, 67, 20.25 W
2026/09/20 22:40:04.508, 2405 MHz, 0x0000000000000000, 67, 17.64 W
2026/09/20 22:40:05.508, 2405 MHz, 0x0000000000000000, 67, 27.12 W
2026/09/20 22:40:06.509, 2431 MHz, 0x0000000000000000, 70, 39.87 W
2026/09/20 22:40:07.509, 2418 MHz, 0x0000000000000000, 67, 30.98 W
2026/09/20 22:40:08.509, 2411 MHz, 0x0000000000000000, 68, 19.83 W
2026/09/20 22:40:09.510, 2418 MHz, 0x0000000000000000, 72, 39.24 W
2026/09/20 22:40:10.510, 2418 MHz, 0x0000000000000000, 73, 50.17 W
2026/09/20 22:40:11.510, 2418 MHz, 0x0000000000000000, 73, 50.39 W
2026/09/20 22:40:12.511, 2418 MHz, 0x0000000000000000, 72, 49.92 W
2026/09/20 22:40:13.511, 2418 MHz, 0x0000000000000000, 73, 49.90 W
2026/09/20 22:40:14.512, 2418 MHz, 0x0000000000000000, 74, 50.49 W
2026/09/20 22:40:15.512, 2418 MHz, 0x0000000000000000, 74, 50.50 W
2026/09/20 22:40:16.513, 2418 MHz, 0x0000000000000000, 74, 50.28 W
2026/09/20 22:40:17.513, 2418 MHz, 0x0000000000000000, 74, 50.40 W
2026/09/20 22:40:18.514, 2418 MHz, 0x0000000000000000, 74, 50.52 W
2026/09/20 22:40:19.514, 2418 MHz, 0x0000000000000000, 74, 50.51 W
2026/09/20 22:40:20.515, 2418 MHz, 0x0000000000000000, 74, 50.68 W
2026/09/20 22:40:21.515, 2418 MHz, 0x0000000000000000, 74, 51.00 W
2026/09/20 22:40:22.515, 2418 MHz, 0x0000000000000000, 75, 51.20 W
2026/09/20 22:40:23.516, 2418 MHz, 0x0000000000000000, 74, 51.16 W
2026/09/20 22:40:24.516, 2418 MHz, 0x0000000000000000, 74, 50.91 W
2026/09/20 22:40:25.517, 2418 MHz, 0x0000000000000000, 75, 50.99 W
2026/09/20 22:40:26.517, 2418 MHz, 0x0000000000000000, 75, 50.99 W
2026/09/20 22:40:27.518, 2418 MHz, 0x0000000000000000, 74, 51.31 W
2026/09/20 22:40:28.518, 2418 MHz, 0x0000000000000000, 75, 51.46 W
2026/09/20 22:40:29.519, 2418 MHz, 0x0000000000000000, 75, 51.39 W
2026/09/20 22:40:30.519, 2418 MHz, 0x0000000000000000, 75, 51.26 W
2026/09/20 22:40:31.519, 2418 MHz, 0x0000000000000000, 75, 51.73 W
2026/09/20 22:40:32.520, 2418 MHz, 0x0000000000000000, 74, 51.52 W
2026/09/20 22:40:33.520, 2418 MHz, 0x0000000000000000, 75, 51.42 W
2026/09/20 22:40:34.521, 2418 MHz, 0x0000000000000000, 74, 51.45 W
2026/09/20 22:40:35.521, 2418 MHz, 0x0000000000000000, 75, 51.64 W
2026/09/20 22:40:36.521, 2418 MHz, 0x0000000000000000, 76, 51.55 W
2026/09/20 22:40:37.522, 2418 MHz, 0x0000000000000000, 75, 51.49 W
2026/09/20 22:40:38.522, 2418 MHz, 0x0000000000000000, 75, 51.63 W
2026/09/20 22:40:39.523, 2418 MHz, 0x0000000000000000, 75, 51.64 W
2026/09/20 22:40:40.523, 2418 MHz, 0x0000000000000000, 75, 50.06 W
2026/09/20 22:40:41.524, 2418 MHz, 0x0000000000000000, 75, 46.46 W
2026/09/20 22:40:42.524, 2418 MHz, 0x0000000000000000, 74, 46.29 W
2026/09/20 22:40:43.525, 2411 MHz, 0x0000000000000000, 70, 44.42 W
2026/09/20 22:40:44.526, 2405 MHz, 0x0000000000000000, 69, 18.06 W
2026/09/20 22:40:45.526, 2437 MHz, 0x0000000000000000, 71, 25.36 W
2026/09/20 22:40:46.527, 2437 MHz, 0x0000000000000000, 73, 36.72 W
2026/09/20 22:40:47.527, 2437 MHz, 0x0000000000000000, 71, 39.03 W
2026/09/20 22:40:48.527, 2437 MHz, 0x0000000000000000, 71, 35.36 W
2026/09/20 22:40:49.527, 2437 MHz, 0x0000000000000000, 71, 36.63 W
2026/09/20 22:40:50.528, 2418 MHz, 0x0000000000000000, 71, 37.88 W
2026/09/20 22:40:51.528, 2437 MHz, 0x0000000000000000, 73, 37.62 W
2026/09/20 22:40:52.529, 2437 MHz, 0x0000000000000000, 71, 37.98 W
2026/09/20 22:40:53.529, 2437 MHz, 0x0000000000000000, 71, 35.38 W
2026/09/20 22:40:54.530, 2437 MHz, 0x0000000000000000, 71, 36.66 W
2026/09/20 22:40:55.530, 2437 MHz, 0x0000000000000000, 71, 37.89 W
2026/09/20 22:40:56.530, 2437 MHz, 0x0000000000000000, 72, 37.78 W
2026/09/20 22:40:57.531, 2437 MHz, 0x0000000000000000, 70, 36.78 W
2026/09/20 22:40:58.531, 2437 MHz, 0x0000000000000000, 71, 36.28 W
2026/09/20 22:40:59.532, 2437 MHz, 0x0000000000000000, 70, 35.39 W
2026/09/20 22:41:00.532, 2418 MHz, 0x0000000000000000, 70, 30.13 W
2026/09/20 22:41:01.533, 2437 MHz, 0x0000000000000000, 71, 36.53 W
2026/09/20 22:41:02.533, 2424 MHz, 0x0000000000000000, 73, 41.15 W
2026/09/20 22:41:03.534, 2418 MHz, 0x0000000000000000, 73, 51.52 W
2026/09/20 22:41:04.534, 2431 MHz, 0x0000000000000000, 71, 43.79 W
2026/09/20 22:41:05.534, 2405 MHz, 0x0000000000000000, 67, 17.92 W
2026/09/20 22:41:06.534, 2405 MHz, 0x0000000000000000, 67, 17.69 W
2026/09/20 22:41:07.535, 2405 MHz, 0x0000000000000000, 66, 17.60 W
