timestamp, clocks.current.sm [MHz], clocks_event_reasons.active, temperature.gpu, power.draw [W]
2026/09/20 22:09:22.741, 2405 MHz, 0x0000000000000000, 49, 10.19 W
2026/09/20 22:09:23.746, 1534 MHz, 0x0000000000000000, 49, 10.27 W
2026/09/20 22:09:24.747, 208 MHz, 0x0000000000000000, 49, 5.53 W
2026/09/20 22:09:25.747, 2405 MHz, 0x0000000000000000, 49, 9.69 W
2026/09/20 22:09:26.747, 2405 MHz, 0x0000000000000000, 49, 11.60 W
2026/09/20 22:09:27.748, 448 MHz, 0x0000000000000000, 49, 9.94 W
2026/09/20 22:09:28.749, 208 MHz, 0x0000000000000000, 49, 5.53 W
2026/09/20 22:09:29.750, 208 MHz, 0x0000000000000000, 49, 5.52 W
2026/09/20 22:09:30.751, 208 MHz, 0x0000000000000000, 49, 4.97 W
2026/09/20 22:09:31.751, 208 MHz, 0x0000000000000000, 49, 5.01 W
2026/09/20 22:09:32.752, 208 MHz, 0x0000000000000000, 49, 5.00 W
2026/09/20 22:09:33.752, 208 MHz, 0x0000000000000000, 49, 4.93 W
2026/09/20 22:09:34.752, 208 MHz, 0x0000000000000004, 49, 4.85 W
2026/09/20 22:09:35.752, 208 MHz, 0x0000000000000000, 49, 4.89 W
2026/09/20 22:09:36.753, 208 MHz, 0x0000000000000004, 49, 4.90 W
2026/09/20 22:09:37.753, 208 MHz, 0x0000000000000000, 49, 4.91 W
2026/09/20 22:09:38.754, 208 MHz, 0x0000000000000004, 49, 4.91 W
2026/09/20 22:09:39.755, 208 MHz, 0x0000000000000000, 49, 4.85 W
2026/09/20 22:09:40.756, 208 MHz, 0x0000000000000004, 49, 4.86 W
2026/09/20 22:09:41.756, 208 MHz, 0x0000000000000000, 49, 4.92 W
2026/09/20 22:09:42.757, 208 MHz, 0x0000000000000004, 49, 4.91 W
2026/09/20 22:09:43.758, 208 MHz, 0x0000000000000000, 49, 4.99 W
2026/09/20 22:09:44.759, 214 MHz, 0x0000000000000000, 49, 5.00 W
2026/09/20 22:09:45.759, 208 MHz, 0x0000000000000000, 49, 4.90 W
2026/09/20 22:09:46.759, 208 MHz, 0x0000000000000004, 49, 4.98 W
2026/09/20 22:09:47.760, 208 MHz, 0x0000000000000000, 49, 4.95 W
2026/09/20 22:09:48.760, 208 MHz, 0x0000000000000004, 49, 4.94 W
2026/09/20 22:09:49.760, 208 MHz, 0x0000000000000000, 49, 4.97 W
2026/09/20 22:09:50.761, 214 MHz, 0x0000000000000000, 49, 5.01 W
2026/09/20 22:09:51.761, 208 MHz, 0x0000000000000000, 49, 5.05 W
2026/09/20 22:09:52.762, 208 MHz, 0x0000000000000000, 49, 5.05 W
2026/09/20 22:09:53.762, 208 MHz, 0x0000000000000000, 49, 5.02 W
2026/09/20 22:09:54.763, 208 MHz, 0x0000000000000004, 49, 5.01 W
2026/09/20 22:09:55.763, 208 MHz, 0x0000000000000000, 49, 5.01 W
2026/09/20 22:09:56.764, 208 MHz, 0x0000000000000004, 49, 4.98 W
2026/09/20 22:09:57.764, 208 MHz, 0x0000000000000000, 49, 4.96 W
2026/09/20 22:09:58.765, 214 MHz, 0x0000000000000000, 49, 5.01 W
2026/09/20 22:09:59.765, 208 MHz, 0x0000000000000000, 49, 4.95 W
2026/09/20 22:10:00.766, 208 MHz, 0x0000000000000004, 49, 4.96 W
2026/09/20 22:10:01.767, 208 MHz, 0x0000000000000000, 49, 5.03 W
2026/09/20 22:10:02.767, 208 MHz, 0x0000000000000004, 49, 5.03 W
2026/09/20 22:10:03.768, 208 MHz, 0x0000000000000000, 49, 4.99 W
2026/09/20 22:10:04.769, 208 MHz, 0x0000000000000004, 49, 5.01 W
2026/09/20 22:10:05.770, 208 MHz, 0x0000000000000000, 49, 5.00 W
2026/09/20 22:10:06.771, 208 MHz, 0x0000000000000004, 49, 4.96 W
2026/09/20 22:10:07.771, 208 MHz, 0x0000000000000000, 49, 4.98 W
2026/09/20 22:10:08.772, 208 MHz, 0x0000000000000004, 49, 4.97 W
2026/09/20 22:10:09.773, 208 MHz, 0x0000000000000000, 49, 4.95 W
2026/09/20 22:10:10.774, 208 MHz, 0x0000000000000004, 49, 4.95 W
2026/09/20 22:10:11.774, 208 MHz, 0x0000000000000000, 49, 4.96 W
2026/09/20 22:10:12.775, 208 MHz, 0x0000000000000004, 49, 4.99 W
2026/09/20 22:10:13.775, 208 MHz, 0x0000000000000000, 49, 5.01 W
2026/09/20 22:10:14.776, 208 MHz, 0x0000000000000004, 49, 4.92 W
2026/09/20 22:10:15.776, 208 MHz, 0x0000000000000000, 49, 4.94 W
2026/09/20 22:10:16.776, 2405 MHz, 0x0000000000000000, 49, 10.13 W
2026/09/20 22:10:17.777, 2424 MHz, 0x0000000000000000, 50, 11.66 W
2026/09/20 22:10:18.777, 2411 MHz, 0x0000000000000000, 50, 11.62 W
2026/09/20 22:10:19.778, 2418 MHz, 0x0000000000000000, 50, 11.74 W
2026/09/20 22:10:20.778, 2405 MHz, 0x0000000000000000, 50, 12.25 W
2026/09/20 22:10:21.779, 2431 MHz, 0x0000000000000000, 50, 14.14 W
2026/09/20 22:10:22.779, 2431 MHz, 0x0000000000000000, 50, 14.16 W
2026/09/20 22:10:23.779, 2405 MHz, 0x0000000000000000, 50, 13.31 W
2026/09/20 22:10:24.780, 2405 MHz, 0x0000000000000000, 50, 12.59 W
2026/09/20 22:10:25.781, 2405 MHz, 0x0000000000000000, 51, 11.99 W
2026/09/20 22:10:26.781, 2411 MHz, 0x0000000000000000, 51, 12.34 W
2026/09/20 22:10:27.781, 2405 MHz, 0x0000000000000000, 51, 12.69 W
2026/09/20 22:10:28.782, 2411 MHz, 0x0000000000000000, 51, 11.74 W
2026/09/20 22:10:29.782, 2509 MHz, 0x0000000000000000, 51, 14.26 W
2026/09/20 22:10:30.783, 2535 MHz, 0x0000000000000000, 52, 19.25 W
2026/09/20 22:10:31.783, 2515 MHz, 0x0000000000000000, 52, 17.33 W
2026/09/20 22:10:32.784, 2502 MHz, 0x0000000000000000, 53, 16.92 W
2026/09/20 22:10:33.784, 2457 MHz, 0x0000000000000000, 52, 16.16 W
2026/09/20 22:10:34.785, 2450 MHz, 0x0000000000000000, 53, 15.93 W
2026/09/20 22:10:35.785, 2476 MHz, 0x0000000000000000, 53, 16.95 W
2026/09/20 22:10:36.785, 2522 MHz, 0x0000000000000000, 54, 19.06 W
2026/09/20 22:10:37.786, 2522 MHz, 0x0000000000000000, 54, 18.47 W
2026/09/20 22:10:38.786, 2502 MHz, 0x0000000000000000, 54, 17.38 W
2026/09/20 22:10:39.786, 2515 MHz, 0x0000000000000000, 54, 18.96 W
2026/09/20 22:10:40.787, 2483 MHz, 0x0000000000000000, 54, 17.48 W
2026/09/20 22:10:41.787, 2470 MHz, 0x0000000000000000, 54, 17.03 W
2026/09/20 22:10:42.787, 2489 MHz, 0x0000000000000000, 55, 18.30 W
2026/09/20 22:10:43.787, 2496 MHz, 0x0000000000000000, 55, 18.20 W
2026/09/20 22:10:44.788, 2496 MHz, 0x0000000000000000, 55, 18.37 W
2026/09/20 22:10:45.788, 2470 MHz, 0x0000000000000000, 55, 17.86 W
2026/09/20 22:10:46.788, 2450 MHz, 0x0000000000000000, 55, 15.88 W
2026/09/20 22:10:47.789, 2457 MHz, 0x0000000000000000, 55, 15.86 W
2026/09/20 22:10:48.789, 2476 MHz, 0x0000000000000000, 56, 17.73 W
2026/09/20 22:10:49.789, 2496 MHz, 0x0000000000000000, 56, 17.78 W
2026/09/20 22:10:50.790, 2502 MHz, 0x0000000000000000, 56, 17.53 W
2026/09/20 22:10:51.790, 2515 MHz, 0x0000000000000000, 56, 18.65 W
2026/09/20 22:10:52.790, 2509 MHz, 0x0000000000000000, 56, 19.05 W
2026/09/20 22:10:53.790, 2509 MHz, 0x0000000000000000, 57, 18.29 W
2026/09/20 22:10:54.790, 2502 MHz, 0x0000000000000000, 57, 18.51 W
2026/09/20 22:10:55.791, 2502 MHz, 0x0000000000000000, 57, 18.54 W
2026/09/20 22:10:56.791, 2502 MHz, 0x0000000000000000, 57, 18.77 W
2026/09/20 22:10:57.791, 2496 MHz, 0x0000000000000000, 57, 17.93 W
2026/09/20 22:10:58.791, 2502 MHz, 0x0000000000000000, 57, 18.04 W
2026/09/20 22:10:59.791, 2496 MHz, 0x0000000000000000, 57, 18.33 W
2026/09/20 22:11:00.791, 2496 MHz, 0x0000000000000000, 57, 17.98 W
2026/09/20 22:11:01.792, 2502 MHz, 0x0000000000000000, 57, 18.11 W
2026/09/20 22:11:02.792, 2515 MHz, 0x0000000000000000, 58, 19.31 W
2026/09/20 22:11:03.792, 2496 MHz, 0x0000000000000000, 58, 19.35 W
2026/09/20 22:11:04.792, 2437 MHz, 0x0000000000000000, 57, 16.08 W
2026/09/20 22:11:05.792, 2470 MHz, 0x0000000000000000, 58, 16.15 W
2026/09/20 22:11:06.793, 2457 MHz, 0x0000000000000000, 58, 17.11 W
2026/09/20 22:11:07.793, 2431 MHz, 0x0000000000000000, 57, 14.89 W
2026/09/20 22:11:08.793, 2470 MHz, 0x0000000000000000, 58, 16.02 W
2026/09/20 22:11:09.793, 2450 MHz, 0x0000000000000000, 58, 16.60 W
2026/09/20 22:11:10.794, 2437 MHz, 0x0000000000000000, 58, 15.06 W
2026/09/20 22:11:11.794, 2450 MHz, 0x0000000000000000, 58, 15.52 W
2026/09/20 22:11:12.794, 2496 MHz, 0x0000000000000000, 58, 18.72 W
2026/09/20 22:11:13.794, 2444 MHz, 0x0000000000000000, 58, 16.67 W
2026/09/20 22:11:14.795, 2470 MHz, 0x0000000000000000, 58, 16.28 W
2026/09/20 22:11:15.795, 2470 MHz, 0x0000000000000000, 58, 17.07 W
2026/09/20 22:11:16.795, 2496 MHz, 0x0000000000000000, 58, 18.35 W
2026/09/20 22:11:17.796, 2431 MHz, 0x0000000000000000, 58, 15.88 W
2026/09/20 22:11:18.796, 2450 MHz, 0x0000000000000000, 58, 17.04 W
2026/09/20 22:11:19.796, 2489 MHz, 0x0000000000000000, 59, 16.62 W
2026/09/20 22:11:20.796, 2450 MHz, 0x0000000000000000, 58, 17.00 W
2026/09/20 22:11:21.797, 2463 MHz, 0x0000000000000000, 59, 16.52 W
2026/09/20 22:11:22.797, 2444 MHz, 0x0000000000000000, 59, 16.85 W
2026/09/20 22:11:23.797, 2476 MHz, 0x0000000000000000, 59, 18.23 W
2026/09/20 22:11:24.798, 2509 MHz, 0x0000000000000000, 59, 19.36 W
2026/09/20 22:11:25.798, 2450 MHz, 0x0000000000000000, 59, 17.10 W
2026/09/20 22:11:26.798, 2450 MHz, 0x0000000000000000, 59, 15.37 W
2026/09/20 22:11:27.799, 2509 MHz, 0x0000000000000000, 60, 19.28 W
2026/09/20 22:11:28.799, 2496 MHz, 0x0000000000000000, 59, 18.44 W
2026/09/20 22:11:29.799, 2483 MHz, 0x0000000000000000, 59, 17.78 W
2026/09/20 22:11:30.800, 2476 MHz, 0x0000000000000000, 60, 18.46 W
2026/09/20 22:11:31.800, 2431 MHz, 0x0000000000000000, 59, 16.56 W
2026/09/20 22:11:32.801, 2489 MHz, 0x0000000000000000, 60, 18.65 W
2026/09/20 22:11:33.801, 2476 MHz, 0x0000000000000000, 60, 18.70 W
2026/09/20 22:11:34.802, 2496 MHz, 0x0000000000000000, 60, 18.76 W
2026/09/20 22:11:35.802, 2502 MHz, 0x0000000000000000, 60, 19.07 W
2026/09/20 22:11:36.802, 2496 MHz, 0x0000000000000000, 60, 19.70 W
2026/09/20 22:11:37.802, 2502 MHz, 0x0000000000000000, 61, 18.92 W
2026/09/20 22:11:38.802, 2489 MHz, 0x0000000000000000, 60, 18.68 W
2026/09/20 22:11:39.802, 2476 MHz, 0x0000000000000000, 61, 19.62 W
2026/09/20 22:11:40.802, 2483 MHz, 0x0000000000000000, 61, 17.86 W
2026/09/20 22:11:41.803, 2476 MHz, 0x0000000000000000, 61, 17.43 W
2026/09/20 22:11:42.803, 2457 MHz, 0x0000000000000000, 61, 17.26 W
2026/09/20 22:11:43.803, 2463 MHz, 0x0000000000000000, 61, 19.05 W
2026/09/20 22:11:44.803, 2405 MHz, 0x0000000000000000, 60, 13.07 W
2026/09/20 22:11:45.803, 2405 MHz, 0x0000000000000000, 60, 13.01 W
2026/09/20 22:11:46.804, 2405 MHz, 0x0000000000000000, 59, 12.94 W
2026/09/20 22:11:47.804, 2405 MHz, 0x0000000000000000, 59, 12.87 W
2026/09/20 22:11:48.805, 2509 MHz, 0x0000000000000000, 62, 25.67 W
2026/09/20 22:11:49.805, 2463 MHz, 0x0000000000000000, 60, 30.76 W
2026/09/20 22:11:50.806, 2496 MHz, 0x0000000000000000, 60, 15.91 W
2026/09/20 22:11:51.806, 2541 MHz, 0x0000000000000000, 61, 20.49 W
2026/09/20 22:11:52.807, 2437 MHz, 0x0000000000000000, 60, 17.12 W
2026/09/20 22:11:53.807, 2457 MHz, 0x0000000000000000, 60, 17.69 W
2026/09/20 22:11:54.807, 2496 MHz, 0x0000000000000000, 61, 19.21 W
2026/09/20 22:11:55.807, 2405 MHz, 0x0000000000000000, 60, 16.08 W
2026/09/20 22:11:56.807, 2405 MHz, 0x0000000000000000, 60, 15.20 W
2026/09/20 22:11:57.807, 2405 MHz, 0x0000000000000000, 59, 13.03 W
2026/09/20 22:11:58.807, 2405 MHz, 0x0000000000000000, 59, 12.94 W
2026/09/20 22:11:59.807, 2405 MHz, 0x0000000000000000, 59, 12.91 W
2026/09/20 22:12:00.808, 2405 MHz, 0x0000000000000000, 60, 13.12 W
2026/09/20 22:12:01.808, 2405 MHz, 0x0000000000000000, 60, 12.97 W
2026/09/20 22:12:02.808, 2405 MHz, 0x0000000000000000, 60, 13.03 W
2026/09/20 22:12:03.809, 2405 MHz, 0x0000000000000000, 60, 13.00 W
2026/09/20 22:12:04.809, 2405 MHz, 0x0000000000000000, 60, 12.99 W
2026/09/20 22:12:05.809, 2405 MHz, 0x0000000000000000, 60, 13.01 W
2026/09/20 22:12:06.809, 2405 MHz, 0x0000000000000000, 60, 13.14 W
2026/09/20 22:12:07.809, 2522 MHz, 0x0000000000000000, 61, 19.39 W
2026/09/20 22:12:08.809, 2398 MHz, 0x0000000000000000, 61, 15.64 W
2026/09/20 22:12:09.810, 2405 MHz, 0x0000000000000000, 61, 16.01 W
2026/09/20 22:12:10.810, 2489 MHz, 0x0000000000000000, 61, 15.13 W
2026/09/20 22:12:11.811, 2535 MHz, 0x0000000000000000, 62, 23.99 W
2026/09/20 22:12:12.812, 2535 MHz, 0x0000000000000000, 62, 21.71 W
2026/09/20 22:12:13.812, 2535 MHz, 0x0000000000000000, 62, 22.68 W
2026/09/20 22:12:14.813, 2528 MHz, 0x0000000000000000, 62, 22.62 W
2026/09/20 22:12:15.814, 2457 MHz, 0x0000000000000000, 61, 22.78 W
2026/09/20 22:12:16.815, 2509 MHz, 0x0000000000000000, 60, 23.29 W
2026/09/20 22:12:17.815, 2535 MHz, 0x0000000000000000, 61, 22.52 W
2026/09/20 22:12:18.815, 2535 MHz, 0x0000000000000000, 61, 22.86 W
2026/09/20 22:12:19.816, 2535 MHz, 0x0000000000000000, 61, 22.90 W
2026/09/20 22:12:20.816, 2463 MHz, 0x0000000000000000, 60, 22.88 W
2026/09/20 22:12:21.816, 2535 MHz, 0x0000000000000000, 61, 24.60 W
2026/09/20 22:12:22.817, 2431 MHz, 0x0000000000000000, 60, 14.68 W
2026/09/20 22:12:23.817, 2535 MHz, 0x0000000000000000, 61, 24.69 W
2026/09/20 22:12:24.818, 2535 MHz, 0x0000000000000000, 60, 22.98 W
2026/09/20 22:12:25.818, 2535 MHz, 0x0000000000000000, 60, 22.95 W
2026/09/20 22:12:26.819, 2535 MHz, 0x0000000000000000, 60, 23.17 W
2026/09/20 22:12:27.819, 2418 MHz, 0x0000000000000000, 60, 20.46 W
2026/09/20 22:12:28.820, 2535 MHz, 0x0000000000000000, 60, 24.86 W
2026/09/20 22:12:29.821, 2535 MHz, 0x0000000000000000, 60, 23.19 W
2026/09/20 22:12:30.821, 2535 MHz, 0x0000000000000000, 60, 23.14 W
2026/09/20 22:12:31.822, 2528 MHz, 0x0000000000000000, 60, 23.18 W
2026/09/20 22:12:32.823, 2431 MHz, 0x0000000000000000, 58, 22.23 W
2026/09/20 22:12:33.823, 2509 MHz, 0x0000000000000000, 63, 35.42 W
2026/09/20 22:12:34.824, 2509 MHz, 0x0000000000000000, 63, 41.44 W
2026/09/20 22:12:35.824, 2509 MHz, 0x0000000000000000, 63, 40.30 W
2026/09/20 22:12:36.825, 2509 MHz, 0x0000000000000000, 63, 41.61 W
2026/09/20 22:12:37.825, 2405 MHz, 0x0000000000000000, 60, 31.86 W
2026/09/20 22:12:38.825, 2405 MHz, 0x0000000000000000, 59, 13.06 W
2026/09/20 22:12:39.826, 2405 MHz, 0x0000000000000000, 59, 13.02 W
2026/09/20 22:12:40.826, 2405 MHz, 0x0000000000000000, 59, 12.97 W
2026/09/20 22:12:41.826, 2405 MHz, 0x0000000000000000, 58, 13.16 W
2026/09/20 22:12:42.827, 2405 MHz, 0x0000000000000000, 58, 13.01 W
2026/09/20 22:12:43.827, 2405 MHz, 0x0000000000000000, 58, 12.73 W
2026/09/20 22:12:44.827, 2405 MHz, 0x0000000000000000, 58, 13.27 W
2026/09/20 22:12:45.828, 2405 MHz, 0x0000000000000000, 58, 12.77 W
2026/09/20 22:12:46.828, 2437 MHz, 0x0000000000000000, 58, 13.53 W
2026/09/20 22:12:47.828, 2405 MHz, 0x0000000000000000, 58, 12.65 W
2026/09/20 22:12:48.829, 2405 MHz, 0x0000000000000000, 58, 12.65 W
2026/09/20 22:12:49.829, 2405 MHz, 0x0000000000000000, 58, 12.70 W
2026/09/20 22:12:50.830, 2405 MHz, 0x0000000000000000, 57, 12.68 W
2026/09/20 22:12:51.830, 2463 MHz, 0x0000000000000000, 57, 16.87 W
2026/09/20 22:12:52.831, 2405 MHz, 0x0000000000000000, 57, 13.01 W
2026/09/20 22:12:53.831, 2431 MHz, 0x0000000000000000, 58, 14.36 W
2026/09/20 22:12:54.831, 2405 MHz, 0x0000000000000000, 57, 16.35 W
2026/09/20 22:12:55.832, 2405 MHz, 0x0000000000000000, 57, 12.63 W
2026/09/20 22:12:56.833, 2405 MHz, 0x0000000000000000, 57, 18.89 W
2026/09/20 22:12:57.833, 2405 MHz, 0x0000000000000000, 57, 12.63 W
2026/09/20 22:12:58.834, 2502 MHz, 0x0000000000000000, 58, 15.96 W
2026/09/20 22:12:59.834, 2405 MHz, 0x0000000000000000, 57, 16.94 W
2026/09/20 22:13:00.834, 2405 MHz, 0x0000000000000000, 57, 12.55 W
2026/09/20 22:13:01.835, 2522 MHz, 0x0000000000000000, 60, 25.83 W
2026/09/20 22:13:02.835, 2405 MHz, 0x0000000000000000, 57, 23.20 W
2026/09/20 22:13:03.836, 2405 MHz, 0x0000000000000000, 57, 12.57 W
2026/09/20 22:13:04.837, 2405 MHz, 0x0000000000000000, 57, 12.54 W
2026/09/20 22:13:05.837, 2405 MHz, 0x0000000000000000, 57, 12.59 W
2026/09/20 22:13:06.837, 2405 MHz, 0x0000000000000000, 57, 12.74 W
2026/09/20 22:13:07.838, 2405 MHz, 0x0000000000000000, 57, 13.06 W
2026/09/20 22:13:08.839, 2502 MHz, 0x0000000000000000, 60, 23.48 W
2026/09/20 22:13:09.839, 2405 MHz, 0x0000000000000000, 57, 18.80 W
2026/09/20 22:13:10.840, 2405 MHz, 0x0000000000000000, 57, 12.58 W
2026/09/20 22:13:11.840, 2496 MHz, 0x0000000000000000, 67, 56.82 W
2026/09/20 22:13:12.840, 2405 MHz, 0x0000000000000000, 58, 12.78 W
2026/09/20 22:13:13.841, 2405 MHz, 0x0000000000000000, 57, 12.74 W
2026/09/20 22:13:14.842, 2405 MHz, 0x0000000000000000, 57, 12.73 W
2026/09/20 22:13:15.842, 2405 MHz, 0x0000000000000000, 57, 12.65 W
2026/09/20 22:13:16.842, 2405 MHz, 0x0000000000000000, 57, 12.64 W
2026/09/20 22:13:17.843, 2405 MHz, 0x0000000000000000, 57, 12.61 W
2026/09/20 22:13:18.843, 2405 MHz, 0x0000000000000000, 57, 12.64 W
2026/09/20 22:13:19.844, 2405 MHz, 0x0000000000000000, 57, 12.65 W
2026/09/20 22:13:20.845, 2405 MHz, 0x0000000000000000, 57, 12.66 W
2026/09/20 22:13:21.845, 2405 MHz, 0x0000000000000000, 57, 12.65 W
2026/09/20 22:13:22.846, 2405 MHz, 0x0000000000000000, 60, 15.18 W
2026/09/20 22:13:23.846, 2463 MHz, 0x0000000000000000, 58, 43.59 W
2026/09/20 22:13:24.846, 2405 MHz, 0x0000000000000000, 57, 12.67 W
2026/09/20 22:13:25.847, 2405 MHz, 0x0000000000000000, 57, 12.67 W
2026/09/20 22:13:26.847, 2405 MHz, 0x0000000000000000, 57, 12.97 W
2026/09/20 22:13:27.847, 2405 MHz, 0x0000000000000000, 57, 12.57 W
2026/09/20 22:13:28.847, 2405 MHz, 0x0000000000000000, 57, 12.63 W
2026/09/20 22:13:29.848, 2405 MHz, 0x0000000000000000, 57, 13.35 W
2026/09/20 22:13:30.848, 2450 MHz, 0x0000000000000000, 60, 19.71 W
2026/09/20 22:13:31.849, 2405 MHz, 0x0000000000000000, 57, 32.01 W
2026/09/20 22:13:32.849, 2405 MHz, 0x0000000000000000, 57, 12.65 W
2026/09/20 22:13:33.850, 2405 MHz, 0x0000000000000000, 57, 12.78 W
2026/09/20 22:13:34.850, 2405 MHz, 0x0000000000000000, 57, 13.06 W
2026/09/20 22:13:35.850, 2405 MHz, 0x0000000000000000, 57, 12.61 W
2026/09/20 22:13:36.851, 2405 MHz, 0x0000000000000000, 57, 12.65 W
2026/09/20 22:13:37.851, 2405 MHz, 0x0000000000000000, 57, 12.86 W
2026/09/20 22:13:38.852, 2405 MHz, 0x0000000000000000, 57, 12.66 W
2026/09/20 22:13:39.852, 2405 MHz, 0x0000000000000000, 57, 12.70 W
2026/09/20 22:13:40.853, 2405 MHz, 0x0000000000000000, 57, 12.62 W
2026/09/20 22:13:41.853, 2405 MHz, 0x0000000000000000, 57, 12.64 W
2026/09/20 22:13:42.853, 2405 MHz, 0x0000000000000000, 57, 12.64 W
2026/09/20 22:13:43.854, 2405 MHz, 0x0000000000000000, 56, 12.65 W
2026/09/20 22:13:44.854, 2405 MHz, 0x0000000000000000, 56, 12.68 W
2026/09/20 22:13:45.854, 2405 MHz, 0x0000000000000000, 56, 12.65 W
2026/09/20 22:13:46.855, 2405 MHz, 0x0000000000000000, 56, 12.66 W
2026/09/20 22:13:47.855, 2405 MHz, 0x0000000000000000, 56, 12.68 W
2026/09/20 22:13:48.855, 2405 MHz, 0x0000000000000000, 56, 12.68 W
2026/09/20 22:13:49.856, 2405 MHz, 0x0000000000000000, 56, 12.65 W
2026/09/20 22:13:50.856, 2405 MHz, 0x0000000000000000, 56, 12.67 W
2026/09/20 22:13:51.856, 2405 MHz, 0x0000000000000000, 56, 12.58 W
2026/09/20 22:13:52.857, 2405 MHz, 0x0000000000000000, 56, 13.44 W
2026/09/20 22:13:53.857, 2411 MHz, 0x0000000000000000, 56, 12.73 W
2026/09/20 22:13:54.857, 2411 MHz, 0x0000000000000000, 56, 12.78 W
2026/09/20 22:13:55.858, 2411 MHz, 0x0000000000000000, 56, 12.74 W
2026/09/20 22:13:56.858, 2411 MHz, 0x0000000000000000, 56, 12.71 W
2026/09/20 22:13:57.858, 2405 MHz, 0x0000000000000000, 56, 12.76 W
2026/09/20 22:13:58.858, 2405 MHz, 0x0000000000000000, 56, 12.81 W
2026/09/20 22:13:59.859, 2411 MHz, 0x0000000000000000, 56, 12.84 W
2026/09/20 22:14:00.859, 2411 MHz, 0x0000000000000000, 56, 12.70 W
2026/09/20 22:14:01.860, 2411 MHz, 0x0000000000000000, 56, 12.75 W
2026/09/20 22:14:02.861, 2405 MHz, 0x0000000000000000, 56, 12.77 W
2026/09/20 22:14:03.861, 2405 MHz, 0x0000000000000000, 56, 12.74 W
2026/09/20 22:14:04.862, 2405 MHz, 0x0000000000000000, 56, 12.79 W
2026/09/20 22:14:05.863, 2411 MHz, 0x0000000000000000, 56, 12.81 W
2026/09/20 22:14:06.863, 2405 MHz, 0x0000000000000000, 56, 12.76 W
2026/09/20 22:14:07.864, 2405 MHz, 0x0000000000000000, 59, 15.03 W
2026/09/20 22:14:08.864, 2405 MHz, 0x0000000000000000, 56, 17.16 W
2026/09/20 22:14:09.865, 2405 MHz, 0x0000000000000000, 56, 12.53 W
2026/09/20 22:14:10.865, 2411 MHz, 0x0000000000000000, 56, 12.51 W
2026/09/20 22:14:11.866, 2405 MHz, 0x0000000000000000, 56, 12.49 W
2026/09/20 22:14:12.866, 2405 MHz, 0x0000000000000000, 56, 12.54 W
2026/09/20 22:14:13.867, 2405 MHz, 0x0000000000000000, 56, 12.57 W
2026/09/20 22:14:14.867, 2405 MHz, 0x0000000000000000, 56, 12.61 W
2026/09/20 22:14:15.868, 2405 MHz, 0x0000000000000000, 56, 12.61 W
2026/09/20 22:14:16.868, 2405 MHz, 0x0000000000000000, 56, 12.67 W
2026/09/20 22:14:17.868, 2411 MHz, 0x0000000000000000, 56, 12.67 W
2026/09/20 22:14:18.869, 2405 MHz, 0x0000000000000000, 56, 12.54 W
2026/09/20 22:14:19.869, 2405 MHz, 0x0000000000000000, 56, 12.60 W
2026/09/20 22:14:20.870, 2405 MHz, 0x0000000000000000, 56, 12.53 W
2026/09/20 22:14:21.870, 2405 MHz, 0x0000000000000000, 56, 12.49 W
2026/09/20 22:14:22.871, 2411 MHz, 0x0000000000000000, 56, 14.05 W
2026/09/20 22:14:23.871, 2405 MHz, 0x0000000000000000, 56, 12.66 W
2026/09/20 22:14:24.871, 2405 MHz, 0x0000000000000000, 56, 12.63 W
2026/09/20 22:14:25.872, 2405 MHz, 0x0000000000000000, 56, 12.64 W
2026/09/20 22:14:26.872, 2405 MHz, 0x0000000000000000, 56, 12.65 W
2026/09/20 22:14:27.873, 2405 MHz, 0x0000000000000000, 56, 12.70 W
2026/09/20 22:14:28.873, 2411 MHz, 0x0000000000000000, 56, 12.70 W
2026/09/20 22:14:29.873, 2411 MHz, 0x0000000000000000, 56, 12.70 W
2026/09/20 22:14:30.874, 2411 MHz, 0x0000000000000000, 56, 12.69 W
2026/09/20 22:14:31.874, 2405 MHz, 0x0000000000000000, 56, 12.69 W
2026/09/20 22:14:32.875, 2405 MHz, 0x0000000000000000, 56, 12.72 W
2026/09/20 22:14:33.875, 2411 MHz, 0x0000000000000000, 56, 12.75 W
2026/09/20 22:14:34.875, 2411 MHz, 0x0000000000000000, 56, 12.70 W
2026/09/20 22:14:35.876, 2411 MHz, 0x0000000000000000, 56, 12.69 W
2026/09/20 22:14:36.876, 2411 MHz, 0x0000000000000000, 56, 12.68 W
2026/09/20 22:14:37.877, 2405 MHz, 0x0000000000000000, 56, 12.65 W
2026/09/20 22:14:38.877, 2411 MHz, 0x0000000000000000, 56, 12.66 W
2026/09/20 22:14:39.877, 2411 MHz, 0x0000000000000000, 56, 12.66 W
2026/09/20 22:14:40.878, 2411 MHz, 0x0000000000000000, 56, 12.69 W
2026/09/20 22:14:41.878, 2405 MHz, 0x0000000000000000, 56, 12.70 W
2026/09/20 22:14:42.878, 2405 MHz, 0x0000000000000000, 56, 12.78 W
2026/09/20 22:14:43.879, 2411 MHz, 0x0000000000000000, 56, 12.71 W
2026/09/20 22:14:44.879, 2411 MHz, 0x0000000000000000, 56, 12.72 W
2026/09/20 22:14:45.880, 2405 MHz, 0x0000000000000000, 56, 12.73 W
2026/09/20 22:14:46.880, 2405 MHz, 0x0000000000000000, 56, 12.73 W
2026/09/20 22:14:47.880, 2405 MHz, 0x0000000000000000, 56, 12.69 W
2026/09/20 22:14:48.880, 2405 MHz, 0x0000000000000000, 56, 12.81 W
2026/09/20 22:14:49.881, 2411 MHz, 0x0000000000000000, 56, 12.72 W
2026/09/20 22:14:50.881, 2411 MHz, 0x0000000000000000, 56, 12.68 W
2026/09/20 22:14:51.881, 2405 MHz, 0x0000000000000000, 56, 12.73 W
2026/09/20 22:14:52.882, 2405 MHz, 0x0000000000000000, 56, 12.76 W
2026/09/20 22:14:53.882, 2405 MHz, 0x0000000000000000, 56, 12.83 W
2026/09/20 22:14:54.883, 2411 MHz, 0x0000000000000000, 56, 12.78 W
2026/09/20 22:14:55.883, 2411 MHz, 0x0000000000000000, 56, 12.76 W
2026/09/20 22:14:56.884, 2405 MHz, 0x0000000000000000, 56, 12.77 W
2026/09/20 22:14:57.884, 2405 MHz, 0x0000000000000000, 56, 12.84 W
2026/09/20 22:14:58.884, 2411 MHz, 0x0000000000000000, 56, 12.78 W
2026/09/20 22:14:59.885, 2411 MHz, 0x0000000000000000, 56, 12.74 W
2026/09/20 22:15:00.885, 2411 MHz, 0x0000000000000000, 56, 12.67 W
2026/09/20 22:15:01.885, 2405 MHz, 0x0000000000000000, 56, 12.68 W
2026/09/20 22:15:02.886, 2405 MHz, 0x0000000000000000, 56, 12.87 W
2026/09/20 22:15:03.887, 2411 MHz, 0x0000000000000000, 56, 12.75 W
2026/09/20 22:15:04.888, 2411 MHz, 0x0000000000000000, 56, 12.68 W
2026/09/20 22:15:05.888, 2411 MHz, 0x0000000000000000, 56, 12.72 W
2026/09/20 22:15:06.889, 2405 MHz, 0x0000000000000000, 56, 12.69 W
2026/09/20 22:15:07.890, 2405 MHz, 0x0000000000000000, 56, 12.74 W
2026/09/20 22:15:08.890, 2411 MHz, 0x0000000000000000, 56, 12.73 W
2026/09/20 22:15:09.891, 2411 MHz, 0x0000000000000000, 56, 12.67 W
2026/09/20 22:15:10.891, 2411 MHz, 0x0000000000000000, 56, 12.70 W
2026/09/20 22:15:11.892, 2405 MHz, 0x0000000000000000, 56, 12.65 W
2026/09/20 22:15:12.893, 2405 MHz, 0x0000000000000000, 56, 12.70 W
2026/09/20 22:15:13.894, 2405 MHz, 0x0000000000000000, 56, 12.80 W
2026/09/20 22:15:14.895, 2411 MHz, 0x0000000000000000, 56, 12.68 W
2026/09/20 22:15:15.895, 2411 MHz, 0x0000000000000000, 56, 12.69 W
2026/09/20 22:15:16.895, 2411 MHz, 0x0000000000000000, 56, 12.65 W
2026/09/20 22:15:17.896, 2405 MHz, 0x0000000000000000, 56, 12.68 W
2026/09/20 22:15:18.897, 2405 MHz, 0x0000000000000000, 56, 12.65 W
2026/09/20 22:15:19.898, 2405 MHz, 0x0000000000000000, 56, 12.73 W
2026/09/20 22:15:20.898, 2411 MHz, 0x0000000000000000, 56, 12.69 W
2026/09/20 22:15:21.898, 2411 MHz, 0x0000000000000000, 56, 12.70 W
2026/09/20 22:15:22.899, 2411 MHz, 0x0000000000000000, 56, 12.72 W
2026/09/20 22:15:23.900, 2405 MHz, 0x0000000000000000, 56, 12.70 W
2026/09/20 22:15:24.901, 2405 MHz, 0x0000000000000000, 56, 12.69 W
2026/09/20 22:15:25.901, 2405 MHz, 0x0000000000000000, 56, 12.71 W
2026/09/20 22:15:26.902, 2411 MHz, 0x0000000000000000, 56, 12.65 W
2026/09/20 22:15:27.902, 2411 MHz, 0x0000000000000000, 55, 12.60 W
2026/09/20 22:15:28.903, 2411 MHz, 0x0000000000000000, 56, 12.66 W
2026/09/20 22:15:29.904, 2405 MHz, 0x0000000000000000, 55, 12.65 W
2026/09/20 22:15:30.905, 2405 MHz, 0x0000000000000000, 55, 12.62 W
2026/09/20 22:15:31.905, 2405 MHz, 0x0000000000000000, 56, 12.69 W
2026/09/20 22:15:32.906, 2411 MHz, 0x0000000000000000, 55, 12.62 W
2026/09/20 22:15:33.906, 2411 MHz, 0x0000000000000000, 55, 12.59 W
2026/09/20 22:15:34.907, 2411 MHz, 0x0000000000000000, 55, 12.65 W
2026/09/20 22:15:35.907, 2405 MHz, 0x0000000000000000, 55, 12.59 W
2026/09/20 22:15:36.908, 2405 MHz, 0x0000000000000000, 55, 12.60 W
2026/09/20 22:15:37.909, 2405 MHz, 0x0000000000000000, 55, 12.72 W
2026/09/20 22:15:38.910, 2411 MHz, 0x0000000000000000, 55, 12.59 W
2026/09/20 22:15:39.910, 2411 MHz, 0x0000000000000000, 55, 12.62 W
2026/09/20 22:15:40.910, 2411 MHz, 0x0000000000000000, 55, 12.62 W
2026/09/20 22:15:41.911, 2405 MHz, 0x0000000000000000, 55, 12.62 W
2026/09/20 22:15:42.911, 2405 MHz, 0x0000000000000000, 55, 12.59 W
2026/09/20 22:15:43.911, 2405 MHz, 0x0000000000000000, 55, 12.71 W
2026/09/20 22:15:44.912, 2411 MHz, 0x0000000000000000, 55, 12.64 W
2026/09/20 22:15:45.912, 2405 MHz, 0x0000000000000000, 55, 12.57 W
2026/09/20 22:15:46.913, 2411 MHz, 0x0000000000000000, 55, 12.60 W
2026/09/20 22:15:47.914, 2405 MHz, 0x0000000000000000, 55, 12.63 W
2026/09/20 22:15:48.914, 2405 MHz, 0x0000000000000000, 55, 12.59 W
2026/09/20 22:15:49.915, 2405 MHz, 0x0000000000000000, 55, 12.65 W
2026/09/20 22:15:50.916, 2411 MHz, 0x0000000000000000, 55, 12.60 W
2026/09/20 22:15:51.916, 2411 MHz, 0x0000000000000000, 55, 12.57 W
2026/09/20 22:15:52.917, 2405 MHz, 0x0000000000000000, 55, 18.87 W
2026/09/20 22:15:53.918, 2476 MHz, 0x0000000000000000, 57, 25.30 W
2026/09/20 22:15:54.918, 2405 MHz, 0x0000000000000000, 56, 18.88 W
2026/09/20 22:15:55.918, 2444 MHz, 0x0000000000000000, 61, 24.66 W
2026/09/20 22:15:56.919, 2431 MHz, 0x0000000000000000, 56, 15.47 W
2026/09/20 22:15:57.919, 2405 MHz, 0x0000000000000000, 57, 16.15 W
2026/09/20 22:15:58.920, 2535 MHz, 0x0000000000000000, 59, 39.46 W
2026/09/20 22:15:59.921, 2405 MHz, 0x0000000000000000, 56, 22.76 W
2026/09/20 22:16:00.921, 2405 MHz, 0x0000000000000000, 56, 12.58 W
2026/09/20 22:16:01.922, 2405 MHz, 0x0000000000000000, 56, 12.51 W
2026/09/20 22:16:02.922, 2431 MHz, 0x0000000000000000, 56, 13.00 W
2026/09/20 22:16:03.922, 2437 MHz, 0x0000000000000000, 56, 14.96 W
2026/09/20 22:16:04.923, 2437 MHz, 0x0000000000000000, 56, 14.02 W
2026/09/20 22:16:05.923, 2483 MHz, 0x0000000000000000, 58, 23.54 W
2026/09/20 22:16:06.923, 2431 MHz, 0x0000000000000000, 56, 14.81 W
2026/09/20 22:16:07.924, 2437 MHz, 0x0000000000000000, 56, 13.67 W
2026/09/20 22:16:08.924, 2437 MHz, 0x0000000000000000, 56, 13.72 W
2026/09/20 22:16:09.924, 2437 MHz, 0x0000000000000000, 56, 13.71 W
2026/09/20 22:16:10.925, 2437 MHz, 0x0000000000000000, 56, 13.77 W
2026/09/20 22:16:11.925, 2437 MHz, 0x0000000000000000, 56, 13.77 W
2026/09/20 22:16:12.926, 2437 MHz, 0x0000000000000000, 56, 13.86 W
2026/09/20 22:16:13.926, 2437 MHz, 0x0000000000000000, 56, 13.88 W
2026/09/20 22:16:14.927, 2437 MHz, 0x0000000000000000, 56, 13.85 W
2026/09/20 22:16:15.927, 2437 MHz, 0x0000000000000000, 56, 13.89 W
2026/09/20 22:16:16.927, 2437 MHz, 0x0000000000000000, 56, 13.86 W
2026/09/20 22:16:17.928, 2437 MHz, 0x0000000000000000, 56, 13.90 W
2026/09/20 22:16:18.928, 2437 MHz, 0x0000000000000000, 56, 13.90 W
2026/09/20 22:16:19.929, 2431 MHz, 0x0000000000000000, 56, 13.76 W
2026/09/20 22:16:20.929, 2437 MHz, 0x0000000000000000, 56, 13.55 W
2026/09/20 22:16:21.930, 2496 MHz, 0x0000000000000000, 61, 40.98 W
2026/09/20 22:16:22.930, 2405 MHz, 0x0000000000000000, 57, 27.41 W
2026/09/20 22:16:23.930, 2405 MHz, 0x0000000000000000, 56, 12.63 W
2026/09/20 22:16:24.931, 2405 MHz, 0x0000000000000000, 56, 12.59 W
2026/09/20 22:16:25.932, 2411 MHz, 0x0000000000000000, 56, 12.59 W
2026/09/20 22:16:26.932, 2405 MHz, 0x0000000000000000, 56, 12.55 W
2026/09/20 22:16:27.932, 2405 MHz, 0x0000000000000000, 56, 13.62 W
2026/09/20 22:16:28.933, 2411 MHz, 0x0000000000000000, 56, 13.87 W
2026/09/20 22:16:29.933, 2405 MHz, 0x0000000000000000, 56, 12.53 W
2026/09/20 22:16:30.934, 2405 MHz, 0x0000000000000000, 56, 12.98 W
2026/09/20 22:16:31.934, 2405 MHz, 0x0000000000000000, 56, 12.57 W
2026/09/20 22:16:32.934, 2405 MHz, 0x0000000000000000, 56, 12.45 W
2026/09/20 22:16:33.935, 2424 MHz, 0x0000000000000000, 56, 12.89 W
2026/09/20 22:16:34.935, 2437 MHz, 0x0000000000000000, 56, 15.52 W
2026/09/20 22:16:35.936, 2437 MHz, 0x0000000000000000, 56, 14.06 W
2026/09/20 22:16:36.936, 2437 MHz, 0x0000000000000000, 56, 15.67 W
2026/09/20 22:16:37.936, 2405 MHz, 0x0000000000000000, 56, 24.39 W
2026/09/20 22:16:38.937, 2405 MHz, 0x0000000000000000, 57, 12.76 W
2026/09/20 22:16:39.937, 2405 MHz, 0x0000000000000000, 57, 12.60 W
2026/09/20 22:16:40.937, 2405 MHz, 0x0000000000000000, 57, 12.59 W
2026/09/20 22:16:41.938, 2405 MHz, 0x0000000000000000, 57, 12.90 W
2026/09/20 22:16:42.938, 2405 MHz, 0x0000000000000000, 57, 12.81 W
2026/09/20 22:16:43.939, 2405 MHz, 0x0000000000000000, 57, 12.78 W
2026/09/20 22:16:44.939, 2405 MHz, 0x0000000000000000, 57, 12.81 W
2026/09/20 22:16:45.939, 2405 MHz, 0x0000000000000000, 57, 12.51 W
2026/09/20 22:16:46.940, 2405 MHz, 0x0000000000000000, 57, 12.80 W
2026/09/20 22:16:47.940, 2405 MHz, 0x0000000000000000, 57, 12.79 W
2026/09/20 22:16:48.941, 2411 MHz, 0x0000000000000000, 57, 12.81 W
2026/09/20 22:16:49.941, 2405 MHz, 0x0000000000000000, 56, 12.52 W
2026/09/20 22:16:50.941, 2405 MHz, 0x0000000000000000, 56, 12.82 W
2026/09/20 22:16:51.942, 2431 MHz, 0x0000000000000000, 57, 15.86 W
2026/09/20 22:16:52.942, 2437 MHz, 0x0000000000000000, 57, 13.70 W
2026/09/20 22:16:53.942, 2437 MHz, 0x0000000000000000, 57, 13.74 W
2026/09/20 22:16:54.942, 2437 MHz, 0x0000000000000000, 57, 13.77 W
2026/09/20 22:16:55.943, 2437 MHz, 0x0000000000000000, 57, 13.76 W
2026/09/20 22:16:56.943, 2431 MHz, 0x0000000000000000, 57, 13.75 W
2026/09/20 22:16:57.944, 2437 MHz, 0x0000000000000000, 57, 13.80 W
2026/09/20 22:16:58.944, 2437 MHz, 0x0000000000000000, 57, 13.87 W
2026/09/20 22:16:59.944, 2431 MHz, 0x0000000000000000, 57, 13.84 W
2026/09/20 22:17:00.945, 2437 MHz, 0x0000000000000000, 57, 13.86 W
2026/09/20 22:17:01.945, 2437 MHz, 0x0000000000000000, 57, 13.89 W
2026/09/20 22:17:02.945, 2437 MHz, 0x0000000000000000, 57, 13.90 W
2026/09/20 22:17:03.945, 2437 MHz, 0x0000000000000000, 57, 13.99 W
2026/09/20 22:17:04.946, 2437 MHz, 0x0000000000000000, 57, 14.00 W
2026/09/20 22:17:05.946, 2437 MHz, 0x0000000000000000, 56, 13.39 W
2026/09/20 22:17:06.947, 2470 MHz, 0x0000000000000000, 60, 24.67 W
2026/09/20 22:17:07.947, 2476 MHz, 0x0000000000000000, 59, 49.31 W
2026/09/20 22:17:08.947, 2405 MHz, 0x0000000000000000, 57, 13.43 W
2026/09/20 22:17:09.948, 2405 MHz, 0x0000000000000000, 57, 12.65 W
2026/09/20 22:17:10.949, 2405 MHz, 0x0000000000000000, 57, 12.67 W
2026/09/20 22:17:11.949, 2405 MHz, 0x0000000000000000, 57, 12.62 W
2026/09/20 22:17:12.950, 2405 MHz, 0x0000000000000000, 56, 12.54 W
2026/09/20 22:17:13.951, 2405 MHz, 0x0000000000000000, 56, 12.55 W
2026/09/20 22:17:14.952, 2405 MHz, 0x0000000000000000, 56, 12.53 W
2026/09/20 22:17:15.953, 2405 MHz, 0x0000000000000000, 56, 12.52 W
2026/09/20 22:17:16.953, 2405 MHz, 0x0000000000000000, 56, 12.46 W
2026/09/20 22:17:17.953, 2405 MHz, 0x0000000000000000, 56, 12.47 W
2026/09/20 22:17:18.955, 2405 MHz, 0x0000000000000000, 56, 12.53 W
2026/09/20 22:17:19.955, 2405 MHz, 0x0000000000000000, 56, 12.52 W
2026/09/20 22:17:20.955, 2405 MHz, 0x0000000000000000, 56, 12.50 W
2026/09/20 22:17:21.955, 2405 MHz, 0x0000000000000000, 56, 12.45 W
2026/09/20 22:17:22.956, 2405 MHz, 0x0000000000000000, 56, 12.46 W
2026/09/20 22:17:23.956, 2405 MHz, 0x0000000000000000, 56, 12.47 W
2026/09/20 22:17:24.957, 2405 MHz, 0x0000000000000000, 56, 12.53 W
2026/09/20 22:17:25.957, 2405 MHz, 0x0000000000000000, 56, 14.16 W
2026/09/20 22:17:26.958, 2405 MHz, 0x0000000000000000, 56, 13.12 W
2026/09/20 22:17:27.958, 2431 MHz, 0x0000000000000000, 56, 13.69 W
2026/09/20 22:17:28.959, 2437 MHz, 0x0000000000000000, 56, 16.01 W
2026/09/20 22:17:29.959, 2437 MHz, 0x0000000000000000, 56, 15.37 W
2026/09/20 22:17:30.960, 2437 MHz, 0x0000000000000000, 60, 19.97 W
2026/09/20 22:17:31.960, 2431 MHz, 0x0000000000000000, 57, 22.09 W
2026/09/20 22:17:32.960, 2437 MHz, 0x0000000000000000, 56, 15.74 W
2026/09/20 22:17:33.961, 2437 MHz, 0x0000000000000000, 56, 15.64 W
2026/09/20 22:17:34.961, 2437 MHz, 0x0000000000000000, 57, 15.70 W
2026/09/20 22:17:35.961, 2437 MHz, 0x0000000000000000, 56, 15.22 W
2026/09/20 22:17:36.961, 2437 MHz, 0x0000000000000000, 57, 14.78 W
2026/09/20 22:17:37.962, 2437 MHz, 0x0000000000000000, 56, 14.66 W
2026/09/20 22:17:38.962, 2437 MHz, 0x0000000000000000, 56, 14.75 W
2026/09/20 22:17:39.962, 2437 MHz, 0x0000000000000000, 56, 14.82 W
2026/09/20 22:17:40.962, 2437 MHz, 0x0000000000000000, 56, 14.98 W
2026/09/20 22:17:41.963, 2437 MHz, 0x0000000000000000, 57, 15.18 W
2026/09/20 22:17:42.963, 2437 MHz, 0x0000000000000000, 57, 15.10 W
2026/09/20 22:17:43.963, 2437 MHz, 0x0000000000000000, 57, 15.05 W
2026/09/20 22:17:44.963, 2437 MHz, 0x0000000000000000, 57, 15.18 W
2026/09/20 22:17:45.963, 2405 MHz, 0x0000000000000000, 56, 13.97 W
2026/09/20 22:17:46.964, 2437 MHz, 0x0000000000000000, 57, 15.34 W
2026/09/20 22:17:47.964, 2476 MHz, 0x0000000000000000, 63, 31.12 W
2026/09/20 22:17:48.964, 2489 MHz, 0x0000000000000000, 64, 68.03 W
2026/09/20 22:17:49.965, 2535 MHz, 0x0000000000000000, 59, 49.87 W
2026/09/20 22:17:50.965, 2535 MHz, 0x0000000000000000, 59, 20.99 W
2026/09/20 22:17:51.965, 2541 MHz, 0x0000000000000000, 59, 20.76 W
2026/09/20 22:17:52.965, 2541 MHz, 0x0000000000000000, 59, 20.75 W
2026/09/20 22:17:53.965, 2541 MHz, 0x0000000000000000, 59, 21.24 W
2026/09/20 22:17:54.965, 2535 MHz, 0x0000000000000000, 59, 20.72 W
2026/09/20 22:17:55.965, 2541 MHz, 0x0000000000000000, 59, 20.72 W
2026/09/20 22:17:56.966, 2541 MHz, 0x0000000000000000, 59, 20.85 W
2026/09/20 22:17:57.966, 2535 MHz, 0x0000000000000000, 59, 20.87 W
2026/09/20 22:17:58.966, 2509 MHz, 0x0000000000000000, 58, 37.50 W
2026/09/20 22:17:59.966, 2405 MHz, 0x0000000000000000, 58, 12.90 W
2026/09/20 22:18:00.966, 2405 MHz, 0x0000000000000000, 58, 12.85 W
2026/09/20 22:18:01.966, 2405 MHz, 0x0000000000000000, 58, 12.84 W
2026/09/20 22:18:02.967, 2405 MHz, 0x0000000000000000, 58, 12.84 W
2026/09/20 22:18:03.967, 2405 MHz, 0x0000000000000000, 58, 12.85 W
2026/09/20 22:18:04.968, 2405 MHz, 0x0000000000000000, 58, 12.82 W
2026/09/20 22:18:05.968, 2405 MHz, 0x0000000000000000, 58, 12.95 W
2026/09/20 22:18:06.968, 2405 MHz, 0x0000000000000000, 58, 12.79 W
2026/09/20 22:18:07.968, 2405 MHz, 0x0000000000000000, 58, 12.76 W
2026/09/20 22:18:08.968, 2405 MHz, 0x0000000000000000, 58, 12.78 W
2026/09/20 22:18:09.969, 2405 MHz, 0x0000000000000000, 58, 12.74 W
2026/09/20 22:18:10.969, 2405 MHz, 0x0000000000000000, 58, 12.75 W
2026/09/20 22:18:11.969, 2405 MHz, 0x0000000000000000, 58, 12.92 W
2026/09/20 22:18:12.969, 2405 MHz, 0x0000000000000000, 58, 12.88 W
2026/09/20 22:18:13.969, 2405 MHz, 0x0000000000000000, 58, 12.93 W
2026/09/20 22:18:14.970, 2405 MHz, 0x0000000000000000, 57, 12.82 W
2026/09/20 22:18:15.970, 2405 MHz, 0x0000000000000000, 57, 12.87 W
2026/09/20 22:18:16.970, 2405 MHz, 0x0000000000000000, 57, 12.77 W
2026/09/20 22:18:17.970, 2405 MHz, 0x0000000000000000, 57, 12.83 W
2026/09/20 22:18:18.970, 2405 MHz, 0x0000000000000000, 57, 12.88 W
2026/09/20 22:18:19.971, 2405 MHz, 0x0000000000000000, 58, 12.96 W
2026/09/20 22:18:20.971, 2405 MHz, 0x0000000000000000, 57, 12.77 W
2026/09/20 22:18:21.971, 2405 MHz, 0x0000000000000000, 57, 12.70 W
2026/09/20 22:18:22.972, 2405 MHz, 0x0000000000000000, 57, 12.62 W
2026/09/20 22:18:23.972, 2405 MHz, 0x0000000000000000, 57, 12.66 W
2026/09/20 22:18:24.972, 2405 MHz, 0x0000000000000000, 57, 12.62 W
2026/09/20 22:18:25.972, 2405 MHz, 0x0000000000000000, 57, 12.64 W
2026/09/20 22:18:26.972, 2405 MHz, 0x0000000000000000, 57, 12.81 W
2026/09/20 22:18:27.973, 2405 MHz, 0x0000000000000000, 57, 12.82 W
2026/09/20 22:18:28.973, 2405 MHz, 0x0000000000000000, 57, 12.80 W
2026/09/20 22:18:29.973, 2405 MHz, 0x0000000000000000, 57, 12.74 W
2026/09/20 22:18:30.974, 2405 MHz, 0x0000000000000000, 57, 13.11 W
2026/09/20 22:18:31.974, 2405 MHz, 0x0000000000000000, 57, 13.53 W
2026/09/20 22:18:32.974, 2405 MHz, 0x0000000000000000, 57, 12.79 W
2026/09/20 22:18:33.975, 2405 MHz, 0x0000000000000000, 57, 12.77 W
2026/09/20 22:18:34.975, 2405 MHz, 0x0000000000000000, 57, 12.80 W
2026/09/20 22:18:35.975, 2405 MHz, 0x0000000000000000, 57, 12.70 W
2026/09/20 22:18:36.976, 2405 MHz, 0x0000000000000000, 57, 12.65 W
2026/09/20 22:18:37.976, 2405 MHz, 0x0000000000000000, 57, 12.64 W
2026/09/20 22:18:38.977, 2405 MHz, 0x0000000000000000, 57, 12.69 W
2026/09/20 22:18:39.977, 2405 MHz, 0x0000000000000000, 57, 12.66 W
2026/09/20 22:18:40.977, 2405 MHz, 0x0000000000000000, 57, 12.69 W
2026/09/20 22:18:41.977, 2405 MHz, 0x0000000000000000, 57, 12.60 W
2026/09/20 22:18:42.977, 2405 MHz, 0x0000000000000000, 57, 12.59 W
2026/09/20 22:18:43.978, 2405 MHz, 0x0000000000000000, 57, 12.59 W
2026/09/20 22:18:44.978, 2405 MHz, 0x0000000000000000, 57, 12.60 W
2026/09/20 22:18:45.979, 2405 MHz, 0x0000000000000000, 57, 12.55 W
2026/09/20 22:18:46.979, 2405 MHz, 0x0000000000000000, 57, 12.60 W
2026/09/20 22:18:47.980, 2405 MHz, 0x0000000000000000, 57, 12.60 W
2026/09/20 22:18:48.980, 2405 MHz, 0x0000000000000000, 57, 12.58 W
2026/09/20 22:18:49.981, 2405 MHz, 0x0000000000000000, 57, 12.63 W
2026/09/20 22:18:50.981, 2405 MHz, 0x0000000000000000, 57, 12.65 W
2026/09/20 22:18:51.982, 2405 MHz, 0x0000000000000000, 57, 12.61 W
2026/09/20 22:18:52.982, 2405 MHz, 0x0000000000000000, 57, 12.52 W
2026/09/20 22:18:53.983, 2405 MHz, 0x0000000000000000, 57, 12.59 W
2026/09/20 22:18:54.983, 2405 MHz, 0x0000000000000000, 57, 12.90 W
2026/09/20 22:18:55.984, 2405 MHz, 0x0000000000000000, 57, 14.10 W
2026/09/20 22:18:56.984, 2405 MHz, 0x0000000000000000, 57, 16.31 W
2026/09/20 22:18:57.984, 2411 MHz, 0x0000000000000000, 57, 12.89 W
2026/09/20 22:18:58.984, 2405 MHz, 0x0000000000000000, 57, 12.57 W
2026/09/20 22:18:59.985, 2405 MHz, 0x0000000000000000, 57, 12.55 W
2026/09/20 22:19:00.985, 2405 MHz, 0x0000000000000000, 57, 12.55 W
2026/09/20 22:19:01.985, 2405 MHz, 0x0000000000000000, 57, 12.53 W
2026/09/20 22:19:02.986, 2405 MHz, 0x0000000000000000, 57, 13.95 W
2026/09/20 22:19:03.986, 2405 MHz, 0x0000000000000000, 57, 12.62 W
2026/09/20 22:19:04.987, 2405 MHz, 0x0000000000000000, 57, 13.12 W
2026/09/20 22:19:05.987, 2405 MHz, 0x0000000000000000, 57, 13.38 W
2026/09/20 22:19:06.988, 2463 MHz, 0x0000000000000000, 59, 18.94 W
2026/09/20 22:19:07.988, 2405 MHz, 0x0000000000000000, 57, 13.37 W
2026/09/20 22:19:08.988, 2405 MHz, 0x0000000000000000, 57, 13.66 W
2026/09/20 22:19:09.988, 2405 MHz, 0x0000000000000000, 57, 12.57 W
2026/09/20 22:19:10.989, 2405 MHz, 0x0000000000000000, 57, 13.71 W
2026/09/20 22:19:11.989, 2405 MHz, 0x0000000000000000, 57, 12.66 W
2026/09/20 22:19:12.989, 2405 MHz, 0x0000000000000000, 57, 12.60 W
2026/09/20 22:19:13.990, 2405 MHz, 0x0000000000000000, 57, 12.57 W
2026/09/20 22:19:14.990, 2405 MHz, 0x0000000000000000, 57, 13.65 W
2026/09/20 22:19:15.991, 2405 MHz, 0x0000000000000000, 57, 14.95 W
2026/09/20 22:19:16.992, 2405 MHz, 0x0000000000000000, 57, 16.22 W
2026/09/20 22:19:17.992, 2405 MHz, 0x0000000000000000, 56, 12.56 W
2026/09/20 22:19:18.992, 2405 MHz, 0x0000000000000000, 56, 12.57 W
2026/09/20 22:19:19.992, 2411 MHz, 0x0000000000000000, 57, 14.93 W
2026/09/20 22:19:20.993, 2405 MHz, 0x0000000000000000, 56, 12.53 W
2026/09/20 22:19:21.993, 2405 MHz, 0x0000000000000000, 58, 14.27 W
2026/09/20 22:19:22.993, 2405 MHz, 0x0000000000000000, 56, 12.51 W
2026/09/20 22:19:23.994, 2405 MHz, 0x0000000000000000, 56, 12.50 W
2026/09/20 22:19:24.994, 2405 MHz, 0x0000000000000000, 56, 12.48 W
2026/09/20 22:19:25.994, 2405 MHz, 0x0000000000000000, 56, 12.51 W
2026/09/20 22:19:26.994, 2405 MHz, 0x0000000000000000, 56, 12.47 W
2026/09/20 22:19:27.994, 2405 MHz, 0x0000000000000000, 56, 12.48 W
2026/09/20 22:19:28.995, 2405 MHz, 0x0000000000000000, 56, 12.46 W
2026/09/20 22:19:29.995, 2405 MHz, 0x0000000000000000, 56, 18.08 W
2026/09/20 22:19:30.995, 2405 MHz, 0x0000000000000000, 56, 12.61 W
2026/09/20 22:19:31.996, 2476 MHz, 0x0000000000000000, 57, 16.09 W
2026/09/20 22:19:32.996, 2405 MHz, 0x0000000000000000, 56, 13.02 W
2026/09/20 22:19:33.996, 2405 MHz, 0x0000000000000000, 56, 12.44 W
2026/09/20 22:19:34.996, 2450 MHz, 0x0000000000000000, 57, 14.73 W
2026/09/20 22:19:35.997, 2405 MHz, 0x0000000000000000, 56, 12.95 W
2026/09/20 22:19:36.997, 2405 MHz, 0x0000000000000000, 56, 15.30 W
2026/09/20 22:19:37.998, 2405 MHz, 0x0000000000000000, 56, 14.39 W
2026/09/20 22:19:38.998, 2405 MHz, 0x0000000000000000, 56, 12.46 W
2026/09/20 22:19:39.998, 2405 MHz, 0x0000000000000000, 57, 14.61 W
2026/09/20 22:19:40.999, 2463 MHz, 0x0000000000000000, 57, 16.50 W
2026/09/20 22:19:41.999, 2528 MHz, 0x0000000000000000, 58, 20.87 W
2026/09/20 22:19:43.000, 2405 MHz, 0x0000000000000000, 57, 16.85 W
2026/09/20 22:19:44.001, 2405 MHz, 0x0000000000000000, 56, 12.48 W
2026/09/20 22:19:45.001, 2405 MHz, 0x0000000000000000, 56, 12.45 W
2026/09/20 22:19:46.001, 2405 MHz, 0x0000000000000000, 56, 12.48 W
2026/09/20 22:19:47.002, 2405 MHz, 0x0000000000000000, 56, 12.51 W
2026/09/20 22:19:48.002, 2405 MHz, 0x0000000000000000, 56, 12.46 W
2026/09/20 22:19:49.003, 2405 MHz, 0x0000000000000000, 56, 12.45 W
2026/09/20 22:19:50.003, 2405 MHz, 0x0000000000000000, 56, 12.43 W
2026/09/20 22:19:51.004, 2405 MHz, 0x0000000000000000, 56, 13.12 W
2026/09/20 22:19:52.005, 2405 MHz, 0x0000000000000000, 56, 12.60 W
2026/09/20 22:19:53.005, 2405 MHz, 0x0000000000000000, 56, 12.35 W
2026/09/20 22:19:54.006, 2405 MHz, 0x0000000000000000, 56, 12.90 W
2026/09/20 22:19:55.006, 2405 MHz, 0x0000000000000000, 56, 16.95 W
2026/09/20 22:19:56.006, 2437 MHz, 0x0000000000000000, 56, 18.58 W
2026/09/20 22:19:57.007, 2405 MHz, 0x0000000000000000, 56, 12.70 W
2026/09/20 22:19:58.008, 2450 MHz, 0x0000000000000000, 57, 26.10 W
2026/09/20 22:19:59.008, 2405 MHz, 0x0000000000000000, 56, 16.06 W
2026/09/20 22:20:00.008, 2522 MHz, 0x0000000000000000, 59, 28.41 W
2026/09/20 22:20:01.008, 2476 MHz, 0x0000000000000000, 59, 31.09 W
2026/09/20 22:20:02.009, 2535 MHz, 0x0000000000000000, 60, 31.65 W
2026/09/20 22:20:03.009, 2535 MHz, 0x0000000000000000, 60, 32.74 W
2026/09/20 22:20:04.010, 2535 MHz, 0x0000000000000000, 60, 33.98 W
2026/09/20 22:20:05.010, 2535 MHz, 0x0000000000000000, 62, 35.47 W
2026/09/20 22:20:06.011, 2535 MHz, 0x0000000000000000, 61, 32.35 W
2026/09/20 22:20:07.011, 2405 MHz, 0x0000000000000000, 58, 14.03 W
2026/09/20 22:20:08.012, 2535 MHz, 0x0000000000000000, 61, 29.96 W
2026/09/20 22:20:09.012, 2535 MHz, 0x0000000000000000, 61, 33.00 W
2026/09/20 22:20:10.012, 2535 MHz, 0x0000000000000000, 62, 34.33 W
2026/09/20 22:20:11.013, 2515 MHz, 0x0000000000000000, 62, 35.70 W
2026/09/20 22:20:12.013, 2522 MHz, 0x0000000000000000, 62, 32.06 W
2026/09/20 22:20:13.014, 2535 MHz, 0x0000000000000000, 62, 33.22 W
2026/09/20 22:20:14.014, 2535 MHz, 0x0000000000000000, 62, 33.20 W
2026/09/20 22:20:15.015, 2476 MHz, 0x0000000000000000, 62, 26.62 W
2026/09/20 22:20:16.015, 2515 MHz, 0x0000000000000000, 63, 33.09 W
2026/09/20 22:20:17.016, 2483 MHz, 0x0000000000000000, 62, 29.26 W
2026/09/20 22:20:18.016, 2476 MHz, 0x0000000000000000, 64, 33.64 W
2026/09/20 22:20:19.017, 2515 MHz, 0x0000000000000000, 65, 40.81 W
2026/09/20 22:20:20.017, 2405 MHz, 0x0000000000000000, 61, 28.36 W
2026/09/20 22:20:21.017, 2535 MHz, 0x0000000000000000, 62, 19.92 W
2026/09/20 22:20:22.018, 2509 MHz, 0x0000000000000000, 67, 47.43 W
2026/09/20 22:20:23.018, 2509 MHz, 0x0000000000000000, 68, 51.31 W
2026/09/20 22:20:24.019, 2515 MHz, 0x0000000000000000, 64, 44.37 W
2026/09/20 22:20:25.019, 2509 MHz, 0x0000000000000000, 66, 49.43 W
2026/09/20 22:20:26.019, 2509 MHz, 0x0000000000000000, 69, 57.22 W
2026/09/20 22:20:27.020, 2489 MHz, 0x0000000000000000, 72, 68.62 W
2026/09/20 22:20:28.020, 2483 MHz, 0x0000000000000000, 69, 68.51 W
2026/09/20 22:20:29.021, 2489 MHz, 0x0000000000000000, 72, 68.87 W
2026/09/20 22:20:30.022, 2496 MHz, 0x0000000000000000, 71, 67.32 W
2026/09/20 22:20:31.022, 2411 MHz, 0x0000000000000000, 64, 17.74 W
2026/09/20 22:20:32.022, 2411 MHz, 0x0000000000000000, 63, 14.52 W
2026/09/20 22:20:33.023, 2411 MHz, 0x0000000000000000, 63, 14.01 W
2026/09/20 22:20:34.024, 2483 MHz, 0x0000000000000000, 70, 32.66 W
2026/09/20 22:20:35.024, 2496 MHz, 0x0000000000000000, 70, 70.12 W
2026/09/20 22:20:36.025, 2483 MHz, 0x0000000000000000, 71, 68.91 W
2026/09/20 22:20:37.025, 2489 MHz, 0x0000000000000000, 72, 69.50 W
2026/09/20 22:20:38.025, 2476 MHz, 0x0000000000000000, 74, 70.09 W
2026/09/20 22:20:39.026, 2483 MHz, 0x0000000000000000, 72, 68.95 W
2026/09/20 22:20:40.026, 2470 MHz, 0x0000000000000000, 73, 70.86 W
2026/09/20 22:20:41.026, 2483 MHz, 0x0000000000000000, 72, 67.50 W
2026/09/20 22:20:42.026, 2476 MHz, 0x0000000000000000, 74, 72.91 W
2026/09/20 22:20:43.027, 2483 MHz, 0x0000000000000000, 74, 68.71 W
2026/09/20 22:20:44.027, 2483 MHz, 0x0000000000000000, 73, 72.74 W
2026/09/20 22:20:45.028, 2476 MHz, 0x0000000000000000, 75, 69.39 W
2026/09/20 22:20:46.028, 2476 MHz, 0x0000000000000000, 74, 72.91 W
2026/09/20 22:20:47.028, 2470 MHz, 0x0000000000000000, 74, 70.32 W
2026/09/20 22:20:48.029, 2483 MHz, 0x0000000000000000, 74, 72.72 W
2026/09/20 22:20:49.029, 2470 MHz, 0x0000000000000000, 74, 71.07 W
2026/09/20 22:20:50.029, 2483 MHz, 0x0000000000000000, 76, 72.69 W
2026/09/20 22:20:51.030, 2470 MHz, 0x0000000000000000, 77, 71.82 W
2026/09/20 22:20:52.030, 2483 MHz, 0x0000000000000000, 75, 72.82 W
2026/09/20 22:20:53.030, 2470 MHz, 0x0000000000000000, 78, 72.20 W
2026/09/20 22:20:54.031, 2483 MHz, 0x0000000000000000, 75, 72.74 W
2026/09/20 22:20:55.032, 2470 MHz, 0x0000000000000000, 78, 72.82 W
2026/09/20 22:20:56.032, 2483 MHz, 0x0000000000000000, 78, 72.60 W
2026/09/20 22:20:57.032, 2470 MHz, 0x0000000000000000, 76, 68.86 W
2026/09/20 22:20:58.033, 2483 MHz, 0x0000000000000000, 77, 73.20 W
2026/09/20 22:20:59.033, 2509 MHz, 0x0000000000000000, 75, 46.14 W
2026/09/20 22:21:00.034, 2489 MHz, 0x0000000000000000, 75, 50.14 W
2026/09/20 22:21:01.034, 2489 MHz, 0x0000000000000000, 72, 47.93 W
2026/09/20 22:21:02.034, 2483 MHz, 0x0000000000000000, 75, 58.15 W
2026/09/20 22:21:03.035, 2470 MHz, 0x0000000000000000, 77, 73.91 W
2026/09/20 22:21:04.035, 2483 MHz, 0x0000000000000000, 75, 73.08 W
2026/09/20 22:21:05.035, 2470 MHz, 0x0000000000000000, 77, 74.18 W
2026/09/20 22:21:06.036, 2476 MHz, 0x0000000000000000, 79, 73.24 W
2026/09/20 22:21:07.036, 2470 MHz, 0x0000000000000000, 81, 74.71 W
2026/09/20 22:21:08.037, 2483 MHz, 0x0000000000000000, 77, 73.95 W
2026/09/20 22:21:09.037, 2470 MHz, 0x0000000000000000, 78, 74.50 W
2026/09/20 22:21:10.037, 2476 MHz, 0x0000000000000000, 78, 74.49 W
2026/09/20 22:21:11.038, 2470 MHz, 0x0000000000000000, 79, 73.98 W
2026/09/20 22:21:12.038, 2476 MHz, 0x0000000000000000, 77, 75.27 W
2026/09/20 22:21:13.038, 2470 MHz, 0x0000000000000000, 79, 74.19 W
2026/09/20 22:21:14.039, 2476 MHz, 0x0000000000000000, 79, 75.54 W
2026/09/20 22:21:15.039, 2463 MHz, 0x0000000000000000, 80, 74.48 W
2026/09/20 22:21:16.039, 2476 MHz, 0x0000000000000000, 78, 76.41 W
2026/09/20 22:21:17.040, 2470 MHz, 0x0000000000000000, 81, 74.16 W
2026/09/20 22:21:18.040, 2463 MHz, 0x0000000000000000, 80, 77.43 W
2026/09/20 22:21:19.040, 2470 MHz, 0x0000000000000000, 81, 73.79 W
2026/09/20 22:21:20.041, 2463 MHz, 0x0000000000000000, 81, 78.17 W
2026/09/20 22:21:21.041, 2463 MHz, 0x0000000000000000, 81, 74.02 W
2026/09/20 22:21:22.042, 2463 MHz, 0x0000000000000000, 81, 78.74 W
2026/09/20 22:21:23.042, 2463 MHz, 0x0000000000000000, 82, 76.87 W
2026/09/20 22:21:24.043, 2463 MHz, 0x0000000000000000, 82, 76.96 W
2026/09/20 22:21:25.043, 2463 MHz, 0x0000000000000000, 81, 76.84 W
2026/09/20 22:21:26.044, 2463 MHz, 0x0000000000000000, 82, 76.20 W
2026/09/20 22:21:27.045, 2463 MHz, 0x0000000000000000, 79, 77.84 W
2026/09/20 22:21:28.045, 2457 MHz, 0x0000000000000000, 81, 75.68 W
2026/09/20 22:21:29.045, 2470 MHz, 0x0000000000000000, 82, 78.39 W
2026/09/20 22:21:30.046, 2463 MHz, 0x0000000000000000, 83, 75.50 W
2026/09/20 22:21:31.046, 2463 MHz, 0x0000000000000000, 80, 79.29 W
2026/09/20 22:21:32.047, 2470 MHz, 0x0000000000000000, 80, 74.88 W
2026/09/20 22:21:33.047, 2457 MHz, 0x0000000000000000, 81, 80.57 W
2026/09/20 22:21:34.047, 2470 MHz, 0x0000000000000000, 78, 75.21 W
2026/09/20 22:21:35.048, 2489 MHz, 0x0000000000000000, 75, 38.49 W
2026/09/20 22:21:36.048, 2489 MHz, 0x0000000000000000, 74, 29.26 W
2026/09/20 22:21:37.048, 2489 MHz, 0x0000000000000000, 73, 33.94 W
2026/09/20 22:21:38.048, 2489 MHz, 0x0000000000000000, 73, 34.01 W
2026/09/20 22:21:39.048, 2489 MHz, 0x0000000000000000, 78, 33.74 W
2026/09/20 22:21:40.049, 2470 MHz, 0x0000000000000000, 82, 67.71 W
2026/09/20 22:21:41.049, 2470 MHz, 0x0000000000000000, 79, 75.37 W
2026/09/20 22:21:42.050, 2489 MHz, 0x0000000000000000, 73, 61.61 W
2026/09/20 22:21:43.050, 2489 MHz, 0x0000000000000000, 73, 29.08 W
2026/09/20 22:21:44.050, 2489 MHz, 0x0000000000000000, 73, 32.42 W
2026/09/20 22:21:45.051, 2489 MHz, 0x0000000000000000, 72, 30.59 W
2026/09/20 22:21:46.051, 2470 MHz, 0x0000000000000000, 78, 67.56 W
2026/09/20 22:21:47.052, 2457 MHz, 0x0000000000000000, 79, 79.98 W
2026/09/20 22:21:48.052, 2470 MHz, 0x0000000000000000, 79, 76.99 W
2026/09/20 22:21:49.053, 2463 MHz, 0x0000000000000000, 83, 77.65 W
2026/09/20 22:21:50.053, 2470 MHz, 0x0000000000000000, 82, 78.62 W
2026/09/20 22:21:51.053, 2463 MHz, 0x0000000000000000, 80, 76.30 W
2026/09/20 22:21:52.054, 2470 MHz, 0x0000000000000000, 80, 80.26 W
2026/09/20 22:21:53.054, 2463 MHz, 0x0000000000000000, 81, 75.72 W
2026/09/20 22:21:54.055, 2463 MHz, 0x0000000000000000, 82, 81.58 W
2026/09/20 22:21:55.055, 2470 MHz, 0x0000000000000000, 82, 78.24 W
2026/09/20 22:21:56.056, 2457 MHz, 0x0000000000000000, 80, 78.76 W
2026/09/20 22:21:57.056, 2463 MHz, 0x0000000000000000, 81, 79.78 W
2026/09/20 22:21:58.057, 2457 MHz, 0x0000000000000000, 81, 77.41 W
2026/09/20 22:21:59.057, 2463 MHz, 0x0000000000000000, 81, 81.62 W
2026/09/20 22:22:00.058, 2463 MHz, 0x0000000000000000, 81, 76.73 W
2026/09/20 22:22:01.058, 2457 MHz, 0x0000000000000000, 84, 83.10 W
2026/09/20 22:22:02.058, 2470 MHz, 0x0000000000000000, 83, 79.07 W
2026/09/20 22:22:03.059, 2457 MHz, 0x0000000000000000, 81, 79.22 W
2026/09/20 22:22:04.059, 2463 MHz, 0x0000000000000000, 83, 80.79 W
2026/09/20 22:22:05.059, 2463 MHz, 0x0000000000000000, 82, 77.96 W
2026/09/20 22:22:06.060, 2457 MHz, 0x0000000000000000, 85, 82.81 W
2026/09/20 22:22:07.060, 2470 MHz, 0x0000000000000000, 78, 78.25 W
2026/09/20 22:22:08.060, 2457 MHz, 0x0000000000000000, 81, 80.75 W
2026/09/20 22:22:09.061, 2463 MHz, 0x0000000000000000, 85, 81.01 W
2026/09/20 22:22:10.061, 2457 MHz, 0x0000000000000000, 82, 78.91 W
2026/09/20 22:22:11.062, 2457 MHz, 0x0000000000000000, 81, 81.92 W
2026/09/20 22:22:12.062, 2489 MHz, 0x0000000000000000, 74, 43.92 W
2026/09/20 22:22:13.063, 2496 MHz, 0x0000000000000000, 74, 29.71 W
2026/09/20 22:22:14.063, 2489 MHz, 0x0000000000000000, 73, 29.42 W
2026/09/20 22:22:15.063, 2489 MHz, 0x0000000000000000, 73, 29.31 W
2026/09/20 22:22:16.063, 2489 MHz, 0x0000000000000000, 73, 30.14 W
2026/09/20 22:22:17.063, 2496 MHz, 0x0000000000000000, 72, 31.01 W
2026/09/20 22:22:18.064, 2457 MHz, 0x0000000000000000, 79, 60.13 W
2026/09/20 22:22:19.064, 2470 MHz, 0x0000000000000000, 78, 80.61 W
2026/09/20 22:22:20.065, 2457 MHz, 0x0000000000000000, 79, 77.26 W
2026/09/20 22:22:21.065, 2463 MHz, 0x0000000000000000, 78, 81.89 W
2026/09/20 22:22:22.065, 2470 MHz, 0x0000000000000000, 80, 79.33 W
2026/09/20 22:22:23.066, 2463 MHz, 0x0000000000000000, 80, 79.88 W
2026/09/20 22:22:24.066, 2470 MHz, 0x0000000000000000, 79, 80.94 W
2026/09/20 22:22:25.067, 2463 MHz, 0x0000000000000000, 83, 78.20 W
2026/09/20 22:22:26.067, 2457 MHz, 0x0000000000000000, 83, 82.77 W
2026/09/20 22:22:27.068, 2470 MHz, 0x0000000000000000, 78, 79.70 W
2026/09/20 22:22:28.068, 2457 MHz, 0x0000000000000000, 79, 79.65 W
2026/09/20 22:22:29.069, 2470 MHz, 0x0000000000000000, 80, 81.62 W
2026/09/20 22:22:30.069, 2463 MHz, 0x0000000000000000, 79, 78.66 W
2026/09/20 22:22:31.070, 2457 MHz, 0x0000000000000000, 85, 82.93 W
2026/09/20 22:22:32.070, 2470 MHz, 0x0000000000000000, 80, 80.16 W
2026/09/20 22:22:33.070, 2457 MHz, 0x0000000000000000, 82, 80.36 W
2026/09/20 22:22:34.071, 2470 MHz, 0x0000000000000000, 85, 82.10 W
2026/09/20 22:22:35.071, 2463 MHz, 0x0000000000000000, 83, 79.45 W
2026/09/20 22:22:36.072, 2450 MHz, 0x0000000000000000, 81, 82.61 W
2026/09/20 22:22:37.072, 2470 MHz, 0x0000000000000000, 80, 81.28 W
2026/09/20 22:22:38.073, 2450 MHz, 0x0000000000000000, 84, 81.07 W
2026/09/20 22:22:39.073, 2463 MHz, 0x0000000000000000, 81, 82.13 W
2026/09/20 22:22:40.074, 2463 MHz, 0x0000000000000000, 80, 79.31 W
2026/09/20 22:22:41.074, 2450 MHz, 0x0000000000000000, 83, 83.70 W
2026/09/20 22:22:42.074, 2463 MHz, 0x0000000000000000, 84, 81.72 W
2026/09/20 22:22:43.075, 2457 MHz, 0x0000000000000000, 83, 80.57 W
2026/09/20 22:22:44.075, 2463 MHz, 0x0000000000000000, 83, 82.60 W
2026/09/20 22:22:45.076, 2457 MHz, 0x0000000000000000, 84, 79.83 W
2026/09/20 22:22:46.076, 2450 MHz, 0x0000000000000000, 82, 83.89 W
2026/09/20 22:22:47.077, 2470 MHz, 0x0000000000000000, 83, 82.11 W
2026/09/20 22:22:48.078, 2457 MHz, 0x0000000000000000, 83, 80.18 W
2026/09/20 22:22:49.078, 2457 MHz, 0x0000000000000000, 81, 83.23 W
2026/09/20 22:22:50.079, 2483 MHz, 0x0000000000000000, 75, 64.97 W
2026/09/20 22:22:51.079, 2489 MHz, 0x0000000000000000, 80, 27.37 W
2026/09/20 22:22:52.080, 2496 MHz, 0x0000000000000000, 73, 28.16 W
2026/09/20 22:22:53.080, 2489 MHz, 0x0000000000000000, 78, 36.80 W
2026/09/20 22:22:54.080, 2489 MHz, 0x0000000000000000, 72, 25.41 W
2026/09/20 22:22:55.081, 2489 MHz, 0x0000000000000000, 72, 29.46 W
2026/09/20 22:22:56.081, 2489 MHz, 0x0000000000000000, 72, 29.13 W
2026/09/20 22:22:57.081, 2483 MHz, 0x0000000000000000, 80, 44.92 W
2026/09/20 22:22:58.081, 2476 MHz, 0x0000000000000000, 78, 82.26 W
2026/09/20 22:22:59.082, 2463 MHz, 0x0000000000000000, 81, 78.65 W
2026/09/20 22:23:00.082, 2457 MHz, 0x0000000000000000, 81, 83.26 W
2026/09/20 22:23:01.083, 2470 MHz, 0x0000000000000000, 79, 81.64 W
2026/09/20 22:23:02.083, 2470 MHz, 0x0000000000000000, 79, 79.43 W
2026/09/20 22:23:03.083, 2450 MHz, 0x0000000000000000, 81, 83.02 W
2026/09/20 22:23:04.084, 2470 MHz, 0x0000000000000000, 80, 81.54 W
2026/09/20 22:23:05.084, 2463 MHz, 0x0000000000000000, 82, 80.66 W
2026/09/20 22:23:06.084, 2470 MHz, 0x0000000000000000, 82, 82.55 W
2026/09/20 22:23:07.085, 2463 MHz, 0x0000000000000000, 81, 79.02 W
2026/09/20 22:23:08.085, 2450 MHz, 0x0000000000000000, 80, 84.23 W
2026/09/20 22:23:09.085, 2470 MHz, 0x0000000000000000, 80, 82.58 W
2026/09/20 22:23:10.086, 2463 MHz, 0x0000000000000000, 82, 80.01 W
2026/09/20 22:23:11.086, 2450 MHz, 0x0000000000000000, 82, 83.48 W
2026/09/20 22:23:12.086, 2470 MHz, 0x0000000000000000, 79, 82.32 W
2026/09/20 22:23:13.087, 2457 MHz, 0x0000000000000000, 81, 80.74 W
2026/09/20 22:23:14.087, 2450 MHz, 0x0000000000000000, 80, 83.93 W
2026/09/20 22:23:15.088, 2470 MHz, 0x0000000000000000, 78, 79.55 W
2026/09/20 22:23:16.088, 2457 MHz, 0x0000000000000000, 83, 83.99 W
2026/09/20 22:23:17.088, 2463 MHz, 0x0000000000000000, 82, 83.24 W
2026/09/20 22:23:18.089, 2463 MHz, 0x0000000000000000, 81, 79.79 W
2026/09/20 22:23:19.089, 2450 MHz, 0x0000000000000000, 82, 84.33 W
2026/09/20 22:23:20.089, 2470 MHz, 0x0000000000000000, 85, 83.28 W
2026/09/20 22:23:21.090, 2457 MHz, 0x0000000000000000, 81, 80.21 W
2026/09/20 22:23:22.090, 2444 MHz, 0x0000000000000000, 82, 84.34 W
2026/09/20 22:23:23.091, 2463 MHz, 0x0000000000000000, 81, 83.36 W
2026/09/20 22:23:24.091, 2450 MHz, 0x0000000000000000, 83, 81.52 W
2026/09/20 22:23:25.092, 2444 MHz, 0x0000000000000000, 86, 84.12 W
2026/09/20 22:23:26.092, 2463 MHz, 0x0000000000000000, 82, 81.94 W
2026/09/20 22:23:27.093, 2450 MHz, 0x0000000000000000, 83, 81.84 W
2026/09/20 22:23:28.094, 2457 MHz, 0x0000000000000000, 81, 83.50 W
2026/09/20 22:23:29.094, 2457 MHz, 0x0000000000000000, 81, 80.44 W
2026/09/20 22:23:30.094, 2496 MHz, 0x0000000000000000, 74, 32.35 W
2026/09/20 22:23:31.094, 2496 MHz, 0x0000000000000000, 78, 27.79 W
2026/09/20 22:23:32.094, 2496 MHz, 0x0000000000000000, 73, 27.32 W
2026/09/20 22:23:33.095, 2496 MHz, 0x0000000000000000, 72, 23.63 W
2026/09/20 22:23:34.095, 2496 MHz, 0x0000000000000000, 72, 29.88 W
2026/09/20 22:23:35.095, 2515 MHz, 0x0000000000000000, 72, 23.64 W
2026/09/20 22:23:36.095, 2496 MHz, 0x0000000000000000, 71, 29.95 W
2026/09/20 22:23:37.096, 2522 MHz, 0x0000000000000000, 71, 23.58 W
2026/09/20 22:23:38.096, 2463 MHz, 0x0000000000000000, 80, 67.77 W
2026/09/20 22:23:39.096, 2476 MHz, 0x0000000000000000, 81, 81.68 W
2026/09/20 22:23:40.097, 2463 MHz, 0x0000000000000000, 81, 80.42 W
2026/09/20 22:23:41.097, 2450 MHz, 0x0000000000000000, 80, 83.67 W
2026/09/20 22:23:42.098, 2470 MHz, 0x0000000000000000, 82, 83.06 W
2026/09/20 22:23:43.098, 2457 MHz, 0x0000000000000000, 81, 80.43 W
2026/09/20 22:23:44.098, 2450 MHz, 0x0000000000000000, 81, 83.94 W
2026/09/20 22:23:45.099, 2470 MHz, 0x0000000000000000, 82, 82.59 W
2026/09/20 22:23:46.099, 2457 MHz, 0x0000000000000000, 80, 80.86 W
2026/09/20 22:23:47.099, 2457 MHz, 0x0000000000000000, 84, 83.64 W
2026/09/20 22:23:48.100, 2463 MHz, 0x0000000000000000, 82, 79.91 W
2026/09/20 22:23:49.100, 2450 MHz, 0x0000000000000000, 82, 84.54 W
2026/09/20 22:23:50.100, 2470 MHz, 0x0000000000000000, 82, 83.91 W
2026/09/20 22:23:51.101, 2457 MHz, 0x0000000000000000, 83, 80.70 W
2026/09/20 22:23:52.101, 2450 MHz, 0x0000000000000000, 82, 84.59 W
2026/09/20 22:23:53.102, 2470 MHz, 0x0000000000000000, 84, 84.01 W
2026/09/20 22:23:54.102, 2463 MHz, 0x0000000000000000, 83, 81.11 W
2026/09/20 22:23:55.103, 2444 MHz, 0x0000000000000000, 81, 84.25 W
2026/09/20 22:23:56.103, 2463 MHz, 0x0000000000000000, 84, 84.21 W
2026/09/20 22:23:57.103, 2463 MHz, 0x0000000000000000, 81, 81.09 W
2026/09/20 22:23:58.104, 2431 MHz, 0x0000000000000000, 81, 84.53 W
2026/09/20 22:23:59.104, 2463 MHz, 0x0000000000000000, 83, 83.73 W
2026/09/20 22:24:00.104, 2450 MHz, 0x0000000000000000, 81, 81.18 W
2026/09/20 22:24:01.105, 2444 MHz, 0x0000000000000000, 85, 85.01 W
2026/09/20 22:24:02.105, 2463 MHz, 0x0000000000000000, 83, 83.46 W
2026/09/20 22:24:03.105, 2450 MHz, 0x0000000000000000, 84, 81.24 W
2026/09/20 22:24:04.106, 2444 MHz, 0x0000000000000000, 81, 83.89 W
2026/09/20 22:24:05.107, 2457 MHz, 0x0000000000000000, 80, 83.48 W
2026/09/20 22:24:06.107, 2444 MHz, 0x0000000000000000, 83, 80.79 W
2026/09/20 22:24:07.108, 2444 MHz, 0x0000000000000000, 83, 83.30 W
2026/09/20 22:24:08.108, 2457 MHz, 0x0000000000000000, 83, 83.58 W
2026/09/20 22:24:09.109, 2450 MHz, 0x0000000000000000, 84, 81.82 W
2026/09/20 22:24:10.109, 2489 MHz, 0x0000000000000000, 75, 56.30 W
2026/09/20 22:24:11.109, 2483 MHz, 0x0000000000000000, 74, 31.10 W
2026/09/20 22:24:12.110, 2496 MHz, 0x0000000000000000, 73, 23.89 W
2026/09/20 22:24:13.110, 2496 MHz, 0x0000000000000000, 73, 23.72 W
2026/09/20 22:24:14.111, 2489 MHz, 0x0000000000000000, 72, 30.44 W
2026/09/20 22:24:15.111, 2496 MHz, 0x0000000000000000, 72, 23.62 W
2026/09/20 22:24:16.111, 2515 MHz, 0x0000000000000000, 71, 23.71 W
2026/09/20 22:24:17.111, 2522 MHz, 0x0000000000000000, 71, 30.45 W
2026/09/20 22:24:18.112, 2522 MHz, 0x0000000000000000, 79, 30.35 W
2026/09/20 22:24:19.112, 2470 MHz, 0x0000000000000000, 80, 82.87 W
2026/09/20 22:24:20.113, 2457 MHz, 0x0000000000000000, 78, 80.75 W
2026/09/20 22:24:21.113, 2450 MHz, 0x0000000000000000, 81, 83.92 W
2026/09/20 22:24:22.113, 2470 MHz, 0x0000000000000000, 81, 83.16 W
2026/09/20 22:24:23.114, 2457 MHz, 0x0000000000000000, 82, 81.02 W
2026/09/20 22:24:24.114, 2437 MHz, 0x0000000000000000, 78, 84.38 W
2026/09/20 22:24:25.115, 2463 MHz, 0x0000000000000000, 78, 83.20 W
2026/09/20 22:24:26.115, 2457 MHz, 0x0000000000000000, 83, 81.56 W
2026/09/20 22:24:27.115, 2437 MHz, 0x0000000000000000, 79, 84.12 W
2026/09/20 22:24:28.116, 2463 MHz, 0x0000000000000000, 82, 83.46 W
2026/09/20 22:24:29.116, 2450 MHz, 0x0000000000000000, 82, 81.88 W
2026/09/20 22:24:30.117, 2450 MHz, 0x0000000000000000, 80, 84.11 W
2026/09/20 22:24:31.117, 2463 MHz, 0x0000000000000000, 85, 83.61 W
2026/09/20 22:24:32.117, 2444 MHz, 0x0000000000000000, 83, 81.98 W
2026/09/20 22:24:33.118, 2450 MHz, 0x0000000000000000, 85, 83.82 W
2026/09/20 22:24:34.118, 2457 MHz, 0x0000000000000000, 82, 83.93 W
2026/09/20 22:24:35.118, 2444 MHz, 0x0000000000000000, 80, 81.29 W
2026/09/20 22:24:36.119, 2437 MHz, 0x0000000000000000, 83, 85.39 W
2026/09/20 22:24:37.120, 2463 MHz, 0x0000000000000000, 82, 82.99 W
2026/09/20 22:24:38.120, 2450 MHz, 0x0000000000000000, 85, 81.74 W
2026/09/20 22:24:39.121, 2431 MHz, 0x0000000000000000, 84, 84.76 W
2026/09/20 22:24:40.121, 2457 MHz, 0x0000000000000000, 81, 83.92 W
2026/09/20 22:24:41.121, 2450 MHz, 0x0000000000000000, 83, 81.58 W
2026/09/20 22:24:42.122, 2431 MHz, 0x0000000000000000, 82, 84.48 W
2026/09/20 22:24:43.122, 2457 MHz, 0x0000000000000000, 81, 84.05 W
2026/09/20 22:24:44.122, 2463 MHz, 0x0000000000000000, 81, 71.21 W
2026/09/20 22:24:45.123, 2431 MHz, 0x0000000000000000, 83, 85.26 W
2026/09/20 22:24:46.123, 2450 MHz, 0x0000000000000000, 82, 84.35 W
2026/09/20 22:24:47.124, 2450 MHz, 0x0000000000000000, 82, 82.24 W
2026/09/20 22:24:48.124, 2437 MHz, 0x0000000000000000, 84, 85.27 W
2026/09/20 22:24:49.124, 2457 MHz, 0x0000000000000000, 82, 85.10 W
2026/09/20 22:24:50.125, 2444 MHz, 0x0000000000000000, 83, 80.39 W
2026/09/20 22:24:51.125, 2496 MHz, 0x0000000000000000, 74, 25.97 W
2026/09/20 22:24:52.125, 2496 MHz, 0x0000000000000000, 74, 24.00 W
2026/09/20 22:24:53.125, 2496 MHz, 0x0000000000000000, 73, 30.70 W
2026/09/20 22:24:54.126, 2496 MHz, 0x0000000000000000, 73, 23.58 W
2026/09/20 22:24:55.126, 2496 MHz, 0x0000000000000000, 72, 23.50 W
2026/09/20 22:24:56.126, 2489 MHz, 0x0000000000000000, 72, 30.37 W
2026/09/20 22:24:57.127, 2489 MHz, 0x0000000000000000, 71, 23.40 W
2026/09/20 22:24:58.127, 2489 MHz, 0x0000000000000000, 79, 45.90 W
2026/09/20 22:24:59.127, 2450 MHz, 0x0000000000000000, 81, 84.48 W
2026/09/20 22:25:00.128, 2457 MHz, 0x0000000000000000, 81, 82.65 W
2026/09/20 22:25:01.128, 2457 MHz, 0x0000000000000000, 82, 81.76 W
2026/09/20 22:25:02.128, 2437 MHz, 0x0000000000000000, 82, 84.66 W
2026/09/20 22:25:03.129, 2457 MHz, 0x0000000000000000, 79, 84.18 W
2026/09/20 22:25:04.129, 2457 MHz, 0x0000000000000000, 81, 81.20 W
2026/09/20 22:25:05.129, 2431 MHz, 0x0000000000000000, 82, 84.92 W
2026/09/20 22:25:06.130, 2463 MHz, 0x0000000000000000, 83, 84.16 W
2026/09/20 22:25:07.130, 2463 MHz, 0x0000000000000000, 82, 81.15 W
2026/09/20 22:25:08.130, 2437 MHz, 0x0000000000000000, 84, 85.16 W
2026/09/20 22:25:09.131, 2457 MHz, 0x0000000000000000, 80, 85.04 W
2026/09/20 22:25:10.131, 2457 MHz, 0x0000000000000000, 83, 81.26 W
2026/09/20 22:25:11.132, 2437 MHz, 0x0000000000000000, 84, 85.23 W
2026/09/20 22:25:12.132, 2444 MHz, 0x0000000000000000, 79, 85.00 W
2026/09/20 22:25:13.133, 2450 MHz, 0x0000000000000000, 83, 81.56 W
2026/09/20 22:25:14.133, 2450 MHz, 0x0000000000000000, 81, 85.64 W
2026/09/20 22:25:15.133, 2431 MHz, 0x0000000000000000, 84, 85.35 W
2026/09/20 22:25:16.133, 2457 MHz, 0x0000000000000000, 86, 84.23 W
2026/09/20 22:25:17.134, 2444 MHz, 0x0000000000000000, 83, 82.09 W
2026/09/20 22:25:18.134, 2424 MHz, 0x0000000000000000, 80, 85.48 W
2026/09/20 22:25:19.135, 2457 MHz, 0x0000000000000000, 83, 84.50 W
2026/09/20 22:25:20.135, 2444 MHz, 0x0000000000000000, 83, 82.28 W
2026/09/20 22:25:21.135, 2424 MHz, 0x0000000000000000, 84, 85.81 W
2026/09/20 22:25:22.136, 2450 MHz, 0x0000000000000000, 84, 84.59 W
2026/09/20 22:25:23.136, 2450 MHz, 0x0000000000000000, 83, 82.60 W
2026/09/20 22:25:24.137, 2424 MHz, 0x0000000000000000, 84, 85.64 W
2026/09/20 22:25:25.137, 2431 MHz, 0x0000000000000000, 84, 83.91 W
2026/09/20 22:25:26.137, 2450 MHz, 0x0000000000000000, 83, 82.03 W
2026/09/20 22:25:27.137, 2437 MHz, 0x0000000000000000, 84, 85.83 W
2026/09/20 22:25:28.138, 2431 MHz, 0x0000000000000000, 84, 85.33 W
2026/09/20 22:25:29.138, 2457 MHz, 0x0000000000000000, 80, 81.65 W
2026/09/20 22:25:30.139, 2437 MHz, 0x0000000000000000, 84, 84.55 W
2026/09/20 22:25:31.139, 2496 MHz, 0x0000000000000000, 74, 24.67 W
2026/09/20 22:25:32.139, 2496 MHz, 0x0000000000000000, 74, 23.92 W
2026/09/20 22:25:33.139, 2496 MHz, 0x0000000000000000, 73, 23.75 W
2026/09/20 22:25:34.139, 2496 MHz, 0x0000000000000000, 73, 31.48 W
2026/09/20 22:25:35.139, 2496 MHz, 0x0000000000000000, 72, 23.49 W
2026/09/20 22:25:36.140, 2522 MHz, 0x0000000000000000, 72, 23.59 W
2026/09/20 22:25:37.140, 2522 MHz, 0x0000000000000000, 80, 30.97 W
2026/09/20 22:25:38.141, 2496 MHz, 0x0000000000000000, 71, 24.62 W
2026/09/20 22:25:39.141, 2437 MHz, 0x0000000000000000, 78, 74.31 W
2026/09/20 22:25:40.141, 2463 MHz, 0x0000000000000000, 82, 84.37 W
2026/09/20 22:25:41.142, 2450 MHz, 0x0000000000000000, 81, 81.76 W
2026/09/20 22:25:42.142, 2444 MHz, 0x0000000000000000, 80, 85.41 W
2026/09/20 22:25:43.143, 2450 MHz, 0x0000000000000000, 82, 83.91 W
2026/09/20 22:25:44.143, 2450 MHz, 0x0000000000000000, 79, 82.16 W
2026/09/20 22:25:45.144, 2431 MHz, 0x0000000000000000, 82, 85.37 W
2026/09/20 22:25:46.144, 2450 MHz, 0x0000000000000000, 82, 84.33 W
2026/09/20 22:25:47.145, 2463 MHz, 0x0000000000000000, 82, 81.99 W
2026/09/20 22:25:48.145, 2431 MHz, 0x0000000000000000, 83, 85.46 W
2026/09/20 22:25:49.146, 2437 MHz, 0x0000000000000000, 82, 85.56 W
2026/09/20 22:25:50.146, 2457 MHz, 0x0000000000000000, 78, 81.25 W
2026/09/20 22:25:51.146, 2444 MHz, 0x0000000000000000, 84, 85.96 W
2026/09/20 22:25:52.147, 2444 MHz, 0x0000000000000000, 80, 85.85 W
2026/09/20 22:25:53.147, 2450 MHz, 0x0000000000000000, 85, 84.51 W
2026/09/20 22:25:54.148, 2444 MHz, 0x0000000000000000, 83, 82.22 W
2026/09/20 22:25:55.148, 2437 MHz, 0x0000000000000000, 80, 86.08 W
2026/09/20 22:25:56.149, 2450 MHz, 0x0000000000000000, 84, 85.41 W
2026/09/20 22:25:57.149, 2463 MHz, 0x0000000000000000, 83, 82.44 W
2026/09/20 22:25:58.150, 2431 MHz, 0x0000000000000000, 82, 85.52 W
2026/09/20 22:25:59.150, 2437 MHz, 0x0000000000000000, 85, 85.82 W
2026/09/20 22:26:00.151, 2444 MHz, 0x0000000000000000, 81, 81.46 W
2026/09/20 22:26:01.151, 2437 MHz, 0x0000000000000000, 83, 85.84 W
2026/09/20 22:26:02.152, 2431 MHz, 0x0000000000000000, 83, 86.10 W
2026/09/20 22:26:03.152, 2457 MHz, 0x0000000000000000, 82, 85.31 W
2026/09/20 22:26:04.152, 2444 MHz, 0x0000000000000000, 82, 82.46 W
2026/09/20 22:26:05.153, 2424 MHz, 0x0000000000000000, 82, 85.87 W
2026/09/20 22:26:06.153, 2450 MHz, 0x0000000000000000, 84, 85.49 W
2026/09/20 22:26:07.154, 2463 MHz, 0x0000000000000000, 81, 82.96 W
2026/09/20 22:26:08.154, 2431 MHz, 0x0000000000000000, 86, 86.20 W
2026/09/20 22:26:09.154, 2418 MHz, 0x0000000000000000, 83, 85.91 W
2026/09/20 22:26:10.154, 2450 MHz, 0x0000000000000020, 84, 83.02 W
2026/09/20 22:26:11.155, 2489 MHz, 0x0000000000000000, 75, 43.80 W
2026/09/20 22:26:12.155, 2489 MHz, 0x0000000000000000, 74, 24.21 W
2026/09/20 22:26:13.156, 2496 MHz, 0x0000000000000000, 73, 23.86 W
2026/09/20 22:26:14.156, 2496 MHz, 0x0000000000000000, 74, 28.19 W
2026/09/20 22:26:15.156, 2496 MHz, 0x0000000000000000, 73, 28.12 W
2026/09/20 22:26:16.156, 2496 MHz, 0x0000000000000000, 72, 23.45 W
2026/09/20 22:26:17.157, 2496 MHz, 0x0000000000000000, 72, 23.34 W
2026/09/20 22:26:18.157, 2522 MHz, 0x0000000000000000, 71, 23.44 W
2026/09/20 22:26:19.157, 2463 MHz, 0x0000000000000000, 78, 63.39 W
2026/09/20 22:26:20.158, 2444 MHz, 0x0000000000000000, 78, 85.37 W
2026/09/20 22:26:21.158, 2463 MHz, 0x0000000000000000, 79, 84.32 W
2026/09/20 22:26:22.158, 2450 MHz, 0x0000000000000000, 81, 81.87 W
2026/09/20 22:26:23.158, 2424 MHz, 0x0000000000000000, 82, 85.17 W
2026/09/20 22:26:24.159, 2444 MHz, 0x0000000000000000, 82, 84.75 W
2026/09/20 22:26:25.159, 2450 MHz, 0x0000000000000000, 83, 81.69 W
2026/09/20 22:26:26.159, 2437 MHz, 0x0000000000000000, 79, 85.47 W
2026/09/20 22:26:27.160, 2444 MHz, 0x0000000000000000, 82, 86.10 W
2026/09/20 22:26:28.160, 2463 MHz, 0x0000000000000000, 80, 84.85 W
2026/09/20 22:26:29.160, 2444 MHz, 0x0000000000000000, 83, 82.74 W
2026/09/20 22:26:30.160, 2424 MHz, 0x0000000000000000, 84, 85.58 W
2026/09/20 22:26:31.160, 2444 MHz, 0x0000000000000000, 83, 85.13 W
2026/09/20 22:26:32.161, 2463 MHz, 0x0000000000000000, 80, 82.70 W
2026/09/20 22:26:33.161, 2424 MHz, 0x0000000000000000, 83, 85.94 W
2026/09/20 22:26:34.161, 2424 MHz, 0x0000000000000000, 81, 85.27 W
2026/09/20 22:26:35.161, 2444 MHz, 0x0000000000000000, 83, 82.74 W
2026/09/20 22:26:36.162, 2431 MHz, 0x0000000000000000, 83, 85.73 W
2026/09/20 22:26:37.162, 2431 MHz, 0x0000000000000000, 84, 86.18 W
2026/09/20 22:26:38.162, 2450 MHz, 0x0000000000000000, 82, 85.55 W
2026/09/20 22:26:39.163, 2457 MHz, 0x0000000000000000, 84, 82.77 W
2026/09/20 22:26:40.163, 2424 MHz, 0x0000000000000000, 84, 86.31 W
2026/09/20 22:26:41.164, 2437 MHz, 0x0000000000000000, 81, 85.87 W
2026/09/20 22:26:42.164, 2450 MHz, 0x0000000000000000, 82, 81.31 W
2026/09/20 22:26:43.164, 2431 MHz, 0x0000000000000000, 81, 85.85 W
2026/09/20 22:26:44.165, 2431 MHz, 0x0000000000000000, 85, 86.28 W
2026/09/20 22:26:45.165, 2450 MHz, 0x0000000000000020, 80, 82.99 W
2026/09/20 22:26:46.166, 2457 MHz, 0x0000000000000000, 84, 83.64 W
2026/09/20 22:26:47.166, 2424 MHz, 0x0000000000000000, 82, 86.02 W
2026/09/20 22:26:48.166, 2431 MHz, 0x0000000000000000, 85, 85.98 W
2026/09/20 22:26:49.167, 2424 MHz, 0x0000000000000000, 81, 82.95 W
2026/09/20 22:26:50.167, 2431 MHz, 0x0000000000000000, 84, 85.06 W
2026/09/20 22:26:51.168, 2418 MHz, 0x0000000000000000, 76, 73.78 W
2026/09/20 22:26:52.168, 2496 MHz, 0x0000000000000000, 75, 24.50 W
2026/09/20 22:26:53.168, 2496 MHz, 0x0000000000000000, 74, 24.00 W
2026/09/20 22:26:54.169, 2496 MHz, 0x0000000000000000, 73, 23.80 W
2026/09/20 22:26:55.169, 2489 MHz, 0x0000000000000000, 73, 32.36 W
2026/09/20 22:26:56.169, 2496 MHz, 0x0000000000000000, 72, 23.59 W
2026/09/20 22:26:57.169, 2496 MHz, 0x0000000000000000, 72, 23.45 W
2026/09/20 22:26:58.170, 2496 MHz, 0x0000000000000000, 72, 23.36 W
2026/09/20 22:26:59.170, 2496 MHz, 0x0000000000000000, 71, 23.39 W
2026/09/20 22:27:00.170, 2457 MHz, 0x0000000000000000, 80, 67.90 W
2026/09/20 22:27:01.171, 2444 MHz, 0x0000000000000000, 81, 81.79 W
2026/09/20 22:27:02.171, 2437 MHz, 0x0000000000000000, 81, 85.51 W
2026/09/20 22:27:03.172, 2424 MHz, 0x0000000000000000, 82, 85.64 W
2026/09/20 22:27:04.172, 2444 MHz, 0x0000000000000000, 83, 84.71 W
2026/09/20 22:27:05.173, 2457 MHz, 0x0000000000000000, 82, 82.23 W
2026/09/20 22:27:06.173, 2431 MHz, 0x0000000000000000, 79, 85.85 W
2026/09/20 22:27:07.173, 2444 MHz, 0x0000000000000000, 84, 85.48 W
2026/09/20 22:27:08.174, 2457 MHz, 0x0000000000000000, 77, 81.65 W
2026/09/20 22:27:09.174, 2437 MHz, 0x0000000000000000, 82, 86.06 W
2026/09/20 22:27:10.175, 2424 MHz, 0x0000000000000000, 80, 86.04 W
2026/09/20 22:27:11.175, 2437 MHz, 0x0000000000000000, 82, 85.44 W
2026/09/20 22:27:12.176, 2463 MHz, 0x0000000000000000, 81, 83.07 W
2026/09/20 22:27:13.176, 2437 MHz, 0x0000000000000000, 81, 86.15 W
2026/09/20 22:27:14.177, 2418 MHz, 0x0000000000000000, 85, 86.13 W
2026/09/20 22:27:15.177, 2457 MHz, 0x0000000000000000, 84, 84.79 W
2026/09/20 22:27:16.178, 2450 MHz, 0x0000000000000000, 80, 79.50 W
2026/09/20 22:27:17.178, 2444 MHz, 0x0000000000000000, 82, 83.97 W
2026/09/20 22:27:18.179, 2450 MHz, 0x0000000000000000, 86, 83.72 W
2026/09/20 22:27:19.179, 2450 MHz, 0x0000000000000000, 78, 79.72 W
2026/09/20 22:27:20.180, 2411 MHz, 0x0000000000000000, 73, 18.11 W
2026/09/20 22:27:21.180, 2411 MHz, 0x0000000000000000, 72, 16.22 W
2026/09/20 22:27:22.180, 2411 MHz, 0x0000000000000000, 71, 16.01 W
2026/09/20 22:27:23.181, 2470 MHz, 0x0000000000000000, 78, 59.11 W
2026/09/20 22:27:24.181, 2483 MHz, 0x0000000000000000, 79, 67.90 W
2026/09/20 22:27:25.182, 2457 MHz, 0x0000000000000000, 76, 48.03 W
2026/09/20 22:27:26.182, 2463 MHz, 0x0000000000000000, 77, 56.25 W
2026/09/20 22:27:27.182, 2457 MHz, 0x0000000000000000, 73, 54.19 W
2026/09/20 22:27:28.183, 2489 MHz, 0x0000000000000000, 73, 31.32 W
2026/09/20 22:27:29.183, 2489 MHz, 0x0000000000000000, 76, 41.00 W
2026/09/20 22:27:30.184, 2476 MHz, 0x0000000000000000, 78, 70.06 W
2026/09/20 22:27:31.185, 2476 MHz, 0x0000000000000000, 79, 67.16 W
2026/09/20 22:27:32.185, 2483 MHz, 0x0000000000000000, 75, 65.76 W
2026/09/20 22:27:33.186, 2489 MHz, 0x0000000000000000, 76, 52.50 W
2026/09/20 22:27:34.186, 2411 MHz, 0x0000000000000000, 73, 27.09 W
2026/09/20 22:27:35.187, 2476 MHz, 0x0000000000000000, 79, 70.14 W
2026/09/20 22:27:36.187, 2476 MHz, 0x0000000000000000, 79, 66.93 W
2026/09/20 22:27:37.188, 2476 MHz, 0x0000000000000000, 77, 70.30 W
2026/09/20 22:27:38.189, 2470 MHz, 0x0000000000000000, 74, 54.19 W
2026/09/20 22:27:39.189, 2411 MHz, 0x0000000000000000, 71, 21.42 W
2026/09/20 22:27:40.189, 2476 MHz, 0x0000000000000000, 78, 70.12 W
2026/09/20 22:27:41.190, 2476 MHz, 0x0000000000000000, 78, 66.94 W
2026/09/20 22:27:42.190, 2483 MHz, 0x0000000000000000, 78, 70.54 W
2026/09/20 22:27:43.191, 2476 MHz, 0x0000000000000000, 77, 68.52 W
2026/09/20 22:27:44.191, 2483 MHz, 0x0000000000000000, 78, 70.60 W
2026/09/20 22:27:45.192, 2470 MHz, 0x0000000000000000, 78, 69.07 W
2026/09/20 22:27:46.192, 2483 MHz, 0x0000000000000000, 77, 70.23 W
2026/09/20 22:27:47.193, 2470 MHz, 0x0000000000000000, 78, 69.80 W
2026/09/20 22:27:48.193, 2476 MHz, 0x0000000000000000, 79, 71.01 W
2026/09/20 22:27:49.193, 2470 MHz, 0x0000000000000000, 80, 70.44 W
2026/09/20 22:27:50.194, 2483 MHz, 0x0000000000000000, 79, 70.67 W
2026/09/20 22:27:51.194, 2470 MHz, 0x0000000000000000, 78, 71.02 W
2026/09/20 22:27:52.195, 2483 MHz, 0x0000000000000000, 78, 71.05 W
2026/09/20 22:27:53.195, 2470 MHz, 0x0000000000000000, 80, 71.36 W
2026/09/20 22:27:54.196, 2483 MHz, 0x0000000000000000, 77, 57.31 W
2026/09/20 22:27:55.196, 2483 MHz, 0x0000000000000000, 73, 45.69 W
2026/09/20 22:27:56.196, 2476 MHz, 0x0000000000000000, 78, 54.23 W
2026/09/20 22:27:57.197, 2483 MHz, 0x0000000000000000, 80, 71.58 W
2026/09/20 22:27:58.197, 2470 MHz, 0x0000000000000000, 80, 71.50 W
2026/09/20 22:27:59.198, 2476 MHz, 0x0000000000000000, 81, 71.93 W
2026/09/20 22:28:00.198, 2463 MHz, 0x0000000000000000, 81, 71.75 W
2026/09/20 22:28:01.199, 2476 MHz, 0x0000000000000000, 78, 72.27 W
2026/09/20 22:28:02.199, 2463 MHz, 0x0000000000000000, 81, 71.96 W
2026/09/20 22:28:03.200, 2476 MHz, 0x0000000000000000, 80, 72.94 W
2026/09/20 22:28:04.200, 2457 MHz, 0x0000000000000000, 81, 72.36 W
2026/09/20 22:28:05.201, 2470 MHz, 0x0000000000000000, 79, 73.37 W
2026/09/20 22:28:06.201, 2470 MHz, 0x0000000000000000, 80, 71.82 W
2026/09/20 22:28:07.201, 2476 MHz, 0x0000000000000000, 79, 74.07 W
2026/09/20 22:28:08.202, 2470 MHz, 0x0000000000000000, 82, 72.31 W
2026/09/20 22:28:09.202, 2476 MHz, 0x0000000000000000, 81, 74.61 W
2026/09/20 22:28:10.203, 2463 MHz, 0x0000000000000000, 82, 72.13 W
2026/09/20 22:28:11.204, 2470 MHz, 0x0000000000000000, 80, 75.11 W
2026/09/20 22:28:12.204, 2463 MHz, 0x0000000000000000, 79, 72.01 W
2026/09/20 22:28:13.204, 2463 MHz, 0x0000000000000000, 81, 76.32 W
2026/09/20 22:28:14.204, 2470 MHz, 0x0000000000000000, 79, 71.68 W
2026/09/20 22:28:15.205, 2463 MHz, 0x0000000000000000, 82, 76.93 W
2026/09/20 22:28:16.206, 2470 MHz, 0x0000000000000000, 82, 71.39 W
2026/09/20 22:28:17.206, 2457 MHz, 0x0000000000000000, 82, 77.21 W
2026/09/20 22:28:18.207, 2470 MHz, 0x0000000000000000, 81, 73.85 W
2026/09/20 22:28:19.207, 2457 MHz, 0x0000000000000000, 80, 75.66 W
2026/09/20 22:28:20.208, 2463 MHz, 0x0000000000000000, 82, 74.76 W
2026/09/20 22:28:21.208, 2463 MHz, 0x0000000000000000, 82, 74.93 W
2026/09/20 22:28:22.209, 2470 MHz, 0x0000000000000000, 82, 75.56 W
2026/09/20 22:28:23.209, 2463 MHz, 0x0000000000000000, 80, 74.17 W
2026/09/20 22:28:24.210, 2463 MHz, 0x0000000000000000, 82, 76.09 W
2026/09/20 22:28:25.211, 2463 MHz, 0x0000000000000000, 81, 74.10 W
2026/09/20 22:28:26.211, 2463 MHz, 0x0000000000000000, 81, 77.13 W
2026/09/20 22:28:27.212, 2463 MHz, 0x0000000000000000, 77, 73.29 W
2026/09/20 22:28:28.212, 2457 MHz, 0x0000000000000000, 83, 77.96 W
2026/09/20 22:28:29.212, 2489 MHz, 0x0000000000000000, 75, 38.57 W
2026/09/20 22:28:30.213, 2489 MHz, 0x0000000000000000, 74, 32.88 W
2026/09/20 22:28:31.213, 2489 MHz, 0x0000000000000000, 74, 34.07 W
2026/09/20 22:28:32.214, 2463 MHz, 0x0000000000000000, 79, 64.38 W
2026/09/20 22:28:33.214, 2470 MHz, 0x0000000000000000, 80, 77.20 W
2026/09/20 22:28:34.215, 2463 MHz, 0x0000000000000000, 77, 72.97 W
2026/09/20 22:28:35.215, 2457 MHz, 0x0000000000000000, 83, 78.72 W
2026/09/20 22:28:36.215, 2463 MHz, 0x0000000000000000, 81, 75.61 W
2026/09/20 22:28:37.216, 2450 MHz, 0x0000000000000000, 83, 75.67 W
2026/09/20 22:28:38.216, 2470 MHz, 0x0000000000000000, 81, 76.19 W
2026/09/20 22:28:39.217, 2457 MHz, 0x0000000000000000, 80, 75.72 W
2026/09/20 22:28:40.217, 2463 MHz, 0x0000000000000000, 83, 77.42 W
2026/09/20 22:28:41.217, 2463 MHz, 0x0000000000000000, 83, 74.19 W
2026/09/20 22:28:42.218, 2463 MHz, 0x0000000000000000, 80, 77.94 W
2026/09/20 22:28:43.218, 2470 MHz, 0x0000000000000000, 81, 75.87 W
2026/09/20 22:28:44.219, 2457 MHz, 0x0000000000000000, 83, 77.09 W
2026/09/20 22:28:45.219, 2463 MHz, 0x0000000000000000, 84, 76.77 W
2026/09/20 22:28:46.220, 2457 MHz, 0x0000000000000000, 83, 76.37 W
2026/09/20 22:28:47.220, 2463 MHz, 0x0000000000000000, 82, 78.11 W
2026/09/20 22:28:48.221, 2463 MHz, 0x0000000000000000, 78, 68.55 W
2026/09/20 22:28:49.222, 2450 MHz, 0x0000000000000000, 74, 37.75 W
2026/09/20 22:28:50.222, 2483 MHz, 0x0000000000000000, 75, 31.52 W
2026/09/20 22:28:51.223, 2489 MHz, 0x0000000000000000, 75, 37.33 W
2026/09/20 22:28:52.223, 2489 MHz, 0x0000000000000000, 75, 37.23 W
2026/09/20 22:28:53.224, 2489 MHz, 0x0000000000000000, 75, 37.14 W
2026/09/20 22:28:54.224, 2489 MHz, 0x0000000000000000, 75, 37.13 W
2026/09/20 22:28:55.225, 2489 MHz, 0x0000000000000000, 75, 36.96 W
2026/09/20 22:28:56.225, 2489 MHz, 0x0000000000000000, 74, 36.88 W
2026/09/20 22:28:57.226, 2411 MHz, 0x0000000000000000, 71, 27.13 W
2026/09/20 22:28:58.227, 2411 MHz, 0x0000000000000000, 71, 15.77 W
2026/09/20 22:28:59.227, 2470 MHz, 0x0000000000000000, 71, 22.65 W
2026/09/20 22:29:00.228, 2489 MHz, 0x0000000000000000, 72, 34.72 W
2026/09/20 22:29:01.228, 2489 MHz, 0x0000000000000000, 72, 35.35 W
2026/09/20 22:29:02.229, 2489 MHz, 0x0000000000000000, 72, 35.34 W
2026/09/20 22:29:03.229, 2489 MHz, 0x0000000000000000, 72, 35.28 W
2026/09/20 22:29:04.229, 2489 MHz, 0x0000000000000000, 72, 33.47 W
2026/09/20 22:29:05.230, 2489 MHz, 0x0000000000000000, 72, 32.38 W
2026/09/20 22:29:06.230, 2489 MHz, 0x0000000000000000, 72, 34.65 W
2026/09/20 22:29:07.230, 2489 MHz, 0x0000000000000000, 72, 35.17 W
2026/09/20 22:29:08.231, 2489 MHz, 0x0000000000000000, 72, 35.06 W
2026/09/20 22:29:09.232, 2489 MHz, 0x0000000000000000, 72, 35.00 W
2026/09/20 22:29:10.232, 2489 MHz, 0x0000000000000000, 72, 35.12 W
2026/09/20 22:29:11.233, 2489 MHz, 0x0000000000000000, 72, 35.02 W
2026/09/20 22:29:12.233, 2489 MHz, 0x0000000000000000, 72, 35.00 W
2026/09/20 22:29:13.233, 2502 MHz, 0x0000000000000000, 71, 34.98 W
2026/09/20 22:29:14.233, 2515 MHz, 0x0000000000000000, 71, 35.42 W
2026/09/20 22:29:15.233, 2515 MHz, 0x0000000000000000, 71, 35.42 W
2026/09/20 22:29:16.234, 2515 MHz, 0x0000000000000000, 71, 35.38 W
2026/09/20 22:29:17.235, 2515 MHz, 0x0000000000000000, 71, 35.31 W
2026/09/20 22:29:18.235, 2515 MHz, 0x0000000000000000, 71, 35.32 W
2026/09/20 22:29:19.235, 2515 MHz, 0x0000000000000000, 71, 35.28 W
2026/09/20 22:29:20.236, 2515 MHz, 0x0000000000000000, 71, 35.30 W
2026/09/20 22:29:21.236, 2515 MHz, 0x0000000000000000, 71, 35.30 W
2026/09/20 22:29:22.236, 2515 MHz, 0x0000000000000000, 71, 35.27 W
2026/09/20 22:29:23.237, 2515 MHz, 0x0000000000000000, 71, 35.27 W
2026/09/20 22:29:24.237, 2515 MHz, 0x0000000000000000, 71, 35.22 W
2026/09/20 22:29:25.238, 2515 MHz, 0x0000000000000000, 71, 35.23 W
2026/09/20 22:29:26.238, 2515 MHz, 0x0000000000000000, 71, 35.27 W
2026/09/20 22:29:27.239, 2515 MHz, 0x0000000000000000, 71, 35.16 W
2026/09/20 22:29:28.239, 2515 MHz, 0x0000000000000000, 71, 35.20 W
2026/09/20 22:29:29.239, 2515 MHz, 0x0000000000000000, 71, 35.25 W
2026/09/20 22:29:30.240, 2515 MHz, 0x0000000000000000, 71, 35.31 W
2026/09/20 22:29:31.240, 2515 MHz, 0x0000000000000000, 71, 35.22 W
2026/09/20 22:29:32.241, 2515 MHz, 0x0000000000000000, 70, 35.21 W
2026/09/20 22:29:33.241, 2515 MHz, 0x0000000000000000, 71, 35.27 W
2026/09/20 22:29:34.241, 2515 MHz, 0x0000000000000000, 70, 35.26 W
2026/09/20 22:29:35.242, 2411 MHz, 0x0000000000000000, 67, 17.69 W
2026/09/20 22:29:36.243, 2411 MHz, 0x0000000000000000, 67, 14.83 W
2026/09/20 22:29:37.243, 2411 MHz, 0x0000000000000000, 66, 14.69 W
2026/09/20 22:29:38.244, 2489 MHz, 0x0000000000000000, 74, 56.03 W
2026/09/20 22:29:39.244, 2496 MHz, 0x0000000000000000, 70, 50.34 W
2026/09/20 22:29:40.245, 2470 MHz, 0x0000000000000000, 75, 63.24 W
2026/09/20 22:29:41.245, 2483 MHz, 0x0000000000000000, 74, 68.47 W
2026/09/20 22:29:42.245, 2470 MHz, 0x0000000000000000, 75, 67.81 W
2026/09/20 22:29:43.246, 2483 MHz, 0x0000000000000000, 76, 68.47 W
2026/09/20 22:29:44.246, 2463 MHz, 0x0000000000000000, 73, 62.27 W
2026/09/20 22:29:45.247, 2457 MHz, 0x0000000000000000, 75, 62.40 W
2026/09/20 22:29:46.248, 2411 MHz, 0x0000000000000000, 68, 32.14 W
2026/09/20 22:29:47.249, 2437 MHz, 0x0000000000000000, 68, 16.03 W
2026/09/20 22:29:48.249, 2515 MHz, 0x0000000000000000, 69, 29.60 W
2026/09/20 22:29:49.250, 2515 MHz, 0x0000000000000000, 69, 34.85 W
2026/09/20 22:29:50.250, 2515 MHz, 0x0000000000000000, 70, 34.89 W
2026/09/20 22:29:51.250, 2515 MHz, 0x0000000000000000, 69, 34.71 W
2026/09/20 22:29:52.251, 2515 MHz, 0x0000000000000000, 69, 34.90 W
2026/09/20 22:29:53.251, 2515 MHz, 0x0000000000000000, 69, 34.82 W
2026/09/20 22:29:54.251, 2515 MHz, 0x0000000000000000, 69, 34.80 W
2026/09/20 22:29:55.252, 2515 MHz, 0x0000000000000000, 69, 34.88 W
2026/09/20 22:29:56.252, 2515 MHz, 0x0000000000000000, 69, 34.85 W
2026/09/20 22:29:57.252, 2515 MHz, 0x0000000000000000, 69, 34.89 W
2026/09/20 22:29:58.252, 2515 MHz, 0x0000000000000000, 69, 34.87 W
2026/09/20 22:29:59.253, 2515 MHz, 0x0000000000000000, 69, 34.73 W
2026/09/20 22:30:00.253, 2515 MHz, 0x0000000000000000, 69, 34.83 W
2026/09/20 22:30:01.253, 2515 MHz, 0x0000000000000000, 69, 34.90 W
2026/09/20 22:30:02.254, 2515 MHz, 0x0000000000000000, 69, 34.92 W
2026/09/20 22:30:03.254, 2515 MHz, 0x0000000000000000, 69, 34.83 W
2026/09/20 22:30:04.255, 2515 MHz, 0x0000000000000000, 69, 34.78 W
2026/09/20 22:30:05.255, 2515 MHz, 0x0000000000000000, 69, 34.87 W
2026/09/20 22:30:06.255, 2515 MHz, 0x0000000000000000, 69, 34.78 W
2026/09/20 22:30:07.256, 2515 MHz, 0x0000000000000000, 69, 34.79 W
2026/09/20 22:30:08.256, 2515 MHz, 0x0000000000000000, 69, 34.79 W
2026/09/20 22:30:09.257, 2515 MHz, 0x0000000000000000, 69, 34.80 W
2026/09/20 22:30:10.257, 2515 MHz, 0x0000000000000000, 69, 34.81 W
2026/09/20 22:30:11.257, 2515 MHz, 0x0000000000000000, 69, 34.72 W
2026/09/20 22:30:12.258, 2515 MHz, 0x0000000000000000, 68, 33.10 W
2026/09/20 22:30:13.258, 2515 MHz, 0x0000000000000000, 69, 32.53 W
2026/09/20 22:30:14.259, 2515 MHz, 0x0000000000000000, 69, 34.57 W
2026/09/20 22:30:15.260, 2515 MHz, 0x0000000000000000, 69, 34.62 W
2026/09/20 22:30:16.260, 2515 MHz, 0x0000000000000000, 69, 34.60 W
2026/09/20 22:30:17.260, 2515 MHz, 0x0000000000000000, 69, 34.59 W
2026/09/20 22:30:18.261, 2515 MHz, 0x0000000000000000, 69, 34.52 W
2026/09/20 22:30:19.261, 2515 MHz, 0x0000000000000000, 69, 34.64 W
2026/09/20 22:30:20.262, 2515 MHz, 0x0000000000000000, 69, 34.67 W
2026/09/20 22:30:21.263, 2515 MHz, 0x0000000000000000, 69, 34.67 W
2026/09/20 22:30:22.264, 2411 MHz, 0x0000000000000000, 66, 24.00 W
2026/09/20 22:30:23.264, 2411 MHz, 0x0000000000000000, 65, 14.58 W
2026/09/20 22:30:24.264, 2411 MHz, 0x0000000000000000, 65, 14.48 W
2026/09/20 22:30:25.264, 2483 MHz, 0x0000000000000000, 71, 41.69 W
2026/09/20 22:30:26.265, 2483 MHz, 0x0000000000000000, 71, 66.93 W
2026/09/20 22:30:27.265, 2470 MHz, 0x0000000000000000, 72, 66.75 W
2026/09/20 22:30:28.266, 2483 MHz, 0x0000000000000000, 74, 67.54 W
2026/09/20 22:30:29.266, 2470 MHz, 0x0000000000000000, 74, 68.24 W
2026/09/20 22:30:30.266, 2483 MHz, 0x0000000000000000, 72, 67.23 W
2026/09/20 22:30:31.267, 2476 MHz, 0x0000000000000000, 73, 69.10 W
2026/09/20 22:30:32.268, 2476 MHz, 0x0000000000000000, 74, 67.26 W
2026/09/20 22:30:33.268, 2476 MHz, 0x0000000000000000, 76, 69.20 W
2026/09/20 22:30:34.268, 2483 MHz, 0x0000000000000000, 72, 66.61 W
2026/09/20 22:30:35.269, 2476 MHz, 0x0000000000000000, 76, 71.65 W
2026/09/20 22:30:36.269, 2476 MHz, 0x0000000000000000, 74, 67.18 W
2026/09/20 22:30:37.270, 2483 MHz, 0x0000000000000000, 76, 71.57 W
2026/09/20 22:30:38.270, 2470 MHz, 0x0000000000000000, 75, 66.02 W
2026/09/20 22:30:39.271, 2457 MHz, 0x0000000000000000, 74, 62.90 W
2026/09/20 22:30:40.271, 2411 MHz, 0x0000000000000000, 68, 48.17 W
2026/09/20 22:30:41.271, 2411 MHz, 0x0000000000000000, 67, 15.01 W
2026/09/20 22:30:42.272, 2489 MHz, 0x0000000000000000, 69, 23.15 W
2026/09/20 22:30:43.272, 2515 MHz, 0x0000000000000000, 69, 35.17 W
2026/09/20 22:30:44.272, 2515 MHz, 0x0000000000000000, 69, 35.20 W
2026/09/20 22:30:45.273, 2515 MHz, 0x0000000000000000, 69, 35.16 W
2026/09/20 22:30:46.273, 2515 MHz, 0x0000000000000000, 69, 34.78 W
2026/09/20 22:30:47.273, 2515 MHz, 0x0000000000000000, 69, 35.19 W
2026/09/20 22:30:48.274, 2515 MHz, 0x0000000000000000, 69, 35.10 W
2026/09/20 22:30:49.274, 2515 MHz, 0x0000000000000000, 69, 35.10 W
2026/09/20 22:30:50.274, 2515 MHz, 0x0000000000000000, 69, 34.78 W
2026/09/20 22:30:51.274, 2515 MHz, 0x0000000000000000, 69, 32.02 W
2026/09/20 22:30:52.275, 2515 MHz, 0x0000000000000000, 69, 31.92 W
2026/09/20 22:30:53.275, 2515 MHz, 0x0000000000000000, 69, 35.07 W
2026/09/20 22:30:54.276, 2515 MHz, 0x0000000000000000, 69, 35.01 W
2026/09/20 22:30:55.276, 2515 MHz, 0x0000000000000000, 69, 35.07 W
2026/09/20 22:30:56.277, 2515 MHz, 0x0000000000000000, 69, 34.96 W
2026/09/20 22:30:57.277, 2515 MHz, 0x0000000000000000, 69, 35.01 W
2026/09/20 22:30:58.277, 2515 MHz, 0x0000000000000000, 69, 35.05 W
2026/09/20 22:30:59.277, 2515 MHz, 0x0000000000000000, 69, 34.98 W
2026/09/20 22:31:00.278, 2515 MHz, 0x0000000000000000, 69, 34.94 W
2026/09/20 22:31:01.278, 2515 MHz, 0x0000000000000000, 69, 34.83 W
2026/09/20 22:31:02.279, 2515 MHz, 0x0000000000000000, 69, 34.83 W
2026/09/20 22:31:03.279, 2515 MHz, 0x0000000000000000, 69, 34.87 W
2026/09/20 22:31:04.279, 2515 MHz, 0x0000000000000000, 69, 34.83 W
2026/09/20 22:31:05.280, 2515 MHz, 0x0000000000000000, 69, 34.83 W
2026/09/20 22:31:06.280, 2515 MHz, 0x0000000000000000, 69, 34.80 W
2026/09/20 22:31:07.281, 2515 MHz, 0x0000000000000000, 69, 34.88 W
2026/09/20 22:31:08.281, 2515 MHz, 0x0000000000000000, 69, 34.96 W
2026/09/20 22:31:09.281, 2515 MHz, 0x0000000000000000, 69, 34.85 W
2026/09/20 22:31:10.282, 2515 MHz, 0x0000000000000000, 69, 34.87 W
2026/09/20 22:31:11.282, 2515 MHz, 0x0000000000000000, 69, 34.97 W
2026/09/20 22:31:12.283, 2515 MHz, 0x0000000000000000, 69, 34.89 W
2026/09/20 22:31:13.283, 2515 MHz, 0x0000000000000000, 69, 34.81 W
2026/09/20 22:31:14.283, 2515 MHz, 0x0000000000000000, 68, 34.75 W
2026/09/20 22:31:15.284, 2515 MHz, 0x0000000000000000, 68, 34.90 W
2026/09/20 22:31:16.285, 2489 MHz, 0x0000000000000000, 67, 32.86 W
2026/09/20 22:31:17.286, 2411 MHz, 0x0000000000000000, 65, 14.58 W
2026/09/20 22:31:18.286, 2411 MHz, 0x0000000000000000, 65, 14.47 W
2026/09/20 22:31:19.287, 2411 MHz, 0x0000000000000000, 64, 14.47 W
2026/09/20 22:31:20.287, 2483 MHz, 0x0000000000000000, 71, 66.44 W
2026/09/20 22:31:21.288, 2483 MHz, 0x0000000000000000, 71, 64.78 W
2026/09/20 22:31:22.288, 2483 MHz, 0x0000000000000000, 74, 68.97 W
2026/09/20 22:31:23.288, 2483 MHz, 0x0000000000000000, 72, 65.93 W
2026/09/20 22:31:24.289, 2483 MHz, 0x0000000000000000, 74, 69.08 W
2026/09/20 22:31:25.289, 2496 MHz, 0x0000000000000000, 69, 50.14 W
2026/09/20 22:31:26.289, 2509 MHz, 0x0000000000000000, 72, 43.46 W
2026/09/20 22:31:27.290, 2483 MHz, 0x0000000000000000, 74, 60.65 W
2026/09/20 22:31:28.290, 2476 MHz, 0x0000000000000000, 75, 67.03 W
2026/09/20 22:31:29.290, 2483 MHz, 0x0000000000000000, 75, 69.47 W
2026/09/20 22:31:30.291, 2470 MHz, 0x0000000000000000, 75, 67.74 W
2026/09/20 22:31:31.291, 2483 MHz, 0x0000000000000000, 74, 69.67 W
2026/09/20 22:31:32.292, 2476 MHz, 0x0000000000000000, 76, 68.50 W
2026/09/20 22:31:33.292, 2483 MHz, 0x0000000000000000, 75, 69.56 W
2026/09/20 22:31:34.292, 2476 MHz, 0x0000000000000000, 74, 68.99 W
2026/09/20 22:31:35.293, 2483 MHz, 0x0000000000000000, 74, 70.42 W
2026/09/20 22:31:36.293, 2476 MHz, 0x0000000000000000, 76, 69.40 W
2026/09/20 22:31:37.294, 2483 MHz, 0x0000000000000000, 75, 70.58 W
2026/09/20 22:31:38.294, 2470 MHz, 0x0000000000000000, 75, 69.54 W
2026/09/20 22:31:39.294, 2483 MHz, 0x0000000000000000, 77, 70.89 W
2026/09/20 22:31:40.294, 2470 MHz, 0x0000000000000000, 78, 70.03 W
2026/09/20 22:31:41.295, 2483 MHz, 0x0000000000000000, 77, 71.30 W
2026/09/20 22:31:42.295, 2476 MHz, 0x0000000000000000, 76, 70.60 W
2026/09/20 22:31:43.296, 2483 MHz, 0x0000000000000000, 77, 71.33 W
2026/09/20 22:31:44.296, 2476 MHz, 0x0000000000000000, 79, 70.34 W
2026/09/20 22:31:45.296, 2483 MHz, 0x0000000000000000, 77, 71.90 W
2026/09/20 22:31:46.297, 2470 MHz, 0x0000000000000000, 76, 70.68 W
2026/09/20 22:31:47.298, 2483 MHz, 0x0000000000000000, 78, 72.70 W
2026/09/20 22:31:48.298, 2470 MHz, 0x0000000000000000, 78, 70.54 W
2026/09/20 22:31:49.299, 2483 MHz, 0x0000000000000000, 79, 73.22 W
2026/09/20 22:31:50.299, 2489 MHz, 0x0000000000000000, 74, 59.17 W
2026/09/20 22:31:51.300, 2483 MHz, 0x0000000000000000, 73, 41.58 W
2026/09/20 22:31:52.300, 2489 MHz, 0x0000000000000000, 75, 40.60 W
2026/09/20 22:31:53.301, 2411 MHz, 0x0000000000000000, 69, 40.24 W
2026/09/20 22:31:54.302, 2411 MHz, 0x0000000000000000, 68, 15.11 W
2026/09/20 22:31:55.302, 2496 MHz, 0x0000000000000000, 70, 28.94 W
2026/09/20 22:31:56.302, 2515 MHz, 0x0000000000000000, 70, 35.67 W
2026/09/20 22:31:57.303, 2515 MHz, 0x0000000000000000, 70, 35.58 W
2026/09/20 22:31:58.303, 2515 MHz, 0x0000000000000000, 70, 35.51 W
2026/09/20 22:31:59.304, 2515 MHz, 0x0000000000000000, 70, 35.30 W
2026/09/20 22:32:00.304, 2515 MHz, 0x0000000000000000, 70, 32.32 W
2026/09/20 22:32:01.304, 2515 MHz, 0x0000000000000000, 70, 32.67 W
2026/09/20 22:32:02.305, 2515 MHz, 0x0000000000000000, 70, 35.56 W
2026/09/20 22:32:03.305, 2515 MHz, 0x0000000000000000, 70, 35.47 W
2026/09/20 22:32:04.305, 2515 MHz, 0x0000000000000000, 70, 35.49 W
2026/09/20 22:32:05.306, 2515 MHz, 0x0000000000000000, 70, 35.43 W
2026/09/20 22:32:06.306, 2515 MHz, 0x0000000000000000, 70, 35.46 W
2026/09/20 22:32:07.306, 2515 MHz, 0x0000000000000000, 70, 35.32 W
2026/09/20 22:32:08.307, 2515 MHz, 0x0000000000000000, 70, 35.40 W
2026/09/20 22:32:09.307, 2515 MHz, 0x0000000000000000, 70, 35.37 W
2026/09/20 22:32:10.307, 2515 MHz, 0x0000000000000000, 70, 35.42 W
2026/09/20 22:32:11.308, 2515 MHz, 0x0000000000000000, 69, 35.41 W
2026/09/20 22:32:12.308, 2515 MHz, 0x0000000000000000, 70, 35.41 W
2026/09/20 22:32:13.308, 2515 MHz, 0x0000000000000000, 69, 35.42 W
2026/09/20 22:32:14.309, 2515 MHz, 0x0000000000000000, 70, 35.42 W
2026/09/20 22:32:15.309, 2515 MHz, 0x0000000000000000, 69, 35.44 W
2026/09/20 22:32:16.309, 2515 MHz, 0x0000000000000000, 69, 35.42 W
2026/09/20 22:32:17.310, 2515 MHz, 0x0000000000000000, 69, 35.38 W
2026/09/20 22:32:18.310, 2515 MHz, 0x0000000000000000, 69, 35.33 W
2026/09/20 22:32:19.311, 2515 MHz, 0x0000000000000000, 69, 35.27 W
2026/09/20 22:32:20.311, 2515 MHz, 0x0000000000000000, 69, 35.26 W
2026/09/20 22:32:21.312, 2515 MHz, 0x0000000000000000, 69, 35.30 W
2026/09/20 22:32:22.312, 2515 MHz, 0x0000000000000000, 69, 35.21 W
2026/09/20 22:32:23.313, 2515 MHz, 0x0000000000000000, 69, 35.19 W
2026/09/20 22:32:24.313, 2515 MHz, 0x0000000000000000, 69, 35.11 W
2026/09/20 22:32:25.313, 2515 MHz, 0x0000000000000000, 69, 33.58 W
2026/09/20 22:32:26.314, 2515 MHz, 0x0000000000000000, 69, 31.88 W
2026/09/20 22:32:27.314, 2515 MHz, 0x0000000000000000, 69, 33.95 W
2026/09/20 22:32:28.315, 2515 MHz, 0x0000000000000000, 69, 35.13 W
2026/09/20 22:32:29.315, 2418 MHz, 0x0000000000000000, 66, 29.22 W
2026/09/20 22:32:30.316, 2411 MHz, 0x0000000000000000, 66, 14.48 W
2026/09/20 22:32:31.316, 2411 MHz, 0x0000000000000000, 65, 14.39 W
2026/09/20 22:32:32.317, 2418 MHz, 0x0000000000000000, 65, 17.15 W
2026/09/20 22:32:33.317, 2483 MHz, 0x0000000000000000, 71, 68.35 W
2026/09/20 22:32:34.318, 2515 MHz, 0x0000000000000000, 70, 54.39 W
2026/09/20 22:32:35.318, 2509 MHz, 0x0000000000000000, 70, 41.27 W
2026/09/20 22:32:36.318, 2489 MHz, 0x0000000000000000, 73, 55.74 W
2026/09/20 22:32:37.319, 2489 MHz, 0x0000000000000000, 74, 65.67 W
2026/09/20 22:32:38.319, 2483 MHz, 0x0000000000000000, 72, 69.15 W
2026/09/20 22:32:39.320, 2476 MHz, 0x0000000000000000, 73, 66.75 W
2026/09/20 22:32:40.320, 2483 MHz, 0x0000000000000000, 74, 69.22 W
2026/09/20 22:32:41.321, 2476 MHz, 0x0000000000000000, 75, 67.41 W
2026/09/20 22:32:42.321, 2483 MHz, 0x0000000000000000, 76, 69.50 W
2026/09/20 22:32:43.322, 2476 MHz, 0x0000000000000000, 74, 68.45 W
2026/09/20 22:32:44.322, 2483 MHz, 0x0000000000000000, 77, 69.71 W
2026/09/20 22:32:45.323, 2470 MHz, 0x0000000000000000, 76, 68.79 W
2026/09/20 22:32:46.323, 2483 MHz, 0x0000000000000000, 74, 70.11 W
2026/09/20 22:32:47.324, 2470 MHz, 0x0000000000000000, 77, 69.50 W
2026/09/20 22:32:48.324, 2483 MHz, 0x0000000000000000, 77, 70.22 W
2026/09/20 22:32:49.324, 2476 MHz, 0x0000000000000000, 78, 69.85 W
2026/09/20 22:32:50.325, 2483 MHz, 0x0000000000000000, 75, 70.88 W
2026/09/20 22:32:51.326, 2470 MHz, 0x0000000000000000, 78, 70.04 W
2026/09/20 22:32:52.326, 2483 MHz, 0x0000000000000000, 79, 71.15 W
2026/09/20 22:32:53.327, 2476 MHz, 0x0000000000000000, 79, 70.48 W
2026/09/20 22:32:54.327, 2483 MHz, 0x0000000000000000, 76, 71.85 W
2026/09/20 22:32:55.327, 2470 MHz, 0x0000000000000000, 79, 70.93 W
2026/09/20 22:32:56.328, 2476 MHz, 0x0000000000000000, 78, 71.72 W
2026/09/20 22:32:57.328, 2470 MHz, 0x0000000000000000, 79, 71.43 W
2026/09/20 22:32:58.329, 2476 MHz, 0x0000000000000000, 80, 72.72 W
2026/09/20 22:32:59.329, 2476 MHz, 0x0000000000000000, 74, 66.22 W
2026/09/20 22:33:00.330, 2483 MHz, 0x0000000000000000, 80, 44.98 W
2026/09/20 22:33:01.330, 2489 MHz, 0x0000000000000000, 73, 44.65 W
2026/09/20 22:33:02.331, 2483 MHz, 0x0000000000000000, 80, 51.84 W
2026/09/20 22:33:03.331, 2470 MHz, 0x0000000000000000, 82, 72.75 W
2026/09/20 22:33:04.332, 2476 MHz, 0x0000000000000000, 78, 71.92 W
2026/09/20 22:33:05.332, 2470 MHz, 0x0000000000000000, 81, 73.03 W
2026/09/20 22:33:06.333, 2476 MHz, 0x0000000000000000, 80, 72.84 W
2026/09/20 22:33:07.333, 2463 MHz, 0x0000000000000000, 79, 72.87 W
2026/09/20 22:33:08.333, 2470 MHz, 0x0000000000000000, 81, 73.88 W
2026/09/20 22:33:09.333, 2489 MHz, 0x0000000000000000, 77, 45.43 W
2026/09/20 22:33:10.334, 2489 MHz, 0x0000000000000000, 76, 39.25 W
2026/09/20 22:33:11.334, 2489 MHz, 0x0000000000000000, 74, 42.95 W
2026/09/20 22:33:12.335, 2476 MHz, 0x0000000000000000, 79, 73.66 W
2026/09/20 22:33:13.335, 2463 MHz, 0x0000000000000000, 80, 72.85 W
2026/09/20 22:33:14.336, 2476 MHz, 0x0000000000000000, 80, 74.94 W
2026/09/20 22:33:15.336, 2463 MHz, 0x0000000000000000, 80, 72.77 W
2026/09/20 22:33:16.336, 2470 MHz, 0x0000000000000000, 82, 75.82 W
2026/09/20 22:33:17.337, 2463 MHz, 0x0000000000000000, 84, 72.67 W
2026/09/20 22:33:18.337, 2470 MHz, 0x0000000000000000, 80, 77.24 W
2026/09/20 22:33:19.338, 2463 MHz, 0x0000000000000000, 83, 73.23 W
2026/09/20 22:33:20.338, 2457 MHz, 0x0000000000000000, 81, 76.26 W
2026/09/20 22:33:21.339, 2470 MHz, 0x0000000000000000, 80, 74.24 W
2026/09/20 22:33:22.339, 2457 MHz, 0x0000000000000000, 81, 75.66 W
2026/09/20 22:33:23.339, 2463 MHz, 0x0000000000000000, 82, 75.36 W
2026/09/20 22:33:24.339, 2463 MHz, 0x0000000000000000, 81, 75.08 W
2026/09/20 22:33:25.340, 2476 MHz, 0x0000000000000000, 81, 76.54 W
2026/09/20 22:33:26.340, 2457 MHz, 0x0000000000000000, 85, 74.35 W
2026/09/20 22:33:27.340, 2463 MHz, 0x0000000000000000, 81, 77.79 W
2026/09/20 22:33:28.341, 2463 MHz, 0x0000000000000000, 81, 73.57 W
2026/09/20 22:33:29.341, 2457 MHz, 0x0000000000000000, 82, 79.14 W
2026/09/20 22:33:30.342, 2463 MHz, 0x0000000000000000, 80, 75.03 W
2026/09/20 22:33:31.342, 2457 MHz, 0x0000000000000000, 83, 76.53 W
2026/09/20 22:33:32.343, 2470 MHz, 0x0000000000000000, 83, 76.00 W
2026/09/20 22:33:33.343, 2457 MHz, 0x0000000000000000, 82, 75.64 W
2026/09/20 22:33:34.344, 2463 MHz, 0x0000000000000000, 81, 77.10 W
2026/09/20 22:33:35.344, 2489 MHz, 0x0000000000000000, 78, 39.40 W
2026/09/20 22:33:36.345, 2489 MHz, 0x0000000000000000, 79, 34.54 W
2026/09/20 22:33:37.345, 2496 MHz, 0x0000000000000000, 73, 32.44 W
2026/09/20 22:33:38.345, 2496 MHz, 0x0000000000000000, 73, 33.13 W
2026/09/20 22:33:39.346, 2470 MHz, 0x0000000000000000, 80, 76.34 W
2026/09/20 22:33:40.346, 2470 MHz, 0x0000000000000000, 80, 75.67 W
2026/09/20 22:33:41.347, 2463 MHz, 0x0000000000000000, 82, 76.22 W
2026/09/20 22:33:42.347, 2470 MHz, 0x0000000000000000, 81, 76.80 W
2026/09/20 22:33:43.347, 2457 MHz, 0x0000000000000000, 81, 74.79 W
2026/09/20 22:33:44.348, 2489 MHz, 0x0000000000000000, 74, 48.49 W
2026/09/20 22:33:45.348, 2489 MHz, 0x0000000000000000, 73, 31.37 W
2026/09/20 22:33:46.348, 2489 MHz, 0x0000000000000000, 76, 30.37 W
2026/09/20 22:33:47.349, 2489 MHz, 0x0000000000000000, 72, 28.99 W
2026/09/20 22:33:48.349, 2476 MHz, 0x0000000000000000, 80, 60.24 W
2026/09/20 22:33:49.350, 2457 MHz, 0x0000000000000000, 75, 54.51 W
2026/09/20 22:33:50.350, 2411 MHz, 0x0000000000000000, 71, 22.11 W
2026/09/20 22:33:51.351, 2463 MHz, 0x0000000000000000, 74, 22.85 W
2026/09/20 22:33:52.351, 2489 MHz, 0x0000000000000000, 72, 35.27 W
2026/09/20 22:33:53.352, 2489 MHz, 0x0000000000000000, 72, 32.58 W
2026/09/20 22:33:54.352, 2515 MHz, 0x0000000000000000, 72, 32.71 W
2026/09/20 22:33:55.353, 2515 MHz, 0x0000000000000000, 72, 32.63 W
2026/09/20 22:33:56.353, 2515 MHz, 0x0000000000000000, 72, 34.86 W
2026/09/20 22:33:57.354, 2515 MHz, 0x0000000000000000, 72, 36.49 W
2026/09/20 22:33:58.354, 2515 MHz, 0x0000000000000000, 72, 36.53 W
2026/09/20 22:33:59.354, 2515 MHz, 0x0000000000000000, 72, 36.51 W
2026/09/20 22:34:00.355, 2515 MHz, 0x0000000000000000, 72, 36.40 W
2026/09/20 22:34:01.356, 2515 MHz, 0x0000000000000000, 72, 36.37 W
2026/09/20 22:34:02.356, 2515 MHz, 0x0000000000000000, 72, 36.31 W
2026/09/20 22:34:03.356, 2515 MHz, 0x0000000000000000, 72, 36.30 W
2026/09/20 22:34:04.357, 2515 MHz, 0x0000000000000000, 71, 36.31 W
2026/09/20 22:34:05.357, 2515 MHz, 0x0000000000000000, 71, 36.32 W
2026/09/20 22:34:06.357, 2515 MHz, 0x0000000000000000, 71, 36.35 W
2026/09/20 22:34:07.358, 2515 MHz, 0x0000000000000000, 71, 36.28 W
2026/09/20 22:34:08.358, 2515 MHz, 0x0000000000000000, 71, 36.34 W
2026/09/20 22:34:09.359, 2515 MHz, 0x0000000000000000, 71, 36.33 W
2026/09/20 22:34:10.360, 2515 MHz, 0x0000000000000000, 71, 36.32 W
2026/09/20 22:34:11.360, 2515 MHz, 0x0000000000000000, 70, 34.37 W
2026/09/20 22:34:12.360, 2515 MHz, 0x0000000000000000, 70, 32.73 W
2026/09/20 22:34:13.361, 2515 MHz, 0x0000000000000000, 71, 33.48 W
2026/09/20 22:34:14.361, 2515 MHz, 0x0000000000000000, 71, 36.20 W
2026/09/20 22:34:15.362, 2515 MHz, 0x0000000000000000, 71, 36.24 W
2026/09/20 22:34:16.362, 2515 MHz, 0x0000000000000000, 71, 36.16 W
2026/09/20 22:34:17.363, 2515 MHz, 0x0000000000000000, 70, 36.14 W
2026/09/20 22:34:18.363, 2515 MHz, 0x0000000000000000, 70, 36.20 W
2026/09/20 22:34:19.363, 2515 MHz, 0x0000000000000000, 70, 36.18 W
2026/09/20 22:34:20.364, 2515 MHz, 0x0000000000000000, 70, 34.84 W
2026/09/20 22:34:21.364, 2515 MHz, 0x0000000000000000, 70, 32.56 W
2026/09/20 22:34:22.364, 2515 MHz, 0x0000000000000000, 70, 33.00 W
2026/09/20 22:34:23.365, 2515 MHz, 0x0000000000000000, 70, 36.07 W
2026/09/20 22:34:24.365, 2515 MHz, 0x0000000000000000, 70, 36.06 W
2026/09/20 22:34:25.366, 2515 MHz, 0x0000000000000000, 70, 35.97 W
2026/09/20 22:34:26.367, 2411 MHz, 0x0000000000000000, 67, 19.73 W
2026/09/20 22:34:27.367, 2411 MHz, 0x0000000000000000, 66, 14.73 W
2026/09/20 22:34:28.368, 2502 MHz, 0x0000000000000000, 69, 30.21 W
2026/09/20 22:34:29.368, 2515 MHz, 0x0000000000000000, 69, 35.71 W
2026/09/20 22:34:30.368, 2515 MHz, 0x0000000000000000, 69, 35.83 W
2026/09/20 22:34:31.369, 2515 MHz, 0x0000000000000000, 69, 35.95 W
2026/09/20 22:34:32.369, 2515 MHz, 0x0000000000000000, 69, 35.99 W
2026/09/20 22:34:33.370, 2515 MHz, 0x0000000000000000, 69, 36.04 W
2026/09/20 22:34:34.370, 2515 MHz, 0x0000000000000000, 69, 35.93 W
2026/09/20 22:34:35.370, 2515 MHz, 0x0000000000000000, 69, 36.07 W
2026/09/20 22:34:36.371, 2515 MHz, 0x0000000000000000, 69, 36.06 W
2026/09/20 22:34:37.371, 2515 MHz, 0x0000000000000000, 69, 36.02 W
2026/09/20 22:34:38.372, 2515 MHz, 0x0000000000000000, 69, 36.10 W
2026/09/20 22:34:39.372, 2515 MHz, 0x0000000000000000, 69, 36.13 W
2026/09/20 22:34:40.373, 2515 MHz, 0x0000000000000000, 69, 36.11 W
2026/09/20 22:34:41.373, 2515 MHz, 0x0000000000000000, 69, 36.08 W
2026/09/20 22:34:42.374, 2515 MHz, 0x0000000000000000, 69, 35.99 W
2026/09/20 22:34:43.374, 2515 MHz, 0x0000000000000000, 69, 36.01 W
2026/09/20 22:34:44.375, 2515 MHz, 0x0000000000000000, 69, 36.02 W
2026/09/20 22:34:45.375, 2515 MHz, 0x0000000000000000, 69, 35.33 W
2026/09/20 22:34:46.376, 2515 MHz, 0x0000000000000000, 69, 33.62 W
2026/09/20 22:34:47.376, 2515 MHz, 0x0000000000000000, 69, 33.81 W
2026/09/20 22:34:48.377, 2515 MHz, 0x0000000000000000, 69, 35.78 W
2026/09/20 22:34:49.377, 2515 MHz, 0x0000000000000000, 69, 35.89 W
2026/09/20 22:34:50.378, 2515 MHz, 0x0000000000000000, 69, 35.90 W
2026/09/20 22:34:51.378, 2515 MHz, 0x0000000000000000, 69, 35.92 W
2026/09/20 22:34:52.378, 2515 MHz, 0x0000000000000000, 69, 35.92 W
2026/09/20 22:34:53.379, 2515 MHz, 0x0000000000000000, 69, 35.97 W
2026/09/20 22:34:54.379, 2515 MHz, 0x0000000000000000, 69, 35.88 W
2026/09/20 22:34:55.380, 2515 MHz, 0x0000000000000000, 69, 32.98 W
2026/09/20 22:34:56.380, 2515 MHz, 0x0000000000000000, 69, 33.06 W
2026/09/20 22:34:57.380, 2515 MHz, 0x0000000000000000, 69, 35.86 W
2026/09/20 22:34:58.381, 2515 MHz, 0x0000000000000000, 69, 35.88 W
2026/09/20 22:34:59.381, 2515 MHz, 0x0000000000000000, 69, 35.85 W
2026/09/20 22:35:00.382, 2515 MHz, 0x0000000000000000, 69, 35.74 W
2026/09/20 22:35:01.382, 2515 MHz, 0x0000000000000000, 69, 35.95 W
2026/09/20 22:35:02.383, 2515 MHz, 0x0000000000000000, 69, 35.88 W
2026/09/20 22:35:03.384, 2470 MHz, 0x0000000000000000, 67, 32.12 W
2026/09/20 22:35:04.384, 2411 MHz, 0x0000000000000000, 66, 14.59 W
2026/09/20 22:35:05.385, 2502 MHz, 0x0000000000000000, 68, 22.23 W
2026/09/20 22:35:06.385, 2483 MHz, 0x0000000000000000, 69, 33.90 W
2026/09/20 22:35:07.385, 2515 MHz, 0x0000000000000000, 70, 45.63 W
2026/09/20 22:35:08.386, 2515 MHz, 0x0000000000000000, 69, 46.55 W
2026/09/20 22:35:09.386, 2515 MHz, 0x0000000000000000, 70, 46.01 W
2026/09/20 22:35:10.387, 2515 MHz, 0x0000000000000000, 70, 46.18 W
2026/09/20 22:35:11.387, 2515 MHz, 0x0000000000000000, 71, 46.75 W
2026/09/20 22:35:12.388, 2515 MHz, 0x0000000000000000, 71, 47.18 W
2026/09/20 22:35:13.388, 2515 MHz, 0x0000000000000000, 71, 46.76 W
2026/09/20 22:35:14.389, 2515 MHz, 0x0000000000000000, 71, 46.64 W
2026/09/20 22:35:15.389, 2509 MHz, 0x0000000000000000, 71, 47.26 W
2026/09/20 22:35:16.389, 2515 MHz, 0x0000000000000000, 71, 47.56 W
2026/09/20 22:35:17.390, 2515 MHz, 0x0000000000000000, 71, 47.13 W
2026/09/20 22:35:18.390, 2515 MHz, 0x0000000000000000, 71, 47.61 W
2026/09/20 22:35:19.391, 2515 MHz, 0x0000000000000000, 71, 47.64 W
2026/09/20 22:35:20.391, 2515 MHz, 0x0000000000000000, 71, 47.62 W
2026/09/20 22:35:21.391, 2502 MHz, 0x0000000000000000, 71, 46.83 W
2026/09/20 22:35:22.392, 2515 MHz, 0x0000000000000000, 71, 46.67 W
2026/09/20 22:35:23.393, 2515 MHz, 0x0000000000000000, 71, 46.54 W
2026/09/20 22:35:24.393, 2515 MHz, 0x0000000000000000, 71, 46.55 W
2026/09/20 22:35:25.393, 2515 MHz, 0x0000000000000000, 71, 46.96 W
2026/09/20 22:35:26.394, 2515 MHz, 0x0000000000000000, 72, 46.90 W
2026/09/20 22:35:27.394, 2515 MHz, 0x0000000000000000, 72, 46.63 W
2026/09/20 22:35:28.395, 2515 MHz, 0x0000000000000000, 72, 45.99 W
2026/09/20 22:35:29.395, 2515 MHz, 0x0000000000000000, 71, 42.46 W
2026/09/20 22:35:30.395, 2515 MHz, 0x0000000000000000, 71, 41.03 W
2026/09/20 22:35:31.396, 2509 MHz, 0x0000000000000000, 71, 44.47 W
2026/09/20 22:35:32.396, 2515 MHz, 0x0000000000000000, 72, 46.86 W
2026/09/20 22:35:33.396, 2515 MHz, 0x0000000000000000, 72, 46.64 W
2026/09/20 22:35:34.397, 2515 MHz, 0x0000000000000000, 72, 46.62 W
2026/09/20 22:35:35.397, 2515 MHz, 0x0000000000000000, 72, 46.66 W
2026/09/20 22:35:36.398, 2515 MHz, 0x0000000000000000, 72, 47.10 W
2026/09/20 22:35:37.398, 2509 MHz, 0x0000000000000000, 72, 46.56 W
2026/09/20 22:35:38.399, 2489 MHz, 0x0000000000000000, 72, 46.48 W
2026/09/20 22:35:39.399, 2489 MHz, 0x0000000000000000, 72, 46.00 W
2026/09/20 22:35:40.400, 2489 MHz, 0x0000000000000000, 72, 46.38 W
2026/09/20 22:35:41.401, 2411 MHz, 0x0000000000000000, 67, 31.22 W
2026/09/20 22:35:42.401, 2411 MHz, 0x0000000000000000, 66, 14.79 W
2026/09/20 22:35:43.401, 2411 MHz, 0x0000000000000000, 68, 19.34 W
2026/09/20 22:35:44.402, 2515 MHz, 0x0000000000000000, 68, 28.21 W
2026/09/20 22:35:45.402, 2515 MHz, 0x0000000000000000, 69, 35.87 W
2026/09/20 22:35:46.403, 2515 MHz, 0x0000000000000000, 69, 35.96 W
2026/09/20 22:35:47.404, 2515 MHz, 0x0000000000000000, 68, 35.96 W
2026/09/20 22:35:48.404, 2515 MHz, 0x0000000000000000, 69, 36.00 W
2026/09/20 22:35:49.405, 2515 MHz, 0x0000000000000000, 69, 35.99 W
2026/09/20 22:35:50.405, 2515 MHz, 0x0000000000000000, 69, 35.98 W
2026/09/20 22:35:51.406, 2515 MHz, 0x0000000000000000, 69, 36.04 W
2026/09/20 22:35:52.406, 2515 MHz, 0x0000000000000000, 69, 36.01 W
2026/09/20 22:35:53.407, 2515 MHz, 0x0000000000000000, 69, 36.01 W
2026/09/20 22:35:54.407, 2515 MHz, 0x0000000000000000, 69, 36.03 W
2026/09/20 22:35:55.407, 2515 MHz, 0x0000000000000000, 69, 36.10 W
2026/09/20 22:35:56.408, 2515 MHz, 0x0000000000000000, 69, 36.15 W
2026/09/20 22:35:57.409, 2515 MHz, 0x0000000000000000, 69, 36.10 W
2026/09/20 22:35:58.409, 2515 MHz, 0x0000000000000000, 69, 36.08 W
2026/09/20 22:35:59.410, 2515 MHz, 0x0000000000000000, 69, 36.10 W
2026/09/20 22:36:00.410, 2515 MHz, 0x0000000000000000, 69, 36.01 W
2026/09/20 22:36:01.410, 2515 MHz, 0x0000000000000000, 69, 35.88 W
2026/09/20 22:36:02.411, 2515 MHz, 0x0000000000000000, 69, 35.82 W
2026/09/20 22:36:03.411, 2515 MHz, 0x0000000000000000, 68, 34.49 W
2026/09/20 22:36:04.411, 2515 MHz, 0x0000000000000000, 68, 32.75 W
2026/09/20 22:36:05.412, 2515 MHz, 0x0000000000000000, 68, 34.31 W
2026/09/20 22:36:06.412, 2515 MHz, 0x0000000000000000, 68, 35.92 W
2026/09/20 22:36:07.413, 2515 MHz, 0x0000000000000000, 68, 35.89 W
2026/09/20 22:36:08.413, 2515 MHz, 0x0000000000000000, 68, 35.84 W
2026/09/20 22:36:09.414, 2515 MHz, 0x0000000000000000, 68, 35.85 W
2026/09/20 22:36:10.414, 2515 MHz, 0x0000000000000000, 68, 35.79 W
2026/09/20 22:36:11.415, 2515 MHz, 0x0000000000000000, 68, 35.83 W
2026/09/20 22:36:12.415, 2515 MHz, 0x0000000000000000, 68, 35.85 W
2026/09/20 22:36:13.415, 2515 MHz, 0x0000000000000000, 68, 35.98 W
2026/09/20 22:36:14.415, 2515 MHz, 0x0000000000000000, 68, 36.00 W
2026/09/20 22:36:15.416, 2515 MHz, 0x0000000000000000, 69, 35.91 W
2026/09/20 22:36:16.416, 2515 MHz, 0x0000000000000000, 68, 36.05 W
2026/09/20 22:36:17.417, 2515 MHz, 0x0000000000000000, 68, 35.95 W
2026/09/20 22:36:18.418, 2411 MHz, 0x0000000000000000, 66, 28.65 W
2026/09/20 22:36:19.418, 2411 MHz, 0x0000000000000000, 65, 14.41 W
2026/09/20 22:36:20.419, 2437 MHz, 0x0000000000000000, 65, 17.44 W
2026/09/20 22:36:21.420, 2476 MHz, 0x0000000000000000, 68, 27.66 W
2026/09/20 22:36:22.420, 2515 MHz, 0x0000000000000000, 69, 45.39 W
2026/09/20 22:36:23.421, 2515 MHz, 0x0000000000000000, 69, 45.82 W
2026/09/20 22:36:24.421, 2515 MHz, 0x0000000000000000, 70, 45.96 W
2026/09/20 22:36:25.422, 2515 MHz, 0x0000000000000000, 70, 46.26 W
2026/09/20 22:36:26.422, 2515 MHz, 0x0000000000000000, 70, 46.25 W
2026/09/20 22:36:27.423, 2515 MHz, 0x0000000000000000, 70, 46.39 W
2026/09/20 22:36:28.423, 2515 MHz, 0x0000000000000000, 69, 46.12 W
2026/09/20 22:36:29.424, 2515 MHz, 0x0000000000000000, 70, 46.71 W
2026/09/20 22:36:30.424, 2515 MHz, 0x0000000000000000, 70, 46.39 W
2026/09/20 22:36:31.425, 2509 MHz, 0x0000000000000000, 71, 46.48 W
2026/09/20 22:36:32.425, 2509 MHz, 0x0000000000000000, 71, 46.45 W
2026/09/20 22:36:33.425, 2515 MHz, 0x0000000000000000, 71, 47.11 W
2026/09/20 22:36:34.426, 2515 MHz, 0x0000000000000000, 70, 46.99 W
2026/09/20 22:36:35.426, 2515 MHz, 0x0000000000000000, 71, 46.94 W
2026/09/20 22:36:36.426, 2515 MHz, 0x0000000000000000, 71, 47.22 W
2026/09/20 22:36:37.427, 2509 MHz, 0x0000000000000000, 70, 46.62 W
2026/09/20 22:36:38.427, 2515 MHz, 0x0000000000000000, 70, 41.87 W
2026/09/20 22:36:39.428, 2515 MHz, 0x0000000000000000, 71, 42.12 W
2026/09/20 22:36:40.428, 2515 MHz, 0x0000000000000000, 71, 46.92 W
2026/09/20 22:36:41.428, 2515 MHz, 0x0000000000000000, 71, 47.04 W
2026/09/20 22:36:42.429, 2515 MHz, 0x0000000000000000, 71, 47.16 W
2026/09/20 22:36:43.429, 2515 MHz, 0x0000000000000000, 72, 47.55 W
2026/09/20 22:36:44.430, 2515 MHz, 0x0000000000000000, 71, 47.57 W
2026/09/20 22:36:45.430, 2515 MHz, 0x0000000000000000, 71, 47.25 W
2026/09/20 22:36:46.431, 2515 MHz, 0x0000000000000000, 72, 47.11 W
2026/09/20 22:36:47.431, 2515 MHz, 0x0000000000000000, 71, 46.54 W
2026/09/20 22:36:48.432, 2515 MHz, 0x0000000000000000, 71, 46.35 W
2026/09/20 22:36:49.432, 2496 MHz, 0x0000000000000000, 71, 46.52 W
2026/09/20 22:36:50.433, 2515 MHz, 0x0000000000000000, 71, 46.57 W
2026/09/20 22:36:51.433, 2515 MHz, 0x0000000000000000, 72, 46.15 W
2026/09/20 22:36:52.433, 2515 MHz, 0x0000000000000000, 71, 46.95 W
2026/09/20 22:36:53.433, 2515 MHz, 0x0000000000000000, 71, 46.51 W
2026/09/20 22:36:54.434, 2515 MHz, 0x0000000000000000, 71, 46.54 W
2026/09/20 22:36:55.434, 2502 MHz, 0x0000000000000000, 68, 41.96 W
2026/09/20 22:36:56.435, 2411 MHz, 0x0000000000000000, 66, 14.80 W
2026/09/20 22:36:57.436, 2483 MHz, 0x0000000000000000, 67, 20.16 W
2026/09/20 22:36:58.436, 2463 MHz, 0x0000000000000000, 67, 25.87 W
2026/09/20 22:36:59.436, 2515 MHz, 0x0000000000000000, 68, 34.82 W
2026/09/20 22:37:00.437, 2515 MHz, 0x0000000000000000, 68, 36.25 W
2026/09/20 22:37:01.437, 2515 MHz, 0x0000000000000000, 68, 36.26 W
2026/09/20 22:37:02.438, 2515 MHz, 0x0000000000000000, 68, 36.19 W
2026/09/20 22:37:03.438, 2515 MHz, 0x0000000000000000, 68, 36.27 W
2026/09/20 22:37:04.439, 2515 MHz, 0x0000000000000000, 68, 36.23 W
2026/09/20 22:37:05.439, 2515 MHz, 0x0000000000000000, 68, 36.22 W
2026/09/20 22:37:06.440, 2515 MHz, 0x0000000000000000, 68, 36.25 W
2026/09/20 22:37:07.440, 2515 MHz, 0x0000000000000000, 68, 36.21 W
2026/09/20 22:37:08.441, 2515 MHz, 0x0000000000000000, 68, 36.26 W
2026/09/20 22:37:09.441, 2515 MHz, 0x0000000000000000, 68, 36.33 W
2026/09/20 22:37:10.442, 2515 MHz, 0x0000000000000000, 68, 36.29 W
2026/09/20 22:37:11.442, 2515 MHz, 0x0000000000000000, 68, 36.29 W
2026/09/20 22:37:12.442, 2515 MHz, 0x0000000000000000, 68, 33.74 W
2026/09/20 22:37:13.443, 2515 MHz, 0x0000000000000000, 68, 33.20 W
2026/09/20 22:37:14.443, 2515 MHz, 0x0000000000000000, 68, 35.75 W
2026/09/20 22:37:15.443, 2515 MHz, 0x0000000000000000, 68, 36.25 W
2026/09/20 22:37:16.444, 2515 MHz, 0x0000000000000000, 68, 36.31 W
2026/09/20 22:37:17.445, 2515 MHz, 0x0000000000000000, 68, 36.21 W
2026/09/20 22:37:18.445, 2515 MHz, 0x0000000000000000, 68, 36.11 W
2026/09/20 22:37:19.445, 2515 MHz, 0x0000000000000000, 68, 36.15 W
2026/09/20 22:37:20.446, 2515 MHz, 0x0000000000000000, 68, 36.20 W
2026/09/20 22:37:21.446, 2515 MHz, 0x0000000000000000, 68, 36.14 W
2026/09/20 22:37:22.446, 2515 MHz, 0x0000000000000000, 68, 36.23 W
2026/09/20 22:37:23.447, 2515 MHz, 0x0000000000000000, 68, 36.20 W
2026/09/20 22:37:24.447, 2515 MHz, 0x0000000000000000, 68, 36.21 W
2026/09/20 22:37:25.448, 2515 MHz, 0x0000000000000000, 68, 36.16 W
2026/09/20 22:37:26.448, 2515 MHz, 0x0000000000000000, 68, 36.19 W
2026/09/20 22:37:27.449, 2515 MHz, 0x0000000000000000, 68, 36.21 W
2026/09/20 22:37:28.449, 2515 MHz, 0x0000000000000000, 68, 36.25 W
2026/09/20 22:37:29.450, 2515 MHz, 0x0000000000000000, 68, 36.28 W
2026/09/20 22:37:30.450, 2515 MHz, 0x0000000000000000, 68, 36.25 W
2026/09/20 22:37:31.451, 2515 MHz, 0x0000000000000000, 68, 36.20 W
2026/09/20 22:37:32.452, 2515 MHz, 0x0000000000000000, 66, 34.23 W
2026/09/20 22:37:33.453, 2411 MHz, 0x0000000000000000, 65, 14.48 W
2026/09/20 22:37:34.454, 2437 MHz, 0x0000000000000000, 67, 18.90 W
2026/09/20 22:37:35.454, 2509 MHz, 0x0000000000000000, 68, 34.83 W
2026/09/20 22:37:36.455, 2515 MHz, 0x0000000000000000, 68, 46.22 W
2026/09/20 22:37:37.455, 2515 MHz, 0x0000000000000000, 69, 46.12 W
2026/09/20 22:37:38.456, 2515 MHz, 0x0000000000000000, 68, 46.19 W
2026/09/20 22:37:39.456, 2515 MHz, 0x0000000000000000, 70, 46.74 W
2026/09/20 22:37:40.457, 2515 MHz, 0x0000000000000000, 69, 46.62 W
2026/09/20 22:37:41.457, 2515 MHz, 0x0000000000000000, 70, 46.82 W
2026/09/20 22:37:42.458, 2509 MHz, 0x0000000000000000, 70, 46.68 W
2026/09/20 22:37:43.458, 2515 MHz, 0x0000000000000000, 70, 47.14 W
2026/09/20 22:37:44.459, 2515 MHz, 0x0000000000000000, 70, 47.15 W
2026/09/20 22:37:45.459, 2509 MHz, 0x0000000000000000, 69, 46.83 W
2026/09/20 22:37:46.460, 2515 MHz, 0x0000000000000000, 70, 44.60 W
2026/09/20 22:37:47.460, 2515 MHz, 0x0000000000000000, 69, 42.06 W
2026/09/20 22:37:48.461, 2515 MHz, 0x0000000000000000, 70, 43.94 W
2026/09/20 22:37:49.461, 2515 MHz, 0x0000000000000000, 70, 47.19 W
2026/09/20 22:37:50.461, 2509 MHz, 0x0000000000000000, 71, 47.06 W
2026/09/20 22:37:51.462, 2509 MHz, 0x0000000000000000, 71, 47.51 W
2026/09/20 22:37:52.462, 2509 MHz, 0x0000000000000000, 71, 47.86 W
2026/09/20 22:37:53.463, 2509 MHz, 0x0000000000000000, 70, 47.77 W
2026/09/20 22:37:54.463, 2509 MHz, 0x0000000000000000, 71, 48.08 W
2026/09/20 22:37:55.464, 2509 MHz, 0x0000000000000000, 71, 47.90 W
2026/09/20 22:37:56.464, 2509 MHz, 0x0000000000000000, 71, 47.78 W
2026/09/20 22:37:57.465, 2509 MHz, 0x0000000000000000, 71, 47.88 W
2026/09/20 22:37:58.465, 2509 MHz, 0x0000000000000000, 71, 47.76 W
2026/09/20 22:37:59.466, 2509 MHz, 0x0000000000000000, 71, 47.81 W
2026/09/20 22:38:00.466, 2515 MHz, 0x0000000000000000, 71, 48.05 W
2026/09/20 22:38:01.466, 2509 MHz, 0x0000000000000000, 71, 47.88 W
2026/09/20 22:38:02.467, 2515 MHz, 0x0000000000000000, 71, 48.00 W
2026/09/20 22:38:03.467, 2515 MHz, 0x0000000000000000, 71, 47.50 W
2026/09/20 22:38:04.468, 2515 MHz, 0x0000000000000000, 71, 47.26 W
2026/09/20 22:38:05.468, 2509 MHz, 0x0000000000000000, 71, 47.77 W
2026/09/20 22:38:06.469, 2509 MHz, 0x0000000000000000, 71, 47.69 W
2026/09/20 22:38:07.469, 2515 MHz, 0x0000000000000000, 72, 47.80 W
2026/09/20 22:38:08.470, 2515 MHz, 0x0000000000000000, 70, 47.90 W
2026/09/20 22:38:09.470, 2424 MHz, 0x0000000000000000, 67, 35.83 W
2026/09/20 22:38:10.471, 2411 MHz, 0x0000000000000000, 66, 14.57 W
2026/09/20 22:38:11.472, 2515 MHz, 0x0000000000000000, 66, 24.61 W
2026/09/20 22:38:12.473, 2470 MHz, 0x0000000000000000, 67, 33.27 W
2026/09/20 22:38:13.473, 2515 MHz, 0x0000000000000000, 68, 35.33 W
2026/09/20 22:38:14.474, 2515 MHz, 0x0000000000000000, 68, 36.43 W
2026/09/20 22:38:15.474, 2515 MHz, 0x0000000000000000, 68, 36.47 W
2026/09/20 22:38:16.475, 2515 MHz, 0x0000000000000000, 68, 36.42 W
2026/09/20 22:38:17.475, 2515 MHz, 0x0000000000000000, 68, 36.52 W
2026/09/20 22:38:18.475, 2515 MHz, 0x0000000000000000, 68, 36.43 W
2026/09/20 22:38:19.476, 2515 MHz, 0x0000000000000000, 68, 36.56 W
2026/09/20 22:38:20.476, 2515 MHz, 0x0000000000000000, 68, 34.12 W
2026/09/20 22:38:21.476, 2515 MHz, 0x0000000000000000, 68, 33.17 W
2026/09/20 22:38:22.477, 2515 MHz, 0x0000000000000000, 68, 35.94 W
2026/09/20 22:38:23.477, 2515 MHz, 0x0000000000000000, 68, 36.51 W
2026/09/20 22:38:24.478, 2515 MHz, 0x0000000000000000, 68, 36.60 W
2026/09/20 22:38:25.478, 2515 MHz, 0x0000000000000000, 68, 36.56 W
2026/09/20 22:38:26.478, 2515 MHz, 0x0000000000000000, 68, 36.49 W
2026/09/20 22:38:27.479, 2515 MHz, 0x0000000000000000, 68, 36.50 W
2026/09/20 22:38:28.479, 2515 MHz, 0x0000000000000000, 68, 36.44 W
2026/09/20 22:38:29.480, 2515 MHz, 0x0000000000000000, 68, 36.50 W
2026/09/20 22:38:30.481, 2515 MHz, 0x0000000000000000, 68, 36.49 W
2026/09/20 22:38:31.481, 2515 MHz, 0x0000000000000000, 68, 36.48 W
2026/09/20 22:38:32.481, 2515 MHz, 0x0000000000000000, 68, 36.51 W
2026/09/20 22:38:33.482, 2515 MHz, 0x0000000000000000, 68, 36.51 W
2026/09/20 22:38:34.482, 2515 MHz, 0x0000000000000000, 68, 36.48 W
2026/09/20 22:38:35.483, 2515 MHz, 0x0000000000000000, 68, 36.51 W
2026/09/20 22:38:36.483, 2515 MHz, 0x0000000000000000, 68, 36.53 W
2026/09/20 22:38:37.483, 2515 MHz, 0x0000000000000000, 68, 36.48 W
2026/09/20 22:38:38.484, 2515 MHz, 0x0000000000000000, 68, 36.49 W
2026/09/20 22:38:39.484, 2515 MHz, 0x0000000000000000, 68, 36.46 W
2026/09/20 22:38:40.485, 2515 MHz, 0x0000000000000000, 68, 36.51 W
2026/09/20 22:38:41.485, 2515 MHz, 0x0000000000000000, 68, 36.44 W
2026/09/20 22:38:42.486, 2515 MHz, 0x0000000000000000, 68, 36.48 W
2026/09/20 22:38:43.486, 2515 MHz, 0x0000000000000000, 68, 36.55 W
2026/09/20 22:38:44.486, 2515 MHz, 0x0000000000000000, 68, 36.55 W
2026/09/20 22:38:45.487, 2515 MHz, 0x0000000000000000, 68, 36.56 W
2026/09/20 22:38:46.488, 2515 MHz, 0x0000000000000000, 68, 36.19 W
2026/09/20 22:38:47.488, 2411 MHz, 0x0000000000000000, 65, 15.00 W
2026/09/20 22:38:48.489, 2411 MHz, 0x0000000000000000, 64, 14.18 W
2026/09/20 22:38:49.489, 2515 MHz, 0x0000000000000000, 66, 36.05 W
2026/09/20 22:38:50.490, 2476 MHz, 0x0000000000000000, 67, 33.46 W
2026/09/20 22:38:51.490, 2515 MHz, 0x0000000000000000, 69, 40.68 W
2026/09/20 22:38:52.490, 2515 MHz, 0x0000000000000000, 69, 46.92 W
2026/09/20 22:38:53.491, 2515 MHz, 0x0000000000000000, 70, 46.95 W
2026/09/20 22:38:54.491, 2515 MHz, 0x0000000000000000, 68, 44.12 W
2026/09/20 22:38:55.492, 2515 MHz, 0x0000000000000000, 69, 41.10 W
2026/09/20 22:38:56.492, 2515 MHz, 0x0000000000000000, 69, 43.49 W
2026/09/20 22:38:57.493, 2515 MHz, 0x0000000000000000, 70, 47.15 W
2026/09/20 22:38:58.493, 2515 MHz, 0x0000000000000000, 70, 47.02 W
2026/09/20 22:38:59.494, 2509 MHz, 0x0000000000000000, 69, 47.16 W
2026/09/20 22:39:00.494, 2515 MHz, 0x0000000000000000, 71, 47.48 W
2026/09/20 22:39:01.495, 2509 MHz, 0x0000000000000000, 71, 47.51 W
2026/09/20 22:39:02.495, 2515 MHz, 0x0000000000000000, 71, 47.56 W
2026/09/20 22:39:03.495, 2515 MHz, 0x0000000000000000, 71, 47.35 W
2026/09/20 22:39:04.496, 2515 MHz, 0x0000000000000000, 71, 47.53 W
2026/09/20 22:39:05.496, 2515 MHz, 0x0000000000000000, 71, 48.20 W
2026/09/20 22:39:06.497, 2515 MHz, 0x0000000000000000, 72, 48.00 W
2026/09/20 22:39:07.497, 2502 MHz, 0x0000000000000000, 71, 48.30 W
2026/09/20 22:39:08.498, 2509 MHz, 0x0000000000000000, 72, 48.01 W
2026/09/20 22:39:09.498, 2509 MHz, 0x0000000000000000, 72, 47.65 W
2026/09/20 22:39:10.499, 2489 MHz, 0x0000000000000000, 72, 47.43 W
2026/09/20 22:39:11.499, 2489 MHz, 0x0000000000000000, 72, 47.05 W
2026/09/20 22:39:12.499, 2489 MHz, 0x0000000000000000, 72, 47.11 W
2026/09/20 22:39:13.500, 2489 MHz, 0x0000000000000000, 72, 47.09 W
2026/09/20 22:39:14.500, 2489 MHz, 0x0000000000000000, 71, 47.21 W
2026/09/20 22:39:15.500, 2489 MHz, 0x0000000000000000, 73, 47.57 W
2026/09/20 22:39:16.501, 2489 MHz, 0x0000000000000000, 72, 47.18 W
2026/09/20 22:39:17.501, 2489 MHz, 0x0000000000000000, 72, 47.45 W
2026/09/20 22:39:18.502, 2489 MHz, 0x0000000000000000, 72, 46.78 W
2026/09/20 22:39:19.502, 2489 MHz, 0x0000000000000000, 73, 47.60 W
2026/09/20 22:39:20.503, 2489 MHz, 0x0000000000000000, 73, 47.84 W
2026/09/20 22:39:21.503, 2489 MHz, 0x0000000000000000, 73, 47.66 W
2026/09/20 22:39:22.504, 2489 MHz, 0x0000000000000000, 73, 47.61 W
2026/09/20 22:39:23.504, 2489 MHz, 0x0000000000000000, 73, 48.21 W
2026/09/20 22:39:24.504, 2489 MHz, 0x0000000000000000, 73, 48.09 W
2026/09/20 22:39:25.505, 2411 MHz, 0x0000000000000000, 68, 24.25 W
2026/09/20 22:39:26.505, 2411 MHz, 0x0000000000000000, 68, 14.86 W
2026/09/20 22:39:27.506, 2424 MHz, 0x0000000000000000, 67, 24.74 W
2026/09/20 22:39:28.507, 2489 MHz, 0x0000000000000000, 71, 33.09 W
2026/09/20 22:39:29.507, 2515 MHz, 0x0000000000000000, 70, 38.38 W
2026/09/20 22:39:30.508, 2515 MHz, 0x0000000000000000, 70, 37.65 W
2026/09/20 22:39:31.508, 2515 MHz, 0x0000000000000000, 70, 37.51 W
2026/09/20 22:39:32.508, 2515 MHz, 0x0000000000000000, 70, 37.65 W
2026/09/20 22:39:33.509, 2515 MHz, 0x0000000000000000, 70, 37.65 W
2026/09/20 22:39:34.509, 2515 MHz, 0x0000000000000000, 70, 37.63 W
2026/09/20 22:39:35.509, 2515 MHz, 0x0000000000000000, 71, 37.66 W
2026/09/20 22:39:36.510, 2515 MHz, 0x0000000000000000, 71, 37.69 W
2026/09/20 22:39:37.511, 2515 MHz, 0x0000000000000000, 71, 37.74 W
2026/09/20 22:39:38.511, 2515 MHz, 0x0000000000000000, 71, 37.76 W
2026/09/20 22:39:39.512, 2515 MHz, 0x0000000000000000, 71, 37.70 W
2026/09/20 22:39:40.512, 2515 MHz, 0x0000000000000000, 71, 37.74 W
2026/09/20 22:39:41.513, 2515 MHz, 0x0000000000000000, 71, 37.80 W
2026/09/20 22:39:42.513, 2515 MHz, 0x0000000000000000, 71, 37.77 W
2026/09/20 22:39:43.513, 2515 MHz, 0x0000000000000000, 71, 37.82 W
2026/09/20 22:39:44.514, 2515 MHz, 0x0000000000000000, 71, 37.75 W
2026/09/20 22:39:45.514, 2515 MHz, 0x0000000000000000, 71, 37.87 W
2026/09/20 22:39:46.515, 2515 MHz, 0x0000000000000000, 71, 37.82 W
2026/09/20 22:39:47.515, 2515 MHz, 0x0000000000000000, 71, 37.77 W
2026/09/20 22:39:48.516, 2515 MHz, 0x0000000000000000, 71, 37.92 W
2026/09/20 22:39:49.516, 2515 MHz, 0x0000000000000000, 71, 37.87 W
2026/09/20 22:39:50.516, 2515 MHz, 0x0000000000000000, 71, 37.86 W
2026/09/20 22:39:51.517, 2515 MHz, 0x0000000000000000, 71, 37.75 W
2026/09/20 22:39:52.517, 2515 MHz, 0x0000000000000000, 71, 37.88 W
2026/09/20 22:39:53.517, 2515 MHz, 0x0000000000000000, 71, 37.97 W
2026/09/20 22:39:54.518, 2515 MHz, 0x0000000000000000, 71, 38.03 W
2026/09/20 22:39:55.518, 2515 MHz, 0x0000000000000000, 71, 37.86 W
2026/09/20 22:39:56.518, 2515 MHz, 0x0000000000000000, 71, 37.90 W
2026/09/20 22:39:57.519, 2515 MHz, 0x0000000000000000, 71, 37.94 W
2026/09/20 22:39:58.519, 2515 MHz, 0x0000000000000000, 71, 38.06 W
2026/09/20 22:39:59.520, 2515 MHz, 0x0000000000000000, 71, 37.94 W
2026/09/20 22:40:00.520, 2515 MHz, 0x0000000000000000, 71, 37.94 W
2026/09/20 22:40:01.521, 2515 MHz, 0x0000000000000000, 71, 36.42 W
2026/09/20 22:40:02.522, 2515 MHz, 0x0000000000000000, 71, 32.94 W
2026/09/20 22:40:03.523, 2411 MHz, 0x0000000000000000, 68, 14.99 W
2026/09/20 22:40:04.524, 2411 MHz, 0x0000000000000000, 67, 15.59 W
2026/09/20 22:40:05.524, 2411 MHz, 0x0000000000000000, 67, 24.62 W
2026/09/20 22:40:06.525, 2509 MHz, 0x0000000000000000, 69, 40.87 W
2026/09/20 22:40:07.525, 2411 MHz, 0x0000000000000000, 67, 26.17 W
2026/09/20 22:40:08.526, 2463 MHz, 0x0000000000000000, 69, 20.27 W
2026/09/20 22:40:09.526, 2489 MHz, 0x0000000000000000, 72, 41.08 W
2026/09/20 22:40:10.526, 2489 MHz, 0x0000000000000000, 72, 47.86 W
2026/09/20 22:40:11.527, 2489 MHz, 0x0000000000000000, 72, 48.14 W
2026/09/20 22:40:12.527, 2489 MHz, 0x0000000000000000, 71, 47.94 W
2026/09/20 22:40:13.528, 2489 MHz, 0x0000000000000000, 72, 47.78 W
2026/09/20 22:40:14.528, 2489 MHz, 0x0000000000000000, 73, 48.38 W
2026/09/20 22:40:15.529, 2489 MHz, 0x0000000000000000, 73, 48.38 W
2026/09/20 22:40:16.529, 2489 MHz, 0x0000000000000000, 73, 48.05 W
2026/09/20 22:40:17.529, 2489 MHz, 0x0000000000000000, 73, 48.26 W
2026/09/20 22:40:18.529, 2489 MHz, 0x0000000000000000, 73, 48.27 W
2026/09/20 22:40:19.530, 2489 MHz, 0x0000000000000000, 73, 48.43 W
2026/09/20 22:40:20.530, 2483 MHz, 0x0000000000000000, 74, 48.59 W
2026/09/20 22:40:21.530, 2489 MHz, 0x0000000000000000, 74, 48.99 W
2026/09/20 22:40:22.531, 2489 MHz, 0x0000000000000000, 74, 48.94 W
2026/09/20 22:40:23.531, 2489 MHz, 0x0000000000000000, 74, 48.99 W
2026/09/20 22:40:24.531, 2489 MHz, 0x0000000000000000, 73, 48.85 W
2026/09/20 22:40:25.532, 2489 MHz, 0x0000000000000000, 74, 48.90 W
2026/09/20 22:40:26.532, 2489 MHz, 0x0000000000000000, 74, 48.99 W
2026/09/20 22:40:27.533, 2489 MHz, 0x0000000000000000, 73, 49.36 W
2026/09/20 22:40:28.533, 2483 MHz, 0x0000000000000000, 75, 49.18 W
2026/09/20 22:40:29.533, 2483 MHz, 0x0000000000000000, 74, 49.26 W
2026/09/20 22:40:30.533, 2489 MHz, 0x0000000000000000, 75, 49.42 W
2026/09/20 22:40:31.534, 2489 MHz, 0x0000000000000000, 75, 49.54 W
2026/09/20 22:40:32.535, 2489 MHz, 0x0000000000000000, 74, 49.41 W
2026/09/20 22:40:33.535, 2489 MHz, 0x0000000000000000, 75, 49.40 W
2026/09/20 22:40:34.535, 2489 MHz, 0x0000000000000000, 74, 49.59 W
2026/09/20 22:40:35.536, 2489 MHz, 0x0000000000000000, 75, 49.63 W
2026/09/20 22:40:36.536, 2489 MHz, 0x0000000000000000, 75, 49.51 W
2026/09/20 22:40:37.537, 2489 MHz, 0x0000000000000000, 75, 49.47 W
2026/09/20 22:40:38.538, 2489 MHz, 0x0000000000000000, 75, 49.75 W
2026/09/20 22:40:39.538, 2489 MHz, 0x0000000000000000, 75, 49.55 W
2026/09/20 22:40:40.538, 2489 MHz, 0x0000000000000000, 74, 46.38 W
2026/09/20 22:40:41.539, 2489 MHz, 0x0000000000000000, 73, 42.97 W
2026/09/20 22:40:42.539, 2489 MHz, 0x0000000000000000, 75, 44.29 W
2026/09/20 22:40:43.540, 2418 MHz, 0x0000000000000000, 70, 35.77 W
2026/09/20 22:40:44.541, 2411 MHz, 0x0000000000000000, 69, 15.26 W
2026/09/20 22:40:45.541, 2496 MHz, 0x0000000000000000, 72, 26.97 W
2026/09/20 22:40:46.542, 2502 MHz, 0x0000000000000000, 73, 37.31 W
2026/09/20 22:40:47.542, 2515 MHz, 0x0000000000000000, 72, 35.66 W
2026/09/20 22:40:48.542, 2515 MHz, 0x0000000000000000, 72, 34.46 W
2026/09/20 22:40:49.543, 2515 MHz, 0x0000000000000000, 72, 35.47 W
2026/09/20 22:40:50.543, 2489 MHz, 0x0000000000000000, 72, 36.56 W
2026/09/20 22:40:51.544, 2502 MHz, 0x0000000000000000, 73, 37.97 W
2026/09/20 22:40:52.544, 2515 MHz, 0x0000000000000000, 72, 34.85 W
2026/09/20 22:40:53.544, 2515 MHz, 0x0000000000000000, 72, 34.83 W
2026/09/20 22:40:54.545, 2515 MHz, 0x0000000000000000, 72, 35.47 W
2026/09/20 22:40:55.545, 2502 MHz, 0x0000000000000000, 72, 36.50 W
2026/09/20 22:40:56.546, 2502 MHz, 0x0000000000000000, 73, 38.09 W
2026/09/20 22:40:57.546, 2509 MHz, 0x0000000000000000, 71, 34.39 W
2026/09/20 22:40:58.547, 2515 MHz, 0x0000000000000000, 72, 35.51 W
2026/09/20 22:40:59.547, 2515 MHz, 0x0000000000000000, 71, 33.85 W
2026/09/20 22:41:00.548, 2470 MHz, 0x0000000000000000, 71, 29.63 W
2026/09/20 22:41:01.548, 2515 MHz, 0x0000000000000000, 72, 35.44 W
2026/09/20 22:41:02.548, 2489 MHz, 0x0000000000000000, 74, 43.40 W
2026/09/20 22:41:03.549, 2489 MHz, 0x0000000000000000, 74, 47.90 W
2026/09/20 22:41:04.549, 2483 MHz, 0x0000000000000000, 70, 36.66 W
2026/09/20 22:41:05.550, 2411 MHz, 0x0000000000000000, 69, 15.15 W
2026/09/20 22:41:06.550, 2411 MHz, 0x0000000000000000, 68, 15.00 W
2026/09/20 22:41:07.551, 2411 MHz, 0x0000000000000000, 68, 14.93 W
