2026-09-22T03:28:38Z
208 MHz, 0x0000000000000000, 46, 5.32 W
MemFree:        44353092 kB
MemAvailable:   120651440 kB
Cached:         74474320 kB
SwapFree:       16739864 kB
allocstall_dma 0
allocstall_dma32 0
allocstall_normal 33819
allocstall_movable 20298
allocstall_device 0
pgscan_direct 5612013
pgscan_direct_throttle 0
compact_stall 216378
2026-09-22T03:28:39Z
208 MHz, 0x0000000000000004, 46, 5.26 W
MemFree:        45083632 kB
MemAvailable:   121382568 kB
Cached:         74474552 kB
SwapFree:       16739864 kB
allocstall_dma 0
allocstall_dma32 0
allocstall_normal 33819
allocstall_movable 20298
allocstall_device 0
pgscan_direct 5612013
pgscan_direct_throttle 0
compact_stall 216378
2026-09-22T03:28:40Z
214 MHz, 0x0000000000000000, 46, 5.29 W
MemFree:        44794704 kB
MemAvailable:   121093800 kB
Cached:         74474636 kB
SwapFree:       16739864 kB
allocstall_dma 0
allocstall_dma32 0
allocstall_normal 33819
allocstall_movable 20298
allocstall_device 0
pgscan_direct 5612013
pgscan_direct_throttle 0
compact_stall 216378
2026-09-22T03:28:41Z
214 MHz, 0x0000000000000000, 46, 5.34 W
MemFree:        44562380 kB
MemAvailable:   120863844 kB
Cached:         74476548 kB
SwapFree:       16739864 kB
allocstall_dma 0
allocstall_dma32 0
allocstall_normal 33819
allocstall_movable 20298
allocstall_device 0
pgscan_direct 5612013
pgscan_direct_throttle 0
compact_stall 216378
2026-09-22T03:28:42Z
208 MHz, 0x0000000000000000, 46, 5.24 W
MemFree:        44370932 kB
MemAvailable:   120672396 kB
Cached:         74476548 kB
SwapFree:       16739864 kB
allocstall_dma 0
allocstall_dma32 0
allocstall_normal 33819
allocstall_movable 20298
allocstall_device 0
pgscan_direct 5612013
pgscan_direct_throttle 0
compact_stall 216378
2026-09-22T03:28:43Z
208 MHz, 0x0000000000000004, 46, 5.23 W
MemFree:        44297012 kB
MemAvailable:   120598480 kB
Cached:         74476548 kB
SwapFree:       16739864 kB
allocstall_dma 0
allocstall_dma32 0
allocstall_normal 33819
allocstall_movable 20298
allocstall_device 0
pgscan_direct 5612013
pgscan_direct_throttle 0
compact_stall 216378
2026-09-22T03:28:44Z
208 MHz, 0x0000000000000000, 46, 5.19 W
MemFree:        44255696 kB
MemAvailable:   120561312 kB
Cached:         74480696 kB
SwapFree:       16739864 kB
allocstall_dma 0
allocstall_dma32 0
allocstall_normal 33819
allocstall_movable 20298
allocstall_device 0
pgscan_direct 5612013
pgscan_direct_throttle 0
compact_stall 216378
2026-09-22T03:28:45Z
208 MHz, 0x0000000000000004, 46, 5.21 W
MemFree:        44114476 kB
MemAvailable:   120420092 kB
Cached:         74480696 kB
SwapFree:       16739864 kB
allocstall_dma 0
allocstall_dma32 0
allocstall_normal 33819
allocstall_movable 20298
allocstall_device 0
pgscan_direct 5612013
pgscan_direct_throttle 0
compact_stall 216378
2026-09-22T03:28:46Z
208 MHz, 0x0000000000000000, 46, 5.25 W
MemFree:        44129336 kB
MemAvailable:   120434992 kB
Cached:         74480736 kB
SwapFree:       16739864 kB
allocstall_dma 0
allocstall_dma32 0
allocstall_normal 33819
allocstall_movable 20298
allocstall_device 0
pgscan_direct 5612013
pgscan_direct_throttle 0
compact_stall 216378
2026-09-22T03:28:47Z
208 MHz, 0x0000000000000000, 46, 5.20 W
MemFree:        44689860 kB
MemAvailable:   120996524 kB
Cached:         74481652 kB
SwapFree:       16739864 kB
allocstall_dma 0
allocstall_dma32 0
allocstall_normal 33819
allocstall_movable 20298
allocstall_device 0
pgscan_direct 5612013
pgscan_direct_throttle 0
compact_stall 216378
2026-09-22T03:28:48Z
208 MHz, 0x0000000000000000, 46, 5.28 W
MemFree:        44560364 kB
MemAvailable:   120867448 kB
Cached:         74481856 kB
SwapFree:       16739864 kB
allocstall_dma 0
allocstall_dma32 0
allocstall_normal 33819
allocstall_movable 20298
allocstall_device 0
pgscan_direct 5612013
pgscan_direct_throttle 0
compact_stall 216378
2026-09-22T03:28:49Z
208 MHz, 0x0000000000000000, 46, 5.20 W
MemFree:        44352292 kB
MemAvailable:   120659376 kB
Cached:         74481856 kB
SwapFree:       16739864 kB
allocstall_dma 0
allocstall_dma32 0
allocstall_normal 33819
allocstall_movable 20298
allocstall_device 0
pgscan_direct 5612013
pgscan_direct_throttle 0
compact_stall 216378
2026-09-22T03:28:50Z
208 MHz, 0x0000000000000004, 46, 5.21 W
MemFree:        44216324 kB
MemAvailable:   120523408 kB
Cached:         74481856 kB
SwapFree:       16739864 kB
allocstall_dma 0
allocstall_dma32 0
allocstall_normal 33819
allocstall_movable 20298
allocstall_device 0
pgscan_direct 5612013
pgscan_direct_throttle 0
compact_stall 216378
2026-09-22T03:28:51Z
208 MHz, 0x0000000000000000, 46, 5.22 W
MemFree:        44163744 kB
MemAvailable:   120470828 kB
Cached:         74481856 kB
SwapFree:       16739864 kB
allocstall_dma 0
allocstall_dma32 0
allocstall_normal 33819
allocstall_movable 20298
allocstall_device 0
pgscan_direct 5612013
pgscan_direct_throttle 0
compact_stall 216378
2026-09-22T03:28:52Z
208 MHz, 0x0000000000000004, 46, 5.19 W
MemFree:        44021084 kB
MemAvailable:   120328176 kB
Cached:         74481856 kB
SwapFree:       16739864 kB
allocstall_dma 0
allocstall_dma32 0
allocstall_normal 33819
allocstall_movable 20298
allocstall_device 0
pgscan_direct 5612013
pgscan_direct_throttle 0
compact_stall 216378
2026-09-22T03:28:53Z
208 MHz, 0x0000000000000000, 46, 5.20 W
MemFree:        43730156 kB
MemAvailable:   120037264 kB
Cached:         74481856 kB
SwapFree:       16739864 kB
allocstall_dma 0
allocstall_dma32 0
allocstall_normal 33819
allocstall_movable 20298
allocstall_device 0
pgscan_direct 5612013
pgscan_direct_throttle 0
compact_stall 216378
2026-09-22T03:28:54Z
208 MHz, 0x0000000000000004, 46, 5.22 W
MemFree:        43547628 kB
MemAvailable:   119854736 kB
Cached:         74481856 kB
SwapFree:       16739864 kB
allocstall_dma 0
allocstall_dma32 0
allocstall_normal 33819
allocstall_movable 20298
allocstall_device 0
pgscan_direct 5612013
pgscan_direct_throttle 0
compact_stall 216378
2026-09-22T03:28:55Z
208 MHz, 0x0000000000000000, 46, 5.22 W
MemFree:        43484924 kB
MemAvailable:   119792072 kB
Cached:         74481828 kB
SwapFree:       16739864 kB
allocstall_dma 0
allocstall_dma32 0
allocstall_normal 33819
allocstall_movable 20298
allocstall_device 0
pgscan_direct 5612013
pgscan_direct_throttle 0
compact_stall 216378
2026-09-22T03:28:57Z
208 MHz, 0x0000000000000004, 46, 5.30 W
MemFree:        43370532 kB
MemAvailable:   119677872 kB
Cached:         74481860 kB
SwapFree:       16739864 kB
allocstall_dma 0
allocstall_dma32 0
allocstall_normal 33819
allocstall_movable 20298
allocstall_device 0
pgscan_direct 5612013
pgscan_direct_throttle 0
compact_stall 216378
2026-09-22T03:28:58Z
208 MHz, 0x0000000000000000, 46, 5.29 W
MemFree:        43250536 kB
MemAvailable:   119561408 kB
Cached:         74485360 kB
SwapFree:       16739864 kB
allocstall_dma 0
allocstall_dma32 0
allocstall_normal 33819
allocstall_movable 20298
allocstall_device 0
pgscan_direct 5612013
pgscan_direct_throttle 0
compact_stall 216378
2026-09-22T03:28:59Z
208 MHz, 0x0000000000000004, 46, 5.28 W
MemFree:        43179128 kB
MemAvailable:   119490020 kB
Cached:         74485380 kB
SwapFree:       16739864 kB
allocstall_dma 0
allocstall_dma32 0
allocstall_normal 33819
allocstall_movable 20298
allocstall_device 0
pgscan_direct 5612013
pgscan_direct_throttle 0
compact_stall 216378
2026-09-22T03:29:00Z
208 MHz, 0x0000000000000000, 46, 5.30 W
MemFree:        42843684 kB
MemAvailable:   119154612 kB
Cached:         74485444 kB
SwapFree:       16739864 kB
allocstall_dma 0
allocstall_dma32 0
allocstall_normal 33819
allocstall_movable 20298
allocstall_device 0
pgscan_direct 5612013
pgscan_direct_throttle 0
compact_stall 216378
2026-09-22T03:29:01Z
208 MHz, 0x0000000000000004, 46, 5.29 W
MemFree:        42694164 kB
MemAvailable:   119005128 kB
Cached:         74485444 kB
SwapFree:       16739864 kB
allocstall_dma 0
allocstall_dma32 0
allocstall_normal 33819
allocstall_movable 20298
allocstall_device 0
pgscan_direct 5612013
pgscan_direct_throttle 0
compact_stall 216378
2026-09-22T03:29:02Z
208 MHz, 0x0000000000000000, 46, 5.27 W
MemFree:        42670788 kB
MemAvailable:   118981752 kB
Cached:         74485444 kB
SwapFree:       16739864 kB
allocstall_dma 0
allocstall_dma32 0
allocstall_normal 33819
allocstall_movable 20298
allocstall_device 0
pgscan_direct 5612013
pgscan_direct_throttle 0
compact_stall 216378
2026-09-22T03:29:03Z
208 MHz, 0x0000000000000004, 46, 5.31 W
MemFree:        42595960 kB
MemAvailable:   118906924 kB
Cached:         74485444 kB
SwapFree:       16739864 kB
allocstall_dma 0
allocstall_dma32 0
allocstall_normal 33819
allocstall_movable 20298
allocstall_device 0
pgscan_direct 5612013
pgscan_direct_throttle 0
compact_stall 216378
2026-09-22T03:29:04Z
208 MHz, 0x0000000000000000, 46, 5.31 W
MemFree:        42506380 kB
MemAvailable:   118817360 kB
Cached:         74485440 kB
SwapFree:       16739864 kB
allocstall_dma 0
allocstall_dma32 0
allocstall_normal 33819
allocstall_movable 20298
allocstall_device 0
pgscan_direct 5612013
pgscan_direct_throttle 0
compact_stall 216378
2026-09-22T03:29:05Z
208 MHz, 0x0000000000000004, 46, 5.26 W
MemFree:        42389620 kB
MemAvailable:   118703040 kB
Cached:         74487260 kB
SwapFree:       16739864 kB
allocstall_dma 0
allocstall_dma32 0
allocstall_normal 33819
allocstall_movable 20298
allocstall_device 0
pgscan_direct 5612013
pgscan_direct_throttle 0
compact_stall 216378
2026-09-22T03:29:06Z
208 MHz, 0x0000000000000000, 46, 5.26 W
MemFree:        42186644 kB
MemAvailable:   118500152 kB
Cached:         74487336 kB
SwapFree:       16739864 kB
allocstall_dma 0
allocstall_dma32 0
allocstall_normal 33819
allocstall_movable 20298
allocstall_device 0
pgscan_direct 5612013
pgscan_direct_throttle 0
compact_stall 216378
2026-09-22T03:29:07Z
208 MHz, 0x0000000000000004, 46, 5.26 W
MemFree:        42180796 kB
MemAvailable:   118494304 kB
Cached:         74487336 kB
SwapFree:       16739864 kB
allocstall_dma 0
allocstall_dma32 0
allocstall_normal 33819
allocstall_movable 20298
allocstall_device 0
pgscan_direct 5612013
pgscan_direct_throttle 0
compact_stall 216378
2026-09-22T03:29:08Z
208 MHz, 0x0000000000000000, 46, 5.27 W
MemFree:        42184944 kB
MemAvailable:   118498460 kB
Cached:         74487336 kB
SwapFree:       16739864 kB
allocstall_dma 0
allocstall_dma32 0
allocstall_normal 33819
allocstall_movable 20298
allocstall_device 0
pgscan_direct 5612013
pgscan_direct_throttle 0
compact_stall 216378
2026-09-22T03:29:09Z
208 MHz, 0x0000000000000004, 46, 5.27 W
MemFree:        42185696 kB
MemAvailable:   118499212 kB
Cached:         74487336 kB
SwapFree:       16739864 kB
allocstall_dma 0
allocstall_dma32 0
allocstall_normal 33819
allocstall_movable 20298
allocstall_device 0
pgscan_direct 5612013
pgscan_direct_throttle 0
compact_stall 216378
2026-09-22T03:29:10Z
208 MHz, 0x0000000000000000, 46, 5.26 W
MemFree:        42210252 kB
MemAvailable:   118523768 kB
Cached:         74487336 kB
SwapFree:       16739864 kB
allocstall_dma 0
allocstall_dma32 0
allocstall_normal 33819
allocstall_movable 20298
allocstall_device 0
pgscan_direct 5612013
pgscan_direct_throttle 0
compact_stall 216378
2026-09-22T03:29:11Z
208 MHz, 0x0000000000000004, 46, 5.24 W
MemFree:        42183452 kB
MemAvailable:   118505500 kB
Cached:         74493956 kB
SwapFree:       16739864 kB
allocstall_dma 0
allocstall_dma32 0
allocstall_normal 33819
allocstall_movable 20298
allocstall_device 0
pgscan_direct 5612013
pgscan_direct_throttle 0
compact_stall 216378
2026-09-22T03:29:12Z
208 MHz, 0x0000000000000000, 46, 5.35 W
MemFree:        42112840 kB
MemAvailable:   118451412 kB
Cached:         74506384 kB
SwapFree:       16739864 kB
allocstall_dma 0
allocstall_dma32 0
allocstall_normal 33819
allocstall_movable 20298
allocstall_device 0
pgscan_direct 5612013
pgscan_direct_throttle 0
compact_stall 216378
2026-09-22T03:29:13Z
208 MHz, 0x0000000000000004, 46, 5.28 W
MemFree:        42117276 kB
MemAvailable:   118459568 kB
Cached:         74509504 kB
SwapFree:       16739864 kB
allocstall_dma 0
allocstall_dma32 0
allocstall_normal 33819
allocstall_movable 20298
allocstall_device 0
pgscan_direct 5612013
pgscan_direct_throttle 0
compact_stall 216378
2026-09-22T03:29:14Z
2411 MHz, 0x0000000000000000, 47, 7.30 W
MemFree:        40671212 kB
MemAvailable:   117014400 kB
Cached:         74740484 kB
SwapFree:       16739864 kB
allocstall_dma 0
allocstall_dma32 0
allocstall_normal 33819
allocstall_movable 20298
allocstall_device 0
pgscan_direct 5612013
pgscan_direct_throttle 0
compact_stall 216378
2026-09-22T03:29:15Z
2418 MHz, 0x0000000000000000, 47, 13.30 W
MemFree:        39468832 kB
MemAvailable:   115813364 kB
Cached:         75797680 kB
SwapFree:       16739864 kB
allocstall_dma 0
allocstall_dma32 0
allocstall_normal 33819
allocstall_movable 20298
allocstall_device 0
pgscan_direct 5612013
pgscan_direct_throttle 0
compact_stall 216378
2026-09-22T03:29:16Z
2411 MHz, 0x0000000000000000, 47, 13.28 W
MemFree:        37973332 kB
MemAvailable:   114321604 kB
Cached:         76812680 kB
SwapFree:       16739864 kB
allocstall_dma 0
allocstall_dma32 0
allocstall_normal 33819
allocstall_movable 20298
allocstall_device 0
pgscan_direct 5612013
pgscan_direct_throttle 0
compact_stall 216378
2026-09-22T03:29:17Z
2411 MHz, 0x0000000000000000, 47, 13.19 W
MemFree:        36299956 kB
MemAvailable:   112650424 kB
Cached:         77043924 kB
SwapFree:       16739864 kB
allocstall_dma 0
allocstall_dma32 0
allocstall_normal 33819
allocstall_movable 20298
allocstall_device 0
pgscan_direct 5612013
pgscan_direct_throttle 0
compact_stall 216378
2026-09-22T03:29:18Z
2411 MHz, 0x0000000000000000, 47, 13.18 W
MemFree:        14113584 kB
MemAvailable:   90466728 kB
Cached:         77046168 kB
SwapFree:       16739864 kB
allocstall_dma 0
allocstall_dma32 0
allocstall_normal 33819
allocstall_movable 20298
allocstall_device 0
pgscan_direct 5612013
pgscan_direct_throttle 0
compact_stall 216378
2026-09-22T03:29:19Z
2411 MHz, 0x0000000000000000, 48, 13.49 W
MemFree:         2252452 kB
MemAvailable:   76962196 kB
Cached:         76304652 kB
SwapFree:       16739864 kB
allocstall_dma 0
allocstall_dma32 0
allocstall_normal 34965
allocstall_movable 20298
allocstall_device 0
pgscan_direct 5612013
pgscan_direct_throttle 0
compact_stall 218350
2026-09-22T03:29:20Z
2411 MHz, 0x0000000000000000, 48, 13.13 W
MemFree:         1978616 kB
MemAvailable:   75189624 kB
Cached:         74810328 kB
SwapFree:       16739864 kB
allocstall_dma 0
allocstall_dma32 0
allocstall_normal 40079
allocstall_movable 20298
allocstall_device 0
pgscan_direct 5612223
pgscan_direct_throttle 0
compact_stall 223926
2026-09-22T03:29:21Z
2411 MHz, 0x0000000000000000, 48, 13.67 W
MemFree:         1663260 kB
MemAvailable:   73366340 kB
Cached:         73313760 kB
SwapFree:       16739668 kB
allocstall_dma 0
allocstall_dma32 0
allocstall_normal 40685
allocstall_movable 20298
allocstall_device 0
pgscan_direct 5612958
pgscan_direct_throttle 0
compact_stall 225494
2026-09-22T03:29:22Z
2411 MHz, 0x0000000000000000, 48, 13.79 W
MemFree:         1658264 kB
MemAvailable:   70468252 kB
Cached:         70446532 kB
SwapFree:       16739652 kB
allocstall_dma 0
allocstall_dma32 0
allocstall_normal 41129
allocstall_movable 20298
allocstall_device 0
pgscan_direct 5623747
pgscan_direct_throttle 0
compact_stall 228407
2026-09-22T03:29:23Z
2418 MHz, 0x0000000000000000, 48, 13.32 W
MemFree:         1994564 kB
MemAvailable:   59030596 kB
Cached:         58792980 kB
SwapFree:       16739652 kB
allocstall_dma 0
allocstall_dma32 0
allocstall_normal 41613
allocstall_movable 20298
allocstall_device 0
pgscan_direct 5629943
pgscan_direct_throttle 0
compact_stall 231389
2026-09-22T03:29:25Z
2424 MHz, 0x0000000000000000, 48, 13.48 W
MemFree:         1362336 kB
MemAvailable:   58585884 kB
Cached:         58668768 kB
SwapFree:       16739652 kB
allocstall_dma 0
allocstall_dma32 0
allocstall_normal 41615
allocstall_movable 20298
allocstall_device 0
pgscan_direct 5630071
pgscan_direct_throttle 0
compact_stall 231393
2026-09-22T03:29:26Z
2418 MHz, 0x0000000000000000, 48, 13.38 W
MemFree:         1107456 kB
MemAvailable:   57712828 kB
Cached:         58702496 kB
SwapFree:       16739652 kB
allocstall_dma 0
allocstall_dma32 0
allocstall_normal 41616
allocstall_movable 20298
allocstall_device 0
pgscan_direct 5630139
pgscan_direct_throttle 0
compact_stall 231393
2026-09-22T03:29:27Z
2411 MHz, 0x0000000000000000, 48, 13.41 W
MemFree:          914696 kB
MemAvailable:   56169900 kB
Cached:         57374468 kB
SwapFree:       16739652 kB
allocstall_dma 0
allocstall_dma32 0
allocstall_normal 41620
allocstall_movable 20298
allocstall_device 0
pgscan_direct 5631358
pgscan_direct_throttle 0
compact_stall 231395
2026-09-22T03:29:28Z
2476 MHz, 0x0000000000000000, 49, 17.36 W
MemFree:         1119820 kB
MemAvailable:   55473924 kB
Cached:         56517116 kB
SwapFree:       16739652 kB
allocstall_dma 0
allocstall_dma32 0
allocstall_normal 41923
allocstall_movable 20299
allocstall_device 0
pgscan_direct 5650790
pgscan_direct_throttle 0
compact_stall 231484
2026-09-22T03:29:29Z
2470 MHz, 0x0000000000000000, 50, 18.10 W
MemFree:         1389692 kB
MemAvailable:   52738436 kB
Cached:         54456204 kB
SwapFree:       16739652 kB
allocstall_dma 0
allocstall_dma32 0
allocstall_normal 42180
allocstall_movable 20397
allocstall_device 0
pgscan_direct 5675838
pgscan_direct_throttle 0
compact_stall 231510
2026-09-22T03:29:30Z
2444 MHz, 0x0000000000000000, 50, 18.35 W
MemFree:         1930888 kB
MemAvailable:   50334960 kB
Cached:         51573644 kB
SwapFree:       16739652 kB
allocstall_dma 0
allocstall_dma32 0
allocstall_normal 42180
allocstall_movable 20409
allocstall_device 0
pgscan_direct 5680063
pgscan_direct_throttle 0
compact_stall 231742
2026-09-22T03:29:31Z
2463 MHz, 0x0000000000000000, 50, 18.11 W
MemFree:         3386852 kB
MemAvailable:   48641672 kB
Cached:         48284860 kB
SwapFree:       16739652 kB
allocstall_dma 0
allocstall_dma32 0
allocstall_normal 42185
allocstall_movable 20419
allocstall_device 0
pgscan_direct 5681770
pgscan_direct_throttle 0
compact_stall 232205
2026-09-22T03:29:32Z
2489 MHz, 0x0000000000000000, 51, 19.34 W
MemFree:         3431188 kB
MemAvailable:   46370656 kB
Cached:         46151276 kB
SwapFree:       16739652 kB
allocstall_dma 0
allocstall_dma32 0
allocstall_normal 42208
allocstall_movable 20426
allocstall_device 0
pgscan_direct 5684147
pgscan_direct_throttle 0
compact_stall 232654
2026-09-22T03:29:33Z
2463 MHz, 0x0000000000000000, 50, 18.35 W
MemFree:         3760556 kB
MemAvailable:   43817056 kB
Cached:         42738884 kB
SwapFree:       16739652 kB
allocstall_dma 0
allocstall_dma32 0
allocstall_normal 42211
allocstall_movable 20430
allocstall_device 0
pgscan_direct 5684854
pgscan_direct_throttle 0
compact_stall 232922
2026-09-22T03:29:34Z
2437 MHz, 0x0000000000000000, 51, 17.17 W
MemFree:         2991144 kB
MemAvailable:   40956296 kB
Cached:         40435312 kB
SwapFree:       16739652 kB
allocstall_dma 0
allocstall_dma32 0
allocstall_normal 42215
allocstall_movable 20436
allocstall_device 0
pgscan_direct 5685878
pgscan_direct_throttle 0
compact_stall 233300
2026-09-22T03:29:35Z
2509 MHz, 0x0000000000000000, 51, 20.55 W
MemFree:         2744564 kB
MemAvailable:   36934256 kB
Cached:         37619192 kB
SwapFree:       16739652 kB
allocstall_dma 0
allocstall_dma32 0
allocstall_normal 42215
allocstall_movable 20443
allocstall_device 0
pgscan_direct 5686774
pgscan_direct_throttle 0
compact_stall 233531
2026-09-22T03:29:36Z
2515 MHz, 0x0000000000000000, 52, 18.77 W
MemFree:         3713432 kB
MemAvailable:   35085592 kB
Cached:         33972512 kB
SwapFree:       16739652 kB
allocstall_dma 0
allocstall_dma32 0
allocstall_normal 42215
allocstall_movable 20451
allocstall_device 0
pgscan_direct 5687798
pgscan_direct_throttle 0
compact_stall 233614
2026-09-22T03:29:37Z
2437 MHz, 0x0000000000000000, 52, 17.02 W
MemFree:         4424524 kB
MemAvailable:   33117216 kB
Cached:         31322220 kB
SwapFree:       16739652 kB
allocstall_dma 0
allocstall_dma32 0
allocstall_normal 42216
allocstall_movable 20458
allocstall_device 0
pgscan_direct 5688783
pgscan_direct_throttle 0
compact_stall 233684
2026-09-22T03:29:38Z
2463 MHz, 0x0000000000000000, 52, 18.72 W
MemFree:         5045388 kB
MemAvailable:   33109864 kB
Cached:         30693716 kB
SwapFree:       16739652 kB
allocstall_dma 0
allocstall_dma32 0
allocstall_normal 42216
allocstall_movable 20458
allocstall_device 0
pgscan_direct 5688783
pgscan_direct_throttle 0
compact_stall 233705
2026-09-22T03:29:39Z
2483 MHz, 0x0000000000000000, 52, 16.74 W
MemFree:         5174540 kB
MemAvailable:   33113948 kB
Cached:         30584128 kB
SwapFree:       16739652 kB
allocstall_dma 0
allocstall_dma32 0
allocstall_normal 42216
allocstall_movable 20458
allocstall_device 0
pgscan_direct 5688783
pgscan_direct_throttle 0
compact_stall 233710
2026-09-22T03:29:40Z
2450 MHz, 0x0000000000000000, 52, 16.87 W
MemFree:         4948268 kB
MemAvailable:   33110868 kB
Cached:         30827436 kB
SwapFree:       16739652 kB
allocstall_dma 0
allocstall_dma32 0
allocstall_normal 42216
allocstall_movable 20458
allocstall_device 0
pgscan_direct 5688783
pgscan_direct_throttle 0
compact_stall 233714
2026-09-22T03:29:41Z
2444 MHz, 0x0000000000000000, 52, 16.69 W
MemFree:         4984432 kB
MemAvailable:   33113064 kB
Cached:         30816692 kB
SwapFree:       16739652 kB
allocstall_dma 0
allocstall_dma32 0
allocstall_normal 42216
allocstall_movable 20460
allocstall_device 0
pgscan_direct 5689039
pgscan_direct_throttle 0
compact_stall 233724
2026-09-22T03:29:42Z
2457 MHz, 0x0000000000000000, 52, 16.40 W
MemFree:         4855948 kB
MemAvailable:   33113328 kB
Cached:         30969488 kB
SwapFree:       16739652 kB
allocstall_dma 0
allocstall_dma32 0
allocstall_normal 42216
allocstall_movable 20462
allocstall_device 0
pgscan_direct 5689295
pgscan_direct_throttle 0
compact_stall 233795
2026-09-22T03:29:43Z
2450 MHz, 0x0000000000000000, 52, 16.43 W
MemFree:         4732032 kB
MemAvailable:   33133608 kB
Cached:         31140988 kB
SwapFree:       16739656 kB
allocstall_dma 0
allocstall_dma32 0
allocstall_normal 42216
allocstall_movable 20462
allocstall_device 0
pgscan_direct 5689295
pgscan_direct_throttle 0
compact_stall 233799
2026-09-22T03:29:44Z
2463 MHz, 0x0000000000000000, 52, 16.23 W
MemFree:         4851664 kB
MemAvailable:   33165156 kB
Cached:         31072672 kB
SwapFree:       16739656 kB
allocstall_dma 0
allocstall_dma32 0
allocstall_normal 42216
allocstall_movable 20465
allocstall_device 0
pgscan_direct 5689679
pgscan_direct_throttle 0
compact_stall 233803
2026-09-22T03:29:45Z
2437 MHz, 0x0000000000000000, 52, 15.94 W
MemFree:         5936776 kB
MemAvailable:   32962688 kB
Cached:         30091644 kB
SwapFree:       16739656 kB
allocstall_dma 0
allocstall_dma32 0
allocstall_normal 42216
allocstall_movable 20467
allocstall_device 0
pgscan_direct 5689935
pgscan_direct_throttle 0
compact_stall 234293
2026-09-22T03:29:46Z
2418 MHz, 0x0000000000000000, 52, 15.78 W
MemFree:         5971556 kB
MemAvailable:   33166468 kB
Cached:         30074836 kB
SwapFree:       16739656 kB
allocstall_dma 0
allocstall_dma32 0
allocstall_normal 42216
allocstall_movable 20470
allocstall_device 0
pgscan_direct 5690321
pgscan_direct_throttle 0
compact_stall 235334
2026-09-22T03:29:47Z
2431 MHz, 0x0000000000000000, 53, 16.49 W
MemFree:         5656364 kB
MemAvailable:   33139572 kB
Cached:         30429880 kB
SwapFree:       16739272 kB
allocstall_dma 0
allocstall_dma32 0
allocstall_normal 42216
allocstall_movable 20487
allocstall_device 0
pgscan_direct 5690449
pgscan_direct_throttle 0
compact_stall 236422
2026-09-22T03:29:48Z
2457 MHz, 0x0000000000000000, 53, 16.68 W
MemFree:         5665728 kB
MemAvailable:   33159820 kB
Cached:         30517460 kB
SwapFree:       16738784 kB
allocstall_dma 0
allocstall_dma32 0
allocstall_normal 42216
allocstall_movable 20489
allocstall_device 0
pgscan_direct 5690713
pgscan_direct_throttle 0
compact_stall 237107
2026-09-22T03:29:49Z
2450 MHz, 0x0000000000000000, 53, 16.68 W
MemFree:         5686120 kB
MemAvailable:   32304984 kB
Cached:         30526340 kB
SwapFree:       16738604 kB
allocstall_dma 0
allocstall_dma32 0
allocstall_normal 42216
allocstall_movable 20491
allocstall_device 0
pgscan_direct 5690969
pgscan_direct_throttle 0
compact_stall 237248
2026-09-22T03:29:50Z
2463 MHz, 0x0000000000000000, 53, 17.14 W
MemFree:         5137824 kB
MemAvailable:   32771104 kB
Cached:         31075396 kB
SwapFree:       16738356 kB
allocstall_dma 0
allocstall_dma32 0
allocstall_normal 42216
allocstall_movable 20492
allocstall_device 0
pgscan_direct 5691232
pgscan_direct_throttle 0
compact_stall 237309
2026-09-22T03:29:51Z
2444 MHz, 0x0000000000000000, 53, 16.71 W
MemFree:         4921908 kB
MemAvailable:   32246828 kB
Cached:         31232916 kB
SwapFree:       16738316 kB
allocstall_dma 0
allocstall_dma32 0
allocstall_normal 42216
allocstall_movable 20496
allocstall_device 0
pgscan_direct 5691971
pgscan_direct_throttle 0
compact_stall 237606
2026-09-22T03:29:52Z
2411 MHz, 0x0000000000000000, 53, 17.10 W
MemFree:         5245912 kB
MemAvailable:   33160440 kB
Cached:         30927380 kB
SwapFree:       16738268 kB
allocstall_dma 0
allocstall_dma32 0
allocstall_normal 42216
allocstall_movable 20499
allocstall_device 0
pgscan_direct 5692392
pgscan_direct_throttle 0
compact_stall 237702
2026-09-22T03:29:53Z
2450 MHz, 0x0000000000000000, 54, 17.93 W
MemFree:         4793944 kB
MemAvailable:   32272628 kB
Cached:         31387488 kB
SwapFree:       16738244 kB
allocstall_dma 0
allocstall_dma32 0
allocstall_normal 42216
allocstall_movable 20500
allocstall_device 0
pgscan_direct 5692531
pgscan_direct_throttle 0
compact_stall 237804
2026-09-22T03:29:55Z
2444 MHz, 0x0000000000000000, 54, 17.76 W
MemFree:         4766716 kB
MemAvailable:   32811704 kB
Cached:         31423444 kB
SwapFree:       16738196 kB
allocstall_dma 0
allocstall_dma32 0
allocstall_normal 42216
allocstall_movable 20504
allocstall_device 0
pgscan_direct 5693086
pgscan_direct_throttle 0
compact_stall 237853
2026-09-22T03:29:56Z
2470 MHz, 0x0000000000000000, 54, 17.63 W
MemFree:         4541956 kB
MemAvailable:   32265612 kB
Cached:         31632360 kB
SwapFree:       16738196 kB
allocstall_dma 0
allocstall_dma32 0
allocstall_normal 42216
allocstall_movable 20504
allocstall_device 0
pgscan_direct 5693086
pgscan_direct_throttle 0
compact_stall 237853
2026-09-22T03:29:57Z
2444 MHz, 0x0000000000000000, 54, 18.63 W
MemFree:         4526892 kB
MemAvailable:   33152696 kB
Cached:         31639208 kB
SwapFree:       16738148 kB
allocstall_dma 0
allocstall_dma32 0
allocstall_normal 42216
allocstall_movable 20507
allocstall_device 0
pgscan_direct 5693517
pgscan_direct_throttle 0
compact_stall 237861
2026-09-22T03:29:58Z
2444 MHz, 0x0000000000000000, 54, 17.80 W
MemFree:         4516788 kB
MemAvailable:   33159072 kB
Cached:         31656196 kB
SwapFree:       16738124 kB
allocstall_dma 0
allocstall_dma32 0
allocstall_normal 42216
allocstall_movable 20511
allocstall_device 0
pgscan_direct 5694073
pgscan_direct_throttle 0
compact_stall 237869
2026-09-22T03:29:59Z
2463 MHz, 0x0000000000000000, 54, 17.50 W
MemFree:         4256548 kB
MemAvailable:   32245180 kB
Cached:         31898416 kB
SwapFree:       16738112 kB
allocstall_dma 0
allocstall_dma32 0
allocstall_normal 42216
allocstall_movable 20512
allocstall_device 0
pgscan_direct 5694201
pgscan_direct_throttle 0
compact_stall 237873
2026-09-22T03:30:00Z
2444 MHz, 0x0000000000000000, 54, 17.94 W
MemFree:         4400956 kB
MemAvailable:   32264384 kB
Cached:         31774192 kB
SwapFree:       16738040 kB
allocstall_dma 0
allocstall_dma32 0
allocstall_normal 42216
allocstall_movable 20514
allocstall_device 0
pgscan_direct 5694477
pgscan_direct_throttle 0
compact_stall 237885
2026-09-22T03:30:01Z
2444 MHz, 0x0000000000000000, 54, 18.12 W
MemFree:         4648784 kB
MemAvailable:   33162044 kB
Cached:         31529024 kB
SwapFree:       16737988 kB
allocstall_dma 0
allocstall_dma32 0
allocstall_normal 42216
allocstall_movable 20518
allocstall_device 0
pgscan_direct 5695044
pgscan_direct_throttle 0
compact_stall 237893
2026-09-22T03:30:02Z
2444 MHz, 0x0000000000000000, 55, 18.37 W
MemFree:         4286432 kB
MemAvailable:   33155956 kB
Cached:         31886228 kB
SwapFree:       16737976 kB
allocstall_dma 0
allocstall_dma32 0
allocstall_normal 42216
allocstall_movable 20520
allocstall_device 0
pgscan_direct 5695302
pgscan_direct_throttle 0
compact_stall 237896
2026-09-22T03:30:03Z
2437 MHz, 0x0000000000000000, 55, 17.97 W
MemFree:         4391240 kB
MemAvailable:   33151876 kB
Cached:         31779968 kB
SwapFree:       16737940 kB
allocstall_dma 0
allocstall_dma32 0
allocstall_normal 42216
allocstall_movable 20524
allocstall_device 0
pgscan_direct 5695816
pgscan_direct_throttle 0
compact_stall 237904
2026-09-22T03:30:04Z
2424 MHz, 0x0000000000000000, 54, 17.11 W
MemFree:         4094292 kB
MemAvailable:   33117928 kB
Cached:         32044508 kB
SwapFree:       16737920 kB
allocstall_dma 0
allocstall_dma32 0
allocstall_normal 42216
allocstall_movable 20525
allocstall_device 0
pgscan_direct 5695945
pgscan_direct_throttle 0
compact_stall 237934
2026-09-22T03:30:05Z
2457 MHz, 0x0000000000000000, 55, 18.88 W
MemFree:         4376724 kB
MemAvailable:   33164756 kB
Cached:         31810924 kB
SwapFree:       16737884 kB
allocstall_dma 0
allocstall_dma32 0
allocstall_normal 42216
allocstall_movable 20528
allocstall_device 0
pgscan_direct 5696333
pgscan_direct_throttle 0
compact_stall 237971
2026-09-22T03:30:06Z
2450 MHz, 0x0000000000000000, 55, 18.54 W
MemFree:         4374844 kB
MemAvailable:   33155420 kB
Cached:         31807224 kB
SwapFree:       16737884 kB
allocstall_dma 0
allocstall_dma32 0
allocstall_normal 42216
allocstall_movable 20528
allocstall_device 0
pgscan_direct 5696333
pgscan_direct_throttle 0
compact_stall 237982
2026-09-22T03:30:07Z
2444 MHz, 0x0000000000000000, 55, 16.74 W
MemFree:         4164928 kB
MemAvailable:   33144080 kB
Cached:         32006004 kB
SwapFree:       16737884 kB
allocstall_dma 0
allocstall_dma32 0
allocstall_normal 42216
allocstall_movable 20528
allocstall_device 0
pgscan_direct 5696333
pgscan_direct_throttle 0
compact_stall 237984
2026-09-22T03:30:08Z
2444 MHz, 0x0000000000000000, 55, 17.59 W
MemFree:         4263264 kB
MemAvailable:   33149364 kB
Cached:         31916792 kB
SwapFree:       16737884 kB
allocstall_dma 0
allocstall_dma32 0
allocstall_normal 42216
allocstall_movable 20529
allocstall_device 0
pgscan_direct 5696462
pgscan_direct_throttle 0
compact_stall 237996
2026-09-22T03:30:09Z
2437 MHz, 0x0000000000000000, 55, 17.16 W
MemFree:         4330092 kB
MemAvailable:   33132860 kB
Cached:         31836588 kB
SwapFree:       16737884 kB
allocstall_dma 0
allocstall_dma32 0
allocstall_normal 42216
allocstall_movable 20530
allocstall_device 0
pgscan_direct 5696591
pgscan_direct_throttle 0
compact_stall 238004
2026-09-22T03:30:10Z
2470 MHz, 0x0000000000000000, 55, 17.51 W
MemFree:         4204720 kB
MemAvailable:   33134216 kB
Cached:         31964564 kB
SwapFree:       16737888 kB
allocstall_dma 0
allocstall_dma32 0
allocstall_normal 42216
allocstall_movable 20530
allocstall_device 0
pgscan_direct 5696591
pgscan_direct_throttle 0
compact_stall 238008
2026-09-22T03:30:11Z
2431 MHz, 0x0000000000000000, 55, 17.19 W
MemFree:         4389160 kB
MemAvailable:   33112808 kB
Cached:         31765448 kB
SwapFree:       16737888 kB
allocstall_dma 0
allocstall_dma32 0
allocstall_normal 42216
allocstall_movable 20531
allocstall_device 0
pgscan_direct 5696719
pgscan_direct_throttle 0
compact_stall 238016
2026-09-22T03:30:12Z
2437 MHz, 0x0000000000000000, 55, 16.84 W
MemFree:         4385784 kB
MemAvailable:   33109196 kB
Cached:         31768892 kB
SwapFree:       16737844 kB
allocstall_dma 0
allocstall_dma32 0
allocstall_normal 42216
allocstall_movable 20532
allocstall_device 0
pgscan_direct 5696848
pgscan_direct_throttle 0
compact_stall 238021
2026-09-22T03:30:13Z
2431 MHz, 0x0000000000000000, 55, 17.24 W
MemFree:         4455476 kB
MemAvailable:   33127996 kB
Cached:         31726336 kB
SwapFree:       16737824 kB
allocstall_dma 0
allocstall_dma32 0
allocstall_normal 42216
allocstall_movable 20532
allocstall_device 0
pgscan_direct 5696848
pgscan_direct_throttle 0
compact_stall 238029
2026-09-22T03:30:14Z
2437 MHz, 0x0000000000000000, 56, 17.54 W
MemFree:         4659004 kB
MemAvailable:   33158568 kB
Cached:         31556892 kB
SwapFree:       16737824 kB
allocstall_dma 0
allocstall_dma32 0
allocstall_normal 42216
allocstall_movable 20536
allocstall_device 0
pgscan_direct 5697454
pgscan_direct_throttle 0
compact_stall 238354
2026-09-22T03:30:15Z
2405 MHz, 0x0000000000000000, 55, 17.50 W
MemFree:         4285052 kB
MemAvailable:   33098768 kB
Cached:         31871092 kB
SwapFree:       16737828 kB
allocstall_dma 0
allocstall_dma32 0
allocstall_normal 42216
allocstall_movable 20536
allocstall_device 0
pgscan_direct 5697454
pgscan_direct_throttle 0
compact_stall 238354
2026-09-22T03:30:16Z
2450 MHz, 0x0000000000000000, 56, 18.70 W
MemFree:         4485356 kB
MemAvailable:   33085000 kB
Cached:         31661784 kB
SwapFree:       16737764 kB
allocstall_dma 0
allocstall_dma32 0
allocstall_normal 42216
allocstall_movable 20536
allocstall_device 0
pgscan_direct 5697454
pgscan_direct_throttle 0
compact_stall 238358
2026-09-22T03:30:17Z
2437 MHz, 0x0000000000000000, 56, 18.50 W
MemFree:         4841560 kB
MemAvailable:   33079056 kB
Cached:         31307012 kB
SwapFree:       16737652 kB
allocstall_dma 0
allocstall_dma32 0
allocstall_normal 42216
allocstall_movable 20537
allocstall_device 0
pgscan_direct 5697585
pgscan_direct_throttle 0
compact_stall 238364
2026-09-22T03:30:18Z
2405 MHz, 0x0000000000000000, 56, 15.88 W
MemFree:         4817696 kB
MemAvailable:   33089924 kB
Cached:         31341864 kB
SwapFree:       16737652 kB
allocstall_dma 0
allocstall_dma32 0
allocstall_normal 42216
allocstall_movable 20537
allocstall_device 0
pgscan_direct 5697585
pgscan_direct_throttle 0
compact_stall 238364
2026-09-22T03:30:19Z
2405 MHz, 0x0000000000000000, 56, 17.71 W
MemFree:         4816428 kB
MemAvailable:   33088768 kB
Cached:         31341944 kB
SwapFree:       16737652 kB
allocstall_dma 0
allocstall_dma32 0
allocstall_normal 42216
allocstall_movable 20537
allocstall_device 0
pgscan_direct 5697585
pgscan_direct_throttle 0
compact_stall 238364
2026-09-22T03:30:20Z
2405 MHz, 0x0000000000000000, 56, 17.52 W
MemFree:         6286848 kB
MemAvailable:   34564448 kB
Cached:         31347268 kB
SwapFree:       16737652 kB
allocstall_dma 0
allocstall_dma32 0
allocstall_normal 42216
allocstall_movable 20537
allocstall_device 0
pgscan_direct 5697585
pgscan_direct_throttle 0
compact_stall 238364
2026-09-22T03:30:21Z
2405 MHz, 0x0000000000000000, 55, 18.65 W
MemFree:         4672768 kB
MemAvailable:   32991656 kB
Cached:         31388440 kB
SwapFree:       16737652 kB
allocstall_dma 0
allocstall_dma32 0
allocstall_normal 42216
allocstall_movable 20537
allocstall_device 0
pgscan_direct 5697585
pgscan_direct_throttle 0
compact_stall 238364
2026-09-22T03:30:22Z
2483 MHz, 0x0000000000000000, 56, 22.31 W
MemFree:         5774024 kB
MemAvailable:   34103032 kB
Cached:         31398380 kB
SwapFree:       16737652 kB
allocstall_dma 0
allocstall_dma32 0
allocstall_normal 42216
allocstall_movable 20537
allocstall_device 0
pgscan_direct 5697585
pgscan_direct_throttle 0
compact_stall 238364
2026-09-22T03:30:23Z
2431 MHz, 0x0000000000000000, 55, 20.69 W
MemFree:        19119784 kB
MemAvailable:   47457284 kB
Cached:         31406784 kB
SwapFree:       16737652 kB
allocstall_dma 0
allocstall_dma32 0
allocstall_normal 42216
allocstall_movable 20537
allocstall_device 0
pgscan_direct 5697585
pgscan_direct_throttle 0
compact_stall 238364
2026-09-22T03:30:24Z
2405 MHz, 0x0000000000000000, 55, 14.75 W
MemFree:        26387392 kB
MemAvailable:   54743808 kB
Cached:         31441812 kB
SwapFree:       16737652 kB
allocstall_dma 0
allocstall_dma32 0
allocstall_normal 42216
allocstall_movable 20537
allocstall_device 0
pgscan_direct 5697585
pgscan_direct_throttle 0
compact_stall 238364
2026-09-22T03:30:25Z
2405 MHz, 0x0000000000000000, 55, 14.36 W
MemFree:        26244372 kB
MemAvailable:   54600824 kB
Cached:         31441812 kB
SwapFree:       16737652 kB
allocstall_dma 0
allocstall_dma32 0
allocstall_normal 42216
allocstall_movable 20537
allocstall_device 0
pgscan_direct 5697585
pgscan_direct_throttle 0
compact_stall 238364
2026-09-22T03:30:27Z
2405 MHz, 0x0000000000000000, 55, 14.28 W
MemFree:        26200572 kB
MemAvailable:   54557316 kB
Cached:         31442104 kB
SwapFree:       16737652 kB
allocstall_dma 0
allocstall_dma32 0
allocstall_normal 42216
allocstall_movable 20537
allocstall_device 0
pgscan_direct 5697585
pgscan_direct_throttle 0
compact_stall 238364
2026-09-22T03:30:28Z
2405 MHz, 0x0000000000000000, 55, 14.23 W
MemFree:        26138936 kB
MemAvailable:   54495680 kB
Cached:         31442144 kB
SwapFree:       16737652 kB
allocstall_dma 0
allocstall_dma32 0
allocstall_normal 42216
allocstall_movable 20537
allocstall_device 0
pgscan_direct 5697585
pgscan_direct_throttle 0
compact_stall 238364
2026-09-22T03:30:29Z
2405 MHz, 0x0000000000000000, 55, 14.22 W
MemFree:        26081768 kB
MemAvailable:   54442536 kB
Cached:         31446080 kB
SwapFree:       16737660 kB
allocstall_dma 0
allocstall_dma32 0
allocstall_normal 42216
allocstall_movable 20537
allocstall_device 0
pgscan_direct 5697585
pgscan_direct_throttle 0
compact_stall 238364
2026-09-22T03:30:30Z
2405 MHz, 0x0000000000000000, 55, 14.27 W
MemFree:        22275328 kB
MemAvailable:   51231744 kB
Cached:         32041000 kB
SwapFree:       16737660 kB
allocstall_dma 0
allocstall_dma32 0
allocstall_normal 42216
allocstall_movable 20537
allocstall_device 0
pgscan_direct 5697585
pgscan_direct_throttle 0
compact_stall 238364
2026-09-22T03:30:31Z
2405 MHz, 0x0000000000000000, 55, 14.27 W
MemFree:        20144432 kB
MemAvailable:   49441540 kB
Cached:         32380280 kB
SwapFree:       16737660 kB
allocstall_dma 0
allocstall_dma32 0
allocstall_normal 42216
allocstall_movable 20537
allocstall_device 0
pgscan_direct 5697585
pgscan_direct_throttle 0
compact_stall 238364
2026-09-22T03:30:32Z
2405 MHz, 0x0000000000000000, 56, 14.58 W
MemFree:        18775324 kB
MemAvailable:   48104332 kB
Cached:         32411768 kB
SwapFree:       16737660 kB
allocstall_dma 0
allocstall_dma32 0
allocstall_normal 42216
allocstall_movable 20537
allocstall_device 0
pgscan_direct 5697585
pgscan_direct_throttle 0
compact_stall 238364
2026-09-22T03:30:33Z
2405 MHz, 0x0000000000000000, 56, 14.47 W
MemFree:        17255272 kB
MemAvailable:   46616136 kB
Cached:         32442636 kB
SwapFree:       16737660 kB
allocstall_dma 0
allocstall_dma32 0
allocstall_normal 42216
allocstall_movable 20537
allocstall_device 0
pgscan_direct 5697585
pgscan_direct_throttle 0
compact_stall 238364
2026-09-22T03:30:34Z
2405 MHz, 0x0000000000000000, 56, 14.59 W
MemFree:        16855620 kB
MemAvailable:   46248696 kB
Cached:         32475164 kB
SwapFree:       16737660 kB
allocstall_dma 0
allocstall_dma32 0
allocstall_normal 42216
allocstall_movable 20537
allocstall_device 0
pgscan_direct 5697585
pgscan_direct_throttle 0
compact_stall 238364
2026-09-22T03:30:35Z
2405 MHz, 0x0000000000000000, 56, 14.54 W
MemFree:        16489464 kB
MemAvailable:   45920580 kB
Cached:         32512508 kB
SwapFree:       16737660 kB
allocstall_dma 0
allocstall_dma32 0
allocstall_normal 42216
allocstall_movable 20537
allocstall_device 0
pgscan_direct 5697585
pgscan_direct_throttle 0
compact_stall 238364
2026-09-22T03:30:36Z
2405 MHz, 0x0000000000000000, 56, 14.53 W
MemFree:        16277952 kB
MemAvailable:   45716688 kB
Cached:         32520120 kB
SwapFree:       16737660 kB
allocstall_dma 0
allocstall_dma32 0
allocstall_normal 42216
allocstall_movable 20537
allocstall_device 0
pgscan_direct 5697585
pgscan_direct_throttle 0
compact_stall 238364
2026-09-22T03:30:37Z
2405 MHz, 0x0000000000000000, 56, 15.20 W
MemFree:        16149888 kB
MemAvailable:   45597028 kB
Cached:         32528464 kB
SwapFree:       16737660 kB
allocstall_dma 0
allocstall_dma32 0
allocstall_normal 42216
allocstall_movable 20537
allocstall_device 0
pgscan_direct 5697585
pgscan_direct_throttle 0
compact_stall 238364
2026-09-22T03:30:38Z
2405 MHz, 0x0000000000000000, 56, 16.18 W
MemFree:        16148772 kB
MemAvailable:   45595984 kB
Cached:         32528520 kB
SwapFree:       16737660 kB
allocstall_dma 0
allocstall_dma32 0
allocstall_normal 42216
allocstall_movable 20537
allocstall_device 0
pgscan_direct 5697585
pgscan_direct_throttle 0
compact_stall 238364
2026-09-22T03:30:39Z
2405 MHz, 0x0000000000000000, 56, 21.02 W
MemFree:        13838968 kB
MemAvailable:   43286280 kB
Cached:         32528580 kB
SwapFree:       16737660 kB
allocstall_dma 0
allocstall_dma32 0
allocstall_normal 42216
allocstall_movable 20537
allocstall_device 0
pgscan_direct 5697585
pgscan_direct_throttle 0
compact_stall 238364
2026-09-22T03:30:40Z
2405 MHz, 0x0000000000000000, 56, 23.82 W
MemFree:        13704440 kB
MemAvailable:   43152124 kB
Cached:         32528860 kB
SwapFree:       16737660 kB
allocstall_dma 0
allocstall_dma32 0
allocstall_normal 42216
allocstall_movable 20537
allocstall_device 0
pgscan_direct 5697585
pgscan_direct_throttle 0
compact_stall 238364
2026-09-22T03:30:41Z
2431 MHz, 0x0000000000000000, 57, 17.54 W
MemFree:        13686896 kB
MemAvailable:   43134872 kB
Cached:         32529068 kB
SwapFree:       16737660 kB
allocstall_dma 0
allocstall_dma32 0
allocstall_normal 42216
allocstall_movable 20537
allocstall_device 0
pgscan_direct 5697585
pgscan_direct_throttle 0
compact_stall 238364
2026-09-22T03:30:42Z
2411 MHz, 0x0000000000000000, 56, 18.03 W
MemFree:        13669312 kB
MemAvailable:   43117856 kB
Cached:         32529532 kB
SwapFree:       16737660 kB
allocstall_dma 0
allocstall_dma32 0
allocstall_normal 42216
allocstall_movable 20537
allocstall_device 0
pgscan_direct 5697585
pgscan_direct_throttle 0
compact_stall 238364
2026-09-22T03:30:43Z
2418 MHz, 0x0000000000000000, 56, 15.40 W
MemFree:        13609388 kB
MemAvailable:   43058576 kB
Cached:         32530116 kB
SwapFree:       16737660 kB
allocstall_dma 0
allocstall_dma32 0
allocstall_normal 42216
allocstall_movable 20537
allocstall_device 0
pgscan_direct 5697585
pgscan_direct_throttle 0
compact_stall 238364
2026-09-22T03:30:44Z
2450 MHz, 0x0000000000000000, 58, 20.17 W
MemFree:        13593036 kB
MemAvailable:   43042440 kB
Cached:         32530240 kB
SwapFree:       16737660 kB
allocstall_dma 0
allocstall_dma32 0
allocstall_normal 42216
allocstall_movable 20537
allocstall_device 0
pgscan_direct 5697585
pgscan_direct_throttle 0
compact_stall 238364
2026-09-22T03:30:45Z
2405 MHz, 0x0000000000000000, 57, 15.11 W
MemFree:        13494284 kB
MemAvailable:   42944536 kB
Cached:         32531064 kB
SwapFree:       16737660 kB
allocstall_dma 0
allocstall_dma32 0
allocstall_normal 42216
allocstall_movable 20537
allocstall_device 0
pgscan_direct 5697585
pgscan_direct_throttle 0
compact_stall 238364
2026-09-22T03:30:46Z
2424 MHz, 0x0000000000000000, 58, 20.51 W
MemFree:        13470936 kB
MemAvailable:   42921320 kB
Cached:         32531168 kB
SwapFree:       16737660 kB
allocstall_dma 0
allocstall_dma32 0
allocstall_normal 42216
allocstall_movable 20537
allocstall_device 0
pgscan_direct 5697585
pgscan_direct_throttle 0
compact_stall 238364
2026-09-22T03:30:47Z
2405 MHz, 0x0000000000000000, 56, 17.19 W
MemFree:        13486292 kB
MemAvailable:   42937572 kB
Cached:         32531928 kB
SwapFree:       16737660 kB
allocstall_dma 0
allocstall_dma32 0
allocstall_normal 42216
allocstall_movable 20537
allocstall_device 0
pgscan_direct 5697585
pgscan_direct_throttle 0
compact_stall 238364
2026-09-22T03:30:48Z
2450 MHz, 0x0000000000000000, 56, 15.86 W
MemFree:        13508248 kB
MemAvailable:   42959764 kB
Cached:         32532112 kB
SwapFree:       16737660 kB
allocstall_dma 0
allocstall_dma32 0
allocstall_normal 42216
allocstall_movable 20537
allocstall_device 0
pgscan_direct 5697585
pgscan_direct_throttle 0
compact_stall 238364
2026-09-22T03:30:49Z
2483 MHz, 0x0000000000000000, 56, 20.59 W
MemFree:        13549532 kB
MemAvailable:   43002576 kB
Cached:         32533712 kB
SwapFree:       16737660 kB
allocstall_dma 0
allocstall_dma32 0
allocstall_normal 42216
allocstall_movable 20537
allocstall_device 0
pgscan_direct 5697585
pgscan_direct_throttle 0
compact_stall 238364
2026-09-22T03:30:51Z
2405 MHz, 0x0000000000000000, 56, 15.41 W
MemFree:        13509728 kB
MemAvailable:   42965060 kB
Cached:         32535836 kB
SwapFree:       16737660 kB
allocstall_dma 0
allocstall_dma32 0
allocstall_normal 42216
allocstall_movable 20537
allocstall_device 0
pgscan_direct 5697585
pgscan_direct_throttle 0
compact_stall 238364
2026-09-22T03:30:52Z
2405 MHz, 0x0000000000000000, 56, 14.55 W
MemFree:        13403856 kB
MemAvailable:   42862920 kB
Cached:         32539536 kB
SwapFree:       16737660 kB
allocstall_dma 0
allocstall_dma32 0
allocstall_normal 42216
allocstall_movable 20537
allocstall_device 0
pgscan_direct 5697585
pgscan_direct_throttle 0
compact_stall 238364
2026-09-22T03:30:53Z
2405 MHz, 0x0000000000000000, 56, 14.95 W
MemFree:        13420288 kB
MemAvailable:   42879868 kB
Cached:         32540048 kB
SwapFree:       16737660 kB
allocstall_dma 0
allocstall_dma32 0
allocstall_normal 42216
allocstall_movable 20537
allocstall_device 0
pgscan_direct 5697585
pgscan_direct_throttle 0
compact_stall 238364
2026-09-22T03:30:54Z
2405 MHz, 0x0000000000000000, 57, 14.93 W
MemFree:        13470396 kB
MemAvailable:   42930332 kB
Cached:         32540392 kB
SwapFree:       16737660 kB
allocstall_dma 0
allocstall_dma32 0
allocstall_normal 42216
allocstall_movable 20537
allocstall_device 0
pgscan_direct 5697585
pgscan_direct_throttle 0
compact_stall 238364
2026-09-22T03:30:55Z
2405 MHz, 0x0000000000000000, 56, 14.53 W
MemFree:        13360200 kB
MemAvailable:   42820672 kB
Cached:         32540916 kB
SwapFree:       16737660 kB
allocstall_dma 0
allocstall_dma32 0
allocstall_normal 42216
allocstall_movable 20537
allocstall_device 0
pgscan_direct 5697585
pgscan_direct_throttle 0
compact_stall 238364
2026-09-22T03:30:56Z
2405 MHz, 0x0000000000000000, 56, 14.53 W
MemFree:        13441680 kB
MemAvailable:   42902432 kB
Cached:         32541180 kB
SwapFree:       16737660 kB
allocstall_dma 0
allocstall_dma32 0
allocstall_normal 42216
allocstall_movable 20537
allocstall_device 0
pgscan_direct 5697585
pgscan_direct_throttle 0
compact_stall 238364
2026-09-22T03:30:57Z
2405 MHz, 0x0000000000000000, 56, 14.75 W
MemFree:        13474112 kB
MemAvailable:   42935144 kB
Cached:         32541448 kB
SwapFree:       16737660 kB
allocstall_dma 0
allocstall_dma32 0
allocstall_normal 42216
allocstall_movable 20537
allocstall_device 0
pgscan_direct 5697585
pgscan_direct_throttle 0
compact_stall 238364
2026-09-22T03:30:58Z
2405 MHz, 0x0000000000000000, 56, 14.50 W
MemFree:        13452412 kB
MemAvailable:   42913444 kB
Cached:         32541448 kB
SwapFree:       16737660 kB
allocstall_dma 0
allocstall_dma32 0
allocstall_normal 42216
allocstall_movable 20537
allocstall_device 0
pgscan_direct 5697585
pgscan_direct_throttle 0
compact_stall 238364
2026-09-22T03:30:59Z
2405 MHz, 0x0000000000000000, 56, 14.46 W
MemFree:        13489040 kB
MemAvailable:   42950560 kB
Cached:         32541932 kB
SwapFree:       16737660 kB
allocstall_dma 0
allocstall_dma32 0
allocstall_normal 42216
allocstall_movable 20537
allocstall_device 0
pgscan_direct 5697585
pgscan_direct_throttle 0
compact_stall 238364
2026-09-22T03:31:00Z
2405 MHz, 0x0000000000000000, 56, 14.57 W
MemFree:        13509852 kB
MemAvailable:   42971900 kB
Cached:         32542416 kB
SwapFree:       16737660 kB
allocstall_dma 0
allocstall_dma32 0
allocstall_normal 42216
allocstall_movable 20537
allocstall_device 0
pgscan_direct 5697585
pgscan_direct_throttle 0
compact_stall 238364
2026-09-22T03:31:01Z
2405 MHz, 0x0000000000000000, 55, 14.48 W
MemFree:        13545708 kB
MemAvailable:   43008056 kB
Cached:         32542712 kB
SwapFree:       16737660 kB
allocstall_dma 0
allocstall_dma32 0
allocstall_normal 42216
allocstall_movable 20537
allocstall_device 0
pgscan_direct 5697585
pgscan_direct_throttle 0
compact_stall 238364
2026-09-22T03:31:02Z
2405 MHz, 0x0000000000000000, 55, 14.42 W
MemFree:        13585316 kB
MemAvailable:   43047664 kB
Cached:         32542712 kB
SwapFree:       16737660 kB
allocstall_dma 0
allocstall_dma32 0
allocstall_normal 42216
allocstall_movable 20537
allocstall_device 0
pgscan_direct 5697585
pgscan_direct_throttle 0
compact_stall 238364
2026-09-22T03:31:03Z
2418 MHz, 0x0000000000000000, 55, 14.86 W
MemFree:        13616312 kB
MemAvailable:   43078948 kB
Cached:         32542996 kB
SwapFree:       16737660 kB
allocstall_dma 0
allocstall_dma32 0
allocstall_normal 42216
allocstall_movable 20537
allocstall_device 0
pgscan_direct 5697585
pgscan_direct_throttle 0
compact_stall 238364
2026-09-22T03:31:04Z
2405 MHz, 0x0000000000000000, 55, 14.35 W
MemFree:        13517396 kB
MemAvailable:   42980036 kB
Cached:         32542996 kB
SwapFree:       16737660 kB
allocstall_dma 0
allocstall_dma32 0
allocstall_normal 42216
allocstall_movable 20537
allocstall_device 0
pgscan_direct 5697585
pgscan_direct_throttle 0
compact_stall 238364
2026-09-22T03:31:05Z
2405 MHz, 0x0000000000000000, 55, 14.34 W
MemFree:        13394184 kB
MemAvailable:   42856824 kB
Cached:         32542996 kB
SwapFree:       16737660 kB
allocstall_dma 0
allocstall_dma32 0
allocstall_normal 42216
allocstall_movable 20537
allocstall_device 0
pgscan_direct 5697585
pgscan_direct_throttle 0
compact_stall 238364
2026-09-22T03:31:06Z
2405 MHz, 0x0000000000000000, 55, 14.28 W
MemFree:        13453332 kB
MemAvailable:   42916496 kB
Cached:         32543512 kB
SwapFree:       16737660 kB
allocstall_dma 0
allocstall_dma32 0
allocstall_normal 42216
allocstall_movable 20537
allocstall_device 0
pgscan_direct 5697585
pgscan_direct_throttle 0
compact_stall 238364
2026-09-22T03:31:07Z
2405 MHz, 0x0000000000000000, 55, 14.32 W
MemFree:        13461072 kB
MemAvailable:   42924860 kB
Cached:         32544352 kB
SwapFree:       16737660 kB
allocstall_dma 0
allocstall_dma32 0
allocstall_normal 42216
allocstall_movable 20537
allocstall_device 0
pgscan_direct 5697585
pgscan_direct_throttle 0
compact_stall 238364
2026-09-22T03:31:08Z
2405 MHz, 0x0000000000000000, 54, 14.30 W
MemFree:        13528908 kB
MemAvailable:   42993364 kB
Cached:         32544828 kB
SwapFree:       16737660 kB
allocstall_dma 0
allocstall_dma32 0
allocstall_normal 42216
allocstall_movable 20537
allocstall_device 0
pgscan_direct 5697585
pgscan_direct_throttle 0
compact_stall 238364
2026-09-22T03:31:09Z
2424 MHz, 0x0000000000000000, 55, 23.71 W
MemFree:        13466988 kB
MemAvailable:   42933552 kB
Cached:         32546652 kB
SwapFree:       16737660 kB
allocstall_dma 0
allocstall_dma32 0
allocstall_normal 42216
allocstall_movable 20537
allocstall_device 0
pgscan_direct 5697585
pgscan_direct_throttle 0
compact_stall 238364
2026-09-22T03:31:10Z
2405 MHz, 0x0000000000000000, 55, 15.68 W
MemFree:        13487932 kB
MemAvailable:   42955320 kB
Cached:         32547292 kB
SwapFree:       16737660 kB
allocstall_dma 0
allocstall_dma32 0
allocstall_normal 42216
allocstall_movable 20537
allocstall_device 0
pgscan_direct 5697585
pgscan_direct_throttle 0
compact_stall 238364
2026-09-22T03:31:11Z
2405 MHz, 0x0000000000000000, 55, 14.83 W
MemFree:        13486792 kB
MemAvailable:   42954792 kB
Cached:         32547828 kB
SwapFree:       16737660 kB
allocstall_dma 0
allocstall_dma32 0
allocstall_normal 42216
allocstall_movable 20537
allocstall_device 0
pgscan_direct 5697585
pgscan_direct_throttle 0
compact_stall 238364
2026-09-22T03:31:12Z
2450 MHz, 0x0000000000000000, 55, 20.46 W
MemFree:        13405184 kB
MemAvailable:   42873304 kB
Cached:         32547944 kB
SwapFree:       16737660 kB
allocstall_dma 0
allocstall_dma32 0
allocstall_normal 42216
allocstall_movable 20537
allocstall_device 0
pgscan_direct 5697585
pgscan_direct_throttle 0
compact_stall 238364
2026-09-22T03:31:13Z
2405 MHz, 0x0000000000000000, 55, 22.25 W
MemFree:        13407764 kB
MemAvailable:   42876688 kB
Cached:         32548652 kB
SwapFree:       16737660 kB
allocstall_dma 0
allocstall_dma32 0
allocstall_normal 42216
allocstall_movable 20537
allocstall_device 0
pgscan_direct 5697585
pgscan_direct_throttle 0
compact_stall 238364
2026-09-22T03:31:14Z
2463 MHz, 0x0000000000000000, 67, 78.95 W
MemFree:        13441972 kB
MemAvailable:   42910900 kB
Cached:         32548652 kB
SwapFree:       16737660 kB
allocstall_dma 0
allocstall_dma32 0
allocstall_normal 42216
allocstall_movable 20537
allocstall_device 0
pgscan_direct 5697585
pgscan_direct_throttle 0
compact_stall 238364
2026-09-22T03:31:15Z
2405 MHz, 0x0000000000000000, 56, 46.35 W
MemFree:        13477720 kB
MemAvailable:   42946712 kB
Cached:         32548708 kB
SwapFree:       16737660 kB
allocstall_dma 0
allocstall_dma32 0
allocstall_normal 42216
allocstall_movable 20537
allocstall_device 0
pgscan_direct 5697585
pgscan_direct_throttle 0
compact_stall 238364
2026-09-22T03:31:16Z
2405 MHz, 0x0000000000000000, 56, 14.52 W
MemFree:        13541780 kB
MemAvailable:   43012312 kB
Cached:         32549940 kB
SwapFree:       16737660 kB
allocstall_dma 0
allocstall_dma32 0
allocstall_normal 42216
allocstall_movable 20537
allocstall_device 0
pgscan_direct 5697585
pgscan_direct_throttle 0
compact_stall 238364
2026-09-22T03:31:17Z
2457 MHz, 0x0000000000000000, 58, 22.60 W
MemFree:        13572876 kB
MemAvailable:   43046128 kB
Cached:         32552420 kB
SwapFree:       16737660 kB
allocstall_dma 0
allocstall_dma32 0
allocstall_normal 42216
allocstall_movable 20537
allocstall_device 0
pgscan_direct 5697585
pgscan_direct_throttle 0
compact_stall 238364
2026-09-22T03:31:18Z
2457 MHz, 0x0000000000000000, 58, 29.64 W
MemFree:        13619736 kB
MemAvailable:   43093008 kB
Cached:         32552420 kB
SwapFree:       16737660 kB
allocstall_dma 0
allocstall_dma32 0
allocstall_normal 42216
allocstall_movable 20537
allocstall_device 0
pgscan_direct 5697585
pgscan_direct_throttle 0
compact_stall 238364
2026-09-22T03:31:20Z
2457 MHz, 0x0000000000000000, 58, 29.69 W
MemFree:        13629500 kB
MemAvailable:   43102772 kB
Cached:         32552420 kB
SwapFree:       16737660 kB
allocstall_dma 0
allocstall_dma32 0
allocstall_normal 42216
allocstall_movable 20537
allocstall_device 0
pgscan_direct 5697585
pgscan_direct_throttle 0
compact_stall 238364
2026-09-22T03:31:21Z
2457 MHz, 0x0000000000000000, 58, 29.61 W
MemFree:        13658960 kB
MemAvailable:   43132224 kB
Cached:         32552420 kB
SwapFree:       16737660 kB
allocstall_dma 0
allocstall_dma32 0
allocstall_normal 42216
allocstall_movable 20537
allocstall_device 0
pgscan_direct 5697585
pgscan_direct_throttle 0
compact_stall 238364
2026-09-22T03:31:22Z
2405 MHz, 0x0000000000000000, 56, 18.90 W
MemFree:        13646824 kB
MemAvailable:   43120216 kB
Cached:         32552544 kB
SwapFree:       16737660 kB
allocstall_dma 0
allocstall_dma32 0
allocstall_normal 42216
allocstall_movable 20537
allocstall_device 0
pgscan_direct 5697585
pgscan_direct_throttle 0
compact_stall 238364
2026-09-22T03:31:23Z
2405 MHz, 0x0000000000000000, 56, 14.49 W
MemFree:        13671012 kB
MemAvailable:   43144624 kB
Cached:         32552760 kB
SwapFree:       16737660 kB
allocstall_dma 0
allocstall_dma32 0
allocstall_normal 42216
allocstall_movable 20537
allocstall_device 0
pgscan_direct 5697585
pgscan_direct_throttle 0
compact_stall 238364
2026-09-22T03:31:24Z
2405 MHz, 0x0000000000000000, 55, 14.46 W
MemFree:        13653852 kB
MemAvailable:   43128784 kB
Cached:         32553928 kB
SwapFree:       16737660 kB
allocstall_dma 0
allocstall_dma32 0
allocstall_normal 42216
allocstall_movable 20537
allocstall_device 0
pgscan_direct 5697585
pgscan_direct_throttle 0
compact_stall 238364
2026-09-22T03:31:25Z
2405 MHz, 0x0000000000000000, 55, 14.47 W
MemFree:        13688484 kB
MemAvailable:   43163804 kB
Cached:         32554292 kB
SwapFree:       16737660 kB
allocstall_dma 0
allocstall_dma32 0
allocstall_normal 42216
allocstall_movable 20537
allocstall_device 0
pgscan_direct 5697585
pgscan_direct_throttle 0
compact_stall 238364
2026-09-22T03:31:26Z
2405 MHz, 0x0000000000000000, 55, 14.66 W
MemFree:        13689076 kB
MemAvailable:   43166056 kB
Cached:         32555768 kB
SwapFree:       16737660 kB
allocstall_dma 0
allocstall_dma32 0
allocstall_normal 42216
allocstall_movable 20537
allocstall_device 0
pgscan_direct 5697585
pgscan_direct_throttle 0
compact_stall 238364
2026-09-22T03:31:27Z
2405 MHz, 0x0000000000000000, 55, 14.56 W
MemFree:        13662716 kB
MemAvailable:   43142548 kB
Cached:         32558072 kB
SwapFree:       16737660 kB
allocstall_dma 0
allocstall_dma32 0
allocstall_normal 42216
allocstall_movable 20537
allocstall_device 0
pgscan_direct 5697585
pgscan_direct_throttle 0
compact_stall 238364
2026-09-22T03:31:28Z
2405 MHz, 0x0000000000000000, 55, 14.54 W
MemFree:        13680812 kB
MemAvailable:   43160672 kB
Cached:         32558072 kB
SwapFree:       16737660 kB
allocstall_dma 0
allocstall_dma32 0
allocstall_normal 42216
allocstall_movable 20537
allocstall_device 0
pgscan_direct 5697585
pgscan_direct_throttle 0
compact_stall 238364
2026-09-22T03:31:29Z
2405 MHz, 0x0000000000000000, 54, 14.40 W
MemFree:        13635520 kB
MemAvailable:   43115536 kB
Cached:         32558228 kB
SwapFree:       16737660 kB
allocstall_dma 0
allocstall_dma32 0
allocstall_normal 42216
allocstall_movable 20537
allocstall_device 0
pgscan_direct 5697585
pgscan_direct_throttle 0
compact_stall 238364
2026-09-22T03:31:30Z
2405 MHz, 0x0000000000000000, 54, 14.38 W
MemFree:        13636808 kB
MemAvailable:   43116864 kB
Cached:         32558244 kB
SwapFree:       16737660 kB
allocstall_dma 0
allocstall_dma32 0
allocstall_normal 42216
allocstall_movable 20537
allocstall_device 0
pgscan_direct 5697585
pgscan_direct_throttle 0
compact_stall 238364
2026-09-22T03:31:31Z
2405 MHz, 0x0000000000000000, 54, 14.37 W
MemFree:        13621188 kB
MemAvailable:   43101532 kB
Cached:         32558444 kB
SwapFree:       16737660 kB
allocstall_dma 0
allocstall_dma32 0
allocstall_normal 42216
allocstall_movable 20537
allocstall_device 0
pgscan_direct 5697585
pgscan_direct_throttle 0
compact_stall 238364
2026-09-22T03:31:32Z
2405 MHz, 0x0000000000000000, 54, 15.06 W
MemFree:        13556848 kB
MemAvailable:   43038304 kB
Cached:         32559444 kB
SwapFree:       16737660 kB
allocstall_dma 0
allocstall_dma32 0
allocstall_normal 42216
allocstall_movable 20537
allocstall_device 0
pgscan_direct 5697585
pgscan_direct_throttle 0
compact_stall 238364
2026-09-22T03:31:33Z
2489 MHz, 0x0000000000000000, 66, 35.90 W
MemFree:        13486420 kB
MemAvailable:   42968128 kB
Cached:         32559676 kB
SwapFree:       16737660 kB
allocstall_dma 0
allocstall_dma32 0
allocstall_normal 42216
allocstall_movable 20537
allocstall_device 0
pgscan_direct 5697585
pgscan_direct_throttle 0
compact_stall 238364
2026-09-22T03:31:34Z
2405 MHz, 0x0000000000000000, 56, 58.37 W
MemFree:        13493112 kB
MemAvailable:   42974928 kB
Cached:         32559800 kB
SwapFree:       16737660 kB
allocstall_dma 0
allocstall_dma32 0
allocstall_normal 42216
allocstall_movable 20537
allocstall_device 0
pgscan_direct 5697585
pgscan_direct_throttle 0
compact_stall 238364
2026-09-22T03:31:35Z
2405 MHz, 0x0000000000000000, 55, 14.70 W
MemFree:        13508612 kB
MemAvailable:   42990828 kB
Cached:         32559980 kB
SwapFree:       16737660 kB
allocstall_dma 0
allocstall_dma32 0
allocstall_normal 42216
allocstall_movable 20537
allocstall_device 0
pgscan_direct 5697585
pgscan_direct_throttle 0
compact_stall 238364
2026-09-22T03:31:36Z
2405 MHz, 0x0000000000000000, 55, 14.54 W
MemFree:        13502480 kB
MemAvailable:   42985008 kB
Cached:         32560144 kB
SwapFree:       16737660 kB
allocstall_dma 0
allocstall_dma32 0
allocstall_normal 42216
allocstall_movable 20537
allocstall_device 0
pgscan_direct 5697585
pgscan_direct_throttle 0
compact_stall 238364
2026-09-22T03:31:37Z
2405 MHz, 0x0000000000000000, 54, 14.52 W
MemFree:        13501048 kB
MemAvailable:   42983668 kB
Cached:         32560224 kB
SwapFree:       16737660 kB
allocstall_dma 0
allocstall_dma32 0
allocstall_normal 42216
allocstall_movable 20537
allocstall_device 0
pgscan_direct 5697585
pgscan_direct_throttle 0
compact_stall 238364
2026-09-22T03:31:38Z
2405 MHz, 0x0000000000000000, 54, 14.36 W
MemFree:        13530860 kB
MemAvailable:   43013480 kB
Cached:         32560224 kB
SwapFree:       16737660 kB
allocstall_dma 0
allocstall_dma32 0
allocstall_normal 42216
allocstall_movable 20537
allocstall_device 0
pgscan_direct 5697585
pgscan_direct_throttle 0
compact_stall 238364
2026-09-22T03:31:39Z
2405 MHz, 0x0000000000000000, 54, 14.28 W
MemFree:        13548796 kB
MemAvailable:   43031588 kB
Cached:         32560396 kB
SwapFree:       16737660 kB
allocstall_dma 0
allocstall_dma32 0
allocstall_normal 42216
allocstall_movable 20537
allocstall_device 0
pgscan_direct 5697585
pgscan_direct_throttle 0
compact_stall 238364
2026-09-22T03:31:40Z
2444 MHz, 0x0000000000000000, 60, 29.05 W
MemFree:        13564244 kB
MemAvailable:   43047388 kB
Cached:         32560604 kB
SwapFree:       16737660 kB
allocstall_dma 0
allocstall_dma32 0
allocstall_normal 42216
allocstall_movable 20537
allocstall_device 0
pgscan_direct 5697585
pgscan_direct_throttle 0
compact_stall 238364
2026-09-22T03:31:41Z
2405 MHz, 0x0000000000000000, 55, 34.15 W
MemFree:        13558596 kB
MemAvailable:   43042540 kB
Cached:         32561348 kB
SwapFree:       16737660 kB
allocstall_dma 0
allocstall_dma32 0
allocstall_normal 42216
allocstall_movable 20537
allocstall_device 0
pgscan_direct 5697585
pgscan_direct_throttle 0
compact_stall 238364
2026-09-22T03:31:42Z
2405 MHz, 0x0000000000000000, 54, 14.66 W
MemFree:        13575936 kB
MemAvailable:   43059936 kB
Cached:         32561352 kB
SwapFree:       16737660 kB
allocstall_dma 0
allocstall_dma32 0
allocstall_normal 42216
allocstall_movable 20537
allocstall_device 0
pgscan_direct 5697585
pgscan_direct_throttle 0
compact_stall 238364
2026-09-22T03:31:43Z
2405 MHz, 0x0000000000000000, 54, 14.51 W
MemFree:        13544008 kB
MemAvailable:   43028164 kB
Cached:         32561508 kB
SwapFree:       16737660 kB
allocstall_dma 0
allocstall_dma32 0
allocstall_normal 42216
allocstall_movable 20537
allocstall_device 0
pgscan_direct 5697585
pgscan_direct_throttle 0
compact_stall 238364
2026-09-22T03:31:44Z
2444 MHz, 0x0000000000000000, 56, 27.52 W
MemFree:        13560812 kB
MemAvailable:   43045912 kB
Cached:         32562300 kB
SwapFree:       16737660 kB
allocstall_dma 0
allocstall_dma32 0
allocstall_normal 42216
allocstall_movable 20537
allocstall_device 0
pgscan_direct 5697585
pgscan_direct_throttle 0
compact_stall 238364
2026-09-22T03:31:45Z
2405 MHz, 0x0000000000000000, 55, 14.43 W
MemFree:        20106128 kB
MemAvailable:   49638648 kB
Cached:         32609528 kB
SwapFree:       16737660 kB
allocstall_dma 0
allocstall_dma32 0
allocstall_normal 42216
allocstall_movable 20537
allocstall_device 0
pgscan_direct 5697585
pgscan_direct_throttle 0
compact_stall 238364
2026-09-22T03:31:46Z
2405 MHz, 0x0000000000000000, 54, 14.50 W
MemFree:        23665516 kB
MemAvailable:   53198252 kB
Cached:         32609756 kB
SwapFree:       16737660 kB
allocstall_dma 0
allocstall_dma32 0
allocstall_normal 42216
allocstall_movable 20537
allocstall_device 0
pgscan_direct 5697585
pgscan_direct_throttle 0
compact_stall 238364
2026-09-22T03:31:47Z
2405 MHz, 0x0000000000000000, 55, 15.28 W
MemFree:        23263172 kB
MemAvailable:   52796248 kB
Cached:         32610052 kB
SwapFree:       16737660 kB
allocstall_dma 0
allocstall_dma32 0
allocstall_normal 42216
allocstall_movable 20537
allocstall_device 0
pgscan_direct 5697585
pgscan_direct_throttle 0
compact_stall 238364
2026-09-22T03:31:49Z
2405 MHz, 0x0000000000000000, 54, 15.04 W
MemFree:        22885032 kB
MemAvailable:   52418512 kB
Cached:         32610424 kB
SwapFree:       16737660 kB
allocstall_dma 0
allocstall_dma32 0
allocstall_normal 42216
allocstall_movable 20537
allocstall_device 0
pgscan_direct 5697585
pgscan_direct_throttle 0
compact_stall 238364
2026-09-22T03:31:50Z
2418 MHz, 0x0000000000000000, 54, 17.25 W
MemFree:        22831844 kB
MemAvailable:   52367052 kB
Cached:         32612000 kB
SwapFree:       16737660 kB
allocstall_dma 0
allocstall_dma32 0
allocstall_normal 42216
allocstall_movable 20537
allocstall_device 0
pgscan_direct 5697585
pgscan_direct_throttle 0
compact_stall 238364
2026-09-22T03:31:51Z
2405 MHz, 0x0000000000000000, 54, 14.38 W
MemFree:        22844524 kB
MemAvailable:   52381256 kB
Cached:         32613332 kB
SwapFree:       16737660 kB
allocstall_dma 0
allocstall_dma32 0
allocstall_normal 42216
allocstall_movable 20537
allocstall_device 0
pgscan_direct 5697585
pgscan_direct_throttle 0
compact_stall 238364
2026-09-22T03:31:52Z
2405 MHz, 0x0000000000000000, 54, 14.35 W
MemFree:        22686680 kB
MemAvailable:   52225588 kB
Cached:         32615496 kB
SwapFree:       16737660 kB
allocstall_dma 0
allocstall_dma32 0
allocstall_normal 42216
allocstall_movable 20537
allocstall_device 0
pgscan_direct 5697585
pgscan_direct_throttle 0
compact_stall 238364
2026-09-22T03:31:53Z
2411 MHz, 0x0000000000000000, 54, 15.52 W
MemFree:        20025360 kB
MemAvailable:   49590944 kB
Cached:         32904312 kB
SwapFree:       16737660 kB
allocstall_dma 0
allocstall_dma32 0
allocstall_normal 42216
allocstall_movable 20537
allocstall_device 0
pgscan_direct 5697585
pgscan_direct_throttle 0
compact_stall 238364
2026-09-22T03:31:54Z
2405 MHz, 0x0000000000000000, 54, 14.30 W
MemFree:        20023584 kB
MemAvailable:   49593120 kB
Cached:         32908152 kB
SwapFree:       16737660 kB
allocstall_dma 0
allocstall_dma32 0
allocstall_normal 42216
allocstall_movable 20537
allocstall_device 0
pgscan_direct 5697585
pgscan_direct_throttle 0
compact_stall 238364
2026-09-22T03:31:55Z
2405 MHz, 0x0000000000000000, 53, 14.28 W
MemFree:        19993156 kB
MemAvailable:   49562820 kB
Cached:         32908280 kB
SwapFree:       16737660 kB
allocstall_dma 0
allocstall_dma32 0
allocstall_normal 42216
allocstall_movable 20537
allocstall_device 0
pgscan_direct 5697585
pgscan_direct_throttle 0
compact_stall 238364
2026-09-22T03:31:56Z
2405 MHz, 0x0000000000000000, 53, 14.26 W
MemFree:        19961668 kB
MemAvailable:   49535328 kB
Cached:         32912204 kB
SwapFree:       16737660 kB
allocstall_dma 0
allocstall_dma32 0
allocstall_normal 42216
allocstall_movable 20537
allocstall_device 0
pgscan_direct 5697585
pgscan_direct_throttle 0
compact_stall 238364
2026-09-22T03:31:57Z
2405 MHz, 0x0000000000000000, 53, 14.31 W
MemFree:        19955108 kB
MemAvailable:   49529268 kB
Cached:         32912688 kB
SwapFree:       16737660 kB
allocstall_dma 0
allocstall_dma32 0
allocstall_normal 42216
allocstall_movable 20537
allocstall_device 0
pgscan_direct 5697585
pgscan_direct_throttle 0
compact_stall 238364
2026-09-22T03:31:58Z
2411 MHz, 0x0000000000000000, 68, 31.58 W
MemFree:        19683028 kB
MemAvailable:   49267112 kB
Cached:         32922616 kB
SwapFree:       16737660 kB
allocstall_dma 0
allocstall_dma32 0
allocstall_normal 42216
allocstall_movable 20537
allocstall_device 0
pgscan_direct 5697585
pgscan_direct_throttle 0
compact_stall 238364
2026-09-22T03:31:59Z
2359 MHz, 0x0000000000000000, 62, 82.11 W
MemFree:        19681944 kB
MemAvailable:   49267780 kB
Cached:         32924364 kB
SwapFree:       16737660 kB
allocstall_dma 0
allocstall_dma32 0
allocstall_normal 42216
allocstall_movable 20537
allocstall_device 0
pgscan_direct 5697585
pgscan_direct_throttle 0
compact_stall 238364
2026-09-22T03:32:00Z
2346 MHz, 0x0000000000000000, 69, 81.97 W
MemFree:        19675292 kB
MemAvailable:   49261128 kB
Cached:         32924364 kB
SwapFree:       16737660 kB
allocstall_dma 0
allocstall_dma32 0
allocstall_normal 42216
allocstall_movable 20537
allocstall_device 0
pgscan_direct 5697585
pgscan_direct_throttle 0
compact_stall 238364
2026-09-22T03:32:01Z
2398 MHz, 0x0000000000000000, 69, 83.46 W
MemFree:        19709188 kB
MemAvailable:   49295024 kB
Cached:         32924364 kB
SwapFree:       16737660 kB
allocstall_dma 0
allocstall_dma32 0
allocstall_normal 42216
allocstall_movable 20537
allocstall_device 0
pgscan_direct 5697585
pgscan_direct_throttle 0
compact_stall 238364
2026-09-22T03:32:02Z
2275 MHz, 0x0000000000000000, 63, 78.84 W
MemFree:        19696904 kB
MemAvailable:   49282752 kB
Cached:         32924364 kB
SwapFree:       16737660 kB
allocstall_dma 0
allocstall_dma32 0
allocstall_normal 42216
allocstall_movable 20537
allocstall_device 0
pgscan_direct 5697585
pgscan_direct_throttle 0
compact_stall 238364
2026-09-22T03:32:03Z
2379 MHz, 0x0000000000000000, 70, 84.50 W
MemFree:        19694316 kB
MemAvailable:   49280164 kB
Cached:         32924364 kB
SwapFree:       16737660 kB
allocstall_dma 0
allocstall_dma32 0
allocstall_normal 42216
allocstall_movable 20537
allocstall_device 0
pgscan_direct 5697585
pgscan_direct_throttle 0
compact_stall 238364
2026-09-22T03:32:04Z
2333 MHz, 0x0000000000000000, 70, 81.21 W
MemFree:        19699108 kB
MemAvailable:   49284956 kB
Cached:         32924356 kB
SwapFree:       16737660 kB
allocstall_dma 0
allocstall_dma32 0
allocstall_normal 42216
allocstall_movable 20537
allocstall_device 0
pgscan_direct 5697585
pgscan_direct_throttle 0
compact_stall 238364
2026-09-22T03:32:05Z
2294 MHz, 0x0000000000000000, 71, 81.76 W
MemFree:        19696236 kB
MemAvailable:   49282084 kB
Cached:         32924364 kB
SwapFree:       16737660 kB
allocstall_dma 0
allocstall_dma32 0
allocstall_normal 42216
allocstall_movable 20537
allocstall_device 0
pgscan_direct 5697585
pgscan_direct_throttle 0
compact_stall 238364
2026-09-22T03:32:06Z
2385 MHz, 0x0000000000000000, 71, 82.75 W
MemFree:        19680084 kB
MemAvailable:   49265940 kB
Cached:         32924364 kB
SwapFree:       16737660 kB
allocstall_dma 0
allocstall_dma32 0
allocstall_normal 42216
allocstall_movable 20537
allocstall_device 0
pgscan_direct 5697585
pgscan_direct_throttle 0
compact_stall 238364
2026-09-22T03:32:07Z
2294 MHz, 0x0000000000000000, 66, 78.44 W
MemFree:        19705016 kB
MemAvailable:   49290872 kB
Cached:         32924364 kB
SwapFree:       16737660 kB
allocstall_dma 0
allocstall_dma32 0
allocstall_normal 42216
allocstall_movable 20537
allocstall_device 0
pgscan_direct 5697585
pgscan_direct_throttle 0
compact_stall 238364
2026-09-22T03:32:08Z
2333 MHz, 0x0000000000000000, 72, 82.95 W
MemFree:        19702212 kB
MemAvailable:   49288068 kB
Cached:         32924364 kB
SwapFree:       16737660 kB
allocstall_dma 0
allocstall_dma32 0
allocstall_normal 42216
allocstall_movable 20537
allocstall_device 0
pgscan_direct 5697585
pgscan_direct_throttle 0
compact_stall 238364
2026-09-22T03:32:09Z
2405 MHz, 0x0000000000000000, 60, 53.41 W
MemFree:        19682680 kB
MemAvailable:   49292312 kB
Cached:         32947484 kB
SwapFree:       16737660 kB
allocstall_dma 0
allocstall_dma32 0
allocstall_normal 42216
allocstall_movable 20537
allocstall_device 0
pgscan_direct 5697585
pgscan_direct_throttle 0
compact_stall 238364
2026-09-22T03:32:10Z
2405 MHz, 0x0000000000000000, 59, 15.38 W
MemFree:        19641528 kB
MemAvailable:   49285176 kB
Cached:         32979336 kB
SwapFree:       16737660 kB
allocstall_dma 0
allocstall_dma32 0
allocstall_normal 42216
allocstall_movable 20537
allocstall_device 0
pgscan_direct 5697585
pgscan_direct_throttle 0
compact_stall 238364
2026-09-22T03:32:11Z
2405 MHz, 0x0000000000000000, 58, 15.33 W
MemFree:        19649196 kB
MemAvailable:   49293776 kB
Cached:         32980632 kB
SwapFree:       16737660 kB
allocstall_dma 0
allocstall_dma32 0
allocstall_normal 42216
allocstall_movable 20537
allocstall_device 0
pgscan_direct 5697585
pgscan_direct_throttle 0
compact_stall 238364
2026-09-22T03:32:12Z
2405 MHz, 0x0000000000000000, 58, 15.19 W
MemFree:        19634372 kB
MemAvailable:   49279604 kB
Cached:         32980620 kB
SwapFree:       16737660 kB
allocstall_dma 0
allocstall_dma32 0
allocstall_normal 42216
allocstall_movable 20537
allocstall_device 0
pgscan_direct 5697585
pgscan_direct_throttle 0
compact_stall 238364
2026-09-22T03:32:13Z
2405 MHz, 0x0000000000000000, 58, 15.12 W
MemFree:        19635084 kB
MemAvailable:   49280544 kB
Cached:         32980848 kB
SwapFree:       16737660 kB
allocstall_dma 0
allocstall_dma32 0
allocstall_normal 42216
allocstall_movable 20537
allocstall_device 0
pgscan_direct 5697585
pgscan_direct_throttle 0
compact_stall 238364
2026-09-22T03:32:14Z
2405 MHz, 0x0000000000000000, 57, 15.04 W
MemFree:        19626840 kB
MemAvailable:   49272300 kB
Cached:         32980848 kB
SwapFree:       16737660 kB
allocstall_dma 0
allocstall_dma32 0
allocstall_normal 42216
allocstall_movable 20537
allocstall_device 0
pgscan_direct 5697585
pgscan_direct_throttle 0
compact_stall 238364
2026-09-22T03:32:15Z
2405 MHz, 0x0000000000000000, 57, 14.91 W
MemFree:        19626184 kB
MemAvailable:   49271644 kB
Cached:         32980848 kB
SwapFree:       16737660 kB
allocstall_dma 0
allocstall_dma32 0
allocstall_normal 42216
allocstall_movable 20537
allocstall_device 0
pgscan_direct 5697585
pgscan_direct_throttle 0
compact_stall 238364
2026-09-22T03:32:17Z
2405 MHz, 0x0000000000000000, 57, 14.97 W
MemFree:        19621548 kB
MemAvailable:   49267012 kB
Cached:         32980848 kB
SwapFree:       16737660 kB
allocstall_dma 0
allocstall_dma32 0
allocstall_normal 42216
allocstall_movable 20537
allocstall_device 0
pgscan_direct 5697585
pgscan_direct_throttle 0
compact_stall 238364
2026-09-22T03:32:18Z
2405 MHz, 0x0000000000000000, 57, 14.84 W
MemFree:        19654100 kB
MemAvailable:   49305244 kB
Cached:         32986364 kB
SwapFree:       16737660 kB
allocstall_dma 0
allocstall_dma32 0
allocstall_normal 42216
allocstall_movable 20537
allocstall_device 0
pgscan_direct 5697585
pgscan_direct_throttle 0
compact_stall 238364
2026-09-22T03:32:19Z
2411 MHz, 0x0000000000000000, 59, 16.98 W
MemFree:        19629068 kB
MemAvailable:   49282496 kB
Cached:         32988568 kB
SwapFree:       16737660 kB
allocstall_dma 0
allocstall_dma32 0
allocstall_normal 42216
allocstall_movable 20537
allocstall_device 0
pgscan_direct 5697585
pgscan_direct_throttle 0
compact_stall 238364
2026-09-22T03:32:20Z
2411 MHz, 0x0000000000000000, 58, 20.11 W
MemFree:        19571252 kB
MemAvailable:   49226008 kB
Cached:         32989788 kB
SwapFree:       16737660 kB
allocstall_dma 0
allocstall_dma32 0
allocstall_normal 42216
allocstall_movable 20537
allocstall_device 0
pgscan_direct 5697585
pgscan_direct_throttle 0
compact_stall 238364
2026-09-22T03:32:21Z
2457 MHz, 0x0000000000000000, 57, 22.59 W
MemFree:        21508980 kB
MemAvailable:   51164772 kB
Cached:         32990736 kB
SwapFree:       16737660 kB
allocstall_dma 0
allocstall_dma32 0
allocstall_normal 42216
allocstall_movable 20537
allocstall_device 0
pgscan_direct 5697585
pgscan_direct_throttle 0
compact_stall 238364
2026-09-22T03:32:22Z
2405 MHz, 0x0000000000000000, 56, 15.72 W
MemFree:        21499956 kB
MemAvailable:   51157484 kB
Cached:         32992128 kB
SwapFree:       16737660 kB
allocstall_dma 0
allocstall_dma32 0
allocstall_normal 42216
allocstall_movable 20537
allocstall_device 0
pgscan_direct 5697585
pgscan_direct_throttle 0
compact_stall 238364
2026-09-22T03:32:23Z
2476 MHz, 0x0000000000000000, 57, 24.16 W
MemFree:        21456788 kB
MemAvailable:   51115368 kB
Cached:         32993020 kB
SwapFree:       16737660 kB
allocstall_dma 0
allocstall_dma32 0
allocstall_normal 42216
allocstall_movable 20537
allocstall_device 0
pgscan_direct 5697585
pgscan_direct_throttle 0
compact_stall 238364
2026-09-22T03:32:24Z
2463 MHz, 0x0000000000000000, 56, 22.75 W
MemFree:        21604720 kB
MemAvailable:   51265112 kB
Cached:         32994652 kB
SwapFree:       16737660 kB
allocstall_dma 0
allocstall_dma32 0
allocstall_normal 42216
allocstall_movable 20537
allocstall_device 0
pgscan_direct 5697585
pgscan_direct_throttle 0
compact_stall 238364
2026-09-22T03:32:25Z
2457 MHz, 0x0000000000000000, 57, 20.78 W
MemFree:        21697700 kB
MemAvailable:   51359688 kB
Cached:         32996168 kB
SwapFree:       16737660 kB
allocstall_dma 0
allocstall_dma32 0
allocstall_normal 42216
allocstall_movable 20537
allocstall_device 0
pgscan_direct 5697585
pgscan_direct_throttle 0
compact_stall 238364
2026-09-22T03:32:26Z
2405 MHz, 0x0000000000000000, 56, 14.73 W
MemFree:        21692668 kB
MemAvailable:   51357048 kB
Cached:         32998356 kB
SwapFree:       16737660 kB
allocstall_dma 0
allocstall_dma32 0
allocstall_normal 42216
allocstall_movable 20537
allocstall_device 0
pgscan_direct 5697585
pgscan_direct_throttle 0
compact_stall 238364
2026-09-22T03:32:27Z
2418 MHz, 0x0000000000000000, 56, 24.65 W
MemFree:        21468496 kB
MemAvailable:   51137460 kB
Cached:         33002332 kB
SwapFree:       16737660 kB
allocstall_dma 0
allocstall_dma32 0
allocstall_normal 42216
allocstall_movable 20537
allocstall_device 0
pgscan_direct 5697585
pgscan_direct_throttle 0
compact_stall 238364
2026-09-22T03:32:28Z
2502 MHz, 0x0000000000000000, 57, 24.58 W
MemFree:        21598508 kB
MemAvailable:   51268600 kB
Cached:         33003664 kB
SwapFree:       16737660 kB
allocstall_dma 0
allocstall_dma32 0
allocstall_normal 42216
allocstall_movable 20537
allocstall_device 0
pgscan_direct 5697585
pgscan_direct_throttle 0
compact_stall 238364
2026-09-22T03:32:29Z
2405 MHz, 0x0000000000000000, 56, 15.03 W
MemFree:        21583784 kB
MemAvailable:   51254492 kB
Cached:         33004312 kB
SwapFree:       16737660 kB
allocstall_dma 0
allocstall_dma32 0
allocstall_normal 42216
allocstall_movable 20537
allocstall_device 0
pgscan_direct 5697585
pgscan_direct_throttle 0
compact_stall 238364
2026-09-22T03:32:30Z
2405 MHz, 0x0000000000000000, 55, 15.16 W
MemFree:        21442600 kB
MemAvailable:   51116416 kB
Cached:         33007384 kB
SwapFree:       16737660 kB
allocstall_dma 0
allocstall_dma32 0
allocstall_normal 42216
allocstall_movable 20537
allocstall_device 0
pgscan_direct 5697585
pgscan_direct_throttle 0
compact_stall 238364
2026-09-22T03:32:31Z
2405 MHz, 0x0000000000000000, 55, 15.00 W
MemFree:        21467168 kB
MemAvailable:   51143180 kB
Cached:         33009576 kB
SwapFree:       16737660 kB
allocstall_dma 0
allocstall_dma32 0
allocstall_normal 42216
allocstall_movable 20537
allocstall_device 0
pgscan_direct 5697585
pgscan_direct_throttle 0
compact_stall 238364
2026-09-22T03:32:32Z
2405 MHz, 0x0000000000000000, 55, 15.05 W
MemFree:        21468956 kB
MemAvailable:   51145676 kB
Cached:         33010284 kB
SwapFree:       16737660 kB
allocstall_dma 0
allocstall_dma32 0
allocstall_normal 42216
allocstall_movable 20537
allocstall_device 0
pgscan_direct 5697585
pgscan_direct_throttle 0
compact_stall 238364
2026-09-22T03:32:33Z
2405 MHz, 0x0000000000000000, 55, 14.97 W
MemFree:        21466788 kB
MemAvailable:   51146424 kB
Cached:         33013292 kB
SwapFree:       16737660 kB
allocstall_dma 0
allocstall_dma32 0
allocstall_normal 42216
allocstall_movable 20537
allocstall_device 0
pgscan_direct 5697585
pgscan_direct_throttle 0
compact_stall 238364
2026-09-22T03:32:34Z
2405 MHz, 0x0000000000000000, 55, 14.83 W
MemFree:        21475464 kB
MemAvailable:   51155616 kB
Cached:         33013680 kB
SwapFree:       16737660 kB
allocstall_dma 0
allocstall_dma32 0
allocstall_normal 42216
allocstall_movable 20537
allocstall_device 0
pgscan_direct 5697585
pgscan_direct_throttle 0
compact_stall 238364
2026-09-22T03:32:35Z
2405 MHz, 0x0000000000000000, 55, 14.82 W
MemFree:        21497968 kB
MemAvailable:   51180268 kB
Cached:         33015824 kB
SwapFree:       16737660 kB
allocstall_dma 0
allocstall_dma32 0
allocstall_normal 42216
allocstall_movable 20537
allocstall_device 0
pgscan_direct 5697585
pgscan_direct_throttle 0
compact_stall 238364
2026-09-22T03:32:36Z
2405 MHz, 0x0000000000000000, 55, 14.96 W
MemFree:        21511408 kB
MemAvailable:   51194428 kB
Cached:         33016532 kB
SwapFree:       16737660 kB
allocstall_dma 0
allocstall_dma32 0
allocstall_normal 42216
allocstall_movable 20537
allocstall_device 0
pgscan_direct 5697585
pgscan_direct_throttle 0
compact_stall 238364
2026-09-22T03:32:37Z
2405 MHz, 0x0000000000000000, 54, 14.97 W
MemFree:        21502900 kB
MemAvailable:   51188964 kB
Cached:         33019540 kB
SwapFree:       16737660 kB
allocstall_dma 0
allocstall_dma32 0
allocstall_normal 42216
allocstall_movable 20537
allocstall_device 0
pgscan_direct 5697585
pgscan_direct_throttle 0
compact_stall 238364
2026-09-22T03:32:38Z
2405 MHz, 0x0000000000000000, 54, 14.81 W
MemFree:        21497308 kB
MemAvailable:   51185908 kB
Cached:         33022064 kB
SwapFree:       16737660 kB
allocstall_dma 0
allocstall_dma32 0
allocstall_normal 42216
allocstall_movable 20537
allocstall_device 0
pgscan_direct 5697585
pgscan_direct_throttle 0
compact_stall 238364
2026-09-22T03:32:39Z
2405 MHz, 0x0000000000000000, 54, 14.86 W
MemFree:        21537320 kB
MemAvailable:   51226848 kB
Cached:         33022992 kB
SwapFree:       16737660 kB
allocstall_dma 0
allocstall_dma32 0
allocstall_normal 42216
allocstall_movable 20537
allocstall_device 0
pgscan_direct 5697585
pgscan_direct_throttle 0
compact_stall 238364
2026-09-22T03:32:40Z
2405 MHz, 0x0000000000000000, 54, 14.82 W
MemFree:        21532384 kB
MemAvailable:   51224596 kB
Cached:         33025640 kB
SwapFree:       16737660 kB
allocstall_dma 0
allocstall_dma32 0
allocstall_normal 42216
allocstall_movable 20537
allocstall_device 0
pgscan_direct 5697585
pgscan_direct_throttle 0
compact_stall 238364
2026-09-22T03:32:41Z
2405 MHz, 0x0000000000000000, 54, 14.73 W
MemFree:        21573252 kB
MemAvailable:   51268256 kB
Cached:         33028480 kB
SwapFree:       16737660 kB
allocstall_dma 0
allocstall_dma32 0
allocstall_normal 42216
allocstall_movable 20537
allocstall_device 0
pgscan_direct 5697585
pgscan_direct_throttle 0
compact_stall 238364
2026-09-22T03:32:42Z
2405 MHz, 0x0000000000000000, 54, 14.82 W
MemFree:        21543120 kB
MemAvailable:   51238772 kB
Cached:         33029072 kB
SwapFree:       16737660 kB
allocstall_dma 0
allocstall_dma32 0
allocstall_normal 42216
allocstall_movable 20537
allocstall_device 0
pgscan_direct 5697585
pgscan_direct_throttle 0
compact_stall 238364
2026-09-22T03:32:43Z
2405 MHz, 0x0000000000000000, 54, 14.77 W
MemFree:        21532360 kB
MemAvailable:   51231012 kB
Cached:         33032036 kB
SwapFree:       16737660 kB
allocstall_dma 0
allocstall_dma32 0
allocstall_normal 42216
allocstall_movable 20537
allocstall_device 0
pgscan_direct 5697585
pgscan_direct_throttle 0
compact_stall 238364
2026-09-22T03:32:44Z
2405 MHz, 0x0000000000000000, 54, 14.46 W
MemFree:        21519744 kB
MemAvailable:   51218944 kB
Cached:         33032572 kB
SwapFree:       16737660 kB
allocstall_dma 0
allocstall_dma32 0
allocstall_normal 42216
allocstall_movable 20537
allocstall_device 0
pgscan_direct 5697585
pgscan_direct_throttle 0
compact_stall 238364
2026-09-22T03:32:45Z
2405 MHz, 0x0000000000000000, 53, 14.68 W
MemFree:        21545260 kB
MemAvailable:   51246676 kB
Cached:         33034756 kB
SwapFree:       16737660 kB
allocstall_dma 0
allocstall_dma32 0
allocstall_normal 42216
allocstall_movable 20537
allocstall_device 0
pgscan_direct 5697585
pgscan_direct_throttle 0
compact_stall 238364
2026-09-22T03:32:47Z
2405 MHz, 0x0000000000000000, 53, 14.75 W
MemFree:        21548888 kB
MemAvailable:   51251248 kB
Cached:         33035696 kB
SwapFree:       16737660 kB
allocstall_dma 0
allocstall_dma32 0
allocstall_normal 42216
allocstall_movable 20537
allocstall_device 0
pgscan_direct 5697585
pgscan_direct_throttle 0
compact_stall 238364
2026-09-22T03:32:48Z
2405 MHz, 0x0000000000000000, 53, 14.96 W
MemFree:        21490312 kB
MemAvailable:   51197116 kB
Cached:         33040100 kB
SwapFree:       16737660 kB
allocstall_dma 0
allocstall_dma32 0
allocstall_normal 42216
allocstall_movable 20537
allocstall_device 0
pgscan_direct 5697585
pgscan_direct_throttle 0
compact_stall 238364
2026-09-22T03:32:49Z
2405 MHz, 0x0000000000000000, 53, 15.91 W
MemFree:        21448152 kB
MemAvailable:   51155148 kB
Cached:         33040292 kB
SwapFree:       16737660 kB
allocstall_dma 0
allocstall_dma32 0
allocstall_normal 42216
allocstall_movable 20537
allocstall_device 0
pgscan_direct 5697585
pgscan_direct_throttle 0
compact_stall 238364
2026-09-22T03:32:50Z
2405 MHz, 0x0000000000000000, 53, 14.31 W
MemFree:        21474636 kB
MemAvailable:   51181644 kB
Cached:         33040292 kB
SwapFree:       16737660 kB
allocstall_dma 0
allocstall_dma32 0
allocstall_normal 42216
allocstall_movable 20537
allocstall_device 0
pgscan_direct 5697585
pgscan_direct_throttle 0
compact_stall 238364
2026-09-22T03:32:51Z
2405 MHz, 0x0000000000000000, 53, 14.46 W
MemFree:        21489520 kB
MemAvailable:   51196528 kB
Cached:         33040292 kB
SwapFree:       16737660 kB
allocstall_dma 0
allocstall_dma32 0
allocstall_normal 42216
allocstall_movable 20537
allocstall_device 0
pgscan_direct 5697585
pgscan_direct_throttle 0
compact_stall 238364
2026-09-22T03:32:52Z
2405 MHz, 0x0000000000000000, 53, 14.82 W
MemFree:        21057356 kB
MemAvailable:   50816868 kB
Cached:         33092788 kB
SwapFree:       16737660 kB
allocstall_dma 0
allocstall_dma32 0
allocstall_normal 42216
allocstall_movable 20537
allocstall_device 0
pgscan_direct 5697585
pgscan_direct_throttle 0
compact_stall 238364
2026-09-22T03:32:53Z
2463 MHz, 0x0000000000000000, 54, 38.62 W
MemFree:        21043888 kB
MemAvailable:   50804436 kB
Cached:         33093808 kB
SwapFree:       16737660 kB
allocstall_dma 0
allocstall_dma32 0
allocstall_normal 42216
allocstall_movable 20537
allocstall_device 0
pgscan_direct 5697585
pgscan_direct_throttle 0
compact_stall 238364
2026-09-22T03:32:54Z
2405 MHz, 0x0000000000000000, 53, 14.30 W
MemFree:        21048704 kB
MemAvailable:   50809456 kB
Cached:         33094080 kB
SwapFree:       16737660 kB
allocstall_dma 0
allocstall_dma32 0
allocstall_normal 42216
allocstall_movable 20537
allocstall_device 0
pgscan_direct 5697585
pgscan_direct_throttle 0
compact_stall 238364
2026-09-22T03:32:55Z
2405 MHz, 0x0000000000000000, 55, 16.74 W
MemFree:        20651768 kB
MemAvailable:   50413624 kB
Cached:         33095040 kB
SwapFree:       16737660 kB
allocstall_dma 0
allocstall_dma32 0
allocstall_normal 42216
allocstall_movable 20537
allocstall_device 0
pgscan_direct 5697585
pgscan_direct_throttle 0
compact_stall 238364
2026-09-22T03:32:56Z
2502 MHz, 0x0000000000000000, 56, 29.04 W
MemFree:        21431424 kB
MemAvailable:   51193576 kB
Cached:         33095320 kB
SwapFree:       16737660 kB
allocstall_dma 0
allocstall_dma32 0
allocstall_normal 42216
allocstall_movable 20537
allocstall_device 0
pgscan_direct 5697585
pgscan_direct_throttle 0
compact_stall 238364
2026-09-22T03:32:57Z
2489 MHz, 0x0000000000000000, 55, 28.30 W
MemFree:        21517412 kB
MemAvailable:   51279768 kB
Cached:         33095416 kB
SwapFree:       16737660 kB
allocstall_dma 0
allocstall_dma32 0
allocstall_normal 42216
allocstall_movable 20537
allocstall_device 0
pgscan_direct 5697585
pgscan_direct_throttle 0
compact_stall 238364
2026-09-22T03:32:58Z
2444 MHz, 0x0000000000000000, 56, 19.19 W
MemFree:        20690576 kB
MemAvailable:   50454952 kB
Cached:         33097364 kB
SwapFree:       16737660 kB
allocstall_dma 0
allocstall_dma32 0
allocstall_normal 42216
allocstall_movable 20537
allocstall_device 0
pgscan_direct 5697585
pgscan_direct_throttle 0
compact_stall 238364
2026-09-22T03:32:59Z
2483 MHz, 0x0000000000000000, 54, 22.80 W
MemFree:        20998976 kB
MemAvailable:   50775628 kB
Cached:         33109732 kB
SwapFree:       16737660 kB
allocstall_dma 0
allocstall_dma32 0
allocstall_normal 42216
allocstall_movable 20537
allocstall_device 0
pgscan_direct 5697585
pgscan_direct_throttle 0
compact_stall 238364
2026-09-22T03:33:00Z
2405 MHz, 0x0000000000000000, 54, 16.55 W
MemFree:        20941872 kB
MemAvailable:   50723016 kB
Cached:         33113996 kB
SwapFree:       16737660 kB
allocstall_dma 0
allocstall_dma32 0
allocstall_normal 42216
allocstall_movable 20537
allocstall_device 0
pgscan_direct 5697585
pgscan_direct_throttle 0
compact_stall 238364
2026-09-22T03:33:01Z
2405 MHz, 0x0000000000000000, 53, 14.41 W
MemFree:        21812476 kB
MemAvailable:   51593788 kB
Cached:         33114160 kB
SwapFree:       16737660 kB
allocstall_dma 0
allocstall_dma32 0
allocstall_normal 42216
allocstall_movable 20537
allocstall_device 0
pgscan_direct 5697585
pgscan_direct_throttle 0
compact_stall 238364
2026-09-22T03:33:02Z
2405 MHz, 0x0000000000000000, 53, 14.44 W
MemFree:        20257616 kB
MemAvailable:   50039440 kB
Cached:         33114600 kB
SwapFree:       16737660 kB
allocstall_dma 0
allocstall_dma32 0
allocstall_normal 42216
allocstall_movable 20537
allocstall_device 0
pgscan_direct 5697585
pgscan_direct_throttle 0
compact_stall 238364
2026-09-22T03:33:03Z
2405 MHz, 0x0000000000000000, 53, 14.21 W
MemFree:        20181768 kB
MemAvailable:   49964004 kB
Cached:         33114988 kB
SwapFree:       16737660 kB
allocstall_dma 0
allocstall_dma32 0
allocstall_normal 42216
allocstall_movable 20537
allocstall_device 0
pgscan_direct 5697585
pgscan_direct_throttle 0
compact_stall 238364
2026-09-22T03:33:04Z
2405 MHz, 0x0000000000000000, 53, 14.47 W
MemFree:        20208496 kB
MemAvailable:   49991120 kB
Cached:         33115392 kB
SwapFree:       16737660 kB
allocstall_dma 0
allocstall_dma32 0
allocstall_normal 42216
allocstall_movable 20537
allocstall_device 0
pgscan_direct 5697585
pgscan_direct_throttle 0
compact_stall 238364
2026-09-22T03:33:05Z
2405 MHz, 0x0000000000000000, 53, 14.45 W
MemFree:        20227696 kB
MemAvailable:   50010476 kB
Cached:         33115512 kB
SwapFree:       16737660 kB
allocstall_dma 0
allocstall_dma32 0
allocstall_normal 42216
allocstall_movable 20537
allocstall_device 0
pgscan_direct 5697585
pgscan_direct_throttle 0
compact_stall 238364
2026-09-22T03:33:06Z
2405 MHz, 0x0000000000000000, 53, 14.41 W
MemFree:        20223212 kB
MemAvailable:   50006204 kB
Cached:         33115688 kB
SwapFree:       16737660 kB
allocstall_dma 0
allocstall_dma32 0
allocstall_normal 42216
allocstall_movable 20537
allocstall_device 0
pgscan_direct 5697585
pgscan_direct_throttle 0
compact_stall 238364
2026-09-22T03:33:07Z
2405 MHz, 0x0000000000000000, 53, 14.41 W
MemFree:        20240004 kB
MemAvailable:   50023208 kB
Cached:         33115864 kB
SwapFree:       16737660 kB
allocstall_dma 0
allocstall_dma32 0
allocstall_normal 42216
allocstall_movable 20537
allocstall_device 0
pgscan_direct 5697585
pgscan_direct_throttle 0
compact_stall 238364
2026-09-22T03:33:08Z
2411 MHz, 0x0000000000000000, 53, 14.45 W
MemFree:        20273068 kB
MemAvailable:   50056340 kB
Cached:         33115928 kB
SwapFree:       16737660 kB
allocstall_dma 0
allocstall_dma32 0
allocstall_normal 42216
allocstall_movable 20537
allocstall_device 0
pgscan_direct 5697585
pgscan_direct_throttle 0
compact_stall 238364
2026-09-22T03:33:09Z
2411 MHz, 0x0000000000000000, 53, 14.41 W
MemFree:        20286308 kB
MemAvailable:   50069796 kB
Cached:         33116104 kB
SwapFree:       16737660 kB
allocstall_dma 0
allocstall_dma32 0
allocstall_normal 42216
allocstall_movable 20537
allocstall_device 0
pgscan_direct 5697585
pgscan_direct_throttle 0
compact_stall 238364
2026-09-22T03:33:10Z
2405 MHz, 0x0000000000000000, 53, 14.63 W
MemFree:        20268652 kB
MemAvailable:   50052360 kB
Cached:         33116312 kB
SwapFree:       16737660 kB
allocstall_dma 0
allocstall_dma32 0
allocstall_normal 42216
allocstall_movable 20537
allocstall_device 0
pgscan_direct 5697585
pgscan_direct_throttle 0
compact_stall 238364
2026-09-22T03:33:11Z
2405 MHz, 0x0000000000000000, 53, 14.84 W
MemFree:        20252916 kB
MemAvailable:   50036800 kB
Cached:         33116484 kB
SwapFree:       16737660 kB
allocstall_dma 0
allocstall_dma32 0
allocstall_normal 42216
allocstall_movable 20537
allocstall_device 0
pgscan_direct 5697585
pgscan_direct_throttle 0
compact_stall 238364
2026-09-22T03:33:12Z
2424 MHz, 0x0000000000000000, 53, 15.32 W
MemFree:        20232636 kB
MemAvailable:   50016860 kB
Cached:         33116788 kB
SwapFree:       16737660 kB
allocstall_dma 0
allocstall_dma32 0
allocstall_normal 42216
allocstall_movable 20537
allocstall_device 0
pgscan_direct 5697585
pgscan_direct_throttle 0
compact_stall 238364
2026-09-22T03:33:13Z
2418 MHz, 0x0000000000000000, 53, 16.27 W
MemFree:        20243748 kB
MemAvailable:   50028588 kB
Cached:         33117364 kB
SwapFree:       16737660 kB
allocstall_dma 0
allocstall_dma32 0
allocstall_normal 42216
allocstall_movable 20537
allocstall_device 0
pgscan_direct 5697585
pgscan_direct_throttle 0
compact_stall 238364
2026-09-22T03:33:14Z
2411 MHz, 0x0000000000000000, 52, 14.35 W
MemFree:        19883600 kB
MemAvailable:   49670924 kB
Cached:         33119528 kB
SwapFree:       16737660 kB
allocstall_dma 0
allocstall_dma32 0
allocstall_normal 42216
allocstall_movable 20537
allocstall_device 0
pgscan_direct 5697585
pgscan_direct_throttle 0
compact_stall 238364
2026-09-22T03:33:15Z
2411 MHz, 0x0000000000000000, 52, 14.04 W
MemFree:        19827268 kB
MemAvailable:   49614864 kB
Cached:         33119816 kB
SwapFree:       16737660 kB
allocstall_dma 0
allocstall_dma32 0
allocstall_normal 42216
allocstall_movable 20537
allocstall_device 0
pgscan_direct 5697585
pgscan_direct_throttle 0
compact_stall 238364
2026-09-22T03:33:16Z
2411 MHz, 0x0000000000000000, 52, 13.98 W
MemFree:        19789932 kB
MemAvailable:   49578568 kB
Cached:         33120768 kB
SwapFree:       16737660 kB
allocstall_dma 0
allocstall_dma32 0
allocstall_normal 42216
allocstall_movable 20537
allocstall_device 0
pgscan_direct 5697585
pgscan_direct_throttle 0
compact_stall 238364
2026-09-22T03:33:18Z
2411 MHz, 0x0000000000000000, 57, 18.76 W
MemFree:        19791156 kB
MemAvailable:   49580824 kB
Cached:         33121720 kB
SwapFree:       16737660 kB
allocstall_dma 0
allocstall_dma32 0
allocstall_normal 42216
allocstall_movable 20537
allocstall_device 0
pgscan_direct 5697585
pgscan_direct_throttle 0
compact_stall 238364
2026-09-22T03:33:19Z
2463 MHz, 0x0000000000000000, 53, 28.03 W
MemFree:        19738320 kB
MemAvailable:   49528128 kB
Cached:         33121860 kB
SwapFree:       16737660 kB
allocstall_dma 0
allocstall_dma32 0
allocstall_normal 42216
allocstall_movable 20537
allocstall_device 0
pgscan_direct 5697585
pgscan_direct_throttle 0
compact_stall 238364
2026-09-22T03:33:20Z
2411 MHz, 0x0000000000000000, 56, 31.34 W
MemFree:        19722180 kB
MemAvailable:   49512360 kB
Cached:         33122168 kB
SwapFree:       16737660 kB
allocstall_dma 0
allocstall_dma32 0
allocstall_normal 42216
allocstall_movable 20537
allocstall_device 0
pgscan_direct 5697585
pgscan_direct_throttle 0
compact_stall 238364
2026-09-22T03:33:21Z
2463 MHz, 0x0000000000000000, 53, 30.10 W
MemFree:        20091160 kB
MemAvailable:   49882112 kB
Cached:         33122904 kB
SwapFree:       16737660 kB
allocstall_dma 0
allocstall_dma32 0
allocstall_normal 42216
allocstall_movable 20537
allocstall_device 0
pgscan_direct 5697585
pgscan_direct_throttle 0
compact_stall 238364
2026-09-22T03:33:22Z
2405 MHz, 0x0000000000000000, 53, 14.25 W
MemFree:        19889648 kB
MemAvailable:   49687608 kB
Cached:         33129588 kB
SwapFree:       16737660 kB
allocstall_dma 0
allocstall_dma32 0
allocstall_normal 42216
allocstall_movable 20537
allocstall_device 0
pgscan_direct 5697585
pgscan_direct_throttle 0
compact_stall 238364
2026-09-22T03:33:23Z
2411 MHz, 0x0000000000000000, 53, 14.52 W
MemFree:        20150888 kB
MemAvailable:   49950312 kB
Cached:         32868884 kB
SwapFree:       16737660 kB
allocstall_dma 0
allocstall_dma32 0
allocstall_normal 42216
allocstall_movable 20537
allocstall_device 0
pgscan_direct 5697585
pgscan_direct_throttle 0
compact_stall 238364
2026-09-22T03:33:24Z
2411 MHz, 0x0000000000000000, 53, 16.20 W
MemFree:        20069612 kB
MemAvailable:   49870344 kB
Cached:         32869904 kB
SwapFree:       16737660 kB
allocstall_dma 0
allocstall_dma32 0
allocstall_normal 42216
allocstall_movable 20537
allocstall_device 0
pgscan_direct 5697585
pgscan_direct_throttle 0
compact_stall 238364
2026-09-22T03:33:25Z
2431 MHz, 0x0000000000000000, 54, 19.63 W
MemFree:        19962392 kB
MemAvailable:   49763528 kB
Cached:         32870276 kB
SwapFree:       16737660 kB
allocstall_dma 0
allocstall_dma32 0
allocstall_normal 42216
allocstall_movable 20537
allocstall_device 0
pgscan_direct 5697585
pgscan_direct_throttle 0
compact_stall 238364
2026-09-22T03:33:26Z
2450 MHz, 0x0000000000000000, 53, 17.03 W
MemFree:        19891488 kB
MemAvailable:   49693108 kB
Cached:         32870712 kB
SwapFree:       16737660 kB
allocstall_dma 0
allocstall_dma32 0
allocstall_normal 42216
allocstall_movable 20537
allocstall_device 0
pgscan_direct 5697585
pgscan_direct_throttle 0
compact_stall 238364
2026-09-22T03:33:27Z
2444 MHz, 0x0000000000000000, 53, 16.18 W
MemFree:        19781876 kB
MemAvailable:   49585076 kB
Cached:         32872276 kB
SwapFree:       16737660 kB
allocstall_dma 0
allocstall_dma32 0
allocstall_normal 42216
allocstall_movable 20537
allocstall_device 0
pgscan_direct 5697585
pgscan_direct_throttle 0
compact_stall 238364
2026-09-22T03:33:28Z
2411 MHz, 0x0000000000000000, 53, 17.06 W
MemFree:        19674624 kB
MemAvailable:   49478324 kB
Cached:         32872660 kB
SwapFree:       16737660 kB
allocstall_dma 0
allocstall_dma32 0
allocstall_normal 42216
allocstall_movable 20537
allocstall_device 0
pgscan_direct 5697585
pgscan_direct_throttle 0
compact_stall 238364
2026-09-22T03:33:29Z
2411 MHz, 0x0000000000000000, 53, 15.37 W
MemFree:        19578804 kB
MemAvailable:   49384104 kB
Cached:         32874208 kB
SwapFree:       16737660 kB
allocstall_dma 0
allocstall_dma32 0
allocstall_normal 42216
allocstall_movable 20537
allocstall_device 0
pgscan_direct 5697585
pgscan_direct_throttle 0
compact_stall 238364
2026-09-22T03:33:30Z
2411 MHz, 0x0000000000000000, 53, 14.87 W
MemFree:        19736812 kB
MemAvailable:   49542364 kB
Cached:         32874376 kB
SwapFree:       16737660 kB
allocstall_dma 0
allocstall_dma32 0
allocstall_normal 42216
allocstall_movable 20537
allocstall_device 0
pgscan_direct 5697585
pgscan_direct_throttle 0
compact_stall 238364
2026-09-22T03:33:31Z
2411 MHz, 0x0000000000000000, 53, 14.22 W
MemFree:         2718824 kB
MemAvailable:   27971176 kB
Cached:         28333016 kB
SwapFree:       16737536 kB
allocstall_dma 0
allocstall_dma32 0
allocstall_normal 42232
allocstall_movable 20537
allocstall_device 0
pgscan_direct 5698696
pgscan_direct_throttle 0
compact_stall 241047
2026-09-22T03:33:32Z
2411 MHz, 0x0000000000000000, 53, 14.76 W
MemFree:         2816200 kB
MemAvailable:   11798756 kB
Cached:         12971228 kB
SwapFree:       16737228 kB
allocstall_dma 0
allocstall_dma32 0
allocstall_normal 42279
allocstall_movable 20537
allocstall_device 0
pgscan_direct 5701731
pgscan_direct_throttle 0
compact_stall 245132
2026-09-22T03:33:33Z
2411 MHz, 0x0000000000000000, 53, 15.35 W
MemFree:         2746564 kB
MemAvailable:    7638784 kB
Cached:          7993704 kB
SwapFree:       16737164 kB
allocstall_dma 0
allocstall_dma32 0
allocstall_normal 42305
allocstall_movable 20537
allocstall_device 0
pgscan_direct 5703459
pgscan_direct_throttle 0
compact_stall 246589
2026-09-22T03:33:34Z
2411 MHz, 0x0000000000000000, 53, 14.09 W
MemFree:         1129780 kB
MemAvailable:    2728544 kB
Cached:          5719208 kB
SwapFree:       16736404 kB
allocstall_dma 0
allocstall_dma32 0
allocstall_normal 42319
allocstall_movable 21030
allocstall_device 0
pgscan_direct 5804703
pgscan_direct_throttle 0
compact_stall 246589
2026-09-22T03:33:35Z
2411 MHz, 0x0000000000000000, 54, 15.00 W
MemFree:          999072 kB
MemAvailable:    2381548 kB
Cached:          5504168 kB
SwapFree:       15505352 kB
allocstall_dma 0
allocstall_dma32 0
allocstall_normal 42369
allocstall_movable 24138
allocstall_device 0
pgscan_direct 6141489
pgscan_direct_throttle 0
compact_stall 246589
2026-09-22T03:33:36Z
2411 MHz, 0x0000000000000000, 54, 14.89 W
MemFree:         1002804 kB
MemAvailable:    2125524 kB
Cached:          5187148 kB
SwapFree:       14700636 kB
allocstall_dma 0
allocstall_dma32 0
allocstall_normal 42392
allocstall_movable 26322
allocstall_device 0
pgscan_direct 6521193
pgscan_direct_throttle 0
compact_stall 246589
2026-09-22T03:33:37Z
2405 MHz, 0x0000000000000000, 54, 14.69 W
MemFree:         1003568 kB
MemAvailable:    2187304 kB
Cached:          5247084 kB
SwapFree:       13493784 kB
allocstall_dma 0
allocstall_dma32 0
allocstall_normal 42451
allocstall_movable 28649
allocstall_device 0
pgscan_direct 6843167
pgscan_direct_throttle 0
compact_stall 246589
2026-09-22T03:33:39Z
2405 MHz, 0x0000000000000000, 55, 15.21 W
MemFree:         1228392 kB
MemAvailable:    2412236 kB
Cached:          5245868 kB
SwapFree:       12933324 kB
allocstall_dma 0
allocstall_dma32 0
allocstall_normal 42457
allocstall_movable 28718
allocstall_device 0
pgscan_direct 6884703
pgscan_direct_throttle 0
compact_stall 246589
2026-09-22T03:33:40Z
2411 MHz, 0x0000000000000000, 55, 15.40 W
MemFree:         1624368 kB
MemAvailable:    3417732 kB
Cached:          5196240 kB
SwapFree:       12442896 kB
allocstall_dma 0
allocstall_dma32 0
allocstall_normal 42457
allocstall_movable 28718
allocstall_device 0
pgscan_direct 6884703
pgscan_direct_throttle 0
compact_stall 246589
2026-09-22T03:33:41Z
2418 MHz, 0x0000000000000000, 55, 15.56 W
MemFree:         1565372 kB
MemAvailable:    3360908 kB
Cached:          5198400 kB
SwapFree:       12449264 kB
allocstall_dma 0
allocstall_dma32 0
allocstall_normal 42457
allocstall_movable 28718
allocstall_device 0
pgscan_direct 6884703
pgscan_direct_throttle 0
compact_stall 246589
2026-09-22T03:33:42Z
2405 MHz, 0x0000000000000000, 55, 17.61 W
MemFree:         1416444 kB
MemAvailable:    3212568 kB
Cached:          5198940 kB
SwapFree:       12449748 kB
allocstall_dma 0
allocstall_dma32 0
allocstall_normal 42457
allocstall_movable 28718
allocstall_device 0
pgscan_direct 6884703
pgscan_direct_throttle 0
compact_stall 246589
2026-09-22T03:33:43Z
2411 MHz, 0x0000000000000000, 55, 14.81 W
MemFree:         1289732 kB
MemAvailable:    3329024 kB
Cached:          5201760 kB
SwapFree:       12453880 kB
allocstall_dma 0
allocstall_dma32 0
allocstall_normal 42457
allocstall_movable 28718
allocstall_device 0
pgscan_direct 6884703
pgscan_direct_throttle 0
compact_stall 246589
2026-09-22T03:33:44Z
2405 MHz, 0x0000000000000000, 56, 17.63 W
MemFree:         1337728 kB
MemAvailable:    3377808 kB
Cached:          5202236 kB
SwapFree:       12455320 kB
allocstall_dma 0
allocstall_dma32 0
allocstall_normal 42457
allocstall_movable 28718
allocstall_device 0
pgscan_direct 6884703
pgscan_direct_throttle 0
compact_stall 246589
2026-09-22T03:33:45Z
2424 MHz, 0x0000000000000000, 56, 14.97 W
MemFree:         1250452 kB
MemAvailable:    2398008 kB
Cached:          5205044 kB
SwapFree:       12461844 kB
allocstall_dma 0
allocstall_dma32 0
allocstall_normal 42457
allocstall_movable 28718
allocstall_device 0
pgscan_direct 6884703
pgscan_direct_throttle 0
compact_stall 246589
2026-09-22T03:33:46Z
2411 MHz, 0x0000000000000000, 56, 17.28 W
MemFree:         1177720 kB
MemAvailable:    2325880 kB
Cached:          5205556 kB
SwapFree:       12464404 kB
allocstall_dma 0
allocstall_dma32 0
allocstall_normal 42457
allocstall_movable 28718
allocstall_device 0
pgscan_direct 6884703
pgscan_direct_throttle 0
compact_stall 246589
2026-09-22T03:33:47Z
2437 MHz, 0x0000000000000000, 58, 16.78 W
MemFree:         1147660 kB
MemAvailable:    2298412 kB
Cached:          5208160 kB
SwapFree:       12472316 kB
allocstall_dma 0
allocstall_dma32 0
allocstall_normal 42457
allocstall_movable 28718
allocstall_device 0
pgscan_direct 6884703
pgscan_direct_throttle 0
compact_stall 246589
2026-09-22T03:33:48Z
2405 MHz, 0x0000000000000000, 57, 15.63 W
MemFree:         1153252 kB
MemAvailable:    2301184 kB
Cached:          5205692 kB
SwapFree:       12466164 kB
allocstall_dma 0
allocstall_dma32 0
allocstall_normal 42457
allocstall_movable 28724
allocstall_device 0
pgscan_direct 6885090
pgscan_direct_throttle 0
compact_stall 246589
2026-09-22T03:33:49Z
2418 MHz, 0x0000000000000000, 58, 16.14 W
MemFree:         1086352 kB
MemAvailable:    2236700 kB
Cached:          5207348 kB
SwapFree:       12410920 kB
allocstall_dma 0
allocstall_dma32 0
allocstall_normal 42457
allocstall_movable 28724
allocstall_device 0
pgscan_direct 6885090
pgscan_direct_throttle 0
compact_stall 246589
2026-09-22T03:33:50Z
2405 MHz, 0x0000000000000000, 58, 16.21 W
MemFree:         1249620 kB
MemAvailable:    2394516 kB
Cached:          5201708 kB
SwapFree:       12076132 kB
allocstall_dma 0
allocstall_dma32 0
allocstall_normal 42457
allocstall_movable 28734
allocstall_device 0
pgscan_direct 6888183
pgscan_direct_throttle 0
compact_stall 246589
2026-09-22T03:33:51Z
2405 MHz, 0x0000000000000000, 58, 14.94 W
MemFree:         1176832 kB
MemAvailable:    2324204 kB
Cached:          5204208 kB
SwapFree:       12076136 kB
allocstall_dma 0
allocstall_dma32 0
allocstall_normal 42457
allocstall_movable 28734
allocstall_device 0
pgscan_direct 6888183
pgscan_direct_throttle 0
compact_stall 246589
2026-09-22T03:33:52Z
2424 MHz, 0x0000000000000000, 59, 16.93 W
MemFree:         1560684 kB
MemAvailable:    3540012 kB
Cached:          5201144 kB
SwapFree:       11203560 kB
allocstall_dma 0
allocstall_dma32 0
allocstall_normal 42595
allocstall_movable 28737
allocstall_device 0
pgscan_direct 6903870
pgscan_direct_throttle 0
compact_stall 246717
2026-09-22T03:33:53Z
2405 MHz, 0x0000000000000000, 58, 15.00 W
MemFree:         1250092 kB
MemAvailable:    2397880 kB
Cached:          5204616 kB
SwapFree:       11128032 kB
allocstall_dma 0
allocstall_dma32 0
allocstall_normal 42595
allocstall_movable 28737
allocstall_device 0
pgscan_direct 6903870
pgscan_direct_throttle 0
compact_stall 246717
2026-09-22T03:33:54Z
2418 MHz, 0x0000000000000000, 58, 15.97 W
MemFree:         1256260 kB
MemAvailable:    2404952 kB
Cached:          5205508 kB
SwapFree:       11128452 kB
allocstall_dma 0
allocstall_dma32 0
allocstall_normal 42595
allocstall_movable 28737
allocstall_device 0
pgscan_direct 6903870
pgscan_direct_throttle 0
compact_stall 246717
2026-09-22T03:33:55Z
2405 MHz, 0x0000000000000000, 58, 15.25 W
MemFree:         1188812 kB
MemAvailable:    2338728 kB
Cached:          5206668 kB
SwapFree:       11128660 kB
allocstall_dma 0
allocstall_dma32 0
allocstall_normal 42595
allocstall_movable 28737
allocstall_device 0
pgscan_direct 6903870
pgscan_direct_throttle 0
compact_stall 246717
2026-09-22T03:33:56Z
2405 MHz, 0x0000000000000000, 59, 16.82 W
MemFree:         1253932 kB
MemAvailable:    2405820 kB
Cached:          5208632 kB
SwapFree:       11128796 kB
allocstall_dma 0
allocstall_dma32 0
allocstall_normal 42595
allocstall_movable 28737
allocstall_device 0
pgscan_direct 6903870
pgscan_direct_throttle 0
compact_stall 246723
2026-09-22T03:33:57Z
2405 MHz, 0x0000000000000000, 59, 15.09 W
MemFree:         1181636 kB
MemAvailable:    2335544 kB
Cached:          5210616 kB
SwapFree:       11128800 kB
allocstall_dma 0
allocstall_dma32 0
allocstall_normal 42595
allocstall_movable 28737
allocstall_device 0
pgscan_direct 6903870
pgscan_direct_throttle 0
compact_stall 246727
2026-09-22T03:33:58Z
2405 MHz, 0x0000000000000000, 59, 15.17 W
MemFree:         1156208 kB
MemAvailable:    2784792 kB
Cached:          5202964 kB
SwapFree:       10943032 kB
allocstall_dma 0
allocstall_dma32 0
allocstall_normal 42756
allocstall_movable 28737
allocstall_device 0
pgscan_direct 6924335
pgscan_direct_throttle 0
compact_stall 246927
2026-09-22T03:33:59Z
2405 MHz, 0x0000000000000000, 60, 16.48 W
MemFree:         1110696 kB
MemAvailable:    2261692 kB
Cached:          5207920 kB
SwapFree:       10823436 kB
allocstall_dma 0
allocstall_dma32 0
allocstall_normal 42831
allocstall_movable 28737
allocstall_device 0
pgscan_direct 6933999
pgscan_direct_throttle 0
compact_stall 247139
2026-09-22T03:34:00Z
2405 MHz, 0x0000000000000000, 60, 17.49 W
MemFree:         1028364 kB
MemAvailable:    2182536 kB
Cached:          5210532 kB
SwapFree:       10823560 kB
allocstall_dma 0
allocstall_dma32 0
allocstall_normal 42831
allocstall_movable 28737
allocstall_device 0
pgscan_direct 6933999
pgscan_direct_throttle 0
compact_stall 247139
2026-09-22T03:34:01Z
2411 MHz, 0x0000000000000000, 61, 16.53 W
MemFree:         1363580 kB
MemAvailable:    3418900 kB
Cached:          5216064 kB
SwapFree:       10520624 kB
allocstall_dma 0
allocstall_dma32 0
allocstall_normal 42831
allocstall_movable 28740
allocstall_device 0
pgscan_direct 6934191
pgscan_direct_throttle 0
compact_stall 247139
2026-09-22T03:34:02Z
2405 MHz, 0x0000000000000000, 60, 15.31 W
MemFree:         1180668 kB
MemAvailable:    3156460 kB
Cached:          5218516 kB
SwapFree:       10520644 kB
allocstall_dma 0
allocstall_dma32 0
allocstall_normal 42831
allocstall_movable 28740
allocstall_device 0
pgscan_direct 6934191
pgscan_direct_throttle 0
compact_stall 247139
2026-09-22T03:34:03Z
2405 MHz, 0x0000000000000000, 60, 15.75 W
MemFree:         1185268 kB
MemAvailable:    2348692 kB
Cached:          5219708 kB
SwapFree:       10521112 kB
allocstall_dma 0
allocstall_dma32 0
allocstall_normal 42831
allocstall_movable 28740
allocstall_device 0
pgscan_direct 6934191
pgscan_direct_throttle 0
compact_stall 247139
2026-09-22T03:34:04Z
2411 MHz, 0x0000000000000000, 61, 19.28 W
MemFree:         1114804 kB
MemAvailable:    2280744 kB
Cached:          5222184 kB
SwapFree:       10521400 kB
allocstall_dma 0
allocstall_dma32 0
allocstall_normal 42831
allocstall_movable 28740
allocstall_device 0
pgscan_direct 6934191
pgscan_direct_throttle 0
compact_stall 247139
2026-09-22T03:34:05Z
2405 MHz, 0x0000000000000000, 60, 15.45 W
MemFree:         1152740 kB
MemAvailable:    2670376 kB
Cached:          5218876 kB
SwapFree:       10356012 kB
allocstall_dma 0
allocstall_dma32 0
allocstall_normal 42831
allocstall_movable 28746
allocstall_device 0
pgscan_direct 6934589
pgscan_direct_throttle 0
compact_stall 247139
2026-09-22T03:34:06Z
2405 MHz, 0x0000000000000000, 60, 15.31 W
MemFree:         1113308 kB
MemAvailable:    2277992 kB
Cached:          5220792 kB
SwapFree:       10356024 kB
allocstall_dma 0
allocstall_dma32 0
allocstall_normal 42831
allocstall_movable 28746
allocstall_device 0
pgscan_direct 6934589
pgscan_direct_throttle 0
compact_stall 247139
2026-09-22T03:34:08Z
2405 MHz, 0x0000000000000000, 61, 17.08 W
MemFree:         1072588 kB
MemAvailable:    2220040 kB
Cached:          5203236 kB
SwapFree:       10253688 kB
allocstall_dma 0
allocstall_dma32 0
allocstall_normal 42964
allocstall_movable 28746
allocstall_device 0
pgscan_direct 7214925
pgscan_direct_throttle 0
compact_stall 247277
2026-09-22T03:34:11Z
2444 MHz, 0x0000000000000000, 62, 20.83 W
MemFree:         1347276 kB
MemAvailable:    3087484 kB
Cached:          4906148 kB
SwapFree:        9921384 kB
allocstall_dma 0
allocstall_dma32 0
allocstall_normal 42973
allocstall_movable 28746
allocstall_device 0
pgscan_direct 7217761
pgscan_direct_throttle 0
compact_stall 247279
2026-09-22T03:34:12Z
2405 MHz, 0x0000000000000000, 61, 16.54 W
MemFree:         1114176 kB
MemAvailable:    2735480 kB
Cached:          4909664 kB
SwapFree:        9921772 kB
allocstall_dma 0
allocstall_dma32 0
allocstall_normal 42973
allocstall_movable 28746
allocstall_device 0
pgscan_direct 7217761
pgscan_direct_throttle 0
compact_stall 247279
2026-09-22T03:34:13Z
2405 MHz, 0x0000000000000000, 61, 17.28 W
MemFree:         1091600 kB
MemAvailable:    2206220 kB
Cached:          4910724 kB
SwapFree:        9922352 kB
allocstall_dma 0
allocstall_dma32 0
allocstall_normal 42973
allocstall_movable 28746
allocstall_device 0
pgscan_direct 7217761
pgscan_direct_throttle 0
compact_stall 247279
2026-09-22T03:34:14Z
2405 MHz, 0x0000000000000000, 60, 16.97 W
MemFree:         1108384 kB
MemAvailable:    1972564 kB
Cached:          4911752 kB
SwapFree:        9922432 kB
allocstall_dma 0
allocstall_dma32 0
allocstall_normal 42973
allocstall_movable 28746
allocstall_device 0
pgscan_direct 7217761
pgscan_direct_throttle 0
compact_stall 247279
2026-09-22T03:34:15Z
2457 MHz, 0x0000000000000000, 63, 24.43 W
MemFree:         1092536 kB
MemAvailable:    2273020 kB
Cached:          4910676 kB
SwapFree:        9816072 kB
allocstall_dma 0
allocstall_dma32 0
allocstall_normal 42974
allocstall_movable 28746
allocstall_device 0
pgscan_direct 7217825
pgscan_direct_throttle 0
compact_stall 247279
2026-09-22T03:34:16Z
2405 MHz, 0x0000000000000000, 61, 16.83 W
MemFree:         1043468 kB
MemAvailable:    1907588 kB
Cached:          4911436 kB
SwapFree:        9816112 kB
allocstall_dma 0
allocstall_dma32 0
allocstall_normal 42974
allocstall_movable 28746
allocstall_device 0
pgscan_direct 7217825
pgscan_direct_throttle 0
compact_stall 247279
2026-09-22T03:34:17Z
2405 MHz, 0x0000000000000000, 61, 15.55 W
MemFree:         1263508 kB
MemAvailable:    2946256 kB
Cached:          4913204 kB
SwapFree:        9488408 kB
allocstall_dma 0
allocstall_dma32 0
allocstall_normal 42975
allocstall_movable 28746
allocstall_device 0
pgscan_direct 7217889
pgscan_direct_throttle 0
compact_stall 247279
2026-09-22T03:34:18Z
2405 MHz, 0x0000000000000000, 61, 16.53 W
MemFree:         1655880 kB
MemAvailable:    2721000 kB
Cached:          4904428 kB
SwapFree:        8921480 kB
allocstall_dma 0
allocstall_dma32 0
allocstall_normal 43331
allocstall_movable 28746
allocstall_device 0
pgscan_direct 7279693
pgscan_direct_throttle 0
compact_stall 248283
2026-09-22T03:34:20Z
2418 MHz, 0x0000000000000000, 62, 21.59 W
MemFree:         1242888 kB
MemAvailable:    2106200 kB
Cached:          4909768 kB
SwapFree:        8871268 kB
allocstall_dma 0
allocstall_dma32 0
allocstall_normal 43331
allocstall_movable 28746
allocstall_device 0
pgscan_direct 7279693
pgscan_direct_throttle 0
compact_stall 248283
2026-09-22T03:34:21Z
2405 MHz, 0x0000000000000000, 62, 21.39 W
MemFree:         1259644 kB
MemAvailable:    2124740 kB
Cached:          4913252 kB
SwapFree:        8871384 kB
allocstall_dma 0
allocstall_dma32 0
allocstall_normal 43331
allocstall_movable 28746
allocstall_device 0
pgscan_direct 7279693
pgscan_direct_throttle 0
compact_stall 248283
2026-09-22T03:34:22Z
2457 MHz, 0x0000000000000000, 63, 20.60 W
MemFree:         1250564 kB
MemAvailable:    2139196 kB
Cached:          4948832 kB
SwapFree:        8871812 kB
allocstall_dma 0
allocstall_dma32 0
allocstall_normal 43331
allocstall_movable 28746
allocstall_device 0
pgscan_direct 7279693
pgscan_direct_throttle 0
compact_stall 248283
2026-09-22T03:34:23Z
2405 MHz, 0x0000000000000000, 62, 16.82 W
MemFree:         1328588 kB
MemAvailable:    3157696 kB
Cached:          4993620 kB
SwapFree:        8681572 kB
allocstall_dma 0
allocstall_dma32 0
allocstall_normal 43331
allocstall_movable 28760
allocstall_device 0
pgscan_direct 7284121
pgscan_direct_throttle 0
compact_stall 248312
2026-09-22T03:34:24Z
2405 MHz, 0x0000000000000000, 61, 18.98 W
MemFree:         1381376 kB
MemAvailable:    3189928 kB
Cached:          4973220 kB
SwapFree:        8597096 kB
allocstall_dma 0
allocstall_dma32 0
allocstall_normal 43331
allocstall_movable 28760
allocstall_device 0
pgscan_direct 7284121
pgscan_direct_throttle 0
compact_stall 248313
2026-09-22T03:34:25Z
2463 MHz, 0x0000000000000000, 63, 22.54 W
MemFree:         1165516 kB
MemAvailable:    2246076 kB
Cached:          4974328 kB
SwapFree:        8597220 kB
allocstall_dma 0
allocstall_dma32 0
allocstall_normal 43331
allocstall_movable 28760
allocstall_device 0
pgscan_direct 7284121
pgscan_direct_throttle 0
compact_stall 248313
2026-09-22T03:34:26Z
2405 MHz, 0x0000000000000000, 61, 15.72 W
MemFree:         1147168 kB
MemAvailable:    2064220 kB
Cached:          4977272 kB
SwapFree:        8597224 kB
allocstall_dma 0
allocstall_dma32 0
allocstall_normal 43331
allocstall_movable 28760
allocstall_device 0
pgscan_direct 7284121
pgscan_direct_throttle 0
compact_stall 248313
2026-09-22T03:34:27Z
2405 MHz, 0x0000000000000000, 62, 17.95 W
MemFree:         1122508 kB
MemAvailable:    2007936 kB
Cached:          4945604 kB
SwapFree:        8508792 kB
allocstall_dma 0
allocstall_dma32 0
allocstall_normal 43331
allocstall_movable 28763
allocstall_device 0
pgscan_direct 7284313
pgscan_direct_throttle 0
compact_stall 248313
2026-09-22T03:34:28Z
2476 MHz, 0x0000000000000000, 66, 40.50 W
MemFree:         1071048 kB
MemAvailable:    1941780 kB
Cached:          4912940 kB
SwapFree:        8390628 kB
allocstall_dma 0
allocstall_dma32 0
allocstall_normal 43331
allocstall_movable 28772
allocstall_device 0
pgscan_direct 7285682
pgscan_direct_throttle 0
compact_stall 248313
2026-09-22T03:34:29Z
2405 MHz, 0x0000000000000000, 62, 18.32 W
MemFree:         1415812 kB
MemAvailable:    2623780 kB
Cached:          4372596 kB
SwapFree:        8384808 kB
allocstall_dma 0
allocstall_dma32 0
allocstall_normal 43448
allocstall_movable 28772
allocstall_device 0
pgscan_direct 7296238
pgscan_direct_throttle 0
compact_stall 248699
2026-09-22T03:34:30Z
2411 MHz, 0x0000000000000000, 66, 26.36 W
MemFree:         1236272 kB
MemAvailable:    1830492 kB
Cached:          4374972 kB
SwapFree:        8388740 kB
allocstall_dma 0
allocstall_dma32 0
allocstall_normal 43448
allocstall_movable 28772
allocstall_device 0
pgscan_direct 7296238
pgscan_direct_throttle 0
compact_stall 248699
2026-09-22T03:34:31Z
2463 MHz, 0x0000000000000000, 63, 24.36 W
MemFree:         1073188 kB
MemAvailable:    1667968 kB
Cached:          4376056 kB
SwapFree:        8389044 kB
allocstall_dma 0
allocstall_dma32 0
allocstall_normal 43448
allocstall_movable 28772
allocstall_device 0
pgscan_direct 7296238
pgscan_direct_throttle 0
compact_stall 248699
2026-09-22T03:34:32Z
2418 MHz, 0x0000000000000000, 64, 19.98 W
MemFree:         1308356 kB
MemAvailable:    1902404 kB
Cached:          4374892 kB
SwapFree:        8184340 kB
allocstall_dma 0
allocstall_dma32 0
allocstall_normal 43448
allocstall_movable 28779
allocstall_device 0
pgscan_direct 7297406
pgscan_direct_throttle 0
compact_stall 248699
2026-09-22T03:34:33Z
2405 MHz, 0x0000000000000000, 65, 20.24 W
MemFree:         1128692 kB
MemAvailable:    1719952 kB
Cached:          4369252 kB
SwapFree:        8182796 kB
allocstall_dma 0
allocstall_dma32 0
allocstall_normal 43448
allocstall_movable 28779
allocstall_device 0
pgscan_direct 7297406
pgscan_direct_throttle 0
compact_stall 248699
2026-09-22T03:34:34Z
2405 MHz, 0x0000000000000000, 63, 25.61 W
MemFree:         1178144 kB
MemAvailable:    1768364 kB
Cached:          4358348 kB
SwapFree:        8202336 kB
allocstall_dma 0
allocstall_dma32 0
allocstall_normal 43449
allocstall_movable 28779
allocstall_device 0
pgscan_direct 7297485
pgscan_direct_throttle 0
compact_stall 248699
2026-09-22T03:34:35Z
2418 MHz, 0x0000000000000000, 62, 17.11 W
MemFree:         1058168 kB
MemAvailable:    1971488 kB
Cached:          4351836 kB
SwapFree:        8199524 kB
allocstall_dma 0
allocstall_dma32 0
allocstall_normal 43449
allocstall_movable 28779
allocstall_device 0
pgscan_direct 7297485
pgscan_direct_throttle 0
compact_stall 248699
2026-09-22T03:34:36Z
2405 MHz, 0x0000000000000000, 61, 15.71 W
MemFree:         1197632 kB
MemAvailable:    1784780 kB
Cached:          4341652 kB
SwapFree:        8190104 kB
allocstall_dma 0
allocstall_dma32 0
allocstall_normal 43449
allocstall_movable 28780
allocstall_device 0
pgscan_direct 7297549
pgscan_direct_throttle 0
compact_stall 248699
2026-09-22T03:34:37Z
2405 MHz, 0x0000000000000000, 61, 20.89 W
MemFree:         1229140 kB
MemAvailable:    2413996 kB
Cached:          4341056 kB
SwapFree:        8037364 kB
allocstall_dma 0
allocstall_dma32 0
allocstall_normal 43449
allocstall_movable 28780
allocstall_device 0
pgscan_direct 7297549
pgscan_direct_throttle 0
compact_stall 248699
2026-09-22T03:34:38Z
2463 MHz, 0x0000000000000000, 65, 35.97 W
MemFree:         1205528 kB
MemAvailable:    2392492 kB
Cached:          4343164 kB
SwapFree:        8044916 kB
allocstall_dma 0
allocstall_dma32 0
allocstall_normal 43449
allocstall_movable 28780
allocstall_device 0
pgscan_direct 7297549
pgscan_direct_throttle 0
compact_stall 248699
2026-09-22T03:34:39Z
2463 MHz, 0x0000000000000000, 66, 48.52 W
MemFree:         1100356 kB
MemAvailable:    1945432 kB
Cached:          4427816 kB
SwapFree:        8049668 kB
allocstall_dma 0
allocstall_dma32 0
allocstall_normal 43449
allocstall_movable 28780
allocstall_device 0
pgscan_direct 7297549
pgscan_direct_throttle 0
compact_stall 248699
2026-09-22T03:34:40Z
2411 MHz, 0x0000000000000000, 60, 16.02 W
MemFree:         1104028 kB
MemAvailable:    1728832 kB
Cached:          4428240 kB
SwapFree:        8053032 kB
allocstall_dma 0
allocstall_dma32 0
allocstall_normal 43449
allocstall_movable 28780
allocstall_device 0
pgscan_direct 7297549
pgscan_direct_throttle 0
compact_stall 248699
2026-09-22T03:34:42Z
2405 MHz, 0x0000000000000000, 60, 16.01 W
MemFree:         1089652 kB
MemAvailable:    1714572 kB
Cached:          4428396 kB
SwapFree:        8085664 kB
allocstall_dma 0
allocstall_dma32 0
allocstall_normal 43449
allocstall_movable 28780
allocstall_device 0
pgscan_direct 7297549
pgscan_direct_throttle 0
compact_stall 248699
2026-09-22T03:34:43Z
2405 MHz, 0x0000000000000000, 59, 15.27 W
MemFree:         1046840 kB
MemAvailable:    1671760 kB
Cached:          4428396 kB
SwapFree:        8138536 kB
allocstall_dma 0
allocstall_dma32 0
allocstall_normal 43449
allocstall_movable 28780
allocstall_device 0
pgscan_direct 7297549
pgscan_direct_throttle 0
compact_stall 248699
2026-09-22T03:34:44Z
2405 MHz, 0x0000000000000000, 59, 16.84 W
MemFree:         1022916 kB
MemAvailable:    1647868 kB
Cached:          4428464 kB
SwapFree:        8152004 kB
allocstall_dma 0
allocstall_dma32 0
allocstall_normal 43449
allocstall_movable 28780
allocstall_device 0
pgscan_direct 7297549
pgscan_direct_throttle 0
compact_stall 248699
2026-09-22T03:34:45Z
2405 MHz, 0x0000000000000000, 58, 16.69 W
MemFree:         1068068 kB
MemAvailable:    1691544 kB
Cached:          4425304 kB
SwapFree:        8161328 kB
allocstall_dma 0
allocstall_dma32 0
allocstall_normal 43449
allocstall_movable 28784
allocstall_device 0
pgscan_direct 7298640
pgscan_direct_throttle 0
compact_stall 248699
2026-09-22T03:34:46Z
2405 MHz, 0x0000000000000000, 58, 16.52 W
MemFree:         1197260 kB
MemAvailable:    1807208 kB
Cached:          4400256 kB
SwapFree:        7968160 kB
allocstall_dma 0
allocstall_dma32 0
allocstall_normal 43449
allocstall_movable 28784
allocstall_device 0
pgscan_direct 7298640
pgscan_direct_throttle 0
compact_stall 248699
2026-09-22T03:34:47Z
2405 MHz, 0x0000000000000000, 58, 15.31 W
MemFree:         1143248 kB
MemAvailable:    1758904 kB
Cached:          4410848 kB
SwapFree:        8044484 kB
allocstall_dma 0
allocstall_dma32 0
allocstall_normal 43449
allocstall_movable 28784
allocstall_device 0
pgscan_direct 7298640
pgscan_direct_throttle 0
compact_stall 248699
2026-09-22T03:34:48Z
2405 MHz, 0x0000000000000000, 58, 15.53 W
MemFree:         2153496 kB
MemAvailable:    3429696 kB
Cached:          4433156 kB
SwapFree:        8470672 kB
allocstall_dma 0
allocstall_dma32 0
allocstall_normal 43449
allocstall_movable 28784
allocstall_device 0
pgscan_direct 7298640
pgscan_direct_throttle 0
compact_stall 248699
2026-09-22T03:34:49Z
2405 MHz, 0x0000000000000000, 58, 15.00 W
MemFree:         8781668 kB
MemAvailable:   10057836 kB
Cached:          4433156 kB
SwapFree:       10675120 kB
allocstall_dma 0
allocstall_dma32 0
allocstall_normal 43449
allocstall_movable 28784
allocstall_device 0
pgscan_direct 7298640
pgscan_direct_throttle 0
compact_stall 248699
2026-09-22T03:34:50Z
2405 MHz, 0x0000000000000000, 58, 14.93 W
MemFree:         9333088 kB
MemAvailable:   10609232 kB
Cached:          4433156 kB
SwapFree:       10904888 kB
allocstall_dma 0
allocstall_dma32 0
allocstall_normal 43449
allocstall_movable 28784
allocstall_device 0
pgscan_direct 7298640
pgscan_direct_throttle 0
compact_stall 248699
2026-09-22T03:34:51Z
2405 MHz, 0x0000000000000000, 57, 14.86 W
MemFree:         9894408 kB
MemAvailable:   11170508 kB
Cached:          4433136 kB
SwapFree:       11104036 kB
allocstall_dma 0
allocstall_dma32 0
allocstall_normal 43449
allocstall_movable 28784
allocstall_device 0
pgscan_direct 7298640
pgscan_direct_throttle 0
compact_stall 248699
2026-09-22T03:34:52Z
2405 MHz, 0x0000000000000000, 57, 14.84 W
MemFree:         9876052 kB
MemAvailable:   11152164 kB
Cached:          4433264 kB
SwapFree:       11106356 kB
allocstall_dma 0
allocstall_dma32 0
allocstall_normal 43449
allocstall_movable 28784
allocstall_device 0
pgscan_direct 7298640
pgscan_direct_throttle 0
compact_stall 248699
2026-09-22T03:34:53Z
2405 MHz, 0x0000000000000000, 57, 14.82 W
MemFree:         9859108 kB
MemAvailable:   11135220 kB
Cached:          4433264 kB
SwapFree:       11106908 kB
allocstall_dma 0
allocstall_dma32 0
allocstall_normal 43449
allocstall_movable 28784
allocstall_device 0
pgscan_direct 7298640
pgscan_direct_throttle 0
compact_stall 248699
2026-09-22T03:34:54Z
2405 MHz, 0x0000000000000000, 57, 14.76 W
MemFree:         9827876 kB
MemAvailable:   11103988 kB
Cached:          4433264 kB
SwapFree:       11106908 kB
allocstall_dma 0
allocstall_dma32 0
allocstall_normal 43449
allocstall_movable 28784
allocstall_device 0
pgscan_direct 7298640
pgscan_direct_throttle 0
compact_stall 248699
2026-09-22T03:34:55Z
2405 MHz, 0x0000000000000000, 56, 14.72 W
MemFree:         9807000 kB
MemAvailable:   11083112 kB
Cached:          4433264 kB
SwapFree:       11106908 kB
allocstall_dma 0
allocstall_dma32 0
allocstall_normal 43449
allocstall_movable 28784
allocstall_device 0
pgscan_direct 7298640
pgscan_direct_throttle 0
compact_stall 248699
2026-09-22T03:34:56Z
2405 MHz, 0x0000000000000000, 56, 14.67 W
MemFree:         9769344 kB
MemAvailable:   11045456 kB
Cached:          4433264 kB
SwapFree:       11106908 kB
allocstall_dma 0
allocstall_dma32 0
allocstall_normal 43449
allocstall_movable 28784
allocstall_device 0
pgscan_direct 7298640
pgscan_direct_throttle 0
compact_stall 248699
2026-09-22T03:34:57Z
2405 MHz, 0x0000000000000000, 56, 14.63 W
MemFree:         9719280 kB
MemAvailable:   10995508 kB
Cached:          4433264 kB
SwapFree:       11106908 kB
allocstall_dma 0
allocstall_dma32 0
allocstall_normal 43449
allocstall_movable 28784
allocstall_device 0
pgscan_direct 7298640
pgscan_direct_throttle 0
compact_stall 248699
2026-09-22T03:34:58Z
2405 MHz, 0x0000000000000000, 56, 14.60 W
MemFree:         9700420 kB
MemAvailable:   10976648 kB
Cached:          4433264 kB
SwapFree:       11106908 kB
allocstall_dma 0
allocstall_dma32 0
allocstall_normal 43449
allocstall_movable 28784
allocstall_device 0
pgscan_direct 7298640
pgscan_direct_throttle 0
compact_stall 248699
2026-09-22T03:34:59Z
2405 MHz, 0x0000000000000000, 56, 14.60 W
MemFree:         9665344 kB
MemAvailable:   10941572 kB
Cached:          4433264 kB
SwapFree:       11106908 kB
allocstall_dma 0
allocstall_dma32 0
allocstall_normal 43449
allocstall_movable 28784
allocstall_device 0
pgscan_direct 7298640
pgscan_direct_throttle 0
compact_stall 248699
2026-09-22T03:35:00Z
2405 MHz, 0x0000000000000000, 56, 14.59 W
MemFree:         9636796 kB
MemAvailable:   10913024 kB
Cached:          4433264 kB
SwapFree:       11106908 kB
allocstall_dma 0
allocstall_dma32 0
allocstall_normal 43449
allocstall_movable 28784
allocstall_device 0
pgscan_direct 7298640
pgscan_direct_throttle 0
compact_stall 248699
2026-09-22T03:35:01Z
2405 MHz, 0x0000000000000000, 55, 14.49 W
MemFree:         9605940 kB
MemAvailable:   10882208 kB
Cached:          4433396 kB
SwapFree:       11106908 kB
allocstall_dma 0
allocstall_dma32 0
allocstall_normal 43449
allocstall_movable 28784
allocstall_device 0
pgscan_direct 7298640
pgscan_direct_throttle 0
compact_stall 248699
2026-09-22T03:35:02Z
2405 MHz, 0x0000000000000000, 55, 14.50 W
MemFree:         9582836 kB
MemAvailable:   10859104 kB
Cached:          4433396 kB
SwapFree:       11106908 kB
allocstall_dma 0
allocstall_dma32 0
allocstall_normal 43449
allocstall_movable 28784
allocstall_device 0
pgscan_direct 7298640
pgscan_direct_throttle 0
compact_stall 248699
2026-09-22T03:35:03Z
2405 MHz, 0x0000000000000000, 55, 14.48 W
MemFree:         9556380 kB
MemAvailable:   10832648 kB
Cached:          4433396 kB
SwapFree:       11106908 kB
allocstall_dma 0
allocstall_dma32 0
allocstall_normal 43449
allocstall_movable 28784
allocstall_device 0
pgscan_direct 7298640
pgscan_direct_throttle 0
compact_stall 248699
2026-09-22T03:35:04Z
2405 MHz, 0x0000000000000000, 55, 14.44 W
MemFree:         9522256 kB
MemAvailable:   10800080 kB
Cached:          4435396 kB
SwapFree:       11106908 kB
allocstall_dma 0
allocstall_dma32 0
allocstall_normal 43449
allocstall_movable 28784
allocstall_device 0
pgscan_direct 7298640
pgscan_direct_throttle 0
compact_stall 248699
2026-09-22T03:35:05Z
2405 MHz, 0x0000000000000000, 55, 14.48 W
MemFree:         9471972 kB
MemAvailable:   10754948 kB
Cached:          4440104 kB
SwapFree:       11106908 kB
allocstall_dma 0
allocstall_dma32 0
allocstall_normal 43449
allocstall_movable 28784
allocstall_device 0
pgscan_direct 7298640
pgscan_direct_throttle 0
compact_stall 248699
2026-09-22T03:35:06Z
2405 MHz, 0x0000000000000000, 55, 14.45 W
MemFree:         9390152 kB
MemAvailable:   10674228 kB
Cached:          4441204 kB
SwapFree:       11106908 kB
allocstall_dma 0
allocstall_dma32 0
allocstall_normal 43449
allocstall_movable 28784
allocstall_device 0
pgscan_direct 7298640
pgscan_direct_throttle 0
compact_stall 248699
2026-09-22T03:35:07Z
2405 MHz, 0x0000000000000000, 55, 14.37 W
MemFree:         9348712 kB
MemAvailable:   10632892 kB
Cached:          4441204 kB
SwapFree:       11106908 kB
allocstall_dma 0
allocstall_dma32 0
allocstall_normal 43449
allocstall_movable 28784
allocstall_device 0
pgscan_direct 7298640
pgscan_direct_throttle 0
compact_stall 248699
2026-09-22T03:35:08Z
2405 MHz, 0x0000000000000000, 55, 14.34 W
MemFree:         9290480 kB
MemAvailable:   10574660 kB
Cached:          4441204 kB
SwapFree:       11106908 kB
allocstall_dma 0
allocstall_dma32 0
allocstall_normal 43449
allocstall_movable 28784
allocstall_device 0
pgscan_direct 7298640
pgscan_direct_throttle 0
compact_stall 248699
2026-09-22T03:35:09Z
2405 MHz, 0x0000000000000000, 55, 14.45 W
MemFree:         9289720 kB
MemAvailable:   10574172 kB
Cached:          4441476 kB
SwapFree:       11107796 kB
allocstall_dma 0
allocstall_dma32 0
allocstall_normal 43449
allocstall_movable 28784
allocstall_device 0
pgscan_direct 7298640
pgscan_direct_throttle 0
compact_stall 248699
2026-09-22T03:35:10Z
2405 MHz, 0x0000000000000000, 55, 14.82 W
MemFree:        10645732 kB
MemAvailable:   11955132 kB
Cached:          4464676 kB
SwapFree:       11108904 kB
allocstall_dma 0
allocstall_dma32 0
allocstall_normal 43449
allocstall_movable 28784
allocstall_device 0
pgscan_direct 7298640
pgscan_direct_throttle 0
compact_stall 248699
2026-09-22T03:35:11Z
2424 MHz, 0x0000000000000000, 56, 17.00 W
MemFree:        10565108 kB
MemAvailable:   11890168 kB
Cached:          4480788 kB
SwapFree:       11114392 kB
allocstall_dma 0
allocstall_dma32 0
allocstall_normal 43449
allocstall_movable 28784
allocstall_device 0
pgscan_direct 7298640
pgscan_direct_throttle 0
compact_stall 248699
2026-09-22T03:35:12Z
2444 MHz, 0x0000000000000000, 56, 19.48 W
MemFree:        10518836 kB
MemAvailable:   11844340 kB
Cached:          4481236 kB
SwapFree:       11133448 kB
allocstall_dma 0
allocstall_dma32 0
allocstall_normal 43449
allocstall_movable 28784
allocstall_device 0
pgscan_direct 7298640
pgscan_direct_throttle 0
compact_stall 248699
2026-09-22T03:35:14Z
2450 MHz, 0x0000000000000000, 56, 19.14 W
MemFree:        10517984 kB
MemAvailable:   11843484 kB
Cached:          4481740 kB
SwapFree:       11155216 kB
allocstall_dma 0
allocstall_dma32 0
allocstall_normal 43449
allocstall_movable 28784
allocstall_device 0
pgscan_direct 7298640
pgscan_direct_throttle 0
compact_stall 248699
2026-09-22T03:35:15Z
2437 MHz, 0x0000000000000000, 55, 18.64 W
MemFree:        10411864 kB
MemAvailable:   11737956 kB
Cached:          4481828 kB
SwapFree:       11182964 kB
allocstall_dma 0
allocstall_dma32 0
allocstall_normal 43449
allocstall_movable 28784
allocstall_device 0
pgscan_direct 7298640
pgscan_direct_throttle 0
compact_stall 248699
2026-09-22T03:35:16Z
2450 MHz, 0x0000000000000000, 55, 16.23 W
MemFree:        10269240 kB
MemAvailable:   11613920 kB
Cached:          4500508 kB
SwapFree:       11185364 kB
allocstall_dma 0
allocstall_dma32 0
allocstall_normal 43449
allocstall_movable 28784
allocstall_device 0
pgscan_direct 7298640
pgscan_direct_throttle 0
compact_stall 248699
2026-09-22T03:35:17Z
2405 MHz, 0x0000000000000000, 55, 16.99 W
MemFree:        10173048 kB
MemAvailable:   11528976 kB
Cached:          4511312 kB
SwapFree:       11186180 kB
allocstall_dma 0
allocstall_dma32 0
allocstall_normal 43449
allocstall_movable 28784
allocstall_device 0
pgscan_direct 7298640
pgscan_direct_throttle 0
compact_stall 248699
2026-09-22T03:35:18Z
2405 MHz, 0x0000000000000000, 55, 16.18 W
MemFree:        10074268 kB
MemAvailable:   11441260 kB
Cached:          4522372 kB
SwapFree:       11187256 kB
allocstall_dma 0
allocstall_dma32 0
allocstall_normal 43449
allocstall_movable 28784
allocstall_device 0
pgscan_direct 7298640
pgscan_direct_throttle 0
compact_stall 248699
2026-09-22T03:35:19Z
2470 MHz, 0x0000000000000000, 55, 16.11 W
MemFree:        10089940 kB
MemAvailable:   11459092 kB
Cached:          4524516 kB
SwapFree:       11189372 kB
allocstall_dma 0
allocstall_dma32 0
allocstall_normal 43449
allocstall_movable 28784
allocstall_device 0
pgscan_direct 7298640
pgscan_direct_throttle 0
compact_stall 248699
2026-09-22T03:35:20Z
2405 MHz, 0x0000000000000000, 55, 16.91 W
MemFree:        10078468 kB
MemAvailable:   11448300 kB
Cached:          4525196 kB
SwapFree:       11189472 kB
allocstall_dma 0
allocstall_dma32 0
allocstall_normal 43449
allocstall_movable 28784
allocstall_device 0
pgscan_direct 7298640
pgscan_direct_throttle 0
compact_stall 248699
2026-09-22T03:35:21Z
2405 MHz, 0x0000000000000000, 55, 14.46 W
MemFree:        10083176 kB
MemAvailable:   11455912 kB
Cached:          4528096 kB
SwapFree:       11193900 kB
allocstall_dma 0
allocstall_dma32 0
allocstall_normal 43449
allocstall_movable 28784
allocstall_device 0
pgscan_direct 7298640
pgscan_direct_throttle 0
compact_stall 248699
2026-09-22T03:35:22Z
2470 MHz, 0x0000000000000000, 55, 17.75 W
MemFree:        10016940 kB
MemAvailable:   11396240 kB
Cached:          4534548 kB
SwapFree:       11193944 kB
allocstall_dma 0
allocstall_dma32 0
allocstall_normal 43449
allocstall_movable 28784
allocstall_device 0
pgscan_direct 7298640
pgscan_direct_throttle 0
compact_stall 248699
2026-09-22T03:35:23Z
2431 MHz, 0x0000000000000000, 55, 17.42 W
MemFree:        10038700 kB
MemAvailable:   11419908 kB
Cached:          4536444 kB
SwapFree:       11193972 kB
allocstall_dma 0
allocstall_dma32 0
allocstall_normal 43449
allocstall_movable 28784
allocstall_device 0
pgscan_direct 7298640
pgscan_direct_throttle 0
compact_stall 248699
2026-09-22T03:35:24Z
2405 MHz, 0x0000000000000000, 55, 14.48 W
MemFree:        10032740 kB
MemAvailable:   11417280 kB
Cached:          4539800 kB
SwapFree:       11193972 kB
allocstall_dma 0
allocstall_dma32 0
allocstall_normal 43449
allocstall_movable 28784
allocstall_device 0
pgscan_direct 7298640
pgscan_direct_throttle 0
compact_stall 248699
2026-09-22T03:35:25Z
2405 MHz, 0x0000000000000000, 55, 14.56 W
MemFree:        10038332 kB
MemAvailable:   11423412 kB
Cached:          4540336 kB
SwapFree:       11193972 kB
allocstall_dma 0
allocstall_dma32 0
allocstall_normal 43449
allocstall_movable 28784
allocstall_device 0
pgscan_direct 7298640
pgscan_direct_throttle 0
compact_stall 248699
2026-09-22T03:35:26Z
2405 MHz, 0x0000000000000000, 55, 14.52 W
MemFree:         9942028 kB
MemAvailable:   11329664 kB
Cached:          4542836 kB
SwapFree:       11194920 kB
allocstall_dma 0
allocstall_dma32 0
allocstall_normal 43449
allocstall_movable 28784
allocstall_device 0
pgscan_direct 7298640
pgscan_direct_throttle 0
compact_stall 248699
2026-09-22T03:35:27Z
2405 MHz, 0x0000000000000000, 55, 14.59 W
MemFree:         9947124 kB
MemAvailable:   11336252 kB
Cached:          4544312 kB
SwapFree:       11194920 kB
allocstall_dma 0
allocstall_dma32 0
allocstall_normal 43449
allocstall_movable 28784
allocstall_device 0
pgscan_direct 7298640
pgscan_direct_throttle 0
compact_stall 248699
2026-09-22T03:35:28Z
2405 MHz, 0x0000000000000000, 55, 14.50 W
MemFree:         9884456 kB
MemAvailable:   11329536 kB
Cached:          4599944 kB
SwapFree:       11195012 kB
allocstall_dma 0
allocstall_dma32 0
allocstall_normal 43449
allocstall_movable 28784
allocstall_device 0
pgscan_direct 7298640
pgscan_direct_throttle 0
compact_stall 248699
2026-09-22T03:35:29Z
2405 MHz, 0x0000000000000000, 55, 14.47 W
MemFree:         9887928 kB
MemAvailable:   11353660 kB
Cached:          4619016 kB
SwapFree:       11195148 kB
allocstall_dma 0
allocstall_dma32 0
allocstall_normal 43449
allocstall_movable 28784
allocstall_device 0
pgscan_direct 7298640
pgscan_direct_throttle 0
compact_stall 248699
2026-09-22T03:35:30Z
2405 MHz, 0x0000000000000000, 55, 14.47 W
MemFree:         9900048 kB
MemAvailable:   11369456 kB
Cached:          4621988 kB
SwapFree:       11195304 kB
allocstall_dma 0
allocstall_dma32 0
allocstall_normal 43449
allocstall_movable 28784
allocstall_device 0
pgscan_direct 7298640
pgscan_direct_throttle 0
compact_stall 248699
2026-09-22T03:35:31Z
2405 MHz, 0x0000000000000000, 55, 14.47 W
MemFree:         9765048 kB
MemAvailable:   11251744 kB
Cached:          4639076 kB
SwapFree:       11195652 kB
allocstall_dma 0
allocstall_dma32 0
allocstall_normal 43449
allocstall_movable 28784
allocstall_device 0
pgscan_direct 7298640
pgscan_direct_throttle 0
compact_stall 248699
2026-09-22T03:35:32Z
2405 MHz, 0x0000000000000000, 54, 14.49 W
MemFree:         9668528 kB
MemAvailable:   11156476 kB
Cached:          4640280 kB
SwapFree:       11195904 kB
allocstall_dma 0
allocstall_dma32 0
allocstall_normal 43449
allocstall_movable 28784
allocstall_device 0
pgscan_direct 7298640
pgscan_direct_throttle 0
compact_stall 248699
2026-09-22T03:35:33Z
2405 MHz, 0x0000000000000000, 54, 14.42 W
MemFree:         9675828 kB
MemAvailable:   11163832 kB
Cached:          4640276 kB
SwapFree:       11196144 kB
allocstall_dma 0
allocstall_dma32 0
allocstall_normal 43449
allocstall_movable 28784
allocstall_device 0
pgscan_direct 7298640
pgscan_direct_throttle 0
compact_stall 248699
2026-09-22T03:35:34Z
2405 MHz, 0x0000000000000000, 54, 14.42 W
MemFree:         9660640 kB
MemAvailable:   11150192 kB
Cached:          4641712 kB
SwapFree:       11196728 kB
allocstall_dma 0
allocstall_dma32 0
allocstall_normal 43449
allocstall_movable 28784
allocstall_device 0
pgscan_direct 7298640
pgscan_direct_throttle 0
compact_stall 248699
2026-09-22T03:35:35Z
2405 MHz, 0x0000000000000000, 54, 14.41 W
MemFree:         9619544 kB
MemAvailable:   11111600 kB
Cached:          4644664 kB
SwapFree:       11196868 kB
allocstall_dma 0
allocstall_dma32 0
allocstall_normal 43449
allocstall_movable 28784
allocstall_device 0
pgscan_direct 7298640
pgscan_direct_throttle 0
compact_stall 248699
2026-09-22T03:35:36Z
2405 MHz, 0x0000000000000000, 54, 14.40 W
MemFree:         9470748 kB
MemAvailable:   10970692 kB
Cached:          4651588 kB
SwapFree:       11197052 kB
allocstall_dma 0
allocstall_dma32 0
allocstall_normal 43449
allocstall_movable 28784
allocstall_device 0
pgscan_direct 7298640
pgscan_direct_throttle 0
compact_stall 248699
2026-09-22T03:35:37Z
2405 MHz, 0x0000000000000000, 54, 14.36 W
MemFree:         9288560 kB
MemAvailable:   10788508 kB
Cached:          4651592 kB
SwapFree:       11197060 kB
allocstall_dma 0
allocstall_dma32 0
allocstall_normal 43449
allocstall_movable 28784
allocstall_device 0
pgscan_direct 7298640
pgscan_direct_throttle 0
compact_stall 248699
2026-09-22T03:35:38Z
2405 MHz, 0x0000000000000000, 54, 14.39 W
MemFree:         9276344 kB
MemAvailable:   10776324 kB
Cached:          4651592 kB
SwapFree:       11197060 kB
allocstall_dma 0
allocstall_dma32 0
allocstall_normal 43449
allocstall_movable 28784
allocstall_device 0
pgscan_direct 7298640
pgscan_direct_throttle 0
compact_stall 248699
2026-09-22T03:35:39Z
2405 MHz, 0x0000000000000000, 54, 14.36 W
MemFree:         9186552 kB
MemAvailable:   10686532 kB
Cached:          4651592 kB
SwapFree:       11197064 kB
allocstall_dma 0
allocstall_dma32 0
allocstall_normal 43449
allocstall_movable 28784
allocstall_device 0
pgscan_direct 7298640
pgscan_direct_throttle 0
compact_stall 248699
2026-09-22T03:35:40Z
2405 MHz, 0x0000000000000000, 54, 14.40 W
MemFree:         9102156 kB
MemAvailable:   10602136 kB
Cached:          4651592 kB
SwapFree:       11197064 kB
allocstall_dma 0
allocstall_dma32 0
allocstall_normal 43449
allocstall_movable 28784
allocstall_device 0
pgscan_direct 7298640
pgscan_direct_throttle 0
compact_stall 248699
2026-09-22T03:35:41Z
2405 MHz, 0x0000000000000000, 54, 14.36 W
MemFree:         9071680 kB
MemAvailable:   10585400 kB
Cached:          4665616 kB
SwapFree:       11197064 kB
allocstall_dma 0
allocstall_dma32 0
allocstall_normal 43449
allocstall_movable 28784
allocstall_device 0
pgscan_direct 7298640
pgscan_direct_throttle 0
compact_stall 248699
2026-09-22T03:35:42Z
2405 MHz, 0x0000000000000000, 54, 14.37 W
MemFree:         9043820 kB
MemAvailable:   10567180 kB
Cached:          4674816 kB
SwapFree:       11197064 kB
allocstall_dma 0
allocstall_dma32 0
allocstall_normal 43449
allocstall_movable 28784
allocstall_device 0
pgscan_direct 7298640
pgscan_direct_throttle 0
compact_stall 248699
2026-09-22T03:35:43Z
2405 MHz, 0x0000000000000000, 54, 14.37 W
MemFree:         8974864 kB
MemAvailable:   10498224 kB
Cached:          4674816 kB
SwapFree:       11197064 kB
allocstall_dma 0
allocstall_dma32 0
allocstall_normal 43449
allocstall_movable 28784
allocstall_device 0
pgscan_direct 7298640
pgscan_direct_throttle 0
compact_stall 248699
2026-09-22T03:35:45Z
2405 MHz, 0x0000000000000000, 54, 14.33 W
MemFree:         8905432 kB
MemAvailable:   10428796 kB
Cached:          4674816 kB
SwapFree:       11197064 kB
allocstall_dma 0
allocstall_dma32 0
allocstall_normal 43449
allocstall_movable 28784
allocstall_device 0
pgscan_direct 7298640
pgscan_direct_throttle 0
compact_stall 248699
2026-09-22T03:35:46Z
2405 MHz, 0x0000000000000000, 54, 14.48 W
MemFree:         8882996 kB
MemAvailable:   10406360 kB
Cached:          4674816 kB
SwapFree:       11197064 kB
allocstall_dma 0
allocstall_dma32 0
allocstall_normal 43449
allocstall_movable 28784
allocstall_device 0
pgscan_direct 7298640
pgscan_direct_throttle 0
compact_stall 248699
2026-09-22T03:35:47Z
2405 MHz, 0x0000000000000000, 54, 14.53 W
MemFree:         8858080 kB
MemAvailable:   10381452 kB
Cached:          4674816 kB
SwapFree:       11197064 kB
allocstall_dma 0
allocstall_dma32 0
allocstall_normal 43449
allocstall_movable 28784
allocstall_device 0
pgscan_direct 7298640
pgscan_direct_throttle 0
compact_stall 248699
2026-09-22T03:35:48Z
2405 MHz, 0x0000000000000000, 54, 14.29 W
MemFree:         8799696 kB
MemAvailable:   10323068 kB
Cached:          4674816 kB
SwapFree:       11197064 kB
allocstall_dma 0
allocstall_dma32 0
allocstall_normal 43449
allocstall_movable 28784
allocstall_device 0
pgscan_direct 7298640
pgscan_direct_throttle 0
compact_stall 248699
2026-09-22T03:35:49Z
2405 MHz, 0x0000000000000000, 54, 14.30 W
MemFree:         8775756 kB
MemAvailable:   10300824 kB
Cached:          4676488 kB
SwapFree:       11197432 kB
allocstall_dma 0
allocstall_dma32 0
allocstall_normal 43449
allocstall_movable 28784
allocstall_device 0
pgscan_direct 7298640
pgscan_direct_throttle 0
compact_stall 248699
2026-09-22T03:35:50Z
2405 MHz, 0x0000000000000000, 54, 14.28 W
MemFree:         8761336 kB
MemAvailable:   10287316 kB
Cached:          4677092 kB
SwapFree:       11198856 kB
allocstall_dma 0
allocstall_dma32 0
allocstall_normal 43449
allocstall_movable 28784
allocstall_device 0
pgscan_direct 7298640
pgscan_direct_throttle 0
compact_stall 248699
2026-09-22T03:35:51Z
2405 MHz, 0x0000000000000000, 54, 14.30 W
MemFree:         8704064 kB
MemAvailable:   10230476 kB
Cached:          4677452 kB
SwapFree:       11200752 kB
allocstall_dma 0
allocstall_dma32 0
allocstall_normal 43449
allocstall_movable 28784
allocstall_device 0
pgscan_direct 7298640
pgscan_direct_throttle 0
compact_stall 248699
2026-09-22T03:35:52Z
2405 MHz, 0x0000000000000000, 54, 14.34 W
MemFree:         8655828 kB
MemAvailable:   10182264 kB
Cached:          4677452 kB
SwapFree:       11224312 kB
allocstall_dma 0
allocstall_dma32 0
allocstall_normal 43449
allocstall_movable 28784
allocstall_device 0
pgscan_direct 7298640
pgscan_direct_throttle 0
compact_stall 248699
2026-09-22T03:35:53Z
2405 MHz, 0x0000000000000000, 54, 14.37 W
MemFree:         8627948 kB
MemAvailable:   10154384 kB
Cached:          4677452 kB
SwapFree:       11224312 kB
allocstall_dma 0
allocstall_dma32 0
allocstall_normal 43449
allocstall_movable 28784
allocstall_device 0
pgscan_direct 7298640
pgscan_direct_throttle 0
compact_stall 248699
2026-09-22T03:35:54Z
2405 MHz, 0x0000000000000000, 53, 14.32 W
MemFree:         8579936 kB
MemAvailable:   10106372 kB
Cached:          4677452 kB
SwapFree:       11224312 kB
allocstall_dma 0
allocstall_dma32 0
allocstall_normal 43449
allocstall_movable 28784
allocstall_device 0
pgscan_direct 7298640
pgscan_direct_throttle 0
compact_stall 248699
2026-09-22T03:35:55Z
2405 MHz, 0x0000000000000000, 53, 14.25 W
MemFree:         8578108 kB
MemAvailable:   10104856 kB
Cached:          4677764 kB
SwapFree:       11273744 kB
allocstall_dma 0
allocstall_dma32 0
allocstall_normal 43449
allocstall_movable 28784
allocstall_device 0
pgscan_direct 7298640
pgscan_direct_throttle 0
compact_stall 248699
2026-09-22T03:35:56Z
2405 MHz, 0x0000000000000000, 53, 14.29 W
MemFree:         8568992 kB
MemAvailable:   10096476 kB
Cached:          4678464 kB
SwapFree:       11275200 kB
allocstall_dma 0
allocstall_dma32 0
allocstall_normal 43449
allocstall_movable 28784
allocstall_device 0
pgscan_direct 7298640
pgscan_direct_throttle 0
compact_stall 248699
2026-09-22T03:35:57Z
2405 MHz, 0x0000000000000000, 53, 14.29 W
MemFree:         8543436 kB
MemAvailable:   10071624 kB
Cached:          4679116 kB
SwapFree:       11276276 kB
allocstall_dma 0
allocstall_dma32 0
allocstall_normal 43449
allocstall_movable 28784
allocstall_device 0
pgscan_direct 7298640
pgscan_direct_throttle 0
compact_stall 248699
2026-09-22T03:35:58Z
2405 MHz, 0x0000000000000000, 53, 14.32 W
MemFree:         8457224 kB
MemAvailable:    9985768 kB
Cached:          4679356 kB
SwapFree:       11342368 kB
allocstall_dma 0
allocstall_dma32 0
allocstall_normal 43449
allocstall_movable 28784
allocstall_device 0
pgscan_direct 7298640
pgscan_direct_throttle 0
compact_stall 248699
2026-09-22T03:35:59Z
2405 MHz, 0x0000000000000000, 53, 14.32 W
MemFree:         8335472 kB
MemAvailable:    9864172 kB
Cached:          4679476 kB
SwapFree:       11374184 kB
allocstall_dma 0
allocstall_dma32 0
allocstall_normal 43449
allocstall_movable 28784
allocstall_device 0
pgscan_direct 7298640
pgscan_direct_throttle 0
compact_stall 248699
2026-09-22T03:36:00Z
2405 MHz, 0x0000000000000000, 53, 14.25 W
MemFree:         8329712 kB
MemAvailable:    9858716 kB
Cached:          4679780 kB
SwapFree:       11390216 kB
allocstall_dma 0
allocstall_dma32 0
allocstall_normal 43449
allocstall_movable 28784
allocstall_device 0
pgscan_direct 7298640
pgscan_direct_throttle 0
compact_stall 248699
2026-09-22T03:36:01Z
2405 MHz, 0x0000000000000000, 53, 14.27 W
MemFree:         8306488 kB
MemAvailable:    9835572 kB
Cached:          4679780 kB
SwapFree:       11391992 kB
allocstall_dma 0
allocstall_dma32 0
allocstall_normal 43449
allocstall_movable 28784
allocstall_device 0
pgscan_direct 7298640
pgscan_direct_throttle 0
compact_stall 248699
2026-09-22T03:36:02Z
2405 MHz, 0x0000000000000000, 53, 14.21 W
MemFree:         8281748 kB
MemAvailable:    9810828 kB
Cached:          4679780 kB
SwapFree:       11393436 kB
allocstall_dma 0
allocstall_dma32 0
allocstall_normal 43449
allocstall_movable 28784
allocstall_device 0
pgscan_direct 7298640
pgscan_direct_throttle 0
compact_stall 248699
2026-09-22T03:36:03Z
2405 MHz, 0x0000000000000000, 53, 14.19 W
MemFree:         8133464 kB
MemAvailable:    9662544 kB
Cached:          4679780 kB
SwapFree:       11448740 kB
allocstall_dma 0
allocstall_dma32 0
allocstall_normal 43449
allocstall_movable 28784
allocstall_device 0
pgscan_direct 7298640
pgscan_direct_throttle 0
compact_stall 248699
2026-09-22T03:36:04Z
2405 MHz, 0x0000000000000000, 53, 14.22 W
MemFree:         8076752 kB
MemAvailable:    9605832 kB
Cached:          4679780 kB
SwapFree:       11448740 kB
allocstall_dma 0
allocstall_dma32 0
allocstall_normal 43449
allocstall_movable 28784
allocstall_device 0
pgscan_direct 7298640
pgscan_direct_throttle 0
compact_stall 248699
2026-09-22T03:36:05Z
2405 MHz, 0x0000000000000000, 53, 14.26 W
MemFree:         7986888 kB
MemAvailable:    9515968 kB
Cached:          4679780 kB
SwapFree:       11448740 kB
allocstall_dma 0
allocstall_dma32 0
allocstall_normal 43449
allocstall_movable 28784
allocstall_device 0
pgscan_direct 7298640
pgscan_direct_throttle 0
compact_stall 248699
2026-09-22T03:36:06Z
2405 MHz, 0x0000000000000000, 53, 14.23 W
MemFree:         7928020 kB
MemAvailable:    9457100 kB
Cached:          4679780 kB
SwapFree:       11449480 kB
allocstall_dma 0
allocstall_dma32 0
allocstall_normal 43449
allocstall_movable 28784
allocstall_device 0
pgscan_direct 7298640
pgscan_direct_throttle 0
compact_stall 248699
2026-09-22T03:36:07Z
2405 MHz, 0x0000000000000000, 53, 14.25 W
MemFree:         7794612 kB
MemAvailable:    9323700 kB
Cached:          4679780 kB
SwapFree:       11449484 kB
allocstall_dma 0
allocstall_dma32 0
allocstall_normal 43449
allocstall_movable 28784
allocstall_device 0
pgscan_direct 7298640
pgscan_direct_throttle 0
compact_stall 248699
2026-09-22T03:36:08Z
2405 MHz, 0x0000000000000000, 53, 14.22 W
MemFree:         7688020 kB
MemAvailable:    9217108 kB
Cached:          4679780 kB
SwapFree:       11449484 kB
allocstall_dma 0
allocstall_dma32 0
allocstall_normal 43449
allocstall_movable 28784
allocstall_device 0
pgscan_direct 7298640
pgscan_direct_throttle 0
compact_stall 248699
2026-09-22T03:36:09Z
2405 MHz, 0x0000000000000000, 53, 14.18 W
MemFree:         7494660 kB
MemAvailable:    9023748 kB
Cached:          4679780 kB
SwapFree:       11449484 kB
allocstall_dma 0
allocstall_dma32 0
allocstall_normal 43449
allocstall_movable 28784
allocstall_device 0
pgscan_direct 7298640
pgscan_direct_throttle 0
compact_stall 248699
2026-09-22T03:36:10Z
2405 MHz, 0x0000000000000000, 53, 14.17 W
MemFree:         7501236 kB
MemAvailable:    9030324 kB
Cached:          4679780 kB
SwapFree:       11449484 kB
allocstall_dma 0
allocstall_dma32 0
allocstall_normal 43449
allocstall_movable 28784
allocstall_device 0
pgscan_direct 7298640
pgscan_direct_throttle 0
compact_stall 248699
2026-09-22T03:36:11Z
2405 MHz, 0x0000000000000000, 53, 14.29 W
MemFree:         7520012 kB
MemAvailable:    9049100 kB
Cached:          4679780 kB
SwapFree:       11449484 kB
allocstall_dma 0
allocstall_dma32 0
allocstall_normal 43449
allocstall_movable 28784
allocstall_device 0
pgscan_direct 7298640
pgscan_direct_throttle 0
compact_stall 248699
2026-09-22T03:36:12Z
2405 MHz, 0x0000000000000000, 53, 14.31 W
MemFree:         7504436 kB
MemAvailable:    9033524 kB
Cached:          4679780 kB
SwapFree:       11449484 kB
allocstall_dma 0
allocstall_dma32 0
allocstall_normal 43449
allocstall_movable 28784
allocstall_device 0
pgscan_direct 7298640
pgscan_direct_throttle 0
compact_stall 248699
2026-09-22T03:36:13Z
2405 MHz, 0x0000000000000000, 54, 14.32 W
MemFree:         7524820 kB
MemAvailable:    9053908 kB
Cached:          4679780 kB
SwapFree:       11449484 kB
allocstall_dma 0
allocstall_dma32 0
allocstall_normal 43449
allocstall_movable 28784
allocstall_device 0
pgscan_direct 7298640
pgscan_direct_throttle 0
compact_stall 248699
2026-09-22T03:36:14Z
2405 MHz, 0x0000000000000000, 54, 15.27 W
MemFree:         7740908 kB
MemAvailable:    9258240 kB
Cached:          4668244 kB
SwapFree:       11449508 kB
allocstall_dma 0
allocstall_dma32 0
allocstall_normal 43449
allocstall_movable 28787
allocstall_device 0
pgscan_direct 7301779
pgscan_direct_throttle 0
compact_stall 248703
2026-09-22T03:36:16Z
2405 MHz, 0x0000000000000000, 54, 15.21 W
MemFree:         7513324 kB
MemAvailable:    8885748 kB
Cached:          4525320 kB
SwapFree:       11435572 kB
allocstall_dma 0
allocstall_dma32 0
allocstall_normal 43449
allocstall_movable 28844
allocstall_device 0
pgscan_direct 7344927
pgscan_direct_throttle 0
compact_stall 248995
2026-09-22T03:36:17Z
2405 MHz, 0x0000000000000000, 54, 15.37 W
MemFree:         7325116 kB
MemAvailable:    8697592 kB
Cached:          4525192 kB
SwapFree:       11430996 kB
allocstall_dma 0
allocstall_dma32 0
allocstall_normal 43449
allocstall_movable 28847
allocstall_device 0
pgscan_direct 7346685
pgscan_direct_throttle 0
compact_stall 249090
2026-09-22T03:36:18Z
2405 MHz, 0x0000000000000000, 54, 15.65 W
MemFree:         7257540 kB
MemAvailable:    8626916 kB
Cached:          4521668 kB
SwapFree:       11378124 kB
allocstall_dma 0
allocstall_dma32 0
allocstall_normal 43449
allocstall_movable 28903
allocstall_device 0
pgscan_direct 7376911
pgscan_direct_throttle 0
compact_stall 249257
2026-09-22T03:36:19Z
2405 MHz, 0x0000000000000000, 54, 15.67 W
MemFree:         7247500 kB
MemAvailable:    8615964 kB
Cached:          4521200 kB
SwapFree:       11366612 kB
allocstall_dma 0
allocstall_dma32 0
allocstall_normal 43449
allocstall_movable 28923
allocstall_device 0
pgscan_direct 7386327
pgscan_direct_throttle 0
compact_stall 249301
2026-09-22T03:36:20Z
2405 MHz, 0x0000000000000000, 54, 15.77 W
MemFree:         7218504 kB
MemAvailable:    8586248 kB
Cached:          4519956 kB
SwapFree:       11348692 kB
allocstall_dma 0
allocstall_dma32 0
allocstall_normal 43449
allocstall_movable 28944
allocstall_device 0
pgscan_direct 7397553
pgscan_direct_throttle 0
compact_stall 249344
2026-09-22T03:36:21Z
2405 MHz, 0x0000000000000000, 54, 15.76 W
MemFree:         7126516 kB
MemAvailable:    8491988 kB
Cached:          4517744 kB
SwapFree:       11340296 kB
allocstall_dma 0
allocstall_dma32 0
allocstall_normal 43449
allocstall_movable 29000
allocstall_device 0
pgscan_direct 7432069
pgscan_direct_throttle 0
compact_stall 249499
2026-09-22T03:36:22Z
2405 MHz, 0x0000000000000000, 54, 15.70 W
MemFree:         7132368 kB
MemAvailable:    8497584 kB
Cached:          4517440 kB
SwapFree:       11340296 kB
allocstall_dma 0
allocstall_dma32 0
allocstall_normal 43449
allocstall_movable 29004
allocstall_device 0
pgscan_direct 7434019
pgscan_direct_throttle 0
compact_stall 249508
2026-09-22T03:36:23Z
2405 MHz, 0x0000000000000000, 54, 15.55 W
MemFree:         7040876 kB
MemAvailable:    8404192 kB
Cached:          4515564 kB
SwapFree:       11340296 kB
allocstall_dma 0
allocstall_dma32 0
allocstall_normal 43449
allocstall_movable 29051
allocstall_device 0
pgscan_direct 7464575
pgscan_direct_throttle 0
compact_stall 249645
2026-09-22T03:36:24Z
2405 MHz, 0x0000000000000000, 54, 15.70 W
MemFree:         6953384 kB
MemAvailable:    8317208 kB
Cached:          4516072 kB
SwapFree:       11321348 kB
allocstall_dma 0
allocstall_dma32 0
allocstall_normal 43449
allocstall_movable 29097
allocstall_device 0
pgscan_direct 7494336
pgscan_direct_throttle 0
compact_stall 249780
2026-09-22T03:36:25Z
2405 MHz, 0x0000000000000000, 54, 15.25 W
MemFree:         6924532 kB
MemAvailable:    8287624 kB
Cached:          4515340 kB
SwapFree:       11321348 kB
allocstall_dma 0
allocstall_dma32 0
allocstall_normal 43449
allocstall_movable 29120
allocstall_device 0
pgscan_direct 7509263
pgscan_direct_throttle 0
compact_stall 249847
2026-09-22T03:36:26Z
2405 MHz, 0x0000000000000000, 54, 15.22 W
MemFree:         6874248 kB
MemAvailable:    8236404 kB
Cached:          4514408 kB
SwapFree:       11321400 kB
allocstall_dma 0
allocstall_dma32 0
allocstall_normal 43449
allocstall_movable 29145
allocstall_device 0
pgscan_direct 7525472
pgscan_direct_throttle 0
compact_stall 249917
2026-09-22T03:36:27Z
2405 MHz, 0x0000000000000000, 53, 14.89 W
MemFree:         6875028 kB
MemAvailable:    8237916 kB
Cached:          4515132 kB
SwapFree:       11321416 kB
allocstall_dma 0
allocstall_dma32 0
allocstall_normal 43449
allocstall_movable 29165
allocstall_device 0
pgscan_direct 7538432
pgscan_direct_throttle 0
compact_stall 249978
2026-09-22T03:36:28Z
2405 MHz, 0x0000000000000000, 53, 14.34 W
MemFree:         7802060 kB
MemAvailable:    9168200 kB
Cached:          4518696 kB
SwapFree:       11321480 kB
allocstall_dma 0
allocstall_dma32 0
allocstall_normal 43449
allocstall_movable 29165
allocstall_device 0
pgscan_direct 7538432
pgscan_direct_throttle 0
compact_stall 249978
2026-09-22T03:36:29Z
2405 MHz, 0x0000000000000000, 53, 14.31 W
MemFree:         7833624 kB
MemAvailable:    9200152 kB
Cached:          4518716 kB
SwapFree:       11321480 kB
allocstall_dma 0
allocstall_dma32 0
allocstall_normal 43449
allocstall_movable 29165
allocstall_device 0
pgscan_direct 7538432
pgscan_direct_throttle 0
compact_stall 249978
2026-09-22T03:36:30Z
2405 MHz, 0x0000000000000000, 53, 14.31 W
MemFree:         7772184 kB
MemAvailable:    9138756 kB
Cached:          4518716 kB
SwapFree:       11321480 kB
allocstall_dma 0
allocstall_dma32 0
allocstall_normal 43449
allocstall_movable 29165
allocstall_device 0
pgscan_direct 7538432
pgscan_direct_throttle 0
compact_stall 249978
2026-09-22T03:36:31Z
2405 MHz, 0x0000000000000000, 53, 14.26 W
MemFree:         7719732 kB
MemAvailable:    9086304 kB
Cached:          4518716 kB
SwapFree:       11321480 kB
allocstall_dma 0
allocstall_dma32 0
allocstall_normal 43449
allocstall_movable 29165
allocstall_device 0
pgscan_direct 7538432
pgscan_direct_throttle 0
compact_stall 249978
2026-09-22T03:36:32Z
2405 MHz, 0x0000000000000000, 53, 14.25 W
MemFree:         7663024 kB
MemAvailable:    9029680 kB
Cached:          4518716 kB
SwapFree:       11321480 kB
allocstall_dma 0
allocstall_dma32 0
allocstall_normal 43449
allocstall_movable 29165
allocstall_device 0
pgscan_direct 7538432
pgscan_direct_throttle 0
compact_stall 249978
2026-09-22T03:36:33Z
2405 MHz, 0x0000000000000000, 53, 14.25 W
MemFree:         7651084 kB
MemAvailable:    9017728 kB
Cached:          4518716 kB
SwapFree:       11321480 kB
allocstall_dma 0
allocstall_dma32 0
allocstall_normal 43449
allocstall_movable 29165
allocstall_device 0
pgscan_direct 7538432
pgscan_direct_throttle 0
compact_stall 249978
2026-09-22T03:36:34Z
2405 MHz, 0x0000000000000000, 53, 14.19 W
MemFree:         7578088 kB
MemAvailable:    8944736 kB
Cached:          4518716 kB
SwapFree:       11321480 kB
allocstall_dma 0
allocstall_dma32 0
allocstall_normal 43449
allocstall_movable 29165
allocstall_device 0
pgscan_direct 7538432
pgscan_direct_throttle 0
compact_stall 249978
2026-09-22T03:36:35Z
2405 MHz, 0x0000000000000000, 53, 14.19 W
MemFree:         7539524 kB
MemAvailable:    8906172 kB
Cached:          4518716 kB
SwapFree:       11321480 kB
allocstall_dma 0
allocstall_dma32 0
allocstall_normal 43449
allocstall_movable 29165
allocstall_device 0
pgscan_direct 7538432
pgscan_direct_throttle 0
compact_stall 249978
2026-09-22T03:36:36Z
2405 MHz, 0x0000000000000000, 53, 14.16 W
MemFree:         7489640 kB
MemAvailable:    8856292 kB
Cached:          4518716 kB
SwapFree:       11321480 kB
allocstall_dma 0
allocstall_dma32 0
allocstall_normal 43449
allocstall_movable 29165
allocstall_device 0
pgscan_direct 7538432
pgscan_direct_throttle 0
compact_stall 249978
2026-09-22T03:36:37Z
2405 MHz, 0x0000000000000000, 53, 14.15 W
MemFree:         7440272 kB
MemAvailable:    8806924 kB
Cached:          4518716 kB
SwapFree:       11321480 kB
allocstall_dma 0
allocstall_dma32 0
allocstall_normal 43449
allocstall_movable 29165
allocstall_device 0
pgscan_direct 7538432
pgscan_direct_throttle 0
compact_stall 249978
2026-09-22T03:36:38Z
2405 MHz, 0x0000000000000000, 53, 14.19 W
MemFree:         7359464 kB
MemAvailable:    8726116 kB
Cached:          4518716 kB
SwapFree:       11321480 kB
allocstall_dma 0
allocstall_dma32 0
allocstall_normal 43449
allocstall_movable 29165
allocstall_device 0
pgscan_direct 7538432
pgscan_direct_throttle 0
compact_stall 249978
2026-09-22T03:36:39Z
2405 MHz, 0x0000000000000000, 53, 14.18 W
MemFree:         7303232 kB
MemAvailable:    8669944 kB
Cached:          4518792 kB
SwapFree:       11340936 kB
allocstall_dma 0
allocstall_dma32 0
allocstall_normal 43449
allocstall_movable 29165
allocstall_device 0
pgscan_direct 7538432
pgscan_direct_throttle 0
compact_stall 249978
2026-09-22T03:36:40Z
2405 MHz, 0x0000000000000000, 53, 14.19 W
MemFree:         7302508 kB
MemAvailable:    8669288 kB
Cached:          4518920 kB
SwapFree:       11340936 kB
allocstall_dma 0
allocstall_dma32 0
allocstall_normal 43449
allocstall_movable 29165
allocstall_device 0
pgscan_direct 7538432
pgscan_direct_throttle 0
compact_stall 249978
2026-09-22T03:36:41Z
2411 MHz, 0x0000000000000000, 53, 14.01 W
MemFree:         7307584 kB
MemAvailable:    8674364 kB
Cached:          4518920 kB
SwapFree:       11340936 kB
allocstall_dma 0
allocstall_dma32 0
allocstall_normal 43449
allocstall_movable 29165
allocstall_device 0
pgscan_direct 7538432
pgscan_direct_throttle 0
compact_stall 249978
2026-09-22T03:36:42Z
2411 MHz, 0x0000000000000000, 53, 14.03 W
MemFree:         7389884 kB
MemAvailable:    8756740 kB
Cached:          4518920 kB
SwapFree:       11340936 kB
allocstall_dma 0
allocstall_dma32 0
allocstall_normal 43449
allocstall_movable 29165
allocstall_device 0
pgscan_direct 7538432
pgscan_direct_throttle 0
compact_stall 249978
2026-09-22T03:36:43Z
2411 MHz, 0x0000000000000000, 53, 14.03 W
MemFree:         7394480 kB
MemAvailable:    8761336 kB
Cached:          4518920 kB
SwapFree:       11340936 kB
allocstall_dma 0
allocstall_dma32 0
allocstall_normal 43449
allocstall_movable 29165
allocstall_device 0
pgscan_direct 7538432
pgscan_direct_throttle 0
compact_stall 249978
2026-09-22T03:36:44Z
2411 MHz, 0x0000000000000000, 53, 14.00 W
MemFree:         7372784 kB
MemAvailable:    8739640 kB
Cached:          4518920 kB
SwapFree:       11340936 kB
allocstall_dma 0
allocstall_dma32 0
allocstall_normal 43449
allocstall_movable 29165
allocstall_device 0
pgscan_direct 7538432
pgscan_direct_throttle 0
compact_stall 249978
2026-09-22T03:36:45Z
2411 MHz, 0x0000000000000000, 52, 14.08 W
MemFree:         7378748 kB
MemAvailable:    8745612 kB
Cached:          4518920 kB
SwapFree:       11340936 kB
allocstall_dma 0
allocstall_dma32 0
allocstall_normal 43449
allocstall_movable 29165
allocstall_device 0
pgscan_direct 7538432
pgscan_direct_throttle 0
compact_stall 249978
2026-09-22T03:36:46Z
2411 MHz, 0x0000000000000000, 52, 14.07 W
MemFree:         7363760 kB
MemAvailable:    8730624 kB
Cached:          4518920 kB
SwapFree:       11340936 kB
allocstall_dma 0
allocstall_dma32 0
allocstall_normal 43449
allocstall_movable 29165
allocstall_device 0
pgscan_direct 7538432
pgscan_direct_throttle 0
compact_stall 249978
2026-09-22T03:36:48Z
2411 MHz, 0x0000000000000000, 52, 14.01 W
MemFree:         7361556 kB
MemAvailable:    8728420 kB
Cached:          4518920 kB
SwapFree:       11340936 kB
allocstall_dma 0
allocstall_dma32 0
allocstall_normal 43449
allocstall_movable 29165
allocstall_device 0
pgscan_direct 7538432
pgscan_direct_throttle 0
compact_stall 249978
2026-09-22T03:36:49Z
2411 MHz, 0x0000000000000000, 52, 13.97 W
MemFree:         7358460 kB
MemAvailable:    8725476 kB
Cached:          4519076 kB
SwapFree:       11341028 kB
allocstall_dma 0
allocstall_dma32 0
allocstall_normal 43449
allocstall_movable 29165
allocstall_device 0
pgscan_direct 7538432
pgscan_direct_throttle 0
compact_stall 249978
2026-09-22T03:36:50Z
2502 MHz, 0x0000000000000000, 53, 19.19 W
MemFree:         7333436 kB
MemAvailable:    8704900 kB
Cached:          4523520 kB
SwapFree:       11341264 kB
allocstall_dma 0
allocstall_dma32 0
allocstall_normal 43449
allocstall_movable 29165
allocstall_device 0
pgscan_direct 7538432
pgscan_direct_throttle 0
compact_stall 249978
2026-09-22T03:36:51Z
2502 MHz, 0x0000000000000000, 56, 34.94 W
MemFree:         7339256 kB
MemAvailable:    8710720 kB
Cached:          4523520 kB
SwapFree:       11341324 kB
allocstall_dma 0
allocstall_dma32 0
allocstall_normal 43449
allocstall_movable 29165
allocstall_device 0
pgscan_direct 7538432
pgscan_direct_throttle 0
compact_stall 249978
2026-09-22T03:36:52Z
2502 MHz, 0x0000000000000000, 57, 36.00 W
MemFree:         7340056 kB
MemAvailable:    8711520 kB
Cached:          4523520 kB
SwapFree:       11341332 kB
allocstall_dma 0
allocstall_dma32 0
allocstall_normal 43449
allocstall_movable 29165
allocstall_device 0
pgscan_direct 7538432
pgscan_direct_throttle 0
compact_stall 249978
2026-09-22T03:36:53Z
2489 MHz, 0x0000000000000000, 57, 34.17 W
MemFree:         7347364 kB
MemAvailable:    8718944 kB
Cached:          4523636 kB
SwapFree:       11341480 kB
allocstall_dma 0
allocstall_dma32 0
allocstall_normal 43449
allocstall_movable 29165
allocstall_device 0
pgscan_direct 7538432
pgscan_direct_throttle 0
compact_stall 249978
2026-09-22T03:36:54Z
2502 MHz, 0x0000000000000000, 58, 35.90 W
MemFree:         7247440 kB
MemAvailable:    8665760 kB
Cached:          4570300 kB
SwapFree:       11341544 kB
allocstall_dma 0
allocstall_dma32 0
allocstall_normal 43449
allocstall_movable 29165
allocstall_device 0
pgscan_direct 7538432
pgscan_direct_throttle 0
compact_stall 249978
2026-09-22T03:36:55Z
2502 MHz, 0x0000000000000000, 58, 36.47 W
MemFree:         7209724 kB
MemAvailable:    8658132 kB
Cached:          4600244 kB
SwapFree:       11341552 kB
allocstall_dma 0
allocstall_dma32 0
allocstall_normal 43449
allocstall_movable 29165
allocstall_device 0
pgscan_direct 7538432
pgscan_direct_throttle 0
compact_stall 249978
2026-09-22T03:36:56Z
2502 MHz, 0x0000000000000000, 59, 36.93 W
MemFree:         7223176 kB
MemAvailable:    8671592 kB
Cached:          4600244 kB
SwapFree:       11341568 kB
allocstall_dma 0
allocstall_dma32 0
allocstall_normal 43449
allocstall_movable 29165
allocstall_device 0
pgscan_direct 7538432
pgscan_direct_throttle 0
compact_stall 249978
2026-09-22T03:36:57Z
2502 MHz, 0x0000000000000000, 59, 36.86 W
MemFree:         7241176 kB
MemAvailable:    8689592 kB
Cached:          4600244 kB
SwapFree:       11341572 kB
allocstall_dma 0
allocstall_dma32 0
allocstall_normal 43449
allocstall_movable 29165
allocstall_device 0
pgscan_direct 7538432
pgscan_direct_throttle 0
compact_stall 249978
2026-09-22T03:36:58Z
2470 MHz, 0x0000000000000000, 59, 31.68 W
MemFree:         7223268 kB
MemAvailable:    8676984 kB
Cached:          4608436 kB
SwapFree:       11341748 kB
allocstall_dma 0
allocstall_dma32 0
allocstall_normal 43449
allocstall_movable 29165
allocstall_device 0
pgscan_direct 7538432
pgscan_direct_throttle 0
compact_stall 249978
2026-09-22T03:36:59Z
2502 MHz, 0x0000000000000000, 60, 36.89 W
MemFree:         7218220 kB
MemAvailable:    8671936 kB
Cached:          4608412 kB
SwapFree:       11341784 kB
allocstall_dma 0
allocstall_dma32 0
allocstall_normal 43449
allocstall_movable 29165
allocstall_device 0
pgscan_direct 7538432
pgscan_direct_throttle 0
compact_stall 249978
2026-09-22T03:37:00Z
2502 MHz, 0x0000000000000000, 60, 36.90 W
MemFree:         7233088 kB
MemAvailable:    8686816 kB
Cached:          4608412 kB
SwapFree:       11341792 kB
allocstall_dma 0
allocstall_dma32 0
allocstall_normal 43449
allocstall_movable 29165
allocstall_device 0
pgscan_direct 7538432
pgscan_direct_throttle 0
compact_stall 249978
2026-09-22T03:37:01Z
2502 MHz, 0x0000000000000000, 58, 33.50 W
MemFree:         7244252 kB
MemAvailable:    8698364 kB
Cached:          4608796 kB
SwapFree:       11342148 kB
allocstall_dma 0
allocstall_dma32 0
allocstall_normal 43449
allocstall_movable 29165
allocstall_device 0
pgscan_direct 7538432
pgscan_direct_throttle 0
compact_stall 249978
2026-09-22T03:37:02Z
2502 MHz, 0x0000000000000000, 61, 39.53 W
MemFree:         7254708 kB
MemAvailable:    8708820 kB
Cached:          4608796 kB
SwapFree:       11342492 kB
allocstall_dma 0
allocstall_dma32 0
allocstall_normal 43449
allocstall_movable 29165
allocstall_device 0
pgscan_direct 7538432
pgscan_direct_throttle 0
compact_stall 249978
2026-09-22T03:37:03Z
2502 MHz, 0x0000000000000000, 61, 34.13 W
MemFree:         7280708 kB
MemAvailable:    8734948 kB
Cached:          4608928 kB
SwapFree:       11344588 kB
allocstall_dma 0
allocstall_dma32 0
allocstall_normal 43449
allocstall_movable 29165
allocstall_device 0
pgscan_direct 7538432
pgscan_direct_throttle 0
compact_stall 249978
2026-09-22T03:37:04Z
2502 MHz, 0x0000000000000000, 61, 36.77 W
MemFree:         7264184 kB
MemAvailable:    8718424 kB
Cached:          4608928 kB
SwapFree:       11344596 kB
allocstall_dma 0
allocstall_dma32 0
allocstall_normal 43449
allocstall_movable 29165
allocstall_device 0
pgscan_direct 7538432
pgscan_direct_throttle 0
compact_stall 249978
2026-09-22T03:37:05Z
2502 MHz, 0x0000000000000000, 62, 36.68 W
MemFree:         7284312 kB
MemAvailable:    8738552 kB
Cached:          4608928 kB
SwapFree:       11344596 kB
allocstall_dma 0
allocstall_dma32 0
allocstall_normal 43449
allocstall_movable 29165
allocstall_device 0
pgscan_direct 7538432
pgscan_direct_throttle 0
compact_stall 249978
2026-09-22T03:37:06Z
2502 MHz, 0x0000000000000000, 62, 36.34 W
MemFree:         7263336 kB
MemAvailable:    8717576 kB
Cached:          4608928 kB
SwapFree:       11344600 kB
allocstall_dma 0
allocstall_dma32 0
allocstall_normal 43449
allocstall_movable 29165
allocstall_device 0
pgscan_direct 7538432
pgscan_direct_throttle 0
compact_stall 249978
2026-09-22T03:37:07Z
2502 MHz, 0x0000000000000000, 62, 37.19 W
MemFree:         7278728 kB
MemAvailable:    8732968 kB
Cached:          4608928 kB
SwapFree:       11344604 kB
allocstall_dma 0
allocstall_dma32 0
allocstall_normal 43449
allocstall_movable 29165
allocstall_device 0
pgscan_direct 7538432
pgscan_direct_throttle 0
compact_stall 249978
2026-09-22T03:37:08Z
2502 MHz, 0x0000000000000000, 63, 37.55 W
MemFree:         7264104 kB
MemAvailable:    8718472 kB
Cached:          4609056 kB
SwapFree:       11344608 kB
allocstall_dma 0
allocstall_dma32 0
allocstall_normal 43449
allocstall_movable 29165
allocstall_device 0
pgscan_direct 7538432
pgscan_direct_throttle 0
compact_stall 249978
2026-09-22T03:37:09Z
2502 MHz, 0x0000000000000000, 62, 37.20 W
MemFree:         7268336 kB
MemAvailable:    8722936 kB
Cached:          4609280 kB
SwapFree:       11344652 kB
allocstall_dma 0
allocstall_dma32 0
allocstall_normal 43449
allocstall_movable 29165
allocstall_device 0
pgscan_direct 7538432
pgscan_direct_throttle 0
compact_stall 249978
2026-09-22T03:37:11Z
2483 MHz, 0x0000000000000000, 63, 37.49 W
MemFree:         7299312 kB
MemAvailable:    8753912 kB
Cached:          4609280 kB
SwapFree:       11344664 kB
allocstall_dma 0
allocstall_dma32 0
allocstall_normal 43449
allocstall_movable 29165
allocstall_device 0
pgscan_direct 7538432
pgscan_direct_throttle 0
compact_stall 249978
2026-09-22T03:37:12Z
2463 MHz, 0x0000000000000000, 63, 36.53 W
MemFree:         7254556 kB
MemAvailable:    8709240 kB
Cached:          4610272 kB
SwapFree:       11344664 kB
allocstall_dma 0
allocstall_dma32 0
allocstall_normal 43449
allocstall_movable 29165
allocstall_device 0
pgscan_direct 7538432
pgscan_direct_throttle 0
compact_stall 249978
2026-09-22T03:37:13Z
2483 MHz, 0x0000000000000000, 63, 38.38 W
MemFree:         7234516 kB
MemAvailable:    8689244 kB
Cached:          4610272 kB
SwapFree:       11344668 kB
allocstall_dma 0
allocstall_dma32 0
allocstall_normal 43449
allocstall_movable 29165
allocstall_device 0
pgscan_direct 7538432
pgscan_direct_throttle 0
compact_stall 249978
2026-09-22T03:37:14Z
2483 MHz, 0x0000000000000000, 64, 37.62 W
MemFree:         7263320 kB
MemAvailable:    8718056 kB
Cached:          4610272 kB
SwapFree:       11344668 kB
allocstall_dma 0
allocstall_dma32 0
allocstall_normal 43449
allocstall_movable 29165
allocstall_device 0
pgscan_direct 7538432
pgscan_direct_throttle 0
compact_stall 249978
2026-09-22T03:37:15Z
2483 MHz, 0x0000000000000000, 64, 37.62 W
MemFree:         7259352 kB
MemAvailable:    8714088 kB
Cached:          4610272 kB
SwapFree:       11344668 kB
allocstall_dma 0
allocstall_dma32 0
allocstall_normal 43449
allocstall_movable 29165
allocstall_device 0
pgscan_direct 7538432
pgscan_direct_throttle 0
compact_stall 249978
2026-09-22T03:37:16Z
2483 MHz, 0x0000000000000000, 64, 40.48 W
MemFree:         7265100 kB
MemAvailable:    8719836 kB
Cached:          4610272 kB
SwapFree:       11344700 kB
allocstall_dma 0
allocstall_dma32 0
allocstall_normal 43449
allocstall_movable 29165
allocstall_device 0
pgscan_direct 7538432
pgscan_direct_throttle 0
compact_stall 249978
2026-09-22T03:37:17Z
2483 MHz, 0x0000000000000000, 64, 40.73 W
MemFree:         7264000 kB
MemAvailable:    8718736 kB
Cached:          4610276 kB
SwapFree:       11344760 kB
allocstall_dma 0
allocstall_dma32 0
allocstall_normal 43449
allocstall_movable 29165
allocstall_device 0
pgscan_direct 7538432
pgscan_direct_throttle 0
compact_stall 249978
2026-09-22T03:37:18Z
2483 MHz, 0x0000000000000000, 65, 37.67 W
MemFree:         7255904 kB
MemAvailable:    8710648 kB
Cached:          4610276 kB
SwapFree:       11344764 kB
allocstall_dma 0
allocstall_dma32 0
allocstall_normal 43449
allocstall_movable 29165
allocstall_device 0
pgscan_direct 7538432
pgscan_direct_throttle 0
compact_stall 249978
2026-09-22T03:37:19Z
2483 MHz, 0x0000000000000000, 65, 37.89 W
MemFree:         7271120 kB
MemAvailable:    8726248 kB
Cached:          4610660 kB
SwapFree:       11344768 kB
allocstall_dma 0
allocstall_dma32 0
allocstall_normal 43449
allocstall_movable 29165
allocstall_device 0
pgscan_direct 7538432
pgscan_direct_throttle 0
compact_stall 249978
2026-09-22T03:37:20Z
2483 MHz, 0x0000000000000000, 65, 37.47 W
MemFree:         7278512 kB
MemAvailable:    8733640 kB
Cached:          4610660 kB
SwapFree:       11344768 kB
allocstall_dma 0
allocstall_dma32 0
allocstall_normal 43449
allocstall_movable 29165
allocstall_device 0
pgscan_direct 7538432
pgscan_direct_throttle 0
compact_stall 249978
2026-09-22T03:37:21Z
2483 MHz, 0x0000000000000000, 65, 38.02 W
MemFree:         7295084 kB
MemAvailable:    8750468 kB
Cached:          4610916 kB
SwapFree:       11344768 kB
allocstall_dma 0
allocstall_dma32 0
allocstall_normal 43449
allocstall_movable 29165
allocstall_device 0
pgscan_direct 7538432
pgscan_direct_throttle 0
compact_stall 249978
2026-09-22T03:37:22Z
2483 MHz, 0x0000000000000000, 65, 38.29 W
MemFree:         7282052 kB
MemAvailable:    8737444 kB
Cached:          4610916 kB
SwapFree:       11344772 kB
allocstall_dma 0
allocstall_dma32 0
allocstall_normal 43449
allocstall_movable 29165
allocstall_device 0
pgscan_direct 7538432
pgscan_direct_throttle 0
compact_stall 249978
2026-09-22T03:37:23Z
2483 MHz, 0x0000000000000000, 65, 38.03 W
MemFree:         7274820 kB
MemAvailable:    8730212 kB
Cached:          4610916 kB
SwapFree:       11344772 kB
allocstall_dma 0
allocstall_dma32 0
allocstall_normal 43449
allocstall_movable 29165
allocstall_device 0
pgscan_direct 7538432
pgscan_direct_throttle 0
compact_stall 249978
2026-09-22T03:37:24Z
2483 MHz, 0x0000000000000000, 66, 38.20 W
MemFree:         7274616 kB
MemAvailable:    8730008 kB
Cached:          4610916 kB
SwapFree:       11344772 kB
allocstall_dma 0
allocstall_dma32 0
allocstall_normal 43449
allocstall_movable 29165
allocstall_device 0
pgscan_direct 7538432
pgscan_direct_throttle 0
compact_stall 249978
2026-09-22T03:37:25Z
2476 MHz, 0x0000000000000000, 66, 37.37 W
MemFree:         7276316 kB
MemAvailable:    8731740 kB
Cached:          4611484 kB
SwapFree:       11344788 kB
allocstall_dma 0
allocstall_dma32 0
allocstall_normal 43449
allocstall_movable 29165
allocstall_device 0
pgscan_direct 7538432
pgscan_direct_throttle 0
compact_stall 249978
2026-09-22T03:37:26Z
2483 MHz, 0x0000000000000000, 66, 39.04 W
MemFree:         7277068 kB
MemAvailable:    8732584 kB
Cached:          4611904 kB
SwapFree:       11344792 kB
allocstall_dma 0
allocstall_dma32 0
allocstall_normal 43449
allocstall_movable 29165
allocstall_device 0
pgscan_direct 7538432
pgscan_direct_throttle 0
compact_stall 249978
2026-09-22T03:37:27Z
2483 MHz, 0x0000000000000000, 65, 38.10 W
MemFree:         7301284 kB
MemAvailable:    8756800 kB
Cached:          4611904 kB
SwapFree:       11344792 kB
allocstall_dma 0
allocstall_dma32 0
allocstall_normal 43449
allocstall_movable 29165
allocstall_device 0
pgscan_direct 7538432
pgscan_direct_throttle 0
compact_stall 249978
2026-09-22T03:37:28Z
2483 MHz, 0x0000000000000000, 66, 40.87 W
MemFree:         7298232 kB
MemAvailable:    8753748 kB
Cached:          4611904 kB
SwapFree:       11344812 kB
allocstall_dma 0
allocstall_dma32 0
allocstall_normal 43449
allocstall_movable 29165
allocstall_device 0
pgscan_direct 7538432
pgscan_direct_throttle 0
compact_stall 249978
2026-09-22T03:37:29Z
2476 MHz, 0x0000000000000000, 66, 41.71 W
MemFree:         7282524 kB
MemAvailable:    8738052 kB
Cached:          4611916 kB
SwapFree:       11344832 kB
allocstall_dma 0
allocstall_dma32 0
allocstall_normal 43449
allocstall_movable 29165
allocstall_device 0
pgscan_direct 7538432
pgscan_direct_throttle 0
compact_stall 249978
2026-09-22T03:37:31Z
2483 MHz, 0x0000000000000000, 66, 37.10 W
MemFree:         7283860 kB
MemAvailable:    8739468 kB
Cached:          4612068 kB
SwapFree:       11344836 kB
allocstall_dma 0
allocstall_dma32 0
allocstall_normal 43449
allocstall_movable 29165
allocstall_device 0
pgscan_direct 7538432
pgscan_direct_throttle 0
compact_stall 249978
2026-09-22T03:37:32Z
2483 MHz, 0x0000000000000000, 69, 38.78 W
MemFree:         7075788 kB
MemAvailable:    8531956 kB
Cached:          4612628 kB
SwapFree:       11348720 kB
allocstall_dma 0
allocstall_dma32 0
allocstall_normal 43449
allocstall_movable 29165
allocstall_device 0
pgscan_direct 7538432
pgscan_direct_throttle 0
compact_stall 249978
2026-09-22T03:37:33Z
2470 MHz, 0x0000000000000000, 68, 50.75 W
MemFree:         7067868 kB
MemAvailable:    8524772 kB
Cached:          4613308 kB
SwapFree:       11349044 kB
allocstall_dma 0
allocstall_dma32 0
allocstall_normal 43449
allocstall_movable 29165
allocstall_device 0
pgscan_direct 7538432
pgscan_direct_throttle 0
compact_stall 249978
2026-09-22T03:37:34Z
2476 MHz, 0x0000000000000000, 64, 47.38 W
MemFree:         6930744 kB
MemAvailable:    8387724 kB
Cached:          4613372 kB
SwapFree:       11349112 kB
allocstall_dma 0
allocstall_dma32 0
allocstall_normal 43449
allocstall_movable 29165
allocstall_device 0
pgscan_direct 7538432
pgscan_direct_throttle 0
compact_stall 249978
2026-09-22T03:37:35Z
2437 MHz, 0x0000000000000000, 68, 28.02 W
MemFree:         6926476 kB
MemAvailable:    8383456 kB
Cached:          4615420 kB
SwapFree:       11349932 kB
allocstall_dma 0
allocstall_dma32 0
allocstall_normal 43449
allocstall_movable 29165
allocstall_device 0
pgscan_direct 7538432
pgscan_direct_throttle 0
compact_stall 249978
2026-09-22T03:37:36Z
2470 MHz, 0x0000000000000000, 69, 55.66 W
MemFree:         6934652 kB
MemAvailable:    8391640 kB
Cached:          4615420 kB
SwapFree:       11349932 kB
allocstall_dma 0
allocstall_dma32 0
allocstall_normal 43449
allocstall_movable 29165
allocstall_device 0
pgscan_direct 7538432
pgscan_direct_throttle 0
compact_stall 249978
2026-09-22T03:37:37Z
2463 MHz, 0x0000000000000000, 69, 56.94 W
MemFree:         6916808 kB
MemAvailable:    8373796 kB
Cached:          4615420 kB
SwapFree:       11350128 kB
allocstall_dma 0
allocstall_dma32 0
allocstall_normal 43449
allocstall_movable 29165
allocstall_device 0
pgscan_direct 7538432
pgscan_direct_throttle 0
compact_stall 249978
2026-09-22T03:37:38Z
2470 MHz, 0x0000000000000000, 69, 58.29 W
MemFree:         6939492 kB
MemAvailable:    8396480 kB
Cached:          4615420 kB
SwapFree:       11350128 kB
allocstall_dma 0
allocstall_dma32 0
allocstall_normal 43449
allocstall_movable 29165
allocstall_device 0
pgscan_direct 7538432
pgscan_direct_throttle 0
compact_stall 249978
2026-09-22T03:37:39Z
2470 MHz, 0x0000000000000000, 70, 59.23 W
MemFree:         6947944 kB
MemAvailable:    8405036 kB
Cached:          4615564 kB
SwapFree:       11350128 kB
allocstall_dma 0
allocstall_dma32 0
allocstall_normal 43449
allocstall_movable 29165
allocstall_device 0
pgscan_direct 7538432
pgscan_direct_throttle 0
compact_stall 249978
2026-09-22T03:37:40Z
2470 MHz, 0x0000000000000000, 71, 59.51 W
MemFree:         6951260 kB
MemAvailable:    8408352 kB
Cached:          4615564 kB
SwapFree:       11350128 kB
allocstall_dma 0
allocstall_dma32 0
allocstall_normal 43449
allocstall_movable 29165
allocstall_device 0
pgscan_direct 7538432
pgscan_direct_throttle 0
compact_stall 249978
2026-09-22T03:37:41Z
2463 MHz, 0x0000000000000000, 70, 60.17 W
MemFree:         6923908 kB
MemAvailable:    8381048 kB
Cached:          4615564 kB
SwapFree:       11350128 kB
allocstall_dma 0
allocstall_dma32 0
allocstall_normal 43449
allocstall_movable 29165
allocstall_device 0
pgscan_direct 7538432
pgscan_direct_throttle 0
compact_stall 249978
2026-09-22T03:37:42Z
2457 MHz, 0x0000000000000000, 70, 60.35 W
MemFree:         6952280 kB
MemAvailable:    8409420 kB
Cached:          4615564 kB
SwapFree:       11350128 kB
allocstall_dma 0
allocstall_dma32 0
allocstall_normal 43449
allocstall_movable 29165
allocstall_device 0
pgscan_direct 7538432
pgscan_direct_throttle 0
compact_stall 249978
2026-09-22T03:37:43Z
2457 MHz, 0x0000000000000000, 71, 61.00 W
MemFree:         6940376 kB
MemAvailable:    8397516 kB
Cached:          4615564 kB
SwapFree:       11350128 kB
allocstall_dma 0
allocstall_dma32 0
allocstall_normal 43449
allocstall_movable 29165
allocstall_device 0
pgscan_direct 7538432
pgscan_direct_throttle 0
compact_stall 249978
2026-09-22T03:37:44Z
2463 MHz, 0x0000000000000000, 72, 61.06 W
MemFree:         6941600 kB
MemAvailable:    8398740 kB
Cached:          4615564 kB
SwapFree:       11350128 kB
allocstall_dma 0
allocstall_dma32 0
allocstall_normal 43449
allocstall_movable 29165
allocstall_device 0
pgscan_direct 7538432
pgscan_direct_throttle 0
compact_stall 249978
2026-09-22T03:37:45Z
2463 MHz, 0x0000000000000000, 71, 61.47 W
MemFree:         6958192 kB
MemAvailable:    8415332 kB
Cached:          4615564 kB
SwapFree:       11350128 kB
allocstall_dma 0
allocstall_dma32 0
allocstall_normal 43449
allocstall_movable 29165
allocstall_device 0
pgscan_direct 7538432
pgscan_direct_throttle 0
compact_stall 249978
2026-09-22T03:37:46Z
2457 MHz, 0x0000000000000000, 73, 61.93 W
MemFree:         6967620 kB
MemAvailable:    8424760 kB
Cached:          4615564 kB
SwapFree:       11350128 kB
allocstall_dma 0
allocstall_dma32 0
allocstall_normal 43449
allocstall_movable 29165
allocstall_device 0
pgscan_direct 7538432
pgscan_direct_throttle 0
compact_stall 249978
2026-09-22T03:37:47Z
2463 MHz, 0x0000000000000000, 72, 62.29 W
MemFree:         6987720 kB
MemAvailable:    8444860 kB
Cached:          4615564 kB
SwapFree:       11350128 kB
allocstall_dma 0
allocstall_dma32 0
allocstall_normal 43449
allocstall_movable 29165
allocstall_device 0
pgscan_direct 7538432
pgscan_direct_throttle 0
compact_stall 249978
2026-09-22T03:37:48Z
2457 MHz, 0x0000000000000000, 72, 62.86 W
MemFree:         6989340 kB
MemAvailable:    8446480 kB
Cached:          4615564 kB
SwapFree:       11350128 kB
allocstall_dma 0
allocstall_dma32 0
allocstall_normal 43449
allocstall_movable 29165
allocstall_device 0
pgscan_direct 7538432
pgscan_direct_throttle 0
compact_stall 249978
2026-09-22T03:37:50Z
2457 MHz, 0x0000000000000000, 72, 63.04 W
MemFree:         7000680 kB
MemAvailable:    8457820 kB
Cached:          4615568 kB
SwapFree:       11350128 kB
allocstall_dma 0
allocstall_dma32 0
allocstall_normal 43449
allocstall_movable 29165
allocstall_device 0
pgscan_direct 7538432
pgscan_direct_throttle 0
compact_stall 249978
2026-09-22T03:37:51Z
2457 MHz, 0x0000000000000000, 72, 63.40 W
MemFree:         7001992 kB
MemAvailable:    8459132 kB
Cached:          4615568 kB
SwapFree:       11350128 kB
allocstall_dma 0
allocstall_dma32 0
allocstall_normal 43449
allocstall_movable 29165
allocstall_device 0
pgscan_direct 7538432
pgscan_direct_throttle 0
compact_stall 249978
2026-09-22T03:37:52Z
2457 MHz, 0x0000000000000000, 73, 63.68 W
MemFree:         6986868 kB
MemAvailable:    8444012 kB
Cached:          4615568 kB
SwapFree:       11350128 kB
allocstall_dma 0
allocstall_dma32 0
allocstall_normal 43449
allocstall_movable 29165
allocstall_device 0
pgscan_direct 7538432
pgscan_direct_throttle 0
compact_stall 249978
2026-09-22T03:37:53Z
2457 MHz, 0x0000000000000000, 74, 64.05 W
MemFree:         6996172 kB
MemAvailable:    8453316 kB
Cached:          4615568 kB
SwapFree:       11350128 kB
allocstall_dma 0
allocstall_dma32 0
allocstall_normal 43449
allocstall_movable 29165
allocstall_device 0
pgscan_direct 7538432
pgscan_direct_throttle 0
compact_stall 249978
2026-09-22T03:37:54Z
2450 MHz, 0x0000000000000000, 73, 64.41 W
MemFree:         6975316 kB
MemAvailable:    8432460 kB
Cached:          4615568 kB
SwapFree:       11350128 kB
allocstall_dma 0
allocstall_dma32 0
allocstall_normal 43449
allocstall_movable 29165
allocstall_device 0
pgscan_direct 7538432
pgscan_direct_throttle 0
compact_stall 249978
2026-09-22T03:37:55Z
2450 MHz, 0x0000000000000000, 74, 64.74 W
MemFree:         6967276 kB
MemAvailable:    8424420 kB
Cached:          4615568 kB
SwapFree:       11350128 kB
allocstall_dma 0
allocstall_dma32 0
allocstall_normal 43449
allocstall_movable 29165
allocstall_device 0
pgscan_direct 7538432
pgscan_direct_throttle 0
compact_stall 249978
2026-09-22T03:37:56Z
2450 MHz, 0x0000000000000000, 74, 64.55 W
MemFree:         6971508 kB
MemAvailable:    8428660 kB
Cached:          4615568 kB
SwapFree:       11350132 kB
allocstall_dma 0
allocstall_dma32 0
allocstall_normal 43449
allocstall_movable 29165
allocstall_device 0
pgscan_direct 7538432
pgscan_direct_throttle 0
compact_stall 249978
2026-09-22T03:37:57Z
2450 MHz, 0x0000000000000000, 74, 65.36 W
MemFree:         6976832 kB
MemAvailable:    8433984 kB
Cached:          4615568 kB
SwapFree:       11350132 kB
allocstall_dma 0
allocstall_dma32 0
allocstall_normal 43449
allocstall_movable 29165
allocstall_device 0
pgscan_direct 7538432
pgscan_direct_throttle 0
compact_stall 249978
2026-09-22T03:37:58Z
2444 MHz, 0x0000000000000000, 74, 65.78 W
MemFree:         6980364 kB
MemAvailable:    8437516 kB
Cached:          4615568 kB
SwapFree:       11350132 kB
allocstall_dma 0
allocstall_dma32 0
allocstall_normal 43449
allocstall_movable 29165
allocstall_device 0
pgscan_direct 7538432
pgscan_direct_throttle 0
compact_stall 249978
2026-09-22T03:37:59Z
2444 MHz, 0x0000000000000000, 73, 65.89 W
MemFree:         6962148 kB
MemAvailable:    8419300 kB
Cached:          4615568 kB
SwapFree:       11350132 kB
allocstall_dma 0
allocstall_dma32 0
allocstall_normal 43449
allocstall_movable 29165
allocstall_device 0
pgscan_direct 7538432
pgscan_direct_throttle 0
compact_stall 249978
2026-09-22T03:38:00Z
2450 MHz, 0x0000000000000000, 74, 66.09 W
MemFree:         6981664 kB
MemAvailable:    8438816 kB
Cached:          4615568 kB
SwapFree:       11350132 kB
allocstall_dma 0
allocstall_dma32 0
allocstall_normal 43449
allocstall_movable 29165
allocstall_device 0
pgscan_direct 7538432
pgscan_direct_throttle 0
compact_stall 249978
2026-09-22T03:38:01Z
2450 MHz, 0x0000000000000000, 75, 66.60 W
MemFree:         6991388 kB
MemAvailable:    8448540 kB
Cached:          4615568 kB
SwapFree:       11350132 kB
allocstall_dma 0
allocstall_dma32 0
allocstall_normal 43449
allocstall_movable 29165
allocstall_device 0
pgscan_direct 7538432
pgscan_direct_throttle 0
compact_stall 249978
2026-09-22T03:38:02Z
2450 MHz, 0x0000000000000000, 74, 66.82 W
MemFree:         6956728 kB
MemAvailable:    8441208 kB
Cached:          4642904 kB
SwapFree:       11350136 kB
allocstall_dma 0
allocstall_dma32 0
allocstall_normal 43449
allocstall_movable 29165
allocstall_device 0
pgscan_direct 7538432
pgscan_direct_throttle 0
compact_stall 249978
2026-09-22T03:38:03Z
2450 MHz, 0x0000000000000000, 73, 66.46 W
MemFree:         6955976 kB
MemAvailable:    8440456 kB
Cached:          4642900 kB
SwapFree:       11350136 kB
allocstall_dma 0
allocstall_dma32 0
allocstall_normal 43449
allocstall_movable 29165
allocstall_device 0
pgscan_direct 7538432
pgscan_direct_throttle 0
compact_stall 249978
2026-09-22T03:38:04Z
2450 MHz, 0x0000000000000000, 76, 68.72 W
MemFree:         6952772 kB
MemAvailable:    8437256 kB
Cached:          4642900 kB
SwapFree:       11350136 kB
allocstall_dma 0
allocstall_dma32 0
allocstall_normal 43449
allocstall_movable 29165
allocstall_device 0
pgscan_direct 7538432
pgscan_direct_throttle 0
compact_stall 249978
2026-09-22T03:38:05Z
2450 MHz, 0x0000000000000000, 75, 66.69 W
MemFree:         6949364 kB
MemAvailable:    8433856 kB
Cached:          4642900 kB
SwapFree:       11350136 kB
allocstall_dma 0
allocstall_dma32 0
allocstall_normal 43449
allocstall_movable 29165
allocstall_device 0
pgscan_direct 7538432
pgscan_direct_throttle 0
compact_stall 249978
2026-09-22T03:38:06Z
2450 MHz, 0x0000000000000000, 74, 67.79 W
MemFree:         6950652 kB
MemAvailable:    8435144 kB
Cached:          4642900 kB
SwapFree:       11350136 kB
allocstall_dma 0
allocstall_dma32 0
allocstall_normal 43449
allocstall_movable 29165
allocstall_device 0
pgscan_direct 7538432
pgscan_direct_throttle 0
compact_stall 249978
2026-09-22T03:38:07Z
2450 MHz, 0x0000000000000000, 72, 68.22 W
MemFree:         6950772 kB
MemAvailable:    8435264 kB
Cached:          4642900 kB
SwapFree:       11350136 kB
allocstall_dma 0
allocstall_dma32 0
allocstall_normal 43449
allocstall_movable 29165
allocstall_device 0
pgscan_direct 7538432
pgscan_direct_throttle 0
compact_stall 249978
2026-09-22T03:38:08Z
2450 MHz, 0x0000000000000000, 75, 68.71 W
MemFree:         6971980 kB
MemAvailable:    8456472 kB
Cached:          4642900 kB
SwapFree:       11350136 kB
allocstall_dma 0
allocstall_dma32 0
allocstall_normal 43449
allocstall_movable 29165
allocstall_device 0
pgscan_direct 7538432
pgscan_direct_throttle 0
compact_stall 249978
2026-09-22T03:38:09Z
2450 MHz, 0x0000000000000000, 75, 68.66 W
MemFree:         6962072 kB
MemAvailable:    8446564 kB
Cached:          4642900 kB
SwapFree:       11350136 kB
allocstall_dma 0
allocstall_dma32 0
allocstall_normal 43449
allocstall_movable 29165
allocstall_device 0
pgscan_direct 7538432
pgscan_direct_throttle 0
compact_stall 249978
2026-09-22T03:38:11Z
2444 MHz, 0x0000000000000000, 75, 69.00 W
MemFree:         6964428 kB
MemAvailable:    8448920 kB
Cached:          4642900 kB
SwapFree:       11350136 kB
allocstall_dma 0
allocstall_dma32 0
allocstall_normal 43449
allocstall_movable 29165
allocstall_device 0
pgscan_direct 7538432
pgscan_direct_throttle 0
compact_stall 249978
2026-09-22T03:38:12Z
2450 MHz, 0x0000000000000000, 75, 68.72 W
MemFree:         6961448 kB
MemAvailable:    8445940 kB
Cached:          4642900 kB
SwapFree:       11350136 kB
allocstall_dma 0
allocstall_dma32 0
allocstall_normal 43449
allocstall_movable 29165
allocstall_device 0
pgscan_direct 7538432
pgscan_direct_throttle 0
compact_stall 249978
2026-09-22T03:38:13Z
2450 MHz, 0x0000000000000000, 75, 69.29 W
MemFree:         6971332 kB
MemAvailable:    8455824 kB
Cached:          4642900 kB
SwapFree:       11350136 kB
allocstall_dma 0
allocstall_dma32 0
allocstall_normal 43449
allocstall_movable 29165
allocstall_device 0
pgscan_direct 7538432
pgscan_direct_throttle 0
compact_stall 249978
2026-09-22T03:38:14Z
2450 MHz, 0x0000000000000000, 74, 69.67 W
MemFree:         7004292 kB
MemAvailable:    8488784 kB
Cached:          4642900 kB
SwapFree:       11350136 kB
allocstall_dma 0
allocstall_dma32 0
allocstall_normal 43449
allocstall_movable 29165
allocstall_device 0
pgscan_direct 7538432
pgscan_direct_throttle 0
compact_stall 249978
2026-09-22T03:38:15Z
2450 MHz, 0x0000000000000000, 77, 70.82 W
MemFree:         6979668 kB
MemAvailable:    8464160 kB
Cached:          4642900 kB
SwapFree:       11350136 kB
allocstall_dma 0
allocstall_dma32 0
allocstall_normal 43449
allocstall_movable 29165
allocstall_device 0
pgscan_direct 7538432
pgscan_direct_throttle 0
compact_stall 249978
2026-09-22T03:38:16Z
2450 MHz, 0x0000000000000000, 77, 70.13 W
MemFree:         6987692 kB
MemAvailable:    8472192 kB
Cached:          4642900 kB
SwapFree:       11350136 kB
allocstall_dma 0
allocstall_dma32 0
allocstall_normal 43449
allocstall_movable 29165
allocstall_device 0
pgscan_direct 7538432
pgscan_direct_throttle 0
compact_stall 249978
2026-09-22T03:38:17Z
2444 MHz, 0x0000000000000000, 76, 69.68 W
MemFree:         6976988 kB
MemAvailable:    8461488 kB
Cached:          4642900 kB
SwapFree:       11350136 kB
allocstall_dma 0
allocstall_dma32 0
allocstall_normal 43449
allocstall_movable 29165
allocstall_device 0
pgscan_direct 7538432
pgscan_direct_throttle 0
compact_stall 249978
2026-09-22T03:38:18Z
2450 MHz, 0x0000000000000000, 76, 69.86 W
MemFree:         6970332 kB
MemAvailable:    8454832 kB
Cached:          4642900 kB
SwapFree:       11350136 kB
allocstall_dma 0
allocstall_dma32 0
allocstall_normal 43449
allocstall_movable 29165
allocstall_device 0
pgscan_direct 7538432
pgscan_direct_throttle 0
compact_stall 249978
2026-09-22T03:38:19Z
2444 MHz, 0x0000000000000000, 78, 70.73 W
MemFree:         6969624 kB
MemAvailable:    8454124 kB
Cached:          4642900 kB
SwapFree:       11350136 kB
allocstall_dma 0
allocstall_dma32 0
allocstall_normal 43449
allocstall_movable 29165
allocstall_device 0
pgscan_direct 7538432
pgscan_direct_throttle 0
compact_stall 249978
2026-09-22T03:38:20Z
2450 MHz, 0x0000000000000000, 76, 69.90 W
MemFree:         6972704 kB
MemAvailable:    8457204 kB
Cached:          4642900 kB
SwapFree:       11350136 kB
allocstall_dma 0
allocstall_dma32 0
allocstall_normal 43449
allocstall_movable 29165
allocstall_device 0
pgscan_direct 7538432
pgscan_direct_throttle 0
compact_stall 249978
2026-09-22T03:38:21Z
2450 MHz, 0x0000000000000000, 76, 70.68 W
MemFree:         6964032 kB
MemAvailable:    8448532 kB
Cached:          4642900 kB
SwapFree:       11350136 kB
allocstall_dma 0
allocstall_dma32 0
allocstall_normal 43449
allocstall_movable 29165
allocstall_device 0
pgscan_direct 7538432
pgscan_direct_throttle 0
compact_stall 249978
2026-09-22T03:38:22Z
2450 MHz, 0x0000000000000000, 77, 72.03 W
MemFree:         6962820 kB
MemAvailable:    8447320 kB
Cached:          4642900 kB
SwapFree:       11350136 kB
allocstall_dma 0
allocstall_dma32 0
allocstall_normal 43449
allocstall_movable 29165
allocstall_device 0
pgscan_direct 7538432
pgscan_direct_throttle 0
compact_stall 249978
2026-09-22T03:38:23Z
2450 MHz, 0x0000000000000000, 77, 71.10 W
MemFree:         6980756 kB
MemAvailable:    8465256 kB
Cached:          4642900 kB
SwapFree:       11350136 kB
allocstall_dma 0
allocstall_dma32 0
allocstall_normal 43449
allocstall_movable 29165
allocstall_device 0
pgscan_direct 7538432
pgscan_direct_throttle 0
compact_stall 249978
2026-09-22T03:38:24Z
2444 MHz, 0x0000000000000000, 71, 43.97 W
MemFree:         6805084 kB
MemAvailable:    8289584 kB
Cached:          4642900 kB
SwapFree:       11350328 kB
allocstall_dma 0
allocstall_dma32 0
allocstall_normal 43449
allocstall_movable 29165
allocstall_device 0
pgscan_direct 7538432
pgscan_direct_throttle 0
compact_stall 249978
2026-09-22T03:38:25Z
2405 MHz, 0x0000000000000000, 70, 18.14 W
MemFree:         6736840 kB
MemAvailable:    8221340 kB
Cached:          4647572 kB
SwapFree:       11350588 kB
allocstall_dma 0
allocstall_dma32 0
allocstall_normal 43449
allocstall_movable 29165
allocstall_device 0
pgscan_direct 7538432
pgscan_direct_throttle 0
compact_stall 249978
2026-09-22T03:38:26Z
2450 MHz, 0x0000000000000000, 78, 63.65 W
MemFree:         6745508 kB
MemAvailable:    8230008 kB
Cached:          4647672 kB
SwapFree:       11350588 kB
allocstall_dma 0
allocstall_dma32 0
allocstall_normal 43449
allocstall_movable 29165
allocstall_device 0
pgscan_direct 7538432
pgscan_direct_throttle 0
compact_stall 249978
2026-09-22T03:38:27Z
2444 MHz, 0x0000000000000000, 78, 72.43 W
MemFree:         6745328 kB
MemAvailable:    8229828 kB
Cached:          4647672 kB
SwapFree:       11350588 kB
allocstall_dma 0
allocstall_dma32 0
allocstall_normal 43449
allocstall_movable 29165
allocstall_device 0
pgscan_direct 7538432
pgscan_direct_throttle 0
compact_stall 249978
2026-09-22T03:38:28Z
2450 MHz, 0x0000000000000000, 77, 71.29 W
MemFree:         6760460 kB
MemAvailable:    8244960 kB
Cached:          4647672 kB
SwapFree:       11350588 kB
allocstall_dma 0
allocstall_dma32 0
allocstall_normal 43449
allocstall_movable 29165
allocstall_device 0
pgscan_direct 7538432
pgscan_direct_throttle 0
compact_stall 249978
2026-09-22T03:38:29Z
2450 MHz, 0x0000000000000000, 76, 71.46 W
MemFree:         6786124 kB
MemAvailable:    8270624 kB
Cached:          4647672 kB
SwapFree:       11350588 kB
allocstall_dma 0
allocstall_dma32 0
allocstall_normal 43449
allocstall_movable 29165
allocstall_device 0
pgscan_direct 7538432
pgscan_direct_throttle 0
compact_stall 249978
2026-09-22T03:38:30Z
2444 MHz, 0x0000000000000000, 78, 71.46 W
MemFree:         6791112 kB
MemAvailable:    8275612 kB
Cached:          4647672 kB
SwapFree:       11350588 kB
allocstall_dma 0
allocstall_dma32 0
allocstall_normal 43449
allocstall_movable 29165
allocstall_device 0
pgscan_direct 7538432
pgscan_direct_throttle 0
compact_stall 249978
2026-09-22T03:38:32Z
2450 MHz, 0x0000000000000000, 78, 73.36 W
MemFree:         6778924 kB
MemAvailable:    8263432 kB
Cached:          4647672 kB
SwapFree:       11350588 kB
allocstall_dma 0
allocstall_dma32 0
allocstall_normal 43449
allocstall_movable 29165
allocstall_device 0
pgscan_direct 7538432
pgscan_direct_throttle 0
compact_stall 249978
2026-09-22T03:38:33Z
2444 MHz, 0x0000000000000000, 79, 72.00 W
MemFree:         6792780 kB
MemAvailable:    8277288 kB
Cached:          4647672 kB
SwapFree:       11350588 kB
allocstall_dma 0
allocstall_dma32 0
allocstall_normal 43449
allocstall_movable 29165
allocstall_device 0
pgscan_direct 7538432
pgscan_direct_throttle 0
compact_stall 249978
2026-09-22T03:38:34Z
2450 MHz, 0x0000000000000000, 77, 71.37 W
MemFree:         6796644 kB
MemAvailable:    8281152 kB
Cached:          4647672 kB
SwapFree:       11350588 kB
allocstall_dma 0
allocstall_dma32 0
allocstall_normal 43449
allocstall_movable 29165
allocstall_device 0
pgscan_direct 7538432
pgscan_direct_throttle 0
compact_stall 249978
2026-09-22T03:38:35Z
2450 MHz, 0x0000000000000000, 78, 72.23 W
MemFree:         6787636 kB
MemAvailable:    8272148 kB
Cached:          4647672 kB
SwapFree:       11350588 kB
allocstall_dma 0
allocstall_dma32 0
allocstall_normal 43449
allocstall_movable 29165
allocstall_device 0
pgscan_direct 7538432
pgscan_direct_throttle 0
compact_stall 249978
2026-09-22T03:38:36Z
2444 MHz, 0x0000000000000000, 77, 73.76 W
MemFree:         6781584 kB
MemAvailable:    8266096 kB
Cached:          4647672 kB
SwapFree:       11350588 kB
allocstall_dma 0
allocstall_dma32 0
allocstall_normal 43449
allocstall_movable 29165
allocstall_device 0
pgscan_direct 7538432
pgscan_direct_throttle 0
compact_stall 249978
2026-09-22T03:38:37Z
2450 MHz, 0x0000000000000000, 80, 72.02 W
MemFree:         6762792 kB
MemAvailable:    8247304 kB
Cached:          4647672 kB
SwapFree:       11350588 kB
allocstall_dma 0
allocstall_dma32 0
allocstall_normal 43449
allocstall_movable 29165
allocstall_device 0
pgscan_direct 7538432
pgscan_direct_throttle 0
compact_stall 249978
2026-09-22T03:38:38Z
2450 MHz, 0x0000000000000000, 78, 73.04 W
MemFree:         6778596 kB
MemAvailable:    8263108 kB
Cached:          4647672 kB
SwapFree:       11350588 kB
allocstall_dma 0
allocstall_dma32 0
allocstall_normal 43449
allocstall_movable 29165
allocstall_device 0
pgscan_direct 7538432
pgscan_direct_throttle 0
compact_stall 249978
2026-09-22T03:38:39Z
2450 MHz, 0x0000000000000000, 78, 72.04 W
MemFree:         6808760 kB
MemAvailable:    8293276 kB
Cached:          4647672 kB
SwapFree:       11350588 kB
allocstall_dma 0
allocstall_dma32 0
allocstall_normal 43449
allocstall_movable 29165
allocstall_device 0
pgscan_direct 7538432
pgscan_direct_throttle 0
compact_stall 249978
2026-09-22T03:38:40Z
2450 MHz, 0x0000000000000000, 78, 72.04 W
MemFree:         6800412 kB
MemAvailable:    8284928 kB
Cached:          4647672 kB
SwapFree:       11350588 kB
allocstall_dma 0
allocstall_dma32 0
allocstall_normal 43449
allocstall_movable 29165
allocstall_device 0
pgscan_direct 7538432
pgscan_direct_throttle 0
compact_stall 249978
2026-09-22T03:38:41Z
2444 MHz, 0x0000000000000000, 79, 74.69 W
MemFree:         6815588 kB
MemAvailable:    8300104 kB
Cached:          4647672 kB
SwapFree:       11350588 kB
allocstall_dma 0
allocstall_dma32 0
allocstall_normal 43449
allocstall_movable 29165
allocstall_device 0
pgscan_direct 7538432
pgscan_direct_throttle 0
compact_stall 249978
2026-09-22T03:38:42Z
2444 MHz, 0x0000000000000000, 80, 72.77 W
MemFree:         6800852 kB
MemAvailable:    8285368 kB
Cached:          4647672 kB
SwapFree:       11350588 kB
allocstall_dma 0
allocstall_dma32 0
allocstall_normal 43449
allocstall_movable 29165
allocstall_device 0
pgscan_direct 7538432
pgscan_direct_throttle 0
compact_stall 249978
2026-09-22T03:38:43Z
2444 MHz, 0x0000000000000000, 80, 72.68 W
MemFree:         6808856 kB
MemAvailable:    8293372 kB
Cached:          4647672 kB
SwapFree:       11350588 kB
allocstall_dma 0
allocstall_dma32 0
allocstall_normal 43449
allocstall_movable 29165
allocstall_device 0
pgscan_direct 7538432
pgscan_direct_throttle 0
compact_stall 249978
2026-09-22T03:38:44Z
2450 MHz, 0x0000000000000000, 78, 73.82 W
MemFree:         6799472 kB
MemAvailable:    8283988 kB
Cached:          4647672 kB
SwapFree:       11350588 kB
allocstall_dma 0
allocstall_dma32 0
allocstall_normal 43449
allocstall_movable 29165
allocstall_device 0
pgscan_direct 7538432
pgscan_direct_throttle 0
compact_stall 249978
2026-09-22T03:38:45Z
2437 MHz, 0x0000000000000000, 77, 72.60 W
MemFree:         6808960 kB
MemAvailable:    8293484 kB
Cached:          4647672 kB
SwapFree:       11350588 kB
allocstall_dma 0
allocstall_dma32 0
allocstall_normal 43449
allocstall_movable 29165
allocstall_device 0
pgscan_direct 7538432
pgscan_direct_throttle 0
compact_stall 249978
2026-09-22T03:38:46Z
2444 MHz, 0x0000000000000000, 78, 73.36 W
MemFree:         6791272 kB
MemAvailable:    8275796 kB
Cached:          4647672 kB
SwapFree:       11350588 kB
allocstall_dma 0
allocstall_dma32 0
allocstall_normal 43449
allocstall_movable 29165
allocstall_device 0
pgscan_direct 7538432
pgscan_direct_throttle 0
compact_stall 249978
2026-09-22T03:38:47Z
2444 MHz, 0x0000000000000000, 75, 73.66 W
MemFree:         6827456 kB
MemAvailable:    8311980 kB
Cached:          4647672 kB
SwapFree:       11350588 kB
allocstall_dma 0
allocstall_dma32 0
allocstall_normal 43449
allocstall_movable 29165
allocstall_device 0
pgscan_direct 7538432
pgscan_direct_throttle 0
compact_stall 249978
2026-09-22T03:38:48Z
2437 MHz, 0x0000000000000000, 78, 74.47 W
MemFree:         6816504 kB
MemAvailable:    8301028 kB
Cached:          4647672 kB
SwapFree:       11350588 kB
allocstall_dma 0
allocstall_dma32 0
allocstall_normal 43449
allocstall_movable 29165
allocstall_device 0
pgscan_direct 7538432
pgscan_direct_throttle 0
compact_stall 249978
2026-09-22T03:38:49Z
2437 MHz, 0x0000000000000000, 80, 74.68 W
MemFree:         6805928 kB
MemAvailable:    8290452 kB
Cached:          4647672 kB
SwapFree:       11350588 kB
allocstall_dma 0
allocstall_dma32 0
allocstall_normal 43449
allocstall_movable 29165
allocstall_device 0
pgscan_direct 7538432
pgscan_direct_throttle 0
compact_stall 249978
2026-09-22T03:38:50Z
2437 MHz, 0x0000000000000000, 81, 73.62 W
MemFree:         6813292 kB
MemAvailable:    8297816 kB
Cached:          4647672 kB
SwapFree:       11350588 kB
allocstall_dma 0
allocstall_dma32 0
allocstall_normal 43449
allocstall_movable 29165
allocstall_device 0
pgscan_direct 7538432
pgscan_direct_throttle 0
compact_stall 249978
2026-09-22T03:38:51Z
2431 MHz, 0x0000000000000000, 78, 72.72 W
MemFree:         6816396 kB
MemAvailable:    8300920 kB
Cached:          4647672 kB
SwapFree:       11350588 kB
allocstall_dma 0
allocstall_dma32 0
allocstall_normal 43449
allocstall_movable 29165
allocstall_device 0
pgscan_direct 7538432
pgscan_direct_throttle 0
compact_stall 249978
2026-09-22T03:38:53Z
2431 MHz, 0x0000000000000000, 79, 75.78 W
MemFree:         6807164 kB
MemAvailable:    8291688 kB
Cached:          4647672 kB
SwapFree:       11350588 kB
allocstall_dma 0
allocstall_dma32 0
allocstall_normal 43449
allocstall_movable 29165
allocstall_device 0
pgscan_direct 7538432
pgscan_direct_throttle 0
compact_stall 249978
2026-09-22T03:38:54Z
2431 MHz, 0x0000000000000000, 80, 74.20 W
MemFree:         6791428 kB
MemAvailable:    8275952 kB
Cached:          4647672 kB
SwapFree:       11350588 kB
allocstall_dma 0
allocstall_dma32 0
allocstall_normal 43449
allocstall_movable 29165
allocstall_device 0
pgscan_direct 7538432
pgscan_direct_throttle 0
compact_stall 249978
2026-09-22T03:38:55Z
2424 MHz, 0x0000000000000000, 79, 73.29 W
MemFree:         6798216 kB
MemAvailable:    8282740 kB
Cached:          4647672 kB
SwapFree:       11350588 kB
allocstall_dma 0
allocstall_dma32 0
allocstall_normal 43449
allocstall_movable 29165
allocstall_device 0
pgscan_direct 7538432
pgscan_direct_throttle 0
compact_stall 249978
2026-09-22T03:38:56Z
2431 MHz, 0x0000000000000000, 80, 75.29 W
MemFree:         6804420 kB
MemAvailable:    8288944 kB
Cached:          4647672 kB
SwapFree:       11350588 kB
allocstall_dma 0
allocstall_dma32 0
allocstall_normal 43449
allocstall_movable 29165
allocstall_device 0
pgscan_direct 7538432
pgscan_direct_throttle 0
compact_stall 249978
2026-09-22T03:38:57Z
2418 MHz, 0x0000000000000000, 81, 73.94 W
MemFree:         6811380 kB
MemAvailable:    8295904 kB
Cached:          4647672 kB
SwapFree:       11350588 kB
allocstall_dma 0
allocstall_dma32 0
allocstall_normal 43449
allocstall_movable 29165
allocstall_device 0
pgscan_direct 7538432
pgscan_direct_throttle 0
compact_stall 249978
2026-09-22T03:38:58Z
2431 MHz, 0x0000000000000000, 79, 73.57 W
MemFree:         6793752 kB
MemAvailable:    8278276 kB
Cached:          4647672 kB
SwapFree:       11350588 kB
allocstall_dma 0
allocstall_dma32 0
allocstall_normal 43449
allocstall_movable 29165
allocstall_device 0
pgscan_direct 7538432
pgscan_direct_throttle 0
compact_stall 249978
2026-09-22T03:38:59Z
2437 MHz, 0x0000000000000000, 80, 75.51 W
MemFree:         6808432 kB
MemAvailable:    8292956 kB
Cached:          4647672 kB
SwapFree:       11350588 kB
allocstall_dma 0
allocstall_dma32 0
allocstall_normal 43449
allocstall_movable 29165
allocstall_device 0
pgscan_direct 7538432
pgscan_direct_throttle 0
compact_stall 249978
2026-09-22T03:39:00Z
2424 MHz, 0x0000000000000000, 81, 74.33 W
MemFree:         6797188 kB
MemAvailable:    8281712 kB
Cached:          4647672 kB
SwapFree:       11350588 kB
allocstall_dma 0
allocstall_dma32 0
allocstall_normal 43449
allocstall_movable 29165
allocstall_device 0
pgscan_direct 7538432
pgscan_direct_throttle 0
compact_stall 249978
2026-09-22T03:39:01Z
2418 MHz, 0x0000000000000000, 80, 74.47 W
MemFree:         6803012 kB
MemAvailable:    8287536 kB
Cached:          4647672 kB
SwapFree:       11350588 kB
allocstall_dma 0
allocstall_dma32 0
allocstall_normal 43449
allocstall_movable 29165
allocstall_device 0
pgscan_direct 7538432
pgscan_direct_throttle 0
compact_stall 249978
2026-09-22T03:39:02Z
2418 MHz, 0x0000000000000000, 81, 72.96 W
MemFree:         6771112 kB
MemAvailable:    8255760 kB
Cached:          4647800 kB
SwapFree:       11350588 kB
allocstall_dma 0
allocstall_dma32 0
allocstall_normal 43449
allocstall_movable 29165
allocstall_device 0
pgscan_direct 7538432
pgscan_direct_throttle 0
compact_stall 249978
2026-09-22T03:39:03Z
2424 MHz, 0x0000000000000000, 81, 75.61 W
MemFree:         6772608 kB
MemAvailable:    8257432 kB
Cached:          4647980 kB
SwapFree:       11350588 kB
allocstall_dma 0
allocstall_dma32 0
allocstall_normal 43449
allocstall_movable 29165
allocstall_device 0
pgscan_direct 7538432
pgscan_direct_throttle 0
compact_stall 249978
2026-09-22T03:39:04Z
2424 MHz, 0x0000000000000000, 80, 73.88 W
MemFree:         6758504 kB
MemAvailable:    8243328 kB
Cached:          4647980 kB
SwapFree:       11350588 kB
allocstall_dma 0
allocstall_dma32 0
allocstall_normal 43449
allocstall_movable 29165
allocstall_device 0
pgscan_direct 7538432
pgscan_direct_throttle 0
compact_stall 249978
2026-09-22T03:39:05Z
2418 MHz, 0x0000000000000000, 79, 74.86 W
MemFree:         6778372 kB
MemAvailable:    8263196 kB
Cached:          4647980 kB
SwapFree:       11350588 kB
allocstall_dma 0
allocstall_dma32 0
allocstall_normal 43449
allocstall_movable 29165
allocstall_device 0
pgscan_direct 7538432
pgscan_direct_throttle 0
compact_stall 249978
2026-09-22T03:39:06Z
2424 MHz, 0x0000000000000000, 81, 75.50 W
MemFree:         6753880 kB
MemAvailable:    8238704 kB
Cached:          4647980 kB
SwapFree:       11350592 kB
allocstall_dma 0
allocstall_dma32 0
allocstall_normal 43449
allocstall_movable 29165
allocstall_device 0
pgscan_direct 7538432
pgscan_direct_throttle 0
compact_stall 249978
2026-09-22T03:39:07Z
2431 MHz, 0x0000000000000000, 79, 74.87 W
MemFree:         6748764 kB
MemAvailable:    8233596 kB
Cached:          4647980 kB
SwapFree:       11350592 kB
allocstall_dma 0
allocstall_dma32 0
allocstall_normal 43449
allocstall_movable 29165
allocstall_device 0
pgscan_direct 7538432
pgscan_direct_throttle 0
compact_stall 249978
2026-09-22T03:39:08Z
2431 MHz, 0x0000000000000000, 82, 74.53 W
MemFree:         6768812 kB
MemAvailable:    8253652 kB
Cached:          4647980 kB
SwapFree:       11350592 kB
allocstall_dma 0
allocstall_dma32 0
allocstall_normal 43449
allocstall_movable 29165
allocstall_device 0
pgscan_direct 7538432
pgscan_direct_throttle 0
compact_stall 249978
2026-09-22T03:39:09Z
2431 MHz, 0x0000000000000000, 78, 74.56 W
MemFree:         6767808 kB
MemAvailable:    8252648 kB
Cached:          4647980 kB
SwapFree:       11350592 kB
allocstall_dma 0
allocstall_dma32 0
allocstall_normal 43449
allocstall_movable 29165
allocstall_device 0
pgscan_direct 7538432
pgscan_direct_throttle 0
compact_stall 249978
2026-09-22T03:39:10Z
2411 MHz, 0x0000000000000000, 79, 76.76 W
MemFree:         6780588 kB
MemAvailable:    8265428 kB
Cached:          4647980 kB
SwapFree:       11350592 kB
allocstall_dma 0
allocstall_dma32 0
allocstall_normal 43449
allocstall_movable 29165
allocstall_device 0
pgscan_direct 7538432
pgscan_direct_throttle 0
compact_stall 249978
2026-09-22T03:39:11Z
2437 MHz, 0x0000000000000000, 81, 74.54 W
MemFree:         6792480 kB
MemAvailable:    8277320 kB
Cached:          4647980 kB
SwapFree:       11350592 kB
allocstall_dma 0
allocstall_dma32 0
allocstall_normal 43449
allocstall_movable 29165
allocstall_device 0
pgscan_direct 7538432
pgscan_direct_throttle 0
compact_stall 249978
2026-09-22T03:39:13Z
2431 MHz, 0x0000000000000000, 82, 75.63 W
MemFree:         6777468 kB
MemAvailable:    8262308 kB
Cached:          4647980 kB
SwapFree:       11350592 kB
allocstall_dma 0
allocstall_dma32 0
allocstall_normal 43449
allocstall_movable 29165
allocstall_device 0
pgscan_direct 7538432
pgscan_direct_throttle 0
compact_stall 249978
2026-09-22T03:39:14Z
2418 MHz, 0x0000000000000000, 80, 75.55 W
MemFree:         6798500 kB
MemAvailable:    8283340 kB
Cached:          4647980 kB
SwapFree:       11350592 kB
allocstall_dma 0
allocstall_dma32 0
allocstall_normal 43449
allocstall_movable 29165
allocstall_device 0
pgscan_direct 7538432
pgscan_direct_throttle 0
compact_stall 249978
2026-09-22T03:39:15Z
2424 MHz, 0x0000000000000000, 80, 76.04 W
MemFree:         6788208 kB
MemAvailable:    8273048 kB
Cached:          4647980 kB
SwapFree:       11350592 kB
allocstall_dma 0
allocstall_dma32 0
allocstall_normal 43449
allocstall_movable 29165
allocstall_device 0
pgscan_direct 7538432
pgscan_direct_throttle 0
compact_stall 249978
2026-09-22T03:39:16Z
2424 MHz, 0x0000000000000000, 82, 76.46 W
MemFree:         6795988 kB
MemAvailable:    8280828 kB
Cached:          4647980 kB
SwapFree:       11350592 kB
allocstall_dma 0
allocstall_dma32 0
allocstall_normal 43449
allocstall_movable 29165
allocstall_device 0
pgscan_direct 7538432
pgscan_direct_throttle 0
compact_stall 249978
2026-09-22T03:39:17Z
2418 MHz, 0x0000000000000000, 82, 74.72 W
MemFree:         6771836 kB
MemAvailable:    8256676 kB
Cached:          4647980 kB
SwapFree:       11350592 kB
allocstall_dma 0
allocstall_dma32 0
allocstall_normal 43449
allocstall_movable 29165
allocstall_device 0
pgscan_direct 7538432
pgscan_direct_throttle 0
compact_stall 249978
2026-09-22T03:39:18Z
2424 MHz, 0x0000000000000000, 82, 75.09 W
MemFree:         6772860 kB
MemAvailable:    8257712 kB
Cached:          4647984 kB
SwapFree:       11350616 kB
allocstall_dma 0
allocstall_dma32 0
allocstall_normal 43449
allocstall_movable 29165
allocstall_device 0
pgscan_direct 7538432
pgscan_direct_throttle 0
compact_stall 249978
2026-09-22T03:39:19Z
2411 MHz, 0x0000000000000000, 80, 76.27 W
MemFree:         6785260 kB
MemAvailable:    8270112 kB
Cached:          4647984 kB
SwapFree:       11350616 kB
allocstall_dma 0
allocstall_dma32 0
allocstall_normal 43449
allocstall_movable 29165
allocstall_device 0
pgscan_direct 7538432
pgscan_direct_throttle 0
compact_stall 249978
2026-09-22T03:39:20Z
2411 MHz, 0x0000000000000000, 80, 76.91 W
MemFree:         6770880 kB
MemAvailable:    8255732 kB
Cached:          4647984 kB
SwapFree:       11350616 kB
allocstall_dma 0
allocstall_dma32 0
allocstall_normal 43449
allocstall_movable 29165
allocstall_device 0
pgscan_direct 7538432
pgscan_direct_throttle 0
compact_stall 249978
2026-09-22T03:39:21Z
2431 MHz, 0x0000000000000000, 80, 76.03 W
MemFree:         6769560 kB
MemAvailable:    8254412 kB
Cached:          4647984 kB
SwapFree:       11350616 kB
allocstall_dma 0
allocstall_dma32 0
allocstall_normal 43449
allocstall_movable 29165
allocstall_device 0
pgscan_direct 7538432
pgscan_direct_throttle 0
compact_stall 249978
2026-09-22T03:39:22Z
2437 MHz, 0x0000000000000000, 79, 76.42 W
MemFree:         6748456 kB
MemAvailable:    8233308 kB
Cached:          4647984 kB
SwapFree:       11350616 kB
allocstall_dma 0
allocstall_dma32 0
allocstall_normal 43449
allocstall_movable 29165
allocstall_device 0
pgscan_direct 7538432
pgscan_direct_throttle 0
compact_stall 249978
2026-09-22T03:39:23Z
2405 MHz, 0x0000000000000000, 80, 75.77 W
MemFree:         6749216 kB
MemAvailable:    8234068 kB
Cached:          4647984 kB
SwapFree:       11350616 kB
allocstall_dma 0
allocstall_dma32 0
allocstall_normal 43449
allocstall_movable 29165
allocstall_device 0
pgscan_direct 7538432
pgscan_direct_throttle 0
compact_stall 249978
2026-09-22T03:39:24Z
2418 MHz, 0x0000000000000000, 80, 75.01 W
MemFree:         6749600 kB
MemAvailable:    8234452 kB
Cached:          4647984 kB
SwapFree:       11350616 kB
allocstall_dma 0
allocstall_dma32 0
allocstall_normal 43449
allocstall_movable 29165
allocstall_device 0
pgscan_direct 7538432
pgscan_direct_throttle 0
compact_stall 249978
2026-09-22T03:39:25Z
2411 MHz, 0x0000000000000000, 79, 77.53 W
MemFree:         6771816 kB
MemAvailable:    8256676 kB
Cached:          4647984 kB
SwapFree:       11350616 kB
allocstall_dma 0
allocstall_dma32 0
allocstall_normal 43449
allocstall_movable 29165
allocstall_device 0
pgscan_direct 7538432
pgscan_direct_throttle 0
compact_stall 249978
2026-09-22T03:39:26Z
2431 MHz, 0x0000000000000000, 79, 75.44 W
MemFree:         6780264 kB
MemAvailable:    8265124 kB
Cached:          4647984 kB
SwapFree:       11350616 kB
allocstall_dma 0
allocstall_dma32 0
allocstall_normal 43449
allocstall_movable 29165
allocstall_device 0
pgscan_direct 7538432
pgscan_direct_throttle 0
compact_stall 249978
2026-09-22T03:39:27Z
2424 MHz, 0x0000000000000000, 80, 76.67 W
MemFree:         6779612 kB
MemAvailable:    8264472 kB
Cached:          4647984 kB
SwapFree:       11350616 kB
allocstall_dma 0
allocstall_dma32 0
allocstall_normal 43449
allocstall_movable 29165
allocstall_device 0
pgscan_direct 7538432
pgscan_direct_throttle 0
compact_stall 249978
2026-09-22T03:39:28Z
2405 MHz, 0x0000000000000000, 80, 75.62 W
MemFree:         6779064 kB
MemAvailable:    8263924 kB
Cached:          4647984 kB
SwapFree:       11350616 kB
allocstall_dma 0
allocstall_dma32 0
allocstall_normal 43449
allocstall_movable 29165
allocstall_device 0
pgscan_direct 7538432
pgscan_direct_throttle 0
compact_stall 249978
2026-09-22T03:39:29Z
2418 MHz, 0x0000000000000000, 80, 74.77 W
MemFree:         6778396 kB
MemAvailable:    8263256 kB
Cached:          4647984 kB
SwapFree:       11350616 kB
allocstall_dma 0
allocstall_dma32 0
allocstall_normal 43449
allocstall_movable 29165
allocstall_device 0
pgscan_direct 7538432
pgscan_direct_throttle 0
compact_stall 249978
2026-09-22T03:39:30Z
2418 MHz, 0x0000000000000000, 82, 75.93 W
MemFree:         6776888 kB
MemAvailable:    8261748 kB
Cached:          4647984 kB
SwapFree:       11350616 kB
allocstall_dma 0
allocstall_dma32 0
allocstall_normal 43449
allocstall_movable 29165
allocstall_device 0
pgscan_direct 7538432
pgscan_direct_throttle 0
compact_stall 249978
2026-09-22T03:39:31Z
2411 MHz, 0x0000000000000000, 82, 76.36 W
MemFree:         6761000 kB
MemAvailable:    8245860 kB
Cached:          4647984 kB
SwapFree:       11350616 kB
allocstall_dma 0
allocstall_dma32 0
allocstall_normal 43449
allocstall_movable 29165
allocstall_device 0
pgscan_direct 7538432
pgscan_direct_throttle 0
compact_stall 249978
2026-09-22T03:39:32Z
2437 MHz, 0x0000000000000000, 80, 75.56 W
MemFree:         6775136 kB
MemAvailable:    8259996 kB
Cached:          4647984 kB
SwapFree:       11350616 kB
allocstall_dma 0
allocstall_dma32 0
allocstall_normal 43449
allocstall_movable 29165
allocstall_device 0
pgscan_direct 7538432
pgscan_direct_throttle 0
compact_stall 249978
2026-09-22T03:39:34Z
2431 MHz, 0x0000000000000000, 79, 76.89 W
MemFree:         6796004 kB
MemAvailable:    8280864 kB
Cached:          4647984 kB
SwapFree:       11350616 kB
allocstall_dma 0
allocstall_dma32 0
allocstall_normal 43449
allocstall_movable 29165
allocstall_device 0
pgscan_direct 7538432
pgscan_direct_throttle 0
compact_stall 249978
2026-09-22T03:39:35Z
2411 MHz, 0x0000000000000000, 81, 75.12 W
MemFree:         6785828 kB
MemAvailable:    8270688 kB
Cached:          4647984 kB
SwapFree:       11350616 kB
allocstall_dma 0
allocstall_dma32 0
allocstall_normal 43449
allocstall_movable 29165
allocstall_device 0
pgscan_direct 7538432
pgscan_direct_throttle 0
compact_stall 249978
2026-09-22T03:39:36Z
2424 MHz, 0x0000000000000000, 80, 76.38 W
MemFree:         6792204 kB
MemAvailable:    8277176 kB
Cached:          4648116 kB
SwapFree:       11350616 kB
allocstall_dma 0
allocstall_dma32 0
allocstall_normal 43449
allocstall_movable 29165
allocstall_device 0
pgscan_direct 7538432
pgscan_direct_throttle 0
compact_stall 249978
2026-09-22T03:39:37Z
2463 MHz, 0x0000000000000000, 75, 42.48 W
MemFree:         6801024 kB
MemAvailable:    8286296 kB
Cached:          4648384 kB
SwapFree:       11350628 kB
allocstall_dma 0
allocstall_dma32 0
allocstall_normal 43449
allocstall_movable 29165
allocstall_device 0
pgscan_direct 7538432
pgscan_direct_throttle 0
compact_stall 249978
2026-09-22T03:39:38Z
2463 MHz, 0x0000000000000000, 75, 43.15 W
MemFree:         6807816 kB
MemAvailable:    8293088 kB
Cached:          4648384 kB
SwapFree:       11350640 kB
allocstall_dma 0
allocstall_dma32 0
allocstall_normal 43449
allocstall_movable 29165
allocstall_device 0
pgscan_direct 7538432
pgscan_direct_throttle 0
compact_stall 249978
2026-09-22T03:39:39Z
2463 MHz, 0x0000000000000000, 75, 43.76 W
MemFree:         6788236 kB
MemAvailable:    8273508 kB
Cached:          4648384 kB
SwapFree:       11350652 kB
allocstall_dma 0
allocstall_dma32 0
allocstall_normal 43449
allocstall_movable 29165
allocstall_device 0
pgscan_direct 7538432
pgscan_direct_throttle 0
compact_stall 249978
2026-09-22T03:39:40Z
2463 MHz, 0x0000000000000000, 75, 43.57 W
MemFree:         6794576 kB
MemAvailable:    8279908 kB
Cached:          4648448 kB
SwapFree:       11350656 kB
allocstall_dma 0
allocstall_dma32 0
allocstall_normal 43449
allocstall_movable 29165
allocstall_device 0
pgscan_direct 7538432
pgscan_direct_throttle 0
compact_stall 249978
2026-09-22T03:39:41Z
2463 MHz, 0x0000000000000000, 75, 43.41 W
MemFree:         6794200 kB
MemAvailable:    8279532 kB
Cached:          4648448 kB
SwapFree:       11350656 kB
allocstall_dma 0
allocstall_dma32 0
allocstall_normal 43449
allocstall_movable 29165
allocstall_device 0
pgscan_direct 7538432
pgscan_direct_throttle 0
compact_stall 249978
2026-09-22T03:39:42Z
2463 MHz, 0x0000000000000000, 74, 43.37 W
MemFree:         6802180 kB
MemAvailable:    8287516 kB
Cached:          4648448 kB
SwapFree:       11350664 kB
allocstall_dma 0
allocstall_dma32 0
allocstall_normal 43449
allocstall_movable 29165
allocstall_device 0
pgscan_direct 7538432
pgscan_direct_throttle 0
compact_stall 249978
2026-09-22T03:39:43Z
2463 MHz, 0x0000000000000000, 74, 43.27 W
MemFree:         6784972 kB
MemAvailable:    8270308 kB
Cached:          4648448 kB
SwapFree:       11350664 kB
allocstall_dma 0
allocstall_dma32 0
allocstall_normal 43449
allocstall_movable 29165
allocstall_device 0
pgscan_direct 7538432
pgscan_direct_throttle 0
compact_stall 249978
2026-09-22T03:39:44Z
2463 MHz, 0x0000000000000000, 74, 43.20 W
MemFree:         6760564 kB
MemAvailable:    8245900 kB
Cached:          4648448 kB
SwapFree:       11350668 kB
allocstall_dma 0
allocstall_dma32 0
allocstall_normal 43449
allocstall_movable 29165
allocstall_device 0
pgscan_direct 7538432
pgscan_direct_throttle 0
compact_stall 249978
2026-09-22T03:39:45Z
2463 MHz, 0x0000000000000000, 73, 43.12 W
MemFree:         6751772 kB
MemAvailable:    8237116 kB
Cached:          4648448 kB
SwapFree:       11350668 kB
allocstall_dma 0
allocstall_dma32 0
allocstall_normal 43449
allocstall_movable 29165
allocstall_device 0
pgscan_direct 7538432
pgscan_direct_throttle 0
compact_stall 249978
2026-09-22T03:39:46Z
2463 MHz, 0x0000000000000000, 74, 43.14 W
MemFree:         6739028 kB
MemAvailable:    8224372 kB
Cached:          4648448 kB
SwapFree:       11350668 kB
allocstall_dma 0
allocstall_dma32 0
allocstall_normal 43449
allocstall_movable 29165
allocstall_device 0
pgscan_direct 7538432
pgscan_direct_throttle 0
compact_stall 249978
2026-09-22T03:39:47Z
2463 MHz, 0x0000000000000000, 73, 43.11 W
MemFree:         6753844 kB
MemAvailable:    8239188 kB
Cached:          4648448 kB
SwapFree:       11350672 kB
allocstall_dma 0
allocstall_dma32 0
allocstall_normal 43449
allocstall_movable 29165
allocstall_device 0
pgscan_direct 7538432
pgscan_direct_throttle 0
compact_stall 249978
2026-09-22T03:39:48Z
2463 MHz, 0x0000000000000000, 73, 43.10 W
MemFree:         6772236 kB
MemAvailable:    8257580 kB
Cached:          4648448 kB
SwapFree:       11350672 kB
allocstall_dma 0
allocstall_dma32 0
allocstall_normal 43449
allocstall_movable 29165
allocstall_device 0
pgscan_direct 7538432
pgscan_direct_throttle 0
compact_stall 249978
2026-09-22T03:39:49Z
2463 MHz, 0x0000000000000000, 73, 43.01 W
MemFree:         6769336 kB
MemAvailable:    8254680 kB
Cached:          4648452 kB
SwapFree:       11350676 kB
allocstall_dma 0
allocstall_dma32 0
allocstall_normal 43449
allocstall_movable 29165
allocstall_device 0
pgscan_direct 7538432
pgscan_direct_throttle 0
compact_stall 249978
2026-09-22T03:39:50Z
2463 MHz, 0x0000000000000000, 73, 42.85 W
MemFree:         6774748 kB
MemAvailable:    8260092 kB
Cached:          4648452 kB
SwapFree:       11350676 kB
allocstall_dma 0
allocstall_dma32 0
allocstall_normal 43449
allocstall_movable 29165
allocstall_device 0
pgscan_direct 7538432
pgscan_direct_throttle 0
compact_stall 249978
2026-09-22T03:39:51Z
2463 MHz, 0x0000000000000000, 73, 42.17 W
MemFree:         6769656 kB
MemAvailable:    8255000 kB
Cached:          4648452 kB
SwapFree:       11350704 kB
allocstall_dma 0
allocstall_dma32 0
allocstall_normal 43449
allocstall_movable 29165
allocstall_device 0
pgscan_direct 7538432
pgscan_direct_throttle 0
compact_stall 249978
2026-09-22T03:39:52Z
2463 MHz, 0x0000000000000000, 72, 41.83 W
MemFree:         6772456 kB
MemAvailable:    8257840 kB
Cached:          4648488 kB
SwapFree:       11350712 kB
allocstall_dma 0
allocstall_dma32 0
allocstall_normal 43449
allocstall_movable 29165
allocstall_device 0
pgscan_direct 7538432
pgscan_direct_throttle 0
compact_stall 249978
2026-09-22T03:39:53Z
2463 MHz, 0x0000000000000000, 73, 43.13 W
MemFree:         6771008 kB
MemAvailable:    8256504 kB
Cached:          4648604 kB
SwapFree:       11350728 kB
allocstall_dma 0
allocstall_dma32 0
allocstall_normal 43449
allocstall_movable 29165
allocstall_device 0
pgscan_direct 7538432
pgscan_direct_throttle 0
compact_stall 249978
2026-09-22T03:39:55Z
2463 MHz, 0x0000000000000000, 72, 42.56 W
MemFree:         6785712 kB
MemAvailable:    8271216 kB
Cached:          4648604 kB
SwapFree:       11350732 kB
allocstall_dma 0
allocstall_dma32 0
allocstall_normal 43449
allocstall_movable 29165
allocstall_device 0
pgscan_direct 7538432
pgscan_direct_throttle 0
compact_stall 249978
2026-09-22T03:39:56Z
2463 MHz, 0x0000000000000000, 72, 42.65 W
MemFree:         6757536 kB
MemAvailable:    8243040 kB
Cached:          4648604 kB
SwapFree:       11350732 kB
allocstall_dma 0
allocstall_dma32 0
allocstall_normal 43449
allocstall_movable 29165
allocstall_device 0
pgscan_direct 7538432
pgscan_direct_throttle 0
compact_stall 249978
2026-09-22T03:39:57Z
2463 MHz, 0x0000000000000000, 72, 42.45 W
MemFree:         6757004 kB
MemAvailable:    8242508 kB
Cached:          4648604 kB
SwapFree:       11350732 kB
allocstall_dma 0
allocstall_dma32 0
allocstall_normal 43449
allocstall_movable 29165
allocstall_device 0
pgscan_direct 7538432
pgscan_direct_throttle 0
compact_stall 249978
2026-09-22T03:39:58Z
2463 MHz, 0x0000000000000000, 72, 42.48 W
MemFree:         6765728 kB
MemAvailable:    8251232 kB
Cached:          4648604 kB
SwapFree:       11350732 kB
allocstall_dma 0
allocstall_dma32 0
allocstall_normal 43449
allocstall_movable 29165
allocstall_device 0
pgscan_direct 7538432
pgscan_direct_throttle 0
compact_stall 249978
2026-09-22T03:39:59Z
2463 MHz, 0x0000000000000000, 72, 42.47 W
MemFree:         6788076 kB
MemAvailable:    8273580 kB
Cached:          4648724 kB
SwapFree:       11350732 kB
allocstall_dma 0
allocstall_dma32 0
allocstall_normal 43449
allocstall_movable 29165
allocstall_device 0
pgscan_direct 7538432
pgscan_direct_throttle 0
compact_stall 249978
2026-09-22T03:40:00Z
2463 MHz, 0x0000000000000000, 72, 42.39 W
MemFree:         6807152 kB
MemAvailable:    8292656 kB
Cached:          4648724 kB
SwapFree:       11350732 kB
allocstall_dma 0
allocstall_dma32 0
allocstall_normal 43449
allocstall_movable 29165
allocstall_device 0
pgscan_direct 7538432
pgscan_direct_throttle 0
compact_stall 249978
2026-09-22T03:40:01Z
2483 MHz, 0x0000000000000000, 72, 42.42 W
MemFree:         6784712 kB
MemAvailable:    8270216 kB
Cached:          4648724 kB
SwapFree:       11350732 kB
allocstall_dma 0
allocstall_dma32 0
allocstall_normal 43449
allocstall_movable 29165
allocstall_device 0
pgscan_direct 7538432
pgscan_direct_throttle 0
compact_stall 249978
2026-09-22T03:40:02Z
2483 MHz, 0x0000000000000000, 72, 42.40 W
MemFree:         6789916 kB
MemAvailable:    8275540 kB
Cached:          4648724 kB
SwapFree:       11350732 kB
allocstall_dma 0
allocstall_dma32 0
allocstall_normal 43449
allocstall_movable 29165
allocstall_device 0
pgscan_direct 7538432
pgscan_direct_throttle 0
compact_stall 249978
2026-09-22T03:40:03Z
2483 MHz, 0x0000000000000000, 72, 42.32 W
MemFree:         6791952 kB
MemAvailable:    8277576 kB
Cached:          4648724 kB
SwapFree:       11350732 kB
allocstall_dma 0
allocstall_dma32 0
allocstall_normal 43449
allocstall_movable 29165
allocstall_device 0
pgscan_direct 7538432
pgscan_direct_throttle 0
compact_stall 249978
2026-09-22T03:40:04Z
2483 MHz, 0x0000000000000000, 72, 42.38 W
MemFree:         6795164 kB
MemAvailable:    8280788 kB
Cached:          4648724 kB
SwapFree:       11350732 kB
allocstall_dma 0
allocstall_dma32 0
allocstall_normal 43449
allocstall_movable 29165
allocstall_device 0
pgscan_direct 7538432
pgscan_direct_throttle 0
compact_stall 249978
2026-09-22T03:40:05Z
2483 MHz, 0x0000000000000000, 72, 42.49 W
MemFree:         6760784 kB
MemAvailable:    8246408 kB
Cached:          4648724 kB
SwapFree:       11350732 kB
allocstall_dma 0
allocstall_dma32 0
allocstall_normal 43449
allocstall_movable 29165
allocstall_device 0
pgscan_direct 7538432
pgscan_direct_throttle 0
compact_stall 249978
2026-09-22T03:40:06Z
2483 MHz, 0x0000000000000000, 72, 42.47 W
MemFree:         6775112 kB
MemAvailable:    8260744 kB
Cached:          4648724 kB
SwapFree:       11350732 kB
allocstall_dma 0
allocstall_dma32 0
allocstall_normal 43449
allocstall_movable 29165
allocstall_device 0
pgscan_direct 7538432
pgscan_direct_throttle 0
compact_stall 249978
2026-09-22T03:40:07Z
2483 MHz, 0x0000000000000000, 72, 42.31 W
MemFree:         6767048 kB
MemAvailable:    8252680 kB
Cached:          4648724 kB
SwapFree:       11350736 kB
allocstall_dma 0
allocstall_dma32 0
allocstall_normal 43449
allocstall_movable 29165
allocstall_device 0
pgscan_direct 7538432
pgscan_direct_throttle 0
compact_stall 249978
2026-09-22T03:40:08Z
2483 MHz, 0x0000000000000000, 71, 42.36 W
MemFree:         6775424 kB
MemAvailable:    8261056 kB
Cached:          4648724 kB
SwapFree:       11350736 kB
allocstall_dma 0
allocstall_dma32 0
allocstall_normal 43449
allocstall_movable 29165
allocstall_device 0
pgscan_direct 7538432
pgscan_direct_throttle 0
compact_stall 249978
2026-09-22T03:40:09Z
2483 MHz, 0x0000000000000000, 71, 41.94 W
MemFree:         6785712 kB
MemAvailable:    8271480 kB
Cached:          4648980 kB
SwapFree:       11350736 kB
allocstall_dma 0
allocstall_dma32 0
allocstall_normal 43449
allocstall_movable 29165
allocstall_device 0
pgscan_direct 7538432
pgscan_direct_throttle 0
compact_stall 249978
2026-09-22T03:40:10Z
2483 MHz, 0x0000000000000000, 71, 40.34 W
MemFree:         6781068 kB
MemAvailable:    8266836 kB
Cached:          4648980 kB
SwapFree:       11350736 kB
allocstall_dma 0
allocstall_dma32 0
allocstall_normal 43449
allocstall_movable 29165
allocstall_device 0
pgscan_direct 7538432
pgscan_direct_throttle 0
compact_stall 249978
2026-09-22T03:40:11Z
2483 MHz, 0x0000000000000000, 71, 42.50 W
MemFree:         6784724 kB
MemAvailable:    8270740 kB
Cached:          4649108 kB
SwapFree:       11350740 kB
allocstall_dma 0
allocstall_dma32 0
allocstall_normal 43449
allocstall_movable 29165
allocstall_device 0
pgscan_direct 7538432
pgscan_direct_throttle 0
compact_stall 249978
2026-09-22T03:40:13Z
2483 MHz, 0x0000000000000000, 71, 42.07 W
MemFree:         6796724 kB
MemAvailable:    8283176 kB
Cached:          4649532 kB
SwapFree:       11350744 kB
allocstall_dma 0
allocstall_dma32 0
allocstall_normal 43449
allocstall_movable 29165
allocstall_device 0
pgscan_direct 7538432
pgscan_direct_throttle 0
compact_stall 249978
2026-09-22T03:40:14Z
2483 MHz, 0x0000000000000000, 71, 42.14 W
MemFree:         6775452 kB
MemAvailable:    8261912 kB
Cached:          4649532 kB
SwapFree:       11350744 kB
allocstall_dma 0
allocstall_dma32 0
allocstall_normal 43449
allocstall_movable 29165
allocstall_device 0
pgscan_direct 7538432
pgscan_direct_throttle 0
compact_stall 249978
2026-09-22T03:40:15Z
2483 MHz, 0x0000000000000000, 71, 42.12 W
MemFree:         6777800 kB
MemAvailable:    8264260 kB
Cached:          4649532 kB
SwapFree:       11350744 kB
allocstall_dma 0
allocstall_dma32 0
allocstall_normal 43449
allocstall_movable 29165
allocstall_device 0
pgscan_direct 7538432
pgscan_direct_throttle 0
compact_stall 249978
2026-09-22T03:40:16Z
2483 MHz, 0x0000000000000000, 71, 42.08 W
MemFree:         6801988 kB
MemAvailable:    8288448 kB
Cached:          4649532 kB
SwapFree:       11350744 kB
allocstall_dma 0
allocstall_dma32 0
allocstall_normal 43449
allocstall_movable 29165
allocstall_device 0
pgscan_direct 7538432
pgscan_direct_throttle 0
compact_stall 249978
2026-09-22T03:40:17Z
2483 MHz, 0x0000000000000000, 71, 42.06 W
MemFree:         6814772 kB
MemAvailable:    8301232 kB
Cached:          4649532 kB
SwapFree:       11350744 kB
allocstall_dma 0
allocstall_dma32 0
allocstall_normal 43449
allocstall_movable 29165
allocstall_device 0
pgscan_direct 7538432
pgscan_direct_throttle 0
compact_stall 249978
2026-09-22T03:40:18Z
2483 MHz, 0x0000000000000000, 71, 42.16 W
MemFree:         6804056 kB
MemAvailable:    8290516 kB
Cached:          4649532 kB
SwapFree:       11350744 kB
allocstall_dma 0
allocstall_dma32 0
allocstall_normal 43449
allocstall_movable 29165
allocstall_device 0
pgscan_direct 7538432
pgscan_direct_throttle 0
compact_stall 249978
2026-09-22T03:40:19Z
2483 MHz, 0x0000000000000000, 71, 42.06 W
MemFree:         6825184 kB
MemAvailable:    8311652 kB
Cached:          4649536 kB
SwapFree:       11350744 kB
allocstall_dma 0
allocstall_dma32 0
allocstall_normal 43449
allocstall_movable 29165
allocstall_device 0
pgscan_direct 7538432
pgscan_direct_throttle 0
compact_stall 249978
2026-09-22T03:40:20Z
2483 MHz, 0x0000000000000000, 71, 42.11 W
MemFree:         6829492 kB
MemAvailable:    8315964 kB
Cached:          4649536 kB
SwapFree:       11350744 kB
allocstall_dma 0
allocstall_dma32 0
allocstall_normal 43449
allocstall_movable 29165
allocstall_device 0
pgscan_direct 7538432
pgscan_direct_throttle 0
compact_stall 249978
2026-09-22T03:40:21Z
2483 MHz, 0x0000000000000000, 71, 42.05 W
MemFree:         6817552 kB
MemAvailable:    8304024 kB
Cached:          4649536 kB
SwapFree:       11350744 kB
allocstall_dma 0
allocstall_dma32 0
allocstall_normal 43449
allocstall_movable 29165
allocstall_device 0
pgscan_direct 7538432
pgscan_direct_throttle 0
compact_stall 249978
2026-09-22T03:40:22Z
2483 MHz, 0x0000000000000000, 71, 42.08 W
MemFree:         6816404 kB
MemAvailable:    8302876 kB
Cached:          4649536 kB
SwapFree:       11350744 kB
allocstall_dma 0
allocstall_dma32 0
allocstall_normal 43449
allocstall_movable 29165
allocstall_device 0
pgscan_direct 7538432
pgscan_direct_throttle 0
compact_stall 249978
2026-09-22T03:40:23Z
2483 MHz, 0x0000000000000000, 70, 41.92 W
MemFree:         6807492 kB
MemAvailable:    8293964 kB
Cached:          4649536 kB
SwapFree:       11350744 kB
allocstall_dma 0
allocstall_dma32 0
allocstall_normal 43449
allocstall_movable 29165
allocstall_device 0
pgscan_direct 7538432
pgscan_direct_throttle 0
compact_stall 249978
2026-09-22T03:40:24Z
2483 MHz, 0x0000000000000000, 71, 42.00 W
MemFree:         6791452 kB
MemAvailable:    8277924 kB
Cached:          4649536 kB
SwapFree:       11350744 kB
allocstall_dma 0
allocstall_dma32 0
allocstall_normal 43449
allocstall_movable 29165
allocstall_device 0
pgscan_direct 7538432
pgscan_direct_throttle 0
compact_stall 249978
2026-09-22T03:40:25Z
2483 MHz, 0x0000000000000000, 71, 41.94 W
MemFree:         6788376 kB
MemAvailable:    8274848 kB
Cached:          4649536 kB
SwapFree:       11350744 kB
allocstall_dma 0
allocstall_dma32 0
allocstall_normal 43449
allocstall_movable 29165
allocstall_device 0
pgscan_direct 7538432
pgscan_direct_throttle 0
compact_stall 249978
2026-09-22T03:40:26Z
2483 MHz, 0x0000000000000000, 71, 41.63 W
MemFree:         6793004 kB
MemAvailable:    8279484 kB
Cached:          4649536 kB
SwapFree:       11350748 kB
allocstall_dma 0
allocstall_dma32 0
allocstall_normal 43449
allocstall_movable 29165
allocstall_device 0
pgscan_direct 7538432
pgscan_direct_throttle 0
compact_stall 249978
2026-09-22T03:40:27Z
2483 MHz, 0x0000000000000000, 70, 41.18 W
MemFree:         6801160 kB
MemAvailable:    8287640 kB
Cached:          4649536 kB
SwapFree:       11350752 kB
allocstall_dma 0
allocstall_dma32 0
allocstall_normal 43449
allocstall_movable 29165
allocstall_device 0
pgscan_direct 7538432
pgscan_direct_throttle 0
compact_stall 249978
2026-09-22T03:40:28Z
2483 MHz, 0x0000000000000000, 70, 40.27 W
MemFree:         6796620 kB
MemAvailable:    8283224 kB
Cached:          4649712 kB
SwapFree:       11350768 kB
allocstall_dma 0
allocstall_dma32 0
allocstall_normal 43449
allocstall_movable 29165
allocstall_device 0
pgscan_direct 7538432
pgscan_direct_throttle 0
compact_stall 249978
2026-09-22T03:40:29Z
2483 MHz, 0x0000000000000000, 70, 37.88 W
MemFree:         6782456 kB
MemAvailable:    8269308 kB
Cached:          4649936 kB
SwapFree:       11350768 kB
allocstall_dma 0
allocstall_dma32 0
allocstall_normal 43449
allocstall_movable 29165
allocstall_device 0
pgscan_direct 7538432
pgscan_direct_throttle 0
compact_stall 249978
2026-09-22T03:40:30Z
2483 MHz, 0x0000000000000000, 70, 39.77 W
MemFree:         6775012 kB
MemAvailable:    8261864 kB
Cached:          4649936 kB
SwapFree:       11350768 kB
allocstall_dma 0
allocstall_dma32 0
allocstall_normal 43449
allocstall_movable 29165
allocstall_device 0
pgscan_direct 7538432
pgscan_direct_throttle 0
compact_stall 249978
2026-09-22T03:40:31Z
2483 MHz, 0x0000000000000000, 70, 39.87 W
MemFree:         6768052 kB
MemAvailable:    8254932 kB
Cached:          4649936 kB
SwapFree:       11350768 kB
allocstall_dma 0
allocstall_dma32 0
allocstall_normal 43449
allocstall_movable 29165
allocstall_device 0
pgscan_direct 7538432
pgscan_direct_throttle 0
compact_stall 249978
2026-09-22T03:40:33Z
2483 MHz, 0x0000000000000000, 70, 38.59 W
MemFree:         6784060 kB
MemAvailable:    8270940 kB
Cached:          4649936 kB
SwapFree:       11350780 kB
allocstall_dma 0
allocstall_dma32 0
allocstall_normal 43449
allocstall_movable 29165
allocstall_device 0
pgscan_direct 7538432
pgscan_direct_throttle 0
compact_stall 249978
2026-09-22T03:40:34Z
2483 MHz, 0x0000000000000000, 70, 39.78 W
MemFree:         6783016 kB
MemAvailable:    8269896 kB
Cached:          4649936 kB
SwapFree:       11350784 kB
allocstall_dma 0
allocstall_dma32 0
allocstall_normal 43449
allocstall_movable 29165
allocstall_device 0
pgscan_direct 7538432
pgscan_direct_throttle 0
compact_stall 249978
2026-09-22T03:40:35Z
2483 MHz, 0x0000000000000000, 70, 39.96 W
MemFree:         6789828 kB
MemAvailable:    8276708 kB
Cached:          4649936 kB
SwapFree:       11350784 kB
allocstall_dma 0
allocstall_dma32 0
allocstall_normal 43449
allocstall_movable 29165
allocstall_device 0
pgscan_direct 7538432
pgscan_direct_throttle 0
compact_stall 249978
2026-09-22T03:40:36Z
2483 MHz, 0x0000000000000000, 70, 39.54 W
MemFree:         6796796 kB
MemAvailable:    8283676 kB
Cached:          4649936 kB
SwapFree:       11350784 kB
allocstall_dma 0
allocstall_dma32 0
allocstall_normal 43449
allocstall_movable 29165
allocstall_device 0
pgscan_direct 7538432
pgscan_direct_throttle 0
compact_stall 249978
2026-09-22T03:40:37Z
2483 MHz, 0x0000000000000000, 70, 39.21 W
MemFree:         6807036 kB
MemAvailable:    8293916 kB
Cached:          4649936 kB
SwapFree:       11350788 kB
allocstall_dma 0
allocstall_dma32 0
allocstall_normal 43449
allocstall_movable 29165
allocstall_device 0
pgscan_direct 7538432
pgscan_direct_throttle 0
compact_stall 249978
2026-09-22T03:40:38Z
2483 MHz, 0x0000000000000000, 70, 38.74 W
MemFree:         6807944 kB
MemAvailable:    8294824 kB
Cached:          4649928 kB
SwapFree:       11350792 kB
allocstall_dma 0
allocstall_dma32 0
allocstall_normal 43449
allocstall_movable 29165
allocstall_device 0
pgscan_direct 7538432
pgscan_direct_throttle 0
compact_stall 249978
2026-09-22T03:40:39Z
2483 MHz, 0x0000000000000000, 69, 39.38 W
MemFree:         6802184 kB
MemAvailable:    8289076 kB
Cached:          4649936 kB
SwapFree:       11350792 kB
allocstall_dma 0
allocstall_dma32 0
allocstall_normal 43449
allocstall_movable 29165
allocstall_device 0
pgscan_direct 7538432
pgscan_direct_throttle 0
compact_stall 249978
2026-09-22T03:40:40Z
2483 MHz, 0x0000000000000000, 69, 39.43 W
MemFree:         6780336 kB
MemAvailable:    8267228 kB
Cached:          4649936 kB
SwapFree:       11350792 kB
allocstall_dma 0
allocstall_dma32 0
allocstall_normal 43449
allocstall_movable 29165
allocstall_device 0
pgscan_direct 7538432
pgscan_direct_throttle 0
compact_stall 249978
2026-09-22T03:40:41Z
2483 MHz, 0x0000000000000000, 69, 39.28 W
MemFree:         6784396 kB
MemAvailable:    8271288 kB
Cached:          4649936 kB
SwapFree:       11350792 kB
allocstall_dma 0
allocstall_dma32 0
allocstall_normal 43449
allocstall_movable 29165
allocstall_device 0
pgscan_direct 7538432
pgscan_direct_throttle 0
compact_stall 249978
2026-09-22T03:40:42Z
2483 MHz, 0x0000000000000000, 69, 38.40 W
MemFree:         6783920 kB
MemAvailable:    8270812 kB
Cached:          4649936 kB
SwapFree:       11350840 kB
allocstall_dma 0
allocstall_dma32 0
allocstall_normal 43449
allocstall_movable 29165
allocstall_device 0
pgscan_direct 7538432
pgscan_direct_throttle 0
compact_stall 249978
2026-09-22T03:40:43Z
2483 MHz, 0x0000000000000000, 69, 41.14 W
MemFree:         6771100 kB
MemAvailable:    8258000 kB
Cached:          4649944 kB
SwapFree:       11350844 kB
allocstall_dma 0
allocstall_dma32 0
allocstall_normal 43449
allocstall_movable 29165
allocstall_device 0
pgscan_direct 7538432
pgscan_direct_throttle 0
compact_stall 249978
2026-09-22T03:40:44Z
2483 MHz, 0x0000000000000000, 69, 41.15 W
MemFree:         6777372 kB
MemAvailable:    8264272 kB
Cached:          4649944 kB
SwapFree:       11350844 kB
allocstall_dma 0
allocstall_dma32 0
allocstall_normal 43449
allocstall_movable 29165
allocstall_device 0
pgscan_direct 7538432
pgscan_direct_throttle 0
compact_stall 249978
2026-09-22T03:40:45Z
2483 MHz, 0x0000000000000000, 69, 41.08 W
MemFree:         6774324 kB
MemAvailable:    8261224 kB
Cached:          4649936 kB
SwapFree:       11350844 kB
allocstall_dma 0
allocstall_dma32 0
allocstall_normal 43449
allocstall_movable 29165
allocstall_device 0
pgscan_direct 7538432
pgscan_direct_throttle 0
compact_stall 249978
2026-09-22T03:40:46Z
2483 MHz, 0x0000000000000000, 69, 41.04 W
MemFree:         6759564 kB
MemAvailable:    8246464 kB
Cached:          4649944 kB
SwapFree:       11350844 kB
allocstall_dma 0
allocstall_dma32 0
allocstall_normal 43449
allocstall_movable 29165
allocstall_device 0
pgscan_direct 7538432
pgscan_direct_throttle 0
compact_stall 249978
2026-09-22T03:40:47Z
2483 MHz, 0x0000000000000000, 70, 41.14 W
MemFree:         6787028 kB
MemAvailable:    8273928 kB
Cached:          4649944 kB
SwapFree:       11350844 kB
allocstall_dma 0
allocstall_dma32 0
allocstall_normal 43449
allocstall_movable 29165
allocstall_device 0
pgscan_direct 7538432
pgscan_direct_throttle 0
compact_stall 249978
2026-09-22T03:40:48Z
2483 MHz, 0x0000000000000000, 69, 41.10 W
MemFree:         6792428 kB
MemAvailable:    8279328 kB
Cached:          4649944 kB
SwapFree:       11350852 kB
allocstall_dma 0
allocstall_dma32 0
allocstall_normal 43449
allocstall_movable 29165
allocstall_device 0
pgscan_direct 7538432
pgscan_direct_throttle 0
compact_stall 249978
2026-09-22T03:40:49Z
2483 MHz, 0x0000000000000000, 69, 40.46 W
MemFree:         6795992 kB
MemAvailable:    8282924 kB
Cached:          4650072 kB
SwapFree:       11350856 kB
allocstall_dma 0
allocstall_dma32 0
allocstall_normal 43449
allocstall_movable 29165
allocstall_device 0
pgscan_direct 7538432
pgscan_direct_throttle 0
compact_stall 249978
2026-09-22T03:40:50Z
2483 MHz, 0x0000000000000000, 69, 40.92 W
MemFree:         6783544 kB
MemAvailable:    8270476 kB
Cached:          4650072 kB
SwapFree:       11350856 kB
allocstall_dma 0
allocstall_dma32 0
allocstall_normal 43449
allocstall_movable 29165
allocstall_device 0
pgscan_direct 7538432
pgscan_direct_throttle 0
compact_stall 249978
2026-09-22T03:40:51Z
2483 MHz, 0x0000000000000000, 69, 40.99 W
MemFree:         6766232 kB
MemAvailable:    8253164 kB
Cached:          4650072 kB
SwapFree:       11350856 kB
allocstall_dma 0
allocstall_dma32 0
allocstall_normal 43449
allocstall_movable 29165
allocstall_device 0
pgscan_direct 7538432
pgscan_direct_throttle 0
compact_stall 249978
2026-09-22T03:40:52Z
2483 MHz, 0x0000000000000000, 69, 41.03 W
MemFree:         6771704 kB
MemAvailable:    8258636 kB
Cached:          4650072 kB
SwapFree:       11350856 kB
allocstall_dma 0
allocstall_dma32 0
allocstall_normal 43449
allocstall_movable 29165
allocstall_device 0
pgscan_direct 7538432
pgscan_direct_throttle 0
compact_stall 249978
2026-09-22T03:40:53Z
2483 MHz, 0x0000000000000000, 69, 41.01 W
MemFree:         6771868 kB
MemAvailable:    8258800 kB
Cached:          4650064 kB
SwapFree:       11350856 kB
allocstall_dma 0
allocstall_dma32 0
allocstall_normal 43449
allocstall_movable 29165
allocstall_device 0
pgscan_direct 7538432
pgscan_direct_throttle 0
compact_stall 249978
2026-09-22T03:40:54Z
2483 MHz, 0x0000000000000000, 69, 40.81 W
MemFree:         6792184 kB
MemAvailable:    8279116 kB
Cached:          4650072 kB
SwapFree:       11350856 kB
allocstall_dma 0
allocstall_dma32 0
allocstall_normal 43449
allocstall_movable 29165
allocstall_device 0
pgscan_direct 7538432
pgscan_direct_throttle 0
compact_stall 249978
2026-09-22T03:40:56Z
2483 MHz, 0x0000000000000000, 69, 40.11 W
MemFree:         6783940 kB
MemAvailable:    8270872 kB
Cached:          4650076 kB
SwapFree:       11350860 kB
allocstall_dma 0
allocstall_dma32 0
allocstall_normal 43449
allocstall_movable 29165
allocstall_device 0
pgscan_direct 7538432
pgscan_direct_throttle 0
compact_stall 249978
2026-09-22T03:40:57Z
2483 MHz, 0x0000000000000000, 69, 41.03 W
MemFree:         6777336 kB
MemAvailable:    8264276 kB
Cached:          4650076 kB
SwapFree:       11350860 kB
allocstall_dma 0
allocstall_dma32 0
allocstall_normal 43449
allocstall_movable 29165
allocstall_device 0
pgscan_direct 7538432
pgscan_direct_throttle 0
compact_stall 249978
2026-09-22T03:40:58Z
2483 MHz, 0x0000000000000000, 69, 41.17 W
MemFree:         6788628 kB
MemAvailable:    8275568 kB
Cached:          4650076 kB
SwapFree:       11350860 kB
allocstall_dma 0
allocstall_dma32 0
allocstall_normal 43449
allocstall_movable 29165
allocstall_device 0
pgscan_direct 7538432
pgscan_direct_throttle 0
compact_stall 249978
2026-09-22T03:40:59Z
2483 MHz, 0x0000000000000000, 69, 41.17 W
MemFree:         6801516 kB
MemAvailable:    8288564 kB
Cached:          4650076 kB
SwapFree:       11350860 kB
allocstall_dma 0
allocstall_dma32 0
allocstall_normal 43449
allocstall_movable 29165
allocstall_device 0
pgscan_direct 7538432
pgscan_direct_throttle 0
compact_stall 249978
2026-09-22T03:41:00Z
2483 MHz, 0x0000000000000000, 69, 41.03 W
MemFree:         6804572 kB
MemAvailable:    8291620 kB
Cached:          4650172 kB
SwapFree:       11350860 kB
allocstall_dma 0
allocstall_dma32 0
allocstall_normal 43449
allocstall_movable 29165
allocstall_device 0
pgscan_direct 7538432
pgscan_direct_throttle 0
compact_stall 249978
2026-09-22T03:41:01Z
2483 MHz, 0x0000000000000000, 69, 41.11 W
MemFree:         6814012 kB
MemAvailable:    8301188 kB
Cached:          4650164 kB
SwapFree:       11350864 kB
allocstall_dma 0
allocstall_dma32 0
allocstall_normal 43449
allocstall_movable 29165
allocstall_device 0
pgscan_direct 7538432
pgscan_direct_throttle 0
compact_stall 249978
2026-09-22T03:41:02Z
2483 MHz, 0x0000000000000000, 69, 40.60 W
MemFree:         6830120 kB
MemAvailable:    8317512 kB
Cached:          4650444 kB
SwapFree:       11350868 kB
allocstall_dma 0
allocstall_dma32 0
allocstall_normal 43449
allocstall_movable 29165
allocstall_device 0
pgscan_direct 7538432
pgscan_direct_throttle 0
compact_stall 249978
2026-09-22T03:41:03Z
2483 MHz, 0x0000000000000000, 69, 39.42 W
MemFree:         6831492 kB
MemAvailable:    8318884 kB
Cached:          4650444 kB
SwapFree:       11350868 kB
allocstall_dma 0
allocstall_dma32 0
allocstall_normal 43449
allocstall_movable 29165
allocstall_device 0
pgscan_direct 7538432
pgscan_direct_throttle 0
compact_stall 249978
2026-09-22T03:41:04Z
2483 MHz, 0x0000000000000000, 69, 39.52 W
MemFree:         6828456 kB
MemAvailable:    8315848 kB
Cached:          4650444 kB
SwapFree:       11350868 kB
allocstall_dma 0
allocstall_dma32 0
allocstall_normal 43449
allocstall_movable 29165
allocstall_device 0
pgscan_direct 7538432
pgscan_direct_throttle 0
compact_stall 249978
2026-09-22T03:41:05Z
2483 MHz, 0x0000000000000000, 69, 39.45 W
MemFree:         6818096 kB
MemAvailable:    8305488 kB
Cached:          4650444 kB
SwapFree:       11350868 kB
allocstall_dma 0
allocstall_dma32 0
allocstall_normal 43449
allocstall_movable 29165
allocstall_device 0
pgscan_direct 7538432
pgscan_direct_throttle 0
compact_stall 249978
2026-09-22T03:41:06Z
2483 MHz, 0x0000000000000000, 68, 38.68 W
MemFree:         6817092 kB
MemAvailable:    8304484 kB
Cached:          4650436 kB
SwapFree:       11350872 kB
allocstall_dma 0
allocstall_dma32 0
allocstall_normal 43449
allocstall_movable 29165
allocstall_device 0
pgscan_direct 7538432
pgscan_direct_throttle 0
compact_stall 249978
2026-09-22T03:41:07Z
2483 MHz, 0x0000000000000000, 69, 39.05 W
MemFree:         6824980 kB
MemAvailable:    8312516 kB
Cached:          4650516 kB
SwapFree:       11350872 kB
allocstall_dma 0
allocstall_dma32 0
allocstall_normal 43449
allocstall_movable 29165
allocstall_device 0
pgscan_direct 7538432
pgscan_direct_throttle 0
compact_stall 249978
2026-09-22T03:41:08Z
2483 MHz, 0x0000000000000000, 69, 39.35 W
MemFree:         6818328 kB
MemAvailable:    8305864 kB
Cached:          4650516 kB
SwapFree:       11350872 kB
allocstall_dma 0
allocstall_dma32 0
allocstall_normal 43449
allocstall_movable 29165
allocstall_device 0
pgscan_direct 7538432
pgscan_direct_throttle 0
compact_stall 249978
2026-09-22T03:41:09Z
2483 MHz, 0x0000000000000000, 69, 39.44 W
MemFree:         6800960 kB
MemAvailable:    8288496 kB
Cached:          4650516 kB
SwapFree:       11350872 kB
allocstall_dma 0
allocstall_dma32 0
allocstall_normal 43449
allocstall_movable 29165
allocstall_device 0
pgscan_direct 7538432
pgscan_direct_throttle 0
compact_stall 249978
2026-09-22T03:41:10Z
2483 MHz, 0x0000000000000000, 69, 39.33 W
MemFree:         6780884 kB
MemAvailable:    8268424 kB
Cached:          4650520 kB
SwapFree:       11350876 kB
allocstall_dma 0
allocstall_dma32 0
allocstall_normal 43449
allocstall_movable 29165
allocstall_device 0
pgscan_direct 7538432
pgscan_direct_throttle 0
compact_stall 249978
2026-09-22T03:41:11Z
2483 MHz, 0x0000000000000000, 69, 38.17 W
MemFree:         6782008 kB
MemAvailable:    8269548 kB
Cached:          4650632 kB
SwapFree:       11350876 kB
allocstall_dma 0
allocstall_dma32 0
allocstall_normal 43449
allocstall_movable 29165
allocstall_device 0
pgscan_direct 7538432
pgscan_direct_throttle 0
compact_stall 249978
2026-09-22T03:41:12Z
2483 MHz, 0x0000000000000000, 69, 39.31 W
MemFree:         6787144 kB
MemAvailable:    8274684 kB
Cached:          4650632 kB
SwapFree:       11350876 kB
allocstall_dma 0
allocstall_dma32 0
allocstall_normal 43449
allocstall_movable 29165
allocstall_device 0
pgscan_direct 7538432
pgscan_direct_throttle 0
compact_stall 249978
2026-09-22T03:41:13Z
2483 MHz, 0x0000000000000000, 69, 39.31 W
MemFree:         6798448 kB
MemAvailable:    8285996 kB
Cached:          4650632 kB
SwapFree:       11350876 kB
allocstall_dma 0
allocstall_dma32 0
allocstall_normal 43449
allocstall_movable 29165
allocstall_device 0
pgscan_direct 7538432
pgscan_direct_throttle 0
compact_stall 249978
2026-09-22T03:41:14Z
2483 MHz, 0x0000000000000000, 69, 38.91 W
MemFree:         6767408 kB
MemAvailable:    8255068 kB
Cached:          4650716 kB
SwapFree:       11350880 kB
allocstall_dma 0
allocstall_dma32 0
allocstall_normal 43449
allocstall_movable 29165
allocstall_device 0
pgscan_direct 7538432
pgscan_direct_throttle 0
compact_stall 249978
2026-09-22T03:41:15Z
2483 MHz, 0x0000000000000000, 69, 39.73 W
MemFree:         6772876 kB
MemAvailable:    8260536 kB
Cached:          4650716 kB
SwapFree:       11350880 kB
allocstall_dma 0
allocstall_dma32 0
allocstall_normal 43449
allocstall_movable 29165
allocstall_device 0
pgscan_direct 7538432
pgscan_direct_throttle 0
compact_stall 249978
2026-09-22T03:41:17Z
2483 MHz, 0x0000000000000000, 69, 40.40 W
MemFree:         6746756 kB
MemAvailable:    8234416 kB
Cached:          4650716 kB
SwapFree:       11350880 kB
allocstall_dma 0
allocstall_dma32 0
allocstall_normal 43449
allocstall_movable 29165
allocstall_device 0
pgscan_direct 7538432
pgscan_direct_throttle 0
compact_stall 249978
2026-09-22T03:41:18Z
2483 MHz, 0x0000000000000000, 69, 40.48 W
MemFree:         6752964 kB
MemAvailable:    8240624 kB
Cached:          4650716 kB
SwapFree:       11350880 kB
allocstall_dma 0
allocstall_dma32 0
allocstall_normal 43449
allocstall_movable 29165
allocstall_device 0
pgscan_direct 7538432
pgscan_direct_throttle 0
compact_stall 249978
2026-09-22T03:41:19Z
2483 MHz, 0x0000000000000000, 69, 40.40 W
MemFree:         6768112 kB
MemAvailable:    8255780 kB
Cached:          4650716 kB
SwapFree:       11350884 kB
allocstall_dma 0
allocstall_dma32 0
allocstall_normal 43449
allocstall_movable 29165
allocstall_device 0
pgscan_direct 7538432
pgscan_direct_throttle 0
compact_stall 249978
2026-09-22T03:41:20Z
2483 MHz, 0x0000000000000000, 69, 40.67 W
MemFree:         6762668 kB
MemAvailable:    8250668 kB
Cached:          4650968 kB
SwapFree:       11350884 kB
allocstall_dma 0
allocstall_dma32 0
allocstall_normal 43449
allocstall_movable 29165
allocstall_device 0
pgscan_direct 7538432
pgscan_direct_throttle 0
compact_stall 249978
2026-09-22T03:41:21Z
2483 MHz, 0x0000000000000000, 69, 39.57 W
MemFree:         6765956 kB
MemAvailable:    8254044 kB
Cached:          4651052 kB
SwapFree:       11350892 kB
allocstall_dma 0
allocstall_dma32 0
allocstall_normal 43449
allocstall_movable 29165
allocstall_device 0
pgscan_direct 7538432
pgscan_direct_throttle 0
compact_stall 249978
2026-09-22T03:41:22Z
2483 MHz, 0x0000000000000000, 69, 40.63 W
MemFree:         6791568 kB
MemAvailable:    8279656 kB
Cached:          4651052 kB
SwapFree:       11350892 kB
allocstall_dma 0
allocstall_dma32 0
allocstall_normal 43449
allocstall_movable 29165
allocstall_device 0
pgscan_direct 7538432
pgscan_direct_throttle 0
compact_stall 249978
2026-09-22T03:41:23Z
2483 MHz, 0x0000000000000000, 69, 40.80 W
MemFree:         6794092 kB
MemAvailable:    8282180 kB
Cached:          4651052 kB
SwapFree:       11350892 kB
allocstall_dma 0
allocstall_dma32 0
allocstall_normal 43449
allocstall_movable 29165
allocstall_device 0
pgscan_direct 7538432
pgscan_direct_throttle 0
compact_stall 249978
2026-09-22T03:41:24Z
2483 MHz, 0x0000000000000000, 69, 40.77 W
MemFree:         6781744 kB
MemAvailable:    8269832 kB
Cached:          4651052 kB
SwapFree:       11350896 kB
allocstall_dma 0
allocstall_dma32 0
allocstall_normal 43449
allocstall_movable 29165
allocstall_device 0
pgscan_direct 7538432
pgscan_direct_throttle 0
compact_stall 249978
2026-09-22T03:41:25Z
2483 MHz, 0x0000000000000000, 69, 40.53 W
MemFree:         6792712 kB
MemAvailable:    8280808 kB
Cached:          4651064 kB
SwapFree:       11350896 kB
allocstall_dma 0
allocstall_dma32 0
allocstall_normal 43449
allocstall_movable 29165
allocstall_device 0
pgscan_direct 7538432
pgscan_direct_throttle 0
compact_stall 249978
2026-09-22T03:41:26Z
2483 MHz, 0x0000000000000000, 69, 39.65 W
MemFree:         6797164 kB
MemAvailable:    8285260 kB
Cached:          4651064 kB
SwapFree:       11350896 kB
allocstall_dma 0
allocstall_dma32 0
allocstall_normal 43449
allocstall_movable 29165
allocstall_device 0
pgscan_direct 7538432
pgscan_direct_throttle 0
compact_stall 249978
2026-09-22T03:41:27Z
2483 MHz, 0x0000000000000000, 69, 40.14 W
MemFree:         6816076 kB
MemAvailable:    8304172 kB
Cached:          4651064 kB
SwapFree:       11350896 kB
allocstall_dma 0
allocstall_dma32 0
allocstall_normal 43449
allocstall_movable 29165
allocstall_device 0
pgscan_direct 7538432
pgscan_direct_throttle 0
compact_stall 249978
2026-09-22T03:41:28Z
2483 MHz, 0x0000000000000000, 69, 40.26 W
MemFree:         6813984 kB
MemAvailable:    8302080 kB
Cached:          4651064 kB
SwapFree:       11350896 kB
allocstall_dma 0
allocstall_dma32 0
allocstall_normal 43449
allocstall_movable 29165
allocstall_device 0
pgscan_direct 7538432
pgscan_direct_throttle 0
compact_stall 249978
2026-09-22T03:41:29Z
2483 MHz, 0x0000000000000000, 69, 40.19 W
MemFree:         6797436 kB
MemAvailable:    8285532 kB
Cached:          4651064 kB
SwapFree:       11350896 kB
allocstall_dma 0
allocstall_dma32 0
allocstall_normal 43449
allocstall_movable 29165
allocstall_device 0
pgscan_direct 7538432
pgscan_direct_throttle 0
compact_stall 249978
2026-09-22T03:41:30Z
2483 MHz, 0x0000000000000000, 69, 40.25 W
MemFree:         6809532 kB
MemAvailable:    8297740 kB
Cached:          4651164 kB
SwapFree:       11350900 kB
allocstall_dma 0
allocstall_dma32 0
allocstall_normal 43449
allocstall_movable 29165
allocstall_device 0
pgscan_direct 7538432
pgscan_direct_throttle 0
compact_stall 249978
2026-09-22T03:41:31Z
2483 MHz, 0x0000000000000000, 69, 39.85 W
MemFree:         6785376 kB
MemAvailable:    8273592 kB
Cached:          4651164 kB
SwapFree:       11350900 kB
allocstall_dma 0
allocstall_dma32 0
allocstall_normal 43449
allocstall_movable 29165
allocstall_device 0
pgscan_direct 7538432
pgscan_direct_throttle 0
compact_stall 249978
2026-09-22T03:41:32Z
2483 MHz, 0x0000000000000000, 69, 38.46 W
MemFree:         6789904 kB
MemAvailable:    8278216 kB
Cached:          4651296 kB
SwapFree:       11350908 kB
allocstall_dma 0
allocstall_dma32 0
allocstall_normal 43449
allocstall_movable 29165
allocstall_device 0
pgscan_direct 7538432
pgscan_direct_throttle 0
compact_stall 249978
2026-09-22T03:41:33Z
2483 MHz, 0x0000000000000000, 69, 41.23 W
MemFree:         6757392 kB
MemAvailable:    8245704 kB
Cached:          4651296 kB
SwapFree:       11350908 kB
allocstall_dma 0
allocstall_dma32 0
allocstall_normal 43449
allocstall_movable 29165
allocstall_device 0
pgscan_direct 7538432
pgscan_direct_throttle 0
compact_stall 249978
2026-09-22T03:41:34Z
2483 MHz, 0x0000000000000000, 69, 41.35 W
MemFree:         6770280 kB
MemAvailable:    8258592 kB
Cached:          4651296 kB
SwapFree:       11350908 kB
allocstall_dma 0
allocstall_dma32 0
allocstall_normal 43449
allocstall_movable 29165
allocstall_device 0
pgscan_direct 7538432
pgscan_direct_throttle 0
compact_stall 249978
2026-09-22T03:41:35Z
2483 MHz, 0x0000000000000000, 69, 41.40 W
MemFree:         6774872 kB
MemAvailable:    8263184 kB
Cached:          4651296 kB
SwapFree:       11350908 kB
allocstall_dma 0
allocstall_dma32 0
allocstall_normal 43449
allocstall_movable 29165
allocstall_device 0
pgscan_direct 7538432
pgscan_direct_throttle 0
compact_stall 249978
2026-09-22T03:41:36Z
2483 MHz, 0x0000000000000000, 69, 41.44 W
MemFree:         6771752 kB
MemAvailable:    8260064 kB
Cached:          4651288 kB
SwapFree:       11350912 kB
allocstall_dma 0
allocstall_dma32 0
allocstall_normal 43449
allocstall_movable 29165
allocstall_device 0
pgscan_direct 7538432
pgscan_direct_throttle 0
compact_stall 249978
2026-09-22T03:41:37Z
2483 MHz, 0x0000000000000000, 69, 41.21 W
MemFree:         6785760 kB
MemAvailable:    8274104 kB
Cached:          4651296 kB
SwapFree:       11350912 kB
allocstall_dma 0
allocstall_dma32 0
allocstall_normal 43449
allocstall_movable 29165
allocstall_device 0
pgscan_direct 7538432
pgscan_direct_throttle 0
compact_stall 249978
2026-09-22T03:41:39Z
2483 MHz, 0x0000000000000000, 69, 40.79 W
MemFree:         6783508 kB
MemAvailable:    8271852 kB
Cached:          4651296 kB
SwapFree:       11350912 kB
allocstall_dma 0
allocstall_dma32 0
allocstall_normal 43449
allocstall_movable 29165
allocstall_device 0
pgscan_direct 7538432
pgscan_direct_throttle 0
compact_stall 249978
2026-09-22T03:41:40Z
2483 MHz, 0x0000000000000000, 68, 38.77 W
MemFree:         6806912 kB
MemAvailable:    8295264 kB
Cached:          4651296 kB
SwapFree:       11350912 kB
allocstall_dma 0
allocstall_dma32 0
allocstall_normal 43449
allocstall_movable 29165
allocstall_device 0
pgscan_direct 7538432
pgscan_direct_throttle 0
compact_stall 249978
2026-09-22T03:41:41Z
2483 MHz, 0x0000000000000000, 69, 41.26 W
MemFree:         6811208 kB
MemAvailable:    8299560 kB
Cached:          4651296 kB
SwapFree:       11350912 kB
allocstall_dma 0
allocstall_dma32 0
allocstall_normal 43449
allocstall_movable 29165
allocstall_device 0
pgscan_direct 7538432
pgscan_direct_throttle 0
compact_stall 249978
2026-09-22T03:41:42Z
2483 MHz, 0x0000000000000000, 69, 41.25 W
MemFree:         6777604 kB
MemAvailable:    8265956 kB
Cached:          4651296 kB
SwapFree:       11350912 kB
allocstall_dma 0
allocstall_dma32 0
allocstall_normal 43449
allocstall_movable 29165
allocstall_device 0
pgscan_direct 7538432
pgscan_direct_throttle 0
compact_stall 249978
2026-09-22T03:41:43Z
2483 MHz, 0x0000000000000000, 69, 41.35 W
MemFree:         6776176 kB
MemAvailable:    8264528 kB
Cached:          4651296 kB
SwapFree:       11350912 kB
allocstall_dma 0
allocstall_dma32 0
allocstall_normal 43449
allocstall_movable 29165
allocstall_device 0
pgscan_direct 7538432
pgscan_direct_throttle 0
compact_stall 249978
2026-09-22T03:41:44Z
2483 MHz, 0x0000000000000000, 69, 41.17 W
MemFree:         6746104 kB
MemAvailable:    8234456 kB
Cached:          4651288 kB
SwapFree:       11350916 kB
allocstall_dma 0
allocstall_dma32 0
allocstall_normal 43449
allocstall_movable 29165
allocstall_device 0
pgscan_direct 7538432
pgscan_direct_throttle 0
compact_stall 249978
2026-09-22T03:41:45Z
2483 MHz, 0x0000000000000000, 69, 41.36 W
MemFree:         6757908 kB
MemAvailable:    8246260 kB
Cached:          4651296 kB
SwapFree:       11350916 kB
allocstall_dma 0
allocstall_dma32 0
allocstall_normal 43449
allocstall_movable 29165
allocstall_device 0
pgscan_direct 7538432
pgscan_direct_throttle 0
compact_stall 249978
2026-09-22T03:41:46Z
2483 MHz, 0x0000000000000000, 69, 41.09 W
MemFree:         6782204 kB
MemAvailable:    8270556 kB
Cached:          4651296 kB
SwapFree:       11350916 kB
allocstall_dma 0
allocstall_dma32 0
allocstall_normal 43449
allocstall_movable 29165
allocstall_device 0
pgscan_direct 7538432
pgscan_direct_throttle 0
compact_stall 249978
2026-09-22T03:41:47Z
2483 MHz, 0x0000000000000000, 69, 40.25 W
MemFree:         6769700 kB
MemAvailable:    8258060 kB
Cached:          4651296 kB
SwapFree:       11350916 kB
allocstall_dma 0
allocstall_dma32 0
allocstall_normal 43449
allocstall_movable 29165
allocstall_device 0
pgscan_direct 7538432
pgscan_direct_throttle 0
compact_stall 249978
2026-09-22T03:41:48Z
2483 MHz, 0x0000000000000000, 69, 41.36 W
MemFree:         6762024 kB
MemAvailable:    8250384 kB
Cached:          4651296 kB
SwapFree:       11350916 kB
allocstall_dma 0
allocstall_dma32 0
allocstall_normal 43449
allocstall_movable 29165
allocstall_device 0
pgscan_direct 7538432
pgscan_direct_throttle 0
compact_stall 249978
2026-09-22T03:41:49Z
2483 MHz, 0x0000000000000000, 69, 41.42 W
MemFree:         6761496 kB
MemAvailable:    8249856 kB
Cached:          4651296 kB
SwapFree:       11350916 kB
allocstall_dma 0
allocstall_dma32 0
allocstall_normal 43449
allocstall_movable 29165
allocstall_device 0
pgscan_direct 7538432
pgscan_direct_throttle 0
compact_stall 249978
2026-09-22T03:41:50Z
2483 MHz, 0x0000000000000000, 69, 41.25 W
MemFree:         6766940 kB
MemAvailable:    8255300 kB
Cached:          4651296 kB
SwapFree:       11350920 kB
allocstall_dma 0
allocstall_dma32 0
allocstall_normal 43449
allocstall_movable 29165
allocstall_device 0
pgscan_direct 7538432
pgscan_direct_throttle 0
compact_stall 249978
2026-09-22T03:41:51Z
2483 MHz, 0x0000000000000000, 69, 41.36 W
MemFree:         6783352 kB
MemAvailable:    8271712 kB
Cached:          4651288 kB
SwapFree:       11350920 kB
allocstall_dma 0
allocstall_dma32 0
allocstall_normal 43449
allocstall_movable 29165
allocstall_device 0
pgscan_direct 7538432
pgscan_direct_throttle 0
compact_stall 249978
2026-09-22T03:41:52Z
2483 MHz, 0x0000000000000000, 69, 41.49 W
MemFree:         6751192 kB
MemAvailable:    8239552 kB
Cached:          4651296 kB
SwapFree:       11350920 kB
allocstall_dma 0
allocstall_dma32 0
allocstall_normal 43449
allocstall_movable 29165
allocstall_device 0
pgscan_direct 7538432
pgscan_direct_throttle 0
compact_stall 249978
2026-09-22T03:41:53Z
2483 MHz, 0x0000000000000000, 69, 41.55 W
MemFree:         6767108 kB
MemAvailable:    8255468 kB
Cached:          4651296 kB
SwapFree:       11350924 kB
allocstall_dma 0
allocstall_dma32 0
allocstall_normal 43449
allocstall_movable 29165
allocstall_device 0
pgscan_direct 7538432
pgscan_direct_throttle 0
compact_stall 249978
2026-09-22T03:41:54Z
2483 MHz, 0x0000000000000000, 69, 40.81 W
MemFree:         6753764 kB
MemAvailable:    8242132 kB
Cached:          4651296 kB
SwapFree:       11350924 kB
allocstall_dma 0
allocstall_dma32 0
allocstall_normal 43449
allocstall_movable 29165
allocstall_device 0
pgscan_direct 7538432
pgscan_direct_throttle 0
compact_stall 249978
2026-09-22T03:41:55Z
2483 MHz, 0x0000000000000000, 68, 38.47 W
MemFree:         6765256 kB
MemAvailable:    8253820 kB
Cached:          4651524 kB
SwapFree:       11350924 kB
allocstall_dma 0
allocstall_dma32 0
allocstall_normal 43449
allocstall_movable 29165
allocstall_device 0
pgscan_direct 7538432
pgscan_direct_throttle 0
compact_stall 249978
2026-09-22T03:41:56Z
2483 MHz, 0x0000000000000000, 68, 39.21 W
MemFree:         6796088 kB
MemAvailable:    8284684 kB
Cached:          4651524 kB
SwapFree:       11350932 kB
allocstall_dma 0
allocstall_dma32 0
allocstall_normal 43449
allocstall_movable 29165
allocstall_device 0
pgscan_direct 7538432
pgscan_direct_throttle 0
compact_stall 249978
2026-09-22T03:41:57Z
2483 MHz, 0x0000000000000000, 68, 39.19 W
MemFree:         6791416 kB
MemAvailable:    8280012 kB
Cached:          4651524 kB
SwapFree:       11350932 kB
allocstall_dma 0
allocstall_dma32 0
allocstall_normal 43449
allocstall_movable 29165
allocstall_device 0
pgscan_direct 7538432
pgscan_direct_throttle 0
compact_stall 249978
2026-09-22T03:41:58Z
2483 MHz, 0x0000000000000000, 68, 39.20 W
MemFree:         6788436 kB
MemAvailable:    8277032 kB
Cached:          4651524 kB
SwapFree:       11350932 kB
allocstall_dma 0
allocstall_dma32 0
allocstall_normal 43449
allocstall_movable 29165
allocstall_device 0
pgscan_direct 7538432
pgscan_direct_throttle 0
compact_stall 249978
2026-09-22T03:42:00Z
2483 MHz, 0x0000000000000000, 68, 38.38 W
MemFree:         6779892 kB
MemAvailable:    8268612 kB
Cached:          4651648 kB
SwapFree:       11350932 kB
allocstall_dma 0
allocstall_dma32 0
allocstall_normal 43449
allocstall_movable 29165
allocstall_device 0
pgscan_direct 7538432
pgscan_direct_throttle 0
compact_stall 249978
2026-09-22T03:42:01Z
2483 MHz, 0x0000000000000000, 68, 39.09 W
MemFree:         6766696 kB
MemAvailable:    8255424 kB
Cached:          4651648 kB
SwapFree:       11350936 kB
allocstall_dma 0
allocstall_dma32 0
allocstall_normal 43449
allocstall_movable 29165
allocstall_device 0
pgscan_direct 7538432
pgscan_direct_throttle 0
compact_stall 249978
2026-09-22T03:42:02Z
2483 MHz, 0x0000000000000000, 69, 39.19 W
MemFree:         6759324 kB
MemAvailable:    8248052 kB
Cached:          4651648 kB
SwapFree:       11350936 kB
allocstall_dma 0
allocstall_dma32 0
allocstall_normal 43449
allocstall_movable 29165
allocstall_device 0
pgscan_direct 7538432
pgscan_direct_throttle 0
compact_stall 249978
2026-09-22T03:42:03Z
2483 MHz, 0x0000000000000000, 68, 39.00 W
MemFree:         6772028 kB
MemAvailable:    8260756 kB
Cached:          4651648 kB
SwapFree:       11350936 kB
allocstall_dma 0
allocstall_dma32 0
allocstall_normal 43449
allocstall_movable 29165
allocstall_device 0
pgscan_direct 7538432
pgscan_direct_throttle 0
compact_stall 249978
2026-09-22T03:42:04Z
2483 MHz, 0x0000000000000000, 68, 38.99 W
MemFree:         6788664 kB
MemAvailable:    8277392 kB
Cached:          4651648 kB
SwapFree:       11350936 kB
allocstall_dma 0
allocstall_dma32 0
allocstall_normal 43449
allocstall_movable 29165
allocstall_device 0
pgscan_direct 7538432
pgscan_direct_throttle 0
compact_stall 249978
2026-09-22T03:42:05Z
2483 MHz, 0x0000000000000000, 68, 38.33 W
MemFree:         6797552 kB
MemAvailable:    8286280 kB
Cached:          4651648 kB
SwapFree:       11350940 kB
allocstall_dma 0
allocstall_dma32 0
allocstall_normal 43449
allocstall_movable 29165
allocstall_device 0
pgscan_direct 7538432
pgscan_direct_throttle 0
compact_stall 249978
2026-09-22T03:42:06Z
2483 MHz, 0x0000000000000000, 68, 38.89 W
MemFree:         6777980 kB
MemAvailable:    8266708 kB
Cached:          4651648 kB
SwapFree:       11350940 kB
allocstall_dma 0
allocstall_dma32 0
allocstall_normal 43449
allocstall_movable 29165
allocstall_device 0
pgscan_direct 7538432
pgscan_direct_throttle 0
compact_stall 249978
2026-09-22T03:42:07Z
2483 MHz, 0x0000000000000000, 68, 39.04 W
MemFree:         6781180 kB
MemAvailable:    8269908 kB
Cached:          4651648 kB
SwapFree:       11350940 kB
allocstall_dma 0
allocstall_dma32 0
allocstall_normal 43449
allocstall_movable 29165
allocstall_device 0
pgscan_direct 7538432
pgscan_direct_throttle 0
compact_stall 249978
2026-09-22T03:42:08Z
2483 MHz, 0x0000000000000000, 68, 39.50 W
MemFree:         6784324 kB
MemAvailable:    8273052 kB
Cached:          4651648 kB
SwapFree:       11350940 kB
allocstall_dma 0
allocstall_dma32 0
allocstall_normal 43449
allocstall_movable 29165
allocstall_device 0
pgscan_direct 7538432
pgscan_direct_throttle 0
compact_stall 249978
2026-09-22T03:42:09Z
2463 MHz, 0x0000000000000000, 71, 50.83 W
MemFree:         6782228 kB
MemAvailable:    8271032 kB
Cached:          4651932 kB
SwapFree:       11351108 kB
allocstall_dma 0
allocstall_dma32 0
allocstall_normal 43449
allocstall_movable 29165
allocstall_device 0
pgscan_direct 7538432
pgscan_direct_throttle 0
compact_stall 249978
2026-09-22T03:42:10Z
2457 MHz, 0x0000000000000000, 71, 57.30 W
MemFree:         6786400 kB
MemAvailable:    8275248 kB
Cached:          4651932 kB
SwapFree:       11351112 kB
allocstall_dma 0
allocstall_dma32 0
allocstall_normal 43449
allocstall_movable 29165
allocstall_device 0
pgscan_direct 7538432
pgscan_direct_throttle 0
compact_stall 249978
2026-09-22T03:42:11Z
2463 MHz, 0x0000000000000000, 70, 58.62 W
MemFree:         6795312 kB
MemAvailable:    8284160 kB
Cached:          4651932 kB
SwapFree:       11351112 kB
allocstall_dma 0
allocstall_dma32 0
allocstall_normal 43449
allocstall_movable 29165
allocstall_device 0
pgscan_direct 7538432
pgscan_direct_throttle 0
compact_stall 249978
2026-09-22T03:42:12Z
2463 MHz, 0x0000000000000000, 72, 59.61 W
MemFree:         6770416 kB
MemAvailable:    8259264 kB
Cached:          4651932 kB
SwapFree:       11351112 kB
allocstall_dma 0
allocstall_dma32 0
allocstall_normal 43449
allocstall_movable 29165
allocstall_device 0
pgscan_direct 7538432
pgscan_direct_throttle 0
compact_stall 249978
2026-09-22T03:42:13Z
2457 MHz, 0x0000000000000000, 71, 59.76 W
MemFree:         6778160 kB
MemAvailable:    8267008 kB
Cached:          4651932 kB
SwapFree:       11351112 kB
allocstall_dma 0
allocstall_dma32 0
allocstall_normal 43449
allocstall_movable 29165
allocstall_device 0
pgscan_direct 7538432
pgscan_direct_throttle 0
compact_stall 249978
2026-09-22T03:42:14Z
2444 MHz, 0x0000000000000000, 73, 60.49 W
MemFree:         6797688 kB
MemAvailable:    8286536 kB
Cached:          4651924 kB
SwapFree:       11351112 kB
allocstall_dma 0
allocstall_dma32 0
allocstall_normal 43449
allocstall_movable 29165
allocstall_device 0
pgscan_direct 7538432
pgscan_direct_throttle 0
compact_stall 249978
2026-09-22T03:42:15Z
2444 MHz, 0x0000000000000000, 72, 60.61 W
MemFree:         6799244 kB
MemAvailable:    8288092 kB
Cached:          4651932 kB
SwapFree:       11351112 kB
allocstall_dma 0
allocstall_dma32 0
allocstall_normal 43449
allocstall_movable 29165
allocstall_device 0
pgscan_direct 7538432
pgscan_direct_throttle 0
compact_stall 249978
2026-09-22T03:42:16Z
2450 MHz, 0x0000000000000000, 72, 60.99 W
MemFree:         6803308 kB
MemAvailable:    8292156 kB
Cached:          4651932 kB
SwapFree:       11351112 kB
allocstall_dma 0
allocstall_dma32 0
allocstall_normal 43449
allocstall_movable 29165
allocstall_device 0
pgscan_direct 7538432
pgscan_direct_throttle 0
compact_stall 249978
2026-09-22T03:42:17Z
2450 MHz, 0x0000000000000000, 73, 61.45 W
MemFree:         6778492 kB
MemAvailable:    8267340 kB
Cached:          4651932 kB
SwapFree:       11351112 kB
allocstall_dma 0
allocstall_dma32 0
allocstall_normal 43449
allocstall_movable 29165
allocstall_device 0
pgscan_direct 7538432
pgscan_direct_throttle 0
compact_stall 249978
2026-09-22T03:42:18Z
2457 MHz, 0x0000000000000000, 72, 61.54 W
MemFree:         6762020 kB
MemAvailable:    8250868 kB
Cached:          4651932 kB
SwapFree:       11351112 kB
allocstall_dma 0
allocstall_dma32 0
allocstall_normal 43449
allocstall_movable 29165
allocstall_device 0
pgscan_direct 7538432
pgscan_direct_throttle 0
compact_stall 249978
2026-09-22T03:42:19Z
2450 MHz, 0x0000000000000000, 73, 57.70 W
MemFree:         6760732 kB
MemAvailable:    8249680 kB
Cached:          4652128 kB
SwapFree:       11351120 kB
allocstall_dma 0
allocstall_dma32 0
allocstall_normal 43449
allocstall_movable 29165
allocstall_device 0
pgscan_direct 7538432
pgscan_direct_throttle 0
compact_stall 249978
2026-09-22T03:42:21Z
2450 MHz, 0x0000000000000000, 72, 55.63 W
MemFree:         6768204 kB
MemAvailable:    8257156 kB
Cached:          4652132 kB
SwapFree:       11351120 kB
allocstall_dma 0
allocstall_dma32 0
allocstall_normal 43449
allocstall_movable 29165
allocstall_device 0
pgscan_direct 7538432
pgscan_direct_throttle 0
compact_stall 249978
2026-09-22T03:42:22Z
2463 MHz, 0x0000000000000000, 68, 56.84 W
MemFree:         6799408 kB
MemAvailable:    8288464 kB
Cached:          4652136 kB
SwapFree:       11351124 kB
allocstall_dma 0
allocstall_dma32 0
allocstall_normal 43449
allocstall_movable 29165
allocstall_device 0
pgscan_direct 7538432
pgscan_direct_throttle 0
compact_stall 249978
2026-09-22T03:42:23Z
2457 MHz, 0x0000000000000000, 72, 60.43 W
MemFree:         6816312 kB
MemAvailable:    8305368 kB
Cached:          4652328 kB
SwapFree:       11351124 kB
allocstall_dma 0
allocstall_dma32 0
allocstall_normal 43449
allocstall_movable 29165
allocstall_device 0
pgscan_direct 7538432
pgscan_direct_throttle 0
compact_stall 249978
2026-09-22T03:42:24Z
2483 MHz, 0x0000000000000000, 70, 43.15 W
MemFree:         6809264 kB
MemAvailable:    8298336 kB
Cached:          4652452 kB
SwapFree:       11351128 kB
allocstall_dma 0
allocstall_dma32 0
allocstall_normal 43449
allocstall_movable 29165
allocstall_device 0
pgscan_direct 7538432
pgscan_direct_throttle 0
compact_stall 249978
2026-09-22T03:42:25Z
2483 MHz, 0x0000000000000000, 69, 39.29 W
MemFree:         6818728 kB
MemAvailable:    8308044 kB
Cached:          4652580 kB
SwapFree:       11351136 kB
allocstall_dma 0
allocstall_dma32 0
allocstall_normal 43449
allocstall_movable 29165
allocstall_device 0
pgscan_direct 7538432
pgscan_direct_throttle 0
compact_stall 249978
2026-09-22T03:42:26Z
2483 MHz, 0x0000000000000000, 69, 40.40 W
MemFree:         6796316 kB
MemAvailable:    8285636 kB
Cached:          4652580 kB
SwapFree:       11351136 kB
allocstall_dma 0
allocstall_dma32 0
allocstall_normal 43449
allocstall_movable 29165
allocstall_device 0
pgscan_direct 7538432
pgscan_direct_throttle 0
compact_stall 249978
2026-09-22T03:42:27Z
2483 MHz, 0x0000000000000000, 69, 39.64 W
MemFree:         6809076 kB
MemAvailable:    8298404 kB
Cached:          4652580 kB
SwapFree:       11351140 kB
allocstall_dma 0
allocstall_dma32 0
allocstall_normal 43449
allocstall_movable 29165
allocstall_device 0
pgscan_direct 7538432
pgscan_direct_throttle 0
compact_stall 249978
2026-09-22T03:42:28Z
2483 MHz, 0x0000000000000000, 69, 40.79 W
MemFree:         6798712 kB
MemAvailable:    8288044 kB
Cached:          4652580 kB
SwapFree:       11351140 kB
allocstall_dma 0
allocstall_dma32 0
allocstall_normal 43449
allocstall_movable 29165
allocstall_device 0
pgscan_direct 7538432
pgscan_direct_throttle 0
compact_stall 249978
2026-09-22T03:42:29Z
2483 MHz, 0x0000000000000000, 69, 40.51 W
MemFree:         6786144 kB
MemAvailable:    8275488 kB
Cached:          4652596 kB
SwapFree:       11351140 kB
allocstall_dma 0
allocstall_dma32 0
allocstall_normal 43449
allocstall_movable 29165
allocstall_device 0
pgscan_direct 7538432
pgscan_direct_throttle 0
compact_stall 249978
2026-09-22T03:42:30Z
2483 MHz, 0x0000000000000000, 69, 39.74 W
MemFree:         6792128 kB
MemAvailable:    8296980 kB
Cached:          4668092 kB
SwapFree:       11351140 kB
allocstall_dma 0
allocstall_dma32 0
allocstall_normal 43449
allocstall_movable 29165
allocstall_device 0
pgscan_direct 7538432
pgscan_direct_throttle 0
compact_stall 249978
2026-09-22T03:42:31Z
2483 MHz, 0x0000000000000000, 69, 40.72 W
MemFree:         6803872 kB
MemAvailable:    8308724 kB
Cached:          4668092 kB
SwapFree:       11351140 kB
allocstall_dma 0
allocstall_dma32 0
allocstall_normal 43449
allocstall_movable 29165
allocstall_device 0
pgscan_direct 7538432
pgscan_direct_throttle 0
compact_stall 249978
2026-09-22T03:42:32Z
2483 MHz, 0x0000000000000000, 69, 40.53 W
MemFree:         6803680 kB
MemAvailable:    8308516 kB
Cached:          4668092 kB
SwapFree:       11351144 kB
allocstall_dma 0
allocstall_dma32 0
allocstall_normal 43449
allocstall_movable 29165
allocstall_device 0
pgscan_direct 7538432
pgscan_direct_throttle 0
compact_stall 249978
2026-09-22T03:42:33Z
2483 MHz, 0x0000000000000000, 69, 39.68 W
MemFree:         6770768 kB
MemAvailable:    8275604 kB
Cached:          4668092 kB
SwapFree:       11351144 kB
allocstall_dma 0
allocstall_dma32 0
allocstall_normal 43449
allocstall_movable 29165
allocstall_device 0
pgscan_direct 7538432
pgscan_direct_throttle 0
compact_stall 249978
2026-09-22T03:42:34Z
2483 MHz, 0x0000000000000000, 69, 40.66 W
MemFree:         6802244 kB
MemAvailable:    8307080 kB
Cached:          4668092 kB
SwapFree:       11351144 kB
allocstall_dma 0
allocstall_dma32 0
allocstall_normal 43449
allocstall_movable 29165
allocstall_device 0
pgscan_direct 7538432
pgscan_direct_throttle 0
compact_stall 249978
2026-09-22T03:42:35Z
2483 MHz, 0x0000000000000000, 69, 40.56 W
MemFree:         6798128 kB
MemAvailable:    8302964 kB
Cached:          4668092 kB
SwapFree:       11351144 kB
allocstall_dma 0
allocstall_dma32 0
allocstall_normal 43449
allocstall_movable 29165
allocstall_device 0
pgscan_direct 7538432
pgscan_direct_throttle 0
compact_stall 249978
2026-09-22T03:42:36Z
2483 MHz, 0x0000000000000000, 69, 40.63 W
MemFree:         6802292 kB
MemAvailable:    8307136 kB
Cached:          4668092 kB
SwapFree:       11351144 kB
allocstall_dma 0
allocstall_dma32 0
allocstall_normal 43449
allocstall_movable 29165
allocstall_device 0
pgscan_direct 7538432
pgscan_direct_throttle 0
compact_stall 249978
2026-09-22T03:42:37Z
2483 MHz, 0x0000000000000000, 69, 40.66 W
MemFree:         6778204 kB
MemAvailable:    8283048 kB
Cached:          4668092 kB
SwapFree:       11351144 kB
allocstall_dma 0
allocstall_dma32 0
allocstall_normal 43449
allocstall_movable 29165
allocstall_device 0
pgscan_direct 7538432
pgscan_direct_throttle 0
compact_stall 249978
2026-09-22T03:42:38Z
2483 MHz, 0x0000000000000000, 69, 40.72 W
MemFree:         6807128 kB
MemAvailable:    8311972 kB
Cached:          4668092 kB
SwapFree:       11351148 kB
allocstall_dma 0
allocstall_dma32 0
allocstall_normal 43449
allocstall_movable 29165
allocstall_device 0
pgscan_direct 7538432
pgscan_direct_throttle 0
compact_stall 249978
2026-09-22T03:42:40Z
2476 MHz, 0x0000000000000000, 69, 37.10 W
MemFree:         6803648 kB
MemAvailable:    8308492 kB
Cached:          4668092 kB
SwapFree:       11351152 kB
allocstall_dma 0
allocstall_dma32 0
allocstall_normal 43449
allocstall_movable 29165
allocstall_device 0
pgscan_direct 7538432
pgscan_direct_throttle 0
compact_stall 249978
2026-09-22T03:42:41Z
2483 MHz, 0x0000000000000000, 69, 39.45 W
MemFree:         6802352 kB
MemAvailable:    8307196 kB
Cached:          4668092 kB
SwapFree:       11351152 kB
allocstall_dma 0
allocstall_dma32 0
allocstall_normal 43449
allocstall_movable 29165
allocstall_device 0
pgscan_direct 7538432
pgscan_direct_throttle 0
compact_stall 249978
2026-09-22T03:42:42Z
2483 MHz, 0x0000000000000000, 69, 39.40 W
MemFree:         6818088 kB
MemAvailable:    8322932 kB
Cached:          4668092 kB
SwapFree:       11351152 kB
allocstall_dma 0
allocstall_dma32 0
allocstall_normal 43449
allocstall_movable 29165
allocstall_device 0
pgscan_direct 7538432
pgscan_direct_throttle 0
compact_stall 249978
2026-09-22T03:42:43Z
2483 MHz, 0x0000000000000000, 69, 39.12 W
MemFree:         6786164 kB
MemAvailable:    8291008 kB
Cached:          4668092 kB
SwapFree:       11351156 kB
allocstall_dma 0
allocstall_dma32 0
allocstall_normal 43449
allocstall_movable 29165
allocstall_device 0
pgscan_direct 7538432
pgscan_direct_throttle 0
compact_stall 249978
2026-09-22T03:42:44Z
2483 MHz, 0x0000000000000000, 69, 37.85 W
MemFree:         6780116 kB
MemAvailable:    8284964 kB
Cached:          4668096 kB
SwapFree:       11351164 kB
allocstall_dma 0
allocstall_dma32 0
allocstall_normal 43449
allocstall_movable 29165
allocstall_device 0
pgscan_direct 7538432
pgscan_direct_throttle 0
compact_stall 249978
2026-09-22T03:42:45Z
2483 MHz, 0x0000000000000000, 69, 40.80 W
MemFree:         6779488 kB
MemAvailable:    8284336 kB
Cached:          4668096 kB
SwapFree:       11351164 kB
allocstall_dma 0
allocstall_dma32 0
allocstall_normal 43449
allocstall_movable 29165
allocstall_device 0
pgscan_direct 7538432
pgscan_direct_throttle 0
compact_stall 249978
2026-09-22T03:42:46Z
2483 MHz, 0x0000000000000000, 69, 40.93 W
MemFree:         6763540 kB
MemAvailable:    8268396 kB
Cached:          4668096 kB
SwapFree:       11351164 kB
allocstall_dma 0
allocstall_dma32 0
allocstall_normal 43449
allocstall_movable 29165
allocstall_device 0
pgscan_direct 7538432
pgscan_direct_throttle 0
compact_stall 249978
2026-09-22T03:42:47Z
2483 MHz, 0x0000000000000000, 69, 40.89 W
MemFree:         6789904 kB
MemAvailable:    8294760 kB
Cached:          4668096 kB
SwapFree:       11351164 kB
allocstall_dma 0
allocstall_dma32 0
allocstall_normal 43449
allocstall_movable 29165
allocstall_device 0
pgscan_direct 7538432
pgscan_direct_throttle 0
compact_stall 249978
2026-09-22T03:42:48Z
2483 MHz, 0x0000000000000000, 69, 41.28 W
MemFree:         6792040 kB
MemAvailable:    8296896 kB
Cached:          4668096 kB
SwapFree:       11351164 kB
allocstall_dma 0
allocstall_dma32 0
allocstall_normal 43449
allocstall_movable 29165
allocstall_device 0
pgscan_direct 7538432
pgscan_direct_throttle 0
compact_stall 249978
2026-09-22T03:42:49Z
2483 MHz, 0x0000000000000000, 69, 41.07 W
MemFree:         6794056 kB
MemAvailable:    8298912 kB
Cached:          4668096 kB
SwapFree:       11351168 kB
allocstall_dma 0
allocstall_dma32 0
allocstall_normal 43449
allocstall_movable 29165
allocstall_device 0
pgscan_direct 7538432
pgscan_direct_throttle 0
compact_stall 249978
2026-09-22T03:42:50Z
2483 MHz, 0x0000000000000000, 69, 38.40 W
MemFree:         6801944 kB
MemAvailable:    8306800 kB
Cached:          4668096 kB
SwapFree:       11351208 kB
allocstall_dma 0
allocstall_dma32 0
allocstall_normal 43449
allocstall_movable 29165
allocstall_device 0
pgscan_direct 7538432
pgscan_direct_throttle 0
compact_stall 249978
2026-09-22T03:42:51Z
2483 MHz, 0x0000000000000000, 69, 41.10 W
MemFree:         6791436 kB
MemAvailable:    8296292 kB
Cached:          4668096 kB
SwapFree:       11351208 kB
allocstall_dma 0
allocstall_dma32 0
allocstall_normal 43449
allocstall_movable 29165
allocstall_device 0
pgscan_direct 7538432
pgscan_direct_throttle 0
compact_stall 249978
2026-09-22T03:42:52Z
2483 MHz, 0x0000000000000000, 69, 41.17 W
MemFree:         6777352 kB
MemAvailable:    8282208 kB
Cached:          4668096 kB
SwapFree:       11351208 kB
allocstall_dma 0
allocstall_dma32 0
allocstall_normal 43449
allocstall_movable 29165
allocstall_device 0
pgscan_direct 7538432
pgscan_direct_throttle 0
compact_stall 249978
2026-09-22T03:42:53Z
2483 MHz, 0x0000000000000000, 69, 41.24 W
MemFree:         6785512 kB
MemAvailable:    8290368 kB
Cached:          4668096 kB
SwapFree:       11351208 kB
allocstall_dma 0
allocstall_dma32 0
allocstall_normal 43449
allocstall_movable 29165
allocstall_device 0
pgscan_direct 7538432
pgscan_direct_throttle 0
compact_stall 249978
2026-09-22T03:42:54Z
2483 MHz, 0x0000000000000000, 69, 41.31 W
MemFree:         6759852 kB
MemAvailable:    8264708 kB
Cached:          4668096 kB
SwapFree:       11351208 kB
allocstall_dma 0
allocstall_dma32 0
allocstall_normal 43449
allocstall_movable 29165
allocstall_device 0
pgscan_direct 7538432
pgscan_direct_throttle 0
compact_stall 249978
2026-09-22T03:42:55Z
2483 MHz, 0x0000000000000000, 69, 41.08 W
MemFree:         6775036 kB
MemAvailable:    8279892 kB
Cached:          4668096 kB
SwapFree:       11351212 kB
allocstall_dma 0
allocstall_dma32 0
allocstall_normal 43449
allocstall_movable 29165
allocstall_device 0
pgscan_direct 7538432
pgscan_direct_throttle 0
compact_stall 249978
2026-09-22T03:42:56Z
2483 MHz, 0x0000000000000000, 69, 39.39 W
MemFree:         6765720 kB
MemAvailable:    8270580 kB
Cached:          4668100 kB
SwapFree:       11351212 kB
allocstall_dma 0
allocstall_dma32 0
allocstall_normal 43449
allocstall_movable 29165
allocstall_device 0
pgscan_direct 7538432
pgscan_direct_throttle 0
compact_stall 249978
2026-09-22T03:42:57Z
2483 MHz, 0x0000000000000000, 69, 40.88 W
MemFree:         6768480 kB
MemAvailable:    8273340 kB
Cached:          4668100 kB
SwapFree:       11351212 kB
allocstall_dma 0
allocstall_dma32 0
allocstall_normal 43449
allocstall_movable 29165
allocstall_device 0
pgscan_direct 7538432
pgscan_direct_throttle 0
compact_stall 249978
2026-09-22T03:42:58Z
2483 MHz, 0x0000000000000000, 69, 41.05 W
MemFree:         6775976 kB
MemAvailable:    8280836 kB
Cached:          4668100 kB
SwapFree:       11351212 kB
allocstall_dma 0
allocstall_dma32 0
allocstall_normal 43449
allocstall_movable 29165
allocstall_device 0
pgscan_direct 7538432
pgscan_direct_throttle 0
compact_stall 249978
2026-09-22T03:42:59Z
2483 MHz, 0x0000000000000000, 69, 41.09 W
MemFree:         6768984 kB
MemAvailable:    8273844 kB
Cached:          4668100 kB
SwapFree:       11351212 kB
allocstall_dma 0
allocstall_dma32 0
allocstall_normal 43449
allocstall_movable 29165
allocstall_device 0
pgscan_direct 7538432
pgscan_direct_throttle 0
compact_stall 249978
2026-09-22T03:43:01Z
2483 MHz, 0x0000000000000000, 69, 41.15 W
MemFree:         6782172 kB
MemAvailable:    8287032 kB
Cached:          4668100 kB
SwapFree:       11351212 kB
allocstall_dma 0
allocstall_dma32 0
allocstall_normal 43449
allocstall_movable 29165
allocstall_device 0
pgscan_direct 7538432
pgscan_direct_throttle 0
compact_stall 249978
2026-09-22T03:43:02Z
2476 MHz, 0x0000000000000000, 69, 39.45 W
MemFree:         6787060 kB
MemAvailable:    8292056 kB
Cached:          4668220 kB
SwapFree:       11351216 kB
allocstall_dma 0
allocstall_dma32 0
allocstall_normal 43449
allocstall_movable 29165
allocstall_device 0
pgscan_direct 7538432
pgscan_direct_throttle 0
compact_stall 249978
2026-09-22T03:43:03Z
2483 MHz, 0x0000000000000000, 69, 39.27 W
MemFree:         6788336 kB
MemAvailable:    8293332 kB
Cached:          4668220 kB
SwapFree:       11351216 kB
allocstall_dma 0
allocstall_dma32 0
allocstall_normal 43449
allocstall_movable 29165
allocstall_device 0
pgscan_direct 7538432
pgscan_direct_throttle 0
compact_stall 249978
2026-09-22T03:43:04Z
2483 MHz, 0x0000000000000000, 68, 39.19 W
MemFree:         6767496 kB
MemAvailable:    8272492 kB
Cached:          4668220 kB
SwapFree:       11351216 kB
allocstall_dma 0
allocstall_dma32 0
allocstall_normal 43449
allocstall_movable 29165
allocstall_device 0
pgscan_direct 7538432
pgscan_direct_throttle 0
compact_stall 249978
2026-09-22T03:43:05Z
2483 MHz, 0x0000000000000000, 69, 39.20 W
MemFree:         6778136 kB
MemAvailable:    8283132 kB
Cached:          4668220 kB
SwapFree:       11351216 kB
allocstall_dma 0
allocstall_dma32 0
allocstall_normal 43449
allocstall_movable 29165
allocstall_device 0
pgscan_direct 7538432
pgscan_direct_throttle 0
compact_stall 249978
2026-09-22T03:43:06Z
2405 MHz, 0x0000000000000000, 66, 31.16 W
MemFree:         6776880 kB
MemAvailable:    8282460 kB
Cached:          4668856 kB
SwapFree:       11351216 kB
allocstall_dma 0
allocstall_dma32 0
allocstall_normal 43449
allocstall_movable 29165
allocstall_device 0
pgscan_direct 7538432
pgscan_direct_throttle 0
compact_stall 249978
2026-09-22T03:43:07Z
2405 MHz, 0x0000000000000000, 65, 16.70 W
MemFree:         6768788 kB
MemAvailable:    8274424 kB
Cached:          4668860 kB
SwapFree:       11351268 kB
allocstall_dma 0
allocstall_dma32 0
allocstall_normal 43449
allocstall_movable 29165
allocstall_device 0
pgscan_direct 7538432
pgscan_direct_throttle 0
compact_stall 249978
2026-09-22T03:43:08Z
2470 MHz, 0x0000000000000000, 70, 38.45 W
MemFree:         6754092 kB
MemAvailable:    8259856 kB
Cached:          4668980 kB
SwapFree:       11351292 kB
allocstall_dma 0
allocstall_dma32 0
allocstall_normal 43449
allocstall_movable 29165
allocstall_device 0
pgscan_direct 7538432
pgscan_direct_throttle 0
compact_stall 249978
2026-09-22T03:43:09Z
2470 MHz, 0x0000000000000000, 70, 56.89 W
MemFree:         6744584 kB
MemAvailable:    8250464 kB
Cached:          4669088 kB
SwapFree:       11351380 kB
allocstall_dma 0
allocstall_dma32 0
allocstall_normal 43449
allocstall_movable 29165
allocstall_device 0
pgscan_direct 7538432
pgscan_direct_throttle 0
compact_stall 249978
2026-09-22T03:43:10Z
2470 MHz, 0x0000000000000000, 71, 56.71 W
MemFree:         6748480 kB
MemAvailable:    8254360 kB
Cached:          4669124 kB
SwapFree:       11351380 kB
allocstall_dma 0
allocstall_dma32 0
allocstall_normal 43449
allocstall_movable 29165
allocstall_device 0
pgscan_direct 7538432
pgscan_direct_throttle 0
compact_stall 249978
2026-09-22T03:43:11Z
2470 MHz, 0x0000000000000000, 70, 57.68 W
MemFree:         6724976 kB
MemAvailable:    8231944 kB
Cached:          4670212 kB
SwapFree:       11351396 kB
allocstall_dma 0
allocstall_dma32 0
allocstall_normal 43449
allocstall_movable 29165
allocstall_device 0
pgscan_direct 7538432
pgscan_direct_throttle 0
compact_stall 249978
2026-09-22T03:43:12Z
2483 MHz, 0x0000000000000000, 68, 50.81 W
MemFree:         6730968 kB
MemAvailable:    8238064 kB
Cached:          4670340 kB
SwapFree:       11351396 kB
allocstall_dma 0
allocstall_dma32 0
allocstall_normal 43449
allocstall_movable 29165
allocstall_device 0
pgscan_direct 7538432
pgscan_direct_throttle 0
compact_stall 249978
2026-09-22T03:43:13Z
2476 MHz, 0x0000000000000000, 71, 42.48 W
MemFree:         6725408 kB
MemAvailable:    8232504 kB
Cached:          4670340 kB
SwapFree:       11351396 kB
allocstall_dma 0
allocstall_dma32 0
allocstall_normal 43449
allocstall_movable 29165
allocstall_device 0
pgscan_direct 7538432
pgscan_direct_throttle 0
compact_stall 249978
2026-09-22T03:43:14Z
2470 MHz, 0x0000000000000000, 71, 57.11 W
MemFree:         6751428 kB
MemAvailable:    8258584 kB
Cached:          4670392 kB
SwapFree:       11351396 kB
allocstall_dma 0
allocstall_dma32 0
allocstall_normal 43449
allocstall_movable 29165
allocstall_device 0
pgscan_direct 7538432
pgscan_direct_throttle 0
compact_stall 249978
2026-09-22T03:43:15Z
2457 MHz, 0x0000000000000000, 71, 58.11 W
MemFree:         6744840 kB
MemAvailable:    8251996 kB
Cached:          4670392 kB
SwapFree:       11351396 kB
allocstall_dma 0
allocstall_dma32 0
allocstall_normal 43449
allocstall_movable 29165
allocstall_device 0
pgscan_direct 7538432
pgscan_direct_throttle 0
compact_stall 249978
2026-09-22T03:43:16Z
2431 MHz, 0x0000000000000000, 72, 47.52 W
MemFree:         6739484 kB
MemAvailable:    8246712 kB
Cached:          4670524 kB
SwapFree:       11351396 kB
allocstall_dma 0
allocstall_dma32 0
allocstall_normal 43449
allocstall_movable 29165
allocstall_device 0
pgscan_direct 7538432
pgscan_direct_throttle 0
compact_stall 249978
2026-09-22T03:43:17Z
2457 MHz, 0x0000000000000000, 71, 57.37 W
MemFree:         6741420 kB
MemAvailable:    8248648 kB
Cached:          4670568 kB
SwapFree:       11351396 kB
allocstall_dma 0
allocstall_dma32 0
allocstall_normal 43449
allocstall_movable 29165
allocstall_device 0
pgscan_direct 7538432
pgscan_direct_throttle 0
compact_stall 249978
2026-09-22T03:43:18Z
2463 MHz, 0x0000000000000000, 72, 58.06 W
MemFree:         6724088 kB
MemAvailable:    8231448 kB
Cached:          4670696 kB
SwapFree:       11351396 kB
allocstall_dma 0
allocstall_dma32 0
allocstall_normal 43449
allocstall_movable 29165
allocstall_device 0
pgscan_direct 7538432
pgscan_direct_throttle 0
compact_stall 249978
2026-09-22T03:43:19Z
2437 MHz, 0x0000000000000000, 71, 29.93 W
MemFree:         6720992 kB
MemAvailable:    8228476 kB
Cached:          4671388 kB
SwapFree:       11351840 kB
allocstall_dma 0
allocstall_dma32 0
allocstall_normal 43449
allocstall_movable 29165
allocstall_device 0
pgscan_direct 7538432
pgscan_direct_throttle 0
compact_stall 249978
2026-09-22T03:43:21Z
2457 MHz, 0x0000000000000000, 71, 57.20 W
MemFree:         6709636 kB
MemAvailable:    8217192 kB
Cached:          4671388 kB
SwapFree:       11351840 kB
allocstall_dma 0
allocstall_dma32 0
allocstall_normal 43449
allocstall_movable 29165
allocstall_device 0
pgscan_direct 7538432
pgscan_direct_throttle 0
compact_stall 249978
2026-09-22T03:43:22Z
2463 MHz, 0x0000000000000000, 71, 58.18 W
MemFree:         6712536 kB
MemAvailable:    8220092 kB
Cached:          4671388 kB
SwapFree:       11351840 kB
allocstall_dma 0
allocstall_dma32 0
allocstall_normal 43449
allocstall_movable 29165
allocstall_device 0
pgscan_direct 7538432
pgscan_direct_throttle 0
compact_stall 249978
2026-09-22T03:43:23Z
2457 MHz, 0x0000000000000000, 72, 58.44 W
MemFree:         6745684 kB
MemAvailable:    8253240 kB
Cached:          4671388 kB
SwapFree:       11351840 kB
allocstall_dma 0
allocstall_dma32 0
allocstall_normal 43449
allocstall_movable 29165
allocstall_device 0
pgscan_direct 7538432
pgscan_direct_throttle 0
compact_stall 249978
2026-09-22T03:43:24Z
2450 MHz, 0x0000000000000000, 71, 58.73 W
MemFree:         6760764 kB
MemAvailable:    8268444 kB
Cached:          4671512 kB
SwapFree:       11351840 kB
allocstall_dma 0
allocstall_dma32 0
allocstall_normal 43449
allocstall_movable 29165
allocstall_device 0
pgscan_direct 7538432
pgscan_direct_throttle 0
compact_stall 249978
2026-09-22T03:43:25Z
2450 MHz, 0x0000000000000000, 72, 59.10 W
MemFree:         6763844 kB
MemAvailable:    8271532 kB
Cached:          4671512 kB
SwapFree:       11351840 kB
allocstall_dma 0
allocstall_dma32 0
allocstall_normal 43449
allocstall_movable 29165
allocstall_device 0
pgscan_direct 7538432
pgscan_direct_throttle 0
compact_stall 249978
2026-09-22T03:43:26Z
2450 MHz, 0x0000000000000000, 72, 59.49 W
MemFree:         6758936 kB
MemAvailable:    8266752 kB
Cached:          4671640 kB
SwapFree:       11351840 kB
allocstall_dma 0
allocstall_dma32 0
allocstall_normal 43449
allocstall_movable 29165
allocstall_device 0
pgscan_direct 7538432
pgscan_direct_throttle 0
compact_stall 249978
2026-09-22T03:43:27Z
2450 MHz, 0x0000000000000000, 72, 59.74 W
MemFree:         6772324 kB
MemAvailable:    8280140 kB
Cached:          4671640 kB
SwapFree:       11351840 kB
allocstall_dma 0
allocstall_dma32 0
allocstall_normal 43449
allocstall_movable 29165
allocstall_device 0
pgscan_direct 7538432
pgscan_direct_throttle 0
compact_stall 249978
2026-09-22T03:43:28Z
2450 MHz, 0x0000000000000000, 72, 60.04 W
MemFree:         6783144 kB
MemAvailable:    8290960 kB
Cached:          4671640 kB
SwapFree:       11351840 kB
allocstall_dma 0
allocstall_dma32 0
allocstall_normal 43449
allocstall_movable 29165
allocstall_device 0
pgscan_direct 7538432
pgscan_direct_throttle 0
compact_stall 249978
2026-09-22T03:43:29Z
2450 MHz, 0x0000000000000000, 72, 60.57 W
MemFree:         6788380 kB
MemAvailable:    8296308 kB
Cached:          4671744 kB
SwapFree:       11351840 kB
allocstall_dma 0
allocstall_dma32 0
allocstall_normal 43449
allocstall_movable 29165
allocstall_device 0
pgscan_direct 7538432
pgscan_direct_throttle 0
compact_stall 249978
2026-09-22T03:43:30Z
2450 MHz, 0x0000000000000000, 73, 60.57 W
MemFree:         6777456 kB
MemAvailable:    8285384 kB
Cached:          4671744 kB
SwapFree:       11351840 kB
allocstall_dma 0
allocstall_dma32 0
allocstall_normal 43449
allocstall_movable 29165
allocstall_device 0
pgscan_direct 7538432
pgscan_direct_throttle 0
compact_stall 249978
2026-09-22T03:43:31Z
2450 MHz, 0x0000000000000000, 73, 61.07 W
MemFree:         6773568 kB
MemAvailable:    8281536 kB
Cached:          4671816 kB
SwapFree:       11351840 kB
allocstall_dma 0
allocstall_dma32 0
allocstall_normal 43449
allocstall_movable 29165
allocstall_device 0
pgscan_direct 7538432
pgscan_direct_throttle 0
compact_stall 249978
2026-09-22T03:43:32Z
2450 MHz, 0x0000000000000000, 73, 61.24 W
MemFree:         6761604 kB
MemAvailable:    8269604 kB
Cached:          4671816 kB
SwapFree:       11351840 kB
allocstall_dma 0
allocstall_dma32 0
allocstall_normal 43449
allocstall_movable 29165
allocstall_device 0
pgscan_direct 7538432
pgscan_direct_throttle 0
compact_stall 249978
2026-09-22T03:43:33Z
2450 MHz, 0x0000000000000000, 74, 61.58 W
MemFree:         6741444 kB
MemAvailable:    8249444 kB
Cached:          4671816 kB
SwapFree:       11351840 kB
allocstall_dma 0
allocstall_dma32 0
allocstall_normal 43449
allocstall_movable 29165
allocstall_device 0
pgscan_direct 7538432
pgscan_direct_throttle 0
compact_stall 249978
2026-09-22T03:43:34Z
2450 MHz, 0x0000000000000000, 74, 61.83 W
MemFree:         6723784 kB
MemAvailable:    8231792 kB
Cached:          4671816 kB
SwapFree:       11351840 kB
allocstall_dma 0
allocstall_dma32 0
allocstall_normal 43449
allocstall_movable 29165
allocstall_device 0
pgscan_direct 7538432
pgscan_direct_throttle 0
compact_stall 249978
2026-09-22T03:43:35Z
2450 MHz, 0x0000000000000000, 74, 62.05 W
MemFree:         6722032 kB
MemAvailable:    8230224 kB
Cached:          4672012 kB
SwapFree:       11351840 kB
allocstall_dma 0
allocstall_dma32 0
allocstall_normal 43449
allocstall_movable 29165
allocstall_device 0
pgscan_direct 7538432
pgscan_direct_throttle 0
compact_stall 249978
2026-09-22T03:43:36Z
2450 MHz, 0x0000000000000000, 74, 62.56 W
MemFree:         6718960 kB
MemAvailable:    8227212 kB
Cached:          4672060 kB
SwapFree:       11351840 kB
allocstall_dma 0
allocstall_dma32 0
allocstall_normal 43449
allocstall_movable 29165
allocstall_device 0
pgscan_direct 7538432
pgscan_direct_throttle 0
compact_stall 249978
2026-09-22T03:43:38Z
2450 MHz, 0x0000000000000000, 75, 63.13 W
MemFree:         6714808 kB
MemAvailable:    8223180 kB
Cached:          4672180 kB
SwapFree:       11351840 kB
allocstall_dma 0
allocstall_dma32 0
allocstall_normal 43449
allocstall_movable 29165
allocstall_device 0
pgscan_direct 7538432
pgscan_direct_throttle 0
compact_stall 249978
2026-09-22T03:43:39Z
2450 MHz, 0x0000000000000000, 73, 63.26 W
MemFree:         6747992 kB
MemAvailable:    8256432 kB
Cached:          4672304 kB
SwapFree:       11351840 kB
allocstall_dma 0
allocstall_dma32 0
allocstall_normal 43449
allocstall_movable 29165
allocstall_device 0
pgscan_direct 7538432
pgscan_direct_throttle 0
compact_stall 249978
2026-09-22T03:43:40Z
2450 MHz, 0x0000000000000000, 73, 63.01 W
MemFree:         6744372 kB
MemAvailable:    8252876 kB
Cached:          4672304 kB
SwapFree:       11351840 kB
allocstall_dma 0
allocstall_dma32 0
allocstall_normal 43449
allocstall_movable 29165
allocstall_device 0
pgscan_direct 7538432
pgscan_direct_throttle 0
compact_stall 249978
2026-09-22T03:43:41Z
2450 MHz, 0x0000000000000000, 74, 63.82 W
MemFree:         6748160 kB
MemAvailable:    8256664 kB
Cached:          4672304 kB
SwapFree:       11351840 kB
allocstall_dma 0
allocstall_dma32 0
allocstall_normal 43449
allocstall_movable 29165
allocstall_device 0
pgscan_direct 7538432
pgscan_direct_throttle 0
compact_stall 249978
2026-09-22T03:43:42Z
2450 MHz, 0x0000000000000000, 74, 63.56 W
MemFree:         6767748 kB
MemAvailable:    8276252 kB
Cached:          4672304 kB
SwapFree:       11351840 kB
allocstall_dma 0
allocstall_dma32 0
allocstall_normal 43449
allocstall_movable 29165
allocstall_device 0
pgscan_direct 7538432
pgscan_direct_throttle 0
compact_stall 249978
2026-09-22T03:43:43Z
2450 MHz, 0x0000000000000000, 73, 64.30 W
MemFree:         6753316 kB
MemAvailable:    8261820 kB
Cached:          4672304 kB
SwapFree:       11351840 kB
allocstall_dma 0
allocstall_dma32 0
allocstall_normal 43449
allocstall_movable 29165
allocstall_device 0
pgscan_direct 7538432
pgscan_direct_throttle 0
compact_stall 249978
2026-09-22T03:43:44Z
2450 MHz, 0x0000000000000000, 75, 64.18 W
MemFree:         6754460 kB
MemAvailable:    8263032 kB
Cached:          4672432 kB
SwapFree:       11351840 kB
allocstall_dma 0
allocstall_dma32 0
allocstall_normal 43449
allocstall_movable 29165
allocstall_device 0
pgscan_direct 7538432
pgscan_direct_throttle 0
compact_stall 249978
2026-09-22T03:43:45Z
2450 MHz, 0x0000000000000000, 73, 64.35 W
MemFree:         6778276 kB
MemAvailable:    8287000 kB
Cached:          4672560 kB
SwapFree:       11351840 kB
allocstall_dma 0
allocstall_dma32 0
allocstall_normal 43449
allocstall_movable 29165
allocstall_device 0
pgscan_direct 7538432
pgscan_direct_throttle 0
compact_stall 249978
2026-09-22T03:43:46Z
2450 MHz, 0x0000000000000000, 74, 66.06 W
MemFree:         6779476 kB
MemAvailable:    8288244 kB
Cached:          4672560 kB
SwapFree:       11351840 kB
allocstall_dma 0
allocstall_dma32 0
allocstall_normal 43449
allocstall_movable 29165
allocstall_device 0
pgscan_direct 7538432
pgscan_direct_throttle 0
compact_stall 249978
2026-09-22T03:43:47Z
2450 MHz, 0x0000000000000000, 74, 65.04 W
MemFree:         6791136 kB
MemAvailable:    8299904 kB
Cached:          4672560 kB
SwapFree:       11351840 kB
allocstall_dma 0
allocstall_dma32 0
allocstall_normal 43449
allocstall_movable 29165
allocstall_device 0
pgscan_direct 7538432
pgscan_direct_throttle 0
compact_stall 249978
2026-09-22T03:43:48Z
2450 MHz, 0x0000000000000000, 72, 65.42 W
MemFree:         6795640 kB
MemAvailable:    8304408 kB
Cached:          4672560 kB
SwapFree:       11351840 kB
allocstall_dma 0
allocstall_dma32 0
allocstall_normal 43449
allocstall_movable 29165
allocstall_device 0
pgscan_direct 7538432
pgscan_direct_throttle 0
compact_stall 249978
2026-09-22T03:43:49Z
2450 MHz, 0x0000000000000000, 75, 66.16 W
MemFree:         6778864 kB
MemAvailable:    8287632 kB
Cached:          4672560 kB
SwapFree:       11351840 kB
allocstall_dma 0
allocstall_dma32 0
allocstall_normal 43449
allocstall_movable 29165
allocstall_device 0
pgscan_direct 7538432
pgscan_direct_throttle 0
compact_stall 249978
2026-09-22T03:43:50Z
2450 MHz, 0x0000000000000000, 75, 65.86 W
MemFree:         6781764 kB
MemAvailable:    8290668 kB
Cached:          4672688 kB
SwapFree:       11351840 kB
allocstall_dma 0
allocstall_dma32 0
allocstall_normal 43449
allocstall_movable 29165
allocstall_device 0
pgscan_direct 7538432
pgscan_direct_throttle 0
compact_stall 249978
2026-09-22T03:43:51Z
2450 MHz, 0x0000000000000000, 74, 65.69 W
MemFree:         6768720 kB
MemAvailable:    8277624 kB
Cached:          4672688 kB
SwapFree:       11351840 kB
allocstall_dma 0
allocstall_dma32 0
allocstall_normal 43449
allocstall_movable 29165
allocstall_device 0
pgscan_direct 7538432
pgscan_direct_throttle 0
compact_stall 249978
2026-09-22T03:43:52Z
2450 MHz, 0x0000000000000000, 76, 66.31 W
MemFree:         6768520 kB
MemAvailable:    8277424 kB
Cached:          4672688 kB
SwapFree:       11351840 kB
allocstall_dma 0
allocstall_dma32 0
allocstall_normal 43449
allocstall_movable 29165
allocstall_device 0
pgscan_direct 7538432
pgscan_direct_throttle 0
compact_stall 249978
2026-09-22T03:43:53Z
2450 MHz, 0x0000000000000000, 74, 65.53 W
MemFree:         6754256 kB
MemAvailable:    8263160 kB
Cached:          4672688 kB
SwapFree:       11351840 kB
allocstall_dma 0
allocstall_dma32 0
allocstall_normal 43449
allocstall_movable 29165
allocstall_device 0
pgscan_direct 7538432
pgscan_direct_throttle 0
compact_stall 249978
2026-09-22T03:43:54Z
2450 MHz, 0x0000000000000000, 75, 68.04 W
MemFree:         6765148 kB
MemAvailable:    8274052 kB
Cached:          4672688 kB
SwapFree:       11351840 kB
allocstall_dma 0
allocstall_dma32 0
allocstall_normal 43449
allocstall_movable 29165
allocstall_device 0
pgscan_direct 7538432
pgscan_direct_throttle 0
compact_stall 249978
2026-09-22T03:43:55Z
2450 MHz, 0x0000000000000000, 75, 66.12 W
MemFree:         6741764 kB
MemAvailable:    8250992 kB
Cached:          4673096 kB
SwapFree:       11351840 kB
allocstall_dma 0
allocstall_dma32 0
allocstall_normal 43449
allocstall_movable 29165
allocstall_device 0
pgscan_direct 7538432
pgscan_direct_throttle 0
compact_stall 249978
2026-09-22T03:43:56Z
2450 MHz, 0x0000000000000000, 77, 69.00 W
MemFree:         6762028 kB
MemAvailable:    8271708 kB
Cached:          4673512 kB
SwapFree:       11351848 kB
allocstall_dma 0
allocstall_dma32 0
allocstall_normal 43449
allocstall_movable 29165
allocstall_device 0
pgscan_direct 7538432
pgscan_direct_throttle 0
compact_stall 249978
2026-09-22T03:43:58Z
2450 MHz, 0x0000000000000000, 75, 66.88 W
MemFree:         6752584 kB
MemAvailable:    8262264 kB
Cached:          4673512 kB
SwapFree:       11351848 kB
allocstall_dma 0
allocstall_dma32 0
allocstall_normal 43449
allocstall_movable 29165
allocstall_device 0
pgscan_direct 7538432
pgscan_direct_throttle 0
compact_stall 249978
2026-09-22T03:43:59Z
2450 MHz, 0x0000000000000000, 74, 67.99 W
MemFree:         6731160 kB
MemAvailable:    8240840 kB
Cached:          4673512 kB
SwapFree:       11351848 kB
allocstall_dma 0
allocstall_dma32 0
allocstall_normal 43449
allocstall_movable 29165
allocstall_device 0
pgscan_direct 7538432
pgscan_direct_throttle 0
compact_stall 249978
2026-09-22T03:44:00Z
2450 MHz, 0x0000000000000000, 76, 67.35 W
MemFree:         6727712 kB
MemAvailable:    8237416 kB
Cached:          4673516 kB
SwapFree:       11351848 kB
allocstall_dma 0
allocstall_dma32 0
allocstall_normal 43449
allocstall_movable 29165
allocstall_device 0
pgscan_direct 7538432
pgscan_direct_throttle 0
compact_stall 249978
2026-09-22T03:44:01Z
2450 MHz, 0x0000000000000000, 76, 67.42 W
MemFree:         6744464 kB
MemAvailable:    8254228 kB
Cached:          4673600 kB
SwapFree:       11351848 kB
allocstall_dma 0
allocstall_dma32 0
allocstall_normal 43449
allocstall_movable 29165
allocstall_device 0
pgscan_direct 7538432
pgscan_direct_throttle 0
compact_stall 249978
2026-09-22T03:44:02Z
2450 MHz, 0x0000000000000000, 77, 69.01 W
MemFree:         6741104 kB
MemAvailable:    8250904 kB
Cached:          4673600 kB
SwapFree:       11351848 kB
allocstall_dma 0
allocstall_dma32 0
allocstall_normal 43449
allocstall_movable 29165
allocstall_device 0
pgscan_direct 7538432
pgscan_direct_throttle 0
compact_stall 249978
2026-09-22T03:44:03Z
2450 MHz, 0x0000000000000000, 78, 67.71 W
MemFree:         6744884 kB
MemAvailable:    8254684 kB
Cached:          4673600 kB
SwapFree:       11351848 kB
allocstall_dma 0
allocstall_dma32 0
allocstall_normal 43449
allocstall_movable 29165
allocstall_device 0
pgscan_direct 7538432
pgscan_direct_throttle 0
compact_stall 249978
2026-09-22T03:44:04Z
2450 MHz, 0x0000000000000000, 77, 68.08 W
MemFree:         6743564 kB
MemAvailable:    8253364 kB
Cached:          4673600 kB
SwapFree:       11351848 kB
allocstall_dma 0
allocstall_dma32 0
allocstall_normal 43449
allocstall_movable 29165
allocstall_device 0
pgscan_direct 7538432
pgscan_direct_throttle 0
compact_stall 249978
2026-09-22T03:44:05Z
2450 MHz, 0x0000000000000000, 77, 68.43 W
MemFree:         6738648 kB
MemAvailable:    8248448 kB
Cached:          4673600 kB
SwapFree:       11351848 kB
allocstall_dma 0
allocstall_dma32 0
allocstall_normal 43449
allocstall_movable 29165
allocstall_device 0
pgscan_direct 7538432
pgscan_direct_throttle 0
compact_stall 249978
2026-09-22T03:44:06Z
2450 MHz, 0x0000000000000000, 77, 69.77 W
MemFree:         6735536 kB
MemAvailable:    8245336 kB
Cached:          4673600 kB
SwapFree:       11351848 kB
allocstall_dma 0
allocstall_dma32 0
allocstall_normal 43449
allocstall_movable 29165
allocstall_device 0
pgscan_direct 7538432
pgscan_direct_throttle 0
compact_stall 249978
2026-09-22T03:44:07Z
2450 MHz, 0x0000000000000000, 75, 69.04 W
MemFree:         6751404 kB
MemAvailable:    8261412 kB
Cached:          4673852 kB
SwapFree:       11351848 kB
allocstall_dma 0
allocstall_dma32 0
allocstall_normal 43449
allocstall_movable 29165
allocstall_device 0
pgscan_direct 7538432
pgscan_direct_throttle 0
compact_stall 249978
2026-09-22T03:44:08Z
2450 MHz, 0x0000000000000000, 75, 70.35 W
MemFree:         6757664 kB
MemAvailable:    8267724 kB
Cached:          4673852 kB
SwapFree:       11351848 kB
allocstall_dma 0
allocstall_dma32 0
allocstall_normal 43449
allocstall_movable 29165
allocstall_device 0
pgscan_direct 7538432
pgscan_direct_throttle 0
compact_stall 249978
2026-09-22T03:44:09Z
2450 MHz, 0x0000000000000000, 76, 68.19 W
MemFree:         6756716 kB
MemAvailable:    8266776 kB
Cached:          4673852 kB
SwapFree:       11351848 kB
allocstall_dma 0
allocstall_dma32 0
allocstall_normal 43449
allocstall_movable 29165
allocstall_device 0
pgscan_direct 7538432
pgscan_direct_throttle 0
compact_stall 249978
2026-09-22T03:44:10Z
2450 MHz, 0x0000000000000000, 77, 69.44 W
MemFree:         6768472 kB
MemAvailable:    8278532 kB
Cached:          4673852 kB
SwapFree:       11351848 kB
allocstall_dma 0
allocstall_dma32 0
allocstall_normal 43449
allocstall_movable 29165
allocstall_device 0
pgscan_direct 7538432
pgscan_direct_throttle 0
compact_stall 249978
2026-09-22T03:44:11Z
2450 MHz, 0x0000000000000000, 77, 68.01 W
MemFree:         6755316 kB
MemAvailable:    8265376 kB
Cached:          4673852 kB
SwapFree:       11351848 kB
allocstall_dma 0
allocstall_dma32 0
allocstall_normal 43449
allocstall_movable 29165
allocstall_device 0
pgscan_direct 7538432
pgscan_direct_throttle 0
compact_stall 249978
2026-09-22T03:44:12Z
2450 MHz, 0x0000000000000000, 75, 54.85 W
MemFree:         6761052 kB
MemAvailable:    8271324 kB
Cached:          4674056 kB
SwapFree:       11351848 kB
allocstall_dma 0
allocstall_dma32 0
allocstall_normal 43449
allocstall_movable 29165
allocstall_device 0
pgscan_direct 7538432
pgscan_direct_throttle 0
compact_stall 249978
2026-09-22T03:44:13Z
2450 MHz, 0x0000000000000000, 75, 68.86 W
MemFree:         6761468 kB
MemAvailable:    8271912 kB
Cached:          4674228 kB
SwapFree:       11351848 kB
allocstall_dma 0
allocstall_dma32 0
allocstall_normal 43449
allocstall_movable 29165
allocstall_device 0
pgscan_direct 7538432
pgscan_direct_throttle 0
compact_stall 249978
2026-09-22T03:44:14Z
2450 MHz, 0x0000000000000000, 73, 68.21 W
MemFree:         6759456 kB
MemAvailable:    8269900 kB
Cached:          4674228 kB
SwapFree:       11351848 kB
allocstall_dma 0
allocstall_dma32 0
allocstall_normal 43449
allocstall_movable 29165
allocstall_device 0
pgscan_direct 7538432
pgscan_direct_throttle 0
compact_stall 249978
2026-09-22T03:44:15Z
2463 MHz, 0x0000000000000000, 72, 40.49 W
MemFree:         6774344 kB
MemAvailable:    8284788 kB
Cached:          4674228 kB
SwapFree:       11351848 kB
allocstall_dma 0
allocstall_dma32 0
allocstall_normal 43449
allocstall_movable 29165
allocstall_device 0
pgscan_direct 7538432
pgscan_direct_throttle 0
compact_stall 249978
2026-09-22T03:44:16Z
2483 MHz, 0x0000000000000000, 72, 40.36 W
MemFree:         6733364 kB
MemAvailable:    8243808 kB
Cached:          4674228 kB
SwapFree:       11351848 kB
allocstall_dma 0
allocstall_dma32 0
allocstall_normal 43449
allocstall_movable 29165
allocstall_device 0
pgscan_direct 7538432
pgscan_direct_throttle 0
compact_stall 249978
2026-09-22T03:44:17Z
2483 MHz, 0x0000000000000000, 72, 40.36 W
MemFree:         6736832 kB
MemAvailable:    8247532 kB
Cached:          4674484 kB
SwapFree:       11351848 kB
allocstall_dma 0
allocstall_dma32 0
allocstall_normal 43449
allocstall_movable 29165
allocstall_device 0
pgscan_direct 7538432
pgscan_direct_throttle 0
compact_stall 249978
2026-09-22T03:44:18Z
2483 MHz, 0x0000000000000000, 71, 40.22 W
MemFree:         6756232 kB
MemAvailable:    8267084 kB
Cached:          4674636 kB
SwapFree:       11351848 kB
allocstall_dma 0
allocstall_dma32 0
allocstall_normal 43449
allocstall_movable 29165
allocstall_device 0
pgscan_direct 7538432
pgscan_direct_throttle 0
compact_stall 249978
2026-09-22T03:44:20Z
2483 MHz, 0x0000000000000000, 71, 40.34 W
MemFree:         6755228 kB
MemAvailable:    8266164 kB
Cached:          4674712 kB
SwapFree:       11351848 kB
allocstall_dma 0
allocstall_dma32 0
allocstall_normal 43449
allocstall_movable 29165
allocstall_device 0
pgscan_direct 7538432
pgscan_direct_throttle 0
compact_stall 249978
2026-09-22T03:44:21Z
2483 MHz, 0x0000000000000000, 71, 40.19 W
MemFree:         6772636 kB
MemAvailable:    8283572 kB
Cached:          4674712 kB
SwapFree:       11351848 kB
allocstall_dma 0
allocstall_dma32 0
allocstall_normal 43449
allocstall_movable 29165
allocstall_device 0
pgscan_direct 7538432
pgscan_direct_throttle 0
compact_stall 249978
2026-09-22T03:44:22Z
2405 MHz, 0x0000000000000000, 68, 23.80 W
MemFree:         6771820 kB
MemAvailable:    8282756 kB
Cached:          4674712 kB
SwapFree:       11351848 kB
allocstall_dma 0
allocstall_dma32 0
allocstall_normal 43449
allocstall_movable 29165
allocstall_device 0
pgscan_direct 7538432
pgscan_direct_throttle 0
compact_stall 249978
2026-09-22T03:44:23Z
2405 MHz, 0x0000000000000000, 67, 17.34 W
MemFree:         6764184 kB
MemAvailable:    8275120 kB
Cached:          4674704 kB
SwapFree:       11351848 kB
allocstall_dma 0
allocstall_dma32 0
allocstall_normal 43449
allocstall_movable 29165
allocstall_device 0
pgscan_direct 7538432
pgscan_direct_throttle 0
compact_stall 249978
2026-09-22T03:44:24Z
2483 MHz, 0x0000000000000000, 69, 35.42 W
MemFree:         6765276 kB
MemAvailable:    8276220 kB
Cached:          4674712 kB
SwapFree:       11351848 kB
allocstall_dma 0
allocstall_dma32 0
allocstall_normal 43449
allocstall_movable 29165
allocstall_device 0
pgscan_direct 7538432
pgscan_direct_throttle 0
compact_stall 249978
2026-09-22T03:44:25Z
2483 MHz, 0x0000000000000000, 70, 39.57 W
MemFree:         6756812 kB
MemAvailable:    8267756 kB
Cached:          4674712 kB
SwapFree:       11351848 kB
allocstall_dma 0
allocstall_dma32 0
allocstall_normal 43449
allocstall_movable 29165
allocstall_device 0
pgscan_direct 7538432
pgscan_direct_throttle 0
compact_stall 249978
2026-09-22T03:44:26Z
2483 MHz, 0x0000000000000000, 69, 39.62 W
MemFree:         6752800 kB
MemAvailable:    8263744 kB
Cached:          4674712 kB
SwapFree:       11351848 kB
allocstall_dma 0
allocstall_dma32 0
allocstall_normal 43449
allocstall_movable 29165
allocstall_device 0
pgscan_direct 7538432
pgscan_direct_throttle 0
compact_stall 249978
2026-09-22T03:44:27Z
2483 MHz, 0x0000000000000000, 69, 39.63 W
MemFree:         6772896 kB
MemAvailable:    8283840 kB
Cached:          4674712 kB
SwapFree:       11351848 kB
allocstall_dma 0
allocstall_dma32 0
allocstall_normal 43449
allocstall_movable 29165
allocstall_device 0
pgscan_direct 7538432
pgscan_direct_throttle 0
compact_stall 249978
2026-09-22T03:44:28Z
2483 MHz, 0x0000000000000000, 69, 39.65 W
MemFree:         6765132 kB
MemAvailable:    8276076 kB
Cached:          4674712 kB
SwapFree:       11351848 kB
allocstall_dma 0
allocstall_dma32 0
allocstall_normal 43449
allocstall_movable 29165
allocstall_device 0
pgscan_direct 7538432
pgscan_direct_throttle 0
compact_stall 249978
2026-09-22T03:44:29Z
2483 MHz, 0x0000000000000000, 70, 39.61 W
MemFree:         6749516 kB
MemAvailable:    8260460 kB
Cached:          4674712 kB
SwapFree:       11351848 kB
allocstall_dma 0
allocstall_dma32 0
allocstall_normal 43449
allocstall_movable 29165
allocstall_device 0
pgscan_direct 7538432
pgscan_direct_throttle 0
compact_stall 249978
2026-09-22T03:44:30Z
2483 MHz, 0x0000000000000000, 69, 39.58 W
MemFree:         6749560 kB
MemAvailable:    8260504 kB
Cached:          4674712 kB
SwapFree:       11351848 kB
allocstall_dma 0
allocstall_dma32 0
allocstall_normal 43449
allocstall_movable 29165
allocstall_device 0
pgscan_direct 7538432
pgscan_direct_throttle 0
compact_stall 249978
2026-09-22T03:44:31Z
2483 MHz, 0x0000000000000000, 69, 39.51 W
MemFree:         6753632 kB
MemAvailable:    8264576 kB
Cached:          4674712 kB
SwapFree:       11351848 kB
allocstall_dma 0
allocstall_dma32 0
allocstall_normal 43449
allocstall_movable 29165
allocstall_device 0
pgscan_direct 7538432
pgscan_direct_throttle 0
compact_stall 249978
2026-09-22T03:44:32Z
2483 MHz, 0x0000000000000000, 69, 39.57 W
MemFree:         6755448 kB
MemAvailable:    8266400 kB
Cached:          4674712 kB
SwapFree:       11351848 kB
allocstall_dma 0
allocstall_dma32 0
allocstall_normal 43449
allocstall_movable 29165
allocstall_device 0
pgscan_direct 7538432
pgscan_direct_throttle 0
compact_stall 249978
2026-09-22T03:44:33Z
2483 MHz, 0x0000000000000000, 69, 39.40 W
MemFree:         6761380 kB
MemAvailable:    8272332 kB
Cached:          4674712 kB
SwapFree:       11351848 kB
allocstall_dma 0
allocstall_dma32 0
allocstall_normal 43449
allocstall_movable 29165
allocstall_device 0
pgscan_direct 7538432
pgscan_direct_throttle 0
compact_stall 249978
2026-09-22T03:44:34Z
2483 MHz, 0x0000000000000000, 69, 39.39 W
MemFree:         6761032 kB
MemAvailable:    8271984 kB
Cached:          4674712 kB
SwapFree:       11351848 kB
allocstall_dma 0
allocstall_dma32 0
allocstall_normal 43449
allocstall_movable 29165
allocstall_device 0
pgscan_direct 7538432
pgscan_direct_throttle 0
compact_stall 249978
2026-09-22T03:44:35Z
2483 MHz, 0x0000000000000000, 69, 39.48 W
MemFree:         6777320 kB
MemAvailable:    8288272 kB
Cached:          4674712 kB
SwapFree:       11351848 kB
allocstall_dma 0
allocstall_dma32 0
allocstall_normal 43449
allocstall_movable 29165
allocstall_device 0
pgscan_direct 7538432
pgscan_direct_throttle 0
compact_stall 249978
2026-09-22T03:44:36Z
2483 MHz, 0x0000000000000000, 69, 39.29 W
MemFree:         6766684 kB
MemAvailable:    8277636 kB
Cached:          4674712 kB
SwapFree:       11351848 kB
allocstall_dma 0
allocstall_dma32 0
allocstall_normal 43449
allocstall_movable 29165
allocstall_device 0
pgscan_direct 7538432
pgscan_direct_throttle 0
compact_stall 249978
2026-09-22T03:44:37Z
2483 MHz, 0x0000000000000000, 69, 39.31 W
MemFree:         6733644 kB
MemAvailable:    8244692 kB
Cached:          4674804 kB
SwapFree:       11351848 kB
allocstall_dma 0
allocstall_dma32 0
allocstall_normal 43449
allocstall_movable 29165
allocstall_device 0
pgscan_direct 7538432
pgscan_direct_throttle 0
compact_stall 249978
2026-09-22T03:44:38Z
2483 MHz, 0x0000000000000000, 69, 39.33 W
MemFree:         6742580 kB
MemAvailable:    8253628 kB
Cached:          4674804 kB
SwapFree:       11351848 kB
allocstall_dma 0
allocstall_dma32 0
allocstall_normal 43449
allocstall_movable 29165
allocstall_device 0
pgscan_direct 7538432
pgscan_direct_throttle 0
compact_stall 249978
2026-09-22T03:44:39Z
2483 MHz, 0x0000000000000000, 69, 39.41 W
MemFree:         6758836 kB
MemAvailable:    8269884 kB
Cached:          4674864 kB
SwapFree:       11351848 kB
allocstall_dma 0
allocstall_dma32 0
allocstall_normal 43449
allocstall_movable 29165
allocstall_device 0
pgscan_direct 7538432
pgscan_direct_throttle 0
compact_stall 249978
2026-09-22T03:44:40Z
2483 MHz, 0x0000000000000000, 69, 39.47 W
MemFree:         6758604 kB
MemAvailable:    8269720 kB
Cached:          4674872 kB
SwapFree:       11351848 kB
allocstall_dma 0
allocstall_dma32 0
allocstall_normal 43449
allocstall_movable 29165
allocstall_device 0
pgscan_direct 7538432
pgscan_direct_throttle 0
compact_stall 249978
2026-09-22T03:44:41Z
2483 MHz, 0x0000000000000000, 69, 39.38 W
MemFree:         6754864 kB
MemAvailable:    8265984 kB
Cached:          4674872 kB
SwapFree:       11351848 kB
allocstall_dma 0
allocstall_dma32 0
allocstall_normal 43449
allocstall_movable 29165
allocstall_device 0
pgscan_direct 7538432
pgscan_direct_throttle 0
compact_stall 249978
2026-09-22T03:44:43Z
2483 MHz, 0x0000000000000000, 69, 39.46 W
MemFree:         6777936 kB
MemAvailable:    8289056 kB
Cached:          4674872 kB
SwapFree:       11351848 kB
allocstall_dma 0
allocstall_dma32 0
allocstall_normal 43449
allocstall_movable 29165
allocstall_device 0
pgscan_direct 7538432
pgscan_direct_throttle 0
compact_stall 249978
2026-09-22T03:44:44Z
2483 MHz, 0x0000000000000000, 69, 39.46 W
MemFree:         6774340 kB
MemAvailable:    8285468 kB
Cached:          4674872 kB
SwapFree:       11351848 kB
allocstall_dma 0
allocstall_dma32 0
allocstall_normal 43449
allocstall_movable 29165
allocstall_device 0
pgscan_direct 7538432
pgscan_direct_throttle 0
compact_stall 249978
2026-09-22T03:44:45Z
2483 MHz, 0x0000000000000000, 69, 39.46 W
MemFree:         6763488 kB
MemAvailable:    8274616 kB
Cached:          4674872 kB
SwapFree:       11351848 kB
allocstall_dma 0
allocstall_dma32 0
allocstall_normal 43449
allocstall_movable 29165
allocstall_device 0
pgscan_direct 7538432
pgscan_direct_throttle 0
compact_stall 249978
2026-09-22T03:44:46Z
2483 MHz, 0x0000000000000000, 69, 39.27 W
MemFree:         6731764 kB
MemAvailable:    8242892 kB
Cached:          4674872 kB
SwapFree:       11351848 kB
allocstall_dma 0
allocstall_dma32 0
allocstall_normal 43449
allocstall_movable 29165
allocstall_device 0
pgscan_direct 7538432
pgscan_direct_throttle 0
compact_stall 249978
2026-09-22T03:44:47Z
2483 MHz, 0x0000000000000000, 69, 39.31 W
MemFree:         6758668 kB
MemAvailable:    8269804 kB
Cached:          4674872 kB
SwapFree:       11351848 kB
allocstall_dma 0
allocstall_dma32 0
allocstall_normal 43449
allocstall_movable 29165
allocstall_device 0
pgscan_direct 7538432
pgscan_direct_throttle 0
compact_stall 249978
2026-09-22T03:44:48Z
2483 MHz, 0x0000000000000000, 69, 39.31 W
MemFree:         6737636 kB
MemAvailable:    8248772 kB
Cached:          4674872 kB
SwapFree:       11351848 kB
allocstall_dma 0
allocstall_dma32 0
allocstall_normal 43449
allocstall_movable 29165
allocstall_device 0
pgscan_direct 7538432
pgscan_direct_throttle 0
compact_stall 249978
2026-09-22T03:44:49Z
2483 MHz, 0x0000000000000000, 69, 39.19 W
MemFree:         6724132 kB
MemAvailable:    8235268 kB
Cached:          4674876 kB
SwapFree:       11351848 kB
allocstall_dma 0
allocstall_dma32 0
allocstall_normal 43449
allocstall_movable 29165
allocstall_device 0
pgscan_direct 7538432
pgscan_direct_throttle 0
compact_stall 249978
2026-09-22T03:44:50Z
2483 MHz, 0x0000000000000000, 69, 39.25 W
MemFree:         6753648 kB
MemAvailable:    8264892 kB
Cached:          4675004 kB
SwapFree:       11351848 kB
allocstall_dma 0
allocstall_dma32 0
allocstall_normal 43449
allocstall_movable 29165
allocstall_device 0
pgscan_direct 7538432
pgscan_direct_throttle 0
compact_stall 249978
2026-09-22T03:44:51Z
2483 MHz, 0x0000000000000000, 69, 39.51 W
MemFree:         6745192 kB
MemAvailable:    8256436 kB
Cached:          4675004 kB
SwapFree:       11351848 kB
allocstall_dma 0
allocstall_dma32 0
allocstall_normal 43449
allocstall_movable 29165
allocstall_device 0
pgscan_direct 7538432
pgscan_direct_throttle 0
compact_stall 249978
2026-09-22T03:44:52Z
2483 MHz, 0x0000000000000000, 69, 39.36 W
MemFree:         6755228 kB
MemAvailable:    8266500 kB
Cached:          4675004 kB
SwapFree:       11351848 kB
allocstall_dma 0
allocstall_dma32 0
allocstall_normal 43449
allocstall_movable 29165
allocstall_device 0
pgscan_direct 7538432
pgscan_direct_throttle 0
compact_stall 249978
2026-09-22T03:44:53Z
2483 MHz, 0x0000000000000000, 69, 39.47 W
MemFree:         6753672 kB
MemAvailable:    8264944 kB
Cached:          4675004 kB
SwapFree:       11351848 kB
allocstall_dma 0
allocstall_dma32 0
allocstall_normal 43449
allocstall_movable 29165
allocstall_device 0
pgscan_direct 7538432
pgscan_direct_throttle 0
compact_stall 249978
2026-09-22T03:44:54Z
2483 MHz, 0x0000000000000000, 69, 39.53 W
MemFree:         6762036 kB
MemAvailable:    8273312 kB
Cached:          4675004 kB
SwapFree:       11351848 kB
allocstall_dma 0
allocstall_dma32 0
allocstall_normal 43449
allocstall_movable 29165
allocstall_device 0
pgscan_direct 7538432
pgscan_direct_throttle 0
compact_stall 249978
2026-09-22T03:44:55Z
2483 MHz, 0x0000000000000000, 69, 39.40 W
MemFree:         6749060 kB
MemAvailable:    8260440 kB
Cached:          4675100 kB
SwapFree:       11351848 kB
allocstall_dma 0
allocstall_dma32 0
allocstall_normal 43449
allocstall_movable 29165
allocstall_device 0
pgscan_direct 7538432
pgscan_direct_throttle 0
compact_stall 249978
2026-09-22T03:44:56Z
2483 MHz, 0x0000000000000000, 69, 39.40 W
MemFree:         6754484 kB
MemAvailable:    8265992 kB
Cached:          4675236 kB
SwapFree:       11351848 kB
allocstall_dma 0
allocstall_dma32 0
allocstall_normal 43449
allocstall_movable 29165
allocstall_device 0
pgscan_direct 7538432
pgscan_direct_throttle 0
compact_stall 249978
2026-09-22T03:44:57Z
2483 MHz, 0x0000000000000000, 69, 39.43 W
MemFree:         6754384 kB
MemAvailable:    8265892 kB
Cached:          4675236 kB
SwapFree:       11351848 kB
allocstall_dma 0
allocstall_dma32 0
allocstall_normal 43449
allocstall_movable 29165
allocstall_device 0
pgscan_direct 7538432
pgscan_direct_throttle 0
compact_stall 249978
2026-09-22T03:44:58Z
2483 MHz, 0x0000000000000000, 69, 39.26 W
MemFree:         6739880 kB
MemAvailable:    8251388 kB
Cached:          4675236 kB
SwapFree:       11351848 kB
allocstall_dma 0
allocstall_dma32 0
allocstall_normal 43449
allocstall_movable 29165
allocstall_device 0
pgscan_direct 7538432
pgscan_direct_throttle 0
compact_stall 249978
2026-09-22T03:44:59Z
2405 MHz, 0x0000000000000000, 65, 24.34 W
MemFree:         6741020 kB
MemAvailable:    8252528 kB
Cached:          4675236 kB
SwapFree:       11351848 kB
allocstall_dma 0
allocstall_dma32 0
allocstall_normal 43449
allocstall_movable 29165
allocstall_device 0
pgscan_direct 7538432
pgscan_direct_throttle 0
compact_stall 249978
2026-09-22T03:45:00Z
2405 MHz, 0x0000000000000000, 65, 16.73 W
MemFree:         6734516 kB
MemAvailable:    8246024 kB
Cached:          4675228 kB
SwapFree:       11351848 kB
allocstall_dma 0
allocstall_dma32 0
allocstall_normal 43449
allocstall_movable 29165
allocstall_device 0
pgscan_direct 7538432
pgscan_direct_throttle 0
compact_stall 249978
2026-09-22T03:45:01Z
2405 MHz, 0x0000000000000000, 64, 16.60 W
MemFree:         6721544 kB
MemAvailable:    8233052 kB
Cached:          4675236 kB
SwapFree:       11351848 kB
allocstall_dma 0
allocstall_dma32 0
allocstall_normal 43449
allocstall_movable 29165
allocstall_device 0
pgscan_direct 7538432
pgscan_direct_throttle 0
compact_stall 249978
2026-09-22T03:45:02Z
2470 MHz, 0x0000000000000000, 69, 42.65 W
MemFree:         6724160 kB
MemAvailable:    8235732 kB
Cached:          4675300 kB
SwapFree:       11351856 kB
allocstall_dma 0
allocstall_dma32 0
allocstall_normal 43449
allocstall_movable 29165
allocstall_device 0
pgscan_direct 7538432
pgscan_direct_throttle 0
compact_stall 249978
2026-09-22T03:45:03Z
2470 MHz, 0x0000000000000000, 70, 57.48 W
MemFree:         6715952 kB
MemAvailable:    8227524 kB
Cached:          4675300 kB
SwapFree:       11351856 kB
allocstall_dma 0
allocstall_dma32 0
allocstall_normal 43449
allocstall_movable 29165
allocstall_device 0
pgscan_direct 7538432
pgscan_direct_throttle 0
compact_stall 249978
2026-09-22T03:45:04Z
2470 MHz, 0x0000000000000000, 70, 58.00 W
MemFree:         6720436 kB
MemAvailable:    8232008 kB
Cached:          4675300 kB
SwapFree:       11351856 kB
allocstall_dma 0
allocstall_dma32 0
allocstall_normal 43449
allocstall_movable 29165
allocstall_device 0
pgscan_direct 7538432
pgscan_direct_throttle 0
compact_stall 249978
2026-09-22T03:45:05Z
2470 MHz, 0x0000000000000000, 72, 58.54 W
MemFree:         6721608 kB
MemAvailable:    8233196 kB
Cached:          4675300 kB
SwapFree:       11351856 kB
allocstall_dma 0
allocstall_dma32 0
allocstall_normal 43449
allocstall_movable 29165
allocstall_device 0
pgscan_direct 7538432
pgscan_direct_throttle 0
compact_stall 249978
2026-09-22T03:45:07Z
2470 MHz, 0x0000000000000000, 71, 58.74 W
MemFree:         6727832 kB
MemAvailable:    8239420 kB
Cached:          4675300 kB
SwapFree:       11351856 kB
allocstall_dma 0
allocstall_dma32 0
allocstall_normal 43449
allocstall_movable 29165
allocstall_device 0
pgscan_direct 7538432
pgscan_direct_throttle 0
compact_stall 249978
2026-09-22T03:45:08Z
2405 MHz, 0x0000000000000000, 65, 30.31 W
MemFree:         6741832 kB
MemAvailable:    8253420 kB
Cached:          4675300 kB
SwapFree:       11351856 kB
allocstall_dma 0
allocstall_dma32 0
allocstall_normal 43449
allocstall_movable 29165
allocstall_device 0
pgscan_direct 7538432
pgscan_direct_throttle 0
compact_stall 249978
2026-09-22T03:45:09Z
2470 MHz, 0x0000000000000000, 70, 38.95 W
MemFree:         6749912 kB
MemAvailable:    8261620 kB
Cached:          4675520 kB
SwapFree:       11351860 kB
allocstall_dma 0
allocstall_dma32 0
allocstall_normal 43449
allocstall_movable 29165
allocstall_device 0
pgscan_direct 7538432
pgscan_direct_throttle 0
compact_stall 249978
2026-09-22T03:45:10Z
2470 MHz, 0x0000000000000000, 70, 58.29 W
MemFree:         6745512 kB
MemAvailable:    8257228 kB
Cached:          4675524 kB
SwapFree:       11351860 kB
allocstall_dma 0
allocstall_dma32 0
allocstall_normal 43449
allocstall_movable 29165
allocstall_device 0
pgscan_direct 7538432
pgscan_direct_throttle 0
compact_stall 249978
2026-09-22T03:45:11Z
2483 MHz, 0x0000000000000000, 68, 41.98 W
MemFree:         6746560 kB
MemAvailable:    8258276 kB
Cached:          4675516 kB
SwapFree:       11351860 kB
allocstall_dma 0
allocstall_dma32 0
allocstall_normal 43449
allocstall_movable 29165
allocstall_device 0
pgscan_direct 7538432
pgscan_direct_throttle 0
compact_stall 249978
2026-09-22T03:45:12Z
2483 MHz, 0x0000000000000000, 68, 39.23 W
MemFree:         6763972 kB
MemAvailable:    8275688 kB
Cached:          4675524 kB
SwapFree:       11351860 kB
allocstall_dma 0
allocstall_dma32 0
allocstall_normal 43449
allocstall_movable 29165
allocstall_device 0
pgscan_direct 7538432
pgscan_direct_throttle 0
compact_stall 249978
2026-09-22T03:45:13Z
2483 MHz, 0x0000000000000000, 68, 39.15 W
MemFree:         6771288 kB
MemAvailable:    8283004 kB
Cached:          4675524 kB
SwapFree:       11351860 kB
allocstall_dma 0
allocstall_dma32 0
allocstall_normal 43449
allocstall_movable 29165
allocstall_device 0
pgscan_direct 7538432
pgscan_direct_throttle 0
compact_stall 249978
2026-09-22T03:45:14Z
2483 MHz, 0x0000000000000000, 68, 39.14 W
MemFree:         6778148 kB
MemAvailable:    8289864 kB
Cached:          4675524 kB
SwapFree:       11351860 kB
allocstall_dma 0
allocstall_dma32 0
allocstall_normal 43449
allocstall_movable 29165
allocstall_device 0
pgscan_direct 7538432
pgscan_direct_throttle 0
compact_stall 249978
2026-09-22T03:45:15Z
2483 MHz, 0x0000000000000000, 68, 39.07 W
MemFree:         6762024 kB
MemAvailable:    8273760 kB
Cached:          4675524 kB
SwapFree:       11351860 kB
allocstall_dma 0
allocstall_dma32 0
allocstall_normal 43449
allocstall_movable 29165
allocstall_device 0
pgscan_direct 7538432
pgscan_direct_throttle 0
compact_stall 249978
2026-09-22T03:45:16Z
2483 MHz, 0x0000000000000000, 68, 39.20 W
MemFree:         6759352 kB
MemAvailable:    8271088 kB
Cached:          4675524 kB
SwapFree:       11351860 kB
allocstall_dma 0
allocstall_dma32 0
allocstall_normal 43449
allocstall_movable 29165
allocstall_device 0
pgscan_direct 7538432
pgscan_direct_throttle 0
compact_stall 249978
2026-09-22T03:45:17Z
2483 MHz, 0x0000000000000000, 68, 39.34 W
MemFree:         6735580 kB
MemAvailable:    8247316 kB
Cached:          4675524 kB
SwapFree:       11351860 kB
allocstall_dma 0
allocstall_dma32 0
allocstall_normal 43449
allocstall_movable 29165
allocstall_device 0
pgscan_direct 7538432
pgscan_direct_throttle 0
compact_stall 249978
2026-09-22T03:45:18Z
2483 MHz, 0x0000000000000000, 68, 39.29 W
MemFree:         6754028 kB
MemAvailable:    8265772 kB
Cached:          4675524 kB
SwapFree:       11351860 kB
allocstall_dma 0
allocstall_dma32 0
allocstall_normal 43449
allocstall_movable 29165
allocstall_device 0
pgscan_direct 7538432
pgscan_direct_throttle 0
compact_stall 249978
2026-09-22T03:45:19Z
2483 MHz, 0x0000000000000000, 68, 39.25 W
MemFree:         6722076 kB
MemAvailable:    8233820 kB
Cached:          4675524 kB
SwapFree:       11351860 kB
allocstall_dma 0
allocstall_dma32 0
allocstall_normal 43449
allocstall_movable 29165
allocstall_device 0
pgscan_direct 7538432
pgscan_direct_throttle 0
compact_stall 249978
2026-09-22T03:45:20Z
2483 MHz, 0x0000000000000000, 68, 39.09 W
MemFree:         6709672 kB
MemAvailable:    8221416 kB
Cached:          4675524 kB
SwapFree:       11351860 kB
allocstall_dma 0
allocstall_dma32 0
allocstall_normal 43449
allocstall_movable 29165
allocstall_device 0
pgscan_direct 7538432
pgscan_direct_throttle 0
compact_stall 249978
2026-09-22T03:45:21Z
2483 MHz, 0x0000000000000000, 68, 39.09 W
MemFree:         6724756 kB
MemAvailable:    8236500 kB
Cached:          4675524 kB
SwapFree:       11351860 kB
allocstall_dma 0
allocstall_dma32 0
allocstall_normal 43449
allocstall_movable 29165
allocstall_device 0
pgscan_direct 7538432
pgscan_direct_throttle 0
compact_stall 249978
2026-09-22T03:45:22Z
2483 MHz, 0x0000000000000000, 68, 39.14 W
MemFree:         6748672 kB
MemAvailable:    8260440 kB
Cached:          4675560 kB
SwapFree:       11351860 kB
allocstall_dma 0
allocstall_dma32 0
allocstall_normal 43449
allocstall_movable 29165
allocstall_device 0
pgscan_direct 7538432
pgscan_direct_throttle 0
compact_stall 249978
2026-09-22T03:45:23Z
2483 MHz, 0x0000000000000000, 68, 38.83 W
MemFree:         6753028 kB
MemAvailable:    8264816 kB
Cached:          4675560 kB
SwapFree:       11351860 kB
allocstall_dma 0
allocstall_dma32 0
allocstall_normal 43449
allocstall_movable 29165
allocstall_device 0
pgscan_direct 7538432
pgscan_direct_throttle 0
compact_stall 249978
2026-09-22T03:45:24Z
2483 MHz, 0x0000000000000000, 68, 39.01 W
MemFree:         6762504 kB
MemAvailable:    8274292 kB
Cached:          4675560 kB
SwapFree:       11351860 kB
allocstall_dma 0
allocstall_dma32 0
allocstall_normal 43449
allocstall_movable 29165
allocstall_device 0
pgscan_direct 7538432
pgscan_direct_throttle 0
compact_stall 249978
2026-09-22T03:45:25Z
2483 MHz, 0x0000000000000000, 68, 38.96 W
MemFree:         6748720 kB
MemAvailable:    8260508 kB
Cached:          4675560 kB
SwapFree:       11351864 kB
allocstall_dma 0
allocstall_dma32 0
allocstall_normal 43449
allocstall_movable 29165
allocstall_device 0
pgscan_direct 7538432
pgscan_direct_throttle 0
compact_stall 249978
2026-09-22T03:45:26Z
2483 MHz, 0x0000000000000000, 68, 39.10 W
MemFree:         6761048 kB
MemAvailable:    8272836 kB
Cached:          4675560 kB
SwapFree:       11351864 kB
allocstall_dma 0
allocstall_dma32 0
allocstall_normal 43449
allocstall_movable 29165
allocstall_device 0
pgscan_direct 7538432
pgscan_direct_throttle 0
compact_stall 249978
2026-09-22T03:45:27Z
2483 MHz, 0x0000000000000000, 68, 39.08 W
MemFree:         6745436 kB
MemAvailable:    8257224 kB
Cached:          4675560 kB
SwapFree:       11351864 kB
allocstall_dma 0
allocstall_dma32 0
allocstall_normal 43449
allocstall_movable 29165
allocstall_device 0
pgscan_direct 7538432
pgscan_direct_throttle 0
compact_stall 249978
2026-09-22T03:45:29Z
2483 MHz, 0x0000000000000000, 68, 39.01 W
MemFree:         6749212 kB
MemAvailable:    8261000 kB
Cached:          4675560 kB
SwapFree:       11351864 kB
allocstall_dma 0
allocstall_dma32 0
allocstall_normal 43449
allocstall_movable 29165
allocstall_device 0
pgscan_direct 7538432
pgscan_direct_throttle 0
compact_stall 249978
2026-09-22T03:45:30Z
2483 MHz, 0x0000000000000000, 68, 39.07 W
MemFree:         6747976 kB
MemAvailable:    8259876 kB
Cached:          4675672 kB
SwapFree:       11351864 kB
allocstall_dma 0
allocstall_dma32 0
allocstall_normal 43449
allocstall_movable 29165
allocstall_device 0
pgscan_direct 7538432
pgscan_direct_throttle 0
compact_stall 249978
2026-09-22T03:45:31Z
2483 MHz, 0x0000000000000000, 68, 39.03 W
MemFree:         6735552 kB
MemAvailable:    8247452 kB
Cached:          4675672 kB
SwapFree:       11351864 kB
allocstall_dma 0
allocstall_dma32 0
allocstall_normal 43449
allocstall_movable 29165
allocstall_device 0
pgscan_direct 7538432
pgscan_direct_throttle 0
compact_stall 249978
2026-09-22T03:45:32Z
2483 MHz, 0x0000000000000000, 68, 39.04 W
MemFree:         6729284 kB
MemAvailable:    8241312 kB
Cached:          4675792 kB
SwapFree:       11351864 kB
allocstall_dma 0
allocstall_dma32 0
allocstall_normal 43449
allocstall_movable 29165
allocstall_device 0
pgscan_direct 7538432
pgscan_direct_throttle 0
compact_stall 249978
2026-09-22T03:45:33Z
2483 MHz, 0x0000000000000000, 68, 38.95 W
MemFree:         6733676 kB
MemAvailable:    8245704 kB
Cached:          4675792 kB
SwapFree:       11351868 kB
allocstall_dma 0
allocstall_dma32 0
allocstall_normal 43449
allocstall_movable 29165
allocstall_device 0
pgscan_direct 7538432
pgscan_direct_throttle 0
compact_stall 249978
2026-09-22T03:45:34Z
2483 MHz, 0x0000000000000000, 68, 38.85 W
MemFree:         6741388 kB
MemAvailable:    8253416 kB
Cached:          4675792 kB
SwapFree:       11351868 kB
allocstall_dma 0
allocstall_dma32 0
allocstall_normal 43449
allocstall_movable 29165
allocstall_device 0
pgscan_direct 7538432
pgscan_direct_throttle 0
compact_stall 249978
2026-09-22T03:45:35Z
2483 MHz, 0x0000000000000000, 68, 39.02 W
MemFree:         6744336 kB
MemAvailable:    8256372 kB
Cached:          4675792 kB
SwapFree:       11351868 kB
allocstall_dma 0
allocstall_dma32 0
allocstall_normal 43449
allocstall_movable 29165
allocstall_device 0
pgscan_direct 7538432
pgscan_direct_throttle 0
compact_stall 249978
2026-09-22T03:45:36Z
2483 MHz, 0x0000000000000000, 68, 38.70 W
MemFree:         6729072 kB
MemAvailable:    8241108 kB
Cached:          4675792 kB
SwapFree:       11351868 kB
allocstall_dma 0
allocstall_dma32 0
allocstall_normal 43449
allocstall_movable 29165
allocstall_device 0
pgscan_direct 7538432
pgscan_direct_throttle 0
compact_stall 249978
2026-09-22T03:45:37Z
2483 MHz, 0x0000000000000000, 68, 38.77 W
MemFree:         6711664 kB
MemAvailable:    8223700 kB
Cached:          4675792 kB
SwapFree:       11351868 kB
allocstall_dma 0
allocstall_dma32 0
allocstall_normal 43449
allocstall_movable 29165
allocstall_device 0
pgscan_direct 7538432
pgscan_direct_throttle 0
compact_stall 249978
2026-09-22T03:45:38Z
2483 MHz, 0x0000000000000000, 68, 39.01 W
MemFree:         6701024 kB
MemAvailable:    8213060 kB
Cached:          4675792 kB
SwapFree:       11351868 kB
allocstall_dma 0
allocstall_dma32 0
allocstall_normal 43449
allocstall_movable 29165
allocstall_device 0
pgscan_direct 7538432
pgscan_direct_throttle 0
compact_stall 249978
2026-09-22T03:45:39Z
2483 MHz, 0x0000000000000000, 68, 38.89 W
MemFree:         6708328 kB
MemAvailable:    8220392 kB
Cached:          4675856 kB
SwapFree:       11351868 kB
allocstall_dma 0
allocstall_dma32 0
allocstall_normal 43449
allocstall_movable 29165
allocstall_device 0
pgscan_direct 7538432
pgscan_direct_throttle 0
compact_stall 249978
2026-09-22T03:45:40Z
2483 MHz, 0x0000000000000000, 68, 38.97 W
MemFree:         6710860 kB
MemAvailable:    8222968 kB
Cached:          4675856 kB
SwapFree:       11351868 kB
allocstall_dma 0
allocstall_dma32 0
allocstall_normal 43449
allocstall_movable 29165
allocstall_device 0
pgscan_direct 7538432
pgscan_direct_throttle 0
compact_stall 249978
2026-09-22T03:45:41Z
2483 MHz, 0x0000000000000000, 68, 38.85 W
MemFree:         6696260 kB
MemAvailable:    8208368 kB
Cached:          4675856 kB
SwapFree:       11351868 kB
allocstall_dma 0
allocstall_dma32 0
allocstall_normal 43449
allocstall_movable 29165
allocstall_device 0
pgscan_direct 7538432
pgscan_direct_throttle 0
compact_stall 249978
2026-09-22T03:45:42Z
2483 MHz, 0x0000000000000000, 68, 38.89 W
MemFree:         6717552 kB
MemAvailable:    8229660 kB
Cached:          4675856 kB
SwapFree:       11351868 kB
allocstall_dma 0
allocstall_dma32 0
allocstall_normal 43449
allocstall_movable 29165
allocstall_device 0
pgscan_direct 7538432
pgscan_direct_throttle 0
compact_stall 249978
2026-09-22T03:45:43Z
2483 MHz, 0x0000000000000000, 68, 38.91 W
MemFree:         6723284 kB
MemAvailable:    8235392 kB
Cached:          4675856 kB
SwapFree:       11351868 kB
allocstall_dma 0
allocstall_dma32 0
allocstall_normal 43449
allocstall_movable 29165
allocstall_device 0
pgscan_direct 7538432
pgscan_direct_throttle 0
compact_stall 249978
2026-09-22T03:45:44Z
2405 MHz, 0x0000000000000000, 65, 29.51 W
MemFree:         6736004 kB
MemAvailable:    8248112 kB
Cached:          4675848 kB
SwapFree:       11351868 kB
allocstall_dma 0
allocstall_dma32 0
allocstall_normal 43449
allocstall_movable 29165
allocstall_device 0
pgscan_direct 7538432
pgscan_direct_throttle 0
compact_stall 249978
2026-09-22T03:45:45Z
2405 MHz, 0x0000000000000000, 64, 16.56 W
MemFree:         6745360 kB
MemAvailable:    8257476 kB
Cached:          4675856 kB
SwapFree:       11351868 kB
allocstall_dma 0
allocstall_dma32 0
allocstall_normal 43449
allocstall_movable 29165
allocstall_device 0
pgscan_direct 7538432
pgscan_direct_throttle 0
compact_stall 249978
2026-09-22T03:45:46Z
2405 MHz, 0x0000000000000000, 63, 16.42 W
MemFree:         6742244 kB
MemAvailable:    8254852 kB
Cached:          4676356 kB
SwapFree:       11351868 kB
allocstall_dma 0
allocstall_dma32 0
allocstall_normal 43449
allocstall_movable 29165
allocstall_device 0
pgscan_direct 7538432
pgscan_direct_throttle 0
compact_stall 249978
2026-09-22T03:45:47Z
2470 MHz, 0x0000000000000000, 68, 31.04 W
MemFree:         6746900 kB
MemAvailable:    8259640 kB
Cached:          4676480 kB
SwapFree:       11351876 kB
allocstall_dma 0
allocstall_dma32 0
allocstall_normal 43449
allocstall_movable 29165
allocstall_device 0
pgscan_direct 7538432
pgscan_direct_throttle 0
compact_stall 249978
2026-09-22T03:45:48Z
2470 MHz, 0x0000000000000000, 70, 56.88 W
MemFree:         6759300 kB
MemAvailable:    8272040 kB
Cached:          4676480 kB
SwapFree:       11351876 kB
allocstall_dma 0
allocstall_dma32 0
allocstall_normal 43449
allocstall_movable 29165
allocstall_device 0
pgscan_direct 7538432
pgscan_direct_throttle 0
compact_stall 249978
2026-09-22T03:45:49Z
2470 MHz, 0x0000000000000000, 69, 57.48 W
MemFree:         6752260 kB
MemAvailable:    8265000 kB
Cached:          4676480 kB
SwapFree:       11351876 kB
allocstall_dma 0
allocstall_dma32 0
allocstall_normal 43449
allocstall_movable 29165
allocstall_device 0
pgscan_direct 7538432
pgscan_direct_throttle 0
compact_stall 249978
2026-09-22T03:45:50Z
2470 MHz, 0x0000000000000000, 70, 58.18 W
MemFree:         6736264 kB
MemAvailable:    8249080 kB
Cached:          4676548 kB
SwapFree:       11351876 kB
allocstall_dma 0
allocstall_dma32 0
allocstall_normal 43449
allocstall_movable 29165
allocstall_device 0
pgscan_direct 7538432
pgscan_direct_throttle 0
compact_stall 249978
2026-09-22T03:45:52Z
2463 MHz, 0x0000000000000000, 70, 58.30 W
MemFree:         6748928 kB
MemAvailable:    8261744 kB
Cached:          4676548 kB
SwapFree:       11351876 kB
allocstall_dma 0
allocstall_dma32 0
allocstall_normal 43449
allocstall_movable 29165
allocstall_device 0
pgscan_direct 7538432
pgscan_direct_throttle 0
compact_stall 249978
2026-09-22T03:45:53Z
2470 MHz, 0x0000000000000000, 70, 58.78 W
MemFree:         6737036 kB
MemAvailable:    8249852 kB
Cached:          4676548 kB
SwapFree:       11351876 kB
allocstall_dma 0
allocstall_dma32 0
allocstall_normal 43449
allocstall_movable 29165
allocstall_device 0
pgscan_direct 7538432
pgscan_direct_throttle 0
compact_stall 249978
2026-09-22T03:45:54Z
2463 MHz, 0x0000000000000000, 71, 59.55 W
MemFree:         6736876 kB
MemAvailable:    8249692 kB
Cached:          4676548 kB
SwapFree:       11351876 kB
allocstall_dma 0
allocstall_dma32 0
allocstall_normal 43449
allocstall_movable 29165
allocstall_device 0
pgscan_direct 7538432
pgscan_direct_throttle 0
compact_stall 249978
2026-09-22T03:45:55Z
2463 MHz, 0x0000000000000000, 70, 59.65 W
MemFree:         6742360 kB
MemAvailable:    8255176 kB
Cached:          4676548 kB
SwapFree:       11351876 kB
allocstall_dma 0
allocstall_dma32 0
allocstall_normal 43449
allocstall_movable 29165
allocstall_device 0
pgscan_direct 7538432
pgscan_direct_throttle 0
compact_stall 249978
2026-09-22T03:45:56Z
2463 MHz, 0x0000000000000000, 71, 59.49 W
MemFree:         6718816 kB
MemAvailable:    8231632 kB
Cached:          4676548 kB
SwapFree:       11351876 kB
allocstall_dma 0
allocstall_dma32 0
allocstall_normal 43449
allocstall_movable 29165
allocstall_device 0
pgscan_direct 7538432
pgscan_direct_throttle 0
compact_stall 249978
2026-09-22T03:45:57Z
2463 MHz, 0x0000000000000000, 70, 60.11 W
MemFree:         6721044 kB
MemAvailable:    8233868 kB
Cached:          4676548 kB
SwapFree:       11351876 kB
allocstall_dma 0
allocstall_dma32 0
allocstall_normal 43449
allocstall_movable 29165
allocstall_device 0
pgscan_direct 7538432
pgscan_direct_throttle 0
compact_stall 249978
2026-09-22T03:45:58Z
2457 MHz, 0x0000000000000000, 71, 59.88 W
MemFree:         6758872 kB
MemAvailable:    8271696 kB
Cached:          4676548 kB
SwapFree:       11351876 kB
allocstall_dma 0
allocstall_dma32 0
allocstall_normal 43449
allocstall_movable 29165
allocstall_device 0
pgscan_direct 7538432
pgscan_direct_throttle 0
compact_stall 249978
2026-09-22T03:45:59Z
2405 MHz, 0x0000000000000000, 65, 31.50 W
MemFree:         6751108 kB
MemAvailable:    8263932 kB
Cached:          4676624 kB
SwapFree:       11351876 kB
allocstall_dma 0
allocstall_dma32 0
allocstall_normal 43449
allocstall_movable 29165
allocstall_device 0
pgscan_direct 7538432
pgscan_direct_throttle 0
compact_stall 249978
2026-09-22T03:46:00Z
2418 MHz, 0x0000000000000000, 69, 23.66 W
MemFree:         6744632 kB
MemAvailable:    8257456 kB
Cached:          4676624 kB
SwapFree:       11351876 kB
allocstall_dma 0
allocstall_dma32 0
allocstall_normal 43449
allocstall_movable 29165
allocstall_device 0
pgscan_direct 7538432
pgscan_direct_throttle 0
compact_stall 249978
2026-09-22T03:46:01Z
2470 MHz, 0x0000000000000000, 68, 53.95 W
MemFree:         6734200 kB
MemAvailable:    8247100 kB
Cached:          4676764 kB
SwapFree:       11351876 kB
allocstall_dma 0
allocstall_dma32 0
allocstall_normal 43449
allocstall_movable 29165
allocstall_device 0
pgscan_direct 7538432
pgscan_direct_throttle 0
compact_stall 249978
2026-09-22T03:46:02Z
2483 MHz, 0x0000000000000000, 68, 39.11 W
MemFree:         6710196 kB
MemAvailable:    8223136 kB
Cached:          4676764 kB
SwapFree:       11351876 kB
allocstall_dma 0
allocstall_dma32 0
allocstall_normal 43449
allocstall_movable 29165
allocstall_device 0
pgscan_direct 7538432
pgscan_direct_throttle 0
compact_stall 249978
2026-09-22T03:46:03Z
2483 MHz, 0x0000000000000000, 68, 39.04 W
MemFree:         6719756 kB
MemAvailable:    8232696 kB
Cached:          4676764 kB
SwapFree:       11351876 kB
allocstall_dma 0
allocstall_dma32 0
allocstall_normal 43449
allocstall_movable 29165
allocstall_device 0
pgscan_direct 7538432
pgscan_direct_throttle 0
compact_stall 249978
2026-09-22T03:46:04Z
2483 MHz, 0x0000000000000000, 68, 39.09 W
MemFree:         6730624 kB
MemAvailable:    8243688 kB
Cached:          4676892 kB
SwapFree:       11351876 kB
allocstall_dma 0
allocstall_dma32 0
allocstall_normal 43449
allocstall_movable 29165
allocstall_device 0
pgscan_direct 7538432
pgscan_direct_throttle 0
compact_stall 249978
2026-09-22T03:46:05Z
2483 MHz, 0x0000000000000000, 68, 39.16 W
MemFree:         6729560 kB
MemAvailable:    8242624 kB
Cached:          4676892 kB
SwapFree:       11351876 kB
allocstall_dma 0
allocstall_dma32 0
allocstall_normal 43449
allocstall_movable 29165
allocstall_device 0
pgscan_direct 7538432
pgscan_direct_throttle 0
compact_stall 249978
2026-09-22T03:46:06Z
2483 MHz, 0x0000000000000000, 68, 39.11 W
MemFree:         6717708 kB
MemAvailable:    8230908 kB
Cached:          4677016 kB
SwapFree:       11351876 kB
allocstall_dma 0
allocstall_dma32 0
allocstall_normal 43449
allocstall_movable 29165
allocstall_device 0
pgscan_direct 7538432
pgscan_direct_throttle 0
compact_stall 249978
2026-09-22T03:46:07Z
2483 MHz, 0x0000000000000000, 68, 39.04 W
MemFree:         6719788 kB
MemAvailable:    8232988 kB
Cached:          4677016 kB
SwapFree:       11351876 kB
allocstall_dma 0
allocstall_dma32 0
allocstall_normal 43449
allocstall_movable 29165
allocstall_device 0
pgscan_direct 7538432
pgscan_direct_throttle 0
compact_stall 249978
2026-09-22T03:46:08Z
2483 MHz, 0x0000000000000000, 68, 38.89 W
MemFree:         6758272 kB
MemAvailable:    8271472 kB
Cached:          4677016 kB
SwapFree:       11351876 kB
allocstall_dma 0
allocstall_dma32 0
allocstall_normal 43449
allocstall_movable 29165
allocstall_device 0
pgscan_direct 7538432
pgscan_direct_throttle 0
compact_stall 249978
2026-09-22T03:46:09Z
2483 MHz, 0x0000000000000000, 68, 38.97 W
MemFree:         6757788 kB
MemAvailable:    8270988 kB
Cached:          4677020 kB
SwapFree:       11351876 kB
allocstall_dma 0
allocstall_dma32 0
allocstall_normal 43449
allocstall_movable 29165
allocstall_device 0
pgscan_direct 7538432
pgscan_direct_throttle 0
compact_stall 249978
2026-09-22T03:46:10Z
2483 MHz, 0x0000000000000000, 68, 39.07 W
MemFree:         6755300 kB
MemAvailable:    8268504 kB
Cached:          4677020 kB
SwapFree:       11351876 kB
allocstall_dma 0
allocstall_dma32 0
allocstall_normal 43449
allocstall_movable 29165
allocstall_device 0
pgscan_direct 7538432
pgscan_direct_throttle 0
compact_stall 249978
2026-09-22T03:46:12Z
2483 MHz, 0x0000000000000000, 68, 39.05 W
MemFree:         6764204 kB
MemAvailable:    8277416 kB
Cached:          4677020 kB
SwapFree:       11351876 kB
allocstall_dma 0
allocstall_dma32 0
allocstall_normal 43449
allocstall_movable 29165
allocstall_device 0
pgscan_direct 7538432
pgscan_direct_throttle 0
compact_stall 249978
2026-09-22T03:46:13Z
2483 MHz, 0x0000000000000000, 68, 39.20 W
MemFree:         6770716 kB
MemAvailable:    8283928 kB
Cached:          4677020 kB
SwapFree:       11351876 kB
allocstall_dma 0
allocstall_dma32 0
allocstall_normal 43449
allocstall_movable 29165
allocstall_device 0
pgscan_direct 7538432
pgscan_direct_throttle 0
compact_stall 249978
2026-09-22T03:46:14Z
2483 MHz, 0x0000000000000000, 68, 39.07 W
MemFree:         6784072 kB
MemAvailable:    8297284 kB
Cached:          4677020 kB
SwapFree:       11351876 kB
allocstall_dma 0
allocstall_dma32 0
allocstall_normal 43449
allocstall_movable 29165
allocstall_device 0
pgscan_direct 7538432
pgscan_direct_throttle 0
compact_stall 249978
2026-09-22T03:46:15Z
2483 MHz, 0x0000000000000000, 68, 39.08 W
MemFree:         6782528 kB
MemAvailable:    8295740 kB
Cached:          4677020 kB
SwapFree:       11351876 kB
allocstall_dma 0
allocstall_dma32 0
allocstall_normal 43449
allocstall_movable 29165
allocstall_device 0
pgscan_direct 7538432
pgscan_direct_throttle 0
compact_stall 249978
2026-09-22T03:46:16Z
2483 MHz, 0x0000000000000000, 68, 39.14 W
MemFree:         6771424 kB
MemAvailable:    8284760 kB
Cached:          4677144 kB
SwapFree:       11351876 kB
allocstall_dma 0
allocstall_dma32 0
allocstall_normal 43449
allocstall_movable 29165
allocstall_device 0
pgscan_direct 7538432
pgscan_direct_throttle 0
compact_stall 249978
2026-09-22T03:46:17Z
2483 MHz, 0x0000000000000000, 68, 39.12 W
MemFree:         6774368 kB
MemAvailable:    8287704 kB
Cached:          4677144 kB
SwapFree:       11351876 kB
allocstall_dma 0
allocstall_dma32 0
allocstall_normal 43449
allocstall_movable 29165
allocstall_device 0
pgscan_direct 7538432
pgscan_direct_throttle 0
compact_stall 249978
2026-09-22T03:46:18Z
2483 MHz, 0x0000000000000000, 68, 39.17 W
MemFree:         6766384 kB
MemAvailable:    8279720 kB
Cached:          4677144 kB
SwapFree:       11351876 kB
allocstall_dma 0
allocstall_dma32 0
allocstall_normal 43449
allocstall_movable 29165
allocstall_device 0
pgscan_direct 7538432
pgscan_direct_throttle 0
compact_stall 249978
2026-09-22T03:46:19Z
2483 MHz, 0x0000000000000000, 68, 39.07 W
MemFree:         6756052 kB
MemAvailable:    8269388 kB
Cached:          4677144 kB
SwapFree:       11351876 kB
allocstall_dma 0
allocstall_dma32 0
allocstall_normal 43449
allocstall_movable 29165
allocstall_device 0
pgscan_direct 7538432
pgscan_direct_throttle 0
compact_stall 249978
2026-09-22T03:46:20Z
2483 MHz, 0x0000000000000000, 68, 39.17 W
MemFree:         6741360 kB
MemAvailable:    8254728 kB
Cached:          4677212 kB
SwapFree:       11351876 kB
allocstall_dma 0
allocstall_dma32 0
allocstall_normal 43449
allocstall_movable 29165
allocstall_device 0
pgscan_direct 7538432
pgscan_direct_throttle 0
compact_stall 249978
2026-09-22T03:46:21Z
2483 MHz, 0x0000000000000000, 68, 39.00 W
MemFree:         6766736 kB
MemAvailable:    8280140 kB
Cached:          4677212 kB
SwapFree:       11351876 kB
allocstall_dma 0
allocstall_dma32 0
allocstall_normal 43449
allocstall_movable 29165
allocstall_device 0
pgscan_direct 7538432
pgscan_direct_throttle 0
compact_stall 249978
2026-09-22T03:46:22Z
2483 MHz, 0x0000000000000000, 68, 39.20 W
MemFree:         6772372 kB
MemAvailable:    8285784 kB
Cached:          4677212 kB
SwapFree:       11351876 kB
allocstall_dma 0
allocstall_dma32 0
allocstall_normal 43449
allocstall_movable 29165
allocstall_device 0
pgscan_direct 7538432
pgscan_direct_throttle 0
compact_stall 249978
2026-09-22T03:46:23Z
2483 MHz, 0x0000000000000000, 68, 39.09 W
MemFree:         6763656 kB
MemAvailable:    8277068 kB
Cached:          4677204 kB
SwapFree:       11351876 kB
allocstall_dma 0
allocstall_dma32 0
allocstall_normal 43449
allocstall_movable 29165
allocstall_device 0
pgscan_direct 7538432
pgscan_direct_throttle 0
compact_stall 249978
2026-09-22T03:46:24Z
2483 MHz, 0x0000000000000000, 68, 39.11 W
MemFree:         6761020 kB
MemAvailable:    8274440 kB
Cached:          4677212 kB
SwapFree:       11351876 kB
allocstall_dma 0
allocstall_dma32 0
allocstall_normal 43449
allocstall_movable 29165
allocstall_device 0
pgscan_direct 7538432
pgscan_direct_throttle 0
compact_stall 249978
2026-09-22T03:46:25Z
2483 MHz, 0x0000000000000000, 68, 39.10 W
MemFree:         6767496 kB
MemAvailable:    8280916 kB
Cached:          4677212 kB
SwapFree:       11351876 kB
allocstall_dma 0
allocstall_dma32 0
allocstall_normal 43449
allocstall_movable 29165
allocstall_device 0
pgscan_direct 7538432
pgscan_direct_throttle 0
compact_stall 249978
2026-09-22T03:46:26Z
2483 MHz, 0x0000000000000000, 68, 39.07 W
MemFree:         6762548 kB
MemAvailable:    8275968 kB
Cached:          4677212 kB
SwapFree:       11351876 kB
allocstall_dma 0
allocstall_dma32 0
allocstall_normal 43449
allocstall_movable 29165
allocstall_device 0
pgscan_direct 7538432
pgscan_direct_throttle 0
compact_stall 249978
2026-09-22T03:46:27Z
2483 MHz, 0x0000000000000000, 68, 39.08 W
MemFree:         6753528 kB
MemAvailable:    8266948 kB
Cached:          4677212 kB
SwapFree:       11351876 kB
allocstall_dma 0
allocstall_dma32 0
allocstall_normal 43449
allocstall_movable 29165
allocstall_device 0
pgscan_direct 7538432
pgscan_direct_throttle 0
compact_stall 249978
2026-09-22T03:46:28Z
2483 MHz, 0x0000000000000000, 68, 39.19 W
MemFree:         6779068 kB
MemAvailable:    8292488 kB
Cached:          4677212 kB
SwapFree:       11351876 kB
allocstall_dma 0
allocstall_dma32 0
allocstall_normal 43449
allocstall_movable 29165
allocstall_device 0
pgscan_direct 7538432
pgscan_direct_throttle 0
compact_stall 249978
2026-09-22T03:46:29Z
2483 MHz, 0x0000000000000000, 67, 39.13 W
MemFree:         6787572 kB
MemAvailable:    8300992 kB
Cached:          4677212 kB
SwapFree:       11351876 kB
allocstall_dma 0
allocstall_dma32 0
allocstall_normal 43449
allocstall_movable 29165
allocstall_device 0
pgscan_direct 7538432
pgscan_direct_throttle 0
compact_stall 249978
2026-09-22T03:46:30Z
2483 MHz, 0x0000000000000000, 67, 39.13 W
MemFree:         6770352 kB
MemAvailable:    8283892 kB
Cached:          4677332 kB
SwapFree:       11351876 kB
allocstall_dma 0
allocstall_dma32 0
allocstall_normal 43449
allocstall_movable 29165
allocstall_device 0
pgscan_direct 7538432
pgscan_direct_throttle 0
compact_stall 249978
2026-09-22T03:46:31Z
2483 MHz, 0x0000000000000000, 67, 39.10 W
MemFree:         6776200 kB
MemAvailable:    8289748 kB
Cached:          4677332 kB
SwapFree:       11351876 kB
allocstall_dma 0
allocstall_dma32 0
allocstall_normal 43449
allocstall_movable 29165
allocstall_device 0
pgscan_direct 7538432
pgscan_direct_throttle 0
compact_stall 249978
2026-09-22T03:46:33Z
2483 MHz, 0x0000000000000000, 67, 38.82 W
MemFree:         6776596 kB
MemAvailable:    8290144 kB
Cached:          4677332 kB
SwapFree:       11351876 kB
allocstall_dma 0
allocstall_dma32 0
allocstall_normal 43449
allocstall_movable 29165
allocstall_device 0
pgscan_direct 7538432
pgscan_direct_throttle 0
compact_stall 249978
2026-09-22T03:46:34Z
2483 MHz, 0x0000000000000000, 68, 38.81 W
MemFree:         6769864 kB
MemAvailable:    8283412 kB
Cached:          4677332 kB
SwapFree:       11351876 kB
allocstall_dma 0
allocstall_dma32 0
allocstall_normal 43449
allocstall_movable 29165
allocstall_device 0
pgscan_direct 7538432
pgscan_direct_throttle 0
compact_stall 249978
2026-09-22T03:46:35Z
2405 MHz, 0x0000000000000000, 65, 26.20 W
MemFree:         6793704 kB
MemAvailable:    8307252 kB
Cached:          4677332 kB
SwapFree:       11351876 kB
allocstall_dma 0
allocstall_dma32 0
allocstall_normal 43449
allocstall_movable 29165
allocstall_device 0
pgscan_direct 7538432
pgscan_direct_throttle 0
compact_stall 249978
2026-09-22T03:46:36Z
2405 MHz, 0x0000000000000000, 64, 16.48 W
MemFree:         6798384 kB
MemAvailable:    8311932 kB
Cached:          4677332 kB
SwapFree:       11351876 kB
allocstall_dma 0
allocstall_dma32 0
allocstall_normal 43449
allocstall_movable 29165
allocstall_device 0
pgscan_direct 7538432
pgscan_direct_throttle 0
compact_stall 249978
2026-09-22T03:46:37Z
2405 MHz, 0x0000000000000000, 63, 16.33 W
MemFree:         6793744 kB
MemAvailable:    8307300 kB
Cached:          4677332 kB
SwapFree:       11351876 kB
allocstall_dma 0
allocstall_dma32 0
allocstall_normal 43449
allocstall_movable 29165
allocstall_device 0
pgscan_direct 7538432
pgscan_direct_throttle 0
compact_stall 249978
2026-09-22T03:46:38Z
2470 MHz, 0x0000000000000000, 69, 33.17 W
MemFree:         6791432 kB
MemAvailable:    8304988 kB
Cached:          4677404 kB
SwapFree:       11351876 kB
allocstall_dma 0
allocstall_dma32 0
allocstall_normal 43449
allocstall_movable 29165
allocstall_device 0
pgscan_direct 7538432
pgscan_direct_throttle 0
compact_stall 249978
2026-09-22T03:46:39Z
2470 MHz, 0x0000000000000000, 68, 56.56 W
MemFree:         6788652 kB
MemAvailable:    8302212 kB
Cached:          4677408 kB
SwapFree:       11351876 kB
allocstall_dma 0
allocstall_dma32 0
allocstall_normal 43449
allocstall_movable 29165
allocstall_device 0
pgscan_direct 7538432
pgscan_direct_throttle 0
compact_stall 249978
2026-09-22T03:46:40Z
2470 MHz, 0x0000000000000000, 70, 57.41 W
MemFree:         6777832 kB
MemAvailable:    8291392 kB
Cached:          4677408 kB
SwapFree:       11351876 kB
allocstall_dma 0
allocstall_dma32 0
allocstall_normal 43449
allocstall_movable 29165
allocstall_device 0
pgscan_direct 7538432
pgscan_direct_throttle 0
compact_stall 249978
2026-09-22T03:46:41Z
2470 MHz, 0x0000000000000000, 69, 57.86 W
MemFree:         6752984 kB
MemAvailable:    8266544 kB
Cached:          4677408 kB
SwapFree:       11351876 kB
allocstall_dma 0
allocstall_dma32 0
allocstall_normal 43449
allocstall_movable 29165
allocstall_device 0
pgscan_direct 7538432
pgscan_direct_throttle 0
compact_stall 249978
2026-09-22T03:46:42Z
2470 MHz, 0x0000000000000000, 70, 58.66 W
MemFree:         6756464 kB
MemAvailable:    8270104 kB
Cached:          4677408 kB
SwapFree:       11351876 kB
allocstall_dma 0
allocstall_dma32 0
allocstall_normal 43449
allocstall_movable 29165
allocstall_device 0
pgscan_direct 7538432
pgscan_direct_throttle 0
compact_stall 249978
2026-09-22T03:46:43Z
2470 MHz, 0x0000000000000000, 70, 58.97 W
MemFree:         6744544 kB
MemAvailable:    8258184 kB
Cached:          4677408 kB
SwapFree:       11351876 kB
allocstall_dma 0
allocstall_dma32 0
allocstall_normal 43449
allocstall_movable 29165
allocstall_device 0
pgscan_direct 7538432
pgscan_direct_throttle 0
compact_stall 249978
2026-09-22T03:46:44Z
2463 MHz, 0x0000000000000000, 70, 59.20 W
MemFree:         6752052 kB
MemAvailable:    8265692 kB
Cached:          4677408 kB
SwapFree:       11351876 kB
allocstall_dma 0
allocstall_dma32 0
allocstall_normal 43449
allocstall_movable 29165
allocstall_device 0
pgscan_direct 7538432
pgscan_direct_throttle 0
compact_stall 249978
2026-09-22T03:46:45Z
2463 MHz, 0x0000000000000000, 71, 59.54 W
MemFree:         6751520 kB
MemAvailable:    8265160 kB
Cached:          4677408 kB
SwapFree:       11351876 kB
allocstall_dma 0
allocstall_dma32 0
allocstall_normal 43449
allocstall_movable 29165
allocstall_device 0
pgscan_direct 7538432
pgscan_direct_throttle 0
compact_stall 249978
2026-09-22T03:46:46Z
2463 MHz, 0x0000000000000000, 72, 59.97 W
MemFree:         6747856 kB
MemAvailable:    8261504 kB
Cached:          4677408 kB
SwapFree:       11351876 kB
allocstall_dma 0
allocstall_dma32 0
allocstall_normal 43449
allocstall_movable 29165
allocstall_device 0
pgscan_direct 7538432
pgscan_direct_throttle 0
compact_stall 249978
2026-09-22T03:46:47Z
2450 MHz, 0x0000000000000000, 70, 60.00 W
MemFree:         6751488 kB
MemAvailable:    8265136 kB
Cached:          4677408 kB
SwapFree:       11351876 kB
allocstall_dma 0
allocstall_dma32 0
allocstall_normal 43449
allocstall_movable 29165
allocstall_device 0
pgscan_direct 7538432
pgscan_direct_throttle 0
compact_stall 249978
2026-09-22T03:46:48Z
2450 MHz, 0x0000000000000000, 71, 60.45 W
MemFree:         6755472 kB
MemAvailable:    8269120 kB
Cached:          4677408 kB
SwapFree:       11351876 kB
allocstall_dma 0
allocstall_dma32 0
allocstall_normal 43449
allocstall_movable 29165
allocstall_device 0
pgscan_direct 7538432
pgscan_direct_throttle 0
compact_stall 249978
2026-09-22T03:46:49Z
2450 MHz, 0x0000000000000000, 71, 60.46 W
MemFree:         6757868 kB
MemAvailable:    8271516 kB
Cached:          4677408 kB
SwapFree:       11351876 kB
allocstall_dma 0
allocstall_dma32 0
allocstall_normal 43449
allocstall_movable 29165
allocstall_device 0
pgscan_direct 7538432
pgscan_direct_throttle 0
compact_stall 249978
2026-09-22T03:46:50Z
2450 MHz, 0x0000000000000000, 72, 61.52 W
MemFree:         6742660 kB
MemAvailable:    8256308 kB
Cached:          4677408 kB
SwapFree:       11351876 kB
allocstall_dma 0
allocstall_dma32 0
allocstall_normal 43449
allocstall_movable 29165
allocstall_device 0
pgscan_direct 7538432
pgscan_direct_throttle 0
compact_stall 249978
2026-09-22T03:46:51Z
2450 MHz, 0x0000000000000000, 70, 61.88 W
MemFree:         6768896 kB
MemAvailable:    8282676 kB
Cached:          4677532 kB
SwapFree:       11351876 kB
allocstall_dma 0
allocstall_dma32 0
allocstall_normal 43449
allocstall_movable 29165
allocstall_device 0
pgscan_direct 7538432
pgscan_direct_throttle 0
compact_stall 249978
2026-09-22T03:46:53Z
2450 MHz, 0x0000000000000000, 73, 62.03 W
MemFree:         6762760 kB
MemAvailable:    8276540 kB
Cached:          4677532 kB
SwapFree:       11351876 kB
allocstall_dma 0
allocstall_dma32 0
allocstall_normal 43449
allocstall_movable 29165
allocstall_device 0
pgscan_direct 7538432
pgscan_direct_throttle 0
compact_stall 249978
2026-09-22T03:46:54Z
2457 MHz, 0x0000000000000000, 73, 62.28 W
MemFree:         6779764 kB
MemAvailable:    8293544 kB
Cached:          4677532 kB
SwapFree:       11351876 kB
allocstall_dma 0
allocstall_dma32 0
allocstall_normal 43449
allocstall_movable 29165
allocstall_device 0
pgscan_direct 7538432
pgscan_direct_throttle 0
compact_stall 249978
2026-09-22T03:46:55Z
2450 MHz, 0x0000000000000000, 73, 62.58 W
MemFree:         6776940 kB
MemAvailable:    8290720 kB
Cached:          4677532 kB
SwapFree:       11351876 kB
allocstall_dma 0
allocstall_dma32 0
allocstall_normal 43449
allocstall_movable 29165
allocstall_device 0
pgscan_direct 7538432
pgscan_direct_throttle 0
compact_stall 249978
2026-09-22T03:46:56Z
2450 MHz, 0x0000000000000000, 73, 62.71 W
MemFree:         6790160 kB
MemAvailable:    8303940 kB
Cached:          4677532 kB
SwapFree:       11351876 kB
allocstall_dma 0
allocstall_dma32 0
allocstall_normal 43449
allocstall_movable 29165
allocstall_device 0
pgscan_direct 7538432
pgscan_direct_throttle 0
compact_stall 249978
2026-09-22T03:46:57Z
2450 MHz, 0x0000000000000000, 71, 63.13 W
MemFree:         6810444 kB
MemAvailable:    8324416 kB
Cached:          4677716 kB
SwapFree:       11351876 kB
allocstall_dma 0
allocstall_dma32 0
allocstall_normal 43449
allocstall_movable 29165
allocstall_device 0
pgscan_direct 7538432
pgscan_direct_throttle 0
compact_stall 249978
2026-09-22T03:46:58Z
2450 MHz, 0x0000000000000000, 73, 64.31 W
MemFree:         6785888 kB
MemAvailable:    8299860 kB
Cached:          4677716 kB
SwapFree:       11351876 kB
allocstall_dma 0
allocstall_dma32 0
allocstall_normal 43449
allocstall_movable 29165
allocstall_device 0
pgscan_direct 7538432
pgscan_direct_throttle 0
compact_stall 249978
2026-09-22T03:46:59Z
2450 MHz, 0x0000000000000000, 74, 63.48 W
MemFree:         6791612 kB
MemAvailable:    8305584 kB
Cached:          4677788 kB
SwapFree:       11351876 kB
allocstall_dma 0
allocstall_dma32 0
allocstall_normal 43449
allocstall_movable 29165
allocstall_device 0
pgscan_direct 7538432
pgscan_direct_throttle 0
compact_stall 249978
2026-09-22T03:47:00Z
2450 MHz, 0x0000000000000000, 74, 64.11 W
MemFree:         6789888 kB
MemAvailable:    8303860 kB
Cached:          4677788 kB
SwapFree:       11351876 kB
allocstall_dma 0
allocstall_dma32 0
allocstall_normal 43449
allocstall_movable 29165
allocstall_device 0
pgscan_direct 7538432
pgscan_direct_throttle 0
compact_stall 249978
2026-09-22T03:47:01Z
2450 MHz, 0x0000000000000000, 74, 62.80 W
MemFree:         6781388 kB
MemAvailable:    8295360 kB
Cached:          4677788 kB
SwapFree:       11351876 kB
allocstall_dma 0
allocstall_dma32 0
allocstall_normal 43449
allocstall_movable 29165
allocstall_device 0
pgscan_direct 7538432
pgscan_direct_throttle 0
compact_stall 249978
2026-09-22T03:47:02Z
2405 MHz, 0x0000000000000000, 68, 23.30 W
MemFree:         6757980 kB
MemAvailable:    8272084 kB
Cached:          4677916 kB
SwapFree:       11351876 kB
allocstall_dma 0
allocstall_dma32 0
allocstall_normal 43449
allocstall_movable 29165
allocstall_device 0
pgscan_direct 7538432
pgscan_direct_throttle 0
compact_stall 249978
2026-09-22T03:47:03Z
2450 MHz, 0x0000000000000000, 75, 62.46 W
MemFree:         6751756 kB
MemAvailable:    8266076 kB
Cached:          4678172 kB
SwapFree:       11351876 kB
allocstall_dma 0
allocstall_dma32 0
allocstall_normal 43449
allocstall_movable 29165
allocstall_device 0
pgscan_direct 7538432
pgscan_direct_throttle 0
compact_stall 249978
2026-09-22T03:47:04Z
2450 MHz, 0x0000000000000000, 71, 58.55 W
MemFree:         6752416 kB
MemAvailable:    8266860 kB
Cached:          4678668 kB
SwapFree:       11351876 kB
allocstall_dma 0
allocstall_dma32 0
allocstall_normal 43449
allocstall_movable 29165
allocstall_device 0
pgscan_direct 7538432
pgscan_direct_throttle 0
compact_stall 249978
2026-09-22T03:47:05Z
2483 MHz, 0x0000000000000000, 71, 39.92 W
MemFree:         6763936 kB
MemAvailable:    8278380 kB
Cached:          4678732 kB
SwapFree:       11351876 kB
allocstall_dma 0
allocstall_dma32 0
allocstall_normal 43449
allocstall_movable 29165
allocstall_device 0
pgscan_direct 7538432
pgscan_direct_throttle 0
compact_stall 249978
2026-09-22T03:47:06Z
2483 MHz, 0x0000000000000000, 70, 39.92 W
MemFree:         6759052 kB
MemAvailable:    8273496 kB
Cached:          4678732 kB
SwapFree:       11351876 kB
allocstall_dma 0
allocstall_dma32 0
allocstall_normal 43449
allocstall_movable 29165
allocstall_device 0
pgscan_direct 7538432
pgscan_direct_throttle 0
compact_stall 249978
2026-09-22T03:47:07Z
2483 MHz, 0x0000000000000000, 70, 39.97 W
MemFree:         6783400 kB
MemAvailable:    8297980 kB
Cached:          4678756 kB
SwapFree:       11351876 kB
allocstall_dma 0
allocstall_dma32 0
allocstall_normal 43449
allocstall_movable 29165
allocstall_device 0
pgscan_direct 7538432
pgscan_direct_throttle 0
compact_stall 249978
2026-09-22T03:47:08Z
2483 MHz, 0x0000000000000000, 71, 39.86 W
MemFree:         6769336 kB
MemAvailable:    8283992 kB
Cached:          4678756 kB
SwapFree:       11351876 kB
allocstall_dma 0
allocstall_dma32 0
allocstall_normal 43449
allocstall_movable 29165
allocstall_device 0
pgscan_direct 7538432
pgscan_direct_throttle 0
compact_stall 249978
2026-09-22T03:47:09Z
2483 MHz, 0x0000000000000000, 71, 39.78 W
MemFree:         6776656 kB
MemAvailable:    8291312 kB
Cached:          4678756 kB
SwapFree:       11351876 kB
allocstall_dma 0
allocstall_dma32 0
allocstall_normal 43449
allocstall_movable 29165
allocstall_device 0
pgscan_direct 7538432
pgscan_direct_throttle 0
compact_stall 249978
2026-09-22T03:47:10Z
2483 MHz, 0x0000000000000000, 70, 39.85 W
MemFree:         6773136 kB
MemAvailable:    8287792 kB
Cached:          4678864 kB
SwapFree:       11351876 kB
allocstall_dma 0
allocstall_dma32 0
allocstall_normal 43449
allocstall_movable 29165
allocstall_device 0
pgscan_direct 7538432
pgscan_direct_throttle 0
compact_stall 249978
2026-09-22T03:47:11Z
2483 MHz, 0x0000000000000000, 71, 39.91 W
MemFree:         6754164 kB
MemAvailable:    8268936 kB
Cached:          4678864 kB
SwapFree:       11351876 kB
allocstall_dma 0
allocstall_dma32 0
allocstall_normal 43449
allocstall_movable 29165
allocstall_device 0
pgscan_direct 7538432
pgscan_direct_throttle 0
compact_stall 249978
2026-09-22T03:47:13Z
2483 MHz, 0x0000000000000000, 70, 39.89 W
MemFree:         6752036 kB
MemAvailable:    8266808 kB
Cached:          4678864 kB
SwapFree:       11351876 kB
allocstall_dma 0
allocstall_dma32 0
allocstall_normal 43449
allocstall_movable 29165
allocstall_device 0
pgscan_direct 7538432
pgscan_direct_throttle 0
compact_stall 249978
2026-09-22T03:47:14Z
2483 MHz, 0x0000000000000000, 71, 39.88 W
MemFree:         6762476 kB
MemAvailable:    8277248 kB
Cached:          4678864 kB
SwapFree:       11351876 kB
allocstall_dma 0
allocstall_dma32 0
allocstall_normal 43449
allocstall_movable 29165
allocstall_device 0
pgscan_direct 7538432
pgscan_direct_throttle 0
compact_stall 249978
2026-09-22T03:47:15Z
2483 MHz, 0x0000000000000000, 71, 39.96 W
MemFree:         6743276 kB
MemAvailable:    8258048 kB
Cached:          4678864 kB
SwapFree:       11351876 kB
allocstall_dma 0
allocstall_dma32 0
allocstall_normal 43449
allocstall_movable 29165
allocstall_device 0
pgscan_direct 7538432
pgscan_direct_throttle 0
compact_stall 249978
2026-09-22T03:47:16Z
2483 MHz, 0x0000000000000000, 71, 40.03 W
MemFree:         6732600 kB
MemAvailable:    8247372 kB
Cached:          4678864 kB
SwapFree:       11351876 kB
allocstall_dma 0
allocstall_dma32 0
allocstall_normal 43449
allocstall_movable 29165
allocstall_device 0
pgscan_direct 7538432
pgscan_direct_throttle 0
compact_stall 249978
2026-09-22T03:47:17Z
2483 MHz, 0x0000000000000000, 71, 39.82 W
MemFree:         6743232 kB
MemAvailable:    8258004 kB
Cached:          4678864 kB
SwapFree:       11351876 kB
allocstall_dma 0
allocstall_dma32 0
allocstall_normal 43449
allocstall_movable 29165
allocstall_device 0
pgscan_direct 7538432
pgscan_direct_throttle 0
compact_stall 249978
2026-09-22T03:47:18Z
2483 MHz, 0x0000000000000000, 71, 39.52 W
MemFree:         6752884 kB
MemAvailable:    8267788 kB
Cached:          4678988 kB
SwapFree:       11351876 kB
allocstall_dma 0
allocstall_dma32 0
allocstall_normal 43449
allocstall_movable 29165
allocstall_device 0
pgscan_direct 7538432
pgscan_direct_throttle 0
compact_stall 249978
2026-09-22T03:47:19Z
2483 MHz, 0x0000000000000000, 71, 39.62 W
MemFree:         6763080 kB
MemAvailable:    8277984 kB
Cached:          4678988 kB
SwapFree:       11351876 kB
allocstall_dma 0
allocstall_dma32 0
allocstall_normal 43449
allocstall_movable 29165
allocstall_device 0
pgscan_direct 7538432
pgscan_direct_throttle 0
compact_stall 249978
2026-09-22T03:47:20Z
2483 MHz, 0x0000000000000000, 71, 39.61 W
MemFree:         6744188 kB
MemAvailable:    8259092 kB
Cached:          4678988 kB
SwapFree:       11351876 kB
allocstall_dma 0
allocstall_dma32 0
allocstall_normal 43449
allocstall_movable 29165
allocstall_device 0
pgscan_direct 7538432
pgscan_direct_throttle 0
compact_stall 249978
2026-09-22T03:47:21Z
2483 MHz, 0x0000000000000000, 71, 39.66 W
MemFree:         6746776 kB
MemAvailable:    8261680 kB
Cached:          4678988 kB
SwapFree:       11351876 kB
allocstall_dma 0
allocstall_dma32 0
allocstall_normal 43449
allocstall_movable 29165
allocstall_device 0
pgscan_direct 7538432
pgscan_direct_throttle 0
compact_stall 249978
2026-09-22T03:47:22Z
2483 MHz, 0x0000000000000000, 71, 39.69 W
MemFree:         6755108 kB
MemAvailable:    8270020 kB
Cached:          4678988 kB
SwapFree:       11351876 kB
allocstall_dma 0
allocstall_dma32 0
allocstall_normal 43449
allocstall_movable 29165
allocstall_device 0
pgscan_direct 7538432
pgscan_direct_throttle 0
compact_stall 249978
2026-09-22T03:47:23Z
2483 MHz, 0x0000000000000000, 71, 39.65 W
MemFree:         6755772 kB
MemAvailable:    8270684 kB
Cached:          4678988 kB
SwapFree:       11351876 kB
allocstall_dma 0
allocstall_dma32 0
allocstall_normal 43449
allocstall_movable 29165
allocstall_device 0
pgscan_direct 7538432
pgscan_direct_throttle 0
compact_stall 249978
2026-09-22T03:47:24Z
2483 MHz, 0x0000000000000000, 71, 39.94 W
MemFree:         6754164 kB
MemAvailable:    8269076 kB
Cached:          4678988 kB
SwapFree:       11351876 kB
allocstall_dma 0
allocstall_dma32 0
allocstall_normal 43449
allocstall_movable 29165
allocstall_device 0
pgscan_direct 7538432
pgscan_direct_throttle 0
compact_stall 249978
2026-09-22T03:47:25Z
2483 MHz, 0x0000000000000000, 71, 39.77 W
MemFree:         6737008 kB
MemAvailable:    8251920 kB
Cached:          4678988 kB
SwapFree:       11351876 kB
allocstall_dma 0
allocstall_dma32 0
allocstall_normal 43449
allocstall_movable 29165
allocstall_device 0
pgscan_direct 7538432
pgscan_direct_throttle 0
compact_stall 249978
2026-09-22T03:47:26Z
2483 MHz, 0x0000000000000000, 71, 39.78 W
MemFree:         6761116 kB
MemAvailable:    8276028 kB
Cached:          4678988 kB
SwapFree:       11351876 kB
allocstall_dma 0
allocstall_dma32 0
allocstall_normal 43449
allocstall_movable 29165
allocstall_device 0
pgscan_direct 7538432
pgscan_direct_throttle 0
compact_stall 249978
2026-09-22T03:47:27Z
2483 MHz, 0x0000000000000000, 71, 39.88 W
MemFree:         6766776 kB
MemAvailable:    8281688 kB
Cached:          4678988 kB
SwapFree:       11351876 kB
allocstall_dma 0
allocstall_dma32 0
allocstall_normal 43449
allocstall_movable 29165
allocstall_device 0
pgscan_direct 7538432
pgscan_direct_throttle 0
compact_stall 249978
2026-09-22T03:47:28Z
2483 MHz, 0x0000000000000000, 71, 39.70 W
MemFree:         6771580 kB
MemAvailable:    8286492 kB
Cached:          4678980 kB
SwapFree:       11351876 kB
allocstall_dma 0
allocstall_dma32 0
allocstall_normal 43449
allocstall_movable 29165
allocstall_device 0
pgscan_direct 7538432
pgscan_direct_throttle 0
compact_stall 249978
2026-09-22T03:47:29Z
2483 MHz, 0x0000000000000000, 71, 39.65 W
MemFree:         6748404 kB
MemAvailable:    8263344 kB
Cached:          4679008 kB
SwapFree:       11351876 kB
allocstall_dma 0
allocstall_dma32 0
allocstall_normal 43449
allocstall_movable 29165
allocstall_device 0
pgscan_direct 7538432
pgscan_direct_throttle 0
compact_stall 249978
2026-09-22T03:47:30Z
2483 MHz, 0x0000000000000000, 71, 40.02 W
MemFree:         6744248 kB
MemAvailable:    8259284 kB
Cached:          4679104 kB
SwapFree:       11351876 kB
allocstall_dma 0
allocstall_dma32 0
allocstall_normal 43449
allocstall_movable 29165
allocstall_device 0
pgscan_direct 7538432
pgscan_direct_throttle 0
compact_stall 249978
2026-09-22T03:47:31Z
2483 MHz, 0x0000000000000000, 71, 39.82 W
MemFree:         6772700 kB
MemAvailable:    8287736 kB
Cached:          4679104 kB
SwapFree:       11351876 kB
allocstall_dma 0
allocstall_dma32 0
allocstall_normal 43449
allocstall_movable 29165
allocstall_device 0
pgscan_direct 7538432
pgscan_direct_throttle 0
compact_stall 249978
2026-09-22T03:47:32Z
2483 MHz, 0x0000000000000000, 71, 39.93 W
MemFree:         6760832 kB
MemAvailable:    8275868 kB
Cached:          4679104 kB
SwapFree:       11351888 kB
allocstall_dma 0
allocstall_dma32 0
allocstall_normal 43449
allocstall_movable 29165
allocstall_device 0
pgscan_direct 7538432
pgscan_direct_throttle 0
compact_stall 249978
2026-09-22T03:47:33Z
2483 MHz, 0x0000000000000000, 71, 39.99 W
MemFree:         6752020 kB
MemAvailable:    8267064 kB
Cached:          4679104 kB
SwapFree:       11351888 kB
allocstall_dma 0
allocstall_dma32 0
allocstall_normal 43449
allocstall_movable 29165
allocstall_device 0
pgscan_direct 7538432
pgscan_direct_throttle 0
compact_stall 249978
2026-09-22T03:47:35Z
2483 MHz, 0x0000000000000000, 71, 40.01 W
MemFree:         6730392 kB
MemAvailable:    8245436 kB
Cached:          4679104 kB
SwapFree:       11351888 kB
allocstall_dma 0
allocstall_dma32 0
allocstall_normal 43449
allocstall_movable 29165
allocstall_device 0
pgscan_direct 7538432
pgscan_direct_throttle 0
compact_stall 249978
2026-09-22T03:47:36Z
2483 MHz, 0x0000000000000000, 71, 40.01 W
MemFree:         6713336 kB
MemAvailable:    8228380 kB
Cached:          4679104 kB
SwapFree:       11351888 kB
allocstall_dma 0
allocstall_dma32 0
allocstall_normal 43449
allocstall_movable 29165
allocstall_device 0
pgscan_direct 7538432
pgscan_direct_throttle 0
compact_stall 249978
2026-09-22T03:47:37Z
2483 MHz, 0x0000000000000000, 71, 40.04 W
MemFree:         6727832 kB
MemAvailable:    8242944 kB
Cached:          4679232 kB
SwapFree:       11351888 kB
allocstall_dma 0
allocstall_dma32 0
allocstall_normal 43449
allocstall_movable 29165
allocstall_device 0
pgscan_direct 7538432
pgscan_direct_throttle 0
compact_stall 249978
2026-09-22T03:47:38Z
2483 MHz, 0x0000000000000000, 71, 39.98 W
MemFree:         6712668 kB
MemAvailable:    8227840 kB
Cached:          4679232 kB
SwapFree:       11351888 kB
allocstall_dma 0
allocstall_dma32 0
allocstall_normal 43449
allocstall_movable 29165
allocstall_device 0
pgscan_direct 7538432
pgscan_direct_throttle 0
compact_stall 249978
2026-09-22T03:47:39Z
2405 MHz, 0x0000000000000000, 68, 20.22 W
MemFree:         6734916 kB
MemAvailable:    8250088 kB
Cached:          4679232 kB
SwapFree:       11351888 kB
allocstall_dma 0
allocstall_dma32 0
allocstall_normal 43449
allocstall_movable 29165
allocstall_device 0
pgscan_direct 7538432
pgscan_direct_throttle 0
compact_stall 249978
2026-09-22T03:47:40Z
2405 MHz, 0x0000000000000000, 67, 17.20 W
MemFree:         6737260 kB
MemAvailable:    8252556 kB
Cached:          4679360 kB
SwapFree:       11351888 kB
allocstall_dma 0
allocstall_dma32 0
allocstall_normal 43449
allocstall_movable 29165
allocstall_device 0
pgscan_direct 7538432
pgscan_direct_throttle 0
compact_stall 249978
2026-09-22T03:47:41Z
2405 MHz, 0x0000000000000000, 66, 17.10 W
MemFree:         6755740 kB
MemAvailable:    8271152 kB
Cached:          4679464 kB
SwapFree:       11351944 kB
allocstall_dma 0
allocstall_dma32 0
allocstall_normal 43449
allocstall_movable 29165
allocstall_device 0
pgscan_direct 7538432
pgscan_direct_throttle 0
compact_stall 249978
2026-09-22T03:47:42Z
2463 MHz, 0x0000000000000000, 71, 44.15 W
MemFree:         6745564 kB
MemAvailable:    8261096 kB
Cached:          4680144 kB
SwapFree:       11351948 kB
allocstall_dma 0
allocstall_dma32 0
allocstall_normal 43449
allocstall_movable 29165
allocstall_device 0
pgscan_direct 7538432
pgscan_direct_throttle 0
compact_stall 249978
2026-09-22T03:47:43Z
2450 MHz, 0x0000000000000000, 73, 58.08 W
MemFree:         6746652 kB
MemAvailable:    8262184 kB
Cached:          4680144 kB
SwapFree:       11351948 kB
allocstall_dma 0
allocstall_dma32 0
allocstall_normal 43449
allocstall_movable 29165
allocstall_device 0
pgscan_direct 7538432
pgscan_direct_throttle 0
compact_stall 249978
2026-09-22T03:47:44Z
2450 MHz, 0x0000000000000000, 73, 58.66 W
MemFree:         6719416 kB
MemAvailable:    8234948 kB
Cached:          4680144 kB
SwapFree:       11351948 kB
allocstall_dma 0
allocstall_dma32 0
allocstall_normal 43449
allocstall_movable 29165
allocstall_device 0
pgscan_direct 7538432
pgscan_direct_throttle 0
compact_stall 249978
2026-09-22T03:47:45Z
2450 MHz, 0x0000000000000000, 73, 59.01 W
MemFree:         6690684 kB
MemAvailable:    8206216 kB
Cached:          4680144 kB
SwapFree:       11351948 kB
allocstall_dma 0
allocstall_dma32 0
allocstall_normal 43449
allocstall_movable 29165
allocstall_device 0
pgscan_direct 7538432
pgscan_direct_throttle 0
compact_stall 249978
2026-09-22T03:47:46Z
2450 MHz, 0x0000000000000000, 74, 59.69 W
MemFree:         6698276 kB
MemAvailable:    8213808 kB
Cached:          4680144 kB
SwapFree:       11351948 kB
allocstall_dma 0
allocstall_dma32 0
allocstall_normal 43449
allocstall_movable 29165
allocstall_device 0
pgscan_direct 7538432
pgscan_direct_throttle 0
compact_stall 249978
2026-09-22T03:47:47Z
2450 MHz, 0x0000000000000000, 74, 60.06 W
MemFree:         6697204 kB
MemAvailable:    8212744 kB
Cached:          4680144 kB
SwapFree:       11351948 kB
allocstall_dma 0
allocstall_dma32 0
allocstall_normal 43449
allocstall_movable 29165
allocstall_device 0
pgscan_direct 7538432
pgscan_direct_throttle 0
compact_stall 249978
2026-09-22T03:47:48Z
2450 MHz, 0x0000000000000000, 73, 60.32 W
MemFree:         6707684 kB
MemAvailable:    8229804 kB
Cached:          4686100 kB
SwapFree:       11351948 kB
allocstall_dma 0
allocstall_dma32 0
allocstall_normal 43449
allocstall_movable 29165
allocstall_device 0
pgscan_direct 7538432
pgscan_direct_throttle 0
compact_stall 249978
2026-09-22T03:47:49Z
2450 MHz, 0x0000000000000000, 74, 60.81 W
MemFree:         6718136 kB
MemAvailable:    8240676 kB
Cached:          4686452 kB
SwapFree:       11351948 kB
allocstall_dma 0
allocstall_dma32 0
allocstall_normal 43449
allocstall_movable 29165
allocstall_device 0
pgscan_direct 7538432
pgscan_direct_throttle 0
compact_stall 249978
2026-09-22T03:47:50Z
2450 MHz, 0x0000000000000000, 74, 61.13 W
MemFree:         6722192 kB
MemAvailable:    8244732 kB
Cached:          4686456 kB
SwapFree:       11351948 kB
allocstall_dma 0
allocstall_dma32 0
allocstall_normal 43449
allocstall_movable 29165
allocstall_device 0
pgscan_direct 7538432
pgscan_direct_throttle 0
compact_stall 249978
2026-09-22T03:47:51Z
2450 MHz, 0x0000000000000000, 74, 61.35 W
MemFree:         6755168 kB
MemAvailable:    8277816 kB
Cached:          4686564 kB
SwapFree:       11351948 kB
allocstall_dma 0
allocstall_dma32 0
allocstall_normal 43449
allocstall_movable 29165
allocstall_device 0
pgscan_direct 7538432
pgscan_direct_throttle 0
compact_stall 249978
2026-09-22T03:47:52Z
2450 MHz, 0x0000000000000000, 75, 61.67 W
MemFree:         6746588 kB
MemAvailable:    8269292 kB
Cached:          4686564 kB
SwapFree:       11351948 kB
allocstall_dma 0
allocstall_dma32 0
allocstall_normal 43449
allocstall_movable 29165
allocstall_device 0
pgscan_direct 7538432
pgscan_direct_throttle 0
compact_stall 249978
2026-09-22T03:47:53Z
2450 MHz, 0x0000000000000000, 75, 62.20 W
MemFree:         6742768 kB
MemAvailable:    8265480 kB
Cached:          4686564 kB
SwapFree:       11351948 kB
allocstall_dma 0
allocstall_dma32 0
allocstall_normal 43449
allocstall_movable 29165
allocstall_device 0
pgscan_direct 7538432
pgscan_direct_throttle 0
compact_stall 249978
2026-09-22T03:47:54Z
2450 MHz, 0x0000000000000000, 76, 62.28 W
MemFree:         6744600 kB
MemAvailable:    8267312 kB
Cached:          4686564 kB
SwapFree:       11351948 kB
allocstall_dma 0
allocstall_dma32 0
allocstall_normal 43449
allocstall_movable 29165
allocstall_device 0
pgscan_direct 7538432
pgscan_direct_throttle 0
compact_stall 249978
2026-09-22T03:47:55Z
2450 MHz, 0x0000000000000000, 75, 62.61 W
MemFree:         6758704 kB
MemAvailable:    8281576 kB
Cached:          4686784 kB
SwapFree:       11351948 kB
allocstall_dma 0
allocstall_dma32 0
allocstall_normal 43449
allocstall_movable 29165
allocstall_device 0
pgscan_direct 7538432
pgscan_direct_throttle 0
compact_stall 249978
2026-09-22T03:47:57Z
2450 MHz, 0x0000000000000000, 75, 63.16 W
MemFree:         6743096 kB
MemAvailable:    8266032 kB
Cached:          4686792 kB
SwapFree:       11351948 kB
allocstall_dma 0
allocstall_dma32 0
allocstall_normal 43449
allocstall_movable 29165
allocstall_device 0
pgscan_direct 7538432
pgscan_direct_throttle 0
compact_stall 249978
2026-09-22T03:47:58Z
2450 MHz, 0x0000000000000000, 76, 63.58 W
MemFree:         6764404 kB
MemAvailable:    8287340 kB
Cached:          4686792 kB
SwapFree:       11351948 kB
allocstall_dma 0
allocstall_dma32 0
allocstall_normal 43449
allocstall_movable 29165
allocstall_device 0
pgscan_direct 7538432
pgscan_direct_throttle 0
compact_stall 249978
2026-09-22T03:47:59Z
2450 MHz, 0x0000000000000000, 77, 63.70 W
MemFree:         6780132 kB
MemAvailable:    8303068 kB
Cached:          4686792 kB
SwapFree:       11351948 kB
allocstall_dma 0
allocstall_dma32 0
allocstall_normal 43449
allocstall_movable 29165
allocstall_device 0
pgscan_direct 7538432
pgscan_direct_throttle 0
compact_stall 249978
2026-09-22T03:48:00Z
2450 MHz, 0x0000000000000000, 76, 63.93 W
MemFree:         6768620 kB
MemAvailable:    8291640 kB
Cached:          4686920 kB
SwapFree:       11351948 kB
allocstall_dma 0
allocstall_dma32 0
allocstall_normal 43449
allocstall_movable 29165
allocstall_device 0
pgscan_direct 7538432
pgscan_direct_throttle 0
compact_stall 249978
2026-09-22T03:48:01Z
2450 MHz, 0x0000000000000000, 76, 63.87 W
MemFree:         6767572 kB
MemAvailable:    8290644 kB
Cached:          4686920 kB
SwapFree:       11351948 kB
allocstall_dma 0
allocstall_dma32 0
allocstall_normal 43449
allocstall_movable 29165
allocstall_device 0
pgscan_direct 7538432
pgscan_direct_throttle 0
compact_stall 249978
2026-09-22T03:48:02Z
2450 MHz, 0x0000000000000000, 77, 64.55 W
MemFree:         6744152 kB
MemAvailable:    8267436 kB
Cached:          4687132 kB
SwapFree:       11351948 kB
allocstall_dma 0
allocstall_dma32 0
allocstall_normal 43449
allocstall_movable 29165
allocstall_device 0
pgscan_direct 7538432
pgscan_direct_throttle 0
compact_stall 249978
2026-09-22T03:48:03Z
2450 MHz, 0x0000000000000000, 74, 64.82 W
MemFree:         6750068 kB
MemAvailable:    8273352 kB
Cached:          4687132 kB
SwapFree:       11351948 kB
allocstall_dma 0
allocstall_dma32 0
allocstall_normal 43449
allocstall_movable 29165
allocstall_device 0
pgscan_direct 7538432
pgscan_direct_throttle 0
compact_stall 249978
2026-09-22T03:48:04Z
2450 MHz, 0x0000000000000000, 77, 65.82 W
MemFree:         6756080 kB
MemAvailable:    8279364 kB
Cached:          4687132 kB
SwapFree:       11351948 kB
allocstall_dma 0
allocstall_dma32 0
allocstall_normal 43449
allocstall_movable 29165
allocstall_device 0
pgscan_direct 7538432
pgscan_direct_throttle 0
compact_stall 249978
2026-09-22T03:48:05Z
2450 MHz, 0x0000000000000000, 78, 64.96 W
MemFree:         6762980 kB
MemAvailable:    8286376 kB
Cached:          4687244 kB
SwapFree:       11351948 kB
allocstall_dma 0
allocstall_dma32 0
allocstall_normal 43449
allocstall_movable 29165
allocstall_device 0
pgscan_direct 7538432
pgscan_direct_throttle 0
compact_stall 249978
2026-09-22T03:48:06Z
2450 MHz, 0x0000000000000000, 76, 65.22 W
MemFree:         6746656 kB
MemAvailable:    8270060 kB
Cached:          4687244 kB
SwapFree:       11351948 kB
allocstall_dma 0
allocstall_dma32 0
allocstall_normal 43449
allocstall_movable 29165
allocstall_device 0
pgscan_direct 7538432
pgscan_direct_throttle 0
compact_stall 249978
2026-09-22T03:48:07Z
2450 MHz, 0x0000000000000000, 77, 66.92 W
MemFree:         6729964 kB
MemAvailable:    8253368 kB
Cached:          4687244 kB
SwapFree:       11351948 kB
allocstall_dma 0
allocstall_dma32 0
allocstall_normal 43449
allocstall_movable 29165
allocstall_device 0
pgscan_direct 7538432
pgscan_direct_throttle 0
compact_stall 249978
2026-09-22T03:48:08Z
2450 MHz, 0x0000000000000000, 77, 66.05 W
MemFree:         6743320 kB
MemAvailable:    8266832 kB
Cached:          4687352 kB
SwapFree:       11351948 kB
allocstall_dma 0
allocstall_dma32 0
allocstall_normal 43449
allocstall_movable 29165
allocstall_device 0
pgscan_direct 7538432
pgscan_direct_throttle 0
compact_stall 249978
2026-09-22T03:48:09Z
2450 MHz, 0x0000000000000000, 77, 66.11 W
MemFree:         6757468 kB
MemAvailable:    8280980 kB
Cached:          4687344 kB
SwapFree:       11351948 kB
allocstall_dma 0
allocstall_dma32 0
allocstall_normal 43449
allocstall_movable 29165
allocstall_device 0
pgscan_direct 7538432
pgscan_direct_throttle 0
compact_stall 249978
2026-09-22T03:48:10Z
2450 MHz, 0x0000000000000000, 77, 66.47 W
MemFree:         6744068 kB
MemAvailable:    8267580 kB
Cached:          4687352 kB
SwapFree:       11351948 kB
allocstall_dma 0
allocstall_dma32 0
allocstall_normal 43449
allocstall_movable 29165
allocstall_device 0
pgscan_direct 7538432
pgscan_direct_throttle 0
compact_stall 249978
2026-09-22T03:48:11Z
2450 MHz, 0x0000000000000000, 79, 66.68 W
MemFree:         6748936 kB
MemAvailable:    8272448 kB
Cached:          4687352 kB
SwapFree:       11351948 kB
allocstall_dma 0
allocstall_dma32 0
allocstall_normal 43449
allocstall_movable 29165
allocstall_device 0
pgscan_direct 7538432
pgscan_direct_throttle 0
compact_stall 249978
2026-09-22T03:48:12Z
2450 MHz, 0x0000000000000000, 75, 67.05 W
MemFree:         6759388 kB
MemAvailable:    8282900 kB
Cached:          4687352 kB
SwapFree:       11351948 kB
allocstall_dma 0
allocstall_dma32 0
allocstall_normal 43449
allocstall_movable 29165
allocstall_device 0
pgscan_direct 7538432
pgscan_direct_throttle 0
compact_stall 249978
2026-09-22T03:48:13Z
2450 MHz, 0x0000000000000000, 77, 67.87 W
MemFree:         6741856 kB
MemAvailable:    8265368 kB
Cached:          4687352 kB
SwapFree:       11351948 kB
allocstall_dma 0
allocstall_dma32 0
allocstall_normal 43449
allocstall_movable 29165
allocstall_device 0
pgscan_direct 7538432
pgscan_direct_throttle 0
compact_stall 249978
2026-09-22T03:48:14Z
2450 MHz, 0x0000000000000000, 79, 67.37 W
MemFree:         6754096 kB
MemAvailable:    8277608 kB
Cached:          4687352 kB
SwapFree:       11351948 kB
allocstall_dma 0
allocstall_dma32 0
allocstall_normal 43449
allocstall_movable 29165
allocstall_device 0
pgscan_direct 7538432
pgscan_direct_throttle 0
compact_stall 249978
2026-09-22T03:48:15Z
2450 MHz, 0x0000000000000000, 78, 67.19 W
MemFree:         6771132 kB
MemAvailable:    8294644 kB
Cached:          4687344 kB
SwapFree:       11351948 kB
allocstall_dma 0
allocstall_dma32 0
allocstall_normal 43449
allocstall_movable 29165
allocstall_device 0
pgscan_direct 7538432
pgscan_direct_throttle 0
compact_stall 249978
2026-09-22T03:48:16Z
2450 MHz, 0x0000000000000000, 77, 68.03 W
MemFree:         6754020 kB
MemAvailable:    8277548 kB
Cached:          4687352 kB
SwapFree:       11351948 kB
allocstall_dma 0
allocstall_dma32 0
allocstall_normal 43449
allocstall_movable 29165
allocstall_device 0
pgscan_direct 7538432
pgscan_direct_throttle 0
compact_stall 249978
2026-09-22T03:48:18Z
2450 MHz, 0x0000000000000000, 78, 67.58 W
MemFree:         6779464 kB
MemAvailable:    8302992 kB
Cached:          4687352 kB
SwapFree:       11351948 kB
allocstall_dma 0
allocstall_dma32 0
allocstall_normal 43449
allocstall_movable 29165
allocstall_device 0
pgscan_direct 7538432
pgscan_direct_throttle 0
compact_stall 249978
2026-09-22T03:48:19Z
2450 MHz, 0x0000000000000000, 78, 68.89 W
MemFree:         6759228 kB
MemAvailable:    8282756 kB
Cached:          4687352 kB
SwapFree:       11351948 kB
allocstall_dma 0
allocstall_dma32 0
allocstall_normal 43449
allocstall_movable 29165
allocstall_device 0
pgscan_direct 7538432
pgscan_direct_throttle 0
compact_stall 249978
2026-09-22T03:48:20Z
2450 MHz, 0x0000000000000000, 77, 68.86 W
MemFree:         6768020 kB
MemAvailable:    8291548 kB
Cached:          4687352 kB
SwapFree:       11351948 kB
allocstall_dma 0
allocstall_dma32 0
allocstall_normal 43449
allocstall_movable 29165
allocstall_device 0
pgscan_direct 7538432
pgscan_direct_throttle 0
compact_stall 249978
2026-09-22T03:48:21Z
2450 MHz, 0x0000000000000000, 80, 69.34 W
MemFree:         6751596 kB
MemAvailable:    8275124 kB
Cached:          4687352 kB
SwapFree:       11351948 kB
allocstall_dma 0
allocstall_dma32 0
allocstall_normal 43449
allocstall_movable 29165
allocstall_device 0
pgscan_direct 7538432
pgscan_direct_throttle 0
compact_stall 249978
2026-09-22T03:48:22Z
2450 MHz, 0x0000000000000000, 79, 68.62 W
MemFree:         6764688 kB
MemAvailable:    8288224 kB
Cached:          4687352 kB
SwapFree:       11351948 kB
allocstall_dma 0
allocstall_dma32 0
allocstall_normal 43449
allocstall_movable 29165
allocstall_device 0
pgscan_direct 7538432
pgscan_direct_throttle 0
compact_stall 249978
2026-09-22T03:48:23Z
2444 MHz, 0x0000000000000000, 79, 68.81 W
MemFree:         6766632 kB
MemAvailable:    8290168 kB
Cached:          4687352 kB
SwapFree:       11351948 kB
allocstall_dma 0
allocstall_dma32 0
allocstall_normal 43449
allocstall_movable 29165
allocstall_device 0
pgscan_direct 7538432
pgscan_direct_throttle 0
compact_stall 249978
2026-09-22T03:48:24Z
2450 MHz, 0x0000000000000000, 80, 68.99 W
MemFree:         6766184 kB
MemAvailable:    8289720 kB
Cached:          4687352 kB
SwapFree:       11351948 kB
allocstall_dma 0
allocstall_dma32 0
allocstall_normal 43449
allocstall_movable 29165
allocstall_device 0
pgscan_direct 7538432
pgscan_direct_throttle 0
compact_stall 249978
2026-09-22T03:48:25Z
2444 MHz, 0x0000000000000000, 79, 70.88 W
MemFree:         6765556 kB
MemAvailable:    8289092 kB
Cached:          4687352 kB
SwapFree:       11351948 kB
allocstall_dma 0
allocstall_dma32 0
allocstall_normal 43449
allocstall_movable 29165
allocstall_device 0
pgscan_direct 7538432
pgscan_direct_throttle 0
compact_stall 249978
2026-09-22T03:48:26Z
2444 MHz, 0x0000000000000000, 79, 69.36 W
MemFree:         6769036 kB
MemAvailable:    8292572 kB
Cached:          4687412 kB
SwapFree:       11351948 kB
allocstall_dma 0
allocstall_dma32 0
allocstall_normal 43449
allocstall_movable 29165
allocstall_device 0
pgscan_direct 7538432
pgscan_direct_throttle 0
compact_stall 249978
2026-09-22T03:48:27Z
2444 MHz, 0x0000000000000000, 80, 69.79 W
MemFree:         6755476 kB
MemAvailable:    8279072 kB
Cached:          4687412 kB
SwapFree:       11351948 kB
allocstall_dma 0
allocstall_dma32 0
allocstall_normal 43449
allocstall_movable 29165
allocstall_device 0
pgscan_direct 7538432
pgscan_direct_throttle 0
compact_stall 249978
2026-09-22T03:48:28Z
2444 MHz, 0x0000000000000000, 81, 69.88 W
MemFree:         6765172 kB
MemAvailable:    8288768 kB
Cached:          4687412 kB
SwapFree:       11351948 kB
allocstall_dma 0
allocstall_dma32 0
allocstall_normal 43449
allocstall_movable 29165
allocstall_device 0
pgscan_direct 7538432
pgscan_direct_throttle 0
compact_stall 249978
2026-09-22T03:48:29Z
2444 MHz, 0x0000000000000000, 80, 70.54 W
MemFree:         6764848 kB
MemAvailable:    8288444 kB
Cached:          4687412 kB
SwapFree:       11351948 kB
allocstall_dma 0
allocstall_dma32 0
allocstall_normal 43449
allocstall_movable 29165
allocstall_device 0
pgscan_direct 7538432
pgscan_direct_throttle 0
compact_stall 249978
2026-09-22T03:48:30Z
2444 MHz, 0x0000000000000000, 78, 69.76 W
MemFree:         6756604 kB
MemAvailable:    8280208 kB
Cached:          4687412 kB
SwapFree:       11351948 kB
allocstall_dma 0
allocstall_dma32 0
allocstall_normal 43449
allocstall_movable 29165
allocstall_device 0
pgscan_direct 7538432
pgscan_direct_throttle 0
compact_stall 249978
2026-09-22T03:48:31Z
2444 MHz, 0x0000000000000000, 81, 71.83 W
MemFree:         6757000 kB
MemAvailable:    8280604 kB
Cached:          4687412 kB
SwapFree:       11351948 kB
allocstall_dma 0
allocstall_dma32 0
allocstall_normal 43449
allocstall_movable 29165
allocstall_device 0
pgscan_direct 7538432
pgscan_direct_throttle 0
compact_stall 249978
2026-09-22T03:48:32Z
2444 MHz, 0x0000000000000000, 81, 70.42 W
MemFree:         6774756 kB
MemAvailable:    8298360 kB
Cached:          4687416 kB
SwapFree:       11351948 kB
allocstall_dma 0
allocstall_dma32 0
allocstall_normal 43449
allocstall_movable 29165
allocstall_device 0
pgscan_direct 7538432
pgscan_direct_throttle 0
compact_stall 249978
2026-09-22T03:48:33Z
2411 MHz, 0x0000000000000000, 73, 48.41 W
MemFree:         6780524 kB
MemAvailable:    8304128 kB
Cached:          4687416 kB
SwapFree:       11351948 kB
allocstall_dma 0
allocstall_dma32 0
allocstall_normal 43449
allocstall_movable 29165
allocstall_device 0
pgscan_direct 7538432
pgscan_direct_throttle 0
compact_stall 249978
2026-09-22T03:48:34Z
2405 MHz, 0x0000000000000000, 72, 19.30 W
MemFree:         6780788 kB
MemAvailable:    8304392 kB
Cached:          4687416 kB
SwapFree:       11351948 kB
allocstall_dma 0
allocstall_dma32 0
allocstall_normal 43449
allocstall_movable 29165
allocstall_device 0
pgscan_direct 7538432
pgscan_direct_throttle 0
compact_stall 249978
2026-09-22T03:48:35Z
2450 MHz, 0x0000000000000000, 79, 51.76 W
MemFree:         6767344 kB
MemAvailable:    8290948 kB
Cached:          4687416 kB
SwapFree:       11351948 kB
allocstall_dma 0
allocstall_dma32 0
allocstall_normal 43449
allocstall_movable 29165
allocstall_device 0
pgscan_direct 7538432
pgscan_direct_throttle 0
compact_stall 249978
2026-09-22T03:48:36Z
2450 MHz, 0x0000000000000000, 77, 69.97 W
MemFree:         6781776 kB
MemAvailable:    8305384 kB
Cached:          4687408 kB
SwapFree:       11351948 kB
allocstall_dma 0
allocstall_dma32 0
allocstall_normal 43449
allocstall_movable 29165
allocstall_device 0
pgscan_direct 7538432
pgscan_direct_throttle 0
compact_stall 249978
2026-09-22T03:48:37Z
2450 MHz, 0x0000000000000000, 75, 69.93 W
MemFree:         6772524 kB
MemAvailable:    8296132 kB
Cached:          4687408 kB
SwapFree:       11351948 kB
allocstall_dma 0
allocstall_dma32 0
allocstall_normal 43449
allocstall_movable 29165
allocstall_device 0
pgscan_direct 7538432
pgscan_direct_throttle 0
compact_stall 249978
2026-09-22T03:48:38Z
2463 MHz, 0x0000000000000000, 74, 41.39 W
MemFree:         6770736 kB
MemAvailable:    8294344 kB
Cached:          4687416 kB
SwapFree:       11351948 kB
allocstall_dma 0
allocstall_dma32 0
allocstall_normal 43449
allocstall_movable 29165
allocstall_device 0
pgscan_direct 7538432
pgscan_direct_throttle 0
compact_stall 249978
2026-09-22T03:48:39Z
2463 MHz, 0x0000000000000000, 74, 41.06 W
MemFree:         6768908 kB
MemAvailable:    8292532 kB
Cached:          4687416 kB
SwapFree:       11351948 kB
allocstall_dma 0
allocstall_dma32 0
allocstall_normal 43449
allocstall_movable 29165
allocstall_device 0
pgscan_direct 7538432
pgscan_direct_throttle 0
compact_stall 249978
2026-09-22T03:48:41Z
2463 MHz, 0x0000000000000000, 73, 41.10 W
MemFree:         6768296 kB
MemAvailable:    8291920 kB
Cached:          4687416 kB
SwapFree:       11351948 kB
allocstall_dma 0
allocstall_dma32 0
allocstall_normal 43449
allocstall_movable 29165
allocstall_device 0
pgscan_direct 7538432
pgscan_direct_throttle 0
compact_stall 249978
2026-09-22T03:48:42Z
2463 MHz, 0x0000000000000000, 73, 40.99 W
MemFree:         6754388 kB
MemAvailable:    8278012 kB
Cached:          4687416 kB
SwapFree:       11351948 kB
allocstall_dma 0
allocstall_dma32 0
allocstall_normal 43449
allocstall_movable 29165
allocstall_device 0
pgscan_direct 7538432
pgscan_direct_throttle 0
compact_stall 249978
2026-09-22T03:48:43Z
2463 MHz, 0x0000000000000000, 73, 40.95 W
MemFree:         6778456 kB
MemAvailable:    8307416 kB
Cached:          4692484 kB
SwapFree:       11351992 kB
allocstall_dma 0
allocstall_dma32 0
allocstall_normal 43449
allocstall_movable 29165
allocstall_device 0
pgscan_direct 7538432
pgscan_direct_throttle 0
compact_stall 249978
2026-09-22T03:48:44Z
2463 MHz, 0x0000000000000000, 73, 41.07 W
MemFree:         6612900 kB
MemAvailable:    8215988 kB
Cached:          4765668 kB
SwapFree:       11351992 kB
allocstall_dma 0
allocstall_dma32 0
allocstall_normal 43449
allocstall_movable 29165
allocstall_device 0
pgscan_direct 7538432
pgscan_direct_throttle 0
compact_stall 249978
2026-09-22T03:48:45Z
2463 MHz, 0x0000000000000000, 73, 41.21 W
MemFree:         6631296 kB
MemAvailable:    8234376 kB
Cached:          4765660 kB
SwapFree:       11351992 kB
allocstall_dma 0
allocstall_dma32 0
allocstall_normal 43449
allocstall_movable 29165
allocstall_device 0
pgscan_direct 7538432
pgscan_direct_throttle 0
compact_stall 249978
2026-09-22T03:48:46Z
2463 MHz, 0x0000000000000000, 73, 41.07 W
MemFree:         6614020 kB
MemAvailable:    8217216 kB
Cached:          4765788 kB
SwapFree:       11351992 kB
allocstall_dma 0
allocstall_dma32 0
allocstall_normal 43449
allocstall_movable 29165
allocstall_device 0
pgscan_direct 7538432
pgscan_direct_throttle 0
compact_stall 249978
2026-09-22T03:48:47Z
2463 MHz, 0x0000000000000000, 73, 40.97 W
MemFree:         6620388 kB
MemAvailable:    8223596 kB
Cached:          4765788 kB
SwapFree:       11351992 kB
allocstall_dma 0
allocstall_dma32 0
allocstall_normal 43449
allocstall_movable 29165
allocstall_device 0
pgscan_direct 7538432
pgscan_direct_throttle 0
compact_stall 249978
2026-09-22T03:48:48Z
2463 MHz, 0x0000000000000000, 72, 40.97 W
MemFree:         6613880 kB
MemAvailable:    8217088 kB
Cached:          4765792 kB
SwapFree:       11351992 kB
allocstall_dma 0
allocstall_dma32 0
allocstall_normal 43449
allocstall_movable 29165
allocstall_device 0
pgscan_direct 7538432
pgscan_direct_throttle 0
compact_stall 249978
2026-09-22T03:48:49Z
2463 MHz, 0x0000000000000000, 72, 40.93 W
MemFree:         6619212 kB
MemAvailable:    8222472 kB
Cached:          4765940 kB
SwapFree:       11351992 kB
allocstall_dma 0
allocstall_dma32 0
allocstall_normal 43449
allocstall_movable 29165
allocstall_device 0
pgscan_direct 7538432
pgscan_direct_throttle 0
compact_stall 249978
2026-09-22T03:48:50Z
2463 MHz, 0x0000000000000000, 72, 40.89 W
MemFree:         6605756 kB
MemAvailable:    8209136 kB
Cached:          4765940 kB
SwapFree:       11351992 kB
allocstall_dma 0
allocstall_dma32 0
allocstall_normal 43449
allocstall_movable 29165
allocstall_device 0
pgscan_direct 7538432
pgscan_direct_throttle 0
compact_stall 249978
2026-09-22T03:48:51Z
2463 MHz, 0x0000000000000000, 72, 40.79 W
MemFree:         6608728 kB
MemAvailable:    8212108 kB
Cached:          4765940 kB
SwapFree:       11351992 kB
allocstall_dma 0
allocstall_dma32 0
allocstall_normal 43449
allocstall_movable 29165
allocstall_device 0
pgscan_direct 7538432
pgscan_direct_throttle 0
compact_stall 249978
2026-09-22T03:48:52Z
2463 MHz, 0x0000000000000000, 72, 40.77 W
MemFree:         6591916 kB
MemAvailable:    8195296 kB
Cached:          4765940 kB
SwapFree:       11351992 kB
allocstall_dma 0
allocstall_dma32 0
allocstall_normal 43449
allocstall_movable 29165
allocstall_device 0
pgscan_direct 7538432
pgscan_direct_throttle 0
compact_stall 249978
2026-09-22T03:48:53Z
2463 MHz, 0x0000000000000000, 72, 40.81 W
MemFree:         6599928 kB
MemAvailable:    8203312 kB
Cached:          4765964 kB
SwapFree:       11351992 kB
allocstall_dma 0
allocstall_dma32 0
allocstall_normal 43449
allocstall_movable 29165
allocstall_device 0
pgscan_direct 7538432
pgscan_direct_throttle 0
compact_stall 249978
2026-09-22T03:48:54Z
2463 MHz, 0x0000000000000000, 72, 40.49 W
MemFree:         6489000 kB
MemAvailable:    8200476 kB
Cached:          4872864 kB
SwapFree:       11351992 kB
allocstall_dma 0
allocstall_dma32 0
allocstall_normal 43449
allocstall_movable 29165
allocstall_device 0
pgscan_direct 7538432
pgscan_direct_throttle 0
compact_stall 249978
2026-09-22T03:48:55Z
2463 MHz, 0x0000000000000000, 72, 40.53 W
MemFree:         6430080 kB
MemAvailable:    8182464 kB
Cached:          4913768 kB
SwapFree:       11351992 kB
allocstall_dma 0
allocstall_dma32 0
allocstall_normal 43449
allocstall_movable 29165
allocstall_device 0
pgscan_direct 7538432
pgscan_direct_throttle 0
compact_stall 249978
2026-09-22T03:48:56Z
2463 MHz, 0x0000000000000000, 72, 40.42 W
MemFree:         6406052 kB
MemAvailable:    8158452 kB
Cached:          4913768 kB
SwapFree:       11351992 kB
allocstall_dma 0
allocstall_dma32 0
allocstall_normal 43449
allocstall_movable 29165
allocstall_device 0
pgscan_direct 7538432
pgscan_direct_throttle 0
compact_stall 249978
2026-09-22T03:48:57Z
2463 MHz, 0x0000000000000000, 72, 40.70 W
MemFree:         6328068 kB
MemAvailable:    8085648 kB
Cached:          4917916 kB
SwapFree:       11351992 kB
allocstall_dma 0
allocstall_dma32 0
allocstall_normal 43449
allocstall_movable 29165
allocstall_device 0
pgscan_direct 7538432
pgscan_direct_throttle 0
compact_stall 249978
2026-09-22T03:48:58Z
2463 MHz, 0x0000000000000000, 72, 40.50 W
MemFree:         6350580 kB
MemAvailable:    8108188 kB
Cached:          4917944 kB
SwapFree:       11351996 kB
allocstall_dma 0
allocstall_dma32 0
allocstall_normal 43449
allocstall_movable 29165
allocstall_device 0
pgscan_direct 7538432
pgscan_direct_throttle 0
compact_stall 249978
2026-09-22T03:48:59Z
2463 MHz, 0x0000000000000000, 72, 40.69 W
MemFree:         6336564 kB
MemAvailable:    8094692 kB
Cached:          4918408 kB
SwapFree:       11352016 kB
allocstall_dma 0
allocstall_dma32 0
allocstall_normal 43449
allocstall_movable 29165
allocstall_device 0
pgscan_direct 7538432
pgscan_direct_throttle 0
compact_stall 249978
2026-09-22T03:49:00Z
2463 MHz, 0x0000000000000000, 72, 40.61 W
MemFree:         6341816 kB
MemAvailable:    8100160 kB
Cached:          4918592 kB
SwapFree:       11352016 kB
allocstall_dma 0
allocstall_dma32 0
allocstall_normal 43449
allocstall_movable 29165
allocstall_device 0
pgscan_direct 7538432
pgscan_direct_throttle 0
compact_stall 249978
2026-09-22T03:49:01Z
2463 MHz, 0x0000000000000000, 72, 40.64 W
MemFree:         6356396 kB
MemAvailable:    8114904 kB
Cached:          4918744 kB
SwapFree:       11352016 kB
allocstall_dma 0
allocstall_dma32 0
allocstall_normal 43449
allocstall_movable 29165
allocstall_device 0
pgscan_direct 7538432
pgscan_direct_throttle 0
compact_stall 249978
2026-09-22T03:49:03Z
2470 MHz, 0x0000000000000000, 71, 40.21 W
MemFree:         6352640 kB
MemAvailable:    8111148 kB
Cached:          4918744 kB
SwapFree:       11352016 kB
allocstall_dma 0
allocstall_dma32 0
allocstall_normal 43449
allocstall_movable 29165
allocstall_device 0
pgscan_direct 7538432
pgscan_direct_throttle 0
compact_stall 249978
2026-09-22T03:49:04Z
2483 MHz, 0x0000000000000000, 72, 40.23 W
MemFree:         6366072 kB
MemAvailable:    8124580 kB
Cached:          4918744 kB
SwapFree:       11352016 kB
allocstall_dma 0
allocstall_dma32 0
allocstall_normal 43449
allocstall_movable 29165
allocstall_device 0
pgscan_direct 7538432
pgscan_direct_throttle 0
compact_stall 249978
2026-09-22T03:49:05Z
2483 MHz, 0x0000000000000000, 71, 39.98 W
MemFree:         6355548 kB
MemAvailable:    8114664 kB
Cached:          4919048 kB
SwapFree:       11352044 kB
allocstall_dma 0
allocstall_dma32 0
allocstall_normal 43449
allocstall_movable 29165
allocstall_device 0
pgscan_direct 7538432
pgscan_direct_throttle 0
compact_stall 249978
2026-09-22T03:49:06Z
2483 MHz, 0x0000000000000000, 72, 40.35 W
MemFree:         6355340 kB
MemAvailable:    8114456 kB
Cached:          4919048 kB
SwapFree:       11352044 kB
allocstall_dma 0
allocstall_dma32 0
allocstall_normal 43449
allocstall_movable 29165
allocstall_device 0
pgscan_direct 7538432
pgscan_direct_throttle 0
compact_stall 249978
2026-09-22T03:49:07Z
2483 MHz, 0x0000000000000000, 72, 40.26 W
MemFree:         6367500 kB
MemAvailable:    8126616 kB
Cached:          4919048 kB
SwapFree:       11352044 kB
allocstall_dma 0
allocstall_dma32 0
allocstall_normal 43449
allocstall_movable 29165
allocstall_device 0
pgscan_direct 7538432
pgscan_direct_throttle 0
compact_stall 249978
2026-09-22T03:49:08Z
2483 MHz, 0x0000000000000000, 71, 40.30 W
MemFree:         6403592 kB
MemAvailable:    8162708 kB
Cached:          4919048 kB
SwapFree:       11352044 kB
allocstall_dma 0
allocstall_dma32 0
allocstall_normal 43449
allocstall_movable 29165
allocstall_device 0
pgscan_direct 7538432
pgscan_direct_throttle 0
compact_stall 249978
2026-09-22T03:49:09Z
2483 MHz, 0x0000000000000000, 71, 40.18 W
MemFree:         6397364 kB
MemAvailable:    8156480 kB
Cached:          4919048 kB
SwapFree:       11352044 kB
allocstall_dma 0
allocstall_dma32 0
allocstall_normal 43449
allocstall_movable 29165
allocstall_device 0
pgscan_direct 7538432
pgscan_direct_throttle 0
compact_stall 249978
2026-09-22T03:49:10Z
2483 MHz, 0x0000000000000000, 71, 39.87 W
MemFree:         6426872 kB
MemAvailable:    8193696 kB
Cached:          4926604 kB
SwapFree:       11352044 kB
allocstall_dma 0
allocstall_dma32 0
allocstall_normal 43449
allocstall_movable 29165
allocstall_device 0
pgscan_direct 7538432
pgscan_direct_throttle 0
compact_stall 249978
2026-09-22T03:49:11Z
2483 MHz, 0x0000000000000000, 71, 39.79 W
MemFree:         6417512 kB
MemAvailable:    8184336 kB
Cached:          4926604 kB
SwapFree:       11352044 kB
allocstall_dma 0
allocstall_dma32 0
allocstall_normal 43449
allocstall_movable 29165
allocstall_device 0
pgscan_direct 7538432
pgscan_direct_throttle 0
compact_stall 249978
2026-09-22T03:49:12Z
2483 MHz, 0x0000000000000000, 68, 24.20 W
MemFree:         6437832 kB
MemAvailable:    8204656 kB
Cached:          4926604 kB
SwapFree:       11352044 kB
allocstall_dma 0
allocstall_dma32 0
allocstall_normal 43449
allocstall_movable 29165
allocstall_device 0
pgscan_direct 7538432
pgscan_direct_throttle 0
compact_stall 249978
2026-09-22T03:49:13Z
2405 MHz, 0x0000000000000000, 67, 17.36 W
MemFree:         6423292 kB
MemAvailable:    8190116 kB
Cached:          4926608 kB
SwapFree:       11352044 kB
allocstall_dma 0
allocstall_dma32 0
allocstall_normal 43449
allocstall_movable 29165
allocstall_device 0
pgscan_direct 7538432
pgscan_direct_throttle 0
compact_stall 249978
2026-09-22T03:49:14Z
2483 MHz, 0x0000000000000000, 70, 34.89 W
MemFree:         6434348 kB
MemAvailable:    8201176 kB
Cached:          4926608 kB
SwapFree:       11352044 kB
allocstall_dma 0
allocstall_dma32 0
allocstall_normal 43449
allocstall_movable 29165
allocstall_device 0
pgscan_direct 7538432
pgscan_direct_throttle 0
compact_stall 249978
2026-09-22T03:49:15Z
2483 MHz, 0x0000000000000000, 70, 40.69 W
MemFree:         6426532 kB
MemAvailable:    8193368 kB
Cached:          4926608 kB
SwapFree:       11352044 kB
allocstall_dma 0
allocstall_dma32 0
allocstall_normal 43449
allocstall_movable 29165
allocstall_device 0
pgscan_direct 7538432
pgscan_direct_throttle 0
compact_stall 249978
2026-09-22T03:49:16Z
2483 MHz, 0x0000000000000000, 70, 40.33 W
MemFree:         6440236 kB
MemAvailable:    8207144 kB
Cached:          4926680 kB
SwapFree:       11352044 kB
allocstall_dma 0
allocstall_dma32 0
allocstall_normal 43449
allocstall_movable 29165
allocstall_device 0
pgscan_direct 7538432
pgscan_direct_throttle 0
compact_stall 249978
2026-09-22T03:49:17Z
2483 MHz, 0x0000000000000000, 70, 40.25 W
MemFree:         6429300 kB
MemAvailable:    8196208 kB
Cached:          4926680 kB
SwapFree:       11352044 kB
allocstall_dma 0
allocstall_dma32 0
allocstall_normal 43449
allocstall_movable 29165
allocstall_device 0
pgscan_direct 7538432
pgscan_direct_throttle 0
compact_stall 249978
2026-09-22T03:49:18Z
2483 MHz, 0x0000000000000000, 70, 40.70 W
MemFree:         6426544 kB
MemAvailable:    8193452 kB
Cached:          4926680 kB
SwapFree:       11352044 kB
allocstall_dma 0
allocstall_dma32 0
allocstall_normal 43449
allocstall_movable 29165
allocstall_device 0
pgscan_direct 7538432
pgscan_direct_throttle 0
compact_stall 249978
2026-09-22T03:49:19Z
2483 MHz, 0x0000000000000000, 70, 40.05 W
MemFree:         6453348 kB
MemAvailable:    8220356 kB
Cached:          4926780 kB
SwapFree:       11352044 kB
allocstall_dma 0
allocstall_dma32 0
allocstall_normal 43449
allocstall_movable 29165
allocstall_device 0
pgscan_direct 7538432
pgscan_direct_throttle 0
compact_stall 249978
2026-09-22T03:49:20Z
2483 MHz, 0x0000000000000000, 70, 40.37 W
MemFree:         6449940 kB
MemAvailable:    8217020 kB
Cached:          4926844 kB
SwapFree:       11352080 kB
allocstall_dma 0
allocstall_dma32 0
allocstall_normal 43449
allocstall_movable 29165
allocstall_device 0
pgscan_direct 7538432
pgscan_direct_throttle 0
compact_stall 249978
2026-09-22T03:49:21Z
2483 MHz, 0x0000000000000000, 70, 40.96 W
MemFree:         6439468 kB
MemAvailable:    8206548 kB
Cached:          4926844 kB
SwapFree:       11352080 kB
allocstall_dma 0
allocstall_dma32 0
allocstall_normal 43449
allocstall_movable 29165
allocstall_device 0
pgscan_direct 7538432
pgscan_direct_throttle 0
compact_stall 249978
2026-09-22T03:49:22Z
2483 MHz, 0x0000000000000000, 70, 41.00 W
MemFree:         6430840 kB
MemAvailable:    8197920 kB
Cached:          4926844 kB
SwapFree:       11352080 kB
allocstall_dma 0
allocstall_dma32 0
allocstall_normal 43449
allocstall_movable 29165
allocstall_device 0
pgscan_direct 7538432
pgscan_direct_throttle 0
compact_stall 249978
2026-09-22T03:49:24Z
2483 MHz, 0x0000000000000000, 70, 41.17 W
MemFree:         6400980 kB
MemAvailable:    8168060 kB
Cached:          4926844 kB
SwapFree:       11352080 kB
allocstall_dma 0
allocstall_dma32 0
allocstall_normal 43449
allocstall_movable 29165
allocstall_device 0
pgscan_direct 7538432
pgscan_direct_throttle 0
compact_stall 249978
2026-09-22T03:49:25Z
2483 MHz, 0x0000000000000000, 70, 41.02 W
MemFree:         6392940 kB
MemAvailable:    8160020 kB
Cached:          4926844 kB
SwapFree:       11352080 kB
allocstall_dma 0
allocstall_dma32 0
allocstall_normal 43449
allocstall_movable 29165
allocstall_device 0
pgscan_direct 7538432
pgscan_direct_throttle 0
compact_stall 249978
2026-09-22T03:49:26Z
2483 MHz, 0x0000000000000000, 71, 40.86 W
MemFree:         6410516 kB
MemAvailable:    8177596 kB
Cached:          4926844 kB
SwapFree:       11352080 kB
allocstall_dma 0
allocstall_dma32 0
allocstall_normal 43449
allocstall_movable 29165
allocstall_device 0
pgscan_direct 7538432
pgscan_direct_throttle 0
compact_stall 249978
2026-09-22T03:49:27Z
2483 MHz, 0x0000000000000000, 70, 40.53 W
MemFree:         6430820 kB
MemAvailable:    8197908 kB
Cached:          4926928 kB
SwapFree:       11352080 kB
allocstall_dma 0
allocstall_dma32 0
allocstall_normal 43449
allocstall_movable 29165
allocstall_device 0
pgscan_direct 7538432
pgscan_direct_throttle 0
compact_stall 249978
2026-09-22T03:49:28Z
2483 MHz, 0x0000000000000000, 71, 40.96 W
MemFree:         6404432 kB
MemAvailable:    8171604 kB
Cached:          4926928 kB
SwapFree:       11352080 kB
allocstall_dma 0
allocstall_dma32 0
allocstall_normal 43449
allocstall_movable 29165
allocstall_device 0
pgscan_direct 7538432
pgscan_direct_throttle 0
compact_stall 249978
2026-09-22T03:49:29Z
2483 MHz, 0x0000000000000000, 71, 40.67 W
MemFree:         6408896 kB
MemAvailable:    8176068 kB
Cached:          4926928 kB
SwapFree:       11352080 kB
allocstall_dma 0
allocstall_dma32 0
allocstall_normal 43449
allocstall_movable 29165
allocstall_device 0
pgscan_direct 7538432
pgscan_direct_throttle 0
compact_stall 249978
2026-09-22T03:49:30Z
2483 MHz, 0x0000000000000000, 71, 40.87 W
MemFree:         6423400 kB
MemAvailable:    8190588 kB
Cached:          4926936 kB
SwapFree:       11352080 kB
allocstall_dma 0
allocstall_dma32 0
allocstall_normal 43449
allocstall_movable 29165
allocstall_device 0
pgscan_direct 7538432
pgscan_direct_throttle 0
compact_stall 249978
2026-09-22T03:49:31Z
2483 MHz, 0x0000000000000000, 70, 40.81 W
MemFree:         6392680 kB
MemAvailable:    8159868 kB
Cached:          4926936 kB
SwapFree:       11352080 kB
allocstall_dma 0
allocstall_dma32 0
allocstall_normal 43449
allocstall_movable 29165
allocstall_device 0
pgscan_direct 7538432
pgscan_direct_throttle 0
compact_stall 249978
2026-09-22T03:49:32Z
2483 MHz, 0x0000000000000000, 71, 41.19 W
MemFree:         6380256 kB
MemAvailable:    8147528 kB
Cached:          4927020 kB
SwapFree:       11352080 kB
allocstall_dma 0
allocstall_dma32 0
allocstall_normal 43449
allocstall_movable 29165
allocstall_device 0
pgscan_direct 7538432
pgscan_direct_throttle 0
compact_stall 249978
2026-09-22T03:49:33Z
2483 MHz, 0x0000000000000000, 70, 40.43 W
MemFree:         6394864 kB
MemAvailable:    8162644 kB
Cached:          4927516 kB
SwapFree:       11352080 kB
allocstall_dma 0
allocstall_dma32 0
allocstall_normal 43449
allocstall_movable 29165
allocstall_device 0
pgscan_direct 7538432
pgscan_direct_throttle 0
compact_stall 249978
2026-09-22T03:49:34Z
2483 MHz, 0x0000000000000000, 70, 40.38 W
MemFree:         6402912 kB
MemAvailable:    8170692 kB
Cached:          4927516 kB
SwapFree:       11352080 kB
allocstall_dma 0
allocstall_dma32 0
allocstall_normal 43449
allocstall_movable 29165
allocstall_device 0
pgscan_direct 7538432
pgscan_direct_throttle 0
compact_stall 249978
2026-09-22T03:49:35Z
2483 MHz, 0x0000000000000000, 70, 40.05 W
MemFree:         6430328 kB
MemAvailable:    8198108 kB
Cached:          4927516 kB
SwapFree:       11352080 kB
allocstall_dma 0
allocstall_dma32 0
allocstall_normal 43449
allocstall_movable 29165
allocstall_device 0
pgscan_direct 7538432
pgscan_direct_throttle 0
compact_stall 249978
2026-09-22T03:49:36Z
2483 MHz, 0x0000000000000000, 71, 40.71 W
MemFree:         6436236 kB
MemAvailable:    8204016 kB
Cached:          4927516 kB
SwapFree:       11352080 kB
allocstall_dma 0
allocstall_dma32 0
allocstall_normal 43449
allocstall_movable 29165
allocstall_device 0
pgscan_direct 7538432
pgscan_direct_throttle 0
compact_stall 249978
2026-09-22T03:49:37Z
2483 MHz, 0x0000000000000000, 70, 40.91 W
MemFree:         6446760 kB
MemAvailable:    8214616 kB
Cached:          4927584 kB
SwapFree:       11352096 kB
allocstall_dma 0
allocstall_dma32 0
allocstall_normal 43449
allocstall_movable 29165
allocstall_device 0
pgscan_direct 7538432
pgscan_direct_throttle 0
compact_stall 249978
2026-09-22T03:49:38Z
2483 MHz, 0x0000000000000000, 71, 40.93 W
MemFree:         6445160 kB
MemAvailable:    8213016 kB
Cached:          4927584 kB
SwapFree:       11352096 kB
allocstall_dma 0
allocstall_dma32 0
allocstall_normal 43449
allocstall_movable 29165
allocstall_device 0
pgscan_direct 7538432
pgscan_direct_throttle 0
compact_stall 249978
2026-09-22T03:49:39Z
2483 MHz, 0x0000000000000000, 70, 40.92 W
MemFree:         6467944 kB
MemAvailable:    8236024 kB
Cached:          4927812 kB
SwapFree:       11352096 kB
allocstall_dma 0
allocstall_dma32 0
allocstall_normal 43449
allocstall_movable 29165
allocstall_device 0
pgscan_direct 7538432
pgscan_direct_throttle 0
compact_stall 249978
2026-09-22T03:49:40Z
2483 MHz, 0x0000000000000000, 70, 40.98 W
MemFree:         6446392 kB
MemAvailable:    8214476 kB
Cached:          4927812 kB
SwapFree:       11352096 kB
allocstall_dma 0
allocstall_dma32 0
allocstall_normal 43449
allocstall_movable 29165
allocstall_device 0
pgscan_direct 7538432
pgscan_direct_throttle 0
compact_stall 249978
2026-09-22T03:49:41Z
2483 MHz, 0x0000000000000000, 70, 40.67 W
MemFree:         6418716 kB
MemAvailable:    8186800 kB
Cached:          4927812 kB
SwapFree:       11352096 kB
allocstall_dma 0
allocstall_dma32 0
allocstall_normal 43449
allocstall_movable 29165
allocstall_device 0
pgscan_direct 7538432
pgscan_direct_throttle 0
compact_stall 249978
2026-09-22T03:49:42Z
2483 MHz, 0x0000000000000000, 71, 40.49 W
MemFree:         6405812 kB
MemAvailable:    8173896 kB
Cached:          4927812 kB
SwapFree:       11352096 kB
allocstall_dma 0
allocstall_dma32 0
allocstall_normal 43449
allocstall_movable 29165
allocstall_device 0
pgscan_direct 7538432
pgscan_direct_throttle 0
compact_stall 249978
2026-09-22T03:49:44Z
2483 MHz, 0x0000000000000000, 70, 40.35 W
MemFree:         6401584 kB
MemAvailable:    8169676 kB
Cached:          4927812 kB
SwapFree:       11352096 kB
allocstall_dma 0
allocstall_dma32 0
allocstall_normal 43449
allocstall_movable 29165
allocstall_device 0
pgscan_direct 7538432
pgscan_direct_throttle 0
compact_stall 249978
2026-09-22T03:49:45Z
2483 MHz, 0x0000000000000000, 70, 40.67 W
MemFree:         6448884 kB
MemAvailable:    8216976 kB
Cached:          4927812 kB
SwapFree:       11352096 kB
allocstall_dma 0
allocstall_dma32 0
allocstall_normal 43449
allocstall_movable 29165
allocstall_device 0
pgscan_direct 7538432
pgscan_direct_throttle 0
compact_stall 249978
2026-09-22T03:49:46Z
2483 MHz, 0x0000000000000000, 70, 40.79 W
MemFree:         6421088 kB
MemAvailable:    8189180 kB
Cached:          4927812 kB
SwapFree:       11352096 kB
allocstall_dma 0
allocstall_dma32 0
allocstall_normal 43449
allocstall_movable 29165
allocstall_device 0
pgscan_direct 7538432
pgscan_direct_throttle 0
compact_stall 249978
2026-09-22T03:49:47Z
2483 MHz, 0x0000000000000000, 70, 40.76 W
MemFree:         6464004 kB
MemAvailable:    8232096 kB
Cached:          4927812 kB
SwapFree:       11352096 kB
allocstall_dma 0
allocstall_dma32 0
allocstall_normal 43449
allocstall_movable 29165
allocstall_device 0
pgscan_direct 7538432
pgscan_direct_throttle 0
compact_stall 249978
2026-09-22T03:49:48Z
2483 MHz, 0x0000000000000000, 71, 40.59 W
MemFree:         6474432 kB
MemAvailable:    8242576 kB
Cached:          4927856 kB
SwapFree:       11352096 kB
allocstall_dma 0
allocstall_dma32 0
allocstall_normal 43449
allocstall_movable 29165
allocstall_device 0
pgscan_direct 7538432
pgscan_direct_throttle 0
compact_stall 249978
2026-09-22T03:49:49Z
2483 MHz, 0x0000000000000000, 69, 37.93 W
MemFree:         6444724 kB
MemAvailable:    8212996 kB
Cached:          4927984 kB
SwapFree:       11352096 kB
allocstall_dma 0
allocstall_dma32 0
allocstall_normal 43449
allocstall_movable 29165
allocstall_device 0
pgscan_direct 7538432
pgscan_direct_throttle 0
compact_stall 249978
2026-09-22T03:49:50Z
2405 MHz, 0x0000000000000000, 67, 17.35 W
MemFree:         6426908 kB
MemAvailable:    8195180 kB
Cached:          4927984 kB
SwapFree:       11352096 kB
allocstall_dma 0
allocstall_dma32 0
allocstall_normal 43449
allocstall_movable 29165
allocstall_device 0
pgscan_direct 7538432
pgscan_direct_throttle 0
compact_stall 249978
2026-09-22T03:49:51Z
2405 MHz, 0x0000000000000000, 69, 21.67 W
MemFree:         6404092 kB
MemAvailable:    8172484 kB
Cached:          4928104 kB
SwapFree:       11352100 kB
allocstall_dma 0
allocstall_dma32 0
allocstall_normal 43449
allocstall_movable 29165
allocstall_device 0
pgscan_direct 7538432
pgscan_direct_throttle 0
compact_stall 249978
2026-09-22T03:49:52Z
2483 MHz, 0x0000000000000000, 69, 40.18 W
MemFree:         6412732 kB
MemAvailable:    8185844 kB
Cached:          4931336 kB
SwapFree:       11352144 kB
allocstall_dma 0
allocstall_dma32 0
allocstall_normal 43449
allocstall_movable 29165
allocstall_device 0
pgscan_direct 7538432
pgscan_direct_throttle 0
compact_stall 249978
2026-09-22T03:49:53Z
2483 MHz, 0x0000000000000000, 69, 41.29 W
MemFree:         6404628 kB
MemAvailable:    8177892 kB
Cached:          4931336 kB
SwapFree:       11352144 kB
allocstall_dma 0
allocstall_dma32 0
allocstall_normal 43449
allocstall_movable 29165
allocstall_device 0
pgscan_direct 7538432
pgscan_direct_throttle 0
compact_stall 249978
2026-09-22T03:49:54Z
2483 MHz, 0x0000000000000000, 70, 41.43 W
MemFree:         6400468 kB
MemAvailable:    8173732 kB
Cached:          4931336 kB
SwapFree:       11352144 kB
allocstall_dma 0
allocstall_dma32 0
allocstall_normal 43449
allocstall_movable 29165
allocstall_device 0
pgscan_direct 7538432
pgscan_direct_throttle 0
compact_stall 249978
2026-09-22T03:49:55Z
2483 MHz, 0x0000000000000000, 70, 41.64 W
MemFree:         6433512 kB
MemAvailable:    8206792 kB
Cached:          4931336 kB
SwapFree:       11352144 kB
allocstall_dma 0
allocstall_dma32 0
allocstall_normal 43449
allocstall_movable 29165
allocstall_device 0
pgscan_direct 7538432
pgscan_direct_throttle 0
compact_stall 249978
2026-09-22T03:49:56Z
2483 MHz, 0x0000000000000000, 70, 41.61 W
MemFree:         6444136 kB
MemAvailable:    8217424 kB
Cached:          4931336 kB
SwapFree:       11352144 kB
allocstall_dma 0
allocstall_dma32 0
allocstall_normal 43449
allocstall_movable 29165
allocstall_device 0
pgscan_direct 7538432
pgscan_direct_throttle 0
compact_stall 249978
2026-09-22T03:49:57Z
2483 MHz, 0x0000000000000000, 70, 41.60 W
MemFree:         6457820 kB
MemAvailable:    8231108 kB
Cached:          4931336 kB
SwapFree:       11352144 kB
allocstall_dma 0
allocstall_dma32 0
allocstall_normal 43449
allocstall_movable 29165
allocstall_device 0
pgscan_direct 7538432
pgscan_direct_throttle 0
compact_stall 249978
2026-09-22T03:49:58Z
2483 MHz, 0x0000000000000000, 70, 41.60 W
MemFree:         6483160 kB
MemAvailable:    8256448 kB
Cached:          4931336 kB
SwapFree:       11352144 kB
allocstall_dma 0
allocstall_dma32 0
allocstall_normal 43449
allocstall_movable 29165
allocstall_device 0
pgscan_direct 7538432
pgscan_direct_throttle 0
compact_stall 249978
2026-09-22T03:49:59Z
2483 MHz, 0x0000000000000000, 70, 41.72 W
MemFree:         6485820 kB
MemAvailable:    8259108 kB
Cached:          4931336 kB
SwapFree:       11352144 kB
allocstall_dma 0
allocstall_dma32 0
allocstall_normal 43449
allocstall_movable 29165
allocstall_device 0
pgscan_direct 7538432
pgscan_direct_throttle 0
compact_stall 249978
2026-09-22T03:50:00Z
2483 MHz, 0x0000000000000000, 70, 41.80 W
MemFree:         6510708 kB
MemAvailable:    8284004 kB
Cached:          4931336 kB
SwapFree:       11352144 kB
allocstall_dma 0
allocstall_dma32 0
allocstall_normal 43449
allocstall_movable 29165
allocstall_device 0
pgscan_direct 7538432
pgscan_direct_throttle 0
compact_stall 249978
2026-09-22T03:50:01Z
2483 MHz, 0x0000000000000000, 70, 41.76 W
MemFree:         6509368 kB
MemAvailable:    8282664 kB
Cached:          4931336 kB
SwapFree:       11352144 kB
allocstall_dma 0
allocstall_dma32 0
allocstall_normal 43449
allocstall_movable 29165
allocstall_device 0
pgscan_direct 7538432
pgscan_direct_throttle 0
compact_stall 249978
2026-09-22T03:50:03Z
2483 MHz, 0x0000000000000000, 70, 41.74 W
MemFree:         6503160 kB
MemAvailable:    8276456 kB
Cached:          4931336 kB
SwapFree:       11352144 kB
allocstall_dma 0
allocstall_dma32 0
allocstall_normal 43449
allocstall_movable 29165
allocstall_device 0
pgscan_direct 7538432
pgscan_direct_throttle 0
compact_stall 249978
2026-09-22T03:50:04Z
2483 MHz, 0x0000000000000000, 70, 41.92 W
MemFree:         6509716 kB
MemAvailable:    8283012 kB
Cached:          4931336 kB
SwapFree:       11352144 kB
allocstall_dma 0
allocstall_dma32 0
allocstall_normal 43449
allocstall_movable 29165
allocstall_device 0
pgscan_direct 7538432
pgscan_direct_throttle 0
compact_stall 249978
2026-09-22T03:50:05Z
2483 MHz, 0x0000000000000000, 70, 41.73 W
MemFree:         6494032 kB
MemAvailable:    8267328 kB
Cached:          4931336 kB
SwapFree:       11352144 kB
allocstall_dma 0
allocstall_dma32 0
allocstall_normal 43449
allocstall_movable 29165
allocstall_device 0
pgscan_direct 7538432
pgscan_direct_throttle 0
compact_stall 249978
2026-09-22T03:50:06Z
2483 MHz, 0x0000000000000000, 70, 41.52 W
MemFree:         6487300 kB
MemAvailable:    8260600 kB
Cached:          4931336 kB
SwapFree:       11352144 kB
allocstall_dma 0
allocstall_dma32 0
allocstall_normal 43449
allocstall_movable 29165
allocstall_device 0
pgscan_direct 7538432
pgscan_direct_throttle 0
compact_stall 249978
2026-09-22T03:50:07Z
2483 MHz, 0x0000000000000000, 70, 41.62 W
MemFree:         6507840 kB
MemAvailable:    8281144 kB
Cached:          4931336 kB
SwapFree:       11352144 kB
allocstall_dma 0
allocstall_dma32 0
allocstall_normal 43449
allocstall_movable 29165
allocstall_device 0
pgscan_direct 7538432
pgscan_direct_throttle 0
compact_stall 249978
2026-09-22T03:50:08Z
2483 MHz, 0x0000000000000000, 70, 41.78 W
MemFree:         6503876 kB
MemAvailable:    8277180 kB
Cached:          4931336 kB
SwapFree:       11352144 kB
allocstall_dma 0
allocstall_dma32 0
allocstall_normal 43449
allocstall_movable 29165
allocstall_device 0
pgscan_direct 7538432
pgscan_direct_throttle 0
compact_stall 249978
2026-09-22T03:50:09Z
2483 MHz, 0x0000000000000000, 70, 41.78 W
MemFree:         6500084 kB
MemAvailable:    8273388 kB
Cached:          4931340 kB
SwapFree:       11352144 kB
allocstall_dma 0
allocstall_dma32 0
allocstall_normal 43449
allocstall_movable 29165
allocstall_device 0
pgscan_direct 7538432
pgscan_direct_throttle 0
compact_stall 249978
2026-09-22T03:50:10Z
2483 MHz, 0x0000000000000000, 70, 41.81 W
MemFree:         6505844 kB
MemAvailable:    8279160 kB
Cached:          4931436 kB
SwapFree:       11352144 kB
allocstall_dma 0
allocstall_dma32 0
allocstall_normal 43449
allocstall_movable 29165
allocstall_device 0
pgscan_direct 7538432
pgscan_direct_throttle 0
compact_stall 249978
2026-09-22T03:50:11Z
2483 MHz, 0x0000000000000000, 70, 41.96 W
MemFree:         6497408 kB
MemAvailable:    8270728 kB
Cached:          4931436 kB
SwapFree:       11352144 kB
allocstall_dma 0
allocstall_dma32 0
allocstall_normal 43449
allocstall_movable 29165
allocstall_device 0
pgscan_direct 7538432
pgscan_direct_throttle 0
compact_stall 249978
2026-09-22T03:50:12Z
2483 MHz, 0x0000000000000000, 70, 41.94 W
MemFree:         6483312 kB
MemAvailable:    8256728 kB
Cached:          4931456 kB
SwapFree:       11352144 kB
allocstall_dma 0
allocstall_dma32 0
allocstall_normal 43449
allocstall_movable 29165
allocstall_device 0
pgscan_direct 7538432
pgscan_direct_throttle 0
compact_stall 249978
2026-09-22T03:50:13Z
2483 MHz, 0x0000000000000000, 70, 41.96 W
MemFree:         6488600 kB
MemAvailable:    8262032 kB
Cached:          4931456 kB
SwapFree:       11352144 kB
allocstall_dma 0
allocstall_dma32 0
allocstall_normal 43449
allocstall_movable 29165
allocstall_device 0
pgscan_direct 7538432
pgscan_direct_throttle 0
compact_stall 249978
2026-09-22T03:50:14Z
2483 MHz, 0x0000000000000000, 70, 41.85 W
MemFree:         6500104 kB
MemAvailable:    8273536 kB
Cached:          4931456 kB
SwapFree:       11352144 kB
allocstall_dma 0
allocstall_dma32 0
allocstall_normal 43449
allocstall_movable 29165
allocstall_device 0
pgscan_direct 7538432
pgscan_direct_throttle 0
compact_stall 249978
2026-09-22T03:50:15Z
2483 MHz, 0x0000000000000000, 70, 41.81 W
MemFree:         6484436 kB
MemAvailable:    8257868 kB
Cached:          4931456 kB
SwapFree:       11352144 kB
allocstall_dma 0
allocstall_dma32 0
allocstall_normal 43449
allocstall_movable 29165
allocstall_device 0
pgscan_direct 7538432
pgscan_direct_throttle 0
compact_stall 249978
2026-09-22T03:50:16Z
2483 MHz, 0x0000000000000000, 71, 41.71 W
MemFree:         6463576 kB
MemAvailable:    8237016 kB
Cached:          4931456 kB
SwapFree:       11352144 kB
allocstall_dma 0
allocstall_dma32 0
allocstall_normal 43449
allocstall_movable 29165
allocstall_device 0
pgscan_direct 7538432
pgscan_direct_throttle 0
compact_stall 249978
2026-09-22T03:50:17Z
2483 MHz, 0x0000000000000000, 70, 41.78 W
MemFree:         6457668 kB
MemAvailable:    8231108 kB
Cached:          4931456 kB
SwapFree:       11352144 kB
allocstall_dma 0
allocstall_dma32 0
allocstall_normal 43449
allocstall_movable 29165
allocstall_device 0
pgscan_direct 7538432
pgscan_direct_throttle 0
compact_stall 249978
2026-09-22T03:50:18Z
2483 MHz, 0x0000000000000000, 70, 41.78 W
MemFree:         6477680 kB
MemAvailable:    8251120 kB
Cached:          4931456 kB
SwapFree:       11352144 kB
allocstall_dma 0
allocstall_dma32 0
allocstall_normal 43449
allocstall_movable 29165
allocstall_device 0
pgscan_direct 7538432
pgscan_direct_throttle 0
compact_stall 249978
2026-09-22T03:50:19Z
2483 MHz, 0x0000000000000000, 70, 41.67 W
MemFree:         6495768 kB
MemAvailable:    8269208 kB
Cached:          4931456 kB
SwapFree:       11352144 kB
allocstall_dma 0
allocstall_dma32 0
allocstall_normal 43449
allocstall_movable 29165
allocstall_device 0
pgscan_direct 7538432
pgscan_direct_throttle 0
compact_stall 249978
2026-09-22T03:50:21Z
2483 MHz, 0x0000000000000000, 70, 41.68 W
MemFree:         6510888 kB
MemAvailable:    8284328 kB
Cached:          4931456 kB
SwapFree:       11352144 kB
allocstall_dma 0
allocstall_dma32 0
allocstall_normal 43449
allocstall_movable 29165
allocstall_device 0
pgscan_direct 7538432
pgscan_direct_throttle 0
compact_stall 249978
2026-09-22T03:50:22Z
2483 MHz, 0x0000000000000000, 70, 41.77 W
MemFree:         6512196 kB
MemAvailable:    8285648 kB
Cached:          4931456 kB
SwapFree:       11352144 kB
allocstall_dma 0
allocstall_dma32 0
allocstall_normal 43449
allocstall_movable 29165
allocstall_device 0
pgscan_direct 7538432
pgscan_direct_throttle 0
compact_stall 249978
2026-09-22T03:50:23Z
2483 MHz, 0x0000000000000000, 70, 41.81 W
MemFree:         6504712 kB
MemAvailable:    8278164 kB
Cached:          4931456 kB
SwapFree:       11352144 kB
allocstall_dma 0
allocstall_dma32 0
allocstall_normal 43449
allocstall_movable 29165
allocstall_device 0
pgscan_direct 7538432
pgscan_direct_throttle 0
compact_stall 249978
2026-09-22T03:50:24Z
2483 MHz, 0x0000000000000000, 70, 41.83 W
MemFree:         6515316 kB
MemAvailable:    8288768 kB
Cached:          4931552 kB
SwapFree:       11352144 kB
allocstall_dma 0
allocstall_dma32 0
allocstall_normal 43449
allocstall_movable 29165
allocstall_device 0
pgscan_direct 7538432
pgscan_direct_throttle 0
compact_stall 249978
2026-09-22T03:50:25Z
2483 MHz, 0x0000000000000000, 71, 41.76 W
MemFree:         6503280 kB
MemAvailable:    8276732 kB
Cached:          4931552 kB
SwapFree:       11352144 kB
allocstall_dma 0
allocstall_dma32 0
allocstall_normal 43449
allocstall_movable 29165
allocstall_device 0
pgscan_direct 7538432
pgscan_direct_throttle 0
compact_stall 249978
2026-09-22T03:50:26Z
2483 MHz, 0x0000000000000000, 70, 41.83 W
MemFree:         6494080 kB
MemAvailable:    8267628 kB
Cached:          4931552 kB
SwapFree:       11352144 kB
allocstall_dma 0
allocstall_dma32 0
allocstall_normal 43449
allocstall_movable 29165
allocstall_device 0
pgscan_direct 7538432
pgscan_direct_throttle 0
compact_stall 249978
2026-09-22T03:50:27Z
2405 MHz, 0x0000000000000000, 67, 29.50 W
MemFree:         6503432 kB
MemAvailable:    8276980 kB
Cached:          4931552 kB
SwapFree:       11352144 kB
allocstall_dma 0
allocstall_dma32 0
allocstall_normal 43449
allocstall_movable 29165
allocstall_device 0
pgscan_direct 7538432
pgscan_direct_throttle 0
compact_stall 249978
2026-09-22T03:50:28Z
2405 MHz, 0x0000000000000000, 66, 17.08 W
MemFree:         6500684 kB
MemAvailable:    8274232 kB
Cached:          4931552 kB
SwapFree:       11352144 kB
allocstall_dma 0
allocstall_dma32 0
allocstall_normal 43449
allocstall_movable 29165
allocstall_device 0
pgscan_direct 7538432
pgscan_direct_throttle 0
compact_stall 249978
2026-09-22T03:50:29Z
2463 MHz, 0x0000000000000000, 71, 41.39 W
MemFree:         6508348 kB
MemAvailable:    8281900 kB
Cached:          4931604 kB
SwapFree:       11352144 kB
allocstall_dma 0
allocstall_dma32 0
allocstall_normal 43449
allocstall_movable 29165
allocstall_device 0
pgscan_direct 7538432
pgscan_direct_throttle 0
compact_stall 249978
2026-09-22T03:50:30Z
2450 MHz, 0x0000000000000000, 72, 58.83 W
MemFree:         6500496 kB
MemAvailable:    8274056 kB
Cached:          4931604 kB
SwapFree:       11352144 kB
allocstall_dma 0
allocstall_dma32 0
allocstall_normal 43449
allocstall_movable 29165
allocstall_device 0
pgscan_direct 7538432
pgscan_direct_throttle 0
compact_stall 249978
2026-09-22T03:50:31Z
2463 MHz, 0x0000000000000000, 73, 44.73 W
MemFree:         6523124 kB
MemAvailable:    8296684 kB
Cached:          4931604 kB
SwapFree:       11352144 kB
allocstall_dma 0
allocstall_dma32 0
allocstall_normal 43449
allocstall_movable 29165
allocstall_device 0
pgscan_direct 7538432
pgscan_direct_throttle 0
compact_stall 249978
2026-09-22T03:50:32Z
2457 MHz, 0x0000000000000000, 72, 59.26 W
MemFree:         6532068 kB
MemAvailable:    8305628 kB
Cached:          4931596 kB
SwapFree:       11352144 kB
allocstall_dma 0
allocstall_dma32 0
allocstall_normal 43449
allocstall_movable 29165
allocstall_device 0
pgscan_direct 7538432
pgscan_direct_throttle 0
compact_stall 249978
2026-09-22T03:50:33Z
2457 MHz, 0x0000000000000000, 73, 58.71 W
MemFree:         6498284 kB
MemAvailable:    8271844 kB
Cached:          4931604 kB
SwapFree:       11352144 kB
allocstall_dma 0
allocstall_dma32 0
allocstall_normal 43449
allocstall_movable 29165
allocstall_device 0
pgscan_direct 7538432
pgscan_direct_throttle 0
compact_stall 249978
2026-09-22T03:50:34Z
2483 MHz, 0x0000000000000000, 70, 47.46 W
MemFree:         6520480 kB
MemAvailable:    8294040 kB
Cached:          4931604 kB
SwapFree:       11352144 kB
allocstall_dma 0
allocstall_dma32 0
allocstall_normal 43449
allocstall_movable 29165
allocstall_device 0
pgscan_direct 7538432
pgscan_direct_throttle 0
compact_stall 249978
2026-09-22T03:50:35Z
2483 MHz, 0x0000000000000000, 70, 40.98 W
MemFree:         6504840 kB
MemAvailable:    8278400 kB
Cached:          4931604 kB
SwapFree:       11352144 kB
allocstall_dma 0
allocstall_dma32 0
allocstall_normal 43449
allocstall_movable 29165
allocstall_device 0
pgscan_direct 7538432
pgscan_direct_throttle 0
compact_stall 249978
2026-09-22T03:50:36Z
2483 MHz, 0x0000000000000000, 70, 40.99 W
MemFree:         6506820 kB
MemAvailable:    8280388 kB
Cached:          4931604 kB
SwapFree:       11352144 kB
allocstall_dma 0
allocstall_dma32 0
allocstall_normal 43449
allocstall_movable 29165
allocstall_device 0
pgscan_direct 7538432
pgscan_direct_throttle 0
compact_stall 249978
2026-09-22T03:50:37Z
2483 MHz, 0x0000000000000000, 70, 40.96 W
MemFree:         6512192 kB
MemAvailable:    8285760 kB
Cached:          4931596 kB
SwapFree:       11352144 kB
allocstall_dma 0
allocstall_dma32 0
allocstall_normal 43449
allocstall_movable 29165
allocstall_device 0
pgscan_direct 7538432
pgscan_direct_throttle 0
compact_stall 249978
2026-09-22T03:50:38Z
2483 MHz, 0x0000000000000000, 70, 41.01 W
MemFree:         6513528 kB
MemAvailable:    8287096 kB
Cached:          4931604 kB
SwapFree:       11352144 kB
allocstall_dma 0
allocstall_dma32 0
allocstall_normal 43449
allocstall_movable 29165
allocstall_device 0
pgscan_direct 7538432
pgscan_direct_throttle 0
compact_stall 249978
2026-09-22T03:50:39Z
2483 MHz, 0x0000000000000000, 70, 41.00 W
MemFree:         6503652 kB
MemAvailable:    8277220 kB
Cached:          4931604 kB
SwapFree:       11352144 kB
allocstall_dma 0
allocstall_dma32 0
allocstall_normal 43449
allocstall_movable 29165
allocstall_device 0
pgscan_direct 7538432
pgscan_direct_throttle 0
compact_stall 249978
2026-09-22T03:50:41Z
2483 MHz, 0x0000000000000000, 70, 41.03 W
MemFree:         6496316 kB
MemAvailable:    8269892 kB
Cached:          4931604 kB
SwapFree:       11352144 kB
allocstall_dma 0
allocstall_dma32 0
allocstall_normal 43449
allocstall_movable 29165
allocstall_device 0
pgscan_direct 7538432
pgscan_direct_throttle 0
compact_stall 249978
2026-09-22T03:50:42Z
2483 MHz, 0x0000000000000000, 70, 41.17 W
MemFree:         6511768 kB
MemAvailable:    8285344 kB
Cached:          4931604 kB
SwapFree:       11352144 kB
allocstall_dma 0
allocstall_dma32 0
allocstall_normal 43449
allocstall_movable 29165
allocstall_device 0
pgscan_direct 7538432
pgscan_direct_throttle 0
compact_stall 249978
2026-09-22T03:50:43Z
2483 MHz, 0x0000000000000000, 70, 40.98 W
MemFree:         6496020 kB
MemAvailable:    8269596 kB
Cached:          4931604 kB
SwapFree:       11352144 kB
allocstall_dma 0
allocstall_dma32 0
allocstall_normal 43449
allocstall_movable 29165
allocstall_device 0
pgscan_direct 7538432
pgscan_direct_throttle 0
compact_stall 249978
2026-09-22T03:50:44Z
2483 MHz, 0x0000000000000000, 70, 40.89 W
MemFree:         6485656 kB
MemAvailable:    8259232 kB
Cached:          4931604 kB
SwapFree:       11352144 kB
allocstall_dma 0
allocstall_dma32 0
allocstall_normal 43449
allocstall_movable 29165
allocstall_device 0
pgscan_direct 7538432
pgscan_direct_throttle 0
compact_stall 249978
2026-09-22T03:50:45Z
2483 MHz, 0x0000000000000000, 70, 40.83 W
MemFree:         6481672 kB
MemAvailable:    8255256 kB
Cached:          4931604 kB
SwapFree:       11352144 kB
allocstall_dma 0
allocstall_dma32 0
allocstall_normal 43449
allocstall_movable 29165
allocstall_device 0
pgscan_direct 7538432
pgscan_direct_throttle 0
compact_stall 249978
2026-09-22T03:50:46Z
2483 MHz, 0x0000000000000000, 70, 40.73 W
MemFree:         6489128 kB
MemAvailable:    8262712 kB
Cached:          4931604 kB
SwapFree:       11352144 kB
allocstall_dma 0
allocstall_dma32 0
allocstall_normal 43449
allocstall_movable 29165
allocstall_device 0
pgscan_direct 7538432
pgscan_direct_throttle 0
compact_stall 249978
2026-09-22T03:50:47Z
2483 MHz, 0x0000000000000000, 70, 40.85 W
MemFree:         6482388 kB
MemAvailable:    8255972 kB
Cached:          4931604 kB
SwapFree:       11352144 kB
allocstall_dma 0
allocstall_dma32 0
allocstall_normal 43449
allocstall_movable 29165
allocstall_device 0
pgscan_direct 7538432
pgscan_direct_throttle 0
compact_stall 249978
2026-09-22T03:50:48Z
2483 MHz, 0x0000000000000000, 70, 40.77 W
MemFree:         6495076 kB
MemAvailable:    8268668 kB
Cached:          4931604 kB
SwapFree:       11352144 kB
allocstall_dma 0
allocstall_dma32 0
allocstall_normal 43449
allocstall_movable 29165
allocstall_device 0
pgscan_direct 7538432
pgscan_direct_throttle 0
compact_stall 249978
2026-09-22T03:50:49Z
2483 MHz, 0x0000000000000000, 70, 40.65 W
MemFree:         6495112 kB
MemAvailable:    8268704 kB
Cached:          4931604 kB
SwapFree:       11352144 kB
allocstall_dma 0
allocstall_dma32 0
allocstall_normal 43449
allocstall_movable 29165
allocstall_device 0
pgscan_direct 7538432
pgscan_direct_throttle 0
compact_stall 249978
2026-09-22T03:50:50Z
2483 MHz, 0x0000000000000000, 70, 40.57 W
MemFree:         6488924 kB
MemAvailable:    8262516 kB
Cached:          4931604 kB
SwapFree:       11352144 kB
allocstall_dma 0
allocstall_dma32 0
allocstall_normal 43449
allocstall_movable 29165
allocstall_device 0
pgscan_direct 7538432
pgscan_direct_throttle 0
compact_stall 249978
2026-09-22T03:50:51Z
2483 MHz, 0x0000000000000000, 70, 40.62 W
MemFree:         6503184 kB
MemAvailable:    8276776 kB
Cached:          4931604 kB
SwapFree:       11352144 kB
allocstall_dma 0
allocstall_dma32 0
allocstall_normal 43449
allocstall_movable 29165
allocstall_device 0
pgscan_direct 7538432
pgscan_direct_throttle 0
compact_stall 249978
2026-09-22T03:50:52Z
2483 MHz, 0x0000000000000000, 70, 40.81 W
MemFree:         6501496 kB
MemAvailable:    8275088 kB
Cached:          4931604 kB
SwapFree:       11352144 kB
allocstall_dma 0
allocstall_dma32 0
allocstall_normal 43449
allocstall_movable 29165
allocstall_device 0
pgscan_direct 7538432
pgscan_direct_throttle 0
compact_stall 249978
2026-09-22T03:50:53Z
2483 MHz, 0x0000000000000000, 70, 40.95 W
MemFree:         6508432 kB
MemAvailable:    8282024 kB
Cached:          4931604 kB
SwapFree:       11352144 kB
allocstall_dma 0
allocstall_dma32 0
allocstall_normal 43449
allocstall_movable 29165
allocstall_device 0
pgscan_direct 7538432
pgscan_direct_throttle 0
compact_stall 249978
2026-09-22T03:50:54Z
2483 MHz, 0x0000000000000000, 70, 40.85 W
MemFree:         6525944 kB
MemAvailable:    8299536 kB
Cached:          4931604 kB
SwapFree:       11352144 kB
allocstall_dma 0
allocstall_dma32 0
allocstall_normal 43449
allocstall_movable 29165
allocstall_device 0
pgscan_direct 7538432
pgscan_direct_throttle 0
compact_stall 249978
2026-09-22T03:50:55Z
2483 MHz, 0x0000000000000000, 70, 40.56 W
MemFree:         6505352 kB
MemAvailable:    8278952 kB
Cached:          4931604 kB
SwapFree:       11352144 kB
allocstall_dma 0
allocstall_dma32 0
allocstall_normal 43449
allocstall_movable 29165
allocstall_device 0
pgscan_direct 7538432
pgscan_direct_throttle 0
compact_stall 249978
2026-09-22T03:50:56Z
2483 MHz, 0x0000000000000000, 70, 40.62 W
MemFree:         6491792 kB
MemAvailable:    8265392 kB
Cached:          4931604 kB
SwapFree:       11352144 kB
allocstall_dma 0
allocstall_dma32 0
allocstall_normal 43449
allocstall_movable 29165
allocstall_device 0
pgscan_direct 7538432
pgscan_direct_throttle 0
compact_stall 249978
2026-09-22T03:50:57Z
2483 MHz, 0x0000000000000000, 70, 40.68 W
MemFree:         6468492 kB
MemAvailable:    8242092 kB
Cached:          4931604 kB
SwapFree:       11352144 kB
allocstall_dma 0
allocstall_dma32 0
allocstall_normal 43449
allocstall_movable 29165
allocstall_device 0
pgscan_direct 7538432
pgscan_direct_throttle 0
compact_stall 249978
2026-09-22T03:50:58Z
2483 MHz, 0x0000000000000000, 70, 40.70 W
MemFree:         6464868 kB
MemAvailable:    8238468 kB
Cached:          4931604 kB
SwapFree:       11352144 kB
allocstall_dma 0
allocstall_dma32 0
allocstall_normal 43449
allocstall_movable 29165
allocstall_device 0
pgscan_direct 7538432
pgscan_direct_throttle 0
compact_stall 249978
2026-09-22T03:50:59Z
2483 MHz, 0x0000000000000000, 70, 40.63 W
MemFree:         6442684 kB
MemAvailable:    8216284 kB
Cached:          4931608 kB
SwapFree:       11352144 kB
allocstall_dma 0
allocstall_dma32 0
allocstall_normal 43449
allocstall_movable 29165
allocstall_device 0
pgscan_direct 7538432
pgscan_direct_throttle 0
compact_stall 249978
2026-09-22T03:51:01Z
2483 MHz, 0x0000000000000000, 70, 40.73 W
MemFree:         6451868 kB
MemAvailable:    8225480 kB
Cached:          4931612 kB
SwapFree:       11352144 kB
allocstall_dma 0
allocstall_dma32 0
allocstall_normal 43449
allocstall_movable 29165
allocstall_device 0
pgscan_direct 7538432
pgscan_direct_throttle 0
compact_stall 249978
2026-09-22T03:51:02Z
2483 MHz, 0x0000000000000000, 70, 40.65 W
MemFree:         6473748 kB
MemAvailable:    8247380 kB
Cached:          4931612 kB
SwapFree:       11352144 kB
allocstall_dma 0
allocstall_dma32 0
allocstall_normal 43449
allocstall_movable 29165
allocstall_device 0
pgscan_direct 7538432
pgscan_direct_throttle 0
compact_stall 249978
2026-09-22T03:51:03Z
2483 MHz, 0x0000000000000000, 70, 40.92 W
MemFree:         6480280 kB
MemAvailable:    8253912 kB
Cached:          4931612 kB
SwapFree:       11352144 kB
allocstall_dma 0
allocstall_dma32 0
allocstall_normal 43449
allocstall_movable 29165
allocstall_device 0
pgscan_direct 7538432
pgscan_direct_throttle 0
compact_stall 249978
2026-09-22T03:51:04Z
2483 MHz, 0x0000000000000000, 70, 40.90 W
MemFree:         6482848 kB
MemAvailable:    8256480 kB
Cached:          4931612 kB
SwapFree:       11352144 kB
allocstall_dma 0
allocstall_dma32 0
allocstall_normal 43449
allocstall_movable 29165
allocstall_device 0
pgscan_direct 7538432
pgscan_direct_throttle 0
compact_stall 249978
2026-09-22T03:51:05Z
2483 MHz, 0x0000000000000000, 70, 40.90 W
MemFree:         6487828 kB
MemAvailable:    8261460 kB
Cached:          4931612 kB
SwapFree:       11352144 kB
allocstall_dma 0
allocstall_dma32 0
allocstall_normal 43449
allocstall_movable 29165
allocstall_device 0
pgscan_direct 7538432
pgscan_direct_throttle 0
compact_stall 249978
2026-09-22T03:51:06Z
2483 MHz, 0x0000000000000000, 70, 40.92 W
MemFree:         6488216 kB
MemAvailable:    8261848 kB
Cached:          4931612 kB
SwapFree:       11352144 kB
allocstall_dma 0
allocstall_dma32 0
allocstall_normal 43449
allocstall_movable 29165
allocstall_device 0
pgscan_direct 7538432
pgscan_direct_throttle 0
compact_stall 249978
2026-09-22T03:51:07Z
2483 MHz, 0x0000000000000000, 70, 40.87 W
MemFree:         6511140 kB
MemAvailable:    8284780 kB
Cached:          4931612 kB
SwapFree:       11352144 kB
allocstall_dma 0
allocstall_dma32 0
allocstall_normal 43449
allocstall_movable 29165
allocstall_device 0
pgscan_direct 7538432
pgscan_direct_throttle 0
compact_stall 249978
2026-09-22T03:51:08Z
2405 MHz, 0x0000000000000000, 66, 19.85 W
MemFree:         6528872 kB
MemAvailable:    8302512 kB
Cached:          4931612 kB
SwapFree:       11352144 kB
allocstall_dma 0
allocstall_dma32 0
allocstall_normal 43449
allocstall_movable 29165
allocstall_device 0
pgscan_direct 7538432
pgscan_direct_throttle 0
compact_stall 249978
2026-09-22T03:51:09Z
2405 MHz, 0x0000000000000000, 66, 16.89 W
MemFree:         6511152 kB
MemAvailable:    8284792 kB
Cached:          4931612 kB
SwapFree:       11352144 kB
allocstall_dma 0
allocstall_dma32 0
allocstall_normal 43449
allocstall_movable 29165
allocstall_device 0
pgscan_direct 7538432
pgscan_direct_throttle 0
compact_stall 249978
2026-09-22T03:51:10Z
2463 MHz, 0x0000000000000000, 69, 55.78 W
MemFree:         6507392 kB
MemAvailable:    8281032 kB
Cached:          4931612 kB
SwapFree:       11352144 kB
allocstall_dma 0
allocstall_dma32 0
allocstall_normal 43449
allocstall_movable 29165
allocstall_device 0
pgscan_direct 7538432
pgscan_direct_throttle 0
compact_stall 249978
2026-09-22T03:51:11Z
2411 MHz, 0x0000000000000000, 66, 48.57 W
MemFree:         6532072 kB
MemAvailable:    8305840 kB
Cached:          4931840 kB
SwapFree:       11352144 kB
allocstall_dma 0
allocstall_dma32 0
allocstall_normal 43449
allocstall_movable 29165
allocstall_device 0
pgscan_direct 7538432
pgscan_direct_throttle 0
compact_stall 249978
2026-09-22T03:51:12Z
2450 MHz, 0x0000000000000000, 73, 55.24 W
MemFree:         6511012 kB
MemAvailable:    8284896 kB
Cached:          4931840 kB
SwapFree:       11352144 kB
allocstall_dma 0
allocstall_dma32 0
allocstall_normal 43449
allocstall_movable 29165
allocstall_device 0
pgscan_direct 7538432
pgscan_direct_throttle 0
compact_stall 249978
2026-09-22T03:51:13Z
2450 MHz, 0x0000000000000000, 72, 59.32 W
MemFree:         6525556 kB
MemAvailable:    8299440 kB
Cached:          4931840 kB
SwapFree:       11352144 kB
allocstall_dma 0
allocstall_dma32 0
allocstall_normal 43449
allocstall_movable 29165
allocstall_device 0
pgscan_direct 7538432
pgscan_direct_throttle 0
compact_stall 249978
2026-09-22T03:51:14Z
2450 MHz, 0x0000000000000000, 72, 58.23 W
MemFree:         6520764 kB
MemAvailable:    8294648 kB
Cached:          4931840 kB
SwapFree:       11352144 kB
allocstall_dma 0
allocstall_dma32 0
allocstall_normal 43449
allocstall_movable 29165
allocstall_device 0
pgscan_direct 7538432
pgscan_direct_throttle 0
compact_stall 249978
2026-09-22T03:51:15Z
2450 MHz, 0x0000000000000000, 72, 58.05 W
MemFree:         6524800 kB
MemAvailable:    8298684 kB
Cached:          4931840 kB
SwapFree:       11352264 kB
allocstall_dma 0
allocstall_dma32 0
allocstall_normal 43449
allocstall_movable 29165
allocstall_device 0
pgscan_direct 7538432
pgscan_direct_throttle 0
compact_stall 249978
2026-09-22T03:51:16Z
2450 MHz, 0x0000000000000000, 73, 58.38 W
MemFree:         6508288 kB
MemAvailable:    8282172 kB
Cached:          4931840 kB
SwapFree:       11352264 kB
allocstall_dma 0
allocstall_dma32 0
allocstall_normal 43449
allocstall_movable 29165
allocstall_device 0
pgscan_direct 7538432
pgscan_direct_throttle 0
compact_stall 249978
2026-09-22T03:51:17Z
2450 MHz, 0x0000000000000000, 74, 58.26 W
MemFree:         6500960 kB
MemAvailable:    8274852 kB
Cached:          4931932 kB
SwapFree:       11352272 kB
allocstall_dma 0
allocstall_dma32 0
allocstall_normal 43449
allocstall_movable 29165
allocstall_device 0
pgscan_direct 7538432
pgscan_direct_throttle 0
compact_stall 249978
2026-09-22T03:51:18Z
2483 MHz, 0x0000000000000000, 71, 50.32 W
MemFree:         6498268 kB
MemAvailable:    8272160 kB
Cached:          4931932 kB
SwapFree:       11352272 kB
allocstall_dma 0
allocstall_dma32 0
allocstall_normal 43449
allocstall_movable 29165
allocstall_device 0
pgscan_direct 7538432
pgscan_direct_throttle 0
compact_stall 249978
2026-09-22T03:51:19Z
2483 MHz, 0x0000000000000000, 70, 41.98 W
MemFree:         6504068 kB
MemAvailable:    8277960 kB
Cached:          4931936 kB
SwapFree:       11352272 kB
allocstall_dma 0
allocstall_dma32 0
allocstall_normal 43449
allocstall_movable 29165
allocstall_device 0
pgscan_direct 7538432
pgscan_direct_throttle 0
compact_stall 249978
2026-09-22T03:51:21Z
2483 MHz, 0x0000000000000000, 70, 41.93 W
MemFree:         6510020 kB
MemAvailable:    8283916 kB
Cached:          4931936 kB
SwapFree:       11352272 kB
allocstall_dma 0
allocstall_dma32 0
allocstall_normal 43449
allocstall_movable 29165
allocstall_device 0
pgscan_direct 7538432
pgscan_direct_throttle 0
compact_stall 249978
2026-09-22T03:51:22Z
2483 MHz, 0x0000000000000000, 70, 41.85 W
MemFree:         6539928 kB
MemAvailable:    8313824 kB
Cached:          4931936 kB
SwapFree:       11352272 kB
allocstall_dma 0
allocstall_dma32 0
allocstall_normal 43449
allocstall_movable 29165
allocstall_device 0
pgscan_direct 7538432
pgscan_direct_throttle 0
compact_stall 249978
2026-09-22T03:51:23Z
2483 MHz, 0x0000000000000000, 70, 41.91 W
MemFree:         6527328 kB
MemAvailable:    8301224 kB
Cached:          4931936 kB
SwapFree:       11352272 kB
allocstall_dma 0
allocstall_dma32 0
allocstall_normal 43449
allocstall_movable 29165
allocstall_device 0
pgscan_direct 7538432
pgscan_direct_throttle 0
compact_stall 249978
2026-09-22T03:51:24Z
2483 MHz, 0x0000000000000000, 70, 42.00 W
MemFree:         6527448 kB
MemAvailable:    8301344 kB
Cached:          4931936 kB
SwapFree:       11352272 kB
allocstall_dma 0
allocstall_dma32 0
allocstall_normal 43449
allocstall_movable 29165
allocstall_device 0
pgscan_direct 7538432
pgscan_direct_throttle 0
compact_stall 249978
2026-09-22T03:51:25Z
2483 MHz, 0x0000000000000000, 70, 41.97 W
MemFree:         6503968 kB
MemAvailable:    8277864 kB
Cached:          4931936 kB
SwapFree:       11352272 kB
allocstall_dma 0
allocstall_dma32 0
allocstall_normal 43449
allocstall_movable 29165
allocstall_device 0
pgscan_direct 7538432
pgscan_direct_throttle 0
compact_stall 249978
2026-09-22T03:51:26Z
2483 MHz, 0x0000000000000000, 70, 41.92 W
MemFree:         6517320 kB
MemAvailable:    8291224 kB
Cached:          4931936 kB
SwapFree:       11352272 kB
allocstall_dma 0
allocstall_dma32 0
allocstall_normal 43449
allocstall_movable 29165
allocstall_device 0
pgscan_direct 7538432
pgscan_direct_throttle 0
compact_stall 249978
2026-09-22T03:51:27Z
2483 MHz, 0x0000000000000000, 70, 42.02 W
MemFree:         6501376 kB
MemAvailable:    8275280 kB
Cached:          4931936 kB
SwapFree:       11352272 kB
allocstall_dma 0
allocstall_dma32 0
allocstall_normal 43449
allocstall_movable 29165
allocstall_device 0
pgscan_direct 7538432
pgscan_direct_throttle 0
compact_stall 249978
2026-09-22T03:51:28Z
2483 MHz, 0x0000000000000000, 70, 42.14 W
MemFree:         6499568 kB
MemAvailable:    8273472 kB
Cached:          4931936 kB
SwapFree:       11352272 kB
allocstall_dma 0
allocstall_dma32 0
allocstall_normal 43449
allocstall_movable 29165
allocstall_device 0
pgscan_direct 7538432
pgscan_direct_throttle 0
compact_stall 249978
2026-09-22T03:51:29Z
2483 MHz, 0x0000000000000000, 70, 42.01 W
MemFree:         6509220 kB
MemAvailable:    8283124 kB
Cached:          4931936 kB
SwapFree:       11352272 kB
allocstall_dma 0
allocstall_dma32 0
allocstall_normal 43449
allocstall_movable 29165
allocstall_device 0
pgscan_direct 7538432
pgscan_direct_throttle 0
compact_stall 249978
2026-09-22T03:51:30Z
2483 MHz, 0x0000000000000000, 70, 41.95 W
MemFree:         6500420 kB
MemAvailable:    8274332 kB
Cached:          4931936 kB
SwapFree:       11352272 kB
allocstall_dma 0
allocstall_dma32 0
allocstall_normal 43449
allocstall_movable 29165
allocstall_device 0
pgscan_direct 7538432
pgscan_direct_throttle 0
compact_stall 249978
2026-09-22T03:51:31Z
2483 MHz, 0x0000000000000000, 70, 42.00 W
MemFree:         6503932 kB
MemAvailable:    8277844 kB
Cached:          4931936 kB
SwapFree:       11352272 kB
allocstall_dma 0
allocstall_dma32 0
allocstall_normal 43449
allocstall_movable 29165
allocstall_device 0
pgscan_direct 7538432
pgscan_direct_throttle 0
compact_stall 249978
2026-09-22T03:51:32Z
2483 MHz, 0x0000000000000000, 71, 41.93 W
MemFree:         6490240 kB
MemAvailable:    8264152 kB
Cached:          4931936 kB
SwapFree:       11352272 kB
allocstall_dma 0
allocstall_dma32 0
allocstall_normal 43449
allocstall_movable 29165
allocstall_device 0
pgscan_direct 7538432
pgscan_direct_throttle 0
compact_stall 249978
2026-09-22T03:51:33Z
2483 MHz, 0x0000000000000000, 70, 41.94 W
MemFree:         6491724 kB
MemAvailable:    8265636 kB
Cached:          4931936 kB
SwapFree:       11352272 kB
allocstall_dma 0
allocstall_dma32 0
allocstall_normal 43449
allocstall_movable 29165
allocstall_device 0
pgscan_direct 7538432
pgscan_direct_throttle 0
compact_stall 249978
2026-09-22T03:51:34Z
2483 MHz, 0x0000000000000000, 70, 41.96 W
MemFree:         6479712 kB
MemAvailable:    8253624 kB
Cached:          4931936 kB
SwapFree:       11352272 kB
allocstall_dma 0
allocstall_dma32 0
allocstall_normal 43449
allocstall_movable 29165
allocstall_device 0
pgscan_direct 7538432
pgscan_direct_throttle 0
compact_stall 249978
2026-09-22T03:51:35Z
2483 MHz, 0x0000000000000000, 70, 41.92 W
MemFree:         6503384 kB
MemAvailable:    8277304 kB
Cached:          4931936 kB
SwapFree:       11352272 kB
allocstall_dma 0
allocstall_dma32 0
allocstall_normal 43449
allocstall_movable 29165
allocstall_device 0
pgscan_direct 7538432
pgscan_direct_throttle 0
compact_stall 249978
2026-09-22T03:51:36Z
2483 MHz, 0x0000000000000000, 70, 41.95 W
MemFree:         6501928 kB
MemAvailable:    8275848 kB
Cached:          4931936 kB
SwapFree:       11352272 kB
allocstall_dma 0
allocstall_dma32 0
allocstall_normal 43449
allocstall_movable 29165
allocstall_device 0
pgscan_direct 7538432
pgscan_direct_throttle 0
compact_stall 249978
2026-09-22T03:51:37Z
2483 MHz, 0x0000000000000000, 70, 41.99 W
MemFree:         6503712 kB
MemAvailable:    8277632 kB
Cached:          4931936 kB
SwapFree:       11352272 kB
allocstall_dma 0
allocstall_dma32 0
allocstall_normal 43449
allocstall_movable 29165
allocstall_device 0
pgscan_direct 7538432
pgscan_direct_throttle 0
compact_stall 249978
2026-09-22T03:51:38Z
2483 MHz, 0x0000000000000000, 70, 42.04 W
MemFree:         6516408 kB
MemAvailable:    8290328 kB
Cached:          4931936 kB
SwapFree:       11352272 kB
allocstall_dma 0
allocstall_dma32 0
allocstall_normal 43449
allocstall_movable 29165
allocstall_device 0
pgscan_direct 7538432
pgscan_direct_throttle 0
compact_stall 249978
2026-09-22T03:51:40Z
2483 MHz, 0x0000000000000000, 70, 42.07 W
MemFree:         6498928 kB
MemAvailable:    8273108 kB
Cached:          4932204 kB
SwapFree:       11352272 kB
allocstall_dma 0
allocstall_dma32 0
allocstall_normal 43449
allocstall_movable 29165
allocstall_device 0
pgscan_direct 7538432
pgscan_direct_throttle 0
compact_stall 249978
2026-09-22T03:51:41Z
2483 MHz, 0x0000000000000000, 70, 42.06 W
MemFree:         6486296 kB
MemAvailable:    8260500 kB
Cached:          4932212 kB
SwapFree:       11352272 kB
allocstall_dma 0
allocstall_dma32 0
allocstall_normal 43449
allocstall_movable 29165
allocstall_device 0
pgscan_direct 7538432
pgscan_direct_throttle 0
compact_stall 249978
2026-09-22T03:51:42Z
2483 MHz, 0x0000000000000000, 70, 42.00 W
MemFree:         6478264 kB
MemAvailable:    8252468 kB
Cached:          4932212 kB
SwapFree:       11352272 kB
allocstall_dma 0
allocstall_dma32 0
allocstall_normal 43449
allocstall_movable 29165
allocstall_device 0
pgscan_direct 7538432
pgscan_direct_throttle 0
compact_stall 249978
2026-09-22T03:51:43Z
2483 MHz, 0x0000000000000000, 70, 42.00 W
MemFree:         6503004 kB
MemAvailable:    8277208 kB
Cached:          4932212 kB
SwapFree:       11352272 kB
allocstall_dma 0
allocstall_dma32 0
allocstall_normal 43449
allocstall_movable 29165
allocstall_device 0
pgscan_direct 7538432
pgscan_direct_throttle 0
compact_stall 249978
2026-09-22T03:51:44Z
2483 MHz, 0x0000000000000000, 70, 42.03 W
MemFree:         6504440 kB
MemAvailable:    8278644 kB
Cached:          4932212 kB
SwapFree:       11352272 kB
allocstall_dma 0
allocstall_dma32 0
allocstall_normal 43449
allocstall_movable 29165
allocstall_device 0
pgscan_direct 7538432
pgscan_direct_throttle 0
compact_stall 249978
2026-09-22T03:51:45Z
2483 MHz, 0x0000000000000000, 70, 42.02 W
MemFree:         6491440 kB
MemAvailable:    8265644 kB
Cached:          4932212 kB
SwapFree:       11352272 kB
allocstall_dma 0
allocstall_dma32 0
allocstall_normal 43449
allocstall_movable 29165
allocstall_device 0
pgscan_direct 7538432
pgscan_direct_throttle 0
compact_stall 249978
2026-09-22T03:51:46Z
2483 MHz, 0x0000000000000000, 70, 41.79 W
MemFree:         6494128 kB
MemAvailable:    8268340 kB
Cached:          4932232 kB
SwapFree:       11352272 kB
allocstall_dma 0
allocstall_dma32 0
allocstall_normal 43449
allocstall_movable 29165
allocstall_device 0
pgscan_direct 7538432
pgscan_direct_throttle 0
compact_stall 249978
2026-09-22T03:51:47Z
2483 MHz, 0x0000000000000000, 70, 41.93 W
MemFree:         6491012 kB
MemAvailable:    8265244 kB
Cached:          4932232 kB
SwapFree:       11352272 kB
allocstall_dma 0
allocstall_dma32 0
allocstall_normal 43449
allocstall_movable 29165
allocstall_device 0
pgscan_direct 7538432
pgscan_direct_throttle 0
compact_stall 249978
2026-09-22T03:51:48Z
2483 MHz, 0x0000000000000000, 70, 41.96 W
MemFree:         6500784 kB
MemAvailable:    8275016 kB
Cached:          4932232 kB
SwapFree:       11352272 kB
allocstall_dma 0
allocstall_dma32 0
allocstall_normal 43449
allocstall_movable 29165
allocstall_device 0
pgscan_direct 7538432
pgscan_direct_throttle 0
compact_stall 249978
2026-09-22T03:51:49Z
2483 MHz, 0x0000000000000000, 70, 41.94 W
MemFree:         6490428 kB
MemAvailable:    8264660 kB
Cached:          4932232 kB
SwapFree:       11352272 kB
allocstall_dma 0
allocstall_dma32 0
allocstall_normal 43449
allocstall_movable 29165
allocstall_device 0
pgscan_direct 7538432
pgscan_direct_throttle 0
compact_stall 249978
2026-09-22T03:51:50Z
2483 MHz, 0x0000000000000000, 70, 41.91 W
MemFree:         6486556 kB
MemAvailable:    8260788 kB
Cached:          4932224 kB
SwapFree:       11352272 kB
allocstall_dma 0
allocstall_dma32 0
allocstall_normal 43449
allocstall_movable 29165
allocstall_device 0
pgscan_direct 7538432
pgscan_direct_throttle 0
compact_stall 249978
2026-09-22T03:51:51Z
2483 MHz, 0x0000000000000000, 70, 42.04 W
MemFree:         6490684 kB
MemAvailable:    8264916 kB
Cached:          4932224 kB
SwapFree:       11352272 kB
allocstall_dma 0
allocstall_dma32 0
allocstall_normal 43449
allocstall_movable 29165
allocstall_device 0
pgscan_direct 7538432
pgscan_direct_throttle 0
compact_stall 249978
2026-09-22T03:51:52Z
2405 MHz, 0x0000000000000000, 67, 27.00 W
MemFree:         6496148 kB
MemAvailable:    8270388 kB
Cached:          4932232 kB
SwapFree:       11352284 kB
allocstall_dma 0
allocstall_dma32 0
allocstall_normal 43449
allocstall_movable 29165
allocstall_device 0
pgscan_direct 7538432
pgscan_direct_throttle 0
compact_stall 249978
2026-09-22T03:51:53Z
2405 MHz, 0x0000000000000000, 66, 16.97 W
MemFree:         6499568 kB
MemAvailable:    8273808 kB
Cached:          4932232 kB
SwapFree:       11352284 kB
allocstall_dma 0
allocstall_dma32 0
allocstall_normal 43449
allocstall_movable 29165
allocstall_device 0
pgscan_direct 7538432
pgscan_direct_throttle 0
compact_stall 249978
2026-09-22T03:51:54Z
2450 MHz, 0x0000000000000000, 72, 46.82 W
MemFree:         6511852 kB
MemAvailable:    8286092 kB
Cached:          4932236 kB
SwapFree:       11352284 kB
allocstall_dma 0
allocstall_dma32 0
allocstall_normal 43449
allocstall_movable 29165
allocstall_device 0
pgscan_direct 7538432
pgscan_direct_throttle 0
compact_stall 249978
2026-09-22T03:51:55Z
2450 MHz, 0x0000000000000000, 72, 55.35 W
MemFree:         6506952 kB
MemAvailable:    8281196 kB
Cached:          4932236 kB
SwapFree:       11352284 kB
allocstall_dma 0
allocstall_dma32 0
allocstall_normal 43449
allocstall_movable 29165
allocstall_device 0
pgscan_direct 7538432
pgscan_direct_throttle 0
compact_stall 249978
2026-09-22T03:51:56Z
2463 MHz, 0x0000000000000000, 72, 60.31 W
MemFree:         6491228 kB
MemAvailable:    8265472 kB
Cached:          4932328 kB
SwapFree:       11352284 kB
allocstall_dma 0
allocstall_dma32 0
allocstall_normal 43449
allocstall_movable 29165
allocstall_device 0
pgscan_direct 7538432
pgscan_direct_throttle 0
compact_stall 249978
2026-09-22T03:51:57Z
2450 MHz, 0x0000000000000000, 73, 60.66 W
MemFree:         6515616 kB
MemAvailable:    8289868 kB
Cached:          4932328 kB
SwapFree:       11352284 kB
allocstall_dma 0
allocstall_dma32 0
allocstall_normal 43449
allocstall_movable 29165
allocstall_device 0
pgscan_direct 7538432
pgscan_direct_throttle 0
compact_stall 249978
2026-09-22T03:51:58Z
2476 MHz, 0x0000000000000000, 70, 54.20 W
MemFree:         6523152 kB
MemAvailable:    8297404 kB
Cached:          4932328 kB
SwapFree:       11352284 kB
allocstall_dma 0
allocstall_dma32 0
allocstall_normal 43449
allocstall_movable 29165
allocstall_device 0
pgscan_direct 7538432
pgscan_direct_throttle 0
compact_stall 249978
2026-09-22T03:52:00Z
2483 MHz, 0x0000000000000000, 70, 41.03 W
MemFree:         6513956 kB
MemAvailable:    8288208 kB
Cached:          4932432 kB
SwapFree:       11352284 kB
allocstall_dma 0
allocstall_dma32 0
allocstall_normal 43449
allocstall_movable 29165
allocstall_device 0
pgscan_direct 7538432
pgscan_direct_throttle 0
compact_stall 249978
2026-09-22T03:52:01Z
2483 MHz, 0x0000000000000000, 70, 41.07 W
MemFree:         6494688 kB
MemAvailable:    8268940 kB
Cached:          4932432 kB
SwapFree:       11352284 kB
allocstall_dma 0
allocstall_dma32 0
allocstall_normal 43449
allocstall_movable 29165
allocstall_device 0
pgscan_direct 7538432
pgscan_direct_throttle 0
compact_stall 249978
2026-09-22T03:52:02Z
2483 MHz, 0x0000000000000000, 70, 41.02 W
MemFree:         6501376 kB
MemAvailable:    8275732 kB
Cached:          4932424 kB
SwapFree:       11352284 kB
allocstall_dma 0
allocstall_dma32 0
allocstall_normal 43449
allocstall_movable 29165
allocstall_device 0
pgscan_direct 7538432
pgscan_direct_throttle 0
compact_stall 249978
2026-09-22T03:52:03Z
2483 MHz, 0x0000000000000000, 70, 40.94 W
MemFree:         6510532 kB
MemAvailable:    8284896 kB
Cached:          4932432 kB
SwapFree:       11352284 kB
allocstall_dma 0
allocstall_dma32 0
allocstall_normal 43449
allocstall_movable 29165
allocstall_device 0
pgscan_direct 7538432
pgscan_direct_throttle 0
compact_stall 249978
2026-09-22T03:52:04Z
2483 MHz, 0x0000000000000000, 70, 40.98 W
MemFree:         6508644 kB
MemAvailable:    8283008 kB
Cached:          4932432 kB
SwapFree:       11352284 kB
allocstall_dma 0
allocstall_dma32 0
allocstall_normal 43449
allocstall_movable 29165
allocstall_device 0
pgscan_direct 7538432
pgscan_direct_throttle 0
compact_stall 249978
2026-09-22T03:52:05Z
2483 MHz, 0x0000000000000000, 70, 41.05 W
MemFree:         6542036 kB
MemAvailable:    8316400 kB
Cached:          4932432 kB
SwapFree:       11352284 kB
allocstall_dma 0
allocstall_dma32 0
allocstall_normal 43449
allocstall_movable 29165
allocstall_device 0
pgscan_direct 7538432
pgscan_direct_throttle 0
compact_stall 249978
2026-09-22T03:52:06Z
2483 MHz, 0x0000000000000000, 70, 41.00 W
MemFree:         6536840 kB
MemAvailable:    8311204 kB
Cached:          4932432 kB
SwapFree:       11352284 kB
allocstall_dma 0
allocstall_dma32 0
allocstall_normal 43449
allocstall_movable 29165
allocstall_device 0
pgscan_direct 7538432
pgscan_direct_throttle 0
compact_stall 249978
2026-09-22T03:52:07Z
2483 MHz, 0x0000000000000000, 70, 40.97 W
MemFree:         6528884 kB
MemAvailable:    8303248 kB
Cached:          4932432 kB
SwapFree:       11352284 kB
allocstall_dma 0
allocstall_dma32 0
allocstall_normal 43449
allocstall_movable 29165
allocstall_device 0
pgscan_direct 7538432
pgscan_direct_throttle 0
compact_stall 249978
2026-09-22T03:52:08Z
2483 MHz, 0x0000000000000000, 70, 41.04 W
MemFree:         6504008 kB
MemAvailable:    8278372 kB
Cached:          4932432 kB
SwapFree:       11352284 kB
allocstall_dma 0
allocstall_dma32 0
allocstall_normal 43449
allocstall_movable 29165
allocstall_device 0
pgscan_direct 7538432
pgscan_direct_throttle 0
compact_stall 249978
2026-09-22T03:52:09Z
2483 MHz, 0x0000000000000000, 70, 40.95 W
MemFree:         6489196 kB
MemAvailable:    8263568 kB
Cached:          4932556 kB
SwapFree:       11352284 kB
allocstall_dma 0
allocstall_dma32 0
allocstall_normal 43449
allocstall_movable 29165
allocstall_device 0
pgscan_direct 7538432
pgscan_direct_throttle 0
compact_stall 249978
2026-09-22T03:52:10Z
2483 MHz, 0x0000000000000000, 70, 40.99 W
MemFree:         6504608 kB
MemAvailable:    8279096 kB
Cached:          4932556 kB
SwapFree:       11352284 kB
allocstall_dma 0
allocstall_dma32 0
allocstall_normal 43449
allocstall_movable 29165
allocstall_device 0
pgscan_direct 7538432
pgscan_direct_throttle 0
compact_stall 249978
2026-09-22T03:52:11Z
2483 MHz, 0x0000000000000000, 70, 40.86 W
MemFree:         6506708 kB
MemAvailable:    8281196 kB
Cached:          4932556 kB
SwapFree:       11352284 kB
allocstall_dma 0
allocstall_dma32 0
allocstall_normal 43449
allocstall_movable 29165
allocstall_device 0
pgscan_direct 7538432
pgscan_direct_throttle 0
compact_stall 249978
2026-09-22T03:52:12Z
2483 MHz, 0x0000000000000000, 70, 40.93 W
MemFree:         6498784 kB
MemAvailable:    8273272 kB
Cached:          4932556 kB
SwapFree:       11352284 kB
allocstall_dma 0
allocstall_dma32 0
allocstall_normal 43449
allocstall_movable 29165
allocstall_device 0
pgscan_direct 7538432
pgscan_direct_throttle 0
compact_stall 249978
2026-09-22T03:52:13Z
2483 MHz, 0x0000000000000000, 70, 40.90 W
MemFree:         6519060 kB
MemAvailable:    8293556 kB
Cached:          4932556 kB
SwapFree:       11352284 kB
allocstall_dma 0
allocstall_dma32 0
allocstall_normal 43449
allocstall_movable 29165
allocstall_device 0
pgscan_direct 7538432
pgscan_direct_throttle 0
compact_stall 249978
2026-09-22T03:52:14Z
2483 MHz, 0x0000000000000000, 70, 41.10 W
MemFree:         6512872 kB
MemAvailable:    8287376 kB
Cached:          4932556 kB
SwapFree:       11352284 kB
allocstall_dma 0
allocstall_dma32 0
allocstall_normal 43449
allocstall_movable 29165
allocstall_device 0
pgscan_direct 7538432
pgscan_direct_throttle 0
compact_stall 249978
2026-09-22T03:52:15Z
2483 MHz, 0x0000000000000000, 70, 41.16 W
MemFree:         6477836 kB
MemAvailable:    8252340 kB
Cached:          4932556 kB
SwapFree:       11352284 kB
allocstall_dma 0
allocstall_dma32 0
allocstall_normal 43449
allocstall_movable 29165
allocstall_device 0
pgscan_direct 7538432
pgscan_direct_throttle 0
compact_stall 249978
2026-09-22T03:52:16Z
2483 MHz, 0x0000000000000000, 70, 41.01 W
MemFree:         6462080 kB
MemAvailable:    8236584 kB
Cached:          4932556 kB
SwapFree:       11352284 kB
allocstall_dma 0
allocstall_dma32 0
allocstall_normal 43449
allocstall_movable 29165
allocstall_device 0
pgscan_direct 7538432
pgscan_direct_throttle 0
compact_stall 249978
2026-09-22T03:52:17Z
2483 MHz, 0x0000000000000000, 70, 40.97 W
MemFree:         6465008 kB
MemAvailable:    8239544 kB
Cached:          4932588 kB
SwapFree:       11352284 kB
allocstall_dma 0
allocstall_dma32 0
allocstall_normal 43449
allocstall_movable 29165
allocstall_device 0
pgscan_direct 7538432
pgscan_direct_throttle 0
compact_stall 249978
2026-09-22T03:52:18Z
2483 MHz, 0x0000000000000000, 70, 40.90 W
MemFree:         6463052 kB
MemAvailable:    8237596 kB
Cached:          4932588 kB
SwapFree:       11352284 kB
allocstall_dma 0
allocstall_dma32 0
allocstall_normal 43449
allocstall_movable 29165
allocstall_device 0
pgscan_direct 7538432
pgscan_direct_throttle 0
compact_stall 249978
2026-09-22T03:52:20Z
2483 MHz, 0x0000000000000000, 70, 40.91 W
MemFree:         6481616 kB
MemAvailable:    8256232 kB
Cached:          4932720 kB
SwapFree:       11352284 kB
allocstall_dma 0
allocstall_dma32 0
allocstall_normal 43449
allocstall_movable 29165
allocstall_device 0
pgscan_direct 7538432
pgscan_direct_throttle 0
compact_stall 249978
2026-09-22T03:52:21Z
2483 MHz, 0x0000000000000000, 69, 40.92 W
MemFree:         6486408 kB
MemAvailable:    8261084 kB
Cached:          4932720 kB
SwapFree:       11352284 kB
allocstall_dma 0
allocstall_dma32 0
allocstall_normal 43449
allocstall_movable 29165
allocstall_device 0
pgscan_direct 7538432
pgscan_direct_throttle 0
compact_stall 249978
2026-09-22T03:52:22Z
2483 MHz, 0x0000000000000000, 70, 40.94 W
MemFree:         6494220 kB
MemAvailable:    8268896 kB
Cached:          4932720 kB
SwapFree:       11352284 kB
allocstall_dma 0
allocstall_dma32 0
allocstall_normal 43449
allocstall_movable 29165
allocstall_device 0
pgscan_direct 7538432
pgscan_direct_throttle 0
compact_stall 249978
2026-09-22T03:52:23Z
2483 MHz, 0x0000000000000000, 70, 41.15 W
MemFree:         6481632 kB
MemAvailable:    8256308 kB
Cached:          4932720 kB
SwapFree:       11352284 kB
allocstall_dma 0
allocstall_dma32 0
allocstall_normal 43449
allocstall_movable 29165
allocstall_device 0
pgscan_direct 7538432
pgscan_direct_throttle 0
compact_stall 249978
2026-09-22T03:52:24Z
2483 MHz, 0x0000000000000000, 70, 41.00 W
MemFree:         6485596 kB
MemAvailable:    8260272 kB
Cached:          4932720 kB
SwapFree:       11352284 kB
allocstall_dma 0
allocstall_dma32 0
allocstall_normal 43449
allocstall_movable 29165
allocstall_device 0
pgscan_direct 7538432
pgscan_direct_throttle 0
compact_stall 249978
2026-09-22T03:52:25Z
2483 MHz, 0x0000000000000000, 70, 41.01 W
MemFree:         6469044 kB
MemAvailable:    8243728 kB
Cached:          4932720 kB
SwapFree:       11352284 kB
allocstall_dma 0
allocstall_dma32 0
allocstall_normal 43449
allocstall_movable 29165
allocstall_device 0
pgscan_direct 7538432
pgscan_direct_throttle 0
compact_stall 249978
2026-09-22T03:52:26Z
2483 MHz, 0x0000000000000000, 70, 41.11 W
MemFree:         6490424 kB
MemAvailable:    8265176 kB
Cached:          4932832 kB
SwapFree:       11352284 kB
allocstall_dma 0
allocstall_dma32 0
allocstall_normal 43449
allocstall_movable 29165
allocstall_device 0
pgscan_direct 7538432
pgscan_direct_throttle 0
compact_stall 249978
2026-09-22T03:52:27Z
2483 MHz, 0x0000000000000000, 70, 41.01 W
MemFree:         6505372 kB
MemAvailable:    8280168 kB
Cached:          4932832 kB
SwapFree:       11352284 kB
allocstall_dma 0
allocstall_dma32 0
allocstall_normal 43449
allocstall_movable 29165
allocstall_device 0
pgscan_direct 7538432
pgscan_direct_throttle 0
compact_stall 249978
2026-09-22T03:52:28Z
2483 MHz, 0x0000000000000000, 70, 41.09 W
MemFree:         6484888 kB
MemAvailable:    8259684 kB
Cached:          4932832 kB
SwapFree:       11352284 kB
allocstall_dma 0
allocstall_dma32 0
allocstall_normal 43449
allocstall_movable 29165
allocstall_device 0
pgscan_direct 7538432
pgscan_direct_throttle 0
compact_stall 249978
2026-09-22T03:52:29Z
2483 MHz, 0x0000000000000000, 70, 41.07 W
MemFree:         6487872 kB
MemAvailable:    8262668 kB
Cached:          4932832 kB
SwapFree:       11352284 kB
allocstall_dma 0
allocstall_dma32 0
allocstall_normal 43449
allocstall_movable 29165
allocstall_device 0
pgscan_direct 7538432
pgscan_direct_throttle 0
compact_stall 249978
2026-09-22T03:52:30Z
2483 MHz, 0x0000000000000000, 70, 40.99 W
MemFree:         6485252 kB
MemAvailable:    8260048 kB
Cached:          4932832 kB
SwapFree:       11352284 kB
allocstall_dma 0
allocstall_dma32 0
allocstall_normal 43449
allocstall_movable 29165
allocstall_device 0
pgscan_direct 7538432
pgscan_direct_throttle 0
compact_stall 249978
2026-09-22T03:52:31Z
2483 MHz, 0x0000000000000000, 70, 40.96 W
MemFree:         6485508 kB
MemAvailable:    8260304 kB
Cached:          4932832 kB
SwapFree:       11352284 kB
allocstall_dma 0
allocstall_dma32 0
allocstall_normal 43449
allocstall_movable 29165
allocstall_device 0
pgscan_direct 7538432
pgscan_direct_throttle 0
compact_stall 249978
2026-09-22T03:52:32Z
2476 MHz, 0x0000000000000000, 69, 40.06 W
MemFree:         6502660 kB
MemAvailable:    8277464 kB
Cached:          4932832 kB
SwapFree:       11352284 kB
allocstall_dma 0
allocstall_dma32 0
allocstall_normal 43449
allocstall_movable 29165
allocstall_device 0
pgscan_direct 7538432
pgscan_direct_throttle 0
compact_stall 249978
2026-09-22T03:52:33Z
2405 MHz, 0x0000000000000000, 66, 17.17 W
MemFree:         6502716 kB
MemAvailable:    8277520 kB
Cached:          4932832 kB
SwapFree:       11352284 kB
allocstall_dma 0
allocstall_dma32 0
allocstall_normal 43449
allocstall_movable 29165
allocstall_device 0
pgscan_direct 7538432
pgscan_direct_throttle 0
compact_stall 249978
2026-09-22T03:52:34Z
2457 MHz, 0x0000000000000000, 71, 41.80 W
MemFree:         6507204 kB
MemAvailable:    8282008 kB
Cached:          4932832 kB
SwapFree:       11352284 kB
allocstall_dma 0
allocstall_dma32 0
allocstall_normal 43449
allocstall_movable 29165
allocstall_device 0
pgscan_direct 7538432
pgscan_direct_throttle 0
compact_stall 249978
2026-09-22T03:52:35Z
2450 MHz, 0x0000000000000000, 67, 55.15 W
MemFree:         6521984 kB
MemAvailable:    8296788 kB
Cached:          4932832 kB
SwapFree:       11352284 kB
allocstall_dma 0
allocstall_dma32 0
allocstall_normal 43449
allocstall_movable 29165
allocstall_device 0
pgscan_direct 7538432
pgscan_direct_throttle 0
compact_stall 249978
2026-09-22T03:52:36Z
2450 MHz, 0x0000000000000000, 73, 60.74 W
MemFree:         6522808 kB
MemAvailable:    8297612 kB
Cached:          4932832 kB
SwapFree:       11352284 kB
allocstall_dma 0
allocstall_dma32 0
allocstall_normal 43449
allocstall_movable 29165
allocstall_device 0
pgscan_direct 7538432
pgscan_direct_throttle 0
compact_stall 249978
2026-09-22T03:52:37Z
2450 MHz, 0x0000000000000000, 73, 59.50 W
MemFree:         6508832 kB
MemAvailable:    8283644 kB
Cached:          4932832 kB
SwapFree:       11352284 kB
allocstall_dma 0
allocstall_dma32 0
allocstall_normal 43449
allocstall_movable 29165
allocstall_device 0
pgscan_direct 7538432
pgscan_direct_throttle 0
compact_stall 249978
2026-09-22T03:52:38Z
2450 MHz, 0x0000000000000000, 72, 60.74 W
MemFree:         6443416 kB
MemAvailable:    8218228 kB
Cached:          4932924 kB
SwapFree:       11352284 kB
allocstall_dma 0
allocstall_dma32 0
allocstall_normal 43449
allocstall_movable 29165
allocstall_device 0
pgscan_direct 7538432
pgscan_direct_throttle 0
compact_stall 249978
2026-09-22T03:52:39Z
2450 MHz, 0x0000000000000000, 73, 60.53 W
MemFree:         6458200 kB
MemAvailable:    8233012 kB
Cached:          4932928 kB
SwapFree:       11352284 kB
allocstall_dma 0
allocstall_dma32 0
allocstall_normal 43449
allocstall_movable 29165
allocstall_device 0
pgscan_direct 7538432
pgscan_direct_throttle 0
compact_stall 249978
2026-09-22T03:52:41Z
2450 MHz, 0x0000000000000000, 71, 61.36 W
MemFree:         6465544 kB
MemAvailable:    8240360 kB
Cached:          4932928 kB
SwapFree:       11352284 kB
allocstall_dma 0
allocstall_dma32 0
allocstall_normal 43449
allocstall_movable 29165
allocstall_device 0
pgscan_direct 7538432
pgscan_direct_throttle 0
compact_stall 249978
2026-09-22T03:52:42Z
2483 MHz, 0x0000000000000000, 70, 49.31 W
MemFree:         6448096 kB
MemAvailable:    8222912 kB
Cached:          4932928 kB
SwapFree:       11352284 kB
allocstall_dma 0
allocstall_dma32 0
allocstall_normal 43449
allocstall_movable 29165
allocstall_device 0
pgscan_direct 7538432
pgscan_direct_throttle 0
compact_stall 249978
2026-09-22T03:52:43Z
2483 MHz, 0x0000000000000000, 70, 42.19 W
MemFree:         6458352 kB
MemAvailable:    8233168 kB
Cached:          4932928 kB
SwapFree:       11352284 kB
allocstall_dma 0
allocstall_dma32 0
allocstall_normal 43449
allocstall_movable 29165
allocstall_device 0
pgscan_direct 7538432
pgscan_direct_throttle 0
compact_stall 249978
2026-09-22T03:52:44Z
2483 MHz, 0x0000000000000000, 70, 42.08 W
MemFree:         6466100 kB
MemAvailable:    8240924 kB
Cached:          4932928 kB
SwapFree:       11352284 kB
allocstall_dma 0
allocstall_dma32 0
allocstall_normal 43449
allocstall_movable 29165
allocstall_device 0
pgscan_direct 7538432
pgscan_direct_throttle 0
compact_stall 249978
2026-09-22T03:52:45Z
2483 MHz, 0x0000000000000000, 70, 41.91 W
MemFree:         6466536 kB
MemAvailable:    8241360 kB
Cached:          4932928 kB
SwapFree:       11352284 kB
allocstall_dma 0
allocstall_dma32 0
allocstall_normal 43449
allocstall_movable 29165
allocstall_device 0
pgscan_direct 7538432
pgscan_direct_throttle 0
compact_stall 249978
2026-09-22T03:52:46Z
2483 MHz, 0x0000000000000000, 70, 42.10 W
MemFree:         6460016 kB
MemAvailable:    8234840 kB
Cached:          4932928 kB
SwapFree:       11352284 kB
allocstall_dma 0
allocstall_dma32 0
allocstall_normal 43449
allocstall_movable 29165
allocstall_device 0
pgscan_direct 7538432
pgscan_direct_throttle 0
compact_stall 249978
2026-09-22T03:52:47Z
2483 MHz, 0x0000000000000000, 70, 42.08 W
MemFree:         6447740 kB
MemAvailable:    8222572 kB
Cached:          4932928 kB
SwapFree:       11352284 kB
allocstall_dma 0
allocstall_dma32 0
allocstall_normal 43449
allocstall_movable 29165
allocstall_device 0
pgscan_direct 7538432
pgscan_direct_throttle 0
compact_stall 249978
2026-09-22T03:52:48Z
2483 MHz, 0x0000000000000000, 70, 42.10 W
MemFree:         6442608 kB
MemAvailable:    8217440 kB
Cached:          4932928 kB
SwapFree:       11352284 kB
allocstall_dma 0
allocstall_dma32 0
allocstall_normal 43449
allocstall_movable 29165
allocstall_device 0
pgscan_direct 7538432
pgscan_direct_throttle 0
compact_stall 249978
2026-09-22T03:52:49Z
2483 MHz, 0x0000000000000000, 70, 42.14 W
MemFree:         6454000 kB
MemAvailable:    8228832 kB
Cached:          4932928 kB
SwapFree:       11352284 kB
allocstall_dma 0
allocstall_dma32 0
allocstall_normal 43449
allocstall_movable 29165
allocstall_device 0
pgscan_direct 7538432
pgscan_direct_throttle 0
compact_stall 249978
2026-09-22T03:52:50Z
2483 MHz, 0x0000000000000000, 70, 42.11 W
MemFree:         6441460 kB
MemAvailable:    8216292 kB
Cached:          4932928 kB
SwapFree:       11352284 kB
allocstall_dma 0
allocstall_dma32 0
allocstall_normal 43449
allocstall_movable 29165
allocstall_device 0
pgscan_direct 7538432
pgscan_direct_throttle 0
compact_stall 249978
2026-09-22T03:52:51Z
2483 MHz, 0x0000000000000000, 70, 42.10 W
MemFree:         6425368 kB
MemAvailable:    8200200 kB
Cached:          4932928 kB
SwapFree:       11352284 kB
allocstall_dma 0
allocstall_dma32 0
allocstall_normal 43449
allocstall_movable 29165
allocstall_device 0
pgscan_direct 7538432
pgscan_direct_throttle 0
compact_stall 249978
2026-09-22T03:52:52Z
2483 MHz, 0x0000000000000000, 70, 42.06 W
MemFree:         6435248 kB
MemAvailable:    8210172 kB
Cached:          4933052 kB
SwapFree:       11352288 kB
allocstall_dma 0
allocstall_dma32 0
allocstall_normal 43449
allocstall_movable 29165
allocstall_device 0
pgscan_direct 7538432
pgscan_direct_throttle 0
compact_stall 249978
2026-09-22T03:52:53Z
2483 MHz, 0x0000000000000000, 70, 42.04 W
MemFree:         6458848 kB
MemAvailable:    8233812 kB
Cached:          4933052 kB
SwapFree:       11352288 kB
allocstall_dma 0
allocstall_dma32 0
allocstall_normal 43449
allocstall_movable 29165
allocstall_device 0
pgscan_direct 7538432
pgscan_direct_throttle 0
compact_stall 249978
2026-09-22T03:52:54Z
2483 MHz, 0x0000000000000000, 70, 41.84 W
MemFree:         6431468 kB
MemAvailable:    8206432 kB
Cached:          4933052 kB
SwapFree:       11352288 kB
allocstall_dma 0
allocstall_dma32 0
allocstall_normal 43449
allocstall_movable 29165
allocstall_device 0
pgscan_direct 7538432
pgscan_direct_throttle 0
compact_stall 249978
2026-09-22T03:52:55Z
2483 MHz, 0x0000000000000000, 70, 41.81 W
MemFree:         6434400 kB
MemAvailable:    8209364 kB
Cached:          4933052 kB
SwapFree:       11352288 kB
allocstall_dma 0
allocstall_dma32 0
allocstall_normal 43449
allocstall_movable 29165
allocstall_device 0
pgscan_direct 7538432
pgscan_direct_throttle 0
compact_stall 249978
2026-09-22T03:52:56Z
2483 MHz, 0x0000000000000000, 70, 41.81 W
MemFree:         6426668 kB
MemAvailable:    8201632 kB
Cached:          4933052 kB
SwapFree:       11352288 kB
allocstall_dma 0
allocstall_dma32 0
allocstall_normal 43449
allocstall_movable 29165
allocstall_device 0
pgscan_direct 7538432
pgscan_direct_throttle 0
compact_stall 249978
2026-09-22T03:52:57Z
2483 MHz, 0x0000000000000000, 70, 41.85 W
MemFree:         6409788 kB
MemAvailable:    8184752 kB
Cached:          4933052 kB
SwapFree:       11352288 kB
allocstall_dma 0
allocstall_dma32 0
allocstall_normal 43449
allocstall_movable 29165
allocstall_device 0
pgscan_direct 7538432
pgscan_direct_throttle 0
compact_stall 249978
2026-09-22T03:52:58Z
2483 MHz, 0x0000000000000000, 70, 41.87 W
MemFree:         6420160 kB
MemAvailable:    8195124 kB
Cached:          4933052 kB
SwapFree:       11352288 kB
allocstall_dma 0
allocstall_dma32 0
allocstall_normal 43449
allocstall_movable 29165
allocstall_device 0
pgscan_direct 7538432
pgscan_direct_throttle 0
compact_stall 249978
2026-09-22T03:52:59Z
2483 MHz, 0x0000000000000000, 70, 41.83 W
MemFree:         6428932 kB
MemAvailable:    8203904 kB
Cached:          4933052 kB
SwapFree:       11352288 kB
allocstall_dma 0
allocstall_dma32 0
allocstall_normal 43449
allocstall_movable 29165
allocstall_device 0
pgscan_direct 7538432
pgscan_direct_throttle 0
compact_stall 249978
2026-09-22T03:53:00Z
2483 MHz, 0x0000000000000000, 70, 41.78 W
MemFree:         6431600 kB
MemAvailable:    8206572 kB
Cached:          4933052 kB
SwapFree:       11352288 kB
allocstall_dma 0
allocstall_dma32 0
allocstall_normal 43449
allocstall_movable 29165
allocstall_device 0
pgscan_direct 7538432
pgscan_direct_throttle 0
compact_stall 249978
2026-09-22T03:53:02Z
2483 MHz, 0x0000000000000000, 70, 41.74 W
MemFree:         6425604 kB
MemAvailable:    8200576 kB
Cached:          4933052 kB
SwapFree:       11352288 kB
allocstall_dma 0
allocstall_dma32 0
allocstall_normal 43449
allocstall_movable 29165
allocstall_device 0
pgscan_direct 7538432
pgscan_direct_throttle 0
compact_stall 249978
2026-09-22T03:53:03Z
2483 MHz, 0x0000000000000000, 70, 41.91 W
MemFree:         6432040 kB
MemAvailable:    8207012 kB
Cached:          4933052 kB
SwapFree:       11352288 kB
allocstall_dma 0
allocstall_dma32 0
allocstall_normal 43449
allocstall_movable 29165
allocstall_device 0
pgscan_direct 7538432
pgscan_direct_throttle 0
compact_stall 249978
2026-09-22T03:53:04Z
2483 MHz, 0x0000000000000000, 70, 41.75 W
MemFree:         6416732 kB
MemAvailable:    8191712 kB
Cached:          4933052 kB
SwapFree:       11352288 kB
allocstall_dma 0
allocstall_dma32 0
allocstall_normal 43449
allocstall_movable 29165
allocstall_device 0
pgscan_direct 7538432
pgscan_direct_throttle 0
compact_stall 249978
2026-09-22T03:53:05Z
2483 MHz, 0x0000000000000000, 70, 41.82 W
MemFree:         6440100 kB
MemAvailable:    8215080 kB
Cached:          4933052 kB
SwapFree:       11352288 kB
allocstall_dma 0
allocstall_dma32 0
allocstall_normal 43449
allocstall_movable 29165
allocstall_device 0
pgscan_direct 7538432
pgscan_direct_throttle 0
compact_stall 249978
2026-09-22T03:53:06Z
2483 MHz, 0x0000000000000000, 70, 41.82 W
MemFree:         6432428 kB
MemAvailable:    8207408 kB
Cached:          4933052 kB
SwapFree:       11352288 kB
allocstall_dma 0
allocstall_dma32 0
allocstall_normal 43449
allocstall_movable 29165
allocstall_device 0
pgscan_direct 7538432
pgscan_direct_throttle 0
compact_stall 249978
2026-09-22T03:53:07Z
2483 MHz, 0x0000000000000000, 70, 41.81 W
MemFree:         6455816 kB
MemAvailable:    8230796 kB
Cached:          4933052 kB
SwapFree:       11352288 kB
allocstall_dma 0
allocstall_dma32 0
allocstall_normal 43449
allocstall_movable 29165
allocstall_device 0
pgscan_direct 7538432
pgscan_direct_throttle 0
compact_stall 249978
2026-09-22T03:53:08Z
2483 MHz, 0x0000000000000000, 70, 41.87 W
MemFree:         6458644 kB
MemAvailable:    8233624 kB
Cached:          4933052 kB
SwapFree:       11352288 kB
allocstall_dma 0
allocstall_dma32 0
allocstall_normal 43449
allocstall_movable 29165
allocstall_device 0
pgscan_direct 7538432
pgscan_direct_throttle 0
compact_stall 249978
2026-09-22T03:53:09Z
2483 MHz, 0x0000000000000000, 70, 41.85 W
MemFree:         6456432 kB
MemAvailable:    8231412 kB
Cached:          4933052 kB
SwapFree:       11352288 kB
allocstall_dma 0
allocstall_dma32 0
allocstall_normal 43449
allocstall_movable 29165
allocstall_device 0
pgscan_direct 7538432
pgscan_direct_throttle 0
compact_stall 249978
2026-09-22T03:53:10Z
2483 MHz, 0x0000000000000000, 70, 41.84 W
MemFree:         6465604 kB
MemAvailable:    8240584 kB
Cached:          4933052 kB
SwapFree:       11352288 kB
allocstall_dma 0
allocstall_dma32 0
allocstall_normal 43449
allocstall_movable 29165
allocstall_device 0
pgscan_direct 7538432
pgscan_direct_throttle 0
compact_stall 249978
2026-09-22T03:53:11Z
2483 MHz, 0x0000000000000000, 70, 41.90 W
MemFree:         6465200 kB
MemAvailable:    8240228 kB
Cached:          4933132 kB
SwapFree:       11352288 kB
allocstall_dma 0
allocstall_dma32 0
allocstall_normal 43449
allocstall_movable 29165
allocstall_device 0
pgscan_direct 7538432
pgscan_direct_throttle 0
compact_stall 249978
2026-09-22T03:53:12Z
2483 MHz, 0x0000000000000000, 70, 42.06 W
MemFree:         6441292 kB
MemAvailable:    8216320 kB
Cached:          4933132 kB
SwapFree:       11352288 kB
allocstall_dma 0
allocstall_dma32 0
allocstall_normal 43449
allocstall_movable 29165
allocstall_device 0
pgscan_direct 7538432
pgscan_direct_throttle 0
compact_stall 249978
2026-09-22T03:53:13Z
2483 MHz, 0x0000000000000000, 70, 41.88 W
MemFree:         6442864 kB
MemAvailable:    8217932 kB
Cached:          4933132 kB
SwapFree:       11352288 kB
allocstall_dma 0
allocstall_dma32 0
allocstall_normal 43449
allocstall_movable 29165
allocstall_device 0
pgscan_direct 7538432
pgscan_direct_throttle 0
compact_stall 249978
2026-09-22T03:53:14Z
2483 MHz, 0x0000000000000000, 70, 41.93 W
MemFree:         6433964 kB
MemAvailable:    8209032 kB
Cached:          4933132 kB
SwapFree:       11352288 kB
allocstall_dma 0
allocstall_dma32 0
allocstall_normal 43449
allocstall_movable 29165
allocstall_device 0
pgscan_direct 7538432
pgscan_direct_throttle 0
compact_stall 249978
2026-09-22T03:53:15Z
2405 MHz, 0x0000000000000000, 67, 33.98 W
MemFree:         6424536 kB
MemAvailable:    8199604 kB
Cached:          4933132 kB
SwapFree:       11352288 kB
allocstall_dma 0
allocstall_dma32 0
allocstall_normal 43449
allocstall_movable 29165
allocstall_device 0
pgscan_direct 7538432
pgscan_direct_throttle 0
compact_stall 249978
2026-09-22T03:53:16Z
2405 MHz, 0x0000000000000000, 66, 17.09 W
MemFree:         6406528 kB
MemAvailable:    8181604 kB
Cached:          4933132 kB
SwapFree:       11352288 kB
allocstall_dma 0
allocstall_dma32 0
allocstall_normal 43449
allocstall_movable 29165
allocstall_device 0
pgscan_direct 7538432
pgscan_direct_throttle 0
compact_stall 249978
2026-09-22T03:53:17Z
2457 MHz, 0x0000000000000000, 71, 32.84 W
MemFree:         6412396 kB
MemAvailable:    8187476 kB
Cached:          4933136 kB
SwapFree:       11352288 kB
allocstall_dma 0
allocstall_dma32 0
allocstall_normal 43449
allocstall_movable 29165
allocstall_device 0
pgscan_direct 7538432
pgscan_direct_throttle 0
compact_stall 249978
2026-09-22T03:53:18Z
2463 MHz, 0x0000000000000000, 72, 62.59 W
MemFree:         6407916 kB
MemAvailable:    8182996 kB
Cached:          4933416 kB
SwapFree:       11352288 kB
allocstall_dma 0
allocstall_dma32 0
allocstall_normal 43449
allocstall_movable 29165
allocstall_device 0
pgscan_direct 7538432
pgscan_direct_throttle 0
compact_stall 249978
2026-09-22T03:53:19Z
2463 MHz, 0x0000000000000000, 73, 52.09 W
MemFree:         6396696 kB
MemAvailable:    8171776 kB
Cached:          4933456 kB
SwapFree:       11352288 kB
allocstall_dma 0
allocstall_dma32 0
allocstall_normal 43449
allocstall_movable 29165
allocstall_device 0
pgscan_direct 7538432
pgscan_direct_throttle 0
compact_stall 249978
2026-09-22T03:53:20Z
2457 MHz, 0x0000000000000000, 72, 63.07 W
MemFree:         6379884 kB
MemAvailable:    8154964 kB
Cached:          4933456 kB
SwapFree:       11352288 kB
allocstall_dma 0
allocstall_dma32 0
allocstall_normal 43449
allocstall_movable 29165
allocstall_device 0
pgscan_direct 7538432
pgscan_direct_throttle 0
compact_stall 249978
2026-09-22T03:53:21Z
2450 MHz, 0x0000000000000000, 72, 63.03 W
MemFree:         6396908 kB
MemAvailable:    8171996 kB
Cached:          4933456 kB
SwapFree:       11352288 kB
allocstall_dma 0
allocstall_dma32 0
allocstall_normal 43449
allocstall_movable 29165
allocstall_device 0
pgscan_direct 7538432
pgscan_direct_throttle 0
compact_stall 249978
2026-09-22T03:53:23Z
2450 MHz, 0x0000000000000000, 72, 62.71 W
MemFree:         6396936 kB
MemAvailable:    8172064 kB
Cached:          4933456 kB
SwapFree:       11352288 kB
allocstall_dma 0
allocstall_dma32 0
allocstall_normal 43449
allocstall_movable 29165
allocstall_device 0
pgscan_direct 7538432
pgscan_direct_throttle 0
compact_stall 249978
2026-09-22T03:53:24Z
2483 MHz, 0x0000000000000000, 70, 48.49 W
MemFree:         6433524 kB
MemAvailable:    8208652 kB
Cached:          4933456 kB
SwapFree:       11352288 kB
allocstall_dma 0
allocstall_dma32 0
allocstall_normal 43449
allocstall_movable 29165
allocstall_device 0
pgscan_direct 7538432
pgscan_direct_throttle 0
compact_stall 249978
2026-09-22T03:53:25Z
2483 MHz, 0x0000000000000000, 69, 41.12 W
MemFree:         6425696 kB
MemAvailable:    8200824 kB
Cached:          4933456 kB
SwapFree:       11352288 kB
allocstall_dma 0
allocstall_dma32 0
allocstall_normal 43449
allocstall_movable 29165
allocstall_device 0
pgscan_direct 7538432
pgscan_direct_throttle 0
compact_stall 249978
2026-09-22T03:53:26Z
2483 MHz, 0x0000000000000000, 70, 41.13 W
MemFree:         6444196 kB
MemAvailable:    8219332 kB
Cached:          4933456 kB
SwapFree:       11352288 kB
allocstall_dma 0
allocstall_dma32 0
allocstall_normal 43449
allocstall_movable 29165
allocstall_device 0
pgscan_direct 7538432
pgscan_direct_throttle 0
compact_stall 249978
2026-09-22T03:53:27Z
2483 MHz, 0x0000000000000000, 70, 41.09 W
MemFree:         6442300 kB
MemAvailable:    8217436 kB
Cached:          4933456 kB
SwapFree:       11352288 kB
allocstall_dma 0
allocstall_dma32 0
allocstall_normal 43449
allocstall_movable 29165
allocstall_device 0
pgscan_direct 7538432
pgscan_direct_throttle 0
compact_stall 249978
2026-09-22T03:53:28Z
2483 MHz, 0x0000000000000000, 70, 40.96 W
MemFree:         6430820 kB
MemAvailable:    8205956 kB
Cached:          4933488 kB
SwapFree:       11352288 kB
allocstall_dma 0
allocstall_dma32 0
allocstall_normal 43449
allocstall_movable 29165
allocstall_device 0
pgscan_direct 7538432
pgscan_direct_throttle 0
compact_stall 249978
2026-09-22T03:53:29Z
2483 MHz, 0x0000000000000000, 70, 41.14 W
MemFree:         6456492 kB
MemAvailable:    8231628 kB
Cached:          4933488 kB
SwapFree:       11352288 kB
allocstall_dma 0
allocstall_dma32 0
allocstall_normal 43449
allocstall_movable 29165
allocstall_device 0
pgscan_direct 7538432
pgscan_direct_throttle 0
compact_stall 249978
2026-09-22T03:53:30Z
2483 MHz, 0x0000000000000000, 70, 41.08 W
MemFree:         6448380 kB
MemAvailable:    8223516 kB
Cached:          4933488 kB
SwapFree:       11352288 kB
allocstall_dma 0
allocstall_dma32 0
allocstall_normal 43449
allocstall_movable 29165
allocstall_device 0
pgscan_direct 7538432
pgscan_direct_throttle 0
compact_stall 249978
2026-09-22T03:53:31Z
2483 MHz, 0x0000000000000000, 70, 41.19 W
MemFree:         6449140 kB
MemAvailable:    8224276 kB
Cached:          4933488 kB
SwapFree:       11352288 kB
allocstall_dma 0
allocstall_dma32 0
allocstall_normal 43449
allocstall_movable 29165
allocstall_device 0
pgscan_direct 7538432
pgscan_direct_throttle 0
compact_stall 249978
2026-09-22T03:53:32Z
2483 MHz, 0x0000000000000000, 70, 41.04 W
MemFree:         6424408 kB
MemAvailable:    8199552 kB
Cached:          4933488 kB
SwapFree:       11352288 kB
allocstall_dma 0
allocstall_dma32 0
allocstall_normal 43449
allocstall_movable 29165
allocstall_device 0
pgscan_direct 7538432
pgscan_direct_throttle 0
compact_stall 249978
2026-09-22T03:53:33Z
2483 MHz, 0x0000000000000000, 70, 41.06 W
MemFree:         6428416 kB
MemAvailable:    8203592 kB
Cached:          4933488 kB
SwapFree:       11352288 kB
allocstall_dma 0
allocstall_dma32 0
allocstall_normal 43449
allocstall_movable 29165
allocstall_device 0
pgscan_direct 7538432
pgscan_direct_throttle 0
compact_stall 249978
2026-09-22T03:53:34Z
2483 MHz, 0x0000000000000000, 70, 40.97 W
MemFree:         6448180 kB
MemAvailable:    8223428 kB
Cached:          4933588 kB
SwapFree:       11352288 kB
allocstall_dma 0
allocstall_dma32 0
allocstall_normal 43449
allocstall_movable 29165
allocstall_device 0
pgscan_direct 7538432
pgscan_direct_throttle 0
compact_stall 249978
2026-09-22T03:53:35Z
2483 MHz, 0x0000000000000000, 70, 41.10 W
MemFree:         6443876 kB
MemAvailable:    8219124 kB
Cached:          4933588 kB
SwapFree:       11352288 kB
allocstall_dma 0
allocstall_dma32 0
allocstall_normal 43449
allocstall_movable 29165
allocstall_device 0
pgscan_direct 7538432
pgscan_direct_throttle 0
compact_stall 249978
2026-09-22T03:53:36Z
2483 MHz, 0x0000000000000000, 70, 40.98 W
MemFree:         6432332 kB
MemAvailable:    8207580 kB
Cached:          4933588 kB
SwapFree:       11352288 kB
allocstall_dma 0
allocstall_dma32 0
allocstall_normal 43449
allocstall_movable 29165
allocstall_device 0
pgscan_direct 7538432
pgscan_direct_throttle 0
compact_stall 249978
2026-09-22T03:53:37Z
2483 MHz, 0x0000000000000000, 70, 41.03 W
MemFree:         6424780 kB
MemAvailable:    8200064 kB
Cached:          4933588 kB
SwapFree:       11352288 kB
allocstall_dma 0
allocstall_dma32 0
allocstall_normal 43449
allocstall_movable 29165
allocstall_device 0
pgscan_direct 7538432
pgscan_direct_throttle 0
compact_stall 249978
2026-09-22T03:53:38Z
2483 MHz, 0x0000000000000000, 70, 40.94 W
MemFree:         6449712 kB
MemAvailable:    8224996 kB
Cached:          4933588 kB
SwapFree:       11352288 kB
allocstall_dma 0
allocstall_dma32 0
allocstall_normal 43449
allocstall_movable 29165
allocstall_device 0
pgscan_direct 7538432
pgscan_direct_throttle 0
compact_stall 249978
2026-09-22T03:53:39Z
2483 MHz, 0x0000000000000000, 70, 41.04 W
MemFree:         6460672 kB
MemAvailable:    8235956 kB
Cached:          4933588 kB
SwapFree:       11352288 kB
allocstall_dma 0
allocstall_dma32 0
allocstall_normal 43449
allocstall_movable 29165
allocstall_device 0
pgscan_direct 7538432
pgscan_direct_throttle 0
compact_stall 249978
2026-09-22T03:53:40Z
2483 MHz, 0x0000000000000000, 70, 41.06 W
MemFree:         6459808 kB
MemAvailable:    8235092 kB
Cached:          4933588 kB
SwapFree:       11352288 kB
allocstall_dma 0
allocstall_dma32 0
allocstall_normal 43449
allocstall_movable 29165
allocstall_device 0
pgscan_direct 7538432
pgscan_direct_throttle 0
compact_stall 249978
2026-09-22T03:53:41Z
2483 MHz, 0x0000000000000000, 70, 40.99 W
MemFree:         6469252 kB
MemAvailable:    8244608 kB
Cached:          4933676 kB
SwapFree:       11352288 kB
allocstall_dma 0
allocstall_dma32 0
allocstall_normal 43449
allocstall_movable 29165
allocstall_device 0
pgscan_direct 7538432
pgscan_direct_throttle 0
compact_stall 249978
2026-09-22T03:53:43Z
2483 MHz, 0x0000000000000000, 69, 41.00 W
MemFree:         6467212 kB
MemAvailable:    8242584 kB
Cached:          4933676 kB
SwapFree:       11352288 kB
allocstall_dma 0
allocstall_dma32 0
allocstall_normal 43449
allocstall_movable 29165
allocstall_device 0
pgscan_direct 7538432
pgscan_direct_throttle 0
compact_stall 249978
2026-09-22T03:53:44Z
2483 MHz, 0x0000000000000000, 70, 40.86 W
MemFree:         6463828 kB
MemAvailable:    8239208 kB
Cached:          4933676 kB
SwapFree:       11352288 kB
allocstall_dma 0
allocstall_dma32 0
allocstall_normal 43449
allocstall_movable 29165
allocstall_device 0
pgscan_direct 7538432
pgscan_direct_throttle 0
compact_stall 249978
2026-09-22T03:53:45Z
2483 MHz, 0x0000000000000000, 70, 41.04 W
MemFree:         6431184 kB
MemAvailable:    8206564 kB
Cached:          4933676 kB
SwapFree:       11352288 kB
allocstall_dma 0
allocstall_dma32 0
allocstall_normal 43449
allocstall_movable 29165
allocstall_device 0
pgscan_direct 7538432
pgscan_direct_throttle 0
compact_stall 249978
2026-09-22T03:53:46Z
2483 MHz, 0x0000000000000000, 70, 40.88 W
MemFree:         6455520 kB
MemAvailable:    8230900 kB
Cached:          4933676 kB
SwapFree:       11352288 kB
allocstall_dma 0
allocstall_dma32 0
allocstall_normal 43449
allocstall_movable 29165
allocstall_device 0
pgscan_direct 7538432
pgscan_direct_throttle 0
compact_stall 249978
2026-09-22T03:53:47Z
2483 MHz, 0x0000000000000000, 70, 40.94 W
MemFree:         6441648 kB
MemAvailable:    8217028 kB
Cached:          4933676 kB
SwapFree:       11352288 kB
allocstall_dma 0
allocstall_dma32 0
allocstall_normal 43449
allocstall_movable 29165
allocstall_device 0
pgscan_direct 7538432
pgscan_direct_throttle 0
compact_stall 249978
2026-09-22T03:53:48Z
2483 MHz, 0x0000000000000000, 70, 40.91 W
MemFree:         6427228 kB
MemAvailable:    8202700 kB
Cached:          4933768 kB
SwapFree:       11352288 kB
allocstall_dma 0
allocstall_dma32 0
allocstall_normal 43449
allocstall_movable 29165
allocstall_device 0
pgscan_direct 7538432
pgscan_direct_throttle 0
compact_stall 249978
2026-09-22T03:53:49Z
2483 MHz, 0x0000000000000000, 70, 41.02 W
MemFree:         6435916 kB
MemAvailable:    8211396 kB
Cached:          4933772 kB
SwapFree:       11352288 kB
allocstall_dma 0
allocstall_dma32 0
allocstall_normal 43449
allocstall_movable 29165
allocstall_device 0
pgscan_direct 7538432
pgscan_direct_throttle 0
compact_stall 249978
2026-09-22T03:53:50Z
2483 MHz, 0x0000000000000000, 70, 40.95 W
MemFree:         6438824 kB
MemAvailable:    8214308 kB
Cached:          4933772 kB
SwapFree:       11352288 kB
allocstall_dma 0
allocstall_dma32 0
allocstall_normal 43449
allocstall_movable 29165
allocstall_device 0
pgscan_direct 7538432
pgscan_direct_throttle 0
compact_stall 249978
2026-09-22T03:53:51Z
2483 MHz, 0x0000000000000000, 70, 40.90 W
MemFree:         6435144 kB
MemAvailable:    8210628 kB
Cached:          4933772 kB
SwapFree:       11352288 kB
allocstall_dma 0
allocstall_dma32 0
allocstall_normal 43449
allocstall_movable 29165
allocstall_device 0
pgscan_direct 7538432
pgscan_direct_throttle 0
compact_stall 249978
2026-09-22T03:53:52Z
2483 MHz, 0x0000000000000000, 69, 40.97 W
MemFree:         6432852 kB
MemAvailable:    8208336 kB
Cached:          4933772 kB
SwapFree:       11352292 kB
allocstall_dma 0
allocstall_dma32 0
allocstall_normal 43449
allocstall_movable 29165
allocstall_device 0
pgscan_direct 7538432
pgscan_direct_throttle 0
compact_stall 249978
2026-09-22T03:53:53Z
2483 MHz, 0x0000000000000000, 69, 40.92 W
MemFree:         6420992 kB
MemAvailable:    8196504 kB
Cached:          4933900 kB
SwapFree:       11352292 kB
allocstall_dma 0
allocstall_dma32 0
allocstall_normal 43449
allocstall_movable 29165
allocstall_device 0
pgscan_direct 7538432
pgscan_direct_throttle 0
compact_stall 249978
2026-09-22T03:53:54Z
2483 MHz, 0x0000000000000000, 69, 41.04 W
MemFree:         6439540 kB
MemAvailable:    8215052 kB
Cached:          4933900 kB
SwapFree:       11352292 kB
allocstall_dma 0
allocstall_dma32 0
allocstall_normal 43449
allocstall_movable 29165
allocstall_device 0
pgscan_direct 7538432
pgscan_direct_throttle 0
compact_stall 249978
2026-09-22T03:53:55Z
2483 MHz, 0x0000000000000000, 69, 41.01 W
MemFree:         6423212 kB
MemAvailable:    8198724 kB
Cached:          4933900 kB
SwapFree:       11352292 kB
allocstall_dma 0
allocstall_dma32 0
allocstall_normal 43449
allocstall_movable 29165
allocstall_device 0
pgscan_direct 7538432
pgscan_direct_throttle 0
compact_stall 249978
2026-09-22T03:53:56Z
2483 MHz, 0x0000000000000000, 69, 40.90 W
MemFree:         6434484 kB
MemAvailable:    8210096 kB
Cached:          4934012 kB
SwapFree:       11352292 kB
allocstall_dma 0
allocstall_dma32 0
allocstall_normal 43449
allocstall_movable 29165
allocstall_device 0
pgscan_direct 7538432
pgscan_direct_throttle 0
compact_stall 249978
2026-09-22T03:53:57Z
2405 MHz, 0x0000000000000000, 66, 24.31 W
MemFree:         6448524 kB
MemAvailable:    8224256 kB
Cached:          4934012 kB
SwapFree:       11352292 kB
allocstall_dma 0
allocstall_dma32 0
allocstall_normal 43449
allocstall_movable 29165
allocstall_device 0
pgscan_direct 7538432
pgscan_direct_throttle 0
compact_stall 249978
2026-09-22T03:53:58Z
2405 MHz, 0x0000000000000000, 66, 16.88 W
MemFree:         6455512 kB
MemAvailable:    8231244 kB
Cached:          4934012 kB
SwapFree:       11352292 kB
allocstall_dma 0
allocstall_dma32 0
allocstall_normal 43449
allocstall_movable 29165
allocstall_device 0
pgscan_direct 7538432
pgscan_direct_throttle 0
compact_stall 249978
2026-09-22T03:53:59Z
2463 MHz, 0x0000000000000000, 71, 48.83 W
MemFree:         6447764 kB
MemAvailable:    8223496 kB
Cached:          4934196 kB
SwapFree:       11352292 kB
allocstall_dma 0
allocstall_dma32 0
allocstall_normal 43449
allocstall_movable 29165
allocstall_device 0
pgscan_direct 7538432
pgscan_direct_throttle 0
compact_stall 249978
2026-09-22T03:54:00Z
2463 MHz, 0x0000000000000000, 71, 62.08 W
MemFree:         6450996 kB
MemAvailable:    8226696 kB
Cached:          4934196 kB
SwapFree:       11352292 kB
allocstall_dma 0
allocstall_dma32 0
allocstall_normal 43449
allocstall_movable 29165
allocstall_device 0
pgscan_direct 7538432
pgscan_direct_throttle 0
compact_stall 249978
2026-09-22T03:54:01Z
2457 MHz, 0x0000000000000000, 73, 52.82 W
MemFree:         6457284 kB
MemAvailable:    8232984 kB
Cached:          4934196 kB
SwapFree:       11352292 kB
allocstall_dma 0
allocstall_dma32 0
allocstall_normal 43449
allocstall_movable 29165
allocstall_device 0
pgscan_direct 7538432
pgscan_direct_throttle 0
compact_stall 249978
2026-09-22T03:54:02Z
2450 MHz, 0x0000000000000000, 72, 62.38 W
MemFree:         6467380 kB
MemAvailable:    8243088 kB
Cached:          4934196 kB
SwapFree:       11352292 kB
allocstall_dma 0
allocstall_dma32 0
allocstall_normal 43449
allocstall_movable 29165
allocstall_device 0
pgscan_direct 7538432
pgscan_direct_throttle 0
compact_stall 249978
2026-09-22T03:54:04Z
2450 MHz, 0x0000000000000000, 74, 63.68 W
MemFree:         6461612 kB
MemAvailable:    8237320 kB
Cached:          4934196 kB
SwapFree:       11352292 kB
allocstall_dma 0
allocstall_dma32 0
allocstall_normal 43449
allocstall_movable 29165
allocstall_device 0
pgscan_direct 7538432
pgscan_direct_throttle 0
compact_stall 249978
2026-09-22T03:54:05Z
2450 MHz, 0x0000000000000000, 73, 61.80 W
MemFree:         6458744 kB
MemAvailable:    8234452 kB
Cached:          4934196 kB
SwapFree:       11352292 kB
allocstall_dma 0
allocstall_dma32 0
allocstall_normal 43449
allocstall_movable 29165
allocstall_device 0
pgscan_direct 7538432
pgscan_direct_throttle 0
compact_stall 249978
2026-09-22T03:54:06Z
2450 MHz, 0x0000000000000000, 74, 62.83 W
MemFree:         6443020 kB
MemAvailable:    8218736 kB
Cached:          4934196 kB
SwapFree:       11352292 kB
allocstall_dma 0
allocstall_dma32 0
allocstall_normal 43449
allocstall_movable 29165
allocstall_device 0
pgscan_direct 7538432
pgscan_direct_throttle 0
compact_stall 249978
2026-09-22T03:54:07Z
2450 MHz, 0x0000000000000000, 73, 63.22 W
MemFree:         6448760 kB
MemAvailable:    8224476 kB
Cached:          4934196 kB
SwapFree:       11352292 kB
allocstall_dma 0
allocstall_dma32 0
allocstall_normal 43449
allocstall_movable 29165
allocstall_device 0
pgscan_direct 7538432
pgscan_direct_throttle 0
compact_stall 249978
2026-09-22T03:54:08Z
2450 MHz, 0x0000000000000000, 74, 62.58 W
MemFree:         6428188 kB
MemAvailable:    8203904 kB
Cached:          4934196 kB
SwapFree:       11352292 kB
allocstall_dma 0
allocstall_dma32 0
allocstall_normal 43449
allocstall_movable 29165
allocstall_device 0
pgscan_direct 7538432
pgscan_direct_throttle 0
compact_stall 249978
2026-09-22T03:54:09Z
2483 MHz, 0x0000000000000000, 71, 45.61 W
MemFree:         6419284 kB
MemAvailable:    8195000 kB
Cached:          4934196 kB
SwapFree:       11352292 kB
allocstall_dma 0
allocstall_dma32 0
allocstall_normal 43449
allocstall_movable 29165
allocstall_device 0
pgscan_direct 7538432
pgscan_direct_throttle 0
compact_stall 249978
2026-09-22T03:54:10Z
2483 MHz, 0x0000000000000000, 70, 42.42 W
MemFree:         6426072 kB
MemAvailable:    8201788 kB
Cached:          4934200 kB
SwapFree:       11352292 kB
allocstall_dma 0
allocstall_dma32 0
allocstall_normal 43449
allocstall_movable 29165
allocstall_device 0
pgscan_direct 7538432
pgscan_direct_throttle 0
compact_stall 249978
2026-09-22T03:54:11Z
2483 MHz, 0x0000000000000000, 70, 42.37 W
MemFree:         6424172 kB
MemAvailable:    8199900 kB
Cached:          4934200 kB
SwapFree:       11352292 kB
allocstall_dma 0
allocstall_dma32 0
allocstall_normal 43449
allocstall_movable 29165
allocstall_device 0
pgscan_direct 7538432
pgscan_direct_throttle 0
compact_stall 249978
2026-09-22T03:54:12Z
2483 MHz, 0x0000000000000000, 70, 42.37 W
MemFree:         6431468 kB
MemAvailable:    8207196 kB
Cached:          4934200 kB
SwapFree:       11352292 kB
allocstall_dma 0
allocstall_dma32 0
allocstall_normal 43449
allocstall_movable 29165
allocstall_device 0
pgscan_direct 7538432
pgscan_direct_throttle 0
compact_stall 249978
2026-09-22T03:54:13Z
2483 MHz, 0x0000000000000000, 70, 42.54 W
MemFree:         6416524 kB
MemAvailable:    8192252 kB
Cached:          4934200 kB
SwapFree:       11352292 kB
allocstall_dma 0
allocstall_dma32 0
allocstall_normal 43449
allocstall_movable 29165
allocstall_device 0
pgscan_direct 7538432
pgscan_direct_throttle 0
compact_stall 249978
2026-09-22T03:54:14Z
2483 MHz, 0x0000000000000000, 70, 42.51 W
MemFree:         6455672 kB
MemAvailable:    8231400 kB
Cached:          4934200 kB
SwapFree:       11352292 kB
allocstall_dma 0
allocstall_dma32 0
allocstall_normal 43449
allocstall_movable 29165
allocstall_device 0
pgscan_direct 7538432
pgscan_direct_throttle 0
compact_stall 249978
2026-09-22T03:54:15Z
2483 MHz, 0x0000000000000000, 70, 42.46 W
MemFree:         6451208 kB
MemAvailable:    8226936 kB
Cached:          4934192 kB
SwapFree:       11352292 kB
allocstall_dma 0
allocstall_dma32 0
allocstall_normal 43449
allocstall_movable 29165
allocstall_device 0
pgscan_direct 7538432
pgscan_direct_throttle 0
compact_stall 249978
2026-09-22T03:54:16Z
2483 MHz, 0x0000000000000000, 70, 42.46 W
MemFree:         6476972 kB
MemAvailable:    8252700 kB
Cached:          4934200 kB
SwapFree:       11352292 kB
allocstall_dma 0
allocstall_dma32 0
allocstall_normal 43449
allocstall_movable 29165
allocstall_device 0
pgscan_direct 7538432
pgscan_direct_throttle 0
compact_stall 249978
2026-09-22T03:54:17Z
2483 MHz, 0x0000000000000000, 70, 42.51 W
MemFree:         6475124 kB
MemAvailable:    8250852 kB
Cached:          4934200 kB
SwapFree:       11352292 kB
allocstall_dma 0
allocstall_dma32 0
allocstall_normal 43449
allocstall_movable 29165
allocstall_device 0
pgscan_direct 7538432
pgscan_direct_throttle 0
compact_stall 249978
2026-09-22T03:54:18Z
2483 MHz, 0x0000000000000000, 70, 42.54 W
MemFree:         6468552 kB
MemAvailable:    8244288 kB
Cached:          4934200 kB
SwapFree:       11352292 kB
allocstall_dma 0
allocstall_dma32 0
allocstall_normal 43449
allocstall_movable 29165
allocstall_device 0
pgscan_direct 7538432
pgscan_direct_throttle 0
compact_stall 249978
2026-09-22T03:54:19Z
2483 MHz, 0x0000000000000000, 70, 42.49 W
MemFree:         6466932 kB
MemAvailable:    8242768 kB
Cached:          4934324 kB
SwapFree:       11352292 kB
allocstall_dma 0
allocstall_dma32 0
allocstall_normal 43449
allocstall_movable 29165
allocstall_device 0
pgscan_direct 7538432
pgscan_direct_throttle 0
compact_stall 249978
2026-09-22T03:54:20Z
2483 MHz, 0x0000000000000000, 70, 42.48 W
MemFree:         6456924 kB
MemAvailable:    8232760 kB
Cached:          4934324 kB
SwapFree:       11352292 kB
allocstall_dma 0
allocstall_dma32 0
allocstall_normal 43449
allocstall_movable 29165
allocstall_device 0
pgscan_direct 7538432
pgscan_direct_throttle 0
compact_stall 249978
2026-09-22T03:54:21Z
2483 MHz, 0x0000000000000000, 70, 42.26 W
MemFree:         6463148 kB
MemAvailable:    8238992 kB
Cached:          4934324 kB
SwapFree:       11352292 kB
allocstall_dma 0
allocstall_dma32 0
allocstall_normal 43449
allocstall_movable 29165
allocstall_device 0
pgscan_direct 7538432
pgscan_direct_throttle 0
compact_stall 249978
2026-09-22T03:54:23Z
2483 MHz, 0x0000000000000000, 70, 42.33 W
MemFree:         6433660 kB
MemAvailable:    8209528 kB
Cached:          4934324 kB
SwapFree:       11352292 kB
allocstall_dma 0
allocstall_dma32 0
allocstall_normal 43449
allocstall_movable 29165
allocstall_device 0
pgscan_direct 7538432
pgscan_direct_throttle 0
compact_stall 249978
2026-09-22T03:54:24Z
2483 MHz, 0x0000000000000000, 70, 42.40 W
MemFree:         6449396 kB
MemAvailable:    8225264 kB
Cached:          4934324 kB
SwapFree:       11352292 kB
allocstall_dma 0
allocstall_dma32 0
allocstall_normal 43449
allocstall_movable 29165
allocstall_device 0
pgscan_direct 7538432
pgscan_direct_throttle 0
compact_stall 249978
2026-09-22T03:54:25Z
2483 MHz, 0x0000000000000000, 70, 42.48 W
MemFree:         6442684 kB
MemAvailable:    8218552 kB
Cached:          4934324 kB
SwapFree:       11352292 kB
allocstall_dma 0
allocstall_dma32 0
allocstall_normal 43449
allocstall_movable 29165
allocstall_device 0
pgscan_direct 7538432
pgscan_direct_throttle 0
compact_stall 249978
2026-09-22T03:54:26Z
2483 MHz, 0x0000000000000000, 70, 42.56 W
MemFree:         6442688 kB
MemAvailable:    8218556 kB
Cached:          4934324 kB
SwapFree:       11352292 kB
allocstall_dma 0
allocstall_dma32 0
allocstall_normal 43449
allocstall_movable 29165
allocstall_device 0
pgscan_direct 7538432
pgscan_direct_throttle 0
compact_stall 249978
2026-09-22T03:54:27Z
2483 MHz, 0x0000000000000000, 70, 42.40 W
MemFree:         6454104 kB
MemAvailable:    8229972 kB
Cached:          4934324 kB
SwapFree:       11352292 kB
allocstall_dma 0
allocstall_dma32 0
allocstall_normal 43449
allocstall_movable 29165
allocstall_device 0
pgscan_direct 7538432
pgscan_direct_throttle 0
compact_stall 249978
2026-09-22T03:54:28Z
2483 MHz, 0x0000000000000000, 70, 42.42 W
MemFree:         6468932 kB
MemAvailable:    8244808 kB
Cached:          4934324 kB
SwapFree:       11352292 kB
allocstall_dma 0
allocstall_dma32 0
allocstall_normal 43449
allocstall_movable 29165
allocstall_device 0
pgscan_direct 7538432
pgscan_direct_throttle 0
compact_stall 249978
2026-09-22T03:54:29Z
2483 MHz, 0x0000000000000000, 70, 42.38 W
MemFree:         6451292 kB
MemAvailable:    8227168 kB
Cached:          4934324 kB
SwapFree:       11352292 kB
allocstall_dma 0
allocstall_dma32 0
allocstall_normal 43449
allocstall_movable 29165
allocstall_device 0
pgscan_direct 7538432
pgscan_direct_throttle 0
compact_stall 249978
2026-09-22T03:54:30Z
2483 MHz, 0x0000000000000000, 70, 42.43 W
MemFree:         6463212 kB
MemAvailable:    8239088 kB
Cached:          4934324 kB
SwapFree:       11352292 kB
allocstall_dma 0
allocstall_dma32 0
allocstall_normal 43449
allocstall_movable 29165
allocstall_device 0
pgscan_direct 7538432
pgscan_direct_throttle 0
compact_stall 249978
2026-09-22T03:54:31Z
2483 MHz, 0x0000000000000000, 70, 42.46 W
MemFree:         6477216 kB
MemAvailable:    8253092 kB
Cached:          4934324 kB
SwapFree:       11352292 kB
allocstall_dma 0
allocstall_dma32 0
allocstall_normal 43449
allocstall_movable 29165
allocstall_device 0
pgscan_direct 7538432
pgscan_direct_throttle 0
compact_stall 249978
2026-09-22T03:54:32Z
2483 MHz, 0x0000000000000000, 70, 42.43 W
MemFree:         6446044 kB
MemAvailable:    8221928 kB
Cached:          4934324 kB
SwapFree:       11352292 kB
allocstall_dma 0
allocstall_dma32 0
allocstall_normal 43449
allocstall_movable 29165
allocstall_device 0
pgscan_direct 7538432
pgscan_direct_throttle 0
compact_stall 249978
2026-09-22T03:54:33Z
2483 MHz, 0x0000000000000000, 70, 42.39 W
MemFree:         6451800 kB
MemAvailable:    8227684 kB
Cached:          4934324 kB
SwapFree:       11352292 kB
allocstall_dma 0
allocstall_dma32 0
allocstall_normal 43449
allocstall_movable 29165
allocstall_device 0
pgscan_direct 7538432
pgscan_direct_throttle 0
compact_stall 249978
2026-09-22T03:54:34Z
2483 MHz, 0x0000000000000000, 70, 42.38 W
MemFree:         6443472 kB
MemAvailable:    8219428 kB
Cached:          4934416 kB
SwapFree:       11352292 kB
allocstall_dma 0
allocstall_dma32 0
allocstall_normal 43449
allocstall_movable 29165
allocstall_device 0
pgscan_direct 7538432
pgscan_direct_throttle 0
compact_stall 249978
2026-09-22T03:54:35Z
2483 MHz, 0x0000000000000000, 70, 42.41 W
MemFree:         6421520 kB
MemAvailable:    8197496 kB
Cached:          4934416 kB
SwapFree:       11352292 kB
allocstall_dma 0
allocstall_dma32 0
allocstall_normal 43449
allocstall_movable 29165
allocstall_device 0
pgscan_direct 7538432
pgscan_direct_throttle 0
compact_stall 249978
2026-09-22T03:54:36Z
2483 MHz, 0x0000000000000000, 70, 42.32 W
MemFree:         6412244 kB
MemAvailable:    8188220 kB
Cached:          4934416 kB
SwapFree:       11352292 kB
allocstall_dma 0
allocstall_dma32 0
allocstall_normal 43449
allocstall_movable 29165
allocstall_device 0
pgscan_direct 7538432
pgscan_direct_throttle 0
compact_stall 249978
2026-09-22T03:54:37Z
2483 MHz, 0x0000000000000000, 70, 42.21 W
MemFree:         6410128 kB
MemAvailable:    8186104 kB
Cached:          4934416 kB
SwapFree:       11352292 kB
allocstall_dma 0
allocstall_dma32 0
allocstall_normal 43449
allocstall_movable 29165
allocstall_device 0
pgscan_direct 7538432
pgscan_direct_throttle 0
compact_stall 249978
2026-09-22T03:54:38Z
2483 MHz, 0x0000000000000000, 70, 42.32 W
MemFree:         6437384 kB
MemAvailable:    8213360 kB
Cached:          4934416 kB
SwapFree:       11352292 kB
allocstall_dma 0
allocstall_dma32 0
allocstall_normal 43449
allocstall_movable 29165
allocstall_device 0
pgscan_direct 7538432
pgscan_direct_throttle 0
compact_stall 249978
2026-09-22T03:54:39Z
2483 MHz, 0x0000000000000000, 70, 42.29 W
MemFree:         6426588 kB
MemAvailable:    8202564 kB
Cached:          4934416 kB
SwapFree:       11352292 kB
allocstall_dma 0
allocstall_dma32 0
allocstall_normal 43449
allocstall_movable 29165
allocstall_device 0
pgscan_direct 7538432
pgscan_direct_throttle 0
compact_stall 249978
2026-09-22T03:54:40Z
2483 MHz, 0x0000000000000000, 70, 42.24 W
MemFree:         6439544 kB
MemAvailable:    8215524 kB
Cached:          4934420 kB
SwapFree:       11352292 kB
allocstall_dma 0
allocstall_dma32 0
allocstall_normal 43449
allocstall_movable 29165
allocstall_device 0
pgscan_direct 7538432
pgscan_direct_throttle 0
compact_stall 249978
2026-09-22T03:54:41Z
2483 MHz, 0x0000000000000000, 70, 42.16 W
MemFree:         6435156 kB
MemAvailable:    8211260 kB
Cached:          4934548 kB
SwapFree:       11352292 kB
allocstall_dma 0
allocstall_dma32 0
allocstall_normal 43449
allocstall_movable 29165
allocstall_device 0
pgscan_direct 7538432
pgscan_direct_throttle 0
compact_stall 249978
2026-09-22T03:54:42Z
2405 MHz, 0x0000000000000000, 67, 18.69 W
MemFree:         6439324 kB
MemAvailable:    8215440 kB
Cached:          4934548 kB
SwapFree:       11352292 kB
allocstall_dma 0
allocstall_dma32 0
allocstall_normal 43449
allocstall_movable 29165
allocstall_device 0
pgscan_direct 7538432
pgscan_direct_throttle 0
compact_stall 249978
2026-09-22T03:54:43Z
2405 MHz, 0x0000000000000000, 66, 16.87 W
MemFree:         6414456 kB
MemAvailable:    8190572 kB
Cached:          4934548 kB
SwapFree:       11352292 kB
allocstall_dma 0
allocstall_dma32 0
allocstall_normal 43449
allocstall_movable 29165
allocstall_device 0
pgscan_direct 7538432
pgscan_direct_throttle 0
compact_stall 249978
2026-09-22T03:54:45Z
2450 MHz, 0x0000000000000000, 74, 60.15 W
MemFree:         6417320 kB
MemAvailable:    8193436 kB
Cached:          4934548 kB
SwapFree:       11352292 kB
allocstall_dma 0
allocstall_dma32 0
allocstall_normal 43449
allocstall_movable 29165
allocstall_device 0
pgscan_direct 7538432
pgscan_direct_throttle 0
compact_stall 249978
2026-09-22T03:54:46Z
2450 MHz, 0x0000000000000000, 72, 67.72 W
MemFree:         6380808 kB
MemAvailable:    8157020 kB
Cached:          4934640 kB
SwapFree:       11352292 kB
allocstall_dma 0
allocstall_dma32 0
allocstall_normal 43449
allocstall_movable 29165
allocstall_device 0
pgscan_direct 7538432
pgscan_direct_throttle 0
compact_stall 249978
2026-09-22T03:54:47Z
2424 MHz, 0x0000000000000000, 67, 57.79 W
MemFree:         6378176 kB
MemAvailable:    8154632 kB
Cached:          4935256 kB
SwapFree:       11352292 kB
allocstall_dma 0
allocstall_dma32 0
allocstall_normal 43449
allocstall_movable 29165
allocstall_device 0
pgscan_direct 7538432
pgscan_direct_throttle 0
compact_stall 249978
2026-09-22T03:54:48Z
2450 MHz, 0x0000000000000000, 71, 68.33 W
MemFree:         6400208 kB
MemAvailable:    8176664 kB
Cached:          4935256 kB
SwapFree:       11352292 kB
allocstall_dma 0
allocstall_dma32 0
allocstall_normal 43449
allocstall_movable 29165
allocstall_device 0
pgscan_direct 7538432
pgscan_direct_throttle 0
compact_stall 249978
2026-09-22T03:54:49Z
2450 MHz, 0x0000000000000000, 73, 69.05 W
MemFree:         6407996 kB
MemAvailable:    8184452 kB
Cached:          4935256 kB
SwapFree:       11352292 kB
allocstall_dma 0
allocstall_dma32 0
allocstall_normal 43449
allocstall_movable 29165
allocstall_device 0
pgscan_direct 7538432
pgscan_direct_throttle 0
compact_stall 249978
2026-09-22T03:54:50Z
2450 MHz, 0x0000000000000000, 75, 68.46 W
MemFree:         6408152 kB
MemAvailable:    8184676 kB
Cached:          4935324 kB
SwapFree:       11352292 kB
allocstall_dma 0
allocstall_dma32 0
allocstall_normal 43449
allocstall_movable 29165
allocstall_device 0
pgscan_direct 7538432
pgscan_direct_throttle 0
compact_stall 249978
2026-09-22T03:54:51Z
2450 MHz, 0x0000000000000000, 73, 68.18 W
MemFree:         6407900 kB
MemAvailable:    8184424 kB
Cached:          4935324 kB
SwapFree:       11352292 kB
allocstall_dma 0
allocstall_dma32 0
allocstall_normal 43449
allocstall_movable 29165
allocstall_device 0
pgscan_direct 7538432
pgscan_direct_throttle 0
compact_stall 249978
2026-09-22T03:54:52Z
2450 MHz, 0x0000000000000000, 73, 68.35 W
MemFree:         6407256 kB
MemAvailable:    8183780 kB
Cached:          4935324 kB
SwapFree:       11352292 kB
allocstall_dma 0
allocstall_dma32 0
allocstall_normal 43449
allocstall_movable 29165
allocstall_device 0
pgscan_direct 7538432
pgscan_direct_throttle 0
compact_stall 249978
2026-09-22T03:54:53Z
2483 MHz, 0x0000000000000000, 71, 41.77 W
MemFree:         6408384 kB
MemAvailable:    8184908 kB
Cached:          4935324 kB
SwapFree:       11352292 kB
allocstall_dma 0
allocstall_dma32 0
allocstall_normal 43449
allocstall_movable 29165
allocstall_device 0
pgscan_direct 7538432
pgscan_direct_throttle 0
compact_stall 249978
2026-09-22T03:54:54Z
2483 MHz, 0x0000000000000000, 70, 41.62 W
MemFree:         6409060 kB
MemAvailable:    8185584 kB
Cached:          4935324 kB
SwapFree:       11352292 kB
allocstall_dma 0
allocstall_dma32 0
allocstall_normal 43449
allocstall_movable 29165
allocstall_device 0
pgscan_direct 7538432
pgscan_direct_throttle 0
compact_stall 249978
2026-09-22T03:54:55Z
2483 MHz, 0x0000000000000000, 70, 41.61 W
MemFree:         6419576 kB
MemAvailable:    8196100 kB
Cached:          4935324 kB
SwapFree:       11352292 kB
allocstall_dma 0
allocstall_dma32 0
allocstall_normal 43449
allocstall_movable 29165
allocstall_device 0
pgscan_direct 7538432
pgscan_direct_throttle 0
compact_stall 249978
2026-09-22T03:54:56Z
2483 MHz, 0x0000000000000000, 70, 41.69 W
MemFree:         6403068 kB
MemAvailable:    8179592 kB
Cached:          4935324 kB
SwapFree:       11352292 kB
allocstall_dma 0
allocstall_dma32 0
allocstall_normal 43449
allocstall_movable 29165
allocstall_device 0
pgscan_direct 7538432
pgscan_direct_throttle 0
compact_stall 249978
2026-09-22T03:54:57Z
2483 MHz, 0x0000000000000000, 70, 41.64 W
MemFree:         6404368 kB
MemAvailable:    8180908 kB
Cached:          4935324 kB
SwapFree:       11352292 kB
allocstall_dma 0
allocstall_dma32 0
allocstall_normal 43449
allocstall_movable 29165
allocstall_device 0
pgscan_direct 7538432
pgscan_direct_throttle 0
compact_stall 249978
2026-09-22T03:54:58Z
2483 MHz, 0x0000000000000000, 70, 41.60 W
MemFree:         6393376 kB
MemAvailable:    8169916 kB
Cached:          4935388 kB
SwapFree:       11352296 kB
allocstall_dma 0
allocstall_dma32 0
allocstall_normal 43449
allocstall_movable 29165
allocstall_device 0
pgscan_direct 7538432
pgscan_direct_throttle 0
compact_stall 249978
2026-09-22T03:54:59Z
2483 MHz, 0x0000000000000000, 70, 41.60 W
MemFree:         6406920 kB
MemAvailable:    8183460 kB
Cached:          4935392 kB
SwapFree:       11352296 kB
allocstall_dma 0
allocstall_dma32 0
allocstall_normal 43449
allocstall_movable 29165
allocstall_device 0
pgscan_direct 7538432
pgscan_direct_throttle 0
compact_stall 249978
2026-09-22T03:55:00Z
2483 MHz, 0x0000000000000000, 70, 41.55 W
MemFree:         6436756 kB
MemAvailable:    8213296 kB
Cached:          4935392 kB
SwapFree:       11352296 kB
allocstall_dma 0
allocstall_dma32 0
allocstall_normal 43449
allocstall_movable 29165
allocstall_device 0
pgscan_direct 7538432
pgscan_direct_throttle 0
compact_stall 249978
2026-09-22T03:55:01Z
2483 MHz, 0x0000000000000000, 70, 41.57 W
MemFree:         6411380 kB
MemAvailable:    8187932 kB
Cached:          4935392 kB
SwapFree:       11352296 kB
allocstall_dma 0
allocstall_dma32 0
allocstall_normal 43449
allocstall_movable 29165
allocstall_device 0
pgscan_direct 7538432
pgscan_direct_throttle 0
compact_stall 249978
2026-09-22T03:55:02Z
2483 MHz, 0x0000000000000000, 70, 41.50 W
MemFree:         6411344 kB
MemAvailable:    8187960 kB
Cached:          4935392 kB
SwapFree:       11352296 kB
allocstall_dma 0
allocstall_dma32 0
allocstall_normal 43449
allocstall_movable 29165
allocstall_device 0
pgscan_direct 7538432
pgscan_direct_throttle 0
compact_stall 249978
2026-09-22T03:55:03Z
2483 MHz, 0x0000000000000000, 70, 41.55 W
MemFree:         6419464 kB
MemAvailable:    8196148 kB
Cached:          4935464 kB
SwapFree:       11352296 kB
allocstall_dma 0
allocstall_dma32 0
allocstall_normal 43449
allocstall_movable 29165
allocstall_device 0
pgscan_direct 7538432
pgscan_direct_throttle 0
compact_stall 249978
2026-09-22T03:55:04Z
2483 MHz, 0x0000000000000000, 70, 41.64 W
MemFree:         6432396 kB
MemAvailable:    8209080 kB
Cached:          4935464 kB
SwapFree:       11352296 kB
allocstall_dma 0
allocstall_dma32 0
allocstall_normal 43449
allocstall_movable 29165
allocstall_device 0
pgscan_direct 7538432
pgscan_direct_throttle 0
compact_stall 249978
2026-09-22T03:55:06Z
2483 MHz, 0x0000000000000000, 70, 41.46 W
MemFree:         6437596 kB
MemAvailable:    8214280 kB
Cached:          4935464 kB
SwapFree:       11352296 kB
allocstall_dma 0
allocstall_dma32 0
allocstall_normal 43449
allocstall_movable 29165
allocstall_device 0
pgscan_direct 7538432
pgscan_direct_throttle 0
compact_stall 249978
2026-09-22T03:55:07Z
2483 MHz, 0x0000000000000000, 70, 41.50 W
MemFree:         6426556 kB
MemAvailable:    8203240 kB
Cached:          4935464 kB
SwapFree:       11352296 kB
allocstall_dma 0
allocstall_dma32 0
allocstall_normal 43449
allocstall_movable 29165
allocstall_device 0
pgscan_direct 7538432
pgscan_direct_throttle 0
compact_stall 249978
2026-09-22T03:55:08Z
2483 MHz, 0x0000000000000000, 70, 41.44 W
MemFree:         6429828 kB
MemAvailable:    8206520 kB
Cached:          4935464 kB
SwapFree:       11352296 kB
allocstall_dma 0
allocstall_dma32 0
allocstall_normal 43449
allocstall_movable 29165
allocstall_device 0
pgscan_direct 7538432
pgscan_direct_throttle 0
compact_stall 249978
2026-09-22T03:55:09Z
2483 MHz, 0x0000000000000000, 70, 41.39 W
MemFree:         6425736 kB
MemAvailable:    8202432 kB
Cached:          4935464 kB
SwapFree:       11352296 kB
allocstall_dma 0
allocstall_dma32 0
allocstall_normal 43449
allocstall_movable 29165
allocstall_device 0
pgscan_direct 7538432
pgscan_direct_throttle 0
compact_stall 249978
2026-09-22T03:55:10Z
2483 MHz, 0x0000000000000000, 70, 41.36 W
MemFree:         6433512 kB
MemAvailable:    8210208 kB
Cached:          4935464 kB
SwapFree:       11352296 kB
allocstall_dma 0
allocstall_dma32 0
allocstall_normal 43449
allocstall_movable 29165
allocstall_device 0
pgscan_direct 7538432
pgscan_direct_throttle 0
compact_stall 249978
2026-09-22T03:55:11Z
2483 MHz, 0x0000000000000000, 70, 41.27 W
MemFree:         6460068 kB
MemAvailable:    8236764 kB
Cached:          4935464 kB
SwapFree:       11352296 kB
allocstall_dma 0
allocstall_dma32 0
allocstall_normal 43449
allocstall_movable 29165
allocstall_device 0
pgscan_direct 7538432
pgscan_direct_throttle 0
compact_stall 249978
2026-09-22T03:55:12Z
2483 MHz, 0x0000000000000000, 70, 41.36 W
MemFree:         6455024 kB
MemAvailable:    8231720 kB
Cached:          4935464 kB
SwapFree:       11352296 kB
allocstall_dma 0
allocstall_dma32 0
allocstall_normal 43449
allocstall_movable 29165
allocstall_device 0
pgscan_direct 7538432
pgscan_direct_throttle 0
compact_stall 249978
2026-09-22T03:55:13Z
2483 MHz, 0x0000000000000000, 70, 41.41 W
MemFree:         6477192 kB
MemAvailable:    8253888 kB
Cached:          4935464 kB
SwapFree:       11352296 kB
allocstall_dma 0
allocstall_dma32 0
allocstall_normal 43449
allocstall_movable 29165
allocstall_device 0
pgscan_direct 7538432
pgscan_direct_throttle 0
compact_stall 249978
2026-09-22T03:55:14Z
2483 MHz, 0x0000000000000000, 70, 41.35 W
MemFree:         6461016 kB
MemAvailable:    8237776 kB
Cached:          4935528 kB
SwapFree:       11352296 kB
allocstall_dma 0
allocstall_dma32 0
allocstall_normal 43449
allocstall_movable 29165
allocstall_device 0
pgscan_direct 7538432
pgscan_direct_throttle 0
compact_stall 249978
2026-09-22T03:55:15Z
2483 MHz, 0x0000000000000000, 70, 41.51 W
MemFree:         6474636 kB
MemAvailable:    8251396 kB
Cached:          4935528 kB
SwapFree:       11352296 kB
allocstall_dma 0
allocstall_dma32 0
allocstall_normal 43449
allocstall_movable 29165
allocstall_device 0
pgscan_direct 7538432
pgscan_direct_throttle 0
compact_stall 249978
2026-09-22T03:55:16Z
2483 MHz, 0x0000000000000000, 70, 41.33 W
MemFree:         6450412 kB
MemAvailable:    8227172 kB
Cached:          4935528 kB
SwapFree:       11352296 kB
allocstall_dma 0
allocstall_dma32 0
allocstall_normal 43449
allocstall_movable 29165
allocstall_device 0
pgscan_direct 7538432
pgscan_direct_throttle 0
compact_stall 249978
2026-09-22T03:55:17Z
2483 MHz, 0x0000000000000000, 70, 41.47 W
MemFree:         6471888 kB
MemAvailable:    8248664 kB
Cached:          4935528 kB
SwapFree:       11352296 kB
allocstall_dma 0
allocstall_dma32 0
allocstall_normal 43449
allocstall_movable 29165
allocstall_device 0
pgscan_direct 7538432
pgscan_direct_throttle 0
compact_stall 249978
2026-09-22T03:55:18Z
2483 MHz, 0x0000000000000000, 70, 41.56 W
MemFree:         6466188 kB
MemAvailable:    8242964 kB
Cached:          4935528 kB
SwapFree:       11352296 kB
allocstall_dma 0
allocstall_dma32 0
allocstall_normal 43449
allocstall_movable 29165
allocstall_device 0
pgscan_direct 7538432
pgscan_direct_throttle 0
compact_stall 249978
2026-09-22T03:55:19Z
2483 MHz, 0x0000000000000000, 70, 41.49 W
MemFree:         6478444 kB
MemAvailable:    8255220 kB
Cached:          4935528 kB
SwapFree:       11352296 kB
allocstall_dma 0
allocstall_dma32 0
allocstall_normal 43449
allocstall_movable 29165
allocstall_device 0
pgscan_direct 7538432
pgscan_direct_throttle 0
compact_stall 249978
2026-09-22T03:55:20Z
2483 MHz, 0x0000000000000000, 70, 41.42 W
MemFree:         6466432 kB
MemAvailable:    8243208 kB
Cached:          4935528 kB
SwapFree:       11352296 kB
allocstall_dma 0
allocstall_dma32 0
allocstall_normal 43449
allocstall_movable 29165
allocstall_device 0
pgscan_direct 7538432
pgscan_direct_throttle 0
compact_stall 249978
2026-09-22T03:55:21Z
2483 MHz, 0x0000000000000000, 70, 41.40 W
MemFree:         6472608 kB
MemAvailable:    8249384 kB
Cached:          4935528 kB
SwapFree:       11352296 kB
allocstall_dma 0
allocstall_dma32 0
allocstall_normal 43449
allocstall_movable 29165
allocstall_device 0
pgscan_direct 7538432
pgscan_direct_throttle 0
compact_stall 249978
2026-09-22T03:55:22Z
2483 MHz, 0x0000000000000000, 70, 41.42 W
MemFree:         6437960 kB
MemAvailable:    8214744 kB
Cached:          4935528 kB
SwapFree:       11352296 kB
allocstall_dma 0
allocstall_dma32 0
allocstall_normal 43449
allocstall_movable 29165
allocstall_device 0
pgscan_direct 7538432
pgscan_direct_throttle 0
compact_stall 249978
2026-09-22T03:55:23Z
2483 MHz, 0x0000000000000000, 70, 41.37 W
MemFree:         6421168 kB
MemAvailable:    8197952 kB
Cached:          4935528 kB
SwapFree:       11352296 kB
allocstall_dma 0
allocstall_dma32 0
allocstall_normal 43449
allocstall_movable 29165
allocstall_device 0
pgscan_direct 7538432
pgscan_direct_throttle 0
compact_stall 249978
2026-09-22T03:55:24Z
2483 MHz, 0x0000000000000000, 70, 41.39 W
MemFree:         6451988 kB
MemAvailable:    8228772 kB
Cached:          4935528 kB
SwapFree:       11352296 kB
allocstall_dma 0
allocstall_dma32 0
allocstall_normal 43449
allocstall_movable 29165
allocstall_device 0
pgscan_direct 7538432
pgscan_direct_throttle 0
compact_stall 249978
2026-09-22T03:55:26Z
2405 MHz, 0x0000000000000000, 67, 33.72 W
MemFree:         6437784 kB
MemAvailable:    8214568 kB
Cached:          4935528 kB
SwapFree:       11352296 kB
allocstall_dma 0
allocstall_dma32 0
allocstall_normal 43449
allocstall_movable 29165
allocstall_device 0
pgscan_direct 7538432
pgscan_direct_throttle 0
compact_stall 249978
2026-09-22T03:55:27Z
2405 MHz, 0x0000000000000000, 66, 17.09 W
MemFree:         6465800 kB
MemAvailable:    8242584 kB
Cached:          4935528 kB
SwapFree:       11352296 kB
allocstall_dma 0
allocstall_dma32 0
allocstall_normal 43449
allocstall_movable 29165
allocstall_device 0
pgscan_direct 7538432
pgscan_direct_throttle 0
compact_stall 249978
2026-09-22T03:55:28Z
2437 MHz, 0x0000000000000000, 72, 25.66 W
MemFree:         6454644 kB
MemAvailable:    8231440 kB
Cached:          4935660 kB
SwapFree:       11352296 kB
allocstall_dma 0
allocstall_dma32 0
allocstall_normal 43449
allocstall_movable 29165
allocstall_device 0
pgscan_direct 7538432
pgscan_direct_throttle 0
compact_stall 249978
2026-09-22T03:55:29Z
2450 MHz, 0x0000000000000000, 73, 68.62 W
MemFree:         6434248 kB
MemAvailable:    8211168 kB
Cached:          4935660 kB
SwapFree:       11352296 kB
allocstall_dma 0
allocstall_dma32 0
allocstall_normal 43449
allocstall_movable 29165
allocstall_device 0
pgscan_direct 7538432
pgscan_direct_throttle 0
compact_stall 249978
2026-09-22T03:55:30Z
2450 MHz, 0x0000000000000000, 74, 67.65 W
MemFree:         6417032 kB
MemAvailable:    8193952 kB
Cached:          4935664 kB
SwapFree:       11352296 kB
allocstall_dma 0
allocstall_dma32 0
allocstall_normal 43449
allocstall_movable 29165
allocstall_device 0
pgscan_direct 7538432
pgscan_direct_throttle 0
compact_stall 249978
2026-09-22T03:55:31Z
2450 MHz, 0x0000000000000000, 72, 48.77 W
MemFree:         6428464 kB
MemAvailable:    8205388 kB
Cached:          4936228 kB
SwapFree:       11352296 kB
allocstall_dma 0
allocstall_dma32 0
allocstall_normal 43449
allocstall_movable 29165
allocstall_device 0
pgscan_direct 7538432
pgscan_direct_throttle 0
compact_stall 249978
2026-09-22T03:55:32Z
2450 MHz, 0x0000000000000000, 74, 67.54 W
MemFree:         6419780 kB
MemAvailable:    8196704 kB
Cached:          4936228 kB
SwapFree:       11352296 kB
allocstall_dma 0
allocstall_dma32 0
allocstall_normal 43449
allocstall_movable 29165
allocstall_device 0
pgscan_direct 7538432
pgscan_direct_throttle 0
compact_stall 249978
2026-09-22T03:55:33Z
2450 MHz, 0x0000000000000000, 73, 68.92 W
MemFree:         6389332 kB
MemAvailable:    8166256 kB
Cached:          4936228 kB
SwapFree:       11352296 kB
allocstall_dma 0
allocstall_dma32 0
allocstall_normal 43449
allocstall_movable 29165
allocstall_device 0
pgscan_direct 7538432
pgscan_direct_throttle 0
compact_stall 249978
2026-09-22T03:55:34Z
2450 MHz, 0x0000000000000000, 74, 68.39 W
MemFree:         6400344 kB
MemAvailable:    8177268 kB
Cached:          4936228 kB
SwapFree:       11352296 kB
allocstall_dma 0
allocstall_dma32 0
allocstall_normal 43449
allocstall_movable 29165
allocstall_device 0
pgscan_direct 7538432
pgscan_direct_throttle 0
compact_stall 249978
2026-09-22T03:55:35Z
2450 MHz, 0x0000000000000000, 73, 68.43 W
MemFree:         6398852 kB
MemAvailable:    8175776 kB
Cached:          4936604 kB
SwapFree:       11352296 kB
allocstall_dma 0
allocstall_dma32 0
allocstall_normal 43449
allocstall_movable 29165
allocstall_device 0
pgscan_direct 7538432
pgscan_direct_throttle 0
compact_stall 249978
2026-09-22T03:55:36Z
2450 MHz, 0x0000000000000000, 74, 68.25 W
MemFree:         6418844 kB
MemAvailable:    8195768 kB
Cached:          4936604 kB
SwapFree:       11352296 kB
allocstall_dma 0
allocstall_dma32 0
allocstall_normal 43449
allocstall_movable 29165
allocstall_device 0
pgscan_direct 7538432
pgscan_direct_throttle 0
compact_stall 249978
2026-09-22T03:55:37Z
2450 MHz, 0x0000000000000000, 73, 68.52 W
MemFree:         6413764 kB
MemAvailable:    8190696 kB
Cached:          4936604 kB
SwapFree:       11352296 kB
allocstall_dma 0
allocstall_dma32 0
allocstall_normal 43449
allocstall_movable 29165
allocstall_device 0
pgscan_direct 7538432
pgscan_direct_throttle 0
compact_stall 249978
2026-09-22T03:55:38Z
2450 MHz, 0x0000000000000000, 76, 69.26 W
MemFree:         6409444 kB
MemAvailable:    8186384 kB
Cached:          4936604 kB
SwapFree:       11352296 kB
allocstall_dma 0
allocstall_dma32 0
allocstall_normal 43449
allocstall_movable 29165
allocstall_device 0
pgscan_direct 7538432
pgscan_direct_throttle 0
compact_stall 249978
2026-09-22T03:55:39Z
2450 MHz, 0x0000000000000000, 75, 68.65 W
MemFree:         6408116 kB
MemAvailable:    8185056 kB
Cached:          4936604 kB
SwapFree:       11352296 kB
allocstall_dma 0
allocstall_dma32 0
allocstall_normal 43449
allocstall_movable 29165
allocstall_device 0
pgscan_direct 7538432
pgscan_direct_throttle 0
compact_stall 249978
2026-09-22T03:55:40Z
2450 MHz, 0x0000000000000000, 74, 68.60 W
MemFree:         6413840 kB
MemAvailable:    8190780 kB
Cached:          4936604 kB
SwapFree:       11352296 kB
allocstall_dma 0
allocstall_dma32 0
allocstall_normal 43449
allocstall_movable 29165
allocstall_device 0
pgscan_direct 7538432
pgscan_direct_throttle 0
compact_stall 249978
2026-09-22T03:55:41Z
2463 MHz, 0x0000000000000000, 72, 55.99 W
MemFree:         6418656 kB
MemAvailable:    8195596 kB
Cached:          4936604 kB
SwapFree:       11352296 kB
allocstall_dma 0
allocstall_dma32 0
allocstall_normal 43449
allocstall_movable 29165
allocstall_device 0
pgscan_direct 7538432
pgscan_direct_throttle 0
compact_stall 249978
2026-09-22T03:55:42Z
2463 MHz, 0x0000000000000000, 71, 43.49 W
MemFree:         6424828 kB
MemAvailable:    8201768 kB
Cached:          4936604 kB
SwapFree:       11352296 kB
allocstall_dma 0
allocstall_dma32 0
allocstall_normal 43449
allocstall_movable 29165
allocstall_device 0
pgscan_direct 7538432
pgscan_direct_throttle 0
compact_stall 249978
2026-09-22T03:55:43Z
2463 MHz, 0x0000000000000000, 71, 43.33 W
MemFree:         6422692 kB
MemAvailable:    8199632 kB
Cached:          4936604 kB
SwapFree:       11352296 kB
allocstall_dma 0
allocstall_dma32 0
allocstall_normal 43449
allocstall_movable 29165
allocstall_device 0
pgscan_direct 7538432
pgscan_direct_throttle 0
compact_stall 249978
2026-09-22T03:55:44Z
2483 MHz, 0x0000000000000000, 71, 43.25 W
MemFree:         6415252 kB
MemAvailable:    8192200 kB
Cached:          4936604 kB
SwapFree:       11352296 kB
allocstall_dma 0
allocstall_dma32 0
allocstall_normal 43449
allocstall_movable 29165
allocstall_device 0
pgscan_direct 7538432
pgscan_direct_throttle 0
compact_stall 249978
2026-09-22T03:55:45Z
2483 MHz, 0x0000000000000000, 71, 43.37 W
MemFree:         6424928 kB
MemAvailable:    8201876 kB
Cached:          4936604 kB
SwapFree:       11352296 kB
allocstall_dma 0
allocstall_dma32 0
allocstall_normal 43449
allocstall_movable 29165
allocstall_device 0
pgscan_direct 7538432
pgscan_direct_throttle 0
compact_stall 249978
2026-09-22T03:55:46Z
2483 MHz, 0x0000000000000000, 71, 43.57 W
MemFree:         6412044 kB
MemAvailable:    8188992 kB
Cached:          4936604 kB
SwapFree:       11352296 kB
allocstall_dma 0
allocstall_dma32 0
allocstall_normal 43449
allocstall_movable 29165
allocstall_device 0
pgscan_direct 7538432
pgscan_direct_throttle 0
compact_stall 249978
2026-09-22T03:55:48Z
2483 MHz, 0x0000000000000000, 71, 43.46 W
MemFree:         6429496 kB
MemAvailable:    8206444 kB
Cached:          4936604 kB
SwapFree:       11352296 kB
allocstall_dma 0
allocstall_dma32 0
allocstall_normal 43449
allocstall_movable 29165
allocstall_device 0
pgscan_direct 7538432
pgscan_direct_throttle 0
compact_stall 249978
2026-09-22T03:55:49Z
2483 MHz, 0x0000000000000000, 71, 43.62 W
MemFree:         6439892 kB
MemAvailable:    8216840 kB
Cached:          4936604 kB
SwapFree:       11352296 kB
allocstall_dma 0
allocstall_dma32 0
allocstall_normal 43449
allocstall_movable 29165
allocstall_device 0
pgscan_direct 7538432
pgscan_direct_throttle 0
compact_stall 249978
2026-09-22T03:55:50Z
2483 MHz, 0x0000000000000000, 71, 43.41 W
MemFree:         6433964 kB
MemAvailable:    8211040 kB
Cached:          4936732 kB
SwapFree:       11352296 kB
allocstall_dma 0
allocstall_dma32 0
allocstall_normal 43449
allocstall_movable 29165
allocstall_device 0
pgscan_direct 7538432
pgscan_direct_throttle 0
compact_stall 249978
2026-09-22T03:55:51Z
2483 MHz, 0x0000000000000000, 71, 43.52 W
MemFree:         6461180 kB
MemAvailable:    8238256 kB
Cached:          4936732 kB
SwapFree:       11352296 kB
allocstall_dma 0
allocstall_dma32 0
allocstall_normal 43449
allocstall_movable 29165
allocstall_device 0
pgscan_direct 7538432
pgscan_direct_throttle 0
compact_stall 249978
2026-09-22T03:55:52Z
2483 MHz, 0x0000000000000000, 71, 43.39 W
MemFree:         6437344 kB
MemAvailable:    8214420 kB
Cached:          4936732 kB
SwapFree:       11352296 kB
allocstall_dma 0
allocstall_dma32 0
allocstall_normal 43449
allocstall_movable 29165
allocstall_device 0
pgscan_direct 7538432
pgscan_direct_throttle 0
compact_stall 249978
2026-09-22T03:55:53Z
2483 MHz, 0x0000000000000000, 71, 43.39 W
MemFree:         6432816 kB
MemAvailable:    8209900 kB
Cached:          4936732 kB
SwapFree:       11352304 kB
allocstall_dma 0
allocstall_dma32 0
allocstall_normal 43449
allocstall_movable 29165
allocstall_device 0
pgscan_direct 7538432
pgscan_direct_throttle 0
compact_stall 249978
2026-09-22T03:55:54Z
2483 MHz, 0x0000000000000000, 71, 43.38 W
MemFree:         6424956 kB
MemAvailable:    8202040 kB
Cached:          4936732 kB
SwapFree:       11352304 kB
allocstall_dma 0
allocstall_dma32 0
allocstall_normal 43449
allocstall_movable 29165
allocstall_device 0
pgscan_direct 7538432
pgscan_direct_throttle 0
compact_stall 249978
2026-09-22T03:55:55Z
2483 MHz, 0x0000000000000000, 71, 43.34 W
MemFree:         6426752 kB
MemAvailable:    8203836 kB
Cached:          4936732 kB
SwapFree:       11352304 kB
allocstall_dma 0
allocstall_dma32 0
allocstall_normal 43449
allocstall_movable 29165
allocstall_device 0
pgscan_direct 7538432
pgscan_direct_throttle 0
compact_stall 249978
2026-09-22T03:55:56Z
2483 MHz, 0x0000000000000000, 71, 43.32 W
MemFree:         6429620 kB
MemAvailable:    8206704 kB
Cached:          4936732 kB
SwapFree:       11352304 kB
allocstall_dma 0
allocstall_dma32 0
allocstall_normal 43449
allocstall_movable 29165
allocstall_device 0
pgscan_direct 7538432
pgscan_direct_throttle 0
compact_stall 249978
2026-09-22T03:55:57Z
2483 MHz, 0x0000000000000000, 71, 43.38 W
MemFree:         6418664 kB
MemAvailable:    8195756 kB
Cached:          4936732 kB
SwapFree:       11352304 kB
allocstall_dma 0
allocstall_dma32 0
allocstall_normal 43449
allocstall_movable 29165
allocstall_device 0
pgscan_direct 7538432
pgscan_direct_throttle 0
compact_stall 249978
2026-09-22T03:55:58Z
2483 MHz, 0x0000000000000000, 71, 43.47 W
MemFree:         6428048 kB
MemAvailable:    8205140 kB
Cached:          4936732 kB
SwapFree:       11352304 kB
allocstall_dma 0
allocstall_dma32 0
allocstall_normal 43449
allocstall_movable 29165
allocstall_device 0
pgscan_direct 7538432
pgscan_direct_throttle 0
compact_stall 249978
2026-09-22T03:55:59Z
2483 MHz, 0x0000000000000000, 71, 43.42 W
MemFree:         6435016 kB
MemAvailable:    8212108 kB
Cached:          4936736 kB
SwapFree:       11352304 kB
allocstall_dma 0
allocstall_dma32 0
allocstall_normal 43449
allocstall_movable 29165
allocstall_device 0
pgscan_direct 7538432
pgscan_direct_throttle 0
compact_stall 249978
2026-09-22T03:56:00Z
2483 MHz, 0x0000000000000000, 71, 43.54 W
MemFree:         6453496 kB
MemAvailable:    8230592 kB
Cached:          4936736 kB
SwapFree:       11352304 kB
allocstall_dma 0
allocstall_dma32 0
allocstall_normal 43449
allocstall_movable 29165
allocstall_device 0
pgscan_direct 7538432
pgscan_direct_throttle 0
compact_stall 249978
2026-09-22T03:56:01Z
2483 MHz, 0x0000000000000000, 71, 43.34 W
MemFree:         6443084 kB
MemAvailable:    8220188 kB
Cached:          4936712 kB
SwapFree:       11352304 kB
allocstall_dma 0
allocstall_dma32 0
allocstall_normal 43449
allocstall_movable 29165
allocstall_device 0
pgscan_direct 7538432
pgscan_direct_throttle 0
compact_stall 249978
2026-09-22T03:56:02Z
2483 MHz, 0x0000000000000000, 71, 43.44 W
MemFree:         6449232 kB
MemAvailable:    8226344 kB
Cached:          4936736 kB
SwapFree:       11352304 kB
allocstall_dma 0
allocstall_dma32 0
allocstall_normal 43449
allocstall_movable 29165
allocstall_device 0
pgscan_direct 7538432
pgscan_direct_throttle 0
compact_stall 249978
2026-09-22T03:56:03Z
2483 MHz, 0x0000000000000000, 71, 43.42 W
MemFree:         6452296 kB
MemAvailable:    8229432 kB
Cached:          4936736 kB
SwapFree:       11352304 kB
allocstall_dma 0
allocstall_dma32 0
allocstall_normal 43449
allocstall_movable 29165
allocstall_device 0
pgscan_direct 7538432
pgscan_direct_throttle 0
compact_stall 249978
2026-09-22T03:56:04Z
2483 MHz, 0x0000000000000000, 71, 43.42 W
MemFree:         6453080 kB
MemAvailable:    8230216 kB
Cached:          4936736 kB
SwapFree:       11352304 kB
allocstall_dma 0
allocstall_dma32 0
allocstall_normal 43449
allocstall_movable 29165
allocstall_device 0
pgscan_direct 7538432
pgscan_direct_throttle 0
compact_stall 249978
2026-09-22T03:56:05Z
2483 MHz, 0x0000000000000000, 71, 43.53 W
MemFree:         6444564 kB
MemAvailable:    8221700 kB
Cached:          4936736 kB
SwapFree:       11352304 kB
allocstall_dma 0
allocstall_dma32 0
allocstall_normal 43449
allocstall_movable 29165
allocstall_device 0
pgscan_direct 7538432
pgscan_direct_throttle 0
compact_stall 249978
2026-09-22T03:56:07Z
2483 MHz, 0x0000000000000000, 71, 43.44 W
MemFree:         6448824 kB
MemAvailable:    8225960 kB
Cached:          4936736 kB
SwapFree:       11352304 kB
allocstall_dma 0
allocstall_dma32 0
allocstall_normal 43449
allocstall_movable 29165
allocstall_device 0
pgscan_direct 7538432
pgscan_direct_throttle 0
compact_stall 249978
2026-09-22T03:56:08Z
2483 MHz, 0x0000000000000000, 71, 43.44 W
MemFree:         6461420 kB
MemAvailable:    8238564 kB
Cached:          4936736 kB
SwapFree:       11352304 kB
allocstall_dma 0
allocstall_dma32 0
allocstall_normal 43449
allocstall_movable 29165
allocstall_device 0
pgscan_direct 7538432
pgscan_direct_throttle 0
compact_stall 249978
2026-09-22T03:56:09Z
2483 MHz, 0x0000000000000000, 71, 43.38 W
MemFree:         6461120 kB
MemAvailable:    8238264 kB
Cached:          4936736 kB
SwapFree:       11352304 kB
allocstall_dma 0
allocstall_dma32 0
allocstall_normal 43449
allocstall_movable 29165
allocstall_device 0
pgscan_direct 7538432
pgscan_direct_throttle 0
compact_stall 249978
2026-09-22T03:56:10Z
2483 MHz, 0x0000000000000000, 71, 43.38 W
MemFree:         6452748 kB
MemAvailable:    8229892 kB
Cached:          4936736 kB
SwapFree:       11352304 kB
allocstall_dma 0
allocstall_dma32 0
allocstall_normal 43449
allocstall_movable 29165
allocstall_device 0
pgscan_direct 7538432
pgscan_direct_throttle 0
compact_stall 249978
2026-09-22T03:56:11Z
2483 MHz, 0x0000000000000000, 71, 43.37 W
MemFree:         6432584 kB
MemAvailable:    8209728 kB
Cached:          4936736 kB
SwapFree:       11352304 kB
allocstall_dma 0
allocstall_dma32 0
allocstall_normal 43449
allocstall_movable 29165
allocstall_device 0
pgscan_direct 7538432
pgscan_direct_throttle 0
compact_stall 249978
2026-09-22T03:56:12Z
2483 MHz, 0x0000000000000000, 71, 43.48 W
MemFree:         6424864 kB
MemAvailable:    8202008 kB
Cached:          4936812 kB
SwapFree:       11352304 kB
allocstall_dma 0
allocstall_dma32 0
allocstall_normal 43449
allocstall_movable 29165
allocstall_device 0
pgscan_direct 7538432
pgscan_direct_throttle 0
compact_stall 249978
2026-09-22T03:56:13Z
2483 MHz, 0x0000000000000000, 71, 43.38 W
MemFree:         6434344 kB
MemAvailable:    8211572 kB
Cached:          4936812 kB
SwapFree:       11352304 kB
allocstall_dma 0
allocstall_dma32 0
allocstall_normal 43449
allocstall_movable 29165
allocstall_device 0
pgscan_direct 7538432
pgscan_direct_throttle 0
compact_stall 249978
2026-09-22T03:56:14Z
2483 MHz, 0x0000000000000000, 71, 43.21 W
MemFree:         6448088 kB
MemAvailable:    8225316 kB
Cached:          4936812 kB
SwapFree:       11352304 kB
allocstall_dma 0
allocstall_dma32 0
allocstall_normal 43449
allocstall_movable 29165
allocstall_device 0
pgscan_direct 7538432
pgscan_direct_throttle 0
compact_stall 249978
2026-09-22T03:56:15Z
2483 MHz, 0x0000000000000000, 71, 43.37 W
MemFree:         6436480 kB
MemAvailable:    8213708 kB
Cached:          4936812 kB
SwapFree:       11352304 kB
allocstall_dma 0
allocstall_dma32 0
allocstall_normal 43449
allocstall_movable 29165
allocstall_device 0
pgscan_direct 7538432
pgscan_direct_throttle 0
compact_stall 249978
2026-09-22T03:56:16Z
2405 MHz, 0x0000000000000000, 67, 18.38 W
MemFree:         6431904 kB
MemAvailable:    8209132 kB
Cached:          4936812 kB
SwapFree:       11352304 kB
allocstall_dma 0
allocstall_dma32 0
allocstall_normal 43449
allocstall_movable 29165
allocstall_device 0
pgscan_direct 7538432
pgscan_direct_throttle 0
compact_stall 249978
2026-09-22T03:56:17Z
2405 MHz, 0x0000000000000000, 67, 17.19 W
MemFree:         6401580 kB
MemAvailable:    8178820 kB
Cached:          4936820 kB
SwapFree:       11352304 kB
allocstall_dma 0
allocstall_dma32 0
allocstall_normal 43449
allocstall_movable 29165
allocstall_device 0
pgscan_direct 7538432
pgscan_direct_throttle 0
compact_stall 249978
2026-09-22T03:56:18Z
2405 MHz, 0x0000000000000000, 66, 17.05 W
MemFree:         6380704 kB
MemAvailable:    8158120 kB
Cached:          4937000 kB
SwapFree:       11352304 kB
allocstall_dma 0
allocstall_dma32 0
allocstall_normal 43449
allocstall_movable 29165
allocstall_device 0
pgscan_direct 7538432
pgscan_direct_throttle 0
compact_stall 249978
2026-09-22T03:56:19Z
2405 MHz, 0x0000000000000000, 65, 16.87 W
MemFree:         6368192 kB
MemAvailable:    8145852 kB
Cached:          4937236 kB
SwapFree:       11352304 kB
allocstall_dma 0
allocstall_dma32 0
allocstall_normal 43449
allocstall_movable 29165
allocstall_device 0
pgscan_direct 7538432
pgscan_direct_throttle 0
compact_stall 249978
