2026-09-22T02:38:00Z
208 MHz, 0x0000000000000004, 44, 3.52 W
MemFree:        69611948 kB
MemAvailable:   120234004 kB
Cached:         49464036 kB
SwapFree:       16756136 kB
allocstall_dma 0
allocstall_dma32 0
allocstall_normal 30960
allocstall_movable 2221
allocstall_device 0
pgscan_direct 2236160
pgscan_direct_throttle 0
compact_stall 42506
2026-09-22T02:38:01Z
208 MHz, 0x0000000000000000, 44, 3.58 W
MemFree:        69587572 kB
MemAvailable:   120209696 kB
Cached:         49464064 kB
SwapFree:       16756136 kB
allocstall_dma 0
allocstall_dma32 0
allocstall_normal 30960
allocstall_movable 2221
allocstall_device 0
pgscan_direct 2236160
pgscan_direct_throttle 0
compact_stall 42506
2026-09-22T02:38:02Z
214 MHz, 0x0000000000000000, 44, 3.55 W
MemFree:        70087420 kB
MemAvailable:   120710736 kB
Cached:         49465112 kB
SwapFree:       16756136 kB
allocstall_dma 0
allocstall_dma32 0
allocstall_normal 30960
allocstall_movable 2221
allocstall_device 0
pgscan_direct 2236160
pgscan_direct_throttle 0
compact_stall 42506
2026-09-22T02:38:03Z
208 MHz, 0x0000000000000000, 44, 3.48 W
MemFree:        69920388 kB
MemAvailable:   120543728 kB
Cached:         49465124 kB
SwapFree:       16756136 kB
allocstall_dma 0
allocstall_dma32 0
allocstall_normal 30960
allocstall_movable 2221
allocstall_device 0
pgscan_direct 2236160
pgscan_direct_throttle 0
compact_stall 42506
2026-09-22T02:38:04Z
208 MHz, 0x0000000000000000, 44, 3.48 W
MemFree:        69842564 kB
MemAvailable:   120465992 kB
Cached:         49465140 kB
SwapFree:       16756136 kB
allocstall_dma 0
allocstall_dma32 0
allocstall_normal 30960
allocstall_movable 2221
allocstall_device 0
pgscan_direct 2236160
pgscan_direct_throttle 0
compact_stall 42506
2026-09-22T02:38:05Z
208 MHz, 0x0000000000000000, 44, 3.51 W
MemFree:        69801492 kB
MemAvailable:   120425300 kB
Cached:         49465356 kB
SwapFree:       16756136 kB
allocstall_dma 0
allocstall_dma32 0
allocstall_normal 30960
allocstall_movable 2221
allocstall_device 0
pgscan_direct 2236160
pgscan_direct_throttle 0
compact_stall 42506
2026-09-22T02:38:06Z
208 MHz, 0x0000000000000000, 44, 3.54 W
MemFree:        69696912 kB
MemAvailable:   120320728 kB
Cached:         49465356 kB
SwapFree:       16756136 kB
allocstall_dma 0
allocstall_dma32 0
allocstall_normal 30960
allocstall_movable 2221
allocstall_device 0
pgscan_direct 2236160
pgscan_direct_throttle 0
compact_stall 42506
2026-09-22T02:38:07Z
208 MHz, 0x0000000000000000, 44, 3.50 W
MemFree:        69619760 kB
MemAvailable:   120243848 kB
Cached:         49465600 kB
SwapFree:       16756136 kB
allocstall_dma 0
allocstall_dma32 0
allocstall_normal 30960
allocstall_movable 2221
allocstall_device 0
pgscan_direct 2236160
pgscan_direct_throttle 0
compact_stall 42506
2026-09-22T02:38:08Z
208 MHz, 0x0000000000000000, 44, 3.48 W
MemFree:        69373344 kB
MemAvailable:   119999732 kB
Cached:         49467288 kB
SwapFree:       16756136 kB
allocstall_dma 0
allocstall_dma32 0
allocstall_normal 30960
allocstall_movable 2221
allocstall_device 0
pgscan_direct 2236160
pgscan_direct_throttle 0
compact_stall 42506
2026-09-22T02:38:09Z
201 MHz, 0x0000000000000004, 44, 3.44 W
MemFree:        69350740 kB
MemAvailable:   119977468 kB
Cached:         49467652 kB
SwapFree:       16756136 kB
allocstall_dma 0
allocstall_dma32 0
allocstall_normal 30960
allocstall_movable 2221
allocstall_device 0
pgscan_direct 2236160
pgscan_direct_throttle 0
compact_stall 42506
2026-09-22T02:38:10Z
208 MHz, 0x0000000000000000, 44, 3.31 W
MemFree:        69362616 kB
MemAvailable:   119989348 kB
Cached:         49467652 kB
SwapFree:       16756136 kB
allocstall_dma 0
allocstall_dma32 0
allocstall_normal 30960
allocstall_movable 2221
allocstall_device 0
pgscan_direct 2236160
pgscan_direct_throttle 0
compact_stall 42506
2026-09-22T02:38:12Z
214 MHz, 0x0000000000000000, 44, 3.29 W
MemFree:        69371004 kB
MemAvailable:   119997736 kB
Cached:         49467652 kB
SwapFree:       16756136 kB
allocstall_dma 0
allocstall_dma32 0
allocstall_normal 30960
allocstall_movable 2221
allocstall_device 0
pgscan_direct 2236160
pgscan_direct_throttle 0
compact_stall 42506
2026-09-22T02:38:13Z
208 MHz, 0x0000000000000000, 44, 3.22 W
MemFree:        69382036 kB
MemAvailable:   120008768 kB
Cached:         49467652 kB
SwapFree:       16756136 kB
allocstall_dma 0
allocstall_dma32 0
allocstall_normal 30960
allocstall_movable 2221
allocstall_device 0
pgscan_direct 2236160
pgscan_direct_throttle 0
compact_stall 42506
2026-09-22T02:38:14Z
208 MHz, 0x0000000000000000, 44, 3.24 W
MemFree:        69389512 kB
MemAvailable:   120016296 kB
Cached:         49467660 kB
SwapFree:       16756136 kB
allocstall_dma 0
allocstall_dma32 0
allocstall_normal 30960
allocstall_movable 2221
allocstall_device 0
pgscan_direct 2236160
pgscan_direct_throttle 0
compact_stall 42506
2026-09-22T02:38:15Z
214 MHz, 0x0000000000000000, 44, 3.27 W
MemFree:        69381376 kB
MemAvailable:   120008168 kB
Cached:         49467660 kB
SwapFree:       16756136 kB
allocstall_dma 0
allocstall_dma32 0
allocstall_normal 30960
allocstall_movable 2221
allocstall_device 0
pgscan_direct 2236160
pgscan_direct_throttle 0
compact_stall 42506
2026-09-22T02:38:16Z
208 MHz, 0x0000000000000000, 44, 3.24 W
MemFree:        69392572 kB
MemAvailable:   120019372 kB
Cached:         49467660 kB
SwapFree:       16756136 kB
allocstall_dma 0
allocstall_dma32 0
allocstall_normal 30960
allocstall_movable 2221
allocstall_device 0
pgscan_direct 2236160
pgscan_direct_throttle 0
compact_stall 42506
2026-09-22T02:38:17Z
208 MHz, 0x0000000000000000, 44, 3.23 W
MemFree:        69401012 kB
MemAvailable:   120027812 kB
Cached:         49467660 kB
SwapFree:       16756136 kB
allocstall_dma 0
allocstall_dma32 0
allocstall_normal 30960
allocstall_movable 2221
allocstall_device 0
pgscan_direct 2236160
pgscan_direct_throttle 0
compact_stall 42506
2026-09-22T02:38:18Z
214 MHz, 0x0000000000000000, 43, 3.25 W
MemFree:        69409620 kB
MemAvailable:   120036420 kB
Cached:         49467660 kB
SwapFree:       16756136 kB
allocstall_dma 0
allocstall_dma32 0
allocstall_normal 30960
allocstall_movable 2221
allocstall_device 0
pgscan_direct 2236160
pgscan_direct_throttle 0
compact_stall 42506
2026-09-22T02:38:19Z
208 MHz, 0x0000000000000000, 43, 3.31 W
MemFree:        69418484 kB
MemAvailable:   120047660 kB
Cached:         49470040 kB
SwapFree:       16756136 kB
allocstall_dma 0
allocstall_dma32 0
allocstall_normal 30960
allocstall_movable 2221
allocstall_device 0
pgscan_direct 2236160
pgscan_direct_throttle 0
compact_stall 42506
2026-09-22T02:38:20Z
214 MHz, 0x0000000000000000, 43, 3.29 W
MemFree:        69424792 kB
MemAvailable:   120053968 kB
Cached:         49470040 kB
SwapFree:       16756136 kB
allocstall_dma 0
allocstall_dma32 0
allocstall_normal 30960
allocstall_movable 2221
allocstall_device 0
pgscan_direct 2236160
pgscan_direct_throttle 0
compact_stall 42506
2026-09-22T02:38:21Z
208 MHz, 0x0000000000000000, 43, 3.20 W
MemFree:        69443376 kB
MemAvailable:   120072552 kB
Cached:         49470040 kB
SwapFree:       16756136 kB
allocstall_dma 0
allocstall_dma32 0
allocstall_normal 30960
allocstall_movable 2221
allocstall_device 0
pgscan_direct 2236160
pgscan_direct_throttle 0
compact_stall 42506
2026-09-22T02:38:22Z
208 MHz, 0x0000000000000000, 43, 3.30 W
MemFree:        69424508 kB
MemAvailable:   120067096 kB
Cached:         49482488 kB
SwapFree:       16756136 kB
allocstall_dma 0
allocstall_dma32 0
allocstall_normal 30960
allocstall_movable 2221
allocstall_device 0
pgscan_direct 2236160
pgscan_direct_throttle 0
compact_stall 42506
2026-09-22T02:38:23Z
214 MHz, 0x0000000000000000, 43, 3.37 W
MemFree:        69303296 kB
MemAvailable:   120029608 kB
Cached:         49562788 kB
SwapFree:       16756136 kB
allocstall_dma 0
allocstall_dma32 0
allocstall_normal 30960
allocstall_movable 2221
allocstall_device 0
pgscan_direct 2236160
pgscan_direct_throttle 0
compact_stall 42506
2026-09-22T02:38:24Z
208 MHz, 0x0000000000000004, 43, 3.41 W
MemFree:        69206120 kB
MemAvailable:   119974408 kB
Cached:         49636972 kB
SwapFree:       16756136 kB
allocstall_dma 0
allocstall_dma32 0
allocstall_normal 30960
allocstall_movable 2221
allocstall_device 0
pgscan_direct 2236160
pgscan_direct_throttle 0
compact_stall 42506
2026-09-22T02:38:25Z
2366 MHz, 0x0000000000000000, 45, 8.14 W
MemFree:        67422084 kB
MemAvailable:   118193368 kB
Cached:         50230740 kB
SwapFree:       16756136 kB
allocstall_dma 0
allocstall_dma32 0
allocstall_normal 30960
allocstall_movable 2221
allocstall_device 0
pgscan_direct 2236160
pgscan_direct_throttle 0
compact_stall 42506
2026-09-22T02:38:26Z
2405 MHz, 0x0000000000000000, 45, 10.72 W
MemFree:        65985728 kB
MemAvailable:   116759860 kB
Cached:         51155672 kB
SwapFree:       16756136 kB
allocstall_dma 0
allocstall_dma32 0
allocstall_normal 30960
allocstall_movable 2221
allocstall_device 0
pgscan_direct 2236160
pgscan_direct_throttle 0
compact_stall 42506
2026-09-22T02:38:27Z
2405 MHz, 0x0000000000000000, 45, 10.61 W
MemFree:        64893368 kB
MemAvailable:   115668676 kB
Cached:         52134860 kB
SwapFree:       16756136 kB
allocstall_dma 0
allocstall_dma32 0
allocstall_normal 30960
allocstall_movable 2221
allocstall_device 0
pgscan_direct 2236160
pgscan_direct_throttle 0
compact_stall 42506
2026-09-22T02:38:28Z
2405 MHz, 0x0000000000000000, 45, 10.61 W
MemFree:        63375668 kB
MemAvailable:   114169072 kB
Cached:         52156944 kB
SwapFree:       16756136 kB
allocstall_dma 0
allocstall_dma32 0
allocstall_normal 30960
allocstall_movable 2221
allocstall_device 0
pgscan_direct 2236160
pgscan_direct_throttle 0
compact_stall 42506
2026-09-22T02:38:29Z
2405 MHz, 0x0000000000000000, 45, 10.87 W
MemFree:        37313720 kB
MemAvailable:   88109508 kB
Cached:         52158876 kB
SwapFree:       16756136 kB
allocstall_dma 0
allocstall_dma32 0
allocstall_normal 30960
allocstall_movable 2221
allocstall_device 0
pgscan_direct 2236160
pgscan_direct_throttle 0
compact_stall 42506
2026-09-22T02:38:30Z
2411 MHz, 0x0000000000000000, 45, 11.19 W
MemFree:        11566188 kB
MemAvailable:   62361544 kB
Cached:         52158876 kB
SwapFree:       16756136 kB
allocstall_dma 0
allocstall_dma32 0
allocstall_normal 30960
allocstall_movable 2221
allocstall_device 0
pgscan_direct 2236160
pgscan_direct_throttle 0
compact_stall 42506
2026-09-22T02:38:31Z
2398 MHz, 0x0000000000000000, 45, 10.72 W
MemFree:        10164460 kB
MemAvailable:   60960988 kB
Cached:         52159416 kB
SwapFree:       16756136 kB
allocstall_dma 0
allocstall_dma32 0
allocstall_normal 30960
allocstall_movable 2221
allocstall_device 0
pgscan_direct 2236160
pgscan_direct_throttle 0
compact_stall 42506
2026-09-22T02:38:32Z
2398 MHz, 0x0000000000000000, 45, 10.36 W
MemFree:        10168544 kB
MemAvailable:   60965176 kB
Cached:         52159416 kB
SwapFree:       16756136 kB
allocstall_dma 0
allocstall_dma32 0
allocstall_normal 30960
allocstall_movable 2221
allocstall_device 0
pgscan_direct 2236160
pgscan_direct_throttle 0
compact_stall 42506
2026-09-22T02:38:33Z
2398 MHz, 0x0000000000000000, 45, 10.33 W
MemFree:        10173524 kB
MemAvailable:   60970156 kB
Cached:         52159416 kB
SwapFree:       16756136 kB
allocstall_dma 0
allocstall_dma32 0
allocstall_normal 30960
allocstall_movable 2221
allocstall_device 0
pgscan_direct 2236160
pgscan_direct_throttle 0
compact_stall 42506
2026-09-22T02:38:34Z
2398 MHz, 0x0000000000000000, 45, 10.31 W
MemFree:        10182200 kB
MemAvailable:   60978832 kB
Cached:         52159416 kB
SwapFree:       16756136 kB
allocstall_dma 0
allocstall_dma32 0
allocstall_normal 30960
allocstall_movable 2221
allocstall_device 0
pgscan_direct 2236160
pgscan_direct_throttle 0
compact_stall 42506
2026-09-22T02:38:35Z
2405 MHz, 0x0000000000000000, 45, 10.68 W
MemFree:         8850784 kB
MemAvailable:   59648892 kB
Cached:         53008024 kB
SwapFree:       16756136 kB
allocstall_dma 0
allocstall_dma32 0
allocstall_normal 30960
allocstall_movable 2221
allocstall_device 0
pgscan_direct 2236160
pgscan_direct_throttle 0
compact_stall 42506
2026-09-22T02:38:36Z
2398 MHz, 0x0000000000000000, 45, 10.56 W
MemFree:         8143700 kB
MemAvailable:   58983788 kB
Cached:         53441976 kB
SwapFree:       16756136 kB
allocstall_dma 0
allocstall_dma32 0
allocstall_normal 30960
allocstall_movable 2221
allocstall_device 0
pgscan_direct 2236160
pgscan_direct_throttle 0
compact_stall 42506
2026-09-22T02:38:37Z
2437 MHz, 0x0000000000000000, 46, 12.23 W
MemFree:         6374900 kB
MemAvailable:   57601236 kB
Cached:         53823988 kB
SwapFree:       16756136 kB
allocstall_dma 0
allocstall_dma32 0
allocstall_normal 30960
allocstall_movable 2221
allocstall_device 0
pgscan_direct 2236160
pgscan_direct_throttle 0
compact_stall 42506
2026-09-22T02:38:38Z
2450 MHz, 0x0000000000000000, 47, 14.33 W
MemFree:         5392832 kB
MemAvailable:   57517260 kB
Cached:         54721984 kB
SwapFree:       16756136 kB
allocstall_dma 0
allocstall_dma32 0
allocstall_normal 30960
allocstall_movable 2221
allocstall_device 0
pgscan_direct 2236160
pgscan_direct_throttle 0
compact_stall 42506
2026-09-22T02:38:39Z
2541 MHz, 0x0000000000000000, 48, 18.64 W
MemFree:         2090956 kB
MemAvailable:   55392680 kB
Cached:         55899268 kB
SwapFree:       16756136 kB
allocstall_dma 0
allocstall_dma32 0
allocstall_normal 30960
allocstall_movable 2221
allocstall_device 0
pgscan_direct 2236160
pgscan_direct_throttle 0
compact_stall 42506
2026-09-22T02:38:40Z
2541 MHz, 0x0000000000000000, 48, 19.18 W
MemFree:         2637008 kB
MemAvailable:   53184472 kB
Cached:         53179988 kB
SwapFree:       16756136 kB
allocstall_dma 0
allocstall_dma32 0
allocstall_normal 30994
allocstall_movable 2231
allocstall_device 0
pgscan_direct 2239645
pgscan_direct_throttle 0
compact_stall 42864
2026-09-22T02:38:41Z
2483 MHz, 0x0000000000000000, 49, 18.87 W
MemFree:         2360176 kB
MemAvailable:   50937024 kB
Cached:         51251944 kB
SwapFree:       16755940 kB
allocstall_dma 0
allocstall_dma32 0
allocstall_normal 31050
allocstall_movable 2237
allocstall_device 0
pgscan_direct 2241234
pgscan_direct_throttle 0
compact_stall 43568
2026-09-22T02:38:43Z
2541 MHz, 0x0000000000000000, 49, 17.49 W
MemFree:         2598340 kB
MemAvailable:   48782748 kB
Cached:         48933372 kB
SwapFree:       16755940 kB
allocstall_dma 0
allocstall_dma32 0
allocstall_normal 31056
allocstall_movable 2239
allocstall_device 0
pgscan_direct 2241877
pgscan_direct_throttle 0
compact_stall 43915
2026-09-22T02:38:44Z
2476 MHz, 0x0000000000000000, 49, 18.37 W
MemFree:         2365436 kB
MemAvailable:   45043584 kB
Cached:         46363440 kB
SwapFree:       16755940 kB
allocstall_dma 0
allocstall_dma32 0
allocstall_normal 31068
allocstall_movable 2248
allocstall_device 0
pgscan_direct 2243867
pgscan_direct_throttle 0
compact_stall 44464
2026-09-22T02:38:45Z
2476 MHz, 0x0000000000000000, 48, 16.06 W
MemFree:         2750752 kB
MemAvailable:   43153212 kB
Cached:         43730032 kB
SwapFree:       16755940 kB
allocstall_dma 0
allocstall_dma32 0
allocstall_normal 31068
allocstall_movable 2248
allocstall_device 0
pgscan_direct 2243867
pgscan_direct_throttle 0
compact_stall 44476
2026-09-22T02:38:46Z
2489 MHz, 0x0000000000000000, 50, 19.57 W
MemFree:         2482428 kB
MemAvailable:   41567600 kB
Cached:         42164284 kB
SwapFree:       16755940 kB
allocstall_dma 0
allocstall_dma32 0
allocstall_normal 31068
allocstall_movable 2249
allocstall_device 0
pgscan_direct 2243995
pgscan_direct_throttle 0
compact_stall 44496
2026-09-22T02:38:47Z
2457 MHz, 0x0000000000000000, 49, 15.77 W
MemFree:         2281348 kB
MemAvailable:   40192316 kB
Cached:         41054256 kB
SwapFree:       16755940 kB
allocstall_dma 0
allocstall_dma32 0
allocstall_normal 31068
allocstall_movable 2249
allocstall_device 0
pgscan_direct 2243995
pgscan_direct_throttle 0
compact_stall 44505
2026-09-22T02:38:48Z
2489 MHz, 0x0000000000000000, 49, 17.42 W
MemFree:         2470192 kB
MemAvailable:   38169004 kB
Cached:         38932292 kB
SwapFree:       16755940 kB
allocstall_dma 0
allocstall_dma32 0
allocstall_normal 31068
allocstall_movable 2249
allocstall_device 0
pgscan_direct 2243995
pgscan_direct_throttle 0
compact_stall 44522
2026-09-22T02:38:49Z
2483 MHz, 0x0000000000000000, 50, 17.32 W
MemFree:         2400496 kB
MemAvailable:   36024796 kB
Cached:         36946176 kB
SwapFree:       16755940 kB
allocstall_dma 0
allocstall_dma32 0
allocstall_normal 31070
allocstall_movable 2250
allocstall_device 0
pgscan_direct 2244251
pgscan_direct_throttle 0
compact_stall 44544
2026-09-22T02:38:50Z
2457 MHz, 0x0000000000000000, 50, 16.34 W
MemFree:         2474316 kB
MemAvailable:   36044632 kB
Cached:         36922964 kB
SwapFree:       16755940 kB
allocstall_dma 0
allocstall_dma32 0
allocstall_normal 31070
allocstall_movable 2250
allocstall_device 0
pgscan_direct 2244251
pgscan_direct_throttle 0
compact_stall 44548
2026-09-22T02:38:51Z
2424 MHz, 0x0000000000000000, 49, 14.26 W
MemFree:         2286964 kB
MemAvailable:   36046348 kB
Cached:         37135172 kB
SwapFree:       16755940 kB
allocstall_dma 0
allocstall_dma32 0
allocstall_normal 31070
allocstall_movable 2251
allocstall_device 0
pgscan_direct 2244379
pgscan_direct_throttle 0
compact_stall 44551
2026-09-22T02:38:52Z
2444 MHz, 0x0000000000000000, 50, 14.56 W
MemFree:         2338192 kB
MemAvailable:   36030828 kB
Cached:         37099336 kB
SwapFree:       16755940 kB
allocstall_dma 0
allocstall_dma32 0
allocstall_normal 31070
allocstall_movable 2251
allocstall_device 0
pgscan_direct 2244379
pgscan_direct_throttle 0
compact_stall 44555
2026-09-22T02:38:53Z
2450 MHz, 0x0000000000000000, 50, 14.27 W
MemFree:         2262920 kB
MemAvailable:   36052304 kB
Cached:         37226920 kB
SwapFree:       16755940 kB
allocstall_dma 0
allocstall_dma32 0
allocstall_normal 31070
allocstall_movable 2251
allocstall_device 0
pgscan_direct 2244379
pgscan_direct_throttle 0
compact_stall 44559
2026-09-22T02:38:54Z
2483 MHz, 0x0000000000000000, 50, 14.25 W
MemFree:         2358872 kB
MemAvailable:   36053500 kB
Cached:         37155016 kB
SwapFree:       16755940 kB
allocstall_dma 0
allocstall_dma32 0
allocstall_normal 31070
allocstall_movable 2251
allocstall_device 0
pgscan_direct 2244379
pgscan_direct_throttle 0
compact_stall 44562
2026-09-22T02:38:55Z
2431 MHz, 0x0000000000000000, 50, 13.83 W
MemFree:         2453564 kB
MemAvailable:   36047180 kB
Cached:         37085140 kB
SwapFree:       16755940 kB
allocstall_dma 0
allocstall_dma32 0
allocstall_normal 31070
allocstall_movable 2251
allocstall_device 0
pgscan_direct 2244379
pgscan_direct_throttle 0
compact_stall 44566
2026-09-22T02:38:56Z
2424 MHz, 0x0000000000000000, 50, 13.69 W
MemFree:         2426328 kB
MemAvailable:   36059576 kB
Cached:         37147576 kB
SwapFree:       16755940 kB
allocstall_dma 0
allocstall_dma32 0
allocstall_normal 31070
allocstall_movable 2251
allocstall_device 0
pgscan_direct 2244379
pgscan_direct_throttle 0
compact_stall 44569
2026-09-22T02:38:57Z
2450 MHz, 0x0000000000000000, 50, 14.82 W
MemFree:         2451336 kB
MemAvailable:   36054312 kB
Cached:         37148752 kB
SwapFree:       16755940 kB
allocstall_dma 0
allocstall_dma32 0
allocstall_normal 31070
allocstall_movable 2251
allocstall_device 0
pgscan_direct 2244379
pgscan_direct_throttle 0
compact_stall 44573
2026-09-22T02:38:58Z
2470 MHz, 0x0000000000000000, 51, 15.05 W
MemFree:         2525864 kB
MemAvailable:   36084476 kB
Cached:         37135160 kB
SwapFree:       16755940 kB
allocstall_dma 0
allocstall_dma32 0
allocstall_normal 31070
allocstall_movable 2251
allocstall_device 0
pgscan_direct 2244379
pgscan_direct_throttle 0
compact_stall 44578
2026-09-22T02:38:59Z
2483 MHz, 0x0000000000000000, 51, 15.02 W
MemFree:         2436004 kB
MemAvailable:   36074032 kB
Cached:         37229732 kB
SwapFree:       16755940 kB
allocstall_dma 0
allocstall_dma32 0
allocstall_normal 31070
allocstall_movable 2251
allocstall_device 0
pgscan_direct 2244379
pgscan_direct_throttle 0
compact_stall 44580
2026-09-22T02:39:00Z
2444 MHz, 0x0000000000000000, 51, 14.86 W
MemFree:         2219044 kB
MemAvailable:   36084312 kB
Cached:         37480332 kB
SwapFree:       16755940 kB
allocstall_dma 0
allocstall_dma32 0
allocstall_normal 31070
allocstall_movable 2251
allocstall_device 0
pgscan_direct 2244379
pgscan_direct_throttle 0
compact_stall 44583
2026-09-22T02:39:01Z
2444 MHz, 0x0000000000000000, 51, 14.16 W
MemFree:         2490932 kB
MemAvailable:   36079000 kB
Cached:         37233920 kB
SwapFree:       16755940 kB
allocstall_dma 0
allocstall_dma32 0
allocstall_normal 31070
allocstall_movable 2251
allocstall_device 0
pgscan_direct 2244379
pgscan_direct_throttle 0
compact_stall 44587
2026-09-22T02:39:02Z
2457 MHz, 0x0000000000000000, 51, 14.86 W
MemFree:         2296480 kB
MemAvailable:   36077376 kB
Cached:         37449960 kB
SwapFree:       16755940 kB
allocstall_dma 0
allocstall_dma32 0
allocstall_normal 31070
allocstall_movable 2251
allocstall_device 0
pgscan_direct 2244379
pgscan_direct_throttle 0
compact_stall 44590
2026-09-22T02:39:03Z
2450 MHz, 0x0000000000000000, 51, 14.67 W
MemFree:         2302000 kB
MemAvailable:   36076908 kB
Cached:         37466904 kB
SwapFree:       16755940 kB
allocstall_dma 0
allocstall_dma32 0
allocstall_normal 31070
allocstall_movable 2251
allocstall_device 0
pgscan_direct 2244379
pgscan_direct_throttle 0
compact_stall 44593
2026-09-22T02:39:04Z
2450 MHz, 0x0000000000000000, 51, 14.65 W
MemFree:         2238560 kB
MemAvailable:   36075892 kB
Cached:         37544916 kB
SwapFree:       16755940 kB
allocstall_dma 0
allocstall_dma32 0
allocstall_normal 31070
allocstall_movable 2251
allocstall_device 0
pgscan_direct 2244379
pgscan_direct_throttle 0
compact_stall 44595
2026-09-22T02:39:05Z
2476 MHz, 0x0000000000000000, 51, 14.74 W
MemFree:         2321100 kB
MemAvailable:   36087272 kB
Cached:         37495548 kB
SwapFree:       16755916 kB
allocstall_dma 0
allocstall_dma32 0
allocstall_normal 31070
allocstall_movable 2251
allocstall_device 0
pgscan_direct 2244379
pgscan_direct_throttle 0
compact_stall 44598
2026-09-22T02:39:06Z
2444 MHz, 0x0000000000000000, 52, 14.82 W
MemFree:         2308160 kB
MemAvailable:   36080816 kB
Cached:         37504388 kB
SwapFree:       16755880 kB
allocstall_dma 0
allocstall_dma32 0
allocstall_normal 31070
allocstall_movable 2253
allocstall_device 0
pgscan_direct 2244662
pgscan_direct_throttle 0
compact_stall 44603
2026-09-22T02:39:07Z
2424 MHz, 0x0000000000000000, 51, 14.48 W
MemFree:         2256204 kB
MemAvailable:   36077816 kB
Cached:         37553896 kB
SwapFree:       16755872 kB
allocstall_dma 0
allocstall_dma32 0
allocstall_normal 31070
allocstall_movable 2255
allocstall_device 0
pgscan_direct 2244918
pgscan_direct_throttle 0
compact_stall 44608
2026-09-22T02:39:08Z
2457 MHz, 0x0000000000000000, 52, 15.76 W
MemFree:         2456904 kB
MemAvailable:   36057804 kB
Cached:         37333536 kB
SwapFree:       16755844 kB
allocstall_dma 0
allocstall_dma32 0
allocstall_normal 31070
allocstall_movable 2255
allocstall_device 0
pgscan_direct 2244918
pgscan_direct_throttle 0
compact_stall 44612
2026-09-22T02:39:09Z
2450 MHz, 0x0000000000000000, 52, 14.88 W
MemFree:         2765276 kB
MemAvailable:   36094036 kB
Cached:         37061460 kB
SwapFree:       16755824 kB
allocstall_dma 0
allocstall_dma32 0
allocstall_normal 31070
allocstall_movable 2256
allocstall_device 0
pgscan_direct 2245046
pgscan_direct_throttle 0
compact_stall 44616
2026-09-22T02:39:10Z
2444 MHz, 0x0000000000000000, 52, 14.48 W
MemFree:         2566988 kB
MemAvailable:   36066480 kB
Cached:         37232248 kB
SwapFree:       16755824 kB
allocstall_dma 0
allocstall_dma32 0
allocstall_normal 31070
allocstall_movable 2257
allocstall_device 0
pgscan_direct 2245174
pgscan_direct_throttle 0
compact_stall 44618
2026-09-22T02:39:11Z
2450 MHz, 0x0000000000000000, 52, 15.56 W
MemFree:         2298604 kB
MemAvailable:   36100384 kB
Cached:         37534784 kB
SwapFree:       16755824 kB
allocstall_dma 0
allocstall_dma32 0
allocstall_normal 31070
allocstall_movable 2258
allocstall_device 0
pgscan_direct 2245302
pgscan_direct_throttle 0
compact_stall 44620
2026-09-22T02:39:12Z
2444 MHz, 0x0000000000000000, 52, 15.12 W
MemFree:         2507192 kB
MemAvailable:   36086284 kB
Cached:         37312212 kB
SwapFree:       16755824 kB
allocstall_dma 0
allocstall_dma32 0
allocstall_normal 31070
allocstall_movable 2260
allocstall_device 0
pgscan_direct 2245558
pgscan_direct_throttle 0
compact_stall 44624
2026-09-22T02:39:14Z
2444 MHz, 0x0000000000000000, 52, 14.94 W
MemFree:         2313696 kB
MemAvailable:   36065572 kB
Cached:         37485204 kB
SwapFree:       16755824 kB
allocstall_dma 0
allocstall_dma32 0
allocstall_normal 31070
allocstall_movable 2261
allocstall_device 0
pgscan_direct 2245686
pgscan_direct_throttle 0
compact_stall 44626
2026-09-22T02:39:15Z
2450 MHz, 0x0000000000000000, 52, 15.63 W
MemFree:         2291376 kB
MemAvailable:   36069824 kB
Cached:         37511780 kB
SwapFree:       16755824 kB
allocstall_dma 0
allocstall_dma32 0
allocstall_normal 31070
allocstall_movable 2262
allocstall_device 0
pgscan_direct 2245814
pgscan_direct_throttle 0
compact_stall 44629
2026-09-22T02:39:16Z
2463 MHz, 0x0000000000000000, 52, 15.59 W
MemFree:         2403212 kB
MemAvailable:   36084012 kB
Cached:         37414148 kB
SwapFree:       16755824 kB
allocstall_dma 0
allocstall_dma32 0
allocstall_normal 31070
allocstall_movable 2262
allocstall_device 0
pgscan_direct 2245814
pgscan_direct_throttle 0
compact_stall 44633
2026-09-22T02:39:17Z
2431 MHz, 0x0000000000000000, 52, 14.60 W
MemFree:         2254216 kB
MemAvailable:   36057488 kB
Cached:         37536620 kB
SwapFree:       16755824 kB
allocstall_dma 0
allocstall_dma32 0
allocstall_normal 31070
allocstall_movable 2262
allocstall_device 0
pgscan_direct 2245814
pgscan_direct_throttle 0
compact_stall 44635
2026-09-22T02:39:18Z
2457 MHz, 0x0000000000000000, 53, 15.67 W
MemFree:         2593524 kB
MemAvailable:   36076876 kB
Cached:         37216704 kB
SwapFree:       16755824 kB
allocstall_dma 0
allocstall_dma32 0
allocstall_normal 31070
allocstall_movable 2265
allocstall_device 0
pgscan_direct 2246222
pgscan_direct_throttle 0
compact_stall 44641
2026-09-22T02:39:19Z
2463 MHz, 0x0000000000000000, 53, 15.51 W
MemFree:         2488836 kB
MemAvailable:   36067512 kB
Cached:         37312028 kB
SwapFree:       16755824 kB
allocstall_dma 0
allocstall_dma32 0
allocstall_normal 31070
allocstall_movable 2265
allocstall_device 0
pgscan_direct 2246222
pgscan_direct_throttle 0
compact_stall 44644
2026-09-22T02:39:20Z
2437 MHz, 0x0000000000000000, 52, 14.82 W
MemFree:         2368372 kB
MemAvailable:   36086636 kB
Cached:         37451616 kB
SwapFree:       16755824 kB
allocstall_dma 0
allocstall_dma32 0
allocstall_normal 31070
allocstall_movable 2265
allocstall_device 0
pgscan_direct 2246222
pgscan_direct_throttle 0
compact_stall 44646
2026-09-22T02:39:21Z
2431 MHz, 0x0000000000000000, 53, 14.58 W
MemFree:         2499868 kB
MemAvailable:   36086420 kB
Cached:         37319904 kB
SwapFree:       16755824 kB
allocstall_dma 0
allocstall_dma32 0
allocstall_normal 31070
allocstall_movable 2265
allocstall_device 0
pgscan_direct 2246222
pgscan_direct_throttle 0
compact_stall 44650
2026-09-22T02:39:22Z
2437 MHz, 0x0000000000000000, 53, 13.98 W
MemFree:         2236652 kB
MemAvailable:   36062880 kB
Cached:         37559576 kB
SwapFree:       16755824 kB
allocstall_dma 0
allocstall_dma32 0
allocstall_normal 31070
allocstall_movable 2265
allocstall_device 0
pgscan_direct 2246222
pgscan_direct_throttle 0
compact_stall 44653
2026-09-22T02:39:23Z
2476 MHz, 0x0000000000000000, 53, 15.12 W
MemFree:         2262772 kB
MemAvailable:   36065156 kB
Cached:         37535740 kB
SwapFree:       16755824 kB
allocstall_dma 0
allocstall_dma32 0
allocstall_normal 31070
allocstall_movable 2265
allocstall_device 0
pgscan_direct 2246222
pgscan_direct_throttle 0
compact_stall 44656
2026-09-22T02:39:24Z
2444 MHz, 0x0000000000000000, 53, 15.01 W
MemFree:         2507092 kB
MemAvailable:   36061408 kB
Cached:         37287848 kB
SwapFree:       16755824 kB
allocstall_dma 0
allocstall_dma32 0
allocstall_normal 31070
allocstall_movable 2265
allocstall_device 0
pgscan_direct 2246222
pgscan_direct_throttle 0
compact_stall 44661
2026-09-22T02:39:25Z
2411 MHz, 0x0000000000000000, 53, 14.06 W
MemFree:         2278896 kB
MemAvailable:   36029480 kB
Cached:         37486140 kB
SwapFree:       16755824 kB
allocstall_dma 0
allocstall_dma32 0
allocstall_normal 31070
allocstall_movable 2265
allocstall_device 0
pgscan_direct 2246222
pgscan_direct_throttle 0
compact_stall 44663
2026-09-22T02:39:26Z
2424 MHz, 0x0000000000000000, 53, 14.28 W
MemFree:         2349200 kB
MemAvailable:   36027952 kB
Cached:         37416016 kB
SwapFree:       16755824 kB
allocstall_dma 0
allocstall_dma32 0
allocstall_normal 31070
allocstall_movable 2265
allocstall_device 0
pgscan_direct 2246222
pgscan_direct_throttle 0
compact_stall 44666
2026-09-22T02:39:27Z
2431 MHz, 0x0000000000000000, 53, 13.66 W
MemFree:         2288132 kB
MemAvailable:   35998088 kB
Cached:         37449304 kB
SwapFree:       16755824 kB
allocstall_dma 0
allocstall_dma32 0
allocstall_normal 31070
allocstall_movable 2265
allocstall_device 0
pgscan_direct 2246222
pgscan_direct_throttle 0
compact_stall 44669
2026-09-22T02:39:28Z
2489 MHz, 0x0000000000000000, 53, 15.46 W
MemFree:         2245728 kB
MemAvailable:   36051092 kB
Cached:         37546964 kB
SwapFree:       16755824 kB
allocstall_dma 0
allocstall_dma32 0
allocstall_normal 31070
allocstall_movable 2265
allocstall_device 0
pgscan_direct 2246222
pgscan_direct_throttle 0
compact_stall 44671
2026-09-22T02:39:29Z
2509 MHz, 0x0000000000000000, 54, 17.55 W
MemFree:         2454848 kB
MemAvailable:   36057436 kB
Cached:         37349012 kB
SwapFree:       16755824 kB
allocstall_dma 0
allocstall_dma32 0
allocstall_normal 31070
allocstall_movable 2265
allocstall_device 0
pgscan_direct 2246222
pgscan_direct_throttle 0
compact_stall 44676
2026-09-22T02:39:30Z
2470 MHz, 0x0000000000000000, 54, 18.24 W
MemFree:         2344784 kB
MemAvailable:   36026820 kB
Cached:         37430572 kB
SwapFree:       16755824 kB
allocstall_dma 0
allocstall_dma32 0
allocstall_normal 31070
allocstall_movable 2265
allocstall_device 0
pgscan_direct 2246222
pgscan_direct_throttle 0
compact_stall 44679
2026-09-22T02:39:31Z
2437 MHz, 0x0000000000000000, 53, 15.26 W
MemFree:         2504740 kB
MemAvailable:   36028956 kB
Cached:         37273824 kB
SwapFree:       16755824 kB
allocstall_dma 0
allocstall_dma32 0
allocstall_normal 31070
allocstall_movable 2265
allocstall_device 0
pgscan_direct 2246222
pgscan_direct_throttle 0
compact_stall 44681
2026-09-22T02:39:32Z
2405 MHz, 0x0000000000000000, 53, 12.86 W
MemFree:         2504820 kB
MemAvailable:   36029448 kB
Cached:         37274252 kB
SwapFree:       16755824 kB
allocstall_dma 0
allocstall_dma32 0
allocstall_normal 31070
allocstall_movable 2265
allocstall_device 0
pgscan_direct 2246222
pgscan_direct_throttle 0
compact_stall 44681
2026-09-22T02:39:33Z
2405 MHz, 0x0000000000000000, 53, 12.86 W
MemFree:         2503768 kB
MemAvailable:   36028396 kB
Cached:         37274252 kB
SwapFree:       16755824 kB
allocstall_dma 0
allocstall_dma32 0
allocstall_normal 31070
allocstall_movable 2265
allocstall_device 0
pgscan_direct 2246222
pgscan_direct_throttle 0
compact_stall 44681
2026-09-22T02:39:34Z
2483 MHz, 0x0000000000000000, 54, 16.66 W
MemFree:         3736908 kB
MemAvailable:   37304172 kB
Cached:         37316344 kB
SwapFree:       16755824 kB
allocstall_dma 0
allocstall_dma32 0
allocstall_normal 31070
allocstall_movable 2265
allocstall_device 0
pgscan_direct 2246222
pgscan_direct_throttle 0
compact_stall 44681
2026-09-22T02:39:35Z
2509 MHz, 0x0000000000000000, 55, 17.11 W
MemFree:         3716344 kB
MemAvailable:   37288704 kB
Cached:         37321508 kB
SwapFree:       16755824 kB
allocstall_dma 0
allocstall_dma32 0
allocstall_normal 31070
allocstall_movable 2265
allocstall_device 0
pgscan_direct 2246222
pgscan_direct_throttle 0
compact_stall 44681
2026-09-22T02:39:36Z
2522 MHz, 0x0000000000000000, 55, 20.71 W
MemFree:        11097552 kB
MemAvailable:   44681824 kB
Cached:         37333336 kB
SwapFree:       16755824 kB
allocstall_dma 0
allocstall_dma32 0
allocstall_normal 31070
allocstall_movable 2265
allocstall_device 0
pgscan_direct 2246222
pgscan_direct_throttle 0
compact_stall 44681
2026-09-22T02:39:37Z
2398 MHz, 0x0000000000000000, 53, 13.19 W
MemFree:        22926848 kB
MemAvailable:   56525240 kB
Cached:         37363796 kB
SwapFree:       16755824 kB
allocstall_dma 0
allocstall_dma32 0
allocstall_normal 31070
allocstall_movable 2265
allocstall_device 0
pgscan_direct 2246222
pgscan_direct_throttle 0
compact_stall 44681
2026-09-22T02:39:38Z
2398 MHz, 0x0000000000000000, 53, 11.65 W
MemFree:        22758404 kB
MemAvailable:   56356864 kB
Cached:         37363864 kB
SwapFree:       16755824 kB
allocstall_dma 0
allocstall_dma32 0
allocstall_normal 31070
allocstall_movable 2265
allocstall_device 0
pgscan_direct 2246222
pgscan_direct_throttle 0
compact_stall 44681
2026-09-22T02:39:39Z
2398 MHz, 0x0000000000000000, 53, 11.62 W
MemFree:        22651932 kB
MemAvailable:   56250392 kB
Cached:         37363864 kB
SwapFree:       16755824 kB
allocstall_dma 0
allocstall_dma32 0
allocstall_normal 31070
allocstall_movable 2265
allocstall_device 0
pgscan_direct 2246222
pgscan_direct_throttle 0
compact_stall 44681
2026-09-22T02:39:40Z
2398 MHz, 0x0000000000000000, 53, 11.63 W
MemFree:        22633552 kB
MemAvailable:   56232012 kB
Cached:         37363864 kB
SwapFree:       16755824 kB
allocstall_dma 0
allocstall_dma32 0
allocstall_normal 31070
allocstall_movable 2265
allocstall_device 0
pgscan_direct 2246222
pgscan_direct_throttle 0
compact_stall 44681
2026-09-22T02:39:41Z
2398 MHz, 0x0000000000000000, 52, 11.56 W
MemFree:        22605460 kB
MemAvailable:   56204600 kB
Cached:         37364556 kB
SwapFree:       16755824 kB
allocstall_dma 0
allocstall_dma32 0
allocstall_normal 31070
allocstall_movable 2265
allocstall_device 0
pgscan_direct 2246222
pgscan_direct_throttle 0
compact_stall 44681
2026-09-22T02:39:42Z
2398 MHz, 0x0000000000000000, 52, 11.40 W
MemFree:        22610128 kB
MemAvailable:   56209268 kB
Cached:         37364556 kB
SwapFree:       16755824 kB
allocstall_dma 0
allocstall_dma32 0
allocstall_normal 31070
allocstall_movable 2265
allocstall_device 0
pgscan_direct 2246222
pgscan_direct_throttle 0
compact_stall 44681
2026-09-22T02:39:43Z
2398 MHz, 0x0000000000000000, 52, 11.37 W
MemFree:        22598444 kB
MemAvailable:   56197584 kB
Cached:         37364556 kB
SwapFree:       16755824 kB
allocstall_dma 0
allocstall_dma32 0
allocstall_normal 31070
allocstall_movable 2265
allocstall_device 0
pgscan_direct 2246222
pgscan_direct_throttle 0
compact_stall 44681
2026-09-22T02:39:44Z
2398 MHz, 0x0000000000000000, 52, 11.34 W
MemFree:        22622880 kB
MemAvailable:   56222072 kB
Cached:         37364556 kB
SwapFree:       16755824 kB
allocstall_dma 0
allocstall_dma32 0
allocstall_normal 31070
allocstall_movable 2265
allocstall_device 0
pgscan_direct 2246222
pgscan_direct_throttle 0
compact_stall 44681
2026-09-22T02:39:45Z
2398 MHz, 0x0000000000000000, 52, 11.33 W
MemFree:        22607484 kB
MemAvailable:   56206676 kB
Cached:         37364556 kB
SwapFree:       16755824 kB
allocstall_dma 0
allocstall_dma32 0
allocstall_normal 31070
allocstall_movable 2265
allocstall_device 0
pgscan_direct 2246222
pgscan_direct_throttle 0
compact_stall 44681
2026-09-22T02:39:47Z
2398 MHz, 0x0000000000000000, 52, 11.30 W
MemFree:        22599348 kB
MemAvailable:   56198516 kB
Cached:         37364556 kB
SwapFree:       16755824 kB
allocstall_dma 0
allocstall_dma32 0
allocstall_normal 31070
allocstall_movable 2265
allocstall_device 0
pgscan_direct 2246222
pgscan_direct_throttle 0
compact_stall 44681
2026-09-22T02:39:48Z
2398 MHz, 0x0000000000000000, 52, 11.28 W
MemFree:        22592836 kB
MemAvailable:   56192012 kB
Cached:         37364556 kB
SwapFree:       16755824 kB
allocstall_dma 0
allocstall_dma32 0
allocstall_normal 31070
allocstall_movable 2265
allocstall_device 0
pgscan_direct 2246222
pgscan_direct_throttle 0
compact_stall 44681
2026-09-22T02:39:49Z
2398 MHz, 0x0000000000000000, 52, 11.29 W
MemFree:        22592052 kB
MemAvailable:   56191228 kB
Cached:         37364556 kB
SwapFree:       16755824 kB
allocstall_dma 0
allocstall_dma32 0
allocstall_normal 31070
allocstall_movable 2265
allocstall_device 0
pgscan_direct 2246222
pgscan_direct_throttle 0
compact_stall 44681
2026-09-22T02:39:50Z
2398 MHz, 0x0000000000000000, 51, 11.31 W
MemFree:        22588376 kB
MemAvailable:   56187552 kB
Cached:         37364556 kB
SwapFree:       16755824 kB
allocstall_dma 0
allocstall_dma32 0
allocstall_normal 31070
allocstall_movable 2265
allocstall_device 0
pgscan_direct 2246222
pgscan_direct_throttle 0
compact_stall 44681
2026-09-22T02:39:51Z
2398 MHz, 0x0000000000000000, 51, 11.28 W
MemFree:        22588256 kB
MemAvailable:   56187432 kB
Cached:         37364556 kB
SwapFree:       16755824 kB
allocstall_dma 0
allocstall_dma32 0
allocstall_normal 31070
allocstall_movable 2265
allocstall_device 0
pgscan_direct 2246222
pgscan_direct_throttle 0
compact_stall 44681
2026-09-22T02:39:52Z
2398 MHz, 0x0000000000000000, 51, 11.25 W
MemFree:        22584880 kB
MemAvailable:   56184056 kB
Cached:         37364556 kB
SwapFree:       16755824 kB
allocstall_dma 0
allocstall_dma32 0
allocstall_normal 31070
allocstall_movable 2265
allocstall_device 0
pgscan_direct 2246222
pgscan_direct_throttle 0
compact_stall 44681
2026-09-22T02:39:53Z
2398 MHz, 0x0000000000000000, 51, 11.25 W
MemFree:        22589652 kB
MemAvailable:   56188828 kB
Cached:         37364556 kB
SwapFree:       16755824 kB
allocstall_dma 0
allocstall_dma32 0
allocstall_normal 31070
allocstall_movable 2265
allocstall_device 0
pgscan_direct 2246222
pgscan_direct_throttle 0
compact_stall 44681
2026-09-22T02:39:54Z
2398 MHz, 0x0000000000000000, 51, 11.23 W
MemFree:        22597888 kB
MemAvailable:   56197064 kB
Cached:         37364556 kB
SwapFree:       16755824 kB
allocstall_dma 0
allocstall_dma32 0
allocstall_normal 31070
allocstall_movable 2265
allocstall_device 0
pgscan_direct 2246222
pgscan_direct_throttle 0
compact_stall 44681
2026-09-22T02:39:55Z
2398 MHz, 0x0000000000000000, 51, 11.21 W
MemFree:        22599084 kB
MemAvailable:   56198260 kB
Cached:         37364556 kB
SwapFree:       16755824 kB
allocstall_dma 0
allocstall_dma32 0
allocstall_normal 31070
allocstall_movable 2265
allocstall_device 0
pgscan_direct 2246222
pgscan_direct_throttle 0
compact_stall 44681
2026-09-22T02:39:56Z
2398 MHz, 0x0000000000000000, 51, 11.18 W
MemFree:        22604384 kB
MemAvailable:   56203560 kB
Cached:         37364556 kB
SwapFree:       16755824 kB
allocstall_dma 0
allocstall_dma32 0
allocstall_normal 31070
allocstall_movable 2265
allocstall_device 0
pgscan_direct 2246222
pgscan_direct_throttle 0
compact_stall 44681
2026-09-22T02:39:57Z
2398 MHz, 0x0000000000000000, 51, 11.09 W
MemFree:        22590028 kB
MemAvailable:   56189204 kB
Cached:         37364556 kB
SwapFree:       16755824 kB
allocstall_dma 0
allocstall_dma32 0
allocstall_normal 31070
allocstall_movable 2265
allocstall_device 0
pgscan_direct 2246222
pgscan_direct_throttle 0
compact_stall 44681
2026-09-22T02:39:58Z
2398 MHz, 0x0000000000000000, 51, 11.04 W
MemFree:        22591772 kB
MemAvailable:   56190948 kB
Cached:         37364556 kB
SwapFree:       16755824 kB
allocstall_dma 0
allocstall_dma32 0
allocstall_normal 31070
allocstall_movable 2265
allocstall_device 0
pgscan_direct 2246222
pgscan_direct_throttle 0
compact_stall 44681
2026-09-22T02:39:59Z
2398 MHz, 0x0000000000000000, 51, 11.06 W
MemFree:        22592636 kB
MemAvailable:   56191812 kB
Cached:         37364556 kB
SwapFree:       16755824 kB
allocstall_dma 0
allocstall_dma32 0
allocstall_normal 31070
allocstall_movable 2265
allocstall_device 0
pgscan_direct 2246222
pgscan_direct_throttle 0
compact_stall 44681
2026-09-22T02:40:00Z
2398 MHz, 0x0000000000000000, 51, 11.08 W
MemFree:        22592372 kB
MemAvailable:   56191548 kB
Cached:         37364556 kB
SwapFree:       16755824 kB
allocstall_dma 0
allocstall_dma32 0
allocstall_normal 31070
allocstall_movable 2265
allocstall_device 0
pgscan_direct 2246222
pgscan_direct_throttle 0
compact_stall 44681
2026-09-22T02:40:01Z
2398 MHz, 0x0000000000000000, 51, 11.06 W
MemFree:        22599356 kB
MemAvailable:   56198532 kB
Cached:         37364556 kB
SwapFree:       16755824 kB
allocstall_dma 0
allocstall_dma32 0
allocstall_normal 31070
allocstall_movable 2265
allocstall_device 0
pgscan_direct 2246222
pgscan_direct_throttle 0
compact_stall 44681
2026-09-22T02:40:02Z
2398 MHz, 0x0000000000000000, 51, 11.05 W
MemFree:        22605116 kB
MemAvailable:   56204292 kB
Cached:         37364556 kB
SwapFree:       16755824 kB
allocstall_dma 0
allocstall_dma32 0
allocstall_normal 31070
allocstall_movable 2265
allocstall_device 0
pgscan_direct 2246222
pgscan_direct_throttle 0
compact_stall 44681
2026-09-22T02:40:03Z
2398 MHz, 0x0000000000000000, 50, 11.10 W
MemFree:        22611104 kB
MemAvailable:   56210280 kB
Cached:         37364556 kB
SwapFree:       16755824 kB
allocstall_dma 0
allocstall_dma32 0
allocstall_normal 31070
allocstall_movable 2265
allocstall_device 0
pgscan_direct 2246222
pgscan_direct_throttle 0
compact_stall 44681
2026-09-22T02:40:04Z
2398 MHz, 0x0000000000000000, 50, 11.04 W
MemFree:        22621348 kB
MemAvailable:   56220524 kB
Cached:         37364556 kB
SwapFree:       16755824 kB
allocstall_dma 0
allocstall_dma32 0
allocstall_normal 31070
allocstall_movable 2265
allocstall_device 0
pgscan_direct 2246222
pgscan_direct_throttle 0
compact_stall 44681
2026-09-22T02:40:05Z
2398 MHz, 0x0000000000000000, 50, 11.05 W
MemFree:        22620200 kB
MemAvailable:   56219376 kB
Cached:         37364556 kB
SwapFree:       16755824 kB
allocstall_dma 0
allocstall_dma32 0
allocstall_normal 31070
allocstall_movable 2265
allocstall_device 0
pgscan_direct 2246222
pgscan_direct_throttle 0
compact_stall 44681
2026-09-22T02:40:06Z
2398 MHz, 0x0000000000000000, 50, 11.02 W
MemFree:        22629508 kB
MemAvailable:   56228684 kB
Cached:         37364556 kB
SwapFree:       16755824 kB
allocstall_dma 0
allocstall_dma32 0
allocstall_normal 31070
allocstall_movable 2265
allocstall_device 0
pgscan_direct 2246222
pgscan_direct_throttle 0
compact_stall 44681
2026-09-22T02:40:07Z
2398 MHz, 0x0000000000000000, 50, 11.06 W
MemFree:        22612612 kB
MemAvailable:   56211788 kB
Cached:         37364556 kB
SwapFree:       16755824 kB
allocstall_dma 0
allocstall_dma32 0
allocstall_normal 31070
allocstall_movable 2265
allocstall_device 0
pgscan_direct 2246222
pgscan_direct_throttle 0
compact_stall 44681
2026-09-22T02:40:08Z
2398 MHz, 0x0000000000000000, 50, 11.04 W
MemFree:        22619948 kB
MemAvailable:   56219124 kB
Cached:         37364552 kB
SwapFree:       16755824 kB
allocstall_dma 0
allocstall_dma32 0
allocstall_normal 31070
allocstall_movable 2265
allocstall_device 0
pgscan_direct 2246222
pgscan_direct_throttle 0
compact_stall 44681
2026-09-22T02:40:09Z
2398 MHz, 0x0000000000000000, 50, 11.04 W
MemFree:        22611104 kB
MemAvailable:   56210464 kB
Cached:         37364728 kB
SwapFree:       16755824 kB
allocstall_dma 0
allocstall_dma32 0
allocstall_normal 31070
allocstall_movable 2265
allocstall_device 0
pgscan_direct 2246222
pgscan_direct_throttle 0
compact_stall 44681
2026-09-22T02:40:10Z
2398 MHz, 0x0000000000000000, 50, 10.99 W
MemFree:        22634760 kB
MemAvailable:   56234120 kB
Cached:         37364728 kB
SwapFree:       16755824 kB
allocstall_dma 0
allocstall_dma32 0
allocstall_normal 31070
allocstall_movable 2265
allocstall_device 0
pgscan_direct 2246222
pgscan_direct_throttle 0
compact_stall 44681
2026-09-22T02:40:11Z
2398 MHz, 0x0000000000000000, 50, 10.97 W
MemFree:        22646444 kB
MemAvailable:   56245804 kB
Cached:         37364728 kB
SwapFree:       16755824 kB
allocstall_dma 0
allocstall_dma32 0
allocstall_normal 31070
allocstall_movable 2265
allocstall_device 0
pgscan_direct 2246222
pgscan_direct_throttle 0
compact_stall 44681
2026-09-22T02:40:12Z
2398 MHz, 0x0000000000000000, 50, 11.00 W
MemFree:        22662920 kB
MemAvailable:   56262280 kB
Cached:         37364728 kB
SwapFree:       16755824 kB
allocstall_dma 0
allocstall_dma32 0
allocstall_normal 31070
allocstall_movable 2265
allocstall_device 0
pgscan_direct 2246222
pgscan_direct_throttle 0
compact_stall 44681
2026-09-22T02:40:13Z
2398 MHz, 0x0000000000000000, 50, 10.97 W
MemFree:        22679636 kB
MemAvailable:   56278996 kB
Cached:         37364728 kB
SwapFree:       16755824 kB
allocstall_dma 0
allocstall_dma32 0
allocstall_normal 31070
allocstall_movable 2265
allocstall_device 0
pgscan_direct 2246222
pgscan_direct_throttle 0
compact_stall 44681
2026-09-22T02:40:14Z
2398 MHz, 0x0000000000000000, 50, 10.99 W
MemFree:        22706324 kB
MemAvailable:   56305692 kB
Cached:         37364728 kB
SwapFree:       16755824 kB
allocstall_dma 0
allocstall_dma32 0
allocstall_normal 31070
allocstall_movable 2265
allocstall_device 0
pgscan_direct 2246222
pgscan_direct_throttle 0
compact_stall 44681
2026-09-22T02:40:15Z
2398 MHz, 0x0000000000000000, 50, 10.99 W
MemFree:        22706392 kB
MemAvailable:   56305760 kB
Cached:         37364728 kB
SwapFree:       16755824 kB
allocstall_dma 0
allocstall_dma32 0
allocstall_normal 31070
allocstall_movable 2265
allocstall_device 0
pgscan_direct 2246222
pgscan_direct_throttle 0
compact_stall 44681
2026-09-22T02:40:16Z
2398 MHz, 0x0000000000000000, 50, 10.96 W
MemFree:        22709964 kB
MemAvailable:   56309332 kB
Cached:         37364728 kB
SwapFree:       16755824 kB
allocstall_dma 0
allocstall_dma32 0
allocstall_normal 31070
allocstall_movable 2265
allocstall_device 0
pgscan_direct 2246222
pgscan_direct_throttle 0
compact_stall 44681
2026-09-22T02:40:17Z
2398 MHz, 0x0000000000000000, 50, 10.95 W
MemFree:        22715044 kB
MemAvailable:   56314412 kB
Cached:         37364728 kB
SwapFree:       16755824 kB
allocstall_dma 0
allocstall_dma32 0
allocstall_normal 31070
allocstall_movable 2265
allocstall_device 0
pgscan_direct 2246222
pgscan_direct_throttle 0
compact_stall 44681
2026-09-22T02:40:18Z
2398 MHz, 0x0000000000000000, 50, 10.95 W
MemFree:        22715472 kB
MemAvailable:   56314840 kB
Cached:         37364728 kB
SwapFree:       16755824 kB
allocstall_dma 0
allocstall_dma32 0
allocstall_normal 31070
allocstall_movable 2265
allocstall_device 0
pgscan_direct 2246222
pgscan_direct_throttle 0
compact_stall 44681
2026-09-22T02:40:19Z
2398 MHz, 0x0000000000000000, 50, 10.93 W
MemFree:        22731744 kB
MemAvailable:   56331112 kB
Cached:         37364728 kB
SwapFree:       16755824 kB
allocstall_dma 0
allocstall_dma32 0
allocstall_normal 31070
allocstall_movable 2265
allocstall_device 0
pgscan_direct 2246222
pgscan_direct_throttle 0
compact_stall 44681
2026-09-22T02:40:21Z
2398 MHz, 0x0000000000000000, 50, 10.97 W
MemFree:        22740944 kB
MemAvailable:   56340312 kB
Cached:         37364728 kB
SwapFree:       16755824 kB
allocstall_dma 0
allocstall_dma32 0
allocstall_normal 31070
allocstall_movable 2265
allocstall_device 0
pgscan_direct 2246222
pgscan_direct_throttle 0
compact_stall 44681
2026-09-22T02:40:22Z
2398 MHz, 0x0000000000000000, 50, 10.95 W
MemFree:        22737452 kB
MemAvailable:   56336820 kB
Cached:         37364728 kB
SwapFree:       16755824 kB
allocstall_dma 0
allocstall_dma32 0
allocstall_normal 31070
allocstall_movable 2265
allocstall_device 0
pgscan_direct 2246222
pgscan_direct_throttle 0
compact_stall 44681
2026-09-22T02:40:23Z
2398 MHz, 0x0000000000000000, 50, 10.94 W
MemFree:        22740548 kB
MemAvailable:   56339916 kB
Cached:         37364728 kB
SwapFree:       16755824 kB
allocstall_dma 0
allocstall_dma32 0
allocstall_normal 31070
allocstall_movable 2265
allocstall_device 0
pgscan_direct 2246222
pgscan_direct_throttle 0
compact_stall 44681
2026-09-22T02:40:24Z
2398 MHz, 0x0000000000000000, 50, 10.91 W
MemFree:        22738436 kB
MemAvailable:   56337812 kB
Cached:         37364728 kB
SwapFree:       16755824 kB
allocstall_dma 0
allocstall_dma32 0
allocstall_normal 31070
allocstall_movable 2265
allocstall_device 0
pgscan_direct 2246222
pgscan_direct_throttle 0
compact_stall 44681
2026-09-22T02:40:25Z
2398 MHz, 0x0000000000000000, 50, 10.93 W
MemFree:        22737528 kB
MemAvailable:   56336904 kB
Cached:         37364728 kB
SwapFree:       16755824 kB
allocstall_dma 0
allocstall_dma32 0
allocstall_normal 31070
allocstall_movable 2265
allocstall_device 0
pgscan_direct 2246222
pgscan_direct_throttle 0
compact_stall 44681
2026-09-22T02:40:26Z
2398 MHz, 0x0000000000000000, 50, 10.93 W
MemFree:        22727640 kB
MemAvailable:   56357692 kB
Cached:         37395376 kB
SwapFree:       16755828 kB
allocstall_dma 0
allocstall_dma32 0
allocstall_normal 31070
allocstall_movable 2265
allocstall_device 0
pgscan_direct 2246222
pgscan_direct_throttle 0
compact_stall 44681
2026-09-22T02:40:27Z
2398 MHz, 0x0000000000000000, 50, 10.97 W
MemFree:        22718952 kB
MemAvailable:   56349136 kB
Cached:         37395468 kB
SwapFree:       16755828 kB
allocstall_dma 0
allocstall_dma32 0
allocstall_normal 31070
allocstall_movable 2265
allocstall_device 0
pgscan_direct 2246222
pgscan_direct_throttle 0
compact_stall 44681
2026-09-22T02:40:28Z
2398 MHz, 0x0000000000000000, 50, 10.90 W
MemFree:        22714524 kB
MemAvailable:   56344708 kB
Cached:         37395468 kB
SwapFree:       16755828 kB
allocstall_dma 0
allocstall_dma32 0
allocstall_normal 31070
allocstall_movable 2265
allocstall_device 0
pgscan_direct 2246222
pgscan_direct_throttle 0
compact_stall 44681
2026-09-22T02:40:29Z
2398 MHz, 0x0000000000000000, 50, 10.92 W
MemFree:        22716228 kB
MemAvailable:   56346412 kB
Cached:         37395468 kB
SwapFree:       16755828 kB
allocstall_dma 0
allocstall_dma32 0
allocstall_normal 31070
allocstall_movable 2265
allocstall_device 0
pgscan_direct 2246222
pgscan_direct_throttle 0
compact_stall 44681
2026-09-22T02:40:30Z
2398 MHz, 0x0000000000000000, 50, 10.92 W
MemFree:        22717188 kB
MemAvailable:   56347372 kB
Cached:         37395468 kB
SwapFree:       16755828 kB
allocstall_dma 0
allocstall_dma32 0
allocstall_normal 31070
allocstall_movable 2265
allocstall_device 0
pgscan_direct 2246222
pgscan_direct_throttle 0
compact_stall 44681
2026-09-22T02:40:31Z
2398 MHz, 0x0000000000000000, 50, 10.92 W
MemFree:        22723440 kB
MemAvailable:   56353624 kB
Cached:         37395468 kB
SwapFree:       16755828 kB
allocstall_dma 0
allocstall_dma32 0
allocstall_normal 31070
allocstall_movable 2265
allocstall_device 0
pgscan_direct 2246222
pgscan_direct_throttle 0
compact_stall 44681
2026-09-22T02:40:32Z
2398 MHz, 0x0000000000000000, 50, 10.92 W
MemFree:        22720520 kB
MemAvailable:   56350704 kB
Cached:         37395468 kB
SwapFree:       16755828 kB
allocstall_dma 0
allocstall_dma32 0
allocstall_normal 31070
allocstall_movable 2265
allocstall_device 0
pgscan_direct 2246222
pgscan_direct_throttle 0
compact_stall 44681
2026-09-22T02:40:33Z
2398 MHz, 0x0000000000000000, 49, 10.90 W
MemFree:        22730300 kB
MemAvailable:   56360492 kB
Cached:         37395468 kB
SwapFree:       16755828 kB
allocstall_dma 0
allocstall_dma32 0
allocstall_normal 31070
allocstall_movable 2265
allocstall_device 0
pgscan_direct 2246222
pgscan_direct_throttle 0
compact_stall 44681
2026-09-22T02:40:34Z
2398 MHz, 0x0000000000000000, 49, 10.91 W
MemFree:        22726380 kB
MemAvailable:   56356572 kB
Cached:         37395468 kB
SwapFree:       16755828 kB
allocstall_dma 0
allocstall_dma32 0
allocstall_normal 31070
allocstall_movable 2265
allocstall_device 0
pgscan_direct 2246222
pgscan_direct_throttle 0
compact_stall 44681
2026-09-22T02:40:35Z
2398 MHz, 0x0000000000000000, 49, 10.90 W
MemFree:        22720332 kB
MemAvailable:   56350524 kB
Cached:         37395468 kB
SwapFree:       16755828 kB
allocstall_dma 0
allocstall_dma32 0
allocstall_normal 31070
allocstall_movable 2265
allocstall_device 0
pgscan_direct 2246222
pgscan_direct_throttle 0
compact_stall 44681
2026-09-22T02:40:36Z
2398 MHz, 0x0000000000000000, 49, 10.92 W
MemFree:        22725780 kB
MemAvailable:   56355972 kB
Cached:         37395468 kB
SwapFree:       16755828 kB
allocstall_dma 0
allocstall_dma32 0
allocstall_normal 31070
allocstall_movable 2265
allocstall_device 0
pgscan_direct 2246222
pgscan_direct_throttle 0
compact_stall 44681
2026-09-22T02:40:37Z
2398 MHz, 0x0000000000000000, 49, 10.89 W
MemFree:        22715932 kB
MemAvailable:   56346124 kB
Cached:         37395468 kB
SwapFree:       16755828 kB
allocstall_dma 0
allocstall_dma32 0
allocstall_normal 31070
allocstall_movable 2265
allocstall_device 0
pgscan_direct 2246222
pgscan_direct_throttle 0
compact_stall 44681
2026-09-22T02:40:38Z
2398 MHz, 0x0000000000000000, 49, 10.90 W
MemFree:        22729456 kB
MemAvailable:   56359648 kB
Cached:         37395468 kB
SwapFree:       16755828 kB
allocstall_dma 0
allocstall_dma32 0
allocstall_normal 31070
allocstall_movable 2265
allocstall_device 0
pgscan_direct 2246222
pgscan_direct_throttle 0
compact_stall 44681
2026-09-22T02:40:39Z
2398 MHz, 0x0000000000000000, 49, 10.93 W
MemFree:        22721216 kB
MemAvailable:   56351408 kB
Cached:         37395468 kB
SwapFree:       16755828 kB
allocstall_dma 0
allocstall_dma32 0
allocstall_normal 31070
allocstall_movable 2265
allocstall_device 0
pgscan_direct 2246222
pgscan_direct_throttle 0
compact_stall 44681
2026-09-22T02:40:40Z
2398 MHz, 0x0000000000000000, 49, 10.90 W
MemFree:        22722488 kB
MemAvailable:   56352680 kB
Cached:         37395468 kB
SwapFree:       16755828 kB
allocstall_dma 0
allocstall_dma32 0
allocstall_normal 31070
allocstall_movable 2265
allocstall_device 0
pgscan_direct 2246222
pgscan_direct_throttle 0
compact_stall 44681
2026-09-22T02:40:41Z
2398 MHz, 0x0000000000000000, 49, 10.89 W
MemFree:        22723704 kB
MemAvailable:   56353896 kB
Cached:         37395468 kB
SwapFree:       16755828 kB
allocstall_dma 0
allocstall_dma32 0
allocstall_normal 31070
allocstall_movable 2265
allocstall_device 0
pgscan_direct 2246222
pgscan_direct_throttle 0
compact_stall 44681
2026-09-22T02:40:42Z
2398 MHz, 0x0000000000000000, 49, 10.88 W
MemFree:        22723500 kB
MemAvailable:   56353692 kB
Cached:         37395468 kB
SwapFree:       16755828 kB
allocstall_dma 0
allocstall_dma32 0
allocstall_normal 31070
allocstall_movable 2265
allocstall_device 0
pgscan_direct 2246222
pgscan_direct_throttle 0
compact_stall 44681
2026-09-22T02:40:43Z
2398 MHz, 0x0000000000000000, 49, 10.91 W
MemFree:        22721340 kB
MemAvailable:   56351532 kB
Cached:         37395468 kB
SwapFree:       16755828 kB
allocstall_dma 0
allocstall_dma32 0
allocstall_normal 31070
allocstall_movable 2265
allocstall_device 0
pgscan_direct 2246222
pgscan_direct_throttle 0
compact_stall 44681
2026-09-22T02:40:44Z
2398 MHz, 0x0000000000000000, 49, 10.90 W
MemFree:        22724260 kB
MemAvailable:   56354452 kB
Cached:         37395468 kB
SwapFree:       16755828 kB
allocstall_dma 0
allocstall_dma32 0
allocstall_normal 31070
allocstall_movable 2265
allocstall_device 0
pgscan_direct 2246222
pgscan_direct_throttle 0
compact_stall 44681
2026-09-22T02:40:45Z
2398 MHz, 0x0000000000000000, 49, 10.88 W
MemFree:        22736316 kB
MemAvailable:   56366508 kB
Cached:         37395468 kB
SwapFree:       16755828 kB
allocstall_dma 0
allocstall_dma32 0
allocstall_normal 31070
allocstall_movable 2265
allocstall_device 0
pgscan_direct 2246222
pgscan_direct_throttle 0
compact_stall 44681
2026-09-22T02:40:46Z
2398 MHz, 0x0000000000000000, 49, 10.90 W
MemFree:        22732836 kB
MemAvailable:   56363028 kB
Cached:         37395468 kB
SwapFree:       16755828 kB
allocstall_dma 0
allocstall_dma32 0
allocstall_normal 31070
allocstall_movable 2265
allocstall_device 0
pgscan_direct 2246222
pgscan_direct_throttle 0
compact_stall 44681
2026-09-22T02:40:47Z
2398 MHz, 0x0000000000000000, 49, 10.86 W
MemFree:        22718104 kB
MemAvailable:   56348296 kB
Cached:         37395468 kB
SwapFree:       16755828 kB
allocstall_dma 0
allocstall_dma32 0
allocstall_normal 31070
allocstall_movable 2265
allocstall_device 0
pgscan_direct 2246222
pgscan_direct_throttle 0
compact_stall 44681
2026-09-22T02:40:48Z
2398 MHz, 0x0000000000000000, 49, 10.85 W
MemFree:        22729464 kB
MemAvailable:   56359656 kB
Cached:         37395468 kB
SwapFree:       16755828 kB
allocstall_dma 0
allocstall_dma32 0
allocstall_normal 31070
allocstall_movable 2265
allocstall_device 0
pgscan_direct 2246222
pgscan_direct_throttle 0
compact_stall 44681
2026-09-22T02:40:49Z
2398 MHz, 0x0000000000000000, 49, 10.87 W
MemFree:        22727940 kB
MemAvailable:   56358140 kB
Cached:         37395468 kB
SwapFree:       16755828 kB
allocstall_dma 0
allocstall_dma32 0
allocstall_normal 31070
allocstall_movable 2265
allocstall_device 0
pgscan_direct 2246222
pgscan_direct_throttle 0
compact_stall 44681
2026-09-22T02:40:50Z
2398 MHz, 0x0000000000000000, 49, 10.87 W
MemFree:        22719800 kB
MemAvailable:   56350000 kB
Cached:         37395468 kB
SwapFree:       16755828 kB
allocstall_dma 0
allocstall_dma32 0
allocstall_normal 31070
allocstall_movable 2265
allocstall_device 0
pgscan_direct 2246222
pgscan_direct_throttle 0
compact_stall 44681
2026-09-22T02:40:51Z
2398 MHz, 0x0000000000000000, 49, 10.83 W
MemFree:        22722048 kB
MemAvailable:   56352248 kB
Cached:         37395468 kB
SwapFree:       16755828 kB
allocstall_dma 0
allocstall_dma32 0
allocstall_normal 31070
allocstall_movable 2265
allocstall_device 0
pgscan_direct 2246222
pgscan_direct_throttle 0
compact_stall 44681
2026-09-22T02:40:52Z
2398 MHz, 0x0000000000000000, 49, 10.86 W
MemFree:        22718248 kB
MemAvailable:   56348448 kB
Cached:         37395468 kB
SwapFree:       16755828 kB
allocstall_dma 0
allocstall_dma32 0
allocstall_normal 31070
allocstall_movable 2265
allocstall_device 0
pgscan_direct 2246222
pgscan_direct_throttle 0
compact_stall 44681
2026-09-22T02:40:53Z
2398 MHz, 0x0000000000000000, 49, 10.86 W
MemFree:        22737244 kB
MemAvailable:   56367444 kB
Cached:         37395468 kB
SwapFree:       16755828 kB
allocstall_dma 0
allocstall_dma32 0
allocstall_normal 31070
allocstall_movable 2265
allocstall_device 0
pgscan_direct 2246222
pgscan_direct_throttle 0
compact_stall 44681
2026-09-22T02:40:54Z
2398 MHz, 0x0000000000000000, 49, 10.87 W
MemFree:        22741568 kB
MemAvailable:   56371776 kB
Cached:         37395468 kB
SwapFree:       16755828 kB
allocstall_dma 0
allocstall_dma32 0
allocstall_normal 31070
allocstall_movable 2265
allocstall_device 0
pgscan_direct 2246222
pgscan_direct_throttle 0
compact_stall 44681
2026-09-22T02:40:56Z
2398 MHz, 0x0000000000000000, 49, 10.84 W
MemFree:        22740596 kB
MemAvailable:   56370804 kB
Cached:         37395468 kB
SwapFree:       16755828 kB
allocstall_dma 0
allocstall_dma32 0
allocstall_normal 31070
allocstall_movable 2265
allocstall_device 0
pgscan_direct 2246222
pgscan_direct_throttle 0
compact_stall 44681
2026-09-22T02:40:57Z
2398 MHz, 0x0000000000000000, 49, 10.84 W
MemFree:        22740364 kB
MemAvailable:   56370572 kB
Cached:         37395468 kB
SwapFree:       16755828 kB
allocstall_dma 0
allocstall_dma32 0
allocstall_normal 31070
allocstall_movable 2265
allocstall_device 0
pgscan_direct 2246222
pgscan_direct_throttle 0
compact_stall 44681
2026-09-22T02:40:58Z
2398 MHz, 0x0000000000000000, 49, 10.85 W
MemFree:        22732760 kB
MemAvailable:   56362968 kB
Cached:         37395468 kB
SwapFree:       16755828 kB
allocstall_dma 0
allocstall_dma32 0
allocstall_normal 31070
allocstall_movable 2265
allocstall_device 0
pgscan_direct 2246222
pgscan_direct_throttle 0
compact_stall 44681
2026-09-22T02:40:59Z
2398 MHz, 0x0000000000000000, 49, 10.86 W
MemFree:        22732244 kB
MemAvailable:   56362452 kB
Cached:         37395468 kB
SwapFree:       16755828 kB
allocstall_dma 0
allocstall_dma32 0
allocstall_normal 31070
allocstall_movable 2265
allocstall_device 0
pgscan_direct 2246222
pgscan_direct_throttle 0
compact_stall 44681
2026-09-22T02:41:00Z
2398 MHz, 0x0000000000000000, 49, 10.88 W
MemFree:        22722532 kB
MemAvailable:   56352740 kB
Cached:         37395468 kB
SwapFree:       16755828 kB
allocstall_dma 0
allocstall_dma32 0
allocstall_normal 31070
allocstall_movable 2265
allocstall_device 0
pgscan_direct 2246222
pgscan_direct_throttle 0
compact_stall 44681
2026-09-22T02:41:01Z
2398 MHz, 0x0000000000000000, 49, 10.86 W
MemFree:        22719644 kB
MemAvailable:   56349852 kB
Cached:         37395468 kB
SwapFree:       16755828 kB
allocstall_dma 0
allocstall_dma32 0
allocstall_normal 31070
allocstall_movable 2265
allocstall_device 0
pgscan_direct 2246222
pgscan_direct_throttle 0
compact_stall 44681
2026-09-22T02:41:02Z
2398 MHz, 0x0000000000000000, 49, 10.84 W
MemFree:        22722944 kB
MemAvailable:   56353152 kB
Cached:         37395468 kB
SwapFree:       16755828 kB
allocstall_dma 0
allocstall_dma32 0
allocstall_normal 31070
allocstall_movable 2265
allocstall_device 0
pgscan_direct 2246222
pgscan_direct_throttle 0
compact_stall 44681
2026-09-22T02:41:03Z
2398 MHz, 0x0000000000000000, 49, 10.89 W
MemFree:        22721532 kB
MemAvailable:   56351740 kB
Cached:         37395468 kB
SwapFree:       16755828 kB
allocstall_dma 0
allocstall_dma32 0
allocstall_normal 31070
allocstall_movable 2265
allocstall_device 0
pgscan_direct 2246222
pgscan_direct_throttle 0
compact_stall 44681
2026-09-22T02:41:04Z
2398 MHz, 0x0000000000000000, 49, 10.86 W
MemFree:        22743320 kB
MemAvailable:   56373528 kB
Cached:         37395460 kB
SwapFree:       16755828 kB
allocstall_dma 0
allocstall_dma32 0
allocstall_normal 31070
allocstall_movable 2265
allocstall_device 0
pgscan_direct 2246222
pgscan_direct_throttle 0
compact_stall 44681
2026-09-22T02:41:05Z
2398 MHz, 0x0000000000000000, 49, 10.87 W
MemFree:        22740328 kB
MemAvailable:   56370544 kB
Cached:         37395468 kB
SwapFree:       16755828 kB
allocstall_dma 0
allocstall_dma32 0
allocstall_normal 31070
allocstall_movable 2265
allocstall_device 0
pgscan_direct 2246222
pgscan_direct_throttle 0
compact_stall 44681
2026-09-22T02:41:06Z
2398 MHz, 0x0000000000000000, 49, 10.88 W
MemFree:        22741564 kB
MemAvailable:   56371780 kB
Cached:         37395468 kB
SwapFree:       16755828 kB
allocstall_dma 0
allocstall_dma32 0
allocstall_normal 31070
allocstall_movable 2265
allocstall_device 0
pgscan_direct 2246222
pgscan_direct_throttle 0
compact_stall 44681
2026-09-22T02:41:07Z
2398 MHz, 0x0000000000000000, 49, 10.87 W
MemFree:        22742132 kB
MemAvailable:   56372348 kB
Cached:         37395468 kB
SwapFree:       16755828 kB
allocstall_dma 0
allocstall_dma32 0
allocstall_normal 31070
allocstall_movable 2265
allocstall_device 0
pgscan_direct 2246222
pgscan_direct_throttle 0
compact_stall 44681
2026-09-22T02:41:08Z
2398 MHz, 0x0000000000000000, 49, 10.85 W
MemFree:        22732536 kB
MemAvailable:   56362752 kB
Cached:         37395468 kB
SwapFree:       16755828 kB
allocstall_dma 0
allocstall_dma32 0
allocstall_normal 31070
allocstall_movable 2265
allocstall_device 0
pgscan_direct 2246222
pgscan_direct_throttle 0
compact_stall 44681
2026-09-22T02:41:09Z
2398 MHz, 0x0000000000000000, 49, 10.93 W
MemFree:        22731528 kB
MemAvailable:   56361744 kB
Cached:         37395468 kB
SwapFree:       16755828 kB
allocstall_dma 0
allocstall_dma32 0
allocstall_normal 31070
allocstall_movable 2265
allocstall_device 0
pgscan_direct 2246222
pgscan_direct_throttle 0
compact_stall 44681
2026-09-22T02:41:10Z
2398 MHz, 0x0000000000000000, 49, 10.91 W
MemFree:        22734884 kB
MemAvailable:   56365100 kB
Cached:         37395468 kB
SwapFree:       16755828 kB
allocstall_dma 0
allocstall_dma32 0
allocstall_normal 31070
allocstall_movable 2265
allocstall_device 0
pgscan_direct 2246222
pgscan_direct_throttle 0
compact_stall 44681
2026-09-22T02:41:11Z
2398 MHz, 0x0000000000000000, 49, 10.87 W
MemFree:        22718676 kB
MemAvailable:   56348892 kB
Cached:         37395468 kB
SwapFree:       16755828 kB
allocstall_dma 0
allocstall_dma32 0
allocstall_normal 31070
allocstall_movable 2265
allocstall_device 0
pgscan_direct 2246222
pgscan_direct_throttle 0
compact_stall 44681
2026-09-22T02:41:12Z
2398 MHz, 0x0000000000000000, 49, 10.88 W
MemFree:        22718200 kB
MemAvailable:   56348416 kB
Cached:         37395468 kB
SwapFree:       16755828 kB
allocstall_dma 0
allocstall_dma32 0
allocstall_normal 31070
allocstall_movable 2265
allocstall_device 0
pgscan_direct 2246222
pgscan_direct_throttle 0
compact_stall 44681
2026-09-22T02:41:13Z
2398 MHz, 0x0000000000000000, 49, 10.82 W
MemFree:        22720088 kB
MemAvailable:   56350304 kB
Cached:         37395468 kB
SwapFree:       16755828 kB
allocstall_dma 0
allocstall_dma32 0
allocstall_normal 31070
allocstall_movable 2265
allocstall_device 0
pgscan_direct 2246222
pgscan_direct_throttle 0
compact_stall 44681
2026-09-22T02:41:14Z
2398 MHz, 0x0000000000000000, 49, 10.82 W
MemFree:        22728408 kB
MemAvailable:   56358624 kB
Cached:         37395468 kB
SwapFree:       16755828 kB
allocstall_dma 0
allocstall_dma32 0
allocstall_normal 31070
allocstall_movable 2265
allocstall_device 0
pgscan_direct 2246222
pgscan_direct_throttle 0
compact_stall 44681
2026-09-22T02:41:15Z
2398 MHz, 0x0000000000000000, 49, 10.83 W
MemFree:        22729492 kB
MemAvailable:   56359708 kB
Cached:         37395468 kB
SwapFree:       16755828 kB
allocstall_dma 0
allocstall_dma32 0
allocstall_normal 31070
allocstall_movable 2265
allocstall_device 0
pgscan_direct 2246222
pgscan_direct_throttle 0
compact_stall 44681
2026-09-22T02:41:16Z
2398 MHz, 0x0000000000000000, 49, 10.83 W
MemFree:        22728048 kB
MemAvailable:   56358264 kB
Cached:         37395468 kB
SwapFree:       16755828 kB
allocstall_dma 0
allocstall_dma32 0
allocstall_normal 31070
allocstall_movable 2265
allocstall_device 0
pgscan_direct 2246222
pgscan_direct_throttle 0
compact_stall 44681
2026-09-22T02:41:17Z
2398 MHz, 0x0000000000000000, 49, 10.87 W
MemFree:        22743388 kB
MemAvailable:   56373604 kB
Cached:         37395468 kB
SwapFree:       16755828 kB
allocstall_dma 0
allocstall_dma32 0
allocstall_normal 31070
allocstall_movable 2265
allocstall_device 0
pgscan_direct 2246222
pgscan_direct_throttle 0
compact_stall 44681
2026-09-22T02:41:18Z
2398 MHz, 0x0000000000000000, 49, 10.87 W
MemFree:        22737992 kB
MemAvailable:   56368208 kB
Cached:         37395468 kB
SwapFree:       16755828 kB
allocstall_dma 0
allocstall_dma32 0
allocstall_normal 31070
allocstall_movable 2265
allocstall_device 0
pgscan_direct 2246222
pgscan_direct_throttle 0
compact_stall 44681
2026-09-22T02:41:19Z
2398 MHz, 0x0000000000000000, 49, 10.83 W
MemFree:        22749996 kB
MemAvailable:   56380212 kB
Cached:         37395468 kB
SwapFree:       16755828 kB
allocstall_dma 0
allocstall_dma32 0
allocstall_normal 31070
allocstall_movable 2265
allocstall_device 0
pgscan_direct 2246222
pgscan_direct_throttle 0
compact_stall 44681
2026-09-22T02:41:20Z
2398 MHz, 0x0000000000000000, 49, 10.85 W
MemFree:        22755488 kB
MemAvailable:   56385704 kB
Cached:         37395468 kB
SwapFree:       16755828 kB
allocstall_dma 0
allocstall_dma32 0
allocstall_normal 31070
allocstall_movable 2265
allocstall_device 0
pgscan_direct 2246222
pgscan_direct_throttle 0
compact_stall 44681
2026-09-22T02:41:21Z
2398 MHz, 0x0000000000000000, 49, 10.88 W
MemFree:        22758540 kB
MemAvailable:   56388756 kB
Cached:         37395468 kB
SwapFree:       16755828 kB
allocstall_dma 0
allocstall_dma32 0
allocstall_normal 31070
allocstall_movable 2265
allocstall_device 0
pgscan_direct 2246222
pgscan_direct_throttle 0
compact_stall 44681
2026-09-22T02:41:22Z
2398 MHz, 0x0000000000000000, 49, 10.88 W
MemFree:        22772912 kB
MemAvailable:   56403128 kB
Cached:         37395468 kB
SwapFree:       16755828 kB
allocstall_dma 0
allocstall_dma32 0
allocstall_normal 31070
allocstall_movable 2265
allocstall_device 0
pgscan_direct 2246222
pgscan_direct_throttle 0
compact_stall 44681
2026-09-22T02:41:23Z
2398 MHz, 0x0000000000000000, 49, 10.88 W
MemFree:        22772156 kB
MemAvailable:   56402372 kB
Cached:         37395468 kB
SwapFree:       16755828 kB
allocstall_dma 0
allocstall_dma32 0
allocstall_normal 31070
allocstall_movable 2265
allocstall_device 0
pgscan_direct 2246222
pgscan_direct_throttle 0
compact_stall 44681
2026-09-22T02:41:24Z
2398 MHz, 0x0000000000000000, 49, 10.86 W
MemFree:        22761240 kB
MemAvailable:   56391456 kB
Cached:         37395468 kB
SwapFree:       16755828 kB
allocstall_dma 0
allocstall_dma32 0
allocstall_normal 31070
allocstall_movable 2265
allocstall_device 0
pgscan_direct 2246222
pgscan_direct_throttle 0
compact_stall 44681
2026-09-22T02:41:25Z
2398 MHz, 0x0000000000000000, 49, 10.84 W
MemFree:        22745800 kB
MemAvailable:   56376016 kB
Cached:         37395468 kB
SwapFree:       16755828 kB
allocstall_dma 0
allocstall_dma32 0
allocstall_normal 31070
allocstall_movable 2265
allocstall_device 0
pgscan_direct 2246222
pgscan_direct_throttle 0
compact_stall 44681
2026-09-22T02:41:26Z
2398 MHz, 0x0000000000000000, 49, 10.85 W
MemFree:        22753216 kB
MemAvailable:   56383432 kB
Cached:         37395468 kB
SwapFree:       16755828 kB
allocstall_dma 0
allocstall_dma32 0
allocstall_normal 31070
allocstall_movable 2265
allocstall_device 0
pgscan_direct 2246222
pgscan_direct_throttle 0
compact_stall 44681
2026-09-22T02:41:27Z
2398 MHz, 0x0000000000000000, 49, 10.84 W
MemFree:        22745740 kB
MemAvailable:   56375956 kB
Cached:         37395468 kB
SwapFree:       16755828 kB
allocstall_dma 0
allocstall_dma32 0
allocstall_normal 31070
allocstall_movable 2265
allocstall_device 0
pgscan_direct 2246222
pgscan_direct_throttle 0
compact_stall 44681
2026-09-22T02:41:28Z
2398 MHz, 0x0000000000000000, 49, 10.82 W
MemFree:        22747948 kB
MemAvailable:   56378164 kB
Cached:         37395468 kB
SwapFree:       16755828 kB
allocstall_dma 0
allocstall_dma32 0
allocstall_normal 31070
allocstall_movable 2265
allocstall_device 0
pgscan_direct 2246222
pgscan_direct_throttle 0
compact_stall 44681
2026-09-22T02:41:29Z
2398 MHz, 0x0000000000000000, 49, 10.82 W
MemFree:        22741076 kB
MemAvailable:   56371292 kB
Cached:         37395468 kB
SwapFree:       16755828 kB
allocstall_dma 0
allocstall_dma32 0
allocstall_normal 31070
allocstall_movable 2265
allocstall_device 0
pgscan_direct 2246222
pgscan_direct_throttle 0
compact_stall 44681
2026-09-22T02:41:30Z
2398 MHz, 0x0000000000000000, 49, 10.81 W
MemFree:        22750460 kB
MemAvailable:   56380676 kB
Cached:         37395468 kB
SwapFree:       16755828 kB
allocstall_dma 0
allocstall_dma32 0
allocstall_normal 31070
allocstall_movable 2265
allocstall_device 0
pgscan_direct 2246222
pgscan_direct_throttle 0
compact_stall 44681
2026-09-22T02:41:32Z
2398 MHz, 0x0000000000000000, 49, 10.83 W
MemFree:        22748220 kB
MemAvailable:   56378436 kB
Cached:         37395468 kB
SwapFree:       16755828 kB
allocstall_dma 0
allocstall_dma32 0
allocstall_normal 31070
allocstall_movable 2265
allocstall_device 0
pgscan_direct 2246222
pgscan_direct_throttle 0
compact_stall 44681
2026-09-22T02:41:33Z
2398 MHz, 0x0000000000000000, 49, 10.82 W
MemFree:        22740376 kB
MemAvailable:   56370592 kB
Cached:         37395468 kB
SwapFree:       16755828 kB
allocstall_dma 0
allocstall_dma32 0
allocstall_normal 31070
allocstall_movable 2265
allocstall_device 0
pgscan_direct 2246222
pgscan_direct_throttle 0
compact_stall 44681
2026-09-22T02:41:34Z
2398 MHz, 0x0000000000000000, 49, 10.86 W
MemFree:        22747700 kB
MemAvailable:   56377916 kB
Cached:         37395468 kB
SwapFree:       16755828 kB
allocstall_dma 0
allocstall_dma32 0
allocstall_normal 31070
allocstall_movable 2265
allocstall_device 0
pgscan_direct 2246222
pgscan_direct_throttle 0
compact_stall 44681
2026-09-22T02:41:35Z
2398 MHz, 0x0000000000000000, 49, 10.84 W
MemFree:        22747324 kB
MemAvailable:   56377540 kB
Cached:         37395468 kB
SwapFree:       16755828 kB
allocstall_dma 0
allocstall_dma32 0
allocstall_normal 31070
allocstall_movable 2265
allocstall_device 0
pgscan_direct 2246222
pgscan_direct_throttle 0
compact_stall 44681
2026-09-22T02:41:36Z
2398 MHz, 0x0000000000000000, 49, 10.88 W
MemFree:        22731068 kB
MemAvailable:   56361284 kB
Cached:         37395468 kB
SwapFree:       16755828 kB
allocstall_dma 0
allocstall_dma32 0
allocstall_normal 31070
allocstall_movable 2265
allocstall_device 0
pgscan_direct 2246222
pgscan_direct_throttle 0
compact_stall 44681
2026-09-22T02:41:37Z
2398 MHz, 0x0000000000000000, 49, 10.87 W
MemFree:        22752044 kB
MemAvailable:   56382260 kB
Cached:         37395468 kB
SwapFree:       16755828 kB
allocstall_dma 0
allocstall_dma32 0
allocstall_normal 31070
allocstall_movable 2265
allocstall_device 0
pgscan_direct 2246222
pgscan_direct_throttle 0
compact_stall 44681
2026-09-22T02:41:38Z
2398 MHz, 0x0000000000000000, 49, 10.86 W
MemFree:        22744760 kB
MemAvailable:   56374976 kB
Cached:         37395468 kB
SwapFree:       16755828 kB
allocstall_dma 0
allocstall_dma32 0
allocstall_normal 31070
allocstall_movable 2265
allocstall_device 0
pgscan_direct 2246222
pgscan_direct_throttle 0
compact_stall 44681
2026-09-22T02:41:39Z
2398 MHz, 0x0000000000000000, 49, 10.90 W
MemFree:        22740212 kB
MemAvailable:   56370428 kB
Cached:         37395468 kB
SwapFree:       16755828 kB
allocstall_dma 0
allocstall_dma32 0
allocstall_normal 31070
allocstall_movable 2265
allocstall_device 0
pgscan_direct 2246222
pgscan_direct_throttle 0
compact_stall 44681
2026-09-22T02:41:40Z
2398 MHz, 0x0000000000000000, 49, 10.89 W
MemFree:        22753640 kB
MemAvailable:   56383856 kB
Cached:         37395468 kB
SwapFree:       16755828 kB
allocstall_dma 0
allocstall_dma32 0
allocstall_normal 31070
allocstall_movable 2265
allocstall_device 0
pgscan_direct 2246222
pgscan_direct_throttle 0
compact_stall 44681
2026-09-22T02:41:41Z
2398 MHz, 0x0000000000000000, 49, 10.81 W
MemFree:        22751416 kB
MemAvailable:   56381632 kB
Cached:         37395468 kB
SwapFree:       16755828 kB
allocstall_dma 0
allocstall_dma32 0
allocstall_normal 31070
allocstall_movable 2265
allocstall_device 0
pgscan_direct 2246222
pgscan_direct_throttle 0
compact_stall 44681
2026-09-22T02:41:42Z
2398 MHz, 0x0000000000000000, 49, 10.86 W
MemFree:        22748700 kB
MemAvailable:   56378916 kB
Cached:         37395468 kB
SwapFree:       16755828 kB
allocstall_dma 0
allocstall_dma32 0
allocstall_normal 31070
allocstall_movable 2265
allocstall_device 0
pgscan_direct 2246222
pgscan_direct_throttle 0
compact_stall 44681
2026-09-22T02:41:43Z
2398 MHz, 0x0000000000000000, 49, 10.86 W
MemFree:        22732824 kB
MemAvailable:   56363040 kB
Cached:         37395468 kB
SwapFree:       16755828 kB
allocstall_dma 0
allocstall_dma32 0
allocstall_normal 31070
allocstall_movable 2265
allocstall_device 0
pgscan_direct 2246222
pgscan_direct_throttle 0
compact_stall 44681
2026-09-22T02:41:44Z
2398 MHz, 0x0000000000000000, 49, 10.89 W
MemFree:        22747744 kB
MemAvailable:   56377960 kB
Cached:         37395468 kB
SwapFree:       16755828 kB
allocstall_dma 0
allocstall_dma32 0
allocstall_normal 31070
allocstall_movable 2265
allocstall_device 0
pgscan_direct 2246222
pgscan_direct_throttle 0
compact_stall 44681
2026-09-22T02:41:45Z
2398 MHz, 0x0000000000000000, 49, 10.82 W
MemFree:        22732572 kB
MemAvailable:   56362788 kB
Cached:         37395468 kB
SwapFree:       16755828 kB
allocstall_dma 0
allocstall_dma32 0
allocstall_normal 31070
allocstall_movable 2265
allocstall_device 0
pgscan_direct 2246222
pgscan_direct_throttle 0
compact_stall 44681
2026-09-22T02:41:46Z
2398 MHz, 0x0000000000000000, 49, 10.94 W
MemFree:        22708320 kB
MemAvailable:   56339136 kB
Cached:         37396076 kB
SwapFree:       16755828 kB
allocstall_dma 0
allocstall_dma32 0
allocstall_normal 31070
allocstall_movable 2265
allocstall_device 0
pgscan_direct 2246222
pgscan_direct_throttle 0
compact_stall 44681
2026-09-22T02:41:47Z
2398 MHz, 0x0000000000000000, 49, 10.87 W
MemFree:        22714144 kB
MemAvailable:   56344956 kB
Cached:         37396076 kB
SwapFree:       16755828 kB
allocstall_dma 0
allocstall_dma32 0
allocstall_normal 31070
allocstall_movable 2265
allocstall_device 0
pgscan_direct 2246222
pgscan_direct_throttle 0
compact_stall 44681
2026-09-22T02:41:48Z
2398 MHz, 0x0000000000000000, 49, 10.83 W
MemFree:        22718044 kB
MemAvailable:   56348856 kB
Cached:         37396076 kB
SwapFree:       16755828 kB
allocstall_dma 0
allocstall_dma32 0
allocstall_normal 31070
allocstall_movable 2265
allocstall_device 0
pgscan_direct 2246222
pgscan_direct_throttle 0
compact_stall 44681
2026-09-22T02:41:49Z
2398 MHz, 0x0000000000000000, 49, 10.82 W
MemFree:        22705756 kB
MemAvailable:   56336588 kB
Cached:         37396076 kB
SwapFree:       16755828 kB
allocstall_dma 0
allocstall_dma32 0
allocstall_normal 31070
allocstall_movable 2265
allocstall_device 0
pgscan_direct 2246222
pgscan_direct_throttle 0
compact_stall 44681
2026-09-22T02:41:50Z
2398 MHz, 0x0000000000000000, 49, 10.82 W
MemFree:        22720072 kB
MemAvailable:   56350912 kB
Cached:         37396076 kB
SwapFree:       16755828 kB
allocstall_dma 0
allocstall_dma32 0
allocstall_normal 31070
allocstall_movable 2265
allocstall_device 0
pgscan_direct 2246222
pgscan_direct_throttle 0
compact_stall 44681
2026-09-22T02:41:51Z
2398 MHz, 0x0000000000000000, 49, 10.83 W
MemFree:        22707612 kB
MemAvailable:   56338452 kB
Cached:         37396076 kB
SwapFree:       16755828 kB
allocstall_dma 0
allocstall_dma32 0
allocstall_normal 31070
allocstall_movable 2265
allocstall_device 0
pgscan_direct 2246222
pgscan_direct_throttle 0
compact_stall 44681
2026-09-22T02:41:52Z
2398 MHz, 0x0000000000000000, 49, 10.83 W
MemFree:        22706388 kB
MemAvailable:   56337228 kB
Cached:         37396068 kB
SwapFree:       16755828 kB
allocstall_dma 0
allocstall_dma32 0
allocstall_normal 31070
allocstall_movable 2265
allocstall_device 0
pgscan_direct 2246222
pgscan_direct_throttle 0
compact_stall 44681
2026-09-22T02:41:53Z
2398 MHz, 0x0000000000000000, 49, 10.81 W
MemFree:        22718044 kB
MemAvailable:   56348884 kB
Cached:         37396076 kB
SwapFree:       16755828 kB
allocstall_dma 0
allocstall_dma32 0
allocstall_normal 31070
allocstall_movable 2265
allocstall_device 0
pgscan_direct 2246222
pgscan_direct_throttle 0
compact_stall 44681
2026-09-22T02:41:54Z
2398 MHz, 0x0000000000000000, 49, 10.83 W
MemFree:        22712900 kB
MemAvailable:   56343740 kB
Cached:         37396076 kB
SwapFree:       16755828 kB
allocstall_dma 0
allocstall_dma32 0
allocstall_normal 31070
allocstall_movable 2265
allocstall_device 0
pgscan_direct 2246222
pgscan_direct_throttle 0
compact_stall 44681
2026-09-22T02:41:55Z
2398 MHz, 0x0000000000000000, 49, 10.80 W
MemFree:        22718528 kB
MemAvailable:   56349368 kB
Cached:         37396076 kB
SwapFree:       16755828 kB
allocstall_dma 0
allocstall_dma32 0
allocstall_normal 31070
allocstall_movable 2265
allocstall_device 0
pgscan_direct 2246222
pgscan_direct_throttle 0
compact_stall 44681
2026-09-22T02:41:56Z
2398 MHz, 0x0000000000000000, 49, 10.81 W
MemFree:        22713284 kB
MemAvailable:   56344124 kB
Cached:         37396076 kB
SwapFree:       16755828 kB
allocstall_dma 0
allocstall_dma32 0
allocstall_normal 31070
allocstall_movable 2265
allocstall_device 0
pgscan_direct 2246222
pgscan_direct_throttle 0
compact_stall 44681
2026-09-22T02:41:57Z
2398 MHz, 0x0000000000000000, 49, 10.80 W
MemFree:        22713028 kB
MemAvailable:   56343868 kB
Cached:         37396076 kB
SwapFree:       16755828 kB
allocstall_dma 0
allocstall_dma32 0
allocstall_normal 31070
allocstall_movable 2265
allocstall_device 0
pgscan_direct 2246222
pgscan_direct_throttle 0
compact_stall 44681
2026-09-22T02:41:58Z
2398 MHz, 0x0000000000000000, 49, 10.81 W
MemFree:        22714728 kB
MemAvailable:   56345568 kB
Cached:         37396076 kB
SwapFree:       16755828 kB
allocstall_dma 0
allocstall_dma32 0
allocstall_normal 31070
allocstall_movable 2265
allocstall_device 0
pgscan_direct 2246222
pgscan_direct_throttle 0
compact_stall 44681
2026-09-22T02:41:59Z
2398 MHz, 0x0000000000000000, 49, 10.81 W
MemFree:        22717080 kB
MemAvailable:   56347920 kB
Cached:         37396076 kB
SwapFree:       16755828 kB
allocstall_dma 0
allocstall_dma32 0
allocstall_normal 31070
allocstall_movable 2265
allocstall_device 0
pgscan_direct 2246222
pgscan_direct_throttle 0
compact_stall 44681
2026-09-22T02:42:00Z
2398 MHz, 0x0000000000000000, 49, 10.79 W
MemFree:        22722000 kB
MemAvailable:   56352840 kB
Cached:         37396076 kB
SwapFree:       16755828 kB
allocstall_dma 0
allocstall_dma32 0
allocstall_normal 31070
allocstall_movable 2265
allocstall_device 0
pgscan_direct 2246222
pgscan_direct_throttle 0
compact_stall 44681
2026-09-22T02:42:01Z
2398 MHz, 0x0000000000000000, 49, 10.80 W
MemFree:        22715336 kB
MemAvailable:   56346184 kB
Cached:         37396076 kB
SwapFree:       16755828 kB
allocstall_dma 0
allocstall_dma32 0
allocstall_normal 31070
allocstall_movable 2265
allocstall_device 0
pgscan_direct 2246222
pgscan_direct_throttle 0
compact_stall 44681
2026-09-22T02:42:02Z
2398 MHz, 0x0000000000000000, 49, 10.81 W
MemFree:        22727716 kB
MemAvailable:   56359260 kB
Cached:         37396660 kB
SwapFree:       16755828 kB
allocstall_dma 0
allocstall_dma32 0
allocstall_normal 31070
allocstall_movable 2265
allocstall_device 0
pgscan_direct 2246222
pgscan_direct_throttle 0
compact_stall 44681
2026-09-22T02:42:03Z
2398 MHz, 0x0000000000000000, 49, 10.85 W
MemFree:        22720608 kB
MemAvailable:   56352620 kB
Cached:         37396784 kB
SwapFree:       16755828 kB
allocstall_dma 0
allocstall_dma32 0
allocstall_normal 31070
allocstall_movable 2265
allocstall_device 0
pgscan_direct 2246222
pgscan_direct_throttle 0
compact_stall 44681
2026-09-22T02:42:04Z
2398 MHz, 0x0000000000000000, 49, 10.83 W
MemFree:        22720932 kB
MemAvailable:   56352952 kB
Cached:         37396784 kB
SwapFree:       16755828 kB
allocstall_dma 0
allocstall_dma32 0
allocstall_normal 31070
allocstall_movable 2265
allocstall_device 0
pgscan_direct 2246222
pgscan_direct_throttle 0
compact_stall 44681
2026-09-22T02:42:05Z
2398 MHz, 0x0000000000000000, 49, 10.81 W
MemFree:        22719272 kB
MemAvailable:   56351292 kB
Cached:         37396784 kB
SwapFree:       16755828 kB
allocstall_dma 0
allocstall_dma32 0
allocstall_normal 31070
allocstall_movable 2265
allocstall_device 0
pgscan_direct 2246222
pgscan_direct_throttle 0
compact_stall 44681
2026-09-22T02:42:07Z
2398 MHz, 0x0000000000000000, 49, 10.81 W
MemFree:        22718588 kB
MemAvailable:   56350608 kB
Cached:         37396784 kB
SwapFree:       16755828 kB
allocstall_dma 0
allocstall_dma32 0
allocstall_normal 31070
allocstall_movable 2265
allocstall_device 0
pgscan_direct 2246222
pgscan_direct_throttle 0
compact_stall 44681
2026-09-22T02:42:08Z
2398 MHz, 0x0000000000000000, 49, 10.83 W
MemFree:        22709400 kB
MemAvailable:   56341420 kB
Cached:         37396784 kB
SwapFree:       16755828 kB
allocstall_dma 0
allocstall_dma32 0
allocstall_normal 31070
allocstall_movable 2265
allocstall_device 0
pgscan_direct 2246222
pgscan_direct_throttle 0
compact_stall 44681
2026-09-22T02:42:09Z
2398 MHz, 0x0000000000000000, 49, 10.84 W
MemFree:        22712800 kB
MemAvailable:   56344820 kB
Cached:         37396776 kB
SwapFree:       16755828 kB
allocstall_dma 0
allocstall_dma32 0
allocstall_normal 31070
allocstall_movable 2265
allocstall_device 0
pgscan_direct 2246222
pgscan_direct_throttle 0
compact_stall 44681
2026-09-22T02:42:10Z
2398 MHz, 0x0000000000000000, 49, 10.83 W
MemFree:        22712640 kB
MemAvailable:   56344660 kB
Cached:         37396776 kB
SwapFree:       16755828 kB
allocstall_dma 0
allocstall_dma32 0
allocstall_normal 31070
allocstall_movable 2265
allocstall_device 0
pgscan_direct 2246222
pgscan_direct_throttle 0
compact_stall 44681
2026-09-22T02:42:11Z
2398 MHz, 0x0000000000000000, 49, 10.80 W
MemFree:        22721236 kB
MemAvailable:   56353264 kB
Cached:         37396784 kB
SwapFree:       16755828 kB
allocstall_dma 0
allocstall_dma32 0
allocstall_normal 31070
allocstall_movable 2265
allocstall_device 0
pgscan_direct 2246222
pgscan_direct_throttle 0
compact_stall 44681
2026-09-22T02:42:12Z
2398 MHz, 0x0000000000000000, 49, 10.81 W
MemFree:        22706388 kB
MemAvailable:   56338416 kB
Cached:         37396784 kB
SwapFree:       16755828 kB
allocstall_dma 0
allocstall_dma32 0
allocstall_normal 31070
allocstall_movable 2265
allocstall_device 0
pgscan_direct 2246222
pgscan_direct_throttle 0
compact_stall 44681
2026-09-22T02:42:13Z
2398 MHz, 0x0000000000000000, 49, 10.81 W
MemFree:        22710040 kB
MemAvailable:   56342068 kB
Cached:         37396784 kB
SwapFree:       16755828 kB
allocstall_dma 0
allocstall_dma32 0
allocstall_normal 31070
allocstall_movable 2265
allocstall_device 0
pgscan_direct 2246222
pgscan_direct_throttle 0
compact_stall 44681
2026-09-22T02:42:14Z
2398 MHz, 0x0000000000000000, 49, 10.78 W
MemFree:        22716628 kB
MemAvailable:   56348656 kB
Cached:         37396784 kB
SwapFree:       16755828 kB
allocstall_dma 0
allocstall_dma32 0
allocstall_normal 31070
allocstall_movable 2265
allocstall_device 0
pgscan_direct 2246222
pgscan_direct_throttle 0
compact_stall 44681
2026-09-22T02:42:15Z
2398 MHz, 0x0000000000000000, 49, 10.80 W
MemFree:        22718216 kB
MemAvailable:   56350244 kB
Cached:         37396784 kB
SwapFree:       16755828 kB
allocstall_dma 0
allocstall_dma32 0
allocstall_normal 31070
allocstall_movable 2265
allocstall_device 0
pgscan_direct 2246222
pgscan_direct_throttle 0
compact_stall 44681
2026-09-22T02:42:16Z
2398 MHz, 0x0000000000000000, 49, 10.78 W
MemFree:        22716240 kB
MemAvailable:   56348268 kB
Cached:         37396784 kB
SwapFree:       16755828 kB
allocstall_dma 0
allocstall_dma32 0
allocstall_normal 31070
allocstall_movable 2265
allocstall_device 0
pgscan_direct 2246222
pgscan_direct_throttle 0
compact_stall 44681
2026-09-22T02:42:17Z
2398 MHz, 0x0000000000000000, 49, 10.80 W
MemFree:        22720640 kB
MemAvailable:   56352668 kB
Cached:         37396784 kB
SwapFree:       16755828 kB
allocstall_dma 0
allocstall_dma32 0
allocstall_normal 31070
allocstall_movable 2265
allocstall_device 0
pgscan_direct 2246222
pgscan_direct_throttle 0
compact_stall 44681
2026-09-22T02:42:18Z
2398 MHz, 0x0000000000000000, 49, 10.81 W
MemFree:        22731632 kB
MemAvailable:   56363660 kB
Cached:         37396784 kB
SwapFree:       16755828 kB
allocstall_dma 0
allocstall_dma32 0
allocstall_normal 31070
allocstall_movable 2265
allocstall_device 0
pgscan_direct 2246222
pgscan_direct_throttle 0
compact_stall 44681
2026-09-22T02:42:19Z
2398 MHz, 0x0000000000000000, 49, 10.87 W
MemFree:        22738740 kB
MemAvailable:   56370768 kB
Cached:         37396784 kB
SwapFree:       16755828 kB
allocstall_dma 0
allocstall_dma32 0
allocstall_normal 31070
allocstall_movable 2265
allocstall_device 0
pgscan_direct 2246222
pgscan_direct_throttle 0
compact_stall 44681
2026-09-22T02:42:20Z
2398 MHz, 0x0000000000000000, 49, 10.81 W
MemFree:        22735888 kB
MemAvailable:   56367916 kB
Cached:         37396784 kB
SwapFree:       16755828 kB
allocstall_dma 0
allocstall_dma32 0
allocstall_normal 31070
allocstall_movable 2265
allocstall_device 0
pgscan_direct 2246222
pgscan_direct_throttle 0
compact_stall 44681
2026-09-22T02:42:21Z
2398 MHz, 0x0000000000000000, 49, 10.80 W
MemFree:        22741636 kB
MemAvailable:   56373664 kB
Cached:         37396784 kB
SwapFree:       16755828 kB
allocstall_dma 0
allocstall_dma32 0
allocstall_normal 31070
allocstall_movable 2265
allocstall_device 0
pgscan_direct 2246222
pgscan_direct_throttle 0
compact_stall 44681
2026-09-22T02:42:22Z
2398 MHz, 0x0000000000000000, 49, 10.78 W
MemFree:        22733628 kB
MemAvailable:   56365656 kB
Cached:         37396784 kB
SwapFree:       16755828 kB
allocstall_dma 0
allocstall_dma32 0
allocstall_normal 31070
allocstall_movable 2265
allocstall_device 0
pgscan_direct 2246222
pgscan_direct_throttle 0
compact_stall 44681
2026-09-22T02:42:23Z
2398 MHz, 0x0000000000000000, 49, 10.80 W
MemFree:        22725448 kB
MemAvailable:   56357476 kB
Cached:         37396776 kB
SwapFree:       16755828 kB
allocstall_dma 0
allocstall_dma32 0
allocstall_normal 31070
allocstall_movable 2265
allocstall_device 0
pgscan_direct 2246222
pgscan_direct_throttle 0
compact_stall 44681
2026-09-22T02:42:24Z
2398 MHz, 0x0000000000000000, 49, 10.82 W
MemFree:        22709792 kB
MemAvailable:   56341828 kB
Cached:         37396784 kB
SwapFree:       16755828 kB
allocstall_dma 0
allocstall_dma32 0
allocstall_normal 31070
allocstall_movable 2265
allocstall_device 0
pgscan_direct 2246222
pgscan_direct_throttle 0
compact_stall 44681
2026-09-22T02:42:25Z
2398 MHz, 0x0000000000000000, 49, 10.81 W
MemFree:        22701972 kB
MemAvailable:   56334008 kB
Cached:         37396784 kB
SwapFree:       16755828 kB
allocstall_dma 0
allocstall_dma32 0
allocstall_normal 31070
allocstall_movable 2265
allocstall_device 0
pgscan_direct 2246222
pgscan_direct_throttle 0
compact_stall 44681
2026-09-22T02:42:26Z
2398 MHz, 0x0000000000000000, 49, 10.82 W
MemFree:        22720104 kB
MemAvailable:   56352140 kB
Cached:         37396784 kB
SwapFree:       16755828 kB
allocstall_dma 0
allocstall_dma32 0
allocstall_normal 31070
allocstall_movable 2265
allocstall_device 0
pgscan_direct 2246222
pgscan_direct_throttle 0
compact_stall 44681
2026-09-22T02:42:27Z
2398 MHz, 0x0000000000000000, 49, 10.86 W
MemFree:        22734996 kB
MemAvailable:   56367032 kB
Cached:         37396784 kB
SwapFree:       16755828 kB
allocstall_dma 0
allocstall_dma32 0
allocstall_normal 31070
allocstall_movable 2265
allocstall_device 0
pgscan_direct 2246222
pgscan_direct_throttle 0
compact_stall 44681
2026-09-22T02:42:28Z
2398 MHz, 0x0000000000000000, 49, 10.83 W
MemFree:        22731740 kB
MemAvailable:   56363760 kB
Cached:         37396784 kB
SwapFree:       16755828 kB
allocstall_dma 0
allocstall_dma32 0
allocstall_normal 31070
allocstall_movable 2265
allocstall_device 0
pgscan_direct 2246222
pgscan_direct_throttle 0
compact_stall 44681
2026-09-22T02:42:29Z
2398 MHz, 0x0000000000000000, 49, 10.83 W
MemFree:        22741560 kB
MemAvailable:   56373580 kB
Cached:         37396784 kB
SwapFree:       16755828 kB
allocstall_dma 0
allocstall_dma32 0
allocstall_normal 31070
allocstall_movable 2265
allocstall_device 0
pgscan_direct 2246222
pgscan_direct_throttle 0
compact_stall 44681
2026-09-22T02:42:30Z
2398 MHz, 0x0000000000000000, 49, 10.80 W
MemFree:        22740844 kB
MemAvailable:   56372864 kB
Cached:         37396784 kB
SwapFree:       16755828 kB
allocstall_dma 0
allocstall_dma32 0
allocstall_normal 31070
allocstall_movable 2265
allocstall_device 0
pgscan_direct 2246222
pgscan_direct_throttle 0
compact_stall 44681
2026-09-22T02:42:31Z
2398 MHz, 0x0000000000000000, 49, 10.81 W
MemFree:        22741636 kB
MemAvailable:   56373656 kB
Cached:         37396784 kB
SwapFree:       16755828 kB
allocstall_dma 0
allocstall_dma32 0
allocstall_normal 31070
allocstall_movable 2265
allocstall_device 0
pgscan_direct 2246222
pgscan_direct_throttle 0
compact_stall 44681
2026-09-22T02:42:32Z
2398 MHz, 0x0000000000000000, 49, 10.82 W
MemFree:        22740516 kB
MemAvailable:   56372536 kB
Cached:         37396784 kB
SwapFree:       16755828 kB
allocstall_dma 0
allocstall_dma32 0
allocstall_normal 31070
allocstall_movable 2265
allocstall_device 0
pgscan_direct 2246222
pgscan_direct_throttle 0
compact_stall 44681
2026-09-22T02:42:33Z
2398 MHz, 0x0000000000000000, 49, 10.80 W
MemFree:        22739820 kB
MemAvailable:   56371840 kB
Cached:         37396784 kB
SwapFree:       16755828 kB
allocstall_dma 0
allocstall_dma32 0
allocstall_normal 31070
allocstall_movable 2265
allocstall_device 0
pgscan_direct 2246222
pgscan_direct_throttle 0
compact_stall 44681
2026-09-22T02:42:34Z
2398 MHz, 0x0000000000000000, 49, 10.83 W
MemFree:        22738400 kB
MemAvailable:   56370420 kB
Cached:         37396784 kB
SwapFree:       16755828 kB
allocstall_dma 0
allocstall_dma32 0
allocstall_normal 31070
allocstall_movable 2265
allocstall_device 0
pgscan_direct 2246222
pgscan_direct_throttle 0
compact_stall 44681
2026-09-22T02:42:35Z
2398 MHz, 0x0000000000000000, 49, 10.80 W
MemFree:        22721140 kB
MemAvailable:   56353160 kB
Cached:         37396784 kB
SwapFree:       16755828 kB
allocstall_dma 0
allocstall_dma32 0
allocstall_normal 31070
allocstall_movable 2265
allocstall_device 0
pgscan_direct 2246222
pgscan_direct_throttle 0
compact_stall 44681
2026-09-22T02:42:36Z
2398 MHz, 0x0000000000000000, 49, 10.84 W
MemFree:        22740696 kB
MemAvailable:   56372716 kB
Cached:         37396784 kB
SwapFree:       16755828 kB
allocstall_dma 0
allocstall_dma32 0
allocstall_normal 31070
allocstall_movable 2265
allocstall_device 0
pgscan_direct 2246222
pgscan_direct_throttle 0
compact_stall 44681
2026-09-22T02:42:37Z
2398 MHz, 0x0000000000000000, 49, 10.78 W
MemFree:        22738200 kB
MemAvailable:   56370220 kB
Cached:         37396784 kB
SwapFree:       16755828 kB
allocstall_dma 0
allocstall_dma32 0
allocstall_normal 31070
allocstall_movable 2265
allocstall_device 0
pgscan_direct 2246222
pgscan_direct_throttle 0
compact_stall 44681
2026-09-22T02:42:38Z
2398 MHz, 0x0000000000000000, 49, 10.82 W
MemFree:        22734464 kB
MemAvailable:   56366484 kB
Cached:         37396784 kB
SwapFree:       16755828 kB
allocstall_dma 0
allocstall_dma32 0
allocstall_normal 31070
allocstall_movable 2265
allocstall_device 0
pgscan_direct 2246222
pgscan_direct_throttle 0
compact_stall 44681
2026-09-22T02:42:39Z
2398 MHz, 0x0000000000000000, 49, 10.79 W
MemFree:        22734280 kB
MemAvailable:   56366300 kB
Cached:         37396784 kB
SwapFree:       16755828 kB
allocstall_dma 0
allocstall_dma32 0
allocstall_normal 31070
allocstall_movable 2265
allocstall_device 0
pgscan_direct 2246222
pgscan_direct_throttle 0
compact_stall 44681
2026-09-22T02:42:41Z
2398 MHz, 0x0000000000000000, 49, 10.77 W
MemFree:        22734292 kB
MemAvailable:   56366312 kB
Cached:         37396784 kB
SwapFree:       16755828 kB
allocstall_dma 0
allocstall_dma32 0
allocstall_normal 31070
allocstall_movable 2265
allocstall_device 0
pgscan_direct 2246222
pgscan_direct_throttle 0
compact_stall 44681
2026-09-22T02:42:42Z
2398 MHz, 0x0000000000000000, 49, 10.77 W
MemFree:        22735692 kB
MemAvailable:   56367712 kB
Cached:         37396784 kB
SwapFree:       16755828 kB
allocstall_dma 0
allocstall_dma32 0
allocstall_normal 31070
allocstall_movable 2265
allocstall_device 0
pgscan_direct 2246222
pgscan_direct_throttle 0
compact_stall 44681
2026-09-22T02:42:43Z
2398 MHz, 0x0000000000000000, 49, 10.81 W
MemFree:        22727204 kB
MemAvailable:   56359224 kB
Cached:         37396784 kB
SwapFree:       16755828 kB
allocstall_dma 0
allocstall_dma32 0
allocstall_normal 31070
allocstall_movable 2265
allocstall_device 0
pgscan_direct 2246222
pgscan_direct_throttle 0
compact_stall 44681
2026-09-22T02:42:44Z
2398 MHz, 0x0000000000000000, 49, 10.79 W
MemFree:        22728884 kB
MemAvailable:   56360904 kB
Cached:         37396784 kB
SwapFree:       16755828 kB
allocstall_dma 0
allocstall_dma32 0
allocstall_normal 31070
allocstall_movable 2265
allocstall_device 0
pgscan_direct 2246222
pgscan_direct_throttle 0
compact_stall 44681
2026-09-22T02:42:45Z
2398 MHz, 0x0000000000000000, 49, 10.78 W
MemFree:        22734548 kB
MemAvailable:   56366568 kB
Cached:         37396784 kB
SwapFree:       16755828 kB
allocstall_dma 0
allocstall_dma32 0
allocstall_normal 31070
allocstall_movable 2265
allocstall_device 0
pgscan_direct 2246222
pgscan_direct_throttle 0
compact_stall 44681
2026-09-22T02:42:46Z
2398 MHz, 0x0000000000000000, 48, 10.80 W
MemFree:        22732864 kB
MemAvailable:   56364884 kB
Cached:         37396784 kB
SwapFree:       16755828 kB
allocstall_dma 0
allocstall_dma32 0
allocstall_normal 31070
allocstall_movable 2265
allocstall_device 0
pgscan_direct 2246222
pgscan_direct_throttle 0
compact_stall 44681
2026-09-22T02:42:47Z
2398 MHz, 0x0000000000000000, 48, 10.76 W
MemFree:        22736512 kB
MemAvailable:   56368532 kB
Cached:         37396784 kB
SwapFree:       16755828 kB
allocstall_dma 0
allocstall_dma32 0
allocstall_normal 31070
allocstall_movable 2265
allocstall_device 0
pgscan_direct 2246222
pgscan_direct_throttle 0
compact_stall 44681
2026-09-22T02:42:48Z
2398 MHz, 0x0000000000000000, 48, 10.80 W
MemFree:        22734028 kB
MemAvailable:   56366048 kB
Cached:         37396784 kB
SwapFree:       16755828 kB
allocstall_dma 0
allocstall_dma32 0
allocstall_normal 31070
allocstall_movable 2265
allocstall_device 0
pgscan_direct 2246222
pgscan_direct_throttle 0
compact_stall 44681
2026-09-22T02:42:49Z
2398 MHz, 0x0000000000000000, 48, 10.75 W
MemFree:        22732588 kB
MemAvailable:   56364608 kB
Cached:         37396784 kB
SwapFree:       16755828 kB
allocstall_dma 0
allocstall_dma32 0
allocstall_normal 31070
allocstall_movable 2265
allocstall_device 0
pgscan_direct 2246222
pgscan_direct_throttle 0
compact_stall 44681
2026-09-22T02:42:50Z
2398 MHz, 0x0000000000000000, 48, 10.80 W
MemFree:        22716752 kB
MemAvailable:   56348772 kB
Cached:         37396784 kB
SwapFree:       16755828 kB
allocstall_dma 0
allocstall_dma32 0
allocstall_normal 31070
allocstall_movable 2265
allocstall_device 0
pgscan_direct 2246222
pgscan_direct_throttle 0
compact_stall 44681
2026-09-22T02:42:51Z
2398 MHz, 0x0000000000000000, 48, 10.83 W
MemFree:        22729736 kB
MemAvailable:   56361756 kB
Cached:         37396784 kB
SwapFree:       16755828 kB
allocstall_dma 0
allocstall_dma32 0
allocstall_normal 31070
allocstall_movable 2265
allocstall_device 0
pgscan_direct 2246222
pgscan_direct_throttle 0
compact_stall 44681
2026-09-22T02:42:52Z
2398 MHz, 0x0000000000000000, 48, 10.82 W
MemFree:        22740412 kB
MemAvailable:   56372432 kB
Cached:         37396784 kB
SwapFree:       16755828 kB
allocstall_dma 0
allocstall_dma32 0
allocstall_normal 31070
allocstall_movable 2265
allocstall_device 0
pgscan_direct 2246222
pgscan_direct_throttle 0
compact_stall 44681
2026-09-22T02:42:53Z
2398 MHz, 0x0000000000000000, 48, 10.81 W
MemFree:        22738984 kB
MemAvailable:   56371004 kB
Cached:         37396784 kB
SwapFree:       16755828 kB
allocstall_dma 0
allocstall_dma32 0
allocstall_normal 31070
allocstall_movable 2265
allocstall_device 0
pgscan_direct 2246222
pgscan_direct_throttle 0
compact_stall 44681
2026-09-22T02:42:54Z
2398 MHz, 0x0000000000000000, 48, 10.77 W
MemFree:        22739304 kB
MemAvailable:   56371324 kB
Cached:         37396784 kB
SwapFree:       16755828 kB
allocstall_dma 0
allocstall_dma32 0
allocstall_normal 31070
allocstall_movable 2265
allocstall_device 0
pgscan_direct 2246222
pgscan_direct_throttle 0
compact_stall 44681
2026-09-22T02:42:55Z
2398 MHz, 0x0000000000000000, 48, 10.78 W
MemFree:        22744948 kB
MemAvailable:   56376968 kB
Cached:         37396784 kB
SwapFree:       16755828 kB
allocstall_dma 0
allocstall_dma32 0
allocstall_normal 31070
allocstall_movable 2265
allocstall_device 0
pgscan_direct 2246222
pgscan_direct_throttle 0
compact_stall 44681
2026-09-22T02:42:56Z
2398 MHz, 0x0000000000000000, 48, 10.76 W
MemFree:        22739680 kB
MemAvailable:   56371700 kB
Cached:         37396784 kB
SwapFree:       16755828 kB
allocstall_dma 0
allocstall_dma32 0
allocstall_normal 31070
allocstall_movable 2265
allocstall_device 0
pgscan_direct 2246222
pgscan_direct_throttle 0
compact_stall 44681
2026-09-22T02:42:57Z
2398 MHz, 0x0000000000000000, 48, 10.79 W
MemFree:        22741760 kB
MemAvailable:   56373780 kB
Cached:         37396784 kB
SwapFree:       16755828 kB
allocstall_dma 0
allocstall_dma32 0
allocstall_normal 31070
allocstall_movable 2265
allocstall_device 0
pgscan_direct 2246222
pgscan_direct_throttle 0
compact_stall 44681
2026-09-22T02:42:58Z
2398 MHz, 0x0000000000000000, 48, 10.76 W
MemFree:        22742828 kB
MemAvailable:   56374848 kB
Cached:         37396784 kB
SwapFree:       16755828 kB
allocstall_dma 0
allocstall_dma32 0
allocstall_normal 31070
allocstall_movable 2265
allocstall_device 0
pgscan_direct 2246222
pgscan_direct_throttle 0
compact_stall 44681
2026-09-22T02:42:59Z
2398 MHz, 0x0000000000000000, 48, 10.77 W
MemFree:        22745568 kB
MemAvailable:   56377588 kB
Cached:         37396784 kB
SwapFree:       16755828 kB
allocstall_dma 0
allocstall_dma32 0
allocstall_normal 31070
allocstall_movable 2265
allocstall_device 0
pgscan_direct 2246222
pgscan_direct_throttle 0
compact_stall 44681
2026-09-22T02:43:00Z
2398 MHz, 0x0000000000000000, 48, 10.76 W
MemFree:        22745280 kB
MemAvailable:   56377300 kB
Cached:         37396784 kB
SwapFree:       16755828 kB
allocstall_dma 0
allocstall_dma32 0
allocstall_normal 31070
allocstall_movable 2265
allocstall_device 0
pgscan_direct 2246222
pgscan_direct_throttle 0
compact_stall 44681
2026-09-22T02:43:01Z
2398 MHz, 0x0000000000000000, 48, 10.78 W
MemFree:        22741976 kB
MemAvailable:   56373996 kB
Cached:         37396784 kB
SwapFree:       16755828 kB
allocstall_dma 0
allocstall_dma32 0
allocstall_normal 31070
allocstall_movable 2265
allocstall_device 0
pgscan_direct 2246222
pgscan_direct_throttle 0
compact_stall 44681
2026-09-22T02:43:02Z
2398 MHz, 0x0000000000000000, 48, 10.79 W
MemFree:        22745436 kB
MemAvailable:   56377456 kB
Cached:         37396784 kB
SwapFree:       16755828 kB
allocstall_dma 0
allocstall_dma32 0
allocstall_normal 31070
allocstall_movable 2265
allocstall_device 0
pgscan_direct 2246222
pgscan_direct_throttle 0
compact_stall 44681
2026-09-22T02:43:03Z
2398 MHz, 0x0000000000000000, 48, 10.80 W
MemFree:        22746588 kB
MemAvailable:   56378608 kB
Cached:         37396784 kB
SwapFree:       16755828 kB
allocstall_dma 0
allocstall_dma32 0
allocstall_normal 31070
allocstall_movable 2265
allocstall_device 0
pgscan_direct 2246222
pgscan_direct_throttle 0
compact_stall 44681
2026-09-22T02:43:04Z
2398 MHz, 0x0000000000000000, 48, 10.79 W
MemFree:        22743304 kB
MemAvailable:   56375324 kB
Cached:         37396784 kB
SwapFree:       16755828 kB
allocstall_dma 0
allocstall_dma32 0
allocstall_normal 31070
allocstall_movable 2265
allocstall_device 0
pgscan_direct 2246222
pgscan_direct_throttle 0
compact_stall 44681
2026-09-22T02:43:05Z
2398 MHz, 0x0000000000000000, 48, 10.79 W
MemFree:        22735168 kB
MemAvailable:   56367188 kB
Cached:         37396784 kB
SwapFree:       16755828 kB
allocstall_dma 0
allocstall_dma32 0
allocstall_normal 31070
allocstall_movable 2265
allocstall_device 0
pgscan_direct 2246222
pgscan_direct_throttle 0
compact_stall 44681
2026-09-22T02:43:06Z
2398 MHz, 0x0000000000000000, 48, 10.77 W
MemFree:        22737412 kB
MemAvailable:   56369432 kB
Cached:         37396784 kB
SwapFree:       16755828 kB
allocstall_dma 0
allocstall_dma32 0
allocstall_normal 31070
allocstall_movable 2265
allocstall_device 0
pgscan_direct 2246222
pgscan_direct_throttle 0
compact_stall 44681
2026-09-22T02:43:07Z
2398 MHz, 0x0000000000000000, 48, 10.78 W
MemFree:        22732444 kB
MemAvailable:   56364464 kB
Cached:         37396784 kB
SwapFree:       16755828 kB
allocstall_dma 0
allocstall_dma32 0
allocstall_normal 31070
allocstall_movable 2265
allocstall_device 0
pgscan_direct 2246222
pgscan_direct_throttle 0
compact_stall 44681
2026-09-22T02:43:08Z
2398 MHz, 0x0000000000000000, 48, 10.79 W
MemFree:        22739812 kB
MemAvailable:   56371832 kB
Cached:         37396784 kB
SwapFree:       16755828 kB
allocstall_dma 0
allocstall_dma32 0
allocstall_normal 31070
allocstall_movable 2265
allocstall_device 0
pgscan_direct 2246222
pgscan_direct_throttle 0
compact_stall 44681
2026-09-22T02:43:09Z
2398 MHz, 0x0000000000000000, 48, 10.76 W
MemFree:        22738164 kB
MemAvailable:   56370184 kB
Cached:         37396784 kB
SwapFree:       16755828 kB
allocstall_dma 0
allocstall_dma32 0
allocstall_normal 31070
allocstall_movable 2265
allocstall_device 0
pgscan_direct 2246222
pgscan_direct_throttle 0
compact_stall 44681
2026-09-22T02:43:10Z
2398 MHz, 0x0000000000000000, 48, 10.76 W
MemFree:        22735768 kB
MemAvailable:   56367788 kB
Cached:         37396784 kB
SwapFree:       16755828 kB
allocstall_dma 0
allocstall_dma32 0
allocstall_normal 31070
allocstall_movable 2265
allocstall_device 0
pgscan_direct 2246222
pgscan_direct_throttle 0
compact_stall 44681
2026-09-22T02:43:11Z
2398 MHz, 0x0000000000000000, 48, 10.77 W
MemFree:        22735476 kB
MemAvailable:   56367496 kB
Cached:         37396784 kB
SwapFree:       16755828 kB
allocstall_dma 0
allocstall_dma32 0
allocstall_normal 31070
allocstall_movable 2265
allocstall_device 0
pgscan_direct 2246222
pgscan_direct_throttle 0
compact_stall 44681
2026-09-22T02:43:12Z
2398 MHz, 0x0000000000000000, 48, 10.76 W
MemFree:        22734944 kB
MemAvailable:   56366964 kB
Cached:         37396784 kB
SwapFree:       16755828 kB
allocstall_dma 0
allocstall_dma32 0
allocstall_normal 31070
allocstall_movable 2265
allocstall_device 0
pgscan_direct 2246222
pgscan_direct_throttle 0
compact_stall 44681
2026-09-22T02:43:13Z
2398 MHz, 0x0000000000000000, 48, 10.75 W
MemFree:        22736380 kB
MemAvailable:   56368400 kB
Cached:         37396784 kB
SwapFree:       16755828 kB
allocstall_dma 0
allocstall_dma32 0
allocstall_normal 31070
allocstall_movable 2265
allocstall_device 0
pgscan_direct 2246222
pgscan_direct_throttle 0
compact_stall 44681
2026-09-22T02:43:14Z
2398 MHz, 0x0000000000000000, 48, 10.77 W
MemFree:        22749916 kB
MemAvailable:   56381936 kB
Cached:         37396776 kB
SwapFree:       16755828 kB
allocstall_dma 0
allocstall_dma32 0
allocstall_normal 31070
allocstall_movable 2265
allocstall_device 0
pgscan_direct 2246222
pgscan_direct_throttle 0
compact_stall 44681
2026-09-22T02:43:16Z
2398 MHz, 0x0000000000000000, 48, 10.76 W
MemFree:        22737376 kB
MemAvailable:   56369404 kB
Cached:         37396784 kB
SwapFree:       16755828 kB
allocstall_dma 0
allocstall_dma32 0
allocstall_normal 31070
allocstall_movable 2265
allocstall_device 0
pgscan_direct 2246222
pgscan_direct_throttle 0
compact_stall 44681
2026-09-22T02:43:17Z
2398 MHz, 0x0000000000000000, 48, 10.75 W
MemFree:        22736532 kB
MemAvailable:   56368560 kB
Cached:         37396784 kB
SwapFree:       16755828 kB
allocstall_dma 0
allocstall_dma32 0
allocstall_normal 31070
allocstall_movable 2265
allocstall_device 0
pgscan_direct 2246222
pgscan_direct_throttle 0
compact_stall 44681
2026-09-22T02:43:18Z
2398 MHz, 0x0000000000000000, 48, 10.72 W
MemFree:        22745996 kB
MemAvailable:   56378024 kB
Cached:         37396784 kB
SwapFree:       16755828 kB
allocstall_dma 0
allocstall_dma32 0
allocstall_normal 31070
allocstall_movable 2265
allocstall_device 0
pgscan_direct 2246222
pgscan_direct_throttle 0
compact_stall 44681
2026-09-22T02:43:19Z
2398 MHz, 0x0000000000000000, 48, 10.73 W
MemFree:        22746476 kB
MemAvailable:   56378504 kB
Cached:         37396784 kB
SwapFree:       16755828 kB
allocstall_dma 0
allocstall_dma32 0
allocstall_normal 31070
allocstall_movable 2265
allocstall_device 0
pgscan_direct 2246222
pgscan_direct_throttle 0
compact_stall 44681
2026-09-22T02:43:20Z
2398 MHz, 0x0000000000000000, 48, 10.76 W
MemFree:        22743392 kB
MemAvailable:   56375420 kB
Cached:         37396784 kB
SwapFree:       16755828 kB
allocstall_dma 0
allocstall_dma32 0
allocstall_normal 31070
allocstall_movable 2265
allocstall_device 0
pgscan_direct 2246222
pgscan_direct_throttle 0
compact_stall 44681
2026-09-22T02:43:21Z
2398 MHz, 0x0000000000000000, 48, 10.77 W
MemFree:        22743616 kB
MemAvailable:   56375644 kB
Cached:         37396784 kB
SwapFree:       16755828 kB
allocstall_dma 0
allocstall_dma32 0
allocstall_normal 31070
allocstall_movable 2265
allocstall_device 0
pgscan_direct 2246222
pgscan_direct_throttle 0
compact_stall 44681
2026-09-22T02:43:22Z
2398 MHz, 0x0000000000000000, 48, 10.75 W
MemFree:        22728336 kB
MemAvailable:   56360364 kB
Cached:         37396784 kB
SwapFree:       16755828 kB
allocstall_dma 0
allocstall_dma32 0
allocstall_normal 31070
allocstall_movable 2265
allocstall_device 0
pgscan_direct 2246222
pgscan_direct_throttle 0
compact_stall 44681
2026-09-22T02:43:23Z
2398 MHz, 0x0000000000000000, 48, 10.76 W
MemFree:        22740156 kB
MemAvailable:   56372184 kB
Cached:         37396784 kB
SwapFree:       16755828 kB
allocstall_dma 0
allocstall_dma32 0
allocstall_normal 31070
allocstall_movable 2265
allocstall_device 0
pgscan_direct 2246222
pgscan_direct_throttle 0
compact_stall 44681
2026-09-22T02:43:24Z
2398 MHz, 0x0000000000000000, 48, 10.74 W
MemFree:        22724232 kB
MemAvailable:   56356260 kB
Cached:         37396784 kB
SwapFree:       16755828 kB
allocstall_dma 0
allocstall_dma32 0
allocstall_normal 31070
allocstall_movable 2265
allocstall_device 0
pgscan_direct 2246222
pgscan_direct_throttle 0
compact_stall 44681
2026-09-22T02:43:25Z
2398 MHz, 0x0000000000000000, 48, 10.76 W
MemFree:        22730976 kB
MemAvailable:   56363004 kB
Cached:         37396784 kB
SwapFree:       16755828 kB
allocstall_dma 0
allocstall_dma32 0
allocstall_normal 31070
allocstall_movable 2265
allocstall_device 0
pgscan_direct 2246222
pgscan_direct_throttle 0
compact_stall 44681
2026-09-22T02:43:26Z
2398 MHz, 0x0000000000000000, 48, 10.76 W
MemFree:        22715192 kB
MemAvailable:   56347220 kB
Cached:         37396784 kB
SwapFree:       16755828 kB
allocstall_dma 0
allocstall_dma32 0
allocstall_normal 31070
allocstall_movable 2265
allocstall_device 0
pgscan_direct 2246222
pgscan_direct_throttle 0
compact_stall 44681
2026-09-22T02:43:27Z
2398 MHz, 0x0000000000000000, 48, 10.76 W
MemFree:        22717764 kB
MemAvailable:   56349792 kB
Cached:         37396784 kB
SwapFree:       16755828 kB
allocstall_dma 0
allocstall_dma32 0
allocstall_normal 31070
allocstall_movable 2265
allocstall_device 0
pgscan_direct 2246222
pgscan_direct_throttle 0
compact_stall 44681
2026-09-22T02:43:28Z
2398 MHz, 0x0000000000000000, 48, 10.81 W
MemFree:        22707304 kB
MemAvailable:   56339332 kB
Cached:         37396792 kB
SwapFree:       16755828 kB
allocstall_dma 0
allocstall_dma32 0
allocstall_normal 31070
allocstall_movable 2265
allocstall_device 0
pgscan_direct 2246222
pgscan_direct_throttle 0
compact_stall 44681
2026-09-22T02:43:29Z
2398 MHz, 0x0000000000000000, 48, 10.82 W
MemFree:        22705596 kB
MemAvailable:   56338220 kB
Cached:         37397380 kB
SwapFree:       16755828 kB
allocstall_dma 0
allocstall_dma32 0
allocstall_normal 31070
allocstall_movable 2265
allocstall_device 0
pgscan_direct 2246222
pgscan_direct_throttle 0
compact_stall 44681
2026-09-22T02:43:30Z
2398 MHz, 0x0000000000000000, 48, 10.79 W
MemFree:        22705120 kB
MemAvailable:   56337744 kB
Cached:         37397380 kB
SwapFree:       16755828 kB
allocstall_dma 0
allocstall_dma32 0
allocstall_normal 31070
allocstall_movable 2265
allocstall_device 0
pgscan_direct 2246222
pgscan_direct_throttle 0
compact_stall 44681
2026-09-22T02:43:31Z
2398 MHz, 0x0000000000000000, 48, 10.77 W
MemFree:        22710048 kB
MemAvailable:   56342672 kB
Cached:         37397380 kB
SwapFree:       16755828 kB
allocstall_dma 0
allocstall_dma32 0
allocstall_normal 31070
allocstall_movable 2265
allocstall_device 0
pgscan_direct 2246222
pgscan_direct_throttle 0
compact_stall 44681
2026-09-22T02:43:32Z
2398 MHz, 0x0000000000000000, 48, 10.72 W
MemFree:        22695224 kB
MemAvailable:   56327848 kB
Cached:         37397380 kB
SwapFree:       16755828 kB
allocstall_dma 0
allocstall_dma32 0
allocstall_normal 31070
allocstall_movable 2265
allocstall_device 0
pgscan_direct 2246222
pgscan_direct_throttle 0
compact_stall 44681
2026-09-22T02:43:33Z
2398 MHz, 0x0000000000000000, 48, 10.74 W
MemFree:        22724364 kB
MemAvailable:   56356988 kB
Cached:         37397380 kB
SwapFree:       16755828 kB
allocstall_dma 0
allocstall_dma32 0
allocstall_normal 31070
allocstall_movable 2265
allocstall_device 0
pgscan_direct 2246222
pgscan_direct_throttle 0
compact_stall 44681
2026-09-22T02:43:34Z
2398 MHz, 0x0000000000000000, 48, 10.76 W
MemFree:        22740776 kB
MemAvailable:   56373408 kB
Cached:         37397380 kB
SwapFree:       16755828 kB
allocstall_dma 0
allocstall_dma32 0
allocstall_normal 31070
allocstall_movable 2265
allocstall_device 0
pgscan_direct 2246222
pgscan_direct_throttle 0
compact_stall 44681
2026-09-22T02:43:35Z
2398 MHz, 0x0000000000000000, 48, 10.79 W
MemFree:        22739048 kB
MemAvailable:   56371680 kB
Cached:         37397380 kB
SwapFree:       16755828 kB
allocstall_dma 0
allocstall_dma32 0
allocstall_normal 31070
allocstall_movable 2265
allocstall_device 0
pgscan_direct 2246222
pgscan_direct_throttle 0
compact_stall 44681
2026-09-22T02:43:36Z
2398 MHz, 0x0000000000000000, 48, 10.77 W
MemFree:        22740828 kB
MemAvailable:   56373460 kB
Cached:         37397380 kB
SwapFree:       16755828 kB
allocstall_dma 0
allocstall_dma32 0
allocstall_normal 31070
allocstall_movable 2265
allocstall_device 0
pgscan_direct 2246222
pgscan_direct_throttle 0
compact_stall 44681
2026-09-22T02:43:37Z
2398 MHz, 0x0000000000000000, 48, 10.78 W
MemFree:        22738452 kB
MemAvailable:   56371084 kB
Cached:         37397380 kB
SwapFree:       16755828 kB
allocstall_dma 0
allocstall_dma32 0
allocstall_normal 31070
allocstall_movable 2265
allocstall_device 0
pgscan_direct 2246222
pgscan_direct_throttle 0
compact_stall 44681
2026-09-22T02:43:38Z
2398 MHz, 0x0000000000000000, 48, 10.76 W
MemFree:        22740088 kB
MemAvailable:   56372720 kB
Cached:         37397380 kB
SwapFree:       16755828 kB
allocstall_dma 0
allocstall_dma32 0
allocstall_normal 31070
allocstall_movable 2265
allocstall_device 0
pgscan_direct 2246222
pgscan_direct_throttle 0
compact_stall 44681
2026-09-22T02:43:39Z
2398 MHz, 0x0000000000000000, 48, 10.83 W
MemFree:        22740740 kB
MemAvailable:   56373372 kB
Cached:         37397380 kB
SwapFree:       16755828 kB
allocstall_dma 0
allocstall_dma32 0
allocstall_normal 31070
allocstall_movable 2265
allocstall_device 0
pgscan_direct 2246222
pgscan_direct_throttle 0
compact_stall 44681
2026-09-22T02:43:40Z
2398 MHz, 0x0000000000000000, 48, 10.80 W
MemFree:        22739852 kB
MemAvailable:   56372484 kB
Cached:         37397380 kB
SwapFree:       16755828 kB
allocstall_dma 0
allocstall_dma32 0
allocstall_normal 31070
allocstall_movable 2265
allocstall_device 0
pgscan_direct 2246222
pgscan_direct_throttle 0
compact_stall 44681
2026-09-22T02:43:41Z
2398 MHz, 0x0000000000000000, 48, 10.76 W
MemFree:        22739672 kB
MemAvailable:   56372304 kB
Cached:         37397380 kB
SwapFree:       16755828 kB
allocstall_dma 0
allocstall_dma32 0
allocstall_normal 31070
allocstall_movable 2265
allocstall_device 0
pgscan_direct 2246222
pgscan_direct_throttle 0
compact_stall 44681
2026-09-22T02:43:42Z
2398 MHz, 0x0000000000000000, 48, 10.78 W
MemFree:        22739552 kB
MemAvailable:   56372184 kB
Cached:         37397380 kB
SwapFree:       16755828 kB
allocstall_dma 0
allocstall_dma32 0
allocstall_normal 31070
allocstall_movable 2265
allocstall_device 0
pgscan_direct 2246222
pgscan_direct_throttle 0
compact_stall 44681
2026-09-22T02:43:43Z
2398 MHz, 0x0000000000000000, 48, 10.81 W
MemFree:        22749308 kB
MemAvailable:   56382504 kB
Cached:         37397968 kB
SwapFree:       16755828 kB
allocstall_dma 0
allocstall_dma32 0
allocstall_normal 31070
allocstall_movable 2265
allocstall_device 0
pgscan_direct 2246222
pgscan_direct_throttle 0
compact_stall 44681
2026-09-22T02:43:44Z
2398 MHz, 0x0000000000000000, 48, 10.76 W
MemFree:        22742380 kB
MemAvailable:   56375704 kB
Cached:         37398092 kB
SwapFree:       16755828 kB
allocstall_dma 0
allocstall_dma32 0
allocstall_normal 31070
allocstall_movable 2265
allocstall_device 0
pgscan_direct 2246222
pgscan_direct_throttle 0
compact_stall 44681
2026-09-22T02:43:45Z
2398 MHz, 0x0000000000000000, 48, 10.76 W
MemFree:        22727620 kB
MemAvailable:   56360944 kB
Cached:         37398092 kB
SwapFree:       16755828 kB
allocstall_dma 0
allocstall_dma32 0
allocstall_normal 31070
allocstall_movable 2265
allocstall_device 0
pgscan_direct 2246222
pgscan_direct_throttle 0
compact_stall 44681
2026-09-22T02:43:46Z
2398 MHz, 0x0000000000000000, 48, 10.74 W
MemFree:        22742200 kB
MemAvailable:   56375524 kB
Cached:         37398092 kB
SwapFree:       16755828 kB
allocstall_dma 0
allocstall_dma32 0
allocstall_normal 31070
allocstall_movable 2265
allocstall_device 0
pgscan_direct 2246222
pgscan_direct_throttle 0
compact_stall 44681
2026-09-22T02:43:47Z
2398 MHz, 0x0000000000000000, 48, 10.73 W
MemFree:        22753524 kB
MemAvailable:   56386848 kB
Cached:         37398092 kB
SwapFree:       16755828 kB
allocstall_dma 0
allocstall_dma32 0
allocstall_normal 31070
allocstall_movable 2265
allocstall_device 0
pgscan_direct 2246222
pgscan_direct_throttle 0
compact_stall 44681
2026-09-22T02:43:48Z
2398 MHz, 0x0000000000000000, 48, 10.78 W
MemFree:        22755728 kB
MemAvailable:   56389052 kB
Cached:         37398084 kB
SwapFree:       16755828 kB
allocstall_dma 0
allocstall_dma32 0
allocstall_normal 31070
allocstall_movable 2265
allocstall_device 0
pgscan_direct 2246222
pgscan_direct_throttle 0
compact_stall 44681
2026-09-22T02:43:49Z
2398 MHz, 0x0000000000000000, 48, 10.76 W
MemFree:        22753096 kB
MemAvailable:   56386460 kB
Cached:         37398092 kB
SwapFree:       16755828 kB
allocstall_dma 0
allocstall_dma32 0
allocstall_normal 31070
allocstall_movable 2265
allocstall_device 0
pgscan_direct 2246222
pgscan_direct_throttle 0
compact_stall 44681
2026-09-22T02:43:51Z
2398 MHz, 0x0000000000000000, 48, 10.75 W
MemFree:        22754432 kB
MemAvailable:   56387796 kB
Cached:         37398092 kB
SwapFree:       16755828 kB
allocstall_dma 0
allocstall_dma32 0
allocstall_normal 31070
allocstall_movable 2265
allocstall_device 0
pgscan_direct 2246222
pgscan_direct_throttle 0
compact_stall 44681
2026-09-22T02:43:52Z
2398 MHz, 0x0000000000000000, 48, 10.76 W
MemFree:        22754140 kB
MemAvailable:   56387504 kB
Cached:         37398092 kB
SwapFree:       16755828 kB
allocstall_dma 0
allocstall_dma32 0
allocstall_normal 31070
allocstall_movable 2265
allocstall_device 0
pgscan_direct 2246222
pgscan_direct_throttle 0
compact_stall 44681
2026-09-22T02:43:53Z
2398 MHz, 0x0000000000000000, 48, 10.77 W
MemFree:        22751664 kB
MemAvailable:   56385028 kB
Cached:         37398092 kB
SwapFree:       16755828 kB
allocstall_dma 0
allocstall_dma32 0
allocstall_normal 31070
allocstall_movable 2265
allocstall_device 0
pgscan_direct 2246222
pgscan_direct_throttle 0
compact_stall 44681
2026-09-22T02:43:54Z
2398 MHz, 0x0000000000000000, 48, 10.78 W
MemFree:        22743304 kB
MemAvailable:   56376676 kB
Cached:         37398092 kB
SwapFree:       16755828 kB
allocstall_dma 0
allocstall_dma32 0
allocstall_normal 31070
allocstall_movable 2265
allocstall_device 0
pgscan_direct 2246222
pgscan_direct_throttle 0
compact_stall 44681
2026-09-22T02:43:55Z
2398 MHz, 0x0000000000000000, 48, 10.74 W
MemFree:        22748904 kB
MemAvailable:   56382276 kB
Cached:         37398092 kB
SwapFree:       16755828 kB
allocstall_dma 0
allocstall_dma32 0
allocstall_normal 31070
allocstall_movable 2265
allocstall_device 0
pgscan_direct 2246222
pgscan_direct_throttle 0
compact_stall 44681
2026-09-22T02:43:56Z
2398 MHz, 0x0000000000000000, 48, 10.73 W
MemFree:        22740524 kB
MemAvailable:   56373896 kB
Cached:         37398092 kB
SwapFree:       16755828 kB
allocstall_dma 0
allocstall_dma32 0
allocstall_normal 31070
allocstall_movable 2265
allocstall_device 0
pgscan_direct 2246222
pgscan_direct_throttle 0
compact_stall 44681
2026-09-22T02:43:57Z
2398 MHz, 0x0000000000000000, 48, 10.75 W
MemFree:        22724416 kB
MemAvailable:   56357788 kB
Cached:         37398092 kB
SwapFree:       16755828 kB
allocstall_dma 0
allocstall_dma32 0
allocstall_normal 31070
allocstall_movable 2265
allocstall_device 0
pgscan_direct 2246222
pgscan_direct_throttle 0
compact_stall 44681
2026-09-22T02:43:58Z
2398 MHz, 0x0000000000000000, 48, 10.75 W
MemFree:        22739300 kB
MemAvailable:   56372672 kB
Cached:         37398092 kB
SwapFree:       16755828 kB
allocstall_dma 0
allocstall_dma32 0
allocstall_normal 31070
allocstall_movable 2265
allocstall_device 0
pgscan_direct 2246222
pgscan_direct_throttle 0
compact_stall 44681
2026-09-22T02:43:59Z
2398 MHz, 0x0000000000000000, 48, 10.75 W
MemFree:        22742552 kB
MemAvailable:   56375924 kB
Cached:         37398092 kB
SwapFree:       16755828 kB
allocstall_dma 0
allocstall_dma32 0
allocstall_normal 31070
allocstall_movable 2265
allocstall_device 0
pgscan_direct 2246222
pgscan_direct_throttle 0
compact_stall 44681
2026-09-22T02:44:00Z
2398 MHz, 0x0000000000000000, 48, 10.78 W
MemFree:        22743056 kB
MemAvailable:   56376428 kB
Cached:         37398092 kB
SwapFree:       16755828 kB
allocstall_dma 0
allocstall_dma32 0
allocstall_normal 31070
allocstall_movable 2265
allocstall_device 0
pgscan_direct 2246222
pgscan_direct_throttle 0
compact_stall 44681
2026-09-22T02:44:01Z
2398 MHz, 0x0000000000000000, 48, 10.76 W
MemFree:        22734716 kB
MemAvailable:   56368088 kB
Cached:         37398092 kB
SwapFree:       16755828 kB
allocstall_dma 0
allocstall_dma32 0
allocstall_normal 31070
allocstall_movable 2265
allocstall_device 0
pgscan_direct 2246222
pgscan_direct_throttle 0
compact_stall 44681
2026-09-22T02:44:02Z
2398 MHz, 0x0000000000000000, 48, 10.80 W
MemFree:        22738284 kB
MemAvailable:   56371656 kB
Cached:         37398092 kB
SwapFree:       16755828 kB
allocstall_dma 0
allocstall_dma32 0
allocstall_normal 31070
allocstall_movable 2265
allocstall_device 0
pgscan_direct 2246222
pgscan_direct_throttle 0
compact_stall 44681
2026-09-22T02:44:03Z
2398 MHz, 0x0000000000000000, 48, 10.84 W
MemFree:        22726828 kB
MemAvailable:   56361492 kB
Cached:         37399384 kB
SwapFree:       16755828 kB
allocstall_dma 0
allocstall_dma32 0
allocstall_normal 31070
allocstall_movable 2265
allocstall_device 0
pgscan_direct 2246222
pgscan_direct_throttle 0
compact_stall 44681
2026-09-22T02:44:04Z
2398 MHz, 0x0000000000000000, 48, 10.81 W
MemFree:        22723208 kB
MemAvailable:   56357944 kB
Cached:         37399456 kB
SwapFree:       16755828 kB
allocstall_dma 0
allocstall_dma32 0
allocstall_normal 31070
allocstall_movable 2265
allocstall_device 0
pgscan_direct 2246222
pgscan_direct_throttle 0
compact_stall 44681
2026-09-22T02:44:05Z
2398 MHz, 0x0000000000000000, 48, 10.76 W
MemFree:        22721004 kB
MemAvailable:   56355740 kB
Cached:         37399456 kB
SwapFree:       16755828 kB
allocstall_dma 0
allocstall_dma32 0
allocstall_normal 31070
allocstall_movable 2265
allocstall_device 0
pgscan_direct 2246222
pgscan_direct_throttle 0
compact_stall 44681
2026-09-22T02:44:06Z
2398 MHz, 0x0000000000000000, 48, 10.79 W
MemFree:        22735580 kB
MemAvailable:   56370316 kB
Cached:         37399456 kB
SwapFree:       16755828 kB
allocstall_dma 0
allocstall_dma32 0
allocstall_normal 31070
allocstall_movable 2265
allocstall_device 0
pgscan_direct 2246222
pgscan_direct_throttle 0
compact_stall 44681
2026-09-22T02:44:07Z
2398 MHz, 0x0000000000000000, 48, 10.81 W
MemFree:        22720424 kB
MemAvailable:   56355160 kB
Cached:         37399456 kB
SwapFree:       16755828 kB
allocstall_dma 0
allocstall_dma32 0
allocstall_normal 31070
allocstall_movable 2265
allocstall_device 0
pgscan_direct 2246222
pgscan_direct_throttle 0
compact_stall 44681
2026-09-22T02:44:08Z
2398 MHz, 0x0000000000000000, 48, 10.76 W
MemFree:        22723440 kB
MemAvailable:   56358176 kB
Cached:         37399464 kB
SwapFree:       16755828 kB
allocstall_dma 0
allocstall_dma32 0
allocstall_normal 31070
allocstall_movable 2265
allocstall_device 0
pgscan_direct 2246222
pgscan_direct_throttle 0
compact_stall 44681
2026-09-22T02:44:09Z
2398 MHz, 0x0000000000000000, 48, 10.79 W
MemFree:        22734028 kB
MemAvailable:   56368776 kB
Cached:         37399460 kB
SwapFree:       16755828 kB
allocstall_dma 0
allocstall_dma32 0
allocstall_normal 31070
allocstall_movable 2265
allocstall_device 0
pgscan_direct 2246222
pgscan_direct_throttle 0
compact_stall 44681
2026-09-22T02:44:10Z
2398 MHz, 0x0000000000000000, 48, 10.80 W
MemFree:        22735336 kB
MemAvailable:   56370092 kB
Cached:         37399460 kB
SwapFree:       16755828 kB
allocstall_dma 0
allocstall_dma32 0
allocstall_normal 31070
allocstall_movable 2265
allocstall_device 0
pgscan_direct 2246222
pgscan_direct_throttle 0
compact_stall 44681
2026-09-22T02:44:11Z
2398 MHz, 0x0000000000000000, 48, 10.84 W
MemFree:        22732968 kB
MemAvailable:   56367724 kB
Cached:         37399460 kB
SwapFree:       16755828 kB
allocstall_dma 0
allocstall_dma32 0
allocstall_normal 31070
allocstall_movable 2265
allocstall_device 0
pgscan_direct 2246222
pgscan_direct_throttle 0
compact_stall 44681
2026-09-22T02:44:12Z
2398 MHz, 0x0000000000000000, 48, 10.80 W
MemFree:        22738464 kB
MemAvailable:   56373220 kB
Cached:         37399460 kB
SwapFree:       16755828 kB
allocstall_dma 0
allocstall_dma32 0
allocstall_normal 31070
allocstall_movable 2265
allocstall_device 0
pgscan_direct 2246222
pgscan_direct_throttle 0
compact_stall 44681
2026-09-22T02:44:13Z
2398 MHz, 0x0000000000000000, 48, 10.79 W
MemFree:        22722448 kB
MemAvailable:   56357204 kB
Cached:         37399460 kB
SwapFree:       16755828 kB
allocstall_dma 0
allocstall_dma32 0
allocstall_normal 31070
allocstall_movable 2265
allocstall_device 0
pgscan_direct 2246222
pgscan_direct_throttle 0
compact_stall 44681
2026-09-22T02:44:14Z
2398 MHz, 0x0000000000000000, 48, 10.79 W
MemFree:        22738900 kB
MemAvailable:   56373656 kB
Cached:         37399452 kB
SwapFree:       16755828 kB
allocstall_dma 0
allocstall_dma32 0
allocstall_normal 31070
allocstall_movable 2265
allocstall_device 0
pgscan_direct 2246222
pgscan_direct_throttle 0
compact_stall 44681
2026-09-22T02:44:15Z
2398 MHz, 0x0000000000000000, 48, 10.77 W
MemFree:        22734652 kB
MemAvailable:   56369416 kB
Cached:         37399460 kB
SwapFree:       16755828 kB
allocstall_dma 0
allocstall_dma32 0
allocstall_normal 31070
allocstall_movable 2265
allocstall_device 0
pgscan_direct 2246222
pgscan_direct_throttle 0
compact_stall 44681
2026-09-22T02:44:16Z
2398 MHz, 0x0000000000000000, 48, 10.76 W
MemFree:        22745732 kB
MemAvailable:   56380496 kB
Cached:         37399460 kB
SwapFree:       16755828 kB
allocstall_dma 0
allocstall_dma32 0
allocstall_normal 31070
allocstall_movable 2265
allocstall_device 0
pgscan_direct 2246222
pgscan_direct_throttle 0
compact_stall 44681
2026-09-22T02:44:17Z
2398 MHz, 0x0000000000000000, 48, 10.77 W
MemFree:        22743644 kB
MemAvailable:   56378408 kB
Cached:         37399460 kB
SwapFree:       16755828 kB
allocstall_dma 0
allocstall_dma32 0
allocstall_normal 31070
allocstall_movable 2265
allocstall_device 0
pgscan_direct 2246222
pgscan_direct_throttle 0
compact_stall 44681
2026-09-22T02:44:18Z
2398 MHz, 0x0000000000000000, 48, 10.80 W
MemFree:        22740176 kB
MemAvailable:   56374940 kB
Cached:         37399460 kB
SwapFree:       16755828 kB
allocstall_dma 0
allocstall_dma32 0
allocstall_normal 31070
allocstall_movable 2265
allocstall_device 0
pgscan_direct 2246222
pgscan_direct_throttle 0
compact_stall 44681
2026-09-22T02:44:19Z
2398 MHz, 0x0000000000000000, 48, 10.78 W
MemFree:        22743172 kB
MemAvailable:   56377936 kB
Cached:         37399460 kB
SwapFree:       16755828 kB
allocstall_dma 0
allocstall_dma32 0
allocstall_normal 31070
allocstall_movable 2265
allocstall_device 0
pgscan_direct 2246222
pgscan_direct_throttle 0
compact_stall 44681
2026-09-22T02:44:20Z
2398 MHz, 0x0000000000000000, 48, 10.79 W
MemFree:        22743720 kB
MemAvailable:   56378484 kB
Cached:         37399460 kB
SwapFree:       16755828 kB
allocstall_dma 0
allocstall_dma32 0
allocstall_normal 31070
allocstall_movable 2265
allocstall_device 0
pgscan_direct 2246222
pgscan_direct_throttle 0
compact_stall 44681
2026-09-22T02:44:21Z
2398 MHz, 0x0000000000000000, 48, 10.73 W
MemFree:        22741976 kB
MemAvailable:   56376740 kB
Cached:         37399460 kB
SwapFree:       16755828 kB
allocstall_dma 0
allocstall_dma32 0
allocstall_normal 31070
allocstall_movable 2265
allocstall_device 0
pgscan_direct 2246222
pgscan_direct_throttle 0
compact_stall 44681
2026-09-22T02:44:22Z
2398 MHz, 0x0000000000000000, 48, 10.74 W
MemFree:        22743320 kB
MemAvailable:   56378084 kB
Cached:         37399460 kB
SwapFree:       16755828 kB
allocstall_dma 0
allocstall_dma32 0
allocstall_normal 31070
allocstall_movable 2265
allocstall_device 0
pgscan_direct 2246222
pgscan_direct_throttle 0
compact_stall 44681
2026-09-22T02:44:23Z
2398 MHz, 0x0000000000000000, 48, 10.75 W
MemFree:        22742796 kB
MemAvailable:   56377560 kB
Cached:         37399452 kB
SwapFree:       16755828 kB
allocstall_dma 0
allocstall_dma32 0
allocstall_normal 31070
allocstall_movable 2265
allocstall_device 0
pgscan_direct 2246222
pgscan_direct_throttle 0
compact_stall 44681
2026-09-22T02:44:24Z
2398 MHz, 0x0000000000000000, 48, 10.75 W
MemFree:        22748452 kB
MemAvailable:   56383224 kB
Cached:         37399460 kB
SwapFree:       16755828 kB
allocstall_dma 0
allocstall_dma32 0
allocstall_normal 31070
allocstall_movable 2265
allocstall_device 0
pgscan_direct 2246222
pgscan_direct_throttle 0
compact_stall 44681
2026-09-22T02:44:26Z
2398 MHz, 0x0000000000000000, 48, 10.77 W
MemFree:        22724088 kB
MemAvailable:   56358860 kB
Cached:         37399460 kB
SwapFree:       16755828 kB
allocstall_dma 0
allocstall_dma32 0
allocstall_normal 31070
allocstall_movable 2265
allocstall_device 0
pgscan_direct 2246222
pgscan_direct_throttle 0
compact_stall 44681
2026-09-22T02:44:27Z
2398 MHz, 0x0000000000000000, 48, 10.77 W
MemFree:        22737384 kB
MemAvailable:   56372156 kB
Cached:         37399460 kB
SwapFree:       16755828 kB
allocstall_dma 0
allocstall_dma32 0
allocstall_normal 31070
allocstall_movable 2265
allocstall_device 0
pgscan_direct 2246222
pgscan_direct_throttle 0
compact_stall 44681
2026-09-22T02:44:28Z
2398 MHz, 0x0000000000000000, 48, 10.75 W
MemFree:        22739572 kB
MemAvailable:   56374344 kB
Cached:         37399460 kB
SwapFree:       16755828 kB
allocstall_dma 0
allocstall_dma32 0
allocstall_normal 31070
allocstall_movable 2265
allocstall_device 0
pgscan_direct 2246222
pgscan_direct_throttle 0
compact_stall 44681
2026-09-22T02:44:29Z
2398 MHz, 0x0000000000000000, 48, 10.75 W
MemFree:        22738832 kB
MemAvailable:   56373604 kB
Cached:         37399460 kB
SwapFree:       16755828 kB
allocstall_dma 0
allocstall_dma32 0
allocstall_normal 31070
allocstall_movable 2265
allocstall_device 0
pgscan_direct 2246222
pgscan_direct_throttle 0
compact_stall 44681
2026-09-22T02:44:30Z
2398 MHz, 0x0000000000000000, 48, 10.79 W
MemFree:        22742672 kB
MemAvailable:   56377444 kB
Cached:         37399460 kB
SwapFree:       16755828 kB
allocstall_dma 0
allocstall_dma32 0
allocstall_normal 31070
allocstall_movable 2265
allocstall_device 0
pgscan_direct 2246222
pgscan_direct_throttle 0
compact_stall 44681
2026-09-22T02:44:31Z
2398 MHz, 0x0000000000000000, 48, 10.77 W
MemFree:        22734780 kB
MemAvailable:   56369552 kB
Cached:         37399460 kB
SwapFree:       16755828 kB
allocstall_dma 0
allocstall_dma32 0
allocstall_normal 31070
allocstall_movable 2265
allocstall_device 0
pgscan_direct 2246222
pgscan_direct_throttle 0
compact_stall 44681
2026-09-22T02:44:32Z
2398 MHz, 0x0000000000000000, 48, 10.73 W
MemFree:        22727160 kB
MemAvailable:   56361932 kB
Cached:         37399460 kB
SwapFree:       16755828 kB
allocstall_dma 0
allocstall_dma32 0
allocstall_normal 31070
allocstall_movable 2265
allocstall_device 0
pgscan_direct 2246222
pgscan_direct_throttle 0
compact_stall 44681
2026-09-22T02:44:33Z
2398 MHz, 0x0000000000000000, 48, 10.75 W
MemFree:        22723980 kB
MemAvailable:   56358752 kB
Cached:         37399460 kB
SwapFree:       16755828 kB
allocstall_dma 0
allocstall_dma32 0
allocstall_normal 31070
allocstall_movable 2265
allocstall_device 0
pgscan_direct 2246222
pgscan_direct_throttle 0
compact_stall 44681
2026-09-22T02:44:34Z
2398 MHz, 0x0000000000000000, 48, 10.77 W
MemFree:        22715768 kB
MemAvailable:   56350540 kB
Cached:         37399460 kB
SwapFree:       16755828 kB
allocstall_dma 0
allocstall_dma32 0
allocstall_normal 31070
allocstall_movable 2265
allocstall_device 0
pgscan_direct 2246222
pgscan_direct_throttle 0
compact_stall 44681
2026-09-22T02:44:35Z
2398 MHz, 0x0000000000000000, 48, 10.77 W
MemFree:        22712576 kB
MemAvailable:   56347348 kB
Cached:         37399460 kB
SwapFree:       16755828 kB
allocstall_dma 0
allocstall_dma32 0
allocstall_normal 31070
allocstall_movable 2265
allocstall_device 0
pgscan_direct 2246222
pgscan_direct_throttle 0
compact_stall 44681
2026-09-22T02:44:36Z
2398 MHz, 0x0000000000000000, 48, 10.80 W
MemFree:        22730284 kB
MemAvailable:   56365056 kB
Cached:         37399460 kB
SwapFree:       16755828 kB
allocstall_dma 0
allocstall_dma32 0
allocstall_normal 31070
allocstall_movable 2265
allocstall_device 0
pgscan_direct 2246222
pgscan_direct_throttle 0
compact_stall 44681
2026-09-22T02:44:37Z
2398 MHz, 0x0000000000000000, 48, 10.79 W
MemFree:        22731448 kB
MemAvailable:   56366220 kB
Cached:         37399460 kB
SwapFree:       16755828 kB
allocstall_dma 0
allocstall_dma32 0
allocstall_normal 31070
allocstall_movable 2265
allocstall_device 0
pgscan_direct 2246222
pgscan_direct_throttle 0
compact_stall 44681
2026-09-22T02:44:38Z
2398 MHz, 0x0000000000000000, 48, 10.71 W
MemFree:        22737804 kB
MemAvailable:   56372576 kB
Cached:         37399460 kB
SwapFree:       16755828 kB
allocstall_dma 0
allocstall_dma32 0
allocstall_normal 31070
allocstall_movable 2265
allocstall_device 0
pgscan_direct 2246222
pgscan_direct_throttle 0
compact_stall 44681
2026-09-22T02:44:39Z
2398 MHz, 0x0000000000000000, 48, 10.74 W
MemFree:        22730368 kB
MemAvailable:   56365140 kB
Cached:         37399452 kB
SwapFree:       16755828 kB
allocstall_dma 0
allocstall_dma32 0
allocstall_normal 31070
allocstall_movable 2265
allocstall_device 0
pgscan_direct 2246222
pgscan_direct_throttle 0
compact_stall 44681
2026-09-22T02:44:40Z
2398 MHz, 0x0000000000000000, 48, 10.70 W
MemFree:        22714264 kB
MemAvailable:   56349044 kB
Cached:         37399460 kB
SwapFree:       16755828 kB
allocstall_dma 0
allocstall_dma32 0
allocstall_normal 31070
allocstall_movable 2265
allocstall_device 0
pgscan_direct 2246222
pgscan_direct_throttle 0
compact_stall 44681
2026-09-22T02:44:41Z
2398 MHz, 0x0000000000000000, 48, 10.71 W
MemFree:        22731096 kB
MemAvailable:   56365876 kB
Cached:         37399460 kB
SwapFree:       16755828 kB
allocstall_dma 0
allocstall_dma32 0
allocstall_normal 31070
allocstall_movable 2265
allocstall_device 0
pgscan_direct 2246222
pgscan_direct_throttle 0
compact_stall 44681
2026-09-22T02:44:42Z
2398 MHz, 0x0000000000000000, 48, 10.71 W
MemFree:        22725184 kB
MemAvailable:   56359964 kB
Cached:         37399460 kB
SwapFree:       16755828 kB
allocstall_dma 0
allocstall_dma32 0
allocstall_normal 31070
allocstall_movable 2265
allocstall_device 0
pgscan_direct 2246222
pgscan_direct_throttle 0
compact_stall 44681
2026-09-22T02:44:43Z
2398 MHz, 0x0000000000000000, 48, 10.73 W
MemFree:        22727500 kB
MemAvailable:   56362280 kB
Cached:         37399460 kB
SwapFree:       16755828 kB
allocstall_dma 0
allocstall_dma32 0
allocstall_normal 31070
allocstall_movable 2265
allocstall_device 0
pgscan_direct 2246222
pgscan_direct_throttle 0
compact_stall 44681
2026-09-22T02:44:44Z
2398 MHz, 0x0000000000000000, 48, 10.73 W
MemFree:        22728740 kB
MemAvailable:   56363520 kB
Cached:         37399460 kB
SwapFree:       16755828 kB
allocstall_dma 0
allocstall_dma32 0
allocstall_normal 31070
allocstall_movable 2265
allocstall_device 0
pgscan_direct 2246222
pgscan_direct_throttle 0
compact_stall 44681
2026-09-22T02:44:45Z
2398 MHz, 0x0000000000000000, 48, 10.73 W
MemFree:        22742084 kB
MemAvailable:   56376864 kB
Cached:         37399460 kB
SwapFree:       16755828 kB
allocstall_dma 0
allocstall_dma32 0
allocstall_normal 31070
allocstall_movable 2265
allocstall_device 0
pgscan_direct 2246222
pgscan_direct_throttle 0
compact_stall 44681
2026-09-22T02:44:46Z
2398 MHz, 0x0000000000000000, 48, 10.75 W
MemFree:        22741196 kB
MemAvailable:   56375976 kB
Cached:         37399460 kB
SwapFree:       16755828 kB
allocstall_dma 0
allocstall_dma32 0
allocstall_normal 31070
allocstall_movable 2265
allocstall_device 0
pgscan_direct 2246222
pgscan_direct_throttle 0
compact_stall 44681
2026-09-22T02:44:47Z
2398 MHz, 0x0000000000000000, 48, 10.78 W
MemFree:        22725420 kB
MemAvailable:   56360200 kB
Cached:         37399460 kB
SwapFree:       16755828 kB
allocstall_dma 0
allocstall_dma32 0
allocstall_normal 31070
allocstall_movable 2265
allocstall_device 0
pgscan_direct 2246222
pgscan_direct_throttle 0
compact_stall 44681
2026-09-22T02:44:48Z
2398 MHz, 0x0000000000000000, 48, 10.78 W
MemFree:        22739792 kB
MemAvailable:   56374572 kB
Cached:         37399460 kB
SwapFree:       16755828 kB
allocstall_dma 0
allocstall_dma32 0
allocstall_normal 31070
allocstall_movable 2265
allocstall_device 0
pgscan_direct 2246222
pgscan_direct_throttle 0
compact_stall 44681
2026-09-22T02:44:49Z
2398 MHz, 0x0000000000000000, 48, 10.76 W
MemFree:        22733528 kB
MemAvailable:   56368308 kB
Cached:         37399460 kB
SwapFree:       16755828 kB
allocstall_dma 0
allocstall_dma32 0
allocstall_normal 31070
allocstall_movable 2265
allocstall_device 0
pgscan_direct 2246222
pgscan_direct_throttle 0
compact_stall 44681
2026-09-22T02:44:50Z
2398 MHz, 0x0000000000000000, 48, 10.79 W
MemFree:        22735080 kB
MemAvailable:   56369860 kB
Cached:         37399460 kB
SwapFree:       16755828 kB
allocstall_dma 0
allocstall_dma32 0
allocstall_normal 31070
allocstall_movable 2265
allocstall_device 0
pgscan_direct 2246222
pgscan_direct_throttle 0
compact_stall 44681
2026-09-22T02:44:51Z
2398 MHz, 0x0000000000000000, 48, 10.74 W
MemFree:        22732876 kB
MemAvailable:   56367656 kB
Cached:         37399460 kB
SwapFree:       16755828 kB
allocstall_dma 0
allocstall_dma32 0
allocstall_normal 31070
allocstall_movable 2265
allocstall_device 0
pgscan_direct 2246222
pgscan_direct_throttle 0
compact_stall 44681
2026-09-22T02:44:52Z
2398 MHz, 0x0000000000000000, 48, 10.73 W
MemFree:        22739824 kB
MemAvailable:   56374604 kB
Cached:         37399460 kB
SwapFree:       16755828 kB
allocstall_dma 0
allocstall_dma32 0
allocstall_normal 31070
allocstall_movable 2265
allocstall_device 0
pgscan_direct 2246222
pgscan_direct_throttle 0
compact_stall 44681
2026-09-22T02:44:53Z
2398 MHz, 0x0000000000000000, 48, 10.77 W
MemFree:        22736872 kB
MemAvailable:   56371652 kB
Cached:         37399460 kB
SwapFree:       16755828 kB
allocstall_dma 0
allocstall_dma32 0
allocstall_normal 31070
allocstall_movable 2265
allocstall_device 0
pgscan_direct 2246222
pgscan_direct_throttle 0
compact_stall 44681
2026-09-22T02:44:54Z
2398 MHz, 0x0000000000000000, 48, 10.75 W
MemFree:        22742804 kB
MemAvailable:   56377584 kB
Cached:         37399460 kB
SwapFree:       16755828 kB
allocstall_dma 0
allocstall_dma32 0
allocstall_normal 31070
allocstall_movable 2265
allocstall_device 0
pgscan_direct 2246222
pgscan_direct_throttle 0
compact_stall 44681
2026-09-22T02:44:55Z
2398 MHz, 0x0000000000000000, 48, 10.72 W
MemFree:        22750740 kB
MemAvailable:   56385520 kB
Cached:         37399460 kB
SwapFree:       16755828 kB
allocstall_dma 0
allocstall_dma32 0
allocstall_normal 31070
allocstall_movable 2265
allocstall_device 0
pgscan_direct 2246222
pgscan_direct_throttle 0
compact_stall 44681
2026-09-22T02:44:56Z
2398 MHz, 0x0000000000000000, 48, 10.77 W
MemFree:        22734684 kB
MemAvailable:   56369464 kB
Cached:         37399460 kB
SwapFree:       16755828 kB
allocstall_dma 0
allocstall_dma32 0
allocstall_normal 31070
allocstall_movable 2265
allocstall_device 0
pgscan_direct 2246222
pgscan_direct_throttle 0
compact_stall 44681
2026-09-22T02:44:57Z
2398 MHz, 0x0000000000000000, 48, 10.75 W
MemFree:        22752552 kB
MemAvailable:   56387332 kB
Cached:         37399460 kB
SwapFree:       16755828 kB
allocstall_dma 0
allocstall_dma32 0
allocstall_normal 31070
allocstall_movable 2265
allocstall_device 0
pgscan_direct 2246222
pgscan_direct_throttle 0
compact_stall 44681
2026-09-22T02:44:58Z
2398 MHz, 0x0000000000000000, 48, 10.71 W
MemFree:        22749636 kB
MemAvailable:   56384416 kB
Cached:         37399460 kB
SwapFree:       16755828 kB
allocstall_dma 0
allocstall_dma32 0
allocstall_normal 31070
allocstall_movable 2265
allocstall_device 0
pgscan_direct 2246222
pgscan_direct_throttle 0
compact_stall 44681
2026-09-22T02:45:00Z
2398 MHz, 0x0000000000000000, 48, 10.74 W
MemFree:        22745616 kB
MemAvailable:   56380396 kB
Cached:         37399460 kB
SwapFree:       16755828 kB
allocstall_dma 0
allocstall_dma32 0
allocstall_normal 31070
allocstall_movable 2265
allocstall_device 0
pgscan_direct 2246222
pgscan_direct_throttle 0
compact_stall 44681
2026-09-22T02:45:01Z
2398 MHz, 0x0000000000000000, 48, 10.70 W
MemFree:        22737096 kB
MemAvailable:   56371876 kB
Cached:         37399460 kB
SwapFree:       16755828 kB
allocstall_dma 0
allocstall_dma32 0
allocstall_normal 31070
allocstall_movable 2265
allocstall_device 0
pgscan_direct 2246222
pgscan_direct_throttle 0
compact_stall 44681
2026-09-22T02:45:02Z
2398 MHz, 0x0000000000000000, 48, 10.73 W
MemFree:        22721832 kB
MemAvailable:   56356612 kB
Cached:         37399460 kB
SwapFree:       16755828 kB
allocstall_dma 0
allocstall_dma32 0
allocstall_normal 31070
allocstall_movable 2265
allocstall_device 0
pgscan_direct 2246222
pgscan_direct_throttle 0
compact_stall 44681
2026-09-22T02:45:03Z
2398 MHz, 0x0000000000000000, 48, 10.77 W
MemFree:        22736240 kB
MemAvailable:   56371020 kB
Cached:         37399460 kB
SwapFree:       16755828 kB
allocstall_dma 0
allocstall_dma32 0
allocstall_normal 31070
allocstall_movable 2265
allocstall_device 0
pgscan_direct 2246222
pgscan_direct_throttle 0
compact_stall 44681
2026-09-22T02:45:04Z
2398 MHz, 0x0000000000000000, 48, 10.76 W
MemFree:        22738700 kB
MemAvailable:   56373480 kB
Cached:         37399460 kB
SwapFree:       16755828 kB
allocstall_dma 0
allocstall_dma32 0
allocstall_normal 31070
allocstall_movable 2265
allocstall_device 0
pgscan_direct 2246222
pgscan_direct_throttle 0
compact_stall 44681
2026-09-22T02:45:05Z
2398 MHz, 0x0000000000000000, 48, 10.74 W
MemFree:        22741460 kB
MemAvailable:   56376240 kB
Cached:         37399460 kB
SwapFree:       16755828 kB
allocstall_dma 0
allocstall_dma32 0
allocstall_normal 31070
allocstall_movable 2265
allocstall_device 0
pgscan_direct 2246222
pgscan_direct_throttle 0
compact_stall 44681
2026-09-22T02:45:06Z
2398 MHz, 0x0000000000000000, 48, 10.74 W
MemFree:        22739748 kB
MemAvailable:   56374528 kB
Cached:         37399460 kB
SwapFree:       16755828 kB
allocstall_dma 0
allocstall_dma32 0
allocstall_normal 31070
allocstall_movable 2265
allocstall_device 0
pgscan_direct 2246222
pgscan_direct_throttle 0
compact_stall 44681
2026-09-22T02:45:07Z
2398 MHz, 0x0000000000000000, 48, 10.76 W
MemFree:        22735884 kB
MemAvailable:   56370664 kB
Cached:         37399460 kB
SwapFree:       16755828 kB
allocstall_dma 0
allocstall_dma32 0
allocstall_normal 31070
allocstall_movable 2265
allocstall_device 0
pgscan_direct 2246222
pgscan_direct_throttle 0
compact_stall 44681
2026-09-22T02:45:08Z
2398 MHz, 0x0000000000000000, 48, 10.75 W
MemFree:        22741676 kB
MemAvailable:   56376456 kB
Cached:         37399460 kB
SwapFree:       16755828 kB
allocstall_dma 0
allocstall_dma32 0
allocstall_normal 31070
allocstall_movable 2265
allocstall_device 0
pgscan_direct 2246222
pgscan_direct_throttle 0
compact_stall 44681
2026-09-22T02:45:09Z
2398 MHz, 0x0000000000000000, 48, 10.73 W
MemFree:        22744192 kB
MemAvailable:   56378972 kB
Cached:         37399460 kB
SwapFree:       16755828 kB
allocstall_dma 0
allocstall_dma32 0
allocstall_normal 31070
allocstall_movable 2265
allocstall_device 0
pgscan_direct 2246222
pgscan_direct_throttle 0
compact_stall 44681
2026-09-22T02:45:10Z
2398 MHz, 0x0000000000000000, 48, 10.72 W
MemFree:        22742968 kB
MemAvailable:   56377756 kB
Cached:         37399460 kB
SwapFree:       16755828 kB
allocstall_dma 0
allocstall_dma32 0
allocstall_normal 31070
allocstall_movable 2265
allocstall_device 0
pgscan_direct 2246222
pgscan_direct_throttle 0
compact_stall 44681
2026-09-22T02:45:11Z
2398 MHz, 0x0000000000000000, 48, 10.72 W
MemFree:        22745808 kB
MemAvailable:   56380596 kB
Cached:         37399460 kB
SwapFree:       16755828 kB
allocstall_dma 0
allocstall_dma32 0
allocstall_normal 31070
allocstall_movable 2265
allocstall_device 0
pgscan_direct 2246222
pgscan_direct_throttle 0
compact_stall 44681
2026-09-22T02:45:12Z
2398 MHz, 0x0000000000000000, 48, 10.74 W
MemFree:        22737576 kB
MemAvailable:   56372364 kB
Cached:         37399460 kB
SwapFree:       16755828 kB
allocstall_dma 0
allocstall_dma32 0
allocstall_normal 31070
allocstall_movable 2265
allocstall_device 0
pgscan_direct 2246222
pgscan_direct_throttle 0
compact_stall 44681
2026-09-22T02:45:13Z
2398 MHz, 0x0000000000000000, 48, 10.76 W
MemFree:        22729924 kB
MemAvailable:   56364712 kB
Cached:         37399460 kB
SwapFree:       16755828 kB
allocstall_dma 0
allocstall_dma32 0
allocstall_normal 31070
allocstall_movable 2265
allocstall_device 0
pgscan_direct 2246222
pgscan_direct_throttle 0
compact_stall 44681
2026-09-22T02:45:14Z
2398 MHz, 0x0000000000000000, 48, 10.71 W
MemFree:        22729156 kB
MemAvailable:   56363944 kB
Cached:         37399460 kB
SwapFree:       16755828 kB
allocstall_dma 0
allocstall_dma32 0
allocstall_normal 31070
allocstall_movable 2265
allocstall_device 0
pgscan_direct 2246222
pgscan_direct_throttle 0
compact_stall 44681
2026-09-22T02:45:15Z
2398 MHz, 0x0000000000000000, 48, 10.75 W
MemFree:        22742668 kB
MemAvailable:   56377456 kB
Cached:         37399460 kB
SwapFree:       16755828 kB
allocstall_dma 0
allocstall_dma32 0
allocstall_normal 31070
allocstall_movable 2265
allocstall_device 0
pgscan_direct 2246222
pgscan_direct_throttle 0
compact_stall 44681
2026-09-22T02:45:16Z
2398 MHz, 0x0000000000000000, 48, 10.76 W
MemFree:        22752124 kB
MemAvailable:   56386912 kB
Cached:         37399460 kB
SwapFree:       16755828 kB
allocstall_dma 0
allocstall_dma32 0
allocstall_normal 31070
allocstall_movable 2265
allocstall_device 0
pgscan_direct 2246222
pgscan_direct_throttle 0
compact_stall 44681
2026-09-22T02:45:17Z
2398 MHz, 0x0000000000000000, 48, 10.74 W
MemFree:        22743524 kB
MemAvailable:   56378312 kB
Cached:         37399460 kB
SwapFree:       16755828 kB
allocstall_dma 0
allocstall_dma32 0
allocstall_normal 31070
allocstall_movable 2265
allocstall_device 0
pgscan_direct 2246222
pgscan_direct_throttle 0
compact_stall 44681
2026-09-22T02:45:18Z
2398 MHz, 0x0000000000000000, 48, 10.75 W
MemFree:        22728104 kB
MemAvailable:   56362892 kB
Cached:         37399460 kB
SwapFree:       16755828 kB
allocstall_dma 0
allocstall_dma32 0
allocstall_normal 31070
allocstall_movable 2265
allocstall_device 0
pgscan_direct 2246222
pgscan_direct_throttle 0
compact_stall 44681
2026-09-22T02:45:19Z
2398 MHz, 0x0000000000000000, 48, 10.72 W
MemFree:        22740584 kB
MemAvailable:   56375372 kB
Cached:         37399460 kB
SwapFree:       16755828 kB
allocstall_dma 0
allocstall_dma32 0
allocstall_normal 31070
allocstall_movable 2265
allocstall_device 0
pgscan_direct 2246222
pgscan_direct_throttle 0
compact_stall 44681
2026-09-22T02:45:20Z
2398 MHz, 0x0000000000000000, 48, 10.73 W
MemFree:        22744576 kB
MemAvailable:   56379364 kB
Cached:         37399460 kB
SwapFree:       16755828 kB
allocstall_dma 0
allocstall_dma32 0
allocstall_normal 31070
allocstall_movable 2265
allocstall_device 0
pgscan_direct 2246222
pgscan_direct_throttle 0
compact_stall 44681
2026-09-22T02:45:21Z
2398 MHz, 0x0000000000000000, 48, 10.79 W
MemFree:        22738216 kB
MemAvailable:   56373004 kB
Cached:         37399460 kB
SwapFree:       16755828 kB
allocstall_dma 0
allocstall_dma32 0
allocstall_normal 31070
allocstall_movable 2265
allocstall_device 0
pgscan_direct 2246222
pgscan_direct_throttle 0
compact_stall 44681
2026-09-22T02:45:22Z
2398 MHz, 0x0000000000000000, 48, 10.76 W
MemFree:        22745512 kB
MemAvailable:   56380300 kB
Cached:         37399460 kB
SwapFree:       16755828 kB
allocstall_dma 0
allocstall_dma32 0
allocstall_normal 31070
allocstall_movable 2265
allocstall_device 0
pgscan_direct 2246222
pgscan_direct_throttle 0
compact_stall 44681
2026-09-22T02:45:23Z
2398 MHz, 0x0000000000000000, 48, 10.74 W
MemFree:        22738252 kB
MemAvailable:   56373040 kB
Cached:         37399460 kB
SwapFree:       16755828 kB
allocstall_dma 0
allocstall_dma32 0
allocstall_normal 31070
allocstall_movable 2265
allocstall_device 0
pgscan_direct 2246222
pgscan_direct_throttle 0
compact_stall 44681
2026-09-22T02:45:24Z
2398 MHz, 0x0000000000000000, 48, 10.73 W
MemFree:        22741036 kB
MemAvailable:   56375824 kB
Cached:         37399460 kB
SwapFree:       16755828 kB
allocstall_dma 0
allocstall_dma32 0
allocstall_normal 31070
allocstall_movable 2265
allocstall_device 0
pgscan_direct 2246222
pgscan_direct_throttle 0
compact_stall 44681
2026-09-22T02:45:25Z
2398 MHz, 0x0000000000000000, 48, 10.75 W
MemFree:        22725160 kB
MemAvailable:   56359948 kB
Cached:         37399460 kB
SwapFree:       16755828 kB
allocstall_dma 0
allocstall_dma32 0
allocstall_normal 31070
allocstall_movable 2265
allocstall_device 0
pgscan_direct 2246222
pgscan_direct_throttle 0
compact_stall 44681
2026-09-22T02:45:26Z
2398 MHz, 0x0000000000000000, 48, 10.77 W
MemFree:        22719056 kB
MemAvailable:   56353848 kB
Cached:         37399464 kB
SwapFree:       16755828 kB
allocstall_dma 0
allocstall_dma32 0
allocstall_normal 31070
allocstall_movable 2265
allocstall_device 0
pgscan_direct 2246222
pgscan_direct_throttle 0
compact_stall 44681
2026-09-22T02:45:27Z
2398 MHz, 0x0000000000000000, 48, 10.73 W
MemFree:        22712688 kB
MemAvailable:   56347800 kB
Cached:         37399784 kB
SwapFree:       16755828 kB
allocstall_dma 0
allocstall_dma32 0
allocstall_normal 31070
allocstall_movable 2265
allocstall_device 0
pgscan_direct 2246222
pgscan_direct_throttle 0
compact_stall 44681
2026-09-22T02:45:28Z
2398 MHz, 0x0000000000000000, 48, 10.77 W
MemFree:        22716896 kB
MemAvailable:   56352008 kB
Cached:         37399784 kB
SwapFree:       16755828 kB
allocstall_dma 0
allocstall_dma32 0
allocstall_normal 31070
allocstall_movable 2265
allocstall_device 0
pgscan_direct 2246222
pgscan_direct_throttle 0
compact_stall 44681
2026-09-22T02:45:29Z
2398 MHz, 0x0000000000000000, 48, 10.74 W
MemFree:        22705344 kB
MemAvailable:   56340456 kB
Cached:         37399784 kB
SwapFree:       16755828 kB
allocstall_dma 0
allocstall_dma32 0
allocstall_normal 31070
allocstall_movable 2265
allocstall_device 0
pgscan_direct 2246222
pgscan_direct_throttle 0
compact_stall 44681
2026-09-22T02:45:30Z
2398 MHz, 0x0000000000000000, 48, 10.73 W
MemFree:        22729704 kB
MemAvailable:   56364816 kB
Cached:         37399784 kB
SwapFree:       16755828 kB
allocstall_dma 0
allocstall_dma32 0
allocstall_normal 31070
allocstall_movable 2265
allocstall_device 0
pgscan_direct 2246222
pgscan_direct_throttle 0
compact_stall 44681
2026-09-22T02:45:31Z
2398 MHz, 0x0000000000000000, 48, 10.75 W
MemFree:        22739020 kB
MemAvailable:   56374132 kB
Cached:         37399784 kB
SwapFree:       16755828 kB
allocstall_dma 0
allocstall_dma32 0
allocstall_normal 31070
allocstall_movable 2265
allocstall_device 0
pgscan_direct 2246222
pgscan_direct_throttle 0
compact_stall 44681
2026-09-22T02:45:33Z
2398 MHz, 0x0000000000000000, 48, 10.72 W
MemFree:        22741848 kB
MemAvailable:   56376960 kB
Cached:         37399784 kB
SwapFree:       16755828 kB
allocstall_dma 0
allocstall_dma32 0
allocstall_normal 31070
allocstall_movable 2265
allocstall_device 0
pgscan_direct 2246222
pgscan_direct_throttle 0
compact_stall 44681
2026-09-22T02:45:34Z
2398 MHz, 0x0000000000000000, 48, 10.74 W
MemFree:        22734368 kB
MemAvailable:   56369480 kB
Cached:         37399784 kB
SwapFree:       16755828 kB
allocstall_dma 0
allocstall_dma32 0
allocstall_normal 31070
allocstall_movable 2265
allocstall_device 0
pgscan_direct 2246222
pgscan_direct_throttle 0
compact_stall 44681
2026-09-22T02:45:35Z
2398 MHz, 0x0000000000000000, 48, 10.78 W
MemFree:        22721772 kB
MemAvailable:   56356892 kB
Cached:         37399784 kB
SwapFree:       16755828 kB
allocstall_dma 0
allocstall_dma32 0
allocstall_normal 31070
allocstall_movable 2265
allocstall_device 0
pgscan_direct 2246222
pgscan_direct_throttle 0
compact_stall 44681
2026-09-22T02:45:36Z
2398 MHz, 0x0000000000000000, 48, 10.76 W
MemFree:        22736956 kB
MemAvailable:   56372076 kB
Cached:         37399784 kB
SwapFree:       16755828 kB
allocstall_dma 0
allocstall_dma32 0
allocstall_normal 31070
allocstall_movable 2265
allocstall_device 0
pgscan_direct 2246222
pgscan_direct_throttle 0
compact_stall 44681
2026-09-22T02:45:37Z
2398 MHz, 0x0000000000000000, 48, 10.76 W
MemFree:        22740420 kB
MemAvailable:   56375540 kB
Cached:         37399784 kB
SwapFree:       16755828 kB
allocstall_dma 0
allocstall_dma32 0
allocstall_normal 31070
allocstall_movable 2265
allocstall_device 0
pgscan_direct 2246222
pgscan_direct_throttle 0
compact_stall 44681
2026-09-22T02:45:38Z
2398 MHz, 0x0000000000000000, 48, 10.75 W
MemFree:        22742732 kB
MemAvailable:   56377852 kB
Cached:         37399784 kB
SwapFree:       16755828 kB
allocstall_dma 0
allocstall_dma32 0
allocstall_normal 31070
allocstall_movable 2265
allocstall_device 0
pgscan_direct 2246222
pgscan_direct_throttle 0
compact_stall 44681
2026-09-22T02:45:39Z
2398 MHz, 0x0000000000000000, 48, 10.73 W
MemFree:        22735028 kB
MemAvailable:   56370148 kB
Cached:         37399776 kB
SwapFree:       16755828 kB
allocstall_dma 0
allocstall_dma32 0
allocstall_normal 31070
allocstall_movable 2265
allocstall_device 0
pgscan_direct 2246222
pgscan_direct_throttle 0
compact_stall 44681
2026-09-22T02:45:40Z
2398 MHz, 0x0000000000000000, 48, 10.78 W
MemFree:        22725752 kB
MemAvailable:   56360872 kB
Cached:         37399776 kB
SwapFree:       16755828 kB
allocstall_dma 0
allocstall_dma32 0
allocstall_normal 31070
allocstall_movable 2265
allocstall_device 0
pgscan_direct 2246222
pgscan_direct_throttle 0
compact_stall 44681
2026-09-22T02:45:41Z
2398 MHz, 0x0000000000000000, 48, 10.75 W
MemFree:        22729592 kB
MemAvailable:   56364712 kB
Cached:         37399784 kB
SwapFree:       16755828 kB
allocstall_dma 0
allocstall_dma32 0
allocstall_normal 31070
allocstall_movable 2265
allocstall_device 0
pgscan_direct 2246222
pgscan_direct_throttle 0
compact_stall 44681
2026-09-22T02:45:42Z
2398 MHz, 0x0000000000000000, 48, 10.73 W
MemFree:        22742960 kB
MemAvailable:   56378080 kB
Cached:         37399784 kB
SwapFree:       16755828 kB
allocstall_dma 0
allocstall_dma32 0
allocstall_normal 31070
allocstall_movable 2265
allocstall_device 0
pgscan_direct 2246222
pgscan_direct_throttle 0
compact_stall 44681
2026-09-22T02:45:43Z
2398 MHz, 0x0000000000000000, 48, 10.77 W
MemFree:        22740424 kB
MemAvailable:   56375544 kB
Cached:         37399784 kB
SwapFree:       16755828 kB
allocstall_dma 0
allocstall_dma32 0
allocstall_normal 31070
allocstall_movable 2265
allocstall_device 0
pgscan_direct 2246222
pgscan_direct_throttle 0
compact_stall 44681
2026-09-22T02:45:44Z
2398 MHz, 0x0000000000000000, 48, 10.75 W
MemFree:        22738208 kB
MemAvailable:   56373328 kB
Cached:         37399784 kB
SwapFree:       16755828 kB
allocstall_dma 0
allocstall_dma32 0
allocstall_normal 31070
allocstall_movable 2265
allocstall_device 0
pgscan_direct 2246222
pgscan_direct_throttle 0
compact_stall 44681
2026-09-22T02:45:45Z
2398 MHz, 0x0000000000000000, 48, 10.74 W
MemFree:        22743608 kB
MemAvailable:   56378736 kB
Cached:         37399784 kB
SwapFree:       16755828 kB
allocstall_dma 0
allocstall_dma32 0
allocstall_normal 31070
allocstall_movable 2265
allocstall_device 0
pgscan_direct 2246222
pgscan_direct_throttle 0
compact_stall 44681
2026-09-22T02:45:46Z
2398 MHz, 0x0000000000000000, 48, 10.78 W
MemFree:        22727304 kB
MemAvailable:   56362432 kB
Cached:         37399784 kB
SwapFree:       16755828 kB
allocstall_dma 0
allocstall_dma32 0
allocstall_normal 31070
allocstall_movable 2265
allocstall_device 0
pgscan_direct 2246222
pgscan_direct_throttle 0
compact_stall 44681
2026-09-22T02:45:47Z
2398 MHz, 0x0000000000000000, 48, 10.73 W
MemFree:        22724260 kB
MemAvailable:   56359388 kB
Cached:         37399784 kB
SwapFree:       16755828 kB
allocstall_dma 0
allocstall_dma32 0
allocstall_normal 31070
allocstall_movable 2265
allocstall_device 0
pgscan_direct 2246222
pgscan_direct_throttle 0
compact_stall 44681
2026-09-22T02:45:48Z
2398 MHz, 0x0000000000000000, 48, 10.70 W
MemFree:        22716844 kB
MemAvailable:   56351972 kB
Cached:         37399784 kB
SwapFree:       16755828 kB
allocstall_dma 0
allocstall_dma32 0
allocstall_normal 31070
allocstall_movable 2265
allocstall_device 0
pgscan_direct 2246222
pgscan_direct_throttle 0
compact_stall 44681
2026-09-22T02:45:49Z
2398 MHz, 0x0000000000000000, 48, 10.70 W
MemFree:        22723180 kB
MemAvailable:   56358308 kB
Cached:         37399784 kB
SwapFree:       16755828 kB
allocstall_dma 0
allocstall_dma32 0
allocstall_normal 31070
allocstall_movable 2265
allocstall_device 0
pgscan_direct 2246222
pgscan_direct_throttle 0
compact_stall 44681
2026-09-22T02:45:50Z
2398 MHz, 0x0000000000000000, 48, 10.70 W
MemFree:        22725580 kB
MemAvailable:   56360708 kB
Cached:         37399784 kB
SwapFree:       16755828 kB
allocstall_dma 0
allocstall_dma32 0
allocstall_normal 31070
allocstall_movable 2265
allocstall_device 0
pgscan_direct 2246222
pgscan_direct_throttle 0
compact_stall 44681
2026-09-22T02:45:51Z
2398 MHz, 0x0000000000000000, 48, 10.69 W
MemFree:        22718688 kB
MemAvailable:   56353816 kB
Cached:         37399784 kB
SwapFree:       16755828 kB
allocstall_dma 0
allocstall_dma32 0
allocstall_normal 31070
allocstall_movable 2265
allocstall_device 0
pgscan_direct 2246222
pgscan_direct_throttle 0
compact_stall 44681
2026-09-22T02:45:52Z
2398 MHz, 0x0000000000000000, 48, 10.68 W
MemFree:        22724936 kB
MemAvailable:   56360064 kB
Cached:         37399784 kB
SwapFree:       16755828 kB
allocstall_dma 0
allocstall_dma32 0
allocstall_normal 31070
allocstall_movable 2265
allocstall_device 0
pgscan_direct 2246222
pgscan_direct_throttle 0
compact_stall 44681
2026-09-22T02:45:53Z
2398 MHz, 0x0000000000000000, 48, 10.65 W
MemFree:        22724276 kB
MemAvailable:   56359404 kB
Cached:         37399784 kB
SwapFree:       16755828 kB
allocstall_dma 0
allocstall_dma32 0
allocstall_normal 31070
allocstall_movable 2265
allocstall_device 0
pgscan_direct 2246222
pgscan_direct_throttle 0
compact_stall 44681
2026-09-22T02:45:54Z
2398 MHz, 0x0000000000000000, 48, 10.69 W
MemFree:        22724788 kB
MemAvailable:   56359916 kB
Cached:         37399784 kB
SwapFree:       16755828 kB
allocstall_dma 0
allocstall_dma32 0
allocstall_normal 31070
allocstall_movable 2265
allocstall_device 0
pgscan_direct 2246222
pgscan_direct_throttle 0
compact_stall 44681
2026-09-22T02:45:55Z
2398 MHz, 0x0000000000000000, 48, 10.64 W
MemFree:        22724508 kB
MemAvailable:   56359636 kB
Cached:         37399784 kB
SwapFree:       16755828 kB
allocstall_dma 0
allocstall_dma32 0
allocstall_normal 31070
allocstall_movable 2265
allocstall_device 0
pgscan_direct 2246222
pgscan_direct_throttle 0
compact_stall 44681
2026-09-22T02:45:56Z
2398 MHz, 0x0000000000000000, 48, 10.67 W
MemFree:        22722108 kB
MemAvailable:   56357236 kB
Cached:         37399784 kB
SwapFree:       16755828 kB
allocstall_dma 0
allocstall_dma32 0
allocstall_normal 31070
allocstall_movable 2265
allocstall_device 0
pgscan_direct 2246222
pgscan_direct_throttle 0
compact_stall 44681
2026-09-22T02:45:57Z
2398 MHz, 0x0000000000000000, 48, 10.67 W
MemFree:        22722400 kB
MemAvailable:   56357528 kB
Cached:         37399784 kB
SwapFree:       16755828 kB
allocstall_dma 0
allocstall_dma32 0
allocstall_normal 31070
allocstall_movable 2265
allocstall_device 0
pgscan_direct 2246222
pgscan_direct_throttle 0
compact_stall 44681
2026-09-22T02:45:58Z
2398 MHz, 0x0000000000000000, 48, 10.67 W
MemFree:        22706524 kB
MemAvailable:   56341652 kB
Cached:         37399784 kB
SwapFree:       16755828 kB
allocstall_dma 0
allocstall_dma32 0
allocstall_normal 31070
allocstall_movable 2265
allocstall_device 0
pgscan_direct 2246222
pgscan_direct_throttle 0
compact_stall 44681
2026-09-22T02:45:59Z
2398 MHz, 0x0000000000000000, 48, 10.70 W
MemFree:        22695972 kB
MemAvailable:   56331100 kB
Cached:         37399784 kB
SwapFree:       16755828 kB
allocstall_dma 0
allocstall_dma32 0
allocstall_normal 31070
allocstall_movable 2265
allocstall_device 0
pgscan_direct 2246222
pgscan_direct_throttle 0
compact_stall 44681
2026-09-22T02:46:00Z
2398 MHz, 0x0000000000000000, 48, 10.67 W
MemFree:        22711972 kB
MemAvailable:   56347100 kB
Cached:         37399784 kB
SwapFree:       16755828 kB
allocstall_dma 0
allocstall_dma32 0
allocstall_normal 31070
allocstall_movable 2265
allocstall_device 0
pgscan_direct 2246222
pgscan_direct_throttle 0
compact_stall 44681
2026-09-22T02:46:01Z
2398 MHz, 0x0000000000000000, 48, 10.70 W
MemFree:        22706464 kB
MemAvailable:   56341592 kB
Cached:         37399784 kB
SwapFree:       16755828 kB
allocstall_dma 0
allocstall_dma32 0
allocstall_normal 31070
allocstall_movable 2265
allocstall_device 0
pgscan_direct 2246222
pgscan_direct_throttle 0
compact_stall 44681
2026-09-22T02:46:02Z
2398 MHz, 0x0000000000000000, 48, 10.70 W
MemFree:        22720952 kB
MemAvailable:   56356080 kB
Cached:         37399784 kB
SwapFree:       16755828 kB
allocstall_dma 0
allocstall_dma32 0
allocstall_normal 31070
allocstall_movable 2265
allocstall_device 0
pgscan_direct 2246222
pgscan_direct_throttle 0
compact_stall 44681
2026-09-22T02:46:03Z
2398 MHz, 0x0000000000000000, 48, 10.72 W
MemFree:        22723084 kB
MemAvailable:   56358212 kB
Cached:         37399784 kB
SwapFree:       16755828 kB
allocstall_dma 0
allocstall_dma32 0
allocstall_normal 31070
allocstall_movable 2265
allocstall_device 0
pgscan_direct 2246222
pgscan_direct_throttle 0
compact_stall 44681
2026-09-22T02:46:04Z
2398 MHz, 0x0000000000000000, 48, 10.71 W
MemFree:        22736740 kB
MemAvailable:   56371868 kB
Cached:         37399784 kB
SwapFree:       16755828 kB
allocstall_dma 0
allocstall_dma32 0
allocstall_normal 31070
allocstall_movable 2265
allocstall_device 0
pgscan_direct 2246222
pgscan_direct_throttle 0
compact_stall 44681
2026-09-22T02:46:05Z
2398 MHz, 0x0000000000000000, 48, 10.71 W
MemFree:        22731780 kB
MemAvailable:   56366908 kB
Cached:         37399784 kB
SwapFree:       16755828 kB
allocstall_dma 0
allocstall_dma32 0
allocstall_normal 31070
allocstall_movable 2265
allocstall_device 0
pgscan_direct 2246222
pgscan_direct_throttle 0
compact_stall 44681
2026-09-22T02:46:06Z
2398 MHz, 0x0000000000000000, 48, 10.75 W
MemFree:        22739612 kB
MemAvailable:   56374740 kB
Cached:         37399784 kB
SwapFree:       16755828 kB
allocstall_dma 0
allocstall_dma32 0
allocstall_normal 31070
allocstall_movable 2265
allocstall_device 0
pgscan_direct 2246222
pgscan_direct_throttle 0
compact_stall 44681
2026-09-22T02:46:08Z
2398 MHz, 0x0000000000000000, 48, 10.72 W
MemFree:        22738736 kB
MemAvailable:   56373864 kB
Cached:         37399784 kB
SwapFree:       16755828 kB
allocstall_dma 0
allocstall_dma32 0
allocstall_normal 31070
allocstall_movable 2265
allocstall_device 0
pgscan_direct 2246222
pgscan_direct_throttle 0
compact_stall 44681
2026-09-22T02:46:09Z
2398 MHz, 0x0000000000000000, 48, 10.71 W
MemFree:        22737224 kB
MemAvailable:   56372352 kB
Cached:         37399784 kB
SwapFree:       16755828 kB
allocstall_dma 0
allocstall_dma32 0
allocstall_normal 31070
allocstall_movable 2265
allocstall_device 0
pgscan_direct 2246222
pgscan_direct_throttle 0
compact_stall 44681
2026-09-22T02:46:10Z
2398 MHz, 0x0000000000000000, 48, 10.75 W
MemFree:        22738932 kB
MemAvailable:   56374060 kB
Cached:         37399784 kB
SwapFree:       16755828 kB
allocstall_dma 0
allocstall_dma32 0
allocstall_normal 31070
allocstall_movable 2265
allocstall_device 0
pgscan_direct 2246222
pgscan_direct_throttle 0
compact_stall 44681
2026-09-22T02:46:11Z
2398 MHz, 0x0000000000000000, 48, 10.70 W
MemFree:        22737264 kB
MemAvailable:   56372392 kB
Cached:         37399784 kB
SwapFree:       16755828 kB
allocstall_dma 0
allocstall_dma32 0
allocstall_normal 31070
allocstall_movable 2265
allocstall_device 0
pgscan_direct 2246222
pgscan_direct_throttle 0
compact_stall 44681
2026-09-22T02:46:12Z
2398 MHz, 0x0000000000000000, 48, 10.78 W
MemFree:        22747672 kB
MemAvailable:   56382800 kB
Cached:         37399784 kB
SwapFree:       16755828 kB
allocstall_dma 0
allocstall_dma32 0
allocstall_normal 31070
allocstall_movable 2265
allocstall_device 0
pgscan_direct 2246222
pgscan_direct_throttle 0
compact_stall 44681
2026-09-22T02:46:13Z
2398 MHz, 0x0000000000000000, 48, 10.76 W
MemFree:        22739160 kB
MemAvailable:   56374288 kB
Cached:         37399784 kB
SwapFree:       16755828 kB
allocstall_dma 0
allocstall_dma32 0
allocstall_normal 31070
allocstall_movable 2265
allocstall_device 0
pgscan_direct 2246222
pgscan_direct_throttle 0
compact_stall 44681
2026-09-22T02:46:14Z
2398 MHz, 0x0000000000000000, 48, 10.75 W
MemFree:        22738776 kB
MemAvailable:   56373904 kB
Cached:         37399784 kB
SwapFree:       16755828 kB
allocstall_dma 0
allocstall_dma32 0
allocstall_normal 31070
allocstall_movable 2265
allocstall_device 0
pgscan_direct 2246222
pgscan_direct_throttle 0
compact_stall 44681
2026-09-22T02:46:15Z
2398 MHz, 0x0000000000000000, 48, 10.73 W
MemFree:        22735224 kB
MemAvailable:   56370352 kB
Cached:         37399784 kB
SwapFree:       16755828 kB
allocstall_dma 0
allocstall_dma32 0
allocstall_normal 31070
allocstall_movable 2265
allocstall_device 0
pgscan_direct 2246222
pgscan_direct_throttle 0
compact_stall 44681
2026-09-22T02:46:16Z
2398 MHz, 0x0000000000000000, 48, 10.75 W
MemFree:        22737432 kB
MemAvailable:   56372560 kB
Cached:         37399784 kB
SwapFree:       16755828 kB
allocstall_dma 0
allocstall_dma32 0
allocstall_normal 31070
allocstall_movable 2265
allocstall_device 0
pgscan_direct 2246222
pgscan_direct_throttle 0
compact_stall 44681
2026-09-22T02:46:17Z
2398 MHz, 0x0000000000000000, 48, 10.72 W
MemFree:        22738056 kB
MemAvailable:   56373184 kB
Cached:         37399784 kB
SwapFree:       16755828 kB
allocstall_dma 0
allocstall_dma32 0
allocstall_normal 31070
allocstall_movable 2265
allocstall_device 0
pgscan_direct 2246222
pgscan_direct_throttle 0
compact_stall 44681
2026-09-22T02:46:18Z
2398 MHz, 0x0000000000000000, 48, 10.70 W
MemFree:        22746292 kB
MemAvailable:   56381420 kB
Cached:         37399784 kB
SwapFree:       16755828 kB
allocstall_dma 0
allocstall_dma32 0
allocstall_normal 31070
allocstall_movable 2265
allocstall_device 0
pgscan_direct 2246222
pgscan_direct_throttle 0
compact_stall 44681
2026-09-22T02:46:19Z
2398 MHz, 0x0000000000000000, 48, 10.68 W
MemFree:        22743808 kB
MemAvailable:   56378936 kB
Cached:         37399784 kB
SwapFree:       16755828 kB
allocstall_dma 0
allocstall_dma32 0
allocstall_normal 31070
allocstall_movable 2265
allocstall_device 0
pgscan_direct 2246222
pgscan_direct_throttle 0
compact_stall 44681
2026-09-22T02:46:20Z
2398 MHz, 0x0000000000000000, 48, 10.72 W
MemFree:        22746932 kB
MemAvailable:   56382060 kB
Cached:         37399784 kB
SwapFree:       16755828 kB
allocstall_dma 0
allocstall_dma32 0
allocstall_normal 31070
allocstall_movable 2265
allocstall_device 0
pgscan_direct 2246222
pgscan_direct_throttle 0
compact_stall 44681
2026-09-22T02:46:21Z
2398 MHz, 0x0000000000000000, 48, 10.70 W
MemFree:        22746932 kB
MemAvailable:   56382060 kB
Cached:         37399784 kB
SwapFree:       16755828 kB
allocstall_dma 0
allocstall_dma32 0
allocstall_normal 31070
allocstall_movable 2265
allocstall_device 0
pgscan_direct 2246222
pgscan_direct_throttle 0
compact_stall 44681
2026-09-22T02:46:22Z
2398 MHz, 0x0000000000000000, 48, 10.69 W
MemFree:        22745580 kB
MemAvailable:   56380708 kB
Cached:         37399784 kB
SwapFree:       16755828 kB
allocstall_dma 0
allocstall_dma32 0
allocstall_normal 31070
allocstall_movable 2265
allocstall_device 0
pgscan_direct 2246222
pgscan_direct_throttle 0
compact_stall 44681
2026-09-22T02:46:23Z
2398 MHz, 0x0000000000000000, 48, 10.70 W
MemFree:        22744552 kB
MemAvailable:   56379680 kB
Cached:         37399784 kB
SwapFree:       16755828 kB
allocstall_dma 0
allocstall_dma32 0
allocstall_normal 31070
allocstall_movable 2265
allocstall_device 0
pgscan_direct 2246222
pgscan_direct_throttle 0
compact_stall 44681
2026-09-22T02:46:24Z
2398 MHz, 0x0000000000000000, 48, 10.71 W
MemFree:        22742220 kB
MemAvailable:   56377348 kB
Cached:         37399784 kB
SwapFree:       16755828 kB
allocstall_dma 0
allocstall_dma32 0
allocstall_normal 31070
allocstall_movable 2265
allocstall_device 0
pgscan_direct 2246222
pgscan_direct_throttle 0
compact_stall 44681
2026-09-22T02:46:25Z
2398 MHz, 0x0000000000000000, 48, 10.71 W
MemFree:        22738512 kB
MemAvailable:   56373640 kB
Cached:         37399784 kB
SwapFree:       16755828 kB
allocstall_dma 0
allocstall_dma32 0
allocstall_normal 31070
allocstall_movable 2265
allocstall_device 0
pgscan_direct 2246222
pgscan_direct_throttle 0
compact_stall 44681
2026-09-22T02:46:26Z
2398 MHz, 0x0000000000000000, 48, 10.70 W
MemFree:        22722740 kB
MemAvailable:   56357868 kB
Cached:         37399784 kB
SwapFree:       16755828 kB
allocstall_dma 0
allocstall_dma32 0
allocstall_normal 31070
allocstall_movable 2265
allocstall_device 0
pgscan_direct 2246222
pgscan_direct_throttle 0
compact_stall 44681
2026-09-22T02:46:27Z
2398 MHz, 0x0000000000000000, 48, 10.72 W
MemFree:        22735028 kB
MemAvailable:   56370156 kB
Cached:         37399784 kB
SwapFree:       16755828 kB
allocstall_dma 0
allocstall_dma32 0
allocstall_normal 31070
allocstall_movable 2265
allocstall_device 0
pgscan_direct 2246222
pgscan_direct_throttle 0
compact_stall 44681
2026-09-22T02:46:28Z
2398 MHz, 0x0000000000000000, 48, 10.72 W
MemFree:        22738896 kB
MemAvailable:   56374024 kB
Cached:         37399784 kB
SwapFree:       16755828 kB
allocstall_dma 0
allocstall_dma32 0
allocstall_normal 31070
allocstall_movable 2265
allocstall_device 0
pgscan_direct 2246222
pgscan_direct_throttle 0
compact_stall 44681
2026-09-22T02:46:29Z
2398 MHz, 0x0000000000000000, 48, 10.69 W
MemFree:        22744020 kB
MemAvailable:   56379148 kB
Cached:         37399784 kB
SwapFree:       16755828 kB
allocstall_dma 0
allocstall_dma32 0
allocstall_normal 31070
allocstall_movable 2265
allocstall_device 0
pgscan_direct 2246222
pgscan_direct_throttle 0
compact_stall 44681
2026-09-22T02:46:30Z
2398 MHz, 0x0000000000000000, 48, 10.70 W
MemFree:        22741884 kB
MemAvailable:   56377012 kB
Cached:         37399784 kB
SwapFree:       16755828 kB
allocstall_dma 0
allocstall_dma32 0
allocstall_normal 31070
allocstall_movable 2265
allocstall_device 0
pgscan_direct 2246222
pgscan_direct_throttle 0
compact_stall 44681
2026-09-22T02:46:31Z
2398 MHz, 0x0000000000000000, 48, 10.65 W
MemFree:        22746588 kB
MemAvailable:   56381716 kB
Cached:         37399784 kB
SwapFree:       16755828 kB
allocstall_dma 0
allocstall_dma32 0
allocstall_normal 31070
allocstall_movable 2265
allocstall_device 0
pgscan_direct 2246222
pgscan_direct_throttle 0
compact_stall 44681
2026-09-22T02:46:32Z
2398 MHz, 0x0000000000000000, 48, 10.66 W
MemFree:        22743600 kB
MemAvailable:   56378728 kB
Cached:         37399784 kB
SwapFree:       16755828 kB
allocstall_dma 0
allocstall_dma32 0
allocstall_normal 31070
allocstall_movable 2265
allocstall_device 0
pgscan_direct 2246222
pgscan_direct_throttle 0
compact_stall 44681
2026-09-22T02:46:33Z
2398 MHz, 0x0000000000000000, 48, 10.70 W
MemFree:        22740148 kB
MemAvailable:   56375276 kB
Cached:         37399784 kB
SwapFree:       16755828 kB
allocstall_dma 0
allocstall_dma32 0
allocstall_normal 31070
allocstall_movable 2265
allocstall_device 0
pgscan_direct 2246222
pgscan_direct_throttle 0
compact_stall 44681
2026-09-22T02:46:34Z
2398 MHz, 0x0000000000000000, 47, 10.66 W
MemFree:        22735044 kB
MemAvailable:   56370172 kB
Cached:         37399784 kB
SwapFree:       16755828 kB
allocstall_dma 0
allocstall_dma32 0
allocstall_normal 31070
allocstall_movable 2265
allocstall_device 0
pgscan_direct 2246222
pgscan_direct_throttle 0
compact_stall 44681
2026-09-22T02:46:35Z
2398 MHz, 0x0000000000000000, 47, 10.64 W
MemFree:        22735320 kB
MemAvailable:   56370448 kB
Cached:         37399784 kB
SwapFree:       16755828 kB
allocstall_dma 0
allocstall_dma32 0
allocstall_normal 31070
allocstall_movable 2265
allocstall_device 0
pgscan_direct 2246222
pgscan_direct_throttle 0
compact_stall 44681
2026-09-22T02:46:36Z
2398 MHz, 0x0000000000000000, 47, 10.66 W
MemFree:        22733244 kB
MemAvailable:   56368372 kB
Cached:         37399784 kB
SwapFree:       16755828 kB
allocstall_dma 0
allocstall_dma32 0
allocstall_normal 31070
allocstall_movable 2265
allocstall_device 0
pgscan_direct 2246222
pgscan_direct_throttle 0
compact_stall 44681
2026-09-22T02:46:37Z
2398 MHz, 0x0000000000000000, 48, 10.65 W
MemFree:        22733936 kB
MemAvailable:   56369064 kB
Cached:         37399784 kB
SwapFree:       16755828 kB
allocstall_dma 0
allocstall_dma32 0
allocstall_normal 31070
allocstall_movable 2265
allocstall_device 0
pgscan_direct 2246222
pgscan_direct_throttle 0
compact_stall 44681
2026-09-22T02:46:38Z
2398 MHz, 0x0000000000000000, 48, 10.63 W
MemFree:        22738500 kB
MemAvailable:   56373628 kB
Cached:         37399784 kB
SwapFree:       16755828 kB
allocstall_dma 0
allocstall_dma32 0
allocstall_normal 31070
allocstall_movable 2265
allocstall_device 0
pgscan_direct 2246222
pgscan_direct_throttle 0
compact_stall 44681
2026-09-22T02:46:39Z
2398 MHz, 0x0000000000000000, 47, 10.62 W
MemFree:        22734880 kB
MemAvailable:   56370008 kB
Cached:         37399784 kB
SwapFree:       16755828 kB
allocstall_dma 0
allocstall_dma32 0
allocstall_normal 31070
allocstall_movable 2265
allocstall_device 0
pgscan_direct 2246222
pgscan_direct_throttle 0
compact_stall 44681
2026-09-22T02:46:40Z
2398 MHz, 0x0000000000000000, 47, 10.64 W
MemFree:        22746456 kB
MemAvailable:   56381584 kB
Cached:         37399784 kB
SwapFree:       16755828 kB
allocstall_dma 0
allocstall_dma32 0
allocstall_normal 31070
allocstall_movable 2265
allocstall_device 0
pgscan_direct 2246222
pgscan_direct_throttle 0
compact_stall 44681
2026-09-22T02:46:41Z
2398 MHz, 0x0000000000000000, 47, 10.62 W
MemFree:        22743576 kB
MemAvailable:   56378704 kB
Cached:         37399784 kB
SwapFree:       16755828 kB
allocstall_dma 0
allocstall_dma32 0
allocstall_normal 31070
allocstall_movable 2265
allocstall_device 0
pgscan_direct 2246222
pgscan_direct_throttle 0
compact_stall 44681
2026-09-22T02:46:43Z
2398 MHz, 0x0000000000000000, 47, 10.63 W
MemFree:        22746932 kB
MemAvailable:   56382060 kB
Cached:         37399784 kB
SwapFree:       16755828 kB
allocstall_dma 0
allocstall_dma32 0
allocstall_normal 31070
allocstall_movable 2265
allocstall_device 0
pgscan_direct 2246222
pgscan_direct_throttle 0
compact_stall 44681
2026-09-22T02:46:44Z
2398 MHz, 0x0000000000000000, 47, 10.63 W
MemFree:        22744688 kB
MemAvailable:   56379816 kB
Cached:         37399776 kB
SwapFree:       16755828 kB
allocstall_dma 0
allocstall_dma32 0
allocstall_normal 31070
allocstall_movable 2265
allocstall_device 0
pgscan_direct 2246222
pgscan_direct_throttle 0
compact_stall 44681
2026-09-22T02:46:45Z
2398 MHz, 0x0000000000000000, 47, 10.66 W
MemFree:        22745640 kB
MemAvailable:   56380768 kB
Cached:         37399776 kB
SwapFree:       16755828 kB
allocstall_dma 0
allocstall_dma32 0
allocstall_normal 31070
allocstall_movable 2265
allocstall_device 0
pgscan_direct 2246222
pgscan_direct_throttle 0
compact_stall 44681
2026-09-22T02:46:46Z
2398 MHz, 0x0000000000000000, 47, 10.63 W
MemFree:        22742668 kB
MemAvailable:   56377804 kB
Cached:         37399784 kB
SwapFree:       16755828 kB
allocstall_dma 0
allocstall_dma32 0
allocstall_normal 31070
allocstall_movable 2265
allocstall_device 0
pgscan_direct 2246222
pgscan_direct_throttle 0
compact_stall 44681
2026-09-22T02:46:47Z
2398 MHz, 0x0000000000000000, 47, 10.62 W
MemFree:        22739432 kB
MemAvailable:   56374568 kB
Cached:         37399784 kB
SwapFree:       16755828 kB
allocstall_dma 0
allocstall_dma32 0
allocstall_normal 31070
allocstall_movable 2265
allocstall_device 0
pgscan_direct 2246222
pgscan_direct_throttle 0
compact_stall 44681
2026-09-22T02:46:48Z
2398 MHz, 0x0000000000000000, 47, 10.61 W
MemFree:        22745980 kB
MemAvailable:   56381124 kB
Cached:         37399784 kB
SwapFree:       16755828 kB
allocstall_dma 0
allocstall_dma32 0
allocstall_normal 31070
allocstall_movable 2265
allocstall_device 0
pgscan_direct 2246222
pgscan_direct_throttle 0
compact_stall 44681
2026-09-22T02:46:49Z
2398 MHz, 0x0000000000000000, 47, 10.62 W
MemFree:        22737772 kB
MemAvailable:   56372916 kB
Cached:         37399784 kB
SwapFree:       16755828 kB
allocstall_dma 0
allocstall_dma32 0
allocstall_normal 31070
allocstall_movable 2265
allocstall_device 0
pgscan_direct 2246222
pgscan_direct_throttle 0
compact_stall 44681
2026-09-22T02:46:50Z
2398 MHz, 0x0000000000000000, 47, 10.61 W
MemFree:        22750028 kB
MemAvailable:   56385172 kB
Cached:         37399784 kB
SwapFree:       16755828 kB
allocstall_dma 0
allocstall_dma32 0
allocstall_normal 31070
allocstall_movable 2265
allocstall_device 0
pgscan_direct 2246222
pgscan_direct_throttle 0
compact_stall 44681
2026-09-22T02:46:51Z
2398 MHz, 0x0000000000000000, 47, 10.60 W
MemFree:        22746872 kB
MemAvailable:   56382016 kB
Cached:         37399784 kB
SwapFree:       16755828 kB
allocstall_dma 0
allocstall_dma32 0
allocstall_normal 31070
allocstall_movable 2265
allocstall_device 0
pgscan_direct 2246222
pgscan_direct_throttle 0
compact_stall 44681
2026-09-22T02:46:52Z
2398 MHz, 0x0000000000000000, 47, 10.61 W
MemFree:        22744600 kB
MemAvailable:   56379744 kB
Cached:         37399784 kB
SwapFree:       16755828 kB
allocstall_dma 0
allocstall_dma32 0
allocstall_normal 31070
allocstall_movable 2265
allocstall_device 0
pgscan_direct 2246222
pgscan_direct_throttle 0
compact_stall 44681
2026-09-22T02:46:53Z
2398 MHz, 0x0000000000000000, 47, 10.62 W
MemFree:        22741056 kB
MemAvailable:   56376200 kB
Cached:         37399784 kB
SwapFree:       16755828 kB
allocstall_dma 0
allocstall_dma32 0
allocstall_normal 31070
allocstall_movable 2265
allocstall_device 0
pgscan_direct 2246222
pgscan_direct_throttle 0
compact_stall 44681
2026-09-22T02:46:54Z
2398 MHz, 0x0000000000000000, 47, 10.60 W
MemFree:        22747844 kB
MemAvailable:   56382988 kB
Cached:         37399784 kB
SwapFree:       16755828 kB
allocstall_dma 0
allocstall_dma32 0
allocstall_normal 31070
allocstall_movable 2265
allocstall_device 0
pgscan_direct 2246222
pgscan_direct_throttle 0
compact_stall 44681
2026-09-22T02:46:55Z
2398 MHz, 0x0000000000000000, 47, 10.62 W
MemFree:        22730544 kB
MemAvailable:   56365688 kB
Cached:         37399784 kB
SwapFree:       16755828 kB
allocstall_dma 0
allocstall_dma32 0
allocstall_normal 31070
allocstall_movable 2265
allocstall_device 0
pgscan_direct 2246222
pgscan_direct_throttle 0
compact_stall 44681
2026-09-22T02:46:56Z
2398 MHz, 0x0000000000000000, 47, 10.60 W
MemFree:        22745760 kB
MemAvailable:   56380904 kB
Cached:         37399784 kB
SwapFree:       16755828 kB
allocstall_dma 0
allocstall_dma32 0
allocstall_normal 31070
allocstall_movable 2265
allocstall_device 0
pgscan_direct 2246222
pgscan_direct_throttle 0
compact_stall 44681
2026-09-22T02:46:57Z
2398 MHz, 0x0000000000000000, 47, 10.61 W
MemFree:        22737140 kB
MemAvailable:   56372284 kB
Cached:         37399784 kB
SwapFree:       16755828 kB
allocstall_dma 0
allocstall_dma32 0
allocstall_normal 31070
allocstall_movable 2265
allocstall_device 0
pgscan_direct 2246222
pgscan_direct_throttle 0
compact_stall 44681
2026-09-22T02:46:58Z
2398 MHz, 0x0000000000000000, 47, 10.63 W
MemFree:        22733792 kB
MemAvailable:   56368936 kB
Cached:         37399784 kB
SwapFree:       16755828 kB
allocstall_dma 0
allocstall_dma32 0
allocstall_normal 31070
allocstall_movable 2265
allocstall_device 0
pgscan_direct 2246222
pgscan_direct_throttle 0
compact_stall 44681
2026-09-22T02:46:59Z
2398 MHz, 0x0000000000000000, 47, 10.61 W
MemFree:        22726004 kB
MemAvailable:   56361148 kB
Cached:         37399784 kB
SwapFree:       16755828 kB
allocstall_dma 0
allocstall_dma32 0
allocstall_normal 31070
allocstall_movable 2265
allocstall_device 0
pgscan_direct 2246222
pgscan_direct_throttle 0
compact_stall 44681
2026-09-22T02:47:00Z
2398 MHz, 0x0000000000000000, 47, 10.64 W
MemFree:        22733292 kB
MemAvailable:   56368436 kB
Cached:         37399784 kB
SwapFree:       16755828 kB
allocstall_dma 0
allocstall_dma32 0
allocstall_normal 31070
allocstall_movable 2265
allocstall_device 0
pgscan_direct 2246222
pgscan_direct_throttle 0
compact_stall 44681
2026-09-22T02:47:01Z
2398 MHz, 0x0000000000000000, 47, 10.61 W
MemFree:        22725332 kB
MemAvailable:   56360476 kB
Cached:         37399784 kB
SwapFree:       16755828 kB
allocstall_dma 0
allocstall_dma32 0
allocstall_normal 31070
allocstall_movable 2265
allocstall_device 0
pgscan_direct 2246222
pgscan_direct_throttle 0
compact_stall 44681
2026-09-22T02:47:02Z
2398 MHz, 0x0000000000000000, 47, 10.60 W
MemFree:        22727312 kB
MemAvailable:   56362456 kB
Cached:         37399784 kB
SwapFree:       16755828 kB
allocstall_dma 0
allocstall_dma32 0
allocstall_normal 31070
allocstall_movable 2265
allocstall_device 0
pgscan_direct 2246222
pgscan_direct_throttle 0
compact_stall 44681
2026-09-22T02:47:03Z
2398 MHz, 0x0000000000000000, 47, 10.61 W
MemFree:        22718840 kB
MemAvailable:   56353984 kB
Cached:         37399784 kB
SwapFree:       16755828 kB
allocstall_dma 0
allocstall_dma32 0
allocstall_normal 31070
allocstall_movable 2265
allocstall_device 0
pgscan_direct 2246222
pgscan_direct_throttle 0
compact_stall 44681
2026-09-22T02:47:04Z
2398 MHz, 0x0000000000000000, 47, 10.61 W
MemFree:        22716096 kB
MemAvailable:   56351240 kB
Cached:         37399784 kB
SwapFree:       16755828 kB
allocstall_dma 0
allocstall_dma32 0
allocstall_normal 31070
allocstall_movable 2265
allocstall_device 0
pgscan_direct 2246222
pgscan_direct_throttle 0
compact_stall 44681
2026-09-22T02:47:05Z
2398 MHz, 0x0000000000000000, 47, 10.62 W
MemFree:        22700936 kB
MemAvailable:   56336080 kB
Cached:         37399784 kB
SwapFree:       16755828 kB
allocstall_dma 0
allocstall_dma32 0
allocstall_normal 31070
allocstall_movable 2265
allocstall_device 0
pgscan_direct 2246222
pgscan_direct_throttle 0
compact_stall 44681
2026-09-22T02:47:06Z
2398 MHz, 0x0000000000000000, 47, 10.64 W
MemFree:        22724256 kB
MemAvailable:   56359400 kB
Cached:         37399784 kB
SwapFree:       16755828 kB
allocstall_dma 0
allocstall_dma32 0
allocstall_normal 31070
allocstall_movable 2265
allocstall_device 0
pgscan_direct 2246222
pgscan_direct_throttle 0
compact_stall 44681
2026-09-22T02:47:07Z
2398 MHz, 0x0000000000000000, 47, 10.63 W
MemFree:        22716444 kB
MemAvailable:   56351588 kB
Cached:         37399784 kB
SwapFree:       16755828 kB
allocstall_dma 0
allocstall_dma32 0
allocstall_normal 31070
allocstall_movable 2265
allocstall_device 0
pgscan_direct 2246222
pgscan_direct_throttle 0
compact_stall 44681
2026-09-22T02:47:08Z
2398 MHz, 0x0000000000000000, 47, 10.62 W
MemFree:        22717172 kB
MemAvailable:   56352316 kB
Cached:         37399784 kB
SwapFree:       16755828 kB
allocstall_dma 0
allocstall_dma32 0
allocstall_normal 31070
allocstall_movable 2265
allocstall_device 0
pgscan_direct 2246222
pgscan_direct_throttle 0
compact_stall 44681
2026-09-22T02:47:09Z
2398 MHz, 0x0000000000000000, 47, 10.63 W
MemFree:        22717140 kB
MemAvailable:   56352284 kB
Cached:         37399784 kB
SwapFree:       16755828 kB
allocstall_dma 0
allocstall_dma32 0
allocstall_normal 31070
allocstall_movable 2265
allocstall_device 0
pgscan_direct 2246222
pgscan_direct_throttle 0
compact_stall 44681
2026-09-22T02:47:10Z
2398 MHz, 0x0000000000000000, 47, 10.62 W
MemFree:        22720692 kB
MemAvailable:   56355836 kB
Cached:         37399784 kB
SwapFree:       16755828 kB
allocstall_dma 0
allocstall_dma32 0
allocstall_normal 31070
allocstall_movable 2265
allocstall_device 0
pgscan_direct 2246222
pgscan_direct_throttle 0
compact_stall 44681
2026-09-22T02:47:11Z
2398 MHz, 0x0000000000000000, 47, 10.63 W
MemFree:        22717328 kB
MemAvailable:   56352472 kB
Cached:         37399784 kB
SwapFree:       16755828 kB
allocstall_dma 0
allocstall_dma32 0
allocstall_normal 31070
allocstall_movable 2265
allocstall_device 0
pgscan_direct 2246222
pgscan_direct_throttle 0
compact_stall 44681
2026-09-22T02:47:12Z
2398 MHz, 0x0000000000000000, 47, 10.64 W
MemFree:        22722112 kB
MemAvailable:   56357256 kB
Cached:         37399784 kB
SwapFree:       16755828 kB
allocstall_dma 0
allocstall_dma32 0
allocstall_normal 31070
allocstall_movable 2265
allocstall_device 0
pgscan_direct 2246222
pgscan_direct_throttle 0
compact_stall 44681
2026-09-22T02:47:13Z
2398 MHz, 0x0000000000000000, 47, 10.62 W
MemFree:        22720532 kB
MemAvailable:   56355676 kB
Cached:         37399784 kB
SwapFree:       16755828 kB
allocstall_dma 0
allocstall_dma32 0
allocstall_normal 31070
allocstall_movable 2265
allocstall_device 0
pgscan_direct 2246222
pgscan_direct_throttle 0
compact_stall 44681
2026-09-22T02:47:14Z
2398 MHz, 0x0000000000000000, 47, 10.62 W
MemFree:        22728120 kB
MemAvailable:   56363264 kB
Cached:         37399784 kB
SwapFree:       16755828 kB
allocstall_dma 0
allocstall_dma32 0
allocstall_normal 31070
allocstall_movable 2265
allocstall_device 0
pgscan_direct 2246222
pgscan_direct_throttle 0
compact_stall 44681
2026-09-22T02:47:15Z
2398 MHz, 0x0000000000000000, 47, 10.60 W
MemFree:        22733964 kB
MemAvailable:   56369108 kB
Cached:         37399784 kB
SwapFree:       16755828 kB
allocstall_dma 0
allocstall_dma32 0
allocstall_normal 31070
allocstall_movable 2265
allocstall_device 0
pgscan_direct 2246222
pgscan_direct_throttle 0
compact_stall 44681
2026-09-22T02:47:17Z
2398 MHz, 0x0000000000000000, 47, 10.63 W
MemFree:        22732344 kB
MemAvailable:   56367488 kB
Cached:         37399784 kB
SwapFree:       16755828 kB
allocstall_dma 0
allocstall_dma32 0
allocstall_normal 31070
allocstall_movable 2265
allocstall_device 0
pgscan_direct 2246222
pgscan_direct_throttle 0
compact_stall 44681
2026-09-22T02:47:18Z
2398 MHz, 0x0000000000000000, 47, 10.63 W
MemFree:        22724600 kB
MemAvailable:   56359744 kB
Cached:         37399784 kB
SwapFree:       16755828 kB
allocstall_dma 0
allocstall_dma32 0
allocstall_normal 31070
allocstall_movable 2265
allocstall_device 0
pgscan_direct 2246222
pgscan_direct_throttle 0
compact_stall 44681
2026-09-22T02:47:19Z
2398 MHz, 0x0000000000000000, 47, 10.59 W
MemFree:        22730252 kB
MemAvailable:   56365396 kB
Cached:         37399784 kB
SwapFree:       16755828 kB
allocstall_dma 0
allocstall_dma32 0
allocstall_normal 31070
allocstall_movable 2265
allocstall_device 0
pgscan_direct 2246222
pgscan_direct_throttle 0
compact_stall 44681
2026-09-22T02:47:20Z
2398 MHz, 0x0000000000000000, 47, 10.60 W
MemFree:        22728276 kB
MemAvailable:   56363420 kB
Cached:         37399784 kB
SwapFree:       16755828 kB
allocstall_dma 0
allocstall_dma32 0
allocstall_normal 31070
allocstall_movable 2265
allocstall_device 0
pgscan_direct 2246222
pgscan_direct_throttle 0
compact_stall 44681
2026-09-22T02:47:21Z
2398 MHz, 0x0000000000000000, 47, 10.61 W
MemFree:        22725564 kB
MemAvailable:   56360708 kB
Cached:         37399784 kB
SwapFree:       16755828 kB
allocstall_dma 0
allocstall_dma32 0
allocstall_normal 31070
allocstall_movable 2265
allocstall_device 0
pgscan_direct 2246222
pgscan_direct_throttle 0
compact_stall 44681
2026-09-22T02:47:22Z
2398 MHz, 0x0000000000000000, 47, 10.61 W
MemFree:        22730880 kB
MemAvailable:   56366024 kB
Cached:         37399784 kB
SwapFree:       16755828 kB
allocstall_dma 0
allocstall_dma32 0
allocstall_normal 31070
allocstall_movable 2265
allocstall_device 0
pgscan_direct 2246222
pgscan_direct_throttle 0
compact_stall 44681
2026-09-22T02:47:23Z
2398 MHz, 0x0000000000000000, 47, 10.60 W
MemFree:        22734048 kB
MemAvailable:   56369192 kB
Cached:         37399784 kB
SwapFree:       16755828 kB
allocstall_dma 0
allocstall_dma32 0
allocstall_normal 31070
allocstall_movable 2265
allocstall_device 0
pgscan_direct 2246222
pgscan_direct_throttle 0
compact_stall 44681
2026-09-22T02:47:24Z
2398 MHz, 0x0000000000000000, 47, 10.60 W
MemFree:        22730820 kB
MemAvailable:   56365964 kB
Cached:         37399784 kB
SwapFree:       16755828 kB
allocstall_dma 0
allocstall_dma32 0
allocstall_normal 31070
allocstall_movable 2265
allocstall_device 0
pgscan_direct 2246222
pgscan_direct_throttle 0
compact_stall 44681
2026-09-22T02:47:25Z
2398 MHz, 0x0000000000000000, 47, 10.63 W
MemFree:        22732444 kB
MemAvailable:   56367588 kB
Cached:         37399784 kB
SwapFree:       16755828 kB
allocstall_dma 0
allocstall_dma32 0
allocstall_normal 31070
allocstall_movable 2265
allocstall_device 0
pgscan_direct 2246222
pgscan_direct_throttle 0
compact_stall 44681
2026-09-22T02:47:26Z
2398 MHz, 0x0000000000000000, 47, 10.64 W
MemFree:        22730584 kB
MemAvailable:   56365728 kB
Cached:         37399784 kB
SwapFree:       16755828 kB
allocstall_dma 0
allocstall_dma32 0
allocstall_normal 31070
allocstall_movable 2265
allocstall_device 0
pgscan_direct 2246222
pgscan_direct_throttle 0
compact_stall 44681
2026-09-22T02:47:27Z
2398 MHz, 0x0000000000000000, 47, 10.58 W
MemFree:        22739516 kB
MemAvailable:   56374660 kB
Cached:         37399784 kB
SwapFree:       16755828 kB
allocstall_dma 0
allocstall_dma32 0
allocstall_normal 31070
allocstall_movable 2265
allocstall_device 0
pgscan_direct 2246222
pgscan_direct_throttle 0
compact_stall 44681
2026-09-22T02:47:28Z
2398 MHz, 0x0000000000000000, 47, 10.61 W
MemFree:        22736672 kB
MemAvailable:   56371816 kB
Cached:         37399784 kB
SwapFree:       16755828 kB
allocstall_dma 0
allocstall_dma32 0
allocstall_normal 31070
allocstall_movable 2265
allocstall_device 0
pgscan_direct 2246222
pgscan_direct_throttle 0
compact_stall 44681
2026-09-22T02:47:29Z
2398 MHz, 0x0000000000000000, 47, 10.59 W
MemFree:        22730752 kB
MemAvailable:   56365896 kB
Cached:         37399784 kB
SwapFree:       16755828 kB
allocstall_dma 0
allocstall_dma32 0
allocstall_normal 31070
allocstall_movable 2265
allocstall_device 0
pgscan_direct 2246222
pgscan_direct_throttle 0
compact_stall 44681
2026-09-22T02:47:30Z
2398 MHz, 0x0000000000000000, 47, 10.63 W
MemFree:        22734236 kB
MemAvailable:   56369380 kB
Cached:         37399784 kB
SwapFree:       16755828 kB
allocstall_dma 0
allocstall_dma32 0
allocstall_normal 31070
allocstall_movable 2265
allocstall_device 0
pgscan_direct 2246222
pgscan_direct_throttle 0
compact_stall 44681
2026-09-22T02:47:31Z
2398 MHz, 0x0000000000000000, 47, 10.61 W
MemFree:        22734524 kB
MemAvailable:   56369668 kB
Cached:         37399784 kB
SwapFree:       16755828 kB
allocstall_dma 0
allocstall_dma32 0
allocstall_normal 31070
allocstall_movable 2265
allocstall_device 0
pgscan_direct 2246222
pgscan_direct_throttle 0
compact_stall 44681
2026-09-22T02:47:32Z
2398 MHz, 0x0000000000000000, 47, 10.59 W
MemFree:        22740032 kB
MemAvailable:   56375176 kB
Cached:         37399784 kB
SwapFree:       16755828 kB
allocstall_dma 0
allocstall_dma32 0
allocstall_normal 31070
allocstall_movable 2265
allocstall_device 0
pgscan_direct 2246222
pgscan_direct_throttle 0
compact_stall 44681
2026-09-22T02:47:33Z
2398 MHz, 0x0000000000000000, 47, 10.61 W
MemFree:        22738060 kB
MemAvailable:   56373204 kB
Cached:         37399784 kB
SwapFree:       16755828 kB
allocstall_dma 0
allocstall_dma32 0
allocstall_normal 31070
allocstall_movable 2265
allocstall_device 0
pgscan_direct 2246222
pgscan_direct_throttle 0
compact_stall 44681
2026-09-22T02:47:34Z
2398 MHz, 0x0000000000000000, 47, 10.64 W
MemFree:        22743156 kB
MemAvailable:   56378300 kB
Cached:         37399784 kB
SwapFree:       16755828 kB
allocstall_dma 0
allocstall_dma32 0
allocstall_normal 31070
allocstall_movable 2265
allocstall_device 0
pgscan_direct 2246222
pgscan_direct_throttle 0
compact_stall 44681
2026-09-22T02:47:35Z
2398 MHz, 0x0000000000000000, 47, 10.67 W
MemFree:        22741840 kB
MemAvailable:   56376984 kB
Cached:         37399784 kB
SwapFree:       16755828 kB
allocstall_dma 0
allocstall_dma32 0
allocstall_normal 31070
allocstall_movable 2265
allocstall_device 0
pgscan_direct 2246222
pgscan_direct_throttle 0
compact_stall 44681
2026-09-22T02:47:36Z
2398 MHz, 0x0000000000000000, 47, 10.65 W
MemFree:        22739880 kB
MemAvailable:   56375024 kB
Cached:         37399784 kB
SwapFree:       16755828 kB
allocstall_dma 0
allocstall_dma32 0
allocstall_normal 31070
allocstall_movable 2265
allocstall_device 0
pgscan_direct 2246222
pgscan_direct_throttle 0
compact_stall 44681
2026-09-22T02:47:37Z
2398 MHz, 0x0000000000000000, 47, 10.67 W
MemFree:        22739940 kB
MemAvailable:   56375084 kB
Cached:         37399784 kB
SwapFree:       16755828 kB
allocstall_dma 0
allocstall_dma32 0
allocstall_normal 31070
allocstall_movable 2265
allocstall_device 0
pgscan_direct 2246222
pgscan_direct_throttle 0
compact_stall 44681
2026-09-22T02:47:38Z
2398 MHz, 0x0000000000000000, 47, 10.62 W
MemFree:        22745944 kB
MemAvailable:   56381088 kB
Cached:         37399784 kB
SwapFree:       16755828 kB
allocstall_dma 0
allocstall_dma32 0
allocstall_normal 31070
allocstall_movable 2265
allocstall_device 0
pgscan_direct 2246222
pgscan_direct_throttle 0
compact_stall 44681
2026-09-22T02:47:39Z
2398 MHz, 0x0000000000000000, 47, 10.63 W
MemFree:        22738480 kB
MemAvailable:   56373624 kB
Cached:         37399784 kB
SwapFree:       16755828 kB
allocstall_dma 0
allocstall_dma32 0
allocstall_normal 31070
allocstall_movable 2265
allocstall_device 0
pgscan_direct 2246222
pgscan_direct_throttle 0
compact_stall 44681
2026-09-22T02:47:40Z
2398 MHz, 0x0000000000000000, 47, 10.65 W
MemFree:        22722388 kB
MemAvailable:   56357532 kB
Cached:         37399784 kB
SwapFree:       16755828 kB
allocstall_dma 0
allocstall_dma32 0
allocstall_normal 31070
allocstall_movable 2265
allocstall_device 0
pgscan_direct 2246222
pgscan_direct_throttle 0
compact_stall 44681
2026-09-22T02:47:41Z
2398 MHz, 0x0000000000000000, 47, 10.59 W
MemFree:        22704592 kB
MemAvailable:   56339736 kB
Cached:         37399784 kB
SwapFree:       16755828 kB
allocstall_dma 0
allocstall_dma32 0
allocstall_normal 31070
allocstall_movable 2265
allocstall_device 0
pgscan_direct 2246222
pgscan_direct_throttle 0
compact_stall 44681
2026-09-22T02:47:42Z
2398 MHz, 0x0000000000000000, 47, 10.62 W
MemFree:        22717088 kB
MemAvailable:   56352232 kB
Cached:         37399784 kB
SwapFree:       16755828 kB
allocstall_dma 0
allocstall_dma32 0
allocstall_normal 31070
allocstall_movable 2265
allocstall_device 0
pgscan_direct 2246222
pgscan_direct_throttle 0
compact_stall 44681
2026-09-22T02:47:43Z
2398 MHz, 0x0000000000000000, 47, 10.63 W
MemFree:        22716268 kB
MemAvailable:   56351412 kB
Cached:         37399784 kB
SwapFree:       16755828 kB
allocstall_dma 0
allocstall_dma32 0
allocstall_normal 31070
allocstall_movable 2265
allocstall_device 0
pgscan_direct 2246222
pgscan_direct_throttle 0
compact_stall 44681
2026-09-22T02:47:44Z
2398 MHz, 0x0000000000000000, 47, 10.64 W
MemFree:        22719448 kB
MemAvailable:   56354592 kB
Cached:         37399784 kB
SwapFree:       16755828 kB
allocstall_dma 0
allocstall_dma32 0
allocstall_normal 31070
allocstall_movable 2265
allocstall_device 0
pgscan_direct 2246222
pgscan_direct_throttle 0
compact_stall 44681
2026-09-22T02:47:45Z
2398 MHz, 0x0000000000000000, 47, 10.64 W
MemFree:        22719896 kB
MemAvailable:   56355040 kB
Cached:         37399784 kB
SwapFree:       16755828 kB
allocstall_dma 0
allocstall_dma32 0
allocstall_normal 31070
allocstall_movable 2265
allocstall_device 0
pgscan_direct 2246222
pgscan_direct_throttle 0
compact_stall 44681
2026-09-22T02:47:46Z
2398 MHz, 0x0000000000000000, 47, 10.64 W
MemFree:        22720268 kB
MemAvailable:   56355412 kB
Cached:         37399784 kB
SwapFree:       16755828 kB
allocstall_dma 0
allocstall_dma32 0
allocstall_normal 31070
allocstall_movable 2265
allocstall_device 0
pgscan_direct 2246222
pgscan_direct_throttle 0
compact_stall 44681
2026-09-22T02:47:47Z
2398 MHz, 0x0000000000000000, 47, 10.68 W
MemFree:        22724792 kB
MemAvailable:   56359936 kB
Cached:         37399784 kB
SwapFree:       16755828 kB
allocstall_dma 0
allocstall_dma32 0
allocstall_normal 31070
allocstall_movable 2265
allocstall_device 0
pgscan_direct 2246222
pgscan_direct_throttle 0
compact_stall 44681
2026-09-22T02:47:48Z
2398 MHz, 0x0000000000000000, 47, 10.67 W
MemFree:        22723476 kB
MemAvailable:   56358620 kB
Cached:         37399784 kB
SwapFree:       16755828 kB
allocstall_dma 0
allocstall_dma32 0
allocstall_normal 31070
allocstall_movable 2265
allocstall_device 0
pgscan_direct 2246222
pgscan_direct_throttle 0
compact_stall 44681
2026-09-22T02:47:49Z
2398 MHz, 0x0000000000000000, 47, 10.64 W
MemFree:        22728372 kB
MemAvailable:   56363516 kB
Cached:         37399784 kB
SwapFree:       16755828 kB
allocstall_dma 0
allocstall_dma32 0
allocstall_normal 31070
allocstall_movable 2265
allocstall_device 0
pgscan_direct 2246222
pgscan_direct_throttle 0
compact_stall 44681
2026-09-22T02:47:50Z
2398 MHz, 0x0000000000000000, 47, 10.64 W
MemFree:        22732496 kB
MemAvailable:   56367640 kB
Cached:         37399784 kB
SwapFree:       16755828 kB
allocstall_dma 0
allocstall_dma32 0
allocstall_normal 31070
allocstall_movable 2265
allocstall_device 0
pgscan_direct 2246222
pgscan_direct_throttle 0
compact_stall 44681
2026-09-22T02:47:51Z
2398 MHz, 0x0000000000000000, 47, 10.67 W
MemFree:        22732504 kB
MemAvailable:   56367648 kB
Cached:         37399784 kB
SwapFree:       16755828 kB
allocstall_dma 0
allocstall_dma32 0
allocstall_normal 31070
allocstall_movable 2265
allocstall_device 0
pgscan_direct 2246222
pgscan_direct_throttle 0
compact_stall 44681
2026-09-22T02:47:53Z
2398 MHz, 0x0000000000000000, 47, 10.65 W
MemFree:        22744600 kB
MemAvailable:   56379744 kB
Cached:         37399784 kB
SwapFree:       16755828 kB
allocstall_dma 0
allocstall_dma32 0
allocstall_normal 31070
allocstall_movable 2265
allocstall_device 0
pgscan_direct 2246222
pgscan_direct_throttle 0
compact_stall 44681
2026-09-22T02:47:54Z
2398 MHz, 0x0000000000000000, 47, 10.66 W
MemFree:        22728100 kB
MemAvailable:   56363244 kB
Cached:         37399776 kB
SwapFree:       16755828 kB
allocstall_dma 0
allocstall_dma32 0
allocstall_normal 31070
allocstall_movable 2265
allocstall_device 0
pgscan_direct 2246222
pgscan_direct_throttle 0
compact_stall 44681
2026-09-22T02:47:55Z
2398 MHz, 0x0000000000000000, 47, 10.64 W
MemFree:        22741092 kB
MemAvailable:   56376244 kB
Cached:         37399784 kB
SwapFree:       16755828 kB
allocstall_dma 0
allocstall_dma32 0
allocstall_normal 31070
allocstall_movable 2265
allocstall_device 0
pgscan_direct 2246222
pgscan_direct_throttle 0
compact_stall 44681
2026-09-22T02:47:56Z
2398 MHz, 0x0000000000000000, 47, 10.64 W
MemFree:        22744352 kB
MemAvailable:   56379504 kB
Cached:         37399784 kB
SwapFree:       16755828 kB
allocstall_dma 0
allocstall_dma32 0
allocstall_normal 31070
allocstall_movable 2265
allocstall_device 0
pgscan_direct 2246222
pgscan_direct_throttle 0
compact_stall 44681
2026-09-22T02:47:57Z
2398 MHz, 0x0000000000000000, 47, 10.70 W
MemFree:        22732236 kB
MemAvailable:   56369340 kB
Cached:         37401644 kB
SwapFree:       16755828 kB
allocstall_dma 0
allocstall_dma32 0
allocstall_normal 31070
allocstall_movable 2265
allocstall_device 0
pgscan_direct 2246222
pgscan_direct_throttle 0
compact_stall 44681
2026-09-22T02:47:58Z
2398 MHz, 0x0000000000000000, 47, 10.64 W
MemFree:        22731468 kB
MemAvailable:   56368572 kB
Cached:         37401644 kB
SwapFree:       16755828 kB
allocstall_dma 0
allocstall_dma32 0
allocstall_normal 31070
allocstall_movable 2265
allocstall_device 0
pgscan_direct 2246222
pgscan_direct_throttle 0
compact_stall 44681
2026-09-22T02:47:59Z
2398 MHz, 0x0000000000000000, 47, 10.66 W
MemFree:        22730752 kB
MemAvailable:   56367856 kB
Cached:         37401644 kB
SwapFree:       16755828 kB
allocstall_dma 0
allocstall_dma32 0
allocstall_normal 31070
allocstall_movable 2265
allocstall_device 0
pgscan_direct 2246222
pgscan_direct_throttle 0
compact_stall 44681
2026-09-22T02:48:00Z
2398 MHz, 0x0000000000000000, 47, 10.66 W
MemFree:        22713988 kB
MemAvailable:   56351172 kB
Cached:         37401644 kB
SwapFree:       16755828 kB
allocstall_dma 0
allocstall_dma32 0
allocstall_normal 31070
allocstall_movable 2265
allocstall_device 0
pgscan_direct 2246222
pgscan_direct_throttle 0
compact_stall 44681
2026-09-22T02:48:01Z
2398 MHz, 0x0000000000000000, 47, 10.65 W
MemFree:        22728496 kB
MemAvailable:   56365680 kB
Cached:         37401644 kB
SwapFree:       16755828 kB
allocstall_dma 0
allocstall_dma32 0
allocstall_normal 31070
allocstall_movable 2265
allocstall_device 0
pgscan_direct 2246222
pgscan_direct_throttle 0
compact_stall 44681
2026-09-22T02:48:02Z
2398 MHz, 0x0000000000000000, 47, 10.66 W
MemFree:        22730644 kB
MemAvailable:   56367828 kB
Cached:         37401636 kB
SwapFree:       16755828 kB
allocstall_dma 0
allocstall_dma32 0
allocstall_normal 31070
allocstall_movable 2265
allocstall_device 0
pgscan_direct 2246222
pgscan_direct_throttle 0
compact_stall 44681
2026-09-22T02:48:03Z
2398 MHz, 0x0000000000000000, 47, 10.64 W
MemFree:        22728708 kB
MemAvailable:   56365892 kB
Cached:         37401644 kB
SwapFree:       16755828 kB
allocstall_dma 0
allocstall_dma32 0
allocstall_normal 31070
allocstall_movable 2265
allocstall_device 0
pgscan_direct 2246222
pgscan_direct_throttle 0
compact_stall 44681
2026-09-22T02:48:04Z
2398 MHz, 0x0000000000000000, 47, 10.65 W
MemFree:        22724172 kB
MemAvailable:   56361356 kB
Cached:         37401644 kB
SwapFree:       16755828 kB
allocstall_dma 0
allocstall_dma32 0
allocstall_normal 31070
allocstall_movable 2265
allocstall_device 0
pgscan_direct 2246222
pgscan_direct_throttle 0
compact_stall 44681
2026-09-22T02:48:05Z
2398 MHz, 0x0000000000000000, 47, 10.64 W
MemFree:        22707812 kB
MemAvailable:   56344996 kB
Cached:         37401644 kB
SwapFree:       16755828 kB
allocstall_dma 0
allocstall_dma32 0
allocstall_normal 31070
allocstall_movable 2265
allocstall_device 0
pgscan_direct 2246222
pgscan_direct_throttle 0
compact_stall 44681
2026-09-22T02:48:06Z
2398 MHz, 0x0000000000000000, 47, 10.73 W
MemFree:        25514856 kB
MemAvailable:   59152040 kB
Cached:         37401644 kB
SwapFree:       16755828 kB
allocstall_dma 0
allocstall_dma32 0
allocstall_normal 31070
allocstall_movable 2265
allocstall_device 0
pgscan_direct 2246222
pgscan_direct_throttle 0
compact_stall 44681
2026-09-22T02:48:07Z
2398 MHz, 0x0000000000000000, 47, 10.64 W
MemFree:        25793836 kB
MemAvailable:   59427084 kB
Cached:         33650804 kB
SwapFree:       16755828 kB
allocstall_dma 0
allocstall_dma32 0
allocstall_normal 31070
allocstall_movable 2265
allocstall_device 0
pgscan_direct 2246222
pgscan_direct_throttle 0
compact_stall 44681
2026-09-22T02:48:08Z
2398 MHz, 0x0000000000000000, 47, 11.43 W
MemFree:        87758304 kB
MemAvailable:   121391192 kB
Cached:         33611480 kB
SwapFree:       16755828 kB
allocstall_dma 0
allocstall_dma32 0
allocstall_normal 31070
allocstall_movable 2265
allocstall_device 0
pgscan_direct 2246222
pgscan_direct_throttle 0
compact_stall 44681
2026-09-22T02:48:09Z
2398 MHz, 0x0000000000000000, 47, 11.00 W
MemFree:        87750092 kB
MemAvailable:   121382996 kB
Cached:         33611480 kB
SwapFree:       16755828 kB
allocstall_dma 0
allocstall_dma32 0
allocstall_normal 31070
allocstall_movable 2265
allocstall_device 0
pgscan_direct 2246222
pgscan_direct_throttle 0
compact_stall 44681
2026-09-22T02:48:10Z
247 MHz, 0x0000000000000000, 46, 6.59 W
MemFree:        88856552 kB
MemAvailable:   122481056 kB
Cached:         33637128 kB
SwapFree:       16756012 kB
allocstall_dma 0
allocstall_dma32 0
allocstall_normal 31070
allocstall_movable 2265
allocstall_device 0
pgscan_direct 2246222
pgscan_direct_throttle 0
compact_stall 44681
2026-09-22T02:48:11Z
208 MHz, 0x0000000000000000, 46, 4.02 W
MemFree:        88846544 kB
MemAvailable:   122471108 kB
Cached:         33637128 kB
SwapFree:       16756012 kB
allocstall_dma 0
allocstall_dma32 0
allocstall_normal 31070
allocstall_movable 2265
allocstall_device 0
pgscan_direct 2246222
pgscan_direct_throttle 0
compact_stall 44681
2026-09-22T02:48:12Z
208 MHz, 0x0000000000000000, 46, 4.02 W
MemFree:        88848068 kB
MemAvailable:   122472632 kB
Cached:         33637128 kB
SwapFree:       16756012 kB
allocstall_dma 0
allocstall_dma32 0
allocstall_normal 31070
allocstall_movable 2265
allocstall_device 0
pgscan_direct 2246222
pgscan_direct_throttle 0
compact_stall 44681
2026-09-22T02:48:13Z
208 MHz, 0x0000000000000000, 46, 4.02 W
MemFree:        88849520 kB
MemAvailable:   122474084 kB
Cached:         33637128 kB
SwapFree:       16756012 kB
allocstall_dma 0
allocstall_dma32 0
allocstall_normal 31070
allocstall_movable 2265
allocstall_device 0
pgscan_direct 2246222
pgscan_direct_throttle 0
compact_stall 44681
2026-09-22T02:48:14Z
208 MHz, 0x0000000000000000, 46, 3.55 W
MemFree:        88846712 kB
MemAvailable:   122471332 kB
Cached:         33637128 kB
SwapFree:       16756012 kB
allocstall_dma 0
allocstall_dma32 0
allocstall_normal 31070
allocstall_movable 2265
allocstall_device 0
pgscan_direct 2246222
pgscan_direct_throttle 0
compact_stall 44681
2026-09-22T02:48:15Z
208 MHz, 0x0000000000000000, 46, 3.39 W
MemFree:        88851336 kB
MemAvailable:   122475956 kB
Cached:         33637128 kB
SwapFree:       16756012 kB
allocstall_dma 0
allocstall_dma32 0
allocstall_normal 31070
allocstall_movable 2265
allocstall_device 0
pgscan_direct 2246222
pgscan_direct_throttle 0
compact_stall 44681
2026-09-22T02:48:17Z
208 MHz, 0x0000000000000000, 46, 3.36 W
MemFree:        88855528 kB
MemAvailable:   122480156 kB
Cached:         33637128 kB
SwapFree:       16756012 kB
allocstall_dma 0
allocstall_dma32 0
allocstall_normal 31070
allocstall_movable 2265
allocstall_device 0
pgscan_direct 2246222
pgscan_direct_throttle 0
compact_stall 44681
2026-09-22T02:48:18Z
208 MHz, 0x0000000000000000, 46, 3.37 W
MemFree:        88860696 kB
MemAvailable:   122485324 kB
Cached:         33637128 kB
SwapFree:       16756012 kB
allocstall_dma 0
allocstall_dma32 0
allocstall_normal 31070
allocstall_movable 2265
allocstall_device 0
pgscan_direct 2246222
pgscan_direct_throttle 0
compact_stall 44681
2026-09-22T02:48:19Z
201 MHz, 0x0000000000000000, 46, 3.37 W
MemFree:        88859704 kB
MemAvailable:   122484332 kB
Cached:         33637128 kB
SwapFree:       16756012 kB
allocstall_dma 0
allocstall_dma32 0
allocstall_normal 31070
allocstall_movable 2265
allocstall_device 0
pgscan_direct 2246222
pgscan_direct_throttle 0
compact_stall 44681
2026-09-22T02:48:20Z
227 MHz, 0x0000000000000000, 46, 3.39 W
MemFree:        88859776 kB
MemAvailable:   122484404 kB
Cached:         33637128 kB
SwapFree:       16756012 kB
allocstall_dma 0
allocstall_dma32 0
allocstall_normal 31070
allocstall_movable 2265
allocstall_device 0
pgscan_direct 2246222
pgscan_direct_throttle 0
compact_stall 44681
2026-09-22T02:48:21Z
208 MHz, 0x0000000000000000, 46, 3.37 W
MemFree:        88858948 kB
MemAvailable:   122483576 kB
Cached:         33637128 kB
SwapFree:       16756012 kB
allocstall_dma 0
allocstall_dma32 0
allocstall_normal 31070
allocstall_movable 2265
allocstall_device 0
pgscan_direct 2246222
pgscan_direct_throttle 0
compact_stall 44681
2026-09-22T02:48:22Z
208 MHz, 0x0000000000000000, 45, 3.33 W
MemFree:        88856188 kB
MemAvailable:   122480816 kB
Cached:         33637128 kB
SwapFree:       16756012 kB
allocstall_dma 0
allocstall_dma32 0
allocstall_normal 31070
allocstall_movable 2265
allocstall_device 0
pgscan_direct 2246222
pgscan_direct_throttle 0
compact_stall 44681
2026-09-22T02:48:23Z
214 MHz, 0x0000000000000000, 45, 3.37 W
MemFree:        88871356 kB
MemAvailable:   122495984 kB
Cached:         33637128 kB
SwapFree:       16756012 kB
allocstall_dma 0
allocstall_dma32 0
allocstall_normal 31070
allocstall_movable 2265
allocstall_device 0
pgscan_direct 2246222
pgscan_direct_throttle 0
compact_stall 44681
2026-09-22T02:48:24Z
208 MHz, 0x0000000000000000, 45, 3.31 W
MemFree:        88861696 kB
MemAvailable:   122486324 kB
Cached:         33637128 kB
SwapFree:       16756012 kB
allocstall_dma 0
allocstall_dma32 0
allocstall_normal 31070
allocstall_movable 2265
allocstall_device 0
pgscan_direct 2246222
pgscan_direct_throttle 0
compact_stall 44681
2026-09-22T02:48:25Z
208 MHz, 0x0000000000000000, 45, 3.34 W
MemFree:        88867808 kB
MemAvailable:   122492436 kB
Cached:         33637128 kB
SwapFree:       16756012 kB
allocstall_dma 0
allocstall_dma32 0
allocstall_normal 31070
allocstall_movable 2265
allocstall_device 0
pgscan_direct 2246222
pgscan_direct_throttle 0
compact_stall 44681
2026-09-22T02:48:26Z
208 MHz, 0x0000000000000000, 45, 3.33 W
MemFree:        88859724 kB
MemAvailable:   122484352 kB
Cached:         33637128 kB
SwapFree:       16756012 kB
allocstall_dma 0
allocstall_dma32 0
allocstall_normal 31070
allocstall_movable 2265
allocstall_device 0
pgscan_direct 2246222
pgscan_direct_throttle 0
compact_stall 44681
